,X,Y,Z,X_r,Y_r,Z_r,G_x,G_y,G_z,dip,azimuth,polarity,surface,series,id,order_series,smooth
1,256.198395,344.0,-100.0,0.6346528802912108,0.6823215047715094,0.5341925203420648,0.671273,0.641262,0.371719,68.1783284107859,46.309834845012716,1,0,Default series,1,1,0.01
3,199.974075,351.877136,-157.355,0.5640825135348195,0.6922085496750311,0.4622029723081745,0.447513,0.563921,0.6940649999999999,46.04724345392161,38.43459911540996,1,0,Default series,1,1,0.01
4,61.93335,21.684322,-124.568,0.3908196872246365,0.27776462248649636,0.5033558153277397,-0.654601,0.659643,-0.369282,111.67134318347279,315.2198099462734,1,0,Default series,1,1,0.01
5,274.0,130.46524,-128.0,0.6569966950977288,0.4143017878867523,0.49904811540877336,0.29201,0.9528120000000001,-0.082946,94.75792218209253,17.03882464940317,1,0,Default series,1,1,0.01
6,91.941277,221.176559,-122.021,0.42848435642808824,0.5281587638499299,0.5065527010193501,-0.089229,-0.573854,0.814082,35.503306996527385,188.83819025138212,1,0,Default series,1,1,0.01
7,222.377396,135.949524,-107.37700000000001,0.5922022058589091,0.4211854270890799,0.5249332247994616,0.326241,-0.835915,0.44137600000000005,63.80829164966559,158.68028727395642,1,0,Default series,1,1,0.01
9,245.243591,196.0,-152.0,0.620902877871895,0.49655822155268337,0.4689243397516665,0.910792,0.383353,0.153293,81.1821907480132,67.17373987028303,1,0,Default series,1,1,0.01
17,254.10321000000002,48.0,-108.0,0.6320230935037051,0.31079493833385735,0.5241512617896958,0.560875,-0.410498,0.718965,44.03090509492872,126.1999703555793,1,0,Default series,1,1,0.01
18,89.94702099999999,186.874222,-154.019,0.42598125141363663,0.4851039345039933,0.4663901771245123,0.017744,0.234906,0.9718559999999999,13.625561343118004,4.319724909208859,1,0,Default series,1,1,0.01
23,250.0,58.0,-107.414,0.6268729194406218,0.3233465115243186,0.5248867839786568,0.17238399999999998,0.197873,0.964951,15.214305828393973,41.06189313900977,1,0,Default series,1,1,0.01
29,83.95931999999999,136.787476,-88.0143,0.4184657446792268,0.42223718867488924,0.5492364594209559,0.034526,-0.499821,0.86544,30.067014467089727,176.04847199138914,1,0,Default series,1,1,0.01
31,263.17431600000003,110.0,-100.0,0.6434087585914483,0.3886146921147169,0.5341925203420648,-0.6537569999999999,0.141291,0.743397,41.978402480662005,282.19528889036735,1,0,Default series,1,1,0.01
34,192.50256299999998,77.99568199999999,-130.0,0.5547045905636785,0.34844423813593733,0.4965378007706811,-0.684783,0.6423810000000001,0.344121,69.87185242016045,313.1700607319705,1,0,Default series,1,1,0.01
54,67.978409,195.897736,-88.7165,0.39840718727255214,0.49642986414460843,0.5483550879515217,0.43545600000000007,0.5489930000000001,0.713432,44.48515718204045,38.42111494470494,1,0,Default series,1,1,0.01
60,216.0,16.241158,-112.0,0.5841975705930538,0.27093259535312797,0.5191306325135113,-0.49605600000000005,-0.8513149999999999,0.170853,80.16258202899151,210.22909141574516,1,0,Default series,1,1,0.01
62,284.0,0.0,-156.667,0.66954826828819,0.2505473870196435,0.4630665205436782,0.282885,-0.45350799999999997,0.845166,32.31027423299227,148.04529396939597,1,0,Default series,1,1,0.01
74,225.999985,22.0,-82.7123,0.5967491249561552,0.27816084803865815,0.5558913035265385,-0.022006,-0.5266930000000001,0.8497709999999999,31.813229186690812,182.39250950084684,1,0,Default series,1,1,0.01
75,246.0,20.808941,-102.0,0.6218522901644373,0.2766658816173924,0.5316822057039725,0.860607,-0.503509,0.076377,85.61965443639401,120.33030780037345,1,0,Default series,1,1,0.01
79,225.999985,4.0,-150.18,0.5967491249561552,0.255568016295828,0.4712087260723304,0.42045200000000005,-0.561447,0.7127399999999999,44.54171118447147,143.17148365594224,1,0,Default series,1,1,0.01
86,183.996948,66.059166,-128.001,0.5440287056434401,0.33346203271462627,0.49904686025145434,-0.830942,0.48717200000000005,0.2687,74.41307608163832,300.3826190476976,1,0,Default series,1,1,0.01
90,222.0,47.034977000000005,-126.0,0.5917285145073304,0.30958368265235947,0.5015584300468656,-0.37299,0.79155,0.484074,61.04817879088979,334.7694970694546,1,0,Default series,1,1,0.01
97,278.0,310.0,-148.564,0.6620173243739133,0.6396461559239413,0.4732370602999089,0.004398,0.097342,0.9952409999999999,5.592009068933636,2.586916095157559,1,0,Default series,1,1,0.01
103,234.000015,60.0,-117.291,0.6067904211632437,0.3258568261624108,0.5124895951384383,-0.288197,0.625587,-0.7249720000000001,136.4665186128175,335.26530187871333,1,0,Default series,1,1,0.01
105,96.909615,155.787079,-86.0158,0.43472040223228325,0.4460846794393099,0.5517448913230696,0.9283239999999999,0.32463600000000004,0.18118,79.56150099215483,70.72520777642045,1,0,Default series,1,1,0.01
115,258.0,32.0,-157.987,0.6369141779929908,0.2907124212291194,0.46140971288253735,0.284957,-0.12186300000000001,0.9507620000000001,18.054527314535047,113.15416743667664,1,0,Default series,1,1,0.01
119,259.589905,52.0,-124.0,0.6389097588903289,0.3158155676100418,0.5040687446849579,0.908482,-0.41667200000000004,0.032336000000000004,88.1469606497345,114.63838653835607,1,0,Default series,1,1,0.01
122,45.957462,29.798527000000004,-165.832,0.3707674344731754,0.28794922628048697,0.4515630037146205,-0.220671,-0.25659,0.940992,19.78117725168578,220.6959931363283,1,0,Default series,1,1,0.01
130,133.933502,189.685013,-150.94899999999998,0.4811912049798698,0.48863191939995226,0.47024351009398396,-0.086184,-0.045357999999999996,0.995246,5.589068367394559,242.24250060433914,1,0,Default series,1,1,0.01
136,274.0,320.0,-150.799,0.6569966950977288,0.6521977291144025,0.47043178369184085,-0.03578,0.142692,0.9891200000000001,8.459537618920045,345.9233267729093,1,0,Default series,1,1,0.01
138,220.0,14.547660999999998,-96.0,0.5892181998692382,0.26880699019879534,0.5392131496182493,-0.280398,-0.933689,0.222716,77.13139299645538,196.7156424678031,1,0,Default series,1,1,0.01
143,296.0,52.0,-152.003,0.6846101561167435,0.3158155676100418,0.46892057427970935,-0.027757,0.011367,0.99955,1.7189378496715488,292.2699985516098,1,0,Default series,1,1,0.01
147,67.700737,37.674107,-124.024,0.398058665229458,0.29783431815922023,0.5040386209093007,-0.69928,-0.170749,-0.694155,133.95991982233213,256.278121859919,1,0,Default series,1,1,0.01
149,286.139404,186.0,-148.0,0.6722335568771866,0.4840066483622222,0.47394496902785094,0.15140499999999998,0.12800999999999998,-0.9801479999999999,168.56434984789487,49.78612642774671,1,0,Default series,1,1,0.01
153,53.960629000000004,114.597755,-142.014,0.38081266810877384,0.3943855979541478,0.481458340739661,-0.520646,-0.621436,0.585445,54.16556655594525,219.95664995894907,1,0,Default series,1,1,0.01
158,53.971924,135.86703500000002,-106.425,0.3808268451106924,0.4210818904169891,0.5261281345671934,-0.45180600000000004,-0.154228,0.878684,28.51597966160554,251.1522042560525,1,0,Default series,1,1,0.01
169,188.839722,293.808563,-140.014,0.5501071488740263,0.619323355267517,0.48396865537775324,0.236698,-0.9545450000000001,0.18115599999999998,79.56289922865366,166.07330696423074,1,0,Default series,1,1,0.01
171,113.94801299999999,57.753780000000006,-100.927,0.45610627218680405,0.32303746668922306,0.533028989507309,0.176979,-0.519555,0.835907,33.289600319390786,161.1893225055931,1,0,Default series,1,1,0.01
173,133.934143,197.688049,-151.9,0.48119200953571134,0.49867698860994186,0.46904985548357103,-0.0077859999999999995,0.264209,0.964434,15.326775460366497,358.3120337689835,1,0,Default series,1,1,0.01
183,222.0,11.223932000000001,-130.0,0.5917285145073304,0.26463518741791947,0.4965378007706811,0.24768600000000002,-0.961744,0.117051,83.27806222943249,165.55797216574794,1,0,Default series,1,1,0.01
185,252.0,29.730774,-148.0,0.6293832340787141,0.2878641856066496,0.47394496902785094,0.322948,-0.883901,-0.338266,109.77126458583346,159.92937923056152,1,0,Default series,1,1,0.01
186,19.990532,61.703444999999995,-166.003,0.33817485223051713,0.3279949176217533,0.45134837181306364,-0.000491,0.116692,0.993168,6.70130103491286,359.7589203911028,1,0,Default series,1,1,0.01
191,234.000015,100.62604499999999,-126.0,0.6067904211632437,0.3768489038880579,0.5015584300468656,-0.113096,0.981081,0.157125,80.95993986037043,353.42414460495127,1,0,Default series,1,1,0.01
201,272.0,191.546844,-108.0,0.6544863804596366,0.49096881020642924,0.5241512617896958,-0.279634,0.712384,0.6436729999999999,49.93374566830084,338.5683702918607,1,0,Default series,1,1,0.01
202,109.95449099999999,359.784424,-112.134,0.4510937738197323,0.7021334400820367,0.5189624414327592,-0.574248,0.734062,0.36248,68.74742035408433,321.9643493126905,1,0,Default series,1,1,0.01
203,187.998703,68.14331800000001,-120.0,0.5490515377207195,0.33607797135143086,0.5090893739611424,-0.858875,0.508309,0.062889,86.39434631087721,300.61836947375474,1,0,Default series,1,1,0.01
205,128.14505,223.248428,-125.469,0.47392578708612265,0.5307592853893847,0.5022249185832791,-0.44018100000000004,-0.879704,-0.179895,100.36364391413403,206.58219102538374,1,0,Default series,1,1,0.01
213,146.101547,209.554932,-154.339,0.4964640157201024,0.5135717936616558,0.4659885267824176,-0.300523,0.201431,0.932261,21.209947995095288,303.8326883406012,1,0,Default series,1,1,0.01
217,262.82980299999997,328.0,-132.0,0.6429763405779917,0.6622389876667715,0.4940274861325889,0.826577,-0.504791,-0.24891,104.41302098264636,121.41243388285507,1,0,Default series,1,1,0.01
231,71.965492,183.83656299999998,-156.32,0.4034116036816465,0.48129119457737696,0.46350206013338724,-0.31582899999999997,-0.114876,0.941836,19.637789571193327,250.01223246981232,1,0,Default series,1,1,0.01
234,229.990173,359.399445,-142.003,0.6017574386287252,0.7016502308725077,0.48147214747017053,-0.314884,0.946624,-0.068922,93.95207282085667,341.6008660744849,1,0,Default series,1,1,0.01
237,69.960449,152.663757,-102.014,0.40089495928519436,0.4421644189712721,0.531664633501506,-0.21396500000000002,0.463621,0.8598110000000001,30.704631397836682,335.22627794169,1,0,Default series,1,1,0.01
245,110.25315900000001,21.706221,-118.022,0.45146864914589724,0.2777921091766261,0.5115720751382156,0.6080810000000001,-0.678715,-0.41180500000000003,114.31827261875073,138.14189099943678,1,0,Default series,1,1,0.01
253,181.999619,27.998175,-158.57299999999998,0.541521743530547,0.28568950129082765,0.4606741906935763,0.176559,-0.109124,0.9782219999999999,11.979479949978794,121.71853977373426,1,0,Default series,1,1,0.01
256,47.992203,203.963089,-97.2754,0.3733213545316887,0.506553150993249,0.5376123219735378,0.166746,0.598258,0.783762,38.39367706124148,15.574175273674918,1,0,Default series,1,1,0.01
257,77.969368,265.854919,-120.539,0.4109474125856919,0.5842371344069074,0.5084128441661765,-0.225421,0.924617,0.307033,72.1194840534473,346.29861543129994,1,0,Default series,1,1,0.01
263,107.58573899999999,31.653513,-136.026,0.4481206174099272,0.2902775255351151,0.4889742227661092,0.9869829999999999,0.151823,0.053049,86.95908876679655,81.25500246091978,1,0,Default series,1,1,0.01
268,252.0,30.527915999999998,-142.0,0.6293832340787141,0.2888647242222687,0.48147591294212766,0.25095500000000004,-0.842623,0.476454,61.54593789191182,163.4151025498019,1,0,Default series,1,1,0.01
269,91.927391,0.366973,-158.026,0.428466927313556,0.2510079958664858,0.4613607617470945,0.748314,-0.649654,-0.134075,97.70513503309724,130.9631088549415,1,0,Default series,1,1,0.01
272,206.526321,38.0,-86.0,0.5723066130579102,0.2982433651433961,0.5517647228087105,-0.8481479999999999,-0.198543,0.491147,60.58400153014426,256.8248670562866,1,0,Default series,1,1,0.01
273,242.0,32.0,-92.6177,0.6168316608882529,0.2907124212291194,0.543458468218459,0.556145,-0.05251,0.829425,33.96028316643154,95.3937527354218,1,0,Default series,1,1,0.01
275,193.99856599999998,125.993202,-95.4583,0.5565823096784435,0.40868867665999997,0.5398930683379766,0.18446300000000002,-0.2679,0.945623,18.98161408998475,145.45057928191247,1,0,Default series,1,1,0.01
276,163.96191399999998,150.820541,-116.01299999999999,0.5188815860810022,0.43985089291828916,0.5140936861921792,0.690552,0.641831,-0.333455,109.47861465093752,47.09419098437302,1,0,Default series,1,1,0.01
279,258.0,59.78195600000001,-152.0,0.6369141779929908,0.3255831466399367,0.4689243397516665,0.751009,0.547597,-0.36894899999999997,111.65081398955854,53.90239987566885,1,0,Default series,1,1,0.01
292,22.0,232.0,-157.39600000000002,0.3406970506981061,0.5417438850383438,0.4621515108580936,0.09592200000000001,0.465437,0.879868,28.37355555705589,11.645057510833372,1,0,Default series,1,1,0.01
299,218.368423,361.9328,-154.005,0.5871703140561009,0.7048299899424997,0.466407749326979,-0.283997,-0.199309,0.937882,20.30114520735585,234.93883472691144,1,0,Default series,1,1,0.01
301,163.947968,240.59403999999998,-148.018,0.5188640816570308,0.5525307572445188,0.4739223761961081,0.56962,-0.821564,-0.023768,91.36193433816122,145.26503244684469,1,0,Default series,1,1,0.01
307,198.0,56.0,-103.175,0.5616047388502236,0.32083619688622633,0.5302073958540934,-0.146068,0.087644,0.9853850000000001,9.807705069031037,300.9646794740996,1,0,Default series,1,1,0.01
308,67.99762700000001,343.98877000000005,-147.178,0.3984313088859096,0.6823074093548166,0.4749767083441069,0.121295,-0.074488,0.989818,8.18320376233998,121.55433973646271,1,0,Default series,1,1,0.01
310,199.970459,297.807343,-138.01,0.5640779748859538,0.6243424532517723,0.4864839906451217,0.404763,-0.8543709999999999,-0.325909,109.02065556845523,154.6504859219593,1,0,Default series,1,1,0.01
313,53.960754,183.921478,-156.006,0.3808128250034387,0.4813977762611238,0.4638961795315677,0.536501,-0.395437,-0.745517,138.2035245483923,126.3926895822052,1,0,Default series,1,1,0.01
315,14.458169,77.970123,-124.00200000000001,0.33123086631944715,0.34841215757001986,0.5040662343703197,0.886999,0.210208,0.41115100000000004,65.72284064818164,76.66756111757925,1,0,Default series,1,1,0.01
324,57.946971999999995,43.748847999999995,-162.506,0.38581615570145206,0.3054590737866798,0.4557376569577679,-0.001356,-0.050306000000000003,0.998733,2.884508364057066,181.54403587306842,1,0,Default series,1,1,0.01
330,158.441803,232.376404,-126.726,0.5119529783574052,0.542216331273862,0.5006471858332381,0.9352299999999999,-0.34517600000000004,0.078726,85.48466006246514,110.25816577502043,1,0,Default series,1,1,0.01
337,218.0,3.190521,-146.0,0.5867078852311459,0.2545519928043638,0.4764552836659432,0.284114,-0.76772,0.574357,54.94538506022982,159.6917452664241,1,0,Default series,1,1,0.01
352,135.931763,153.616074,-116.024,0.4836993368993842,0.44335972662387413,0.5140798794616698,-0.579629,0.754163,-0.308656,107.97825346973336,322.45510796801943,1,0,Default series,1,1,0.01
356,47.999996,396.0,-135.125,0.373331135972676,0.7475896853619077,0.49010511951056973,-0.016145,0.096514,0.995201,5.615479418292128,350.5034098126344,1,0,Default series,1,1,0.01
360,255.01097099999998,284.0,-130.0,0.6331624763667997,0.6070120656287421,0.4965378007706811,-0.565607,0.82365,-0.041097,92.35534798429785,325.52230437909145,1,0,Default series,1,1,0.01
362,109.63803899999999,31.669096000000003,-128.025,0.45069657677580555,0.29029708465161774,0.4990167364757972,0.8610770000000001,-0.035414999999999995,-0.507239,120.48009528864422,92.35517503239986,1,0,Default series,1,1,0.01
367,174.150681,77.95725999999999,-112.00299999999999,0.5316700915531077,0.34839601248142493,0.5191268670415542,0.20312,-0.978677,-0.030543,91.75025719411605,168.2749801169194,1,0,Default series,1,1,0.01
369,224.82016000000002,56.0,-106.0,0.5952682589722116,0.32083619688622633,0.5266615764277881,0.034705,0.996767,0.072461,85.84464875090688,1.9940940098377118,1,0,Default series,1,1,0.01
378,206.0,28.0,-108.915,0.5716459974025925,0.2856917919529349,0.5230027928427686,-0.647908,-0.346783,-0.678201,132.70322228404638,241.8427542103256,1,0,Default series,1,1,0.01
379,194.0,4.0,-153.494,0.556584109574039,0.255568016295828,0.46704913471701154,-0.33902,-0.143234,0.9298120000000001,21.59447182572013,247.09622183741666,1,0,Default series,1,1,0.01
382,266.0,48.0,-150.849,0.6469554365453598,0.31079493833385735,0.4703690258258886,0.484467,0.12881099999999998,-0.865274,149.9140072083394,75.11057039795652,1,0,Default series,1,1,0.01
386,62.0,384.0,-136.339,0.3909033434599509,0.7325277975333543,0.48858135852524776,0.021084000000000002,-0.371861,0.928049,21.867296209495514,176.75488363903654,1,0,Default series,1,1,0.01
399,65.979752,213.90411400000002,-157.299,0.3958985583107394,0.5190307012808195,0.462273261118041,-0.14406,0.164325,0.97583,12.622767967668809,318.75968995775713,1,0,Default series,1,1,0.01
402,294.0,69.393478,-152.0,0.6820998414786512,0.33764711882540954,0.4689243397516665,-0.167016,0.12229300000000001,0.978341,11.946586377777548,306.2124558217844,1,0,Default series,1,1,0.01
404,290.0,100.0,-109.88799999999999,0.6770792122024667,0.3760631189242557,0.5217815247713368,0.7622270000000001,-0.32698499999999997,0.558652,56.03737426726075,113.21867314912846,1,0,Default series,1,1,0.01
408,214.0,11.629642,-120.0,0.5816872559549615,0.26514441729382965,0.5090893739611424,-0.385411,-0.782794,0.48856099999999997,60.753955911285686,206.21346900669388,1,0,Default series,1,1,0.01
417,254.0,118.008255,-122.0,0.6318935487168064,0.39866631199075464,0.5065790593230501,-0.65333,0.650682,0.387004,67.2317924931782,314.8836521323348,1,0,Default series,1,1,0.01
426,296.0,86.0,-149.094,0.6846101561167435,0.35849091645761,0.4725718269208145,0.32874200000000003,-0.529868,0.781772,38.57689440348516,148.18360687592,1,0,Default series,1,1,0.01
428,225.999985,12.309198,-106.0,0.5967491249561552,0.2659973669809314,0.5266615764277881,-0.018137999999999998,-0.9740120000000001,-0.225768,103.04804342463086,181.0668356721548,1,0,Default series,1,1,0.01
431,246.0,64.925285,-116.0,0.6218522901644373,0.3320388336785489,0.5141100032373268,0.002113,0.648359,-0.7613310000000001,139.58167682262504,0.18672610929666625,1,0,Default series,1,1,0.01
432,269.478363,40.0,-144.0,0.651321329323109,0.30075367978148837,0.4789655983040354,0.8522790000000001,-0.523027,-0.007996,90.45814193503674,121.53662880623585,1,0,Default series,1,1,0.01
433,230.0,13.274841,-108.0,0.6017697730596994,0.26720940085996703,0.5241512617896958,0.181137,-0.878906,-0.44126400000000005,116.18455715095106,168.35474894569415,1,0,Default series,1,1,0.01
445,69.549965,175.82849099999999,-104.01299999999999,0.400379737288243,0.47123980439512864,0.5291555740207328,0.632224,-0.7722859999999999,0.062194000000000006,86.43424498552592,140.6948809040603,1,0,Default series,1,1,0.01
448,71.134354,35.650261,-130.026,0.40236839473780917,0.295294073039698,0.4965051666803859,-0.9802049999999999,-0.19273099999999999,-0.045301,92.59644468686868,258.87622520888567,1,0,Default series,1,1,0.01
456,183.98199499999998,179.882507,-152.006,0.5440099372760484,0.47632823224905874,0.46891680880775216,-0.594445,0.474649,0.649109,49.52554206887989,308.6064627739316,1,0,Default series,1,1,0.01
458,230.0,60.0,-110.969,0.6017697730596994,0.3258568261624108,0.5204246997094479,-0.30651799999999996,0.729858,0.6110270000000001,52.336201148267,337.2190863965328,1,0,Default series,1,1,0.01
459,233.984283,392.762421,-128.006,0.6067706750283005,0.7435260143840677,0.4990405844648591,0.877026,-0.466898,0.11327899999999999,83.4956296566856,118.02927742141752,1,0,Default series,1,1,0.01
466,85.979347,323.902191,-141.36700000000002,0.42100119635294764,0.6570955927083684,0.48227042752508387,0.43994799999999995,0.302433,0.845565,32.26747842618424,55.49424067048582,1,0,Default series,1,1,0.01
479,11.990132000000001,17.953267999999998,-170.905,0.32813309161522053,0.27308156275064005,0.4451955906350995,0.15070799999999998,-0.116177,0.981728,10.96968573065497,127.62772409474306,1,0,Default series,1,1,0.01
484,212.48214700000003,54.0,-126.0,0.5797821116527754,0.3183258822481341,0.5015584300468656,0.7035319999999999,-0.704458,0.093706,84.62315317016197,135.03768200355086,1,0,Default series,1,1,0.01
501,165.923248,348.948486,-106.027,0.5213433688061963,0.6885326331926067,0.5266276871801738,0.42901300000000003,-0.762105,0.48491599999999996,60.99303089519109,150.62346405362084,1,0,Default series,1,1,0.01
504,228.0,14.0,-97.3518,0.5992594584216072,0.2681195894862892,0.5375164279543627,0.130635,-0.9365620000000001,0.32524899999999995,71.01933874350615,172.0594127969063,1,0,Default series,1,1,0.01
505,202.0,60.0,-102.944,0.566625368126408,0.3258568261624108,0.530497337194793,-0.237085,0.095077,0.966825,14.799638564106354,291.8520167971679,1,0,Default series,1,1,0.01
509,262.0,80.651466,-120.0,0.6419348072691753,0.35177766486134293,0.5090893739611424,0.13542,-0.9643229999999999,0.22747199999999998,76.85171663536852,172.00622039801422,1,0,Default series,1,1,0.01
514,224.269882,104.0,-156.0,0.5945775735130014,0.38108374820044016,0.46390371047548196,-0.375472,-0.356894,0.8553639999999999,31.200028774740662,226.45311601164454,1,0,Default series,1,1,0.01
516,69.169495,89.696526,-136.023,0.3999021875830655,0.36313063812155427,0.4889779882380663,-0.620628,0.775203,0.11781900000000001,83.23375247140542,321.3192144710243,1,0,Default series,1,1,0.01
521,284.0,64.0,-153.105,0.66954826828819,0.33087745543859526,0.4675373909141205,-0.24067,0.209485,0.947731,18.60671892064389,311.037101125561,1,0,Default series,1,1,0.01
527,153.97825600000002,47.897018,-157.619,0.5063505246714488,0.3106656797228273,0.4618716107759463,0.057508000000000004,0.05703300000000001,0.996715,4.645412422531532,45.23760347174821,1,0,Default series,1,1,0.01
530,254.0,2.0,-155.55,0.6318935487168064,0.2530577016577358,0.4644685312690527,-0.132157,0.002583,0.991225,7.595900772637039,271.11969973503005,1,0,Default series,1,1,0.01
532,129.948792,85.550514,-162.018,0.47618976705909355,0.3579267408149012,0.4563501737294624,0.042029000000000004,0.8847219999999999,-0.46421999999999997,117.65975346342374,2.71980947734959,1,0,Default series,1,1,0.01
533,76.88059200000001,141.832947,-88.0124,0.4095808274204901,0.42857004852857417,0.5492388442198621,-0.539938,-0.113113,0.8340700000000001,33.48087593306113,258.16806925006654,1,0,Default series,1,1,0.01
551,223.765579,60.0,-114.0,0.5939445939115346,0.3258568261624108,0.5166203178754191,0.9723149999999999,0.203719,-0.114461,96.57253734029017,78.16658855439866,1,0,Default series,1,1,0.01
562,212.0,42.0,-79.1713,0.5791769413168693,0.30326399441958063,0.5603358155932807,-0.37146,0.070704,0.925753,22.21782376827345,280.77681292632917,1,0,Default series,1,1,0.01
564,206.0,40.0,-86.322,0.5716459974025925,0.30075367978148837,0.5513605621519776,-0.8866450000000001,-0.050197000000000006,0.45971899999999993,62.6310234262258,266.7596847281393,1,0,Default series,1,1,0.01
571,237.992798,355.36138900000003,-106.00299999999999,0.6118019919690566,0.6965818353293896,0.526657810955831,0.139731,0.9432159999999999,-0.30136199999999996,107.53942637377179,8.426689430601618,1,0,Default series,1,1,0.01
583,147.404282,157.757263,-154.018,0.4980991530901299,0.44855757030677745,0.4663914322818314,-0.232225,0.954026,-0.18949000000000002,100.9230226856128,346.31935887354734,1,0,Default series,1,1,0.01
590,78.931374,167.76843300000002,-152.017,0.4121548814575582,0.46112316360449246,0.46890300207724267,-0.6819149999999999,0.698235,-0.21785300000000002,102.58296058102107,315.6774796530075,1,0,Default series,1,1,0.01
591,198.0,76.81118000000001,-116.0,0.5616047388502236,0.3469575017812126,0.5141100032373268,-0.270972,0.953076,-0.13498,97.75746338749681,344.1288541065719,1,0,Default series,1,1,0.01
596,2.0,211.64944500000001,-160.0,0.31559390431718365,0.5162007369834432,0.4588830811992975,-0.047251999999999995,-0.354065,0.934026,20.92864605369411,187.60153309224108,1,0,Default series,1,1,0.01
609,0.0,392.0,-122.539,0.31308358967909145,0.7425690560857232,0.5059025295280842,0.443859,-0.771429,0.455946,62.87418193352173,150.08506295689332,1,0,Default series,1,1,0.01
611,244.0,186.55071999999998,-160.0,0.6193419755263452,0.48469788860096724,0.4588830811992975,0.6098680000000001,-0.167105,0.7746850000000001,39.22351768759612,105.32307228010868,1,0,Default series,1,1,0.01
614,278.0,192.48588600000002,-138.0,0.6620173243739133,0.49214745564562096,0.4864965422183122,-0.064662,0.997907,3.9e-05,89.99776546459842,356.29255283173217,1,0,Default series,1,1,0.01
619,280.0,16.0,-154.577,0.6645276390120055,0.2706299041243815,0.4656897993404846,0.026362,0.076731,0.9967030000000001,4.653894119065495,18.96087024784977,1,0,Default series,1,1,0.01
625,76.62661700000001,31.684997999999997,-164.023,0.4092620488403854,0.2903170441633052,0.4538335833047749,-0.8052279999999999,-0.23054899999999998,-0.5463100000000001,123.11422998046812,254.02277882459586,1,0,Default series,1,1,0.01
644,288.0,4.0,-155.739,0.6745688975643744,0.255568016295828,0.464231306535753,0.17990699999999998,-0.394911,0.900932,25.719153813025493,155.50772650668253,1,0,Default series,1,1,0.01
648,270.0,122.885811,-100.0,0.6519760658215443,0.4047884121032119,0.5341925203420648,0.214069,0.950558,0.224977,76.99847431564598,12.691481526591943,1,0,Default series,1,1,0.01
651,65.93589,18.794829999999997,-116.023,0.3958435046004114,0.2741378554543711,0.5140811346189887,-0.350641,0.390217,0.851341,31.6421751394791,318.0577851218372,1,0,Default series,1,1,0.01
654,125.78703300000001,51.725029,-124.02,0.47096610479013745,0.3154704357468664,0.504043641538577,0.744901,-0.6657069999999999,-0.044232,92.53513403032977,131.78668791450215,1,0,Default series,1,1,0.01
656,212.0,50.0,-111.02,0.5791769413168693,0.31330525297194955,0.5203606866861765,-0.22348,-0.391604,-0.892582,153.19951476989348,209.71247543337964,1,0,Default series,1,1,0.01
661,238.0,35.354198,-88.0,0.6118110316120684,0.29492246739834926,0.5492544081706182,0.964042,-0.173328,0.201445,78.3785285729118,100.1924851022447,1,0,Default series,1,1,0.01
664,236.319473,139.28566,-109.7,0.6097017058481637,0.42537280260681315,0.5220174943473174,-0.054462,-0.9273889999999999,0.370113,68.27741354706363,183.36090133319422,1,0,Default series,1,1,0.01
667,203.951874,46.0,-128.0,0.5690752770633638,0.3082846236957651,0.49904811540877336,0.35885900000000004,-0.726595,0.585901,54.13333293782565,153.71563139058665,1,0,Default series,1,1,0.01
671,214.0,32.0,-81.2703,0.5816872559549615,0.2907124212291194,0.557701240380603,-0.469613,-0.295209,0.8320549999999999,33.68958146828839,237.84563351026299,1,0,Default series,1,1,0.01
678,77.984749,319.92776499999997,-136.833,0.41096671816041613,0.6521070628254612,0.487961310809639,0.35925100000000004,0.176732,0.9163540000000001,23.601249296368394,63.80531685830534,1,0,Default series,1,1,0.01
685,240.0,52.0,-95.084,0.6143213462501607,0.3158155676100418,0.5403628737224955,0.603486,0.464916,0.647809,49.623387169792096,52.3899166721831,1,0,Default series,1,1,0.01
687,189.724625,81.990143,-138.001,0.5512178413511222,0.35345791509573166,0.4864952870609931,0.7377090000000001,0.669271,-0.088665,95.08681017448305,47.78477333434669,1,0,Default series,1,1,0.01
689,20.0,178.0,-165.37900000000002,0.3381867360600138,0.4739653898098532,0.45213158998014835,0.223822,-0.125219,0.9665530000000001,14.860526429916312,119.22517860622665,1,0,Default series,1,1,0.01
691,62.74463299999999,37.696125,-154.023,0.39183797501990425,0.297861954213071,0.46638515649523615,-0.931736,-0.343065,0.119058,83.1622597866497,249.78630365403478,1,0,Default series,1,1,0.01
696,266.0,10.0,-155.082,0.6469554365453598,0.2630989602101047,0.4650559448943663,-0.12905999999999998,0.1079,0.985749,9.684504694384831,309.8971493688822,1,0,Default series,1,1,0.01
698,242.064285,182.611725,-129.216,0.6169123486765078,0.47975383019703116,0.4975218441088133,-0.218216,0.870367,0.44141099999999994,63.80605680982612,345.9250863268017,1,0,Default series,1,1,0.01
705,193.99856599999998,119.993202,-99.0991,0.5565823096784435,0.40115773274572325,0.5353232915707934,-0.0036439999999999997,-0.700282,0.713857,44.45039568594968,180.29814265695896,1,0,Default series,1,1,0.01
711,11.966498,47.972590999999994,-168.002,0.3281034272271422,0.3107605357268996,0.4488393123322904,-0.540587,-0.151558,0.8275239999999999,34.1547732781241,254.3387238479596,1,0,Default series,1,1,0.01
713,220.0,17.04435,-88.0,0.5892181998692382,0.27194072767052724,0.5492544081706182,-0.402065,-0.6966640000000001,0.59414,53.54865109635886,209.99049089056774,1,0,Default series,1,1,0.01
714,262.923737,342.0,-136.0,0.643094242525599,0.6798111901334172,0.4890068568564044,0.769703,0.18628699999999998,-0.610618,127.63420181385501,76.39463821238003,1,0,Default series,1,1,0.01
718,45.714672,121.894035,-158.00799999999998,0.37046269482768424,0.40354357719795764,0.4613833545788374,-0.542797,-0.23573000000000002,0.806103,36.28308719801497,246.52529207235912,1,0,Default series,1,1,0.01
721,272.0,130.381744,-130.0,0.6544863804596366,0.41419698727124127,0.4965378007706811,0.035021,0.967618,-0.24997600000000003,104.47609199463527,2.072801488774392,1,0,Default series,1,1,0.01
722,93.944389,31.736603000000002,-101.10600000000001,0.4309985771157574,0.2903818165567546,0.5328043163471997,0.241484,0.201521,0.94925,18.331993278906484,50.15463805651677,1,0,Default series,1,1,0.01
724,201.086823,40.0,-104.0,0.5654791873312734,0.30075367978148837,0.5291718910658803,-0.861591,0.15561,-0.483162,118.89212167886052,280.2376980760758,1,0,Default series,1,1,0.01
728,35.95816,5.32177,-160.015,0.3582167373825229,0.25722704558542353,0.4588642538395118,-0.15118199999999998,0.97698,-0.150513,98.65665682017286,351.2035793150317,1,0,Default series,1,1,0.01
731,68.895172,1.684893,-116.023,0.3995578690618328,0.25266219280040303,0.5140811346189887,0.639809,-0.636203,0.43115,64.45943580963551,134.83808300320155,1,0,Default series,1,1,0.01
735,9.993265,31.9681,-168.845,0.3256267093850088,0.2906723817106418,0.4477812147123345,-0.015064,-0.12532100000000002,0.992002,7.251339065422979,186.854257024688,1,0,Default series,1,1,0.01
739,225.999985,51.063164,-128.0,0.5967491249561552,0.3146396910478959,0.49904811540877336,-0.44673999999999997,0.645435,0.619546,51.71701143646055,325.31082472604174,1,0,Default series,1,1,0.01
741,254.74937400000002,397.999725,-154.0,0.6328341309776092,0.7500996548317372,0.4664140251135742,-0.153872,0.314905,0.936567,20.517202610407427,333.9584821671634,1,0,Default series,1,1,0.01
750,71.94345899999999,85.732185,-160.563,0.403383948800436,0.3581547665002096,0.4581764276286745,-0.21452,-0.16026300000000002,0.963482,15.531796484353464,233.23742999184296,1,0,Default series,1,1,0.01
753,55.976879000000004,191.101044,-122.008,0.38334337905330057,0.49040926107359845,0.5065690180644977,0.8360559999999999,0.532366,0.132654,82.37701612864419,57.51269612597417,1,0,Default series,1,1,0.01
763,141.935654,161.583527,-142.023,0.49123516463078937,0.45336013357098015,0.4814470443237896,-0.21455,0.9682069999999999,-0.12862,97.3898546740698,347.5054332805571,1,0,Default series,1,1,0.01
765,256.0,56.0,-108.954,0.6344038633548986,0.32083619688622633,0.5229538417073258,0.502575,0.09438099999999999,0.859367,30.754416188084697,79.36402532307632,1,0,Default series,1,1,0.01
769,250.0,73.193398,-156.0,0.6268729194406218,0.34241661622519926,0.46390371047548196,0.339303,-0.934686,0.10599700000000001,83.91538897420018,160.04845382202228,1,0,Default series,1,1,0.01
774,177.976135,185.88696299999998,-154.624,0.5364716381398821,0.4838647691443491,0.46563080694648945,-0.055203999999999996,-0.063061,0.996482,4.80742979389574,221.19910893903156,1,0,Default series,1,1,0.01
775,7.998372,86.823746,-118.001,0.32312280483534495,0.35952484727854495,0.5115984334419156,0.5718300000000001,0.763965,0.29894499999999996,72.60575159684664,36.814959711938585,1,0,Default series,1,1,0.01
776,121.94654799999999,43.746849,-161.276,0.4661456919337006,0.305456564727199,0.4572815004601946,-0.24608400000000002,-0.307783,0.919082,23.20775655386656,218.64364078048933,1,0,Default series,1,1,0.01
779,224.0,11.947102000000001,-116.0,0.5942388291454227,0.26554287953633404,0.5141100032373268,0.043483,-0.773402,0.632423,50.77088582196678,176.7820457829259,1,0,Default series,1,1,0.01
785,292.0,34.0,-153.827,0.679589526840559,0.29322273586721165,0.46663116732976917,-0.05364,-0.12490599999999999,0.990718,7.812587819393671,203.24076281023073,1,0,Default series,1,1,0.01
788,109.94823500000001,62.509624,-98.0182,0.4510859215555444,0.3290067990940646,0.5366799911169504,-0.19456800000000002,-0.38652600000000004,0.9015219999999999,25.64114583809065,206.71959699243877,1,0,Default series,1,1,0.01
795,286.0,300.0867,-148.0,0.6720585829262823,0.6272034048730414,0.47394496902785094,0.29096500000000003,0.438333,0.8504139999999999,31.74327311065308,33.576166531307734,1,0,Default series,1,1,0.01
801,252.0,47.103790000000004,-114.0,0.6293832340787141,0.30967005379295504,0.5166203178754191,0.472383,-0.7366229999999999,-0.483984,118.94592827884446,147.3286819091411,1,0,Default series,1,1,0.01
802,254.431046,58.0,-122.0,0.632434579258552,0.3233465115243186,0.5065790593230501,0.5237109999999999,0.790708,0.317029,71.51665378772668,33.517772512308305,1,0,Default series,1,1,0.01
812,205.438278,22.0,-120.0,0.5709409479230233,0.27816084803865815,0.5090893739611424,-0.641426,-0.170164,0.748075,41.57609753274772,255.14224050945552,1,0,Default series,1,1,0.01
813,94.68897199999999,75.68336500000001,-108.023,0.4319331459178447,0.3455419165294326,0.5241223931713578,-0.62085,0.247833,0.7437229999999999,41.95046875136691,291.7610627735235,1,0,Default series,1,1,0.01
815,231.43086200000002,54.0,-90.0,0.6035657299715445,0.3183258822481341,0.546744093532526,0.39464299999999997,0.806606,0.44005,63.892928623059156,26.07082311361215,1,0,Default series,1,1,0.01
818,218.20768700000002,68.0,-108.0,0.5869685650892668,0.3358980847147798,0.5241512617896958,0.393552,-0.007345999999999999,0.919273,23.179970148845758,91.06935277781346,1,0,Default series,1,1,0.01
826,103.935158,223.06311000000002,-142.023,0.4435385639490065,0.5305266821453337,0.4814470443237896,0.092237,-0.8485299999999999,-0.521046,121.4024412948224,173.79618650618102,1,0,Default series,1,1,0.01
827,216.17712400000002,102.0,-126.0,0.5844198890780324,0.3785734335623479,0.5015584300468656,-0.5014810000000001,0.6375430000000001,0.584856,54.2071822761674,321.8119829544829,1,0,Default series,1,1,0.01
839,110.490402,35.701523,-160.02200000000002,0.45176642643373965,0.29535841491418696,0.45885546773827846,0.966411,0.12209500000000001,-0.226146,103.07027623034358,82.79948068900492,1,0,Default series,1,1,0.01
844,119.93443300000001,49.16087,-132.023,0.4636201710646881,0.3122520128108184,0.49399861751425084,0.253368,-0.9603790000000001,-0.116087,96.66632550556002,165.2209187921174,1,0,Default series,1,1,0.01
859,141.956696,65.24009699999999,-124.015,0.49126157565109674,0.3324339722644724,0.5040499173251721,0.361636,-0.615132,0.7005939999999999,45.5253198481826,149.54873668107183,1,0,Default series,1,1,0.01
867,201.581421,42.0,-98.0,0.566099985630959,0.30326399441958063,0.536702834980157,-0.9193870000000001,0.324844,0.22182,77.18404712806581,289.45967595484456,1,0,Default series,1,1,0.01
868,248.0,222.000015,-154.727,0.6243626048025296,0.5291923306752423,0.46550152574262765,0.087507,-0.18055,0.979665,11.574398371010249,154.1419670720397,1,0,Default series,1,1,0.01
869,141.964218,70.537491,-106.01299999999999,0.4912710169444506,0.33908303511544347,0.5266452593826405,0.42790900000000004,-0.533137,0.729834,43.12752050556509,141.24860645257434,1,0,Default series,1,1,0.01
872,284.0,180.0,-102.811,0.66954826828819,0.4764757044479454,0.5306642731182262,0.12101400000000001,-0.18591400000000002,0.9750850000000001,12.81663236755898,146.93933901508615,1,0,Default series,1,1,0.01
875,101.970383,367.269897,-134.01,0.44107246222747765,0.7115288863045088,0.4915046199213062,-0.14777300000000002,0.855706,-0.495913,119.72997262510293,350.2021515191318,1,0,Default series,1,1,0.01
879,287.934296,322.0,-164.0,0.6744864287078839,0.6547080437524947,0.453862451923113,0.480397,0.865157,0.143953,81.72334555598798,29.042164629958293,1,0,Default series,1,1,0.01
882,83.946373,160.740555,-104.01899999999999,0.41844949415741717,0.4523020710954292,0.5291480430768184,-0.24282800000000002,0.668756,0.702709,45.355246450660125,340.04383635499545,1,0,Default series,1,1,0.01
883,218.0,154.0,-98.9664,0.5867078852311459,0.44384161415274626,0.5354898509470308,0.148748,0.14168499999999998,0.978672,11.854619485655142,46.39309356069148,1,0,Default series,1,1,0.01
885,133.85124199999998,29.819031,-162.013,0.48108795573880503,0.2879749620261567,0.45635644951605764,-0.176743,0.038639,0.983498,10.42329343230607,282.33180717218465,1,0,Default series,1,1,0.01
896,296.0,43.611889,-152.0,0.6846101561167435,0.30528716869542055,0.4689243397516665,-0.096532,-0.087073,0.9915139999999999,7.469589605801403,227.9491683953634,1,0,Default series,1,1,0.01
897,195.960922,343.122498,-144.014,0.5590453751744177,0.6812201017137318,0.4789480261015688,-0.11844400000000001,0.853334,0.507732,59.48712285963637,352.0977521943384,1,0,Default series,1,1,0.01
898,119.949997,29.763176,-165.649,0.46363970633320173,0.28790485521410136,0.4517926975040059,-0.155423,-0.347238,0.924808,22.360579177818817,204.1131891670641,1,0,Default series,1,1,0.01
900,238.590546,34.0,-84.0,0.6125522597462018,0.29322273586721165,0.5542750374468027,0.894875,-0.323473,-0.30751300000000004,107.90941606831156,109.87354648898983,1,0,Default series,1,1,0.01
902,51.980415,172.37733500000002,-150.007,0.3783271880133962,0.46690806068255875,0.47142586828852534,0.311297,-0.8709950000000001,-0.380081,112.33870007340701,160.33291289040005,1,0,Default series,1,1,0.01
915,1.9995080000000003,62.434666,-168.0,0.31559328677978266,0.3289127150117436,0.4488418226469285,-0.47022700000000006,-0.873432,0.126505,82.73232405867682,208.2965582027941,1,0,Default series,1,1,0.01
918,107.936775,8.102801,-158.02200000000002,0.4485612228145759,0.2607176769995677,0.46136578237637066,0.58973,-0.695267,0.410879,65.7399358253675,139.69517316972295,1,0,Default series,1,1,0.01
919,63.999981000000005,389.999908,-132.969,0.39341363425005416,0.7400586259731576,0.4928112386904332,-0.28534,-0.47825500000000004,0.8305739999999999,33.84225309685375,210.82145670662717,1,0,Default series,1,1,0.01
923,101.93448599999999,81.68972,-106.27600000000001,0.44102740584519584,0.3530808369684718,0.5263151530077314,-0.291488,0.5133949999999999,0.807131,36.18343797547555,330.41358184664705,1,0,Default series,1,1,0.01
927,282.0,24.0,-154.77200000000002,0.6670379536500978,0.2806711626767504,0.46544504366327055,-0.022397,-0.060694000000000005,0.9979049999999999,3.709415596095134,200.25482023576146,1,0,Default series,1,1,0.01
929,87.13861800000001,349.904205,-124.007,0.42245626383335555,0.689732210890408,0.5040599585837245,-0.790037,-0.278136,0.546335,56.884059850716184,250.60515839531524,1,0,Default series,1,1,0.01
932,2.0,166.0,-163.186,0.31559390431718365,0.4589035019812997,0.4548841499808165,-0.066091,-0.054877999999999996,0.996303,4.928289883025501,230.29579478961594,1,0,Default series,1,1,0.01
934,227.98898300000002,341.94784500000003,-94.6669,0.5992456303534233,0.6797457274034424,0.5408863998402696,-0.534267,0.358969,0.76531,40.065421125472675,303.89678421420035,1,0,Default series,1,1,0.01
942,244.0,6.0,-157.365,0.6193419755263452,0.25807833093392024,0.462190420734984,0.019506,0.309881,0.950575,18.08906637620487,3.6018306166102,1,0,Default series,1,1,0.01
946,14.858505,71.964943,-124.00299999999999,0.33173335097992485,0.34087471194083047,0.5040649792130008,0.894934,-0.064569,0.44150100000000003,63.800309881886065,94.126708568082,1,0,Default series,1,1,0.01
947,254.0,22.0,-158.069,0.6318935487168064,0.27816084803865815,0.46130678998237556,-0.135245,0.061818,0.9888819999999999,8.551733563729826,294.56426781640323,1,0,Default series,1,1,0.01
952,143.942474,159.004852,-150.02,0.4937540394417975,0.4501234907712889,0.47140955124337774,-0.13936300000000001,0.918199,-0.370794,111.76459364956268,351.36959413425114,1,0,Default series,1,1,0.01
954,262.0,366.0,-153.411,0.6419348072691753,0.7099349657905241,0.46715331277449235,-0.175129,0.217559,0.9602069999999999,16.21779293442803,321.1668930711735,1,0,Default series,1,1,0.01
962,248.42558300000002,34.0,-134.0,0.6248967784198413,0.29322273586721165,0.49151717149449664,0.5118739999999999,-0.6709649999999999,0.536461,57.556952816286845,142.6602705522232,1,0,Default series,1,1,0.01
963,290.0,50.0,-152.945,0.6770792122024667,0.31330525297194955,0.46773821608516786,-0.188086,-0.092315,0.9778049999999999,12.09404993549601,243.85760862391453,1,0,Default series,1,1,0.01
964,280.0,60.0,-153.476,0.6645276390120055,0.3258568261624108,0.46707172754875437,-0.292095,0.103458,0.9507770000000001,18.051754034079757,289.50378836844334,1,0,Default series,1,1,0.01
966,246.0,192.88763400000002,-150.0,0.6218522901644373,0.4926517125882331,0.4714346543897587,0.8498020000000001,0.5098779999999999,0.133642,82.31989933758345,59.036402109378045,1,0,Default series,1,1,0.01
967,59.98106800000001,183.910324,-162.571,0.38836926618349454,0.4813837762363871,0.4556560717320299,-0.322509,-0.144775,0.9354290000000001,20.702436254453538,245.82458322467488,1,0,Default series,1,1,0.01
973,189.798004,34.0,-156.0,0.5513099435400365,0.29322273586721165,0.46390371047548196,-0.9829629999999999,0.058823,0.17413599999999999,79.97161742215226,273.42464069272773,1,0,Default series,1,1,0.01
979,39.964335999999996,21.702328,-170.013,0.36324511851030983,0.2777872228491831,0.44631519096368866,-0.16933399999999998,-0.31416900000000003,0.9341430000000001,20.90987117937871,208.3242306230947,1,0,Default series,1,1,0.01
980,93.924103,5.640517,-129.695,0.43097311499438323,0.25762712321539755,0.49692062375299023,0.879926,0.086103,0.467243,62.14451799012403,84.41125437931328,1,0,Default series,1,1,0.01
981,189.998947,85.995041,-158.954,0.5515621586171976,0.3584846921324648,0.4601959757550197,0.013293000000000001,-0.016903,0.999769,1.2315498075916458,141.8174825500323,1,0,Default series,1,1,0.01
982,167.927338,371.655823,-94.4412,0.5238588170377233,0.7170339134242034,0.5411696888471784,0.130678,-0.01993,0.991225,7.595900772637039,98.6714891709538,1,0,Default series,1,1,0.01
986,167.29521200000002,239.43432599999997,-131.77700000000002,0.523065399462264,0.5510751337294186,0.49430738621473613,0.663532,-0.744663,0.072128,85.86377830131164,138.29736355606101,1,0,Default series,1,1,0.01
989,228.0,42.0,-76.3364,0.5992594584216072,0.30326399441958063,0.5638940610770447,-0.089108,0.257841,0.9620690000000001,15.831322370106587,340.9352175731441,1,0,Default series,1,1,0.01
992,156.48494,37.918537,-158.006,0.5094968074405847,0.29814111626271467,0.46138586489347544,-0.265733,-0.122081,0.9562860000000001,17.003675201070198,245.32536947683036,1,0,Default series,1,1,0.01
995,208.011215,46.0,-86.0,0.5741703886300178,0.3082846236957651,0.5517647228087105,-0.776447,0.548553,0.310193,71.92913805206634,305.2408707300134,1,0,Default series,1,1,0.01
996,143.960938,62.451983999999996,-150.014,0.49377721466653635,0.32893445182619474,0.47141708218729206,0.27255,-0.9312229999999999,-0.241952,104.00177766603404,163.68632173872894,1,0,Default series,1,1,0.01
997,153.980026,39.905403,-158.286,0.5063527462999036,0.3006349456645786,0.46103442084414253,-0.173532,-0.169551,0.970123,14.040849374484036,225.6648078217458,1,0,Default series,1,1,0.01
1005,215.969269,382.93866,-134.011,0.5841589983534821,0.7311956488643578,0.49150336476398715,0.479493,-0.708485,-0.517818,121.18600073713147,145.91039332053882,1,0,Default series,1,1,0.01
1016,167.93222,292.867432,-110.024,0.523864944715755,0.6181420878046859,0.5216108233759464,0.24323699999999998,-0.7813100000000001,0.574797,54.914582778607326,162.70761871501912,1,0,Default series,1,1,0.01
1022,65.992958,303.023224,-144.002,0.3959151339182947,0.6308892044641959,0.4789630879893973,-0.570943,-0.679419,0.460883,62.55589943194825,220.04168074705498,1,0,Default series,1,1,0.01
1029,296.0,20.0,-155.526,0.6846101561167435,0.27565053340056594,0.46449865504470983,0.184554,0.063988,0.9807370000000001,11.264170588524069,70.87770177388033,1,0,Default series,1,1,0.01
1038,259.534332,121.99999199999999,-120.0,0.6388400060326376,0.4036765699020118,0.5090893739611424,-0.600983,0.7156239999999999,0.355951,69.14825977136307,319.97636768870314,1,0,Default series,1,1,0.01
1039,237.00125099999997,48.0,-86.0,0.6105574444948284,0.31079493833385735,0.5517647228087105,0.829565,0.522663,-0.19658399999999998,101.3372713384266,57.787240441299325,1,0,Default series,1,1,0.01
1042,254.0,318.0,-141.47,0.6318935487168064,0.6496874144763103,0.4821411463212221,0.17716300000000001,-0.784929,0.593716,53.57884731978375,167.28113350195216,1,0,Default series,1,1,0.01
1043,250.0,18.0,-159.265,0.6268729194406218,0.2731402187624737,0.45980562182879636,-0.357917,-0.06632,0.9313950000000001,21.34667535243,259.5024754763022,1,0,Default series,1,1,0.01
1045,139.967468,33.845924,-161.424,0.48876478156764525,0.29302934624812227,0.45709573717697577,-0.020665,-0.063986,0.9977370000000001,3.85533252259432,197.89844730162514,1,0,Default series,1,1,0.01
1051,296.0,2.0,-158.649,0.6846101561167435,0.2530577016577358,0.46057879873732877,0.191916,-0.30337,0.9333459999999999,21.03744817235838,147.6819965637094,1,0,Default series,1,1,0.01
1056,268.0,79.64805600000001,-124.0,0.6494657511834521,0.3505182274558389,0.5040687446849579,0.060153,-0.930514,0.36128299999999997,68.82098963278997,176.30126567217877,1,0,Default series,1,1,0.01
1058,262.0,56.0,-131.311,0.6419348072691753,0.32083619688622633,0.49489228952541164,0.639821,0.040064999999999996,0.767479,39.87195813882122,86.41686965449485,1,0,Default series,1,1,0.01
1063,3.167609,88.0,-102.0,0.31705943729931774,0.36100123109570226,0.5316822057039725,0.738574,0.511387,0.439308,63.94026284843238,55.30135723748433,1,0,Default series,1,1,0.01
1065,292.0,40.0,-153.002,0.679589526840559,0.30075367978148837,0.46766667211798224,-0.15804200000000002,-0.127708,0.979139,11.723656377779136,231.05958144430625,1,0,Default series,1,1,0.01
1081,129.938629,95.709328,-149.371,0.47617701089526004,0.37067765055982943,0.4722241483434387,0.015024000000000001,0.685063,-0.728328,136.7464069294129,1.256342592577537,1,0,Default series,1,1,0.01
1082,83.968964,262.880493,-148.011,0.41847784941641175,0.5805037618430463,0.47393116229734145,-0.464556,0.885241,-0.023157,91.32691697667165,332.31044874960867,1,0,Default series,1,1,0.01
1091,31.973732000000002,31.15395,-168.00900000000001,0.3532156534161106,0.2896504953793404,0.44883052623105707,-0.093385,-0.3634,0.926941,22.037114661912057,194.41179389931366,1,0,Default series,1,1,0.01
1095,22.0,395.171356,-130.0,0.3406970506981061,0.746549606780424,0.4965378007706811,0.43164300000000005,-0.244929,0.8681559999999999,29.75494321406297,119.57205871176441,1,0,Default series,1,1,0.01
1099,189.999786,48.976547,-138.0,0.5515632116941883,0.31202065844829985,0.4864965422183122,-0.5777140000000001,-0.8157220000000001,-0.029057,91.6650778281555,215.3070466107795,1,0,Default series,1,1,0.01
1115,187.09878500000002,69.990143,-128.001,0.5479219990564782,0.3383960272671782,0.49904686025145434,-0.75266,0.595608,0.28063299999999997,73.70201225080974,308.3558859721686,1,0,Default series,1,1,0.01
1116,284.0,176.631699,-148.0,0.66954826828819,0.47224795679504505,0.47394496902785094,-0.009601,-0.25661799999999996,-0.966465,165.1198267001324,182.14264129408411,1,0,Default series,1,1,0.01
1131,115.94638799999998,5.746075,-161.006,0.4586145471942528,0.25775961511168144,0.45762039293633705,0.012908000000000001,0.092526,0.995627,5.360258819962293,7.941889704356483,1,0,Default series,1,1,0.01
1135,35.999432,227.34207200000003,-152.0,0.35826854023539456,0.535897452617554,0.4689243397516665,0.24256100000000003,0.968367,-0.058557000000000005,93.35698930397838,14.062371605189663,1,0,Default series,1,1,0.01
1136,276.0,140.0,-148.736,0.659507009735821,0.42626941168610055,0.473021173241033,-0.021401,-0.11893499999999999,0.9926709999999999,6.941056723749681,190.20056734665283,1,0,Default series,1,1,0.01
1137,89.945274,155.740799,-98.94200000000001,0.42597905865380026,0.4460265907585844,0.5355204767856155,-0.048,0.47492799999999996,0.8787149999999999,28.512258964026543,354.22883001782793,1,0,Default series,1,1,0.01
1140,2.0,172.0,-162.519,0.31559390431718365,0.4664344458955765,0.4557213399126203,0.113946,-0.11669000000000002,0.98661,9.38671675152887,135.6816464099159,1,0,Default series,1,1,0.01
1152,215.36207599999997,58.0,-108.0,0.5833968756154585,0.3233465115243186,0.5241512617896958,0.631249,-0.18126099999999998,0.754101,41.05312097974433,106.0212387535447,1,0,Default series,1,1,0.01
1153,186.366745,57.99623100000001,-114.0,0.5470031736926436,0.3233417808363831,0.5166203178754191,-0.984492,-0.16741099999999998,0.05243300000000001,86.99443215759068,260.34927585167287,1,0,Default series,1,1,0.01
1167,186.54187,51.995201,-130.0,0.5472229831181415,0.31580954411006773,0.4965378007706811,-0.888241,-0.419717,-0.186722,100.76154533426406,244.70804606042265,1,0,Default series,1,1,0.01
1172,224.54023700000002,68.0,-116.0,0.5949169115699923,0.3358980847147798,0.5141100032373268,0.94525,-0.227384,0.234092,76.46189466381824,103.52576160674931,1,0,Default series,1,1,0.01
1179,94.946533,127.663101,-150.025,0.43225642549209553,0.41078466261191776,0.4714032754567825,0.476612,-0.8786870000000001,-0.027395,91.56981427547518,151.5239825761207,1,0,Default series,1,1,0.01
1181,258.164642,74.0,-128.0,0.6371208296043133,0.34342902862905655,0.49904811540877336,0.408667,-0.589117,0.697088,45.80616176846321,145.2511821878125,1,0,Default series,1,1,0.01
1183,262.0,192.0,-160.148,0.6419348072691753,0.4915375922764989,0.45869731791607865,-0.246939,-0.128921,0.960417,16.174655918786282,242.43200553350863,1,0,Default series,1,1,0.01
1190,230.0,82.88544499999999,-108.0,0.6017697730596994,0.35458165995378826,0.5241512617896958,-0.09547699999999999,-0.617909,0.780431,38.699945689833974,188.78366612022222,1,0,Default series,1,1,0.01
1195,108.83101699999999,323.75778199999996,-134.015,0.4496836372058743,0.6569143366950823,0.49149834413471094,-0.565237,-0.775756,-0.28055399999999997,106.29327193268031,216.0781026832822,1,0,Default series,1,1,0.01
1204,188.554398,41.999503999999995,-150.0,0.5497490223671269,0.3032633718615504,0.4714346543897587,-0.85505,-0.199504,0.47863100000000003,61.40397141785295,256.86646490210876,1,0,Default series,1,1,0.01
1206,99.93692800000001,-0.298759,-165.16299999999998,0.4385201563012767,0.25017239747416264,0.45240270396106236,-0.053436000000000004,-0.446053,0.89341,26.695075937379528,186.831331106803,1,0,Default series,1,1,0.01
1207,220.0,8.945528,-122.0,0.5892181998692382,0.2617754319615755,0.5065790593230501,-0.13334300000000002,-0.990771,0.024327,88.60602805594388,187.66509915684065,1,0,Default series,1,1,0.01
1209,53.94619399999999,21.327894,-164.019,0.38079454991287337,0.27731724927358337,0.4538386039340511,-0.395789,0.133459,0.908592,24.6885041870356,288.6339697228415,1,0,Default series,1,1,0.01
1210,230.639511,18.0,-120.0,0.60257245997196,0.2731402187624737,0.5090893739611424,0.998085,0.057878,-0.021844,91.2516685622432,86.68118899085852,1,0,Default series,1,1,0.01
1213,246.419891,314.0,-144.0,0.622379319426289,0.6446667852001258,0.4789655983040354,0.22380799999999998,-0.721626,0.655107,49.07223624094755,162.76903501683094,1,0,Default series,1,1,0.01
1217,268.0,54.0,-156.7,0.6494657511834521,0.3183258822481341,0.4630251003521497,0.019775,-0.054375,0.998325,3.3166960597027977,160.01477838416938,1,0,Default series,1,1,0.01
1226,224.594437,64.0,-126.0,0.5949849410966845,0.33087745543859526,0.5015584300468656,0.660474,-0.625416,0.41548599999999997,65.45007405523582,133.43829723045883,1,0,Default series,1,1,0.01
1229,149.984604,1.9270779999999998,-163.05,0.5013378631339256,0.2529661730757162,0.45505485137620677,0.229834,0.37795100000000004,0.8968440000000001,26.253723043503406,31.304005347332673,1,0,Default series,1,1,0.01
1230,220.0,54.0,-114.49,0.5892181998692382,0.3183258822481341,0.5160052907890865,0.014978,-0.192992,-0.981086,168.83866279597314,175.56220263129384,1,0,Default series,1,1,0.01
1234,171.926086,350.751404,-106.02600000000001,0.5288778748569444,0.6907955789159467,0.5266289423374928,0.087702,-0.954241,0.28588800000000003,73.38806408122032,174.74883480722306,1,0,Default series,1,1,0.01
1238,248.0,64.10593399999999,-154.0,0.6243626048025296,0.3310104192740311,0.4664140251135742,0.235323,0.957041,-0.169397,99.75276122320768,13.814181304709972,1,0,Default series,1,1,0.01
1240,262.0,192.0,-130.888,0.6419348072691753,0.4915375922764989,0.49542322107136816,-0.49600600000000006,0.818667,-0.289418,106.82311574508037,328.78957356908046,1,0,Default series,1,1,0.01
1241,234.000015,240.19905099999997,-134.0,0.6067904211632437,0.5520349839102261,0.49151717149449664,0.246288,-0.547121,0.8000010000000001,36.86980215277205,155.76497896506558,1,0,Default series,1,1,0.01
1242,114.623131,165.675964,-154.024,0.4569536514857238,0.4584967858242653,0.4663839013379171,0.8389709999999999,0.401895,-0.36689,111.52394290776735,64.40402986226252,1,0,Default series,1,1,0.01
1248,155.98400900000001,29.924228999999997,-158.8,0.5088680602295975,0.2881070020658057,0.4603892699821528,-0.5767100000000001,0.05329400000000001,0.815209,35.39196742231883,275.27973072569944,1,0,Default series,1,1,0.01
1259,149.959854,141.80983,-97.255,0.5013067979902792,0.4285410330568298,0.5376379271828464,0.227698,0.233314,0.945367,19.02665733393864,44.30206332530922,1,0,Default series,1,1,0.01
1267,83.927605,86.514267,-120.025,0.4184259373648533,0.3591364024466039,0.5090579950281662,-0.100324,0.8973479999999999,0.42977,64.54703534758558,353.6207910012589,1,0,Default series,1,1,0.01
1270,81.945313,175.097229,-144.019,0.4159378490525667,0.47032195554368833,0.47894175031497355,-0.589404,0.74854,-0.303793,107.68556263137702,321.7829342673476,1,0,Default series,1,1,0.01
1273,189.142227,32.0,-152.0,0.5504868402388244,0.2907124212291194,0.4689243397516665,-0.979402,0.024703,-0.200401,101.56040939434939,271.44483839386896,1,0,Default series,1,1,0.01
1276,192.41798400000002,10.0,-154.0,0.554598430612791,0.2630989602101047,0.4664140251135742,-0.63255,-0.068458,0.7714880000000001,39.512301368780115,263.8231802136745,1,0,Default series,1,1,0.01
1278,224.0,74.0,-111.59,0.5942388291454227,0.34342902862905655,0.5196452470143202,0.6371979999999999,-0.267204,0.722897,43.70581698278712,112.75035964349868,1,0,Default series,1,1,0.01
1280,256.0,124.00000800000001,-151.611,0.6344038633548986,0.4061869046226212,0.4694125959487754,0.031193000000000002,-0.058327,0.9978100000000001,3.792616920107247,151.86234223790782,1,0,Default series,1,1,0.01
1297,167.993607,24.542662,-154.002,0.5239419950580992,0.2813522888578186,0.4664115147989361,0.0017399999999999998,0.063537,0.997978,3.644193352959709,1.5686882419038508,1,0,Default series,1,1,0.01
1304,225.999985,1.38986,-152.0,0.5967491249561552,0.2522918799710929,0.4689243397516665,0.24591500000000002,-0.49599,0.832778,33.61482763908796,153.6274930577157,1,0,Default series,1,1,0.01
1312,158.588684,221.11393700000002,-147.929,0.512137337119584,0.5280801633882966,0.47403408519750323,-0.27497,0.133852,0.95209,17.807381811484703,295.95624694118936,1,0,Default series,1,1,0.01
1322,53.995734999999996,251.97979700000002,-157.004,0.38085673166161627,0.5668216734759496,0.4626435325271597,0.19930699999999998,-0.07407000000000001,0.9771340000000001,12.276194740643705,110.38696527735073,1,0,Default series,1,1,0.01
1327,182.322922,69.978806,-136.002,0.5419275396572666,0.33838179754865216,0.4890043465417663,-0.8343809999999999,0.44396499999999994,0.32665500000000003,70.9341271486495,298.01695430759224,1,0,Default series,1,1,0.01
1334,260.0,80.779259,-110.0,0.639424492631083,0.35193806518061577,0.5216409471516036,0.075615,-0.9573780000000001,0.27876300000000004,73.81360944334783,175.48407701638519,1,0,Default series,1,1,0.01
1336,248.0,186.0,-162.018,0.6243626048025296,0.4840066483622222,0.4563501737294624,0.43400299999999997,-0.153619,0.887718,27.412122167448945,109.49184409121526,1,0,Default series,1,1,0.01
1341,171.990433,75.95465899999999,-158.986,0.528958640464953,0.3458824331791459,0.46015581072081024,0.45138599999999995,-0.41850699999999996,0.788101,37.99160054212651,132.83544454955117,1,0,Default series,1,1,0.01
1342,271.839966,58.0,-156.0,0.6542855126132403,0.3233465115243186,0.46390371047548196,-0.235677,-0.060958000000000005,0.9699180000000001,14.089180794623,255.49822636573526,1,0,Default series,1,1,0.01
1349,238.48143,64.0,-110.0,0.6124153020001768,0.33087745543859526,0.5216409471516036,-0.35867,0.52978,0.768563,39.77497770006921,325.90133674535156,1,0,Default series,1,1,0.01
1351,262.0,72.0,-133.273,0.6419348072691753,0.3409187139909643,0.4924296708654432,0.623021,-0.398319,0.673191,47.68617196357849,122.59219620974922,1,0,Default series,1,1,0.01
1360,103.93096899999999,105.67305,-157.773,0.44353330609499697,0.3831836891530703,0.4616783165488132,-0.071387,-0.004111999999999999,0.99744,4.100627368058018,266.7033186147353,1,0,Default series,1,1,0.01
1362,222.0,100.0,-158.515,0.5917285145073304,0.3760631189242557,0.460746989818081,-0.298553,-0.301469,0.9055290000000001,25.10537503573721,224.72155491337926,1,0,Default series,1,1,0.01
1368,290.0,74.0,-153.083,0.6770792122024667,0.34342902862905655,0.4675650043751395,-0.2572,0.021359,0.9661219999999999,14.956510660658516,274.747196453524,1,0,Default series,1,1,0.01
1371,181.99975600000002,23.998846,-159.3,0.5415219154870997,0.28066971422520426,0.45976169132262973,0.17297300000000002,-0.273213,0.946274,18.866603982788952,147.6618223197101,1,0,Default series,1,1,0.01
1372,77.982201,305.91568,-138.868,0.4109635200195672,0.6345196917826148,0.4854070656653801,-0.197489,-0.17740799999999998,0.964118,15.395124036075499,228.06606369788338,1,0,Default series,1,1,0.01
1374,101.935005,155.692169,-102.635,0.4410280572718444,0.4459655524581592,0.5308851808063783,0.43518599999999996,0.49490500000000004,0.752119,41.22573289010687,41.32621303237435,1,0,Default series,1,1,0.01
1387,45.991955,220.045563,-126.00299999999999,0.3708107286145813,0.526739185942718,0.5015546645749085,0.015898,0.5758989999999999,0.817366,35.17801712673541,1.5812790487644408,1,0,Default series,1,1,0.01
1391,225.999985,208.0,-147.275,0.5967491249561552,0.5116201093812368,0.47485495808415934,0.027915,0.28473899999999996,0.958199,16.624765328809435,5.59922209742131,1,0,Default series,1,1,0.01
1399,200.213455,36.0,-130.0,0.5643829730938528,0.29573305050530385,0.4965378007706811,-0.772791,0.468292,0.42836499999999994,64.6361563937584,301.21481396697186,1,0,Default series,1,1,0.01
1420,181.99705500000002,71.98608399999999,-159.287,0.541518525307181,0.34090124722171244,0.4597780083677774,-0.134671,0.17522000000000001,0.975275,12.767465471272486,322.4547558059934,1,0,Default series,1,1,0.01
1432,63.52764499999999,319.975922,-130.002,0.39282077826260514,0.6521675074364746,0.496535290456043,0.362511,0.244619,0.8993040000000001,25.93326858030698,55.988894787227764,1,0,Default series,1,1,0.01
1440,163.990372,27.954411999999998,-154.886,0.5189173053479876,0.2856345718410742,0.4653019557288993,-0.191227,0.160923,0.9682639999999999,14.473348844408275,310.0815723195096,1,0,Default series,1,1,0.01
1446,191.999542,75.40934,-114.0,0.5540732200738947,0.34519797204508096,0.5166203178754191,-0.574204,0.7985,-0.180797,100.41618623340666,324.27996278555776,1,0,Default series,1,1,0.01
1451,260.0,8.0,-155.431,0.639424492631083,0.26058864557201245,0.4646178949900192,-0.07914700000000001,0.057955999999999994,0.9951770000000001,5.629514809169668,306.213740265835,1,0,Default series,1,1,0.01
1461,254.0,44.0,-129.364,0.6318935487168064,0.3057743090576729,0.49733608082559444,0.43971899999999997,-0.599803,0.6684939999999999,48.04906285384969,143.7546444185307,1,0,Default series,1,1,0.01
1462,268.565521,198.0,-156.0,0.6501755690056763,0.4990685361907756,0.46390371047548196,-0.406292,-0.142629,0.902543,25.505626952282,250.65635189501745,1,0,Default series,1,1,0.01
1470,51.987949,211.94293199999998,-106.069,0.3783366443686379,0.516569109339538,0.5265749705727739,0.611099,0.431825,0.6633899999999999,48.44107118165709,54.75356887037644,1,0,Default series,1,1,0.01
1491,290.0,127.52481100000001,-138.0,0.6770792122024667,0.4106110869062669,0.4864965422183122,0.569814,0.803118,-0.17410699999999998,100.02669522452986,35.355785235804895,1,0,Default series,1,1,0.01
1503,290.0,168.96348600000002,-114.0,0.6770792122024667,0.4626231431240905,0.5166203178754191,0.152551,-0.9843780000000001,0.087909,84.95667524302996,171.19083522220205,1,0,Default series,1,1,0.01
1513,135.92349199999998,338.737854,-112.025,0.48368895549319835,0.6757166837057201,0.5190992535805352,-0.55437,-0.685125,0.47252299999999997,61.80180504952743,218.97810894300295,1,0,Default series,1,1,0.01
1515,169.957703,197.824478,-149.27,0.5264072445278084,0.498848228467822,0.47235091923266237,0.216259,-0.363652,0.906085,25.030186935978815,149.26061452371482,1,0,Default series,1,1,0.01
1518,189.999985,57.999954,-105.43,0.5515634614704947,0.32334645378708193,0.5273770160996444,-0.503263,0.040025,0.8632059999999999,30.321519061577515,274.54721833903346,1,0,Default series,1,1,0.01
1519,29.973809999999997,11.875957000000001,-173.08900000000003,0.35070543668028925,0.26545358136887054,0.44245432705030274,0.09858099999999999,-0.145063,0.984499,10.101365589000267,145.80100320928324,1,0,Default series,1,1,0.01
1521,117.948959,1.7582490000000002,-160.76,0.46112808884181233,0.25275426612069907,0.45792916163682246,-0.041654000000000004,-0.002074,0.99913,2.3901697624376004,267.14953205191244,1,0,Default series,1,1,0.01
1524,79.953201,128.482254,-96.0164,0.4134374350954071,0.4118128284952864,0.5391925650382169,-0.27635,-0.959023,0.062488999999999996,86.41730978946688,196.07475130288304,1,0,Default series,1,1,0.01
1527,55.94899399999999,1.758425,-107.60600000000001,0.383308378991459,0.25275448702838715,0.5246457937733999,-0.198505,0.5932,0.780199,38.721200733606175,341.49799726992086,1,0,Default series,1,1,0.01
1529,1.997679,33.989005999999996,-169.03099999999998,0.31559099109704614,0.293208936667646,0.44754775545099196,-0.020841,0.344352,0.938609,20.180746953298083,356.53654819505124,1,0,Default series,1,1,0.01
1533,125.893875,222.543396,-139.963,0.471100208308419,0.529874359314423,0.4840326684010246,0.12453399999999999,-0.917385,-0.378015,112.21078127280693,172.26941591192093,1,0,Default series,1,1,0.01
1536,65.948769,101.757355,-154.775,0.3958596697715234,0.37826887591466796,0.4654412781913135,-0.163168,-0.25183,0.953917,17.461842783246905,212.94037878925045,1,0,Default series,1,1,0.01
1538,258.0,18.0,-156.864,0.6369141779929908,0.2731402187624737,0.4628192545518261,-0.111553,0.16354200000000002,0.980209,11.418008787889434,325.7018621689333,1,0,Default series,1,1,0.01
1539,256.0,304.0,-147.001,0.6344038633548986,0.6321152120096645,0.475198871189578,0.063211,-0.189198,0.979902,11.506523190772233,161.52554029790386,1,0,Default series,1,1,0.01
1552,41.281059,187.984756,-88.0011,0.3648978130209162,0.48649782938214287,0.5492530274975673,-0.70725,0.075237,0.7029489999999999,45.33591585884076,276.07226722186033,1,0,Default series,1,1,0.01
1553,177.929306,351.184387,-110.025,0.5364128603777885,0.6913390406974192,0.5216095682186274,0.273685,-0.959205,-0.070873,94.06413097899221,164.0752364979023,1,0,Default series,1,1,0.01
1559,284.0,78.0,-154.841,0.66954826828819,0.34844965790524096,0.4653584378082564,-0.296007,-0.001035,0.9551850000000001,17.21808043604203,269.79966389264376,1,0,Default series,1,1,0.01
1562,274.0,197.09321599999998,-114.0,0.6569966950977288,0.4979303796163817,0.5166203178754191,-0.108046,0.671502,0.733083,42.85452064566215,350.85934062438633,1,0,Default series,1,1,0.01
1571,240.0,2.0,-156.688,0.6143213462501607,0.2530577016577358,0.46304016223997824,0.14561400000000002,-0.163234,0.975783,12.635084798761477,138.26522586535054,1,0,Default series,1,1,0.01
1576,143.94966100000002,95.761597,-130.928,0.49376306025744954,0.37074325637773864,0.49537301477860635,0.082229,-0.012859,0.9965299999999999,4.774501466736102,98.88794965526328,1,0,Default series,1,1,0.01
1583,139.932693,155.060043,-122.024,0.4887211334718754,0.44517213488269985,0.506548935547393,-0.6109899999999999,0.770063,0.18356,79.42281116832845,321.57051056812406,1,0,Default series,1,1,0.01
1586,19.985594,31.931765000000002,-168.52599999999998,0.33816865426367565,0.29062677556945427,0.44818160989711026,-0.059412,-0.310735,0.9486379999999999,18.44315439490988,190.8242171868111,1,0,Default series,1,1,0.01
1591,169.92601000000002,343.043945,-124.02600000000001,0.5263674648268959,0.6811215053408488,0.5040361105946627,0.797922,-0.583639,0.150619,81.33719979232849,126.1835549509904,1,0,Default series,1,1,0.01
1599,65.583557,67.703293,-124.022,0.3954012712567199,0.3355256707521176,0.5040411312239388,-0.9672440000000001,0.213522,-0.137285,97.8907712012969,282.44856315350717,1,0,Default series,1,1,0.01
1601,260.92834500000004,44.0,-154.0,0.6405897116524331,0.3057743090576729,0.4664140251135742,0.823728,-0.320417,-0.467767,117.88944503521792,111.25523819255082,1,0,Default series,1,1,0.01
1610,252.03959700000001,188.377029,-121.971,0.6294329345430764,0.486990193709157,0.5066154588853025,-0.526658,0.764849,-0.370996,111.7770562978395,325.44956689302455,1,0,Default series,1,1,0.01
1611,216.398773,96.0,-120.0,0.5846980934426417,0.3710424896480712,0.5090893739611424,-0.39660100000000004,0.6752239999999999,0.621916,51.543813660105265,329.5716374880921,1,0,Default series,1,1,0.01
1612,270.0,0.0,-152.813,0.6519760658215443,0.2505473870196435,0.467903896851282,-0.129411,0.23199999999999998,0.9640690000000001,15.405695889207779,330.8469581718716,1,0,Default series,1,1,0.01
1614,175.927719,350.69372599999997,-118.025,0.5339005538050309,0.6907231839520986,0.5115683096662584,0.462809,-0.8853260000000001,0.044779,87.4334940927238,152.40143574231524,1,0,Default series,1,1,0.01
1616,252.149918,32.0,-152.0,0.6295714047536709,0.2907124212291194,0.4689243397516665,0.382835,-0.860618,-0.335818,109.62228777174685,156.01871692251925,1,0,Default series,1,1,0.01
1619,290.0,52.0,-152.733,0.6770792122024667,0.3158155676100418,0.46800430943680565,-0.138535,-0.127299,0.982142,10.844323597779491,227.4202789008128,1,0,Default series,1,1,0.01
1622,45.954978999999994,0.631175,-110.016,0.37076431791755227,0.25133961094049245,0.5216208646344989,-0.26627,0.505744,0.8205629999999999,34.85880801634537,332.2335689849249,1,0,Default series,1,1,0.01
1623,33.982796,87.918518,-162.244,0.3557373448001427,0.3608989583670317,0.456066508175358,0.086434,0.078624,0.99315,6.71013314479462,47.709026741992275,1,0,Default series,1,1,0.01
1631,184.46537800000002,99.975502,-110.00200000000001,0.5446166589864009,0.3760323700802537,0.5216384368369654,0.976556,-0.058254999999999994,-0.207231,101.96013093513886,93.41384915386912,1,0,Default series,1,1,0.01
1646,240.0,8.742786,-158.0,0.6143213462501607,0.2615209588563975,0.4613933958373897,0.42084099999999997,0.431226,0.798083,37.052569704300794,44.3017131163257,1,0,Default series,1,1,0.01
1647,0.102677,136.0,-156.0,0.3132124654671391,0.42124878240991603,0.46390371047548196,0.316841,-0.19481500000000002,0.928256,21.835431015453835,121.58597641557247,1,0,Default series,1,1,0.01
1651,286.0,10.0,-154.22899999999998,0.6720585829262823,0.2630989602101047,0.46612659408751267,0.027505,-0.008214,0.9995879999999999,1.6447547532627784,106.62755094186764,1,0,Default series,1,1,0.01
1656,284.0,130.49311799999998,-134.0,0.66954826828819,0.4143367791624927,0.49151717149449664,0.252361,0.9581129999999999,0.135399,82.21830724935752,14.756201728893704,1,0,Default series,1,1,0.01
1659,22.548407,214.0,-110.0,0.3413853877579722,0.5191510532955136,0.5216409471516036,-0.796705,0.446533,0.40727199999999997,65.96641908027344,299.26952753914236,1,0,Default series,1,1,0.01
1663,39.99091,157.95694,-159.339,0.36327847306090616,0.44880819635477265,0.45971274018718694,-0.074187,0.190985,0.978785,11.82306149860442,338.7716335828569,1,0,Default series,1,1,0.01
1665,240.0,60.090786,-124.0,0.6143213462501607,0.3259707768747777,0.5040687446849579,-0.42981199999999997,0.8796149999999999,0.20381300000000002,78.23997797780125,333.958176832299,1,0,Default series,1,1,0.01
1673,250.0,38.0,-131.608,0.6268729194406218,0.2982433651433961,0.494519507801655,0.45103000000000004,-0.534706,0.714605,44.38916317262468,139.85202496058133,1,0,Default series,1,1,0.01
1674,284.0,360.0,-156.905,0.66954826828819,0.7024040218762474,0.4627677931017452,0.270557,-0.109748,0.9564280000000001,16.97583132026095,112.0793077680631,1,0,Default series,1,1,0.01
1677,237.988144,184.040619,-132.93200000000002,0.6117961504668938,0.4815473169592722,0.4928576795112379,-0.20591700000000002,0.836467,0.5078600000000001,59.47860973993307,346.17022328267893,1,0,Default series,1,1,0.01
1680,252.243073,188.831451,-117.976,0.6296883289337266,0.4875605648083926,0.5116298123748917,-0.6888529999999999,0.708395,0.153814,81.15198137346916,315.80129019711006,1,0,Default series,1,1,0.01
1682,296.0,374.0,-157.39700000000002,0.6846101561167435,0.7199762243428931,0.4621502557007745,0.116612,-0.29082199999999997,0.949644,18.260083081320317,158.150508269857,1,0,Default series,1,1,0.01
1683,238.486374,26.0,-132.0,0.6124215074979622,0.28318147731484267,0.4940274861325889,0.7058270000000001,-0.599735,0.37699699999999997,67.852206479167,130.35426378843655,1,0,Default series,1,1,0.01
1684,219.988678,302.887146,-100.00399999999999,0.5892039889780719,0.6307184051665348,0.5341874997127887,-0.053861,-0.8217629999999999,0.567278,55.43937029960661,183.74998662647099,1,0,Default series,1,1,0.01
1695,280.0,332.0,-161.68,0.6645276390120055,0.6672596169429559,0.4567744169033,0.776832,-0.185098,0.6018899999999999,52.99462081404337,103.40212960788854,1,0,Default series,1,1,0.01
1700,83.96077,257.81417799999997,-114.134,0.4184675646573395,0.5741447394902031,0.5164521267946669,-0.21261300000000002,0.346169,0.9137629999999999,23.969337025944707,328.4422345833316,1,0,Default series,1,1,0.01
1703,206.52034,171.968948,-117.764,0.572299105961985,0.46639547075050547,0.5118959057265294,-0.398879,0.873333,-0.279615,106.23722805650374,335.4523099190672,1,0,Default series,1,1,0.01
1704,185.997711,87.989136,-104.91799999999999,0.5465399779665667,0.3609875950665881,0.528019656646996,0.418523,-0.592463,-0.68835,133.49963857675948,144.76215593905104,1,0,Default series,1,1,0.01
1713,83.924316,91.349503,-132.02700000000002,0.418421809152431,0.36520538430131916,0.49399359688497463,0.25969899999999996,0.965498,-0.019253,91.10318380445405,15.055054294121529,1,0,Default series,1,1,0.01
1714,222.345062,186.0,-148.0,0.5921616216021551,0.4840066483622222,0.47394496902785094,-0.503363,-0.285623,0.815503,35.36287221253858,240.42814627804754,1,0,Default series,1,1,0.01
1715,231.807648,397.902252,-120.007,0.6040386556771585,0.7499773108823778,0.5090805878599091,0.911341,-0.065532,0.406403,66.02092373883988,94.11290132067727,1,0,Default series,1,1,0.01
1721,268.0,50.0,-134.715,0.6494657511834521,0.31330525297194955,0.49061973401137865,0.547114,-0.193869,0.814298,35.481991253556075,109.5117027537687,1,0,Default series,1,1,0.01
1728,159.955048,154.275925,-120.016,0.5138523388946652,0.44418794343600404,0.5090692914440376,0.628078,0.755288,0.18723599999999999,79.20847592698796,39.74603579967854,1,0,Default series,1,1,0.01
1731,264.0,40.0,-160.089,0.6444451219072675,0.30075367978148837,0.45877137219790237,0.08112,-0.113882,0.9901770000000001,8.037404958110741,144.53711125629738,1,0,Default series,1,1,0.01
1732,195.987518,205.940887,-148.905,0.5590787573384749,0.5090355986285439,0.4728090516541142,-0.063884,-0.118744,0.9908680000000001,7.749106585625687,208.2801497081406,1,0,Default series,1,1,0.01
1740,78.568611,13.679154,-114.024,0.41169955682302906,0.26771687728110255,0.5165901940997619,0.127149,-0.21778499999999998,0.9676790000000001,14.60685622530519,149.7224170616911,1,0,Default series,1,1,0.01
1741,220.83911099999997,66.0,-110.0,0.5902714161823803,0.3333877700766875,0.5216409471516036,0.677377,-0.124445,0.7250340000000001,43.52832369502581,100.41006917188122,1,0,Default series,1,1,0.01
1743,123.91606100000001,224.41127000000003,-144.002,0.4686177405906071,0.532218835036579,0.4789630879893973,-0.193088,-0.96257,-0.190203,100.96463128029465,191.34278123666684,1,0,Default series,1,1,0.01
1745,296.0,390.0,-159.618,0.6846101561167435,0.740058741447631,0.4593625512951731,0.415433,0.540149,0.731885,42.95534610374859,37.5641780625127,1,0,Default series,1,1,0.01
1747,70.099861,163.776947,-124.01700000000001,0.40106994327735723,0.4561132207377223,0.5040474070105341,-0.482346,0.872828,0.074252,85.741754777046,331.07389176349074,1,0,Default series,1,1,0.01
1748,196.827316,166.92965700000002,-131.305,0.5601328359446952,0.4600703677690522,0.49489982046932596,-0.58602,0.79088,-0.176323,100.15565772610238,323.46258686015864,1,0,Default series,1,1,0.01
1749,276.0,360.0,-155.02700000000002,0.659507009735821,0.7024040218762474,0.4651249785469138,0.296419,0.103703,0.949411,18.30264162385635,70.71747060567806,1,0,Default series,1,1,0.01
1761,242.0,22.0,-107.48899999999999,0.6168316608882529,0.27816084803865815,0.5247926471797284,0.508402,-0.18771400000000002,-0.840411,147.18354568468038,110.26533433018086,1,0,Default series,1,1,0.01
1770,43.992447,211.964233,-118.538,0.36830103151389004,0.516595845445591,0.5109244139615878,0.45362399999999997,0.051104000000000004,-0.889727,152.8389618549456,83.57232030637877,1,0,Default series,1,1,0.01
1772,83.94099399999999,128.543915,-106.021,0.41844274266619796,0.41189022275073606,0.5266352181240881,-0.155647,-0.858007,0.489487,60.6931308495062,190.28194431016823,1,0,Default series,1,1,0.01
1774,268.0,397.716919,-158.0,0.6494657511834521,0.7497446888109671,0.4613933958373897,0.283378,0.676988,0.679253,47.21470262882964,22.71352472908423,1,0,Default series,1,1,0.01
1779,266.0,124.00000800000001,-115.546,0.6469554365453598,0.4061869046226212,0.5146798446601738,-0.38039,0.793031,0.475821,61.58718127649212,334.3745499594065,1,0,Default series,1,1,0.01
1790,214.0,38.0,-78.9594,0.5816872559549615,0.2982433651433961,0.5606017834291867,-0.306621,-0.22273600000000002,0.9254040000000001,22.270646216595633,234.00454949211516,1,0,Default series,1,1,0.01
1794,45.973461,129.874298,-127.38600000000001,0.3707875157351228,0.41356006271032064,0.49981878200266766,-0.475757,-0.6872550000000001,-0.548941,123.29439144054494,214.69318530847698,1,0,Default series,1,1,0.01
1796,266.0,74.042282,-140.0,0.6469554365453598,0.3434820991908204,0.4839862275802199,0.844937,-0.42994399999999994,-0.318166,108.5520485391159,116.96914954579822,1,0,Default series,1,1,0.01
1806,248.0,80.0,-111.07600000000001,0.6243626048025296,0.3509599725433332,0.5202903978763099,0.135053,-0.787181,0.601753,53.00444954027904,170.26480737223574,1,0,Default series,1,1,0.01
1807,137.962479,91.822311,-170.41299999999998,0.4862482049496883,0.3657988327230227,0.4458131280360702,-0.139318,0.298297,0.9442510000000001,19.221830301939608,334.96532802072767,1,0,Default series,1,1,0.01
1808,270.0,42.0,-159.007,0.6519760658215443,0.30326399441958063,0.4601294524171103,-0.253736,-0.201981,0.94595,18.923928205751153,231.47922300382066,1,0,Default series,1,1,0.01
1814,39.970978,57.862536999999996,-165.449,0.3632534552652229,0.32317397383377056,0.45204372896781514,-0.041424,-0.006956,0.999117,2.407963746489681,260.4677119433538,1,0,Default series,1,1,0.01
1815,37.994953,169.97610500000002,-162.709,0.36077323302385483,0.4638941392733456,0.45548286002200156,-0.22691599999999998,0.241725,0.94344,19.362474917802672,316.8099375560984,1,0,Default series,1,1,0.01
1818,260.0,68.0,-132.971,0.639424492631083,0.3358980847147798,0.4928087283757951,0.610736,0.061972,0.789406,37.869964125037626,84.20597077585661,1,0,Default series,1,1,0.01
1831,190.990997,52.0,-106.0,0.5528073374355573,0.3158155676100418,0.5266615764277881,-0.635936,-0.381652,0.670766,47.87378739192381,239.03025505820932,1,0,Default series,1,1,0.01
1833,94.169235,85.650887,-116.02600000000001,0.4312807942183156,0.3580527247204858,0.5140773691470316,-0.26777399999999996,0.963211,-0.02284,91.30874940915945,344.4639952471442,1,0,Default series,1,1,0.01
1834,143.847229,272.901154,-119.21700000000001,0.49363449198294496,0.5930812678388764,0.5100721621419555,-0.432963,0.53746,0.723657,43.64275957052848,321.14603661975144,1,0,Default series,1,1,0.01
1839,189.945374,335.342194,-124.01899999999999,0.5514949160741444,0.6714545962037279,0.504044896695896,-0.309053,0.939891,-0.145227,98.35042447352464,341.79820864693517,1,0,Default series,1,1,0.01
1848,242.0,78.0,-112.28200000000001,0.6168316608882529,0.34844965790524096,0.5187766781495403,0.130848,-0.794285,0.593288,53.60931650928308,170.64529393060002,1,0,Default series,1,1,0.01
1853,249.723633,185.737396,-114.661,0.626526035377829,0.48367703902961134,0.5157906588875296,-0.511943,0.756627,0.40673000000000004,66.00041664001174,325.91724168270633,1,0,Default series,1,1,0.01
1862,220.110855,56.0,-92.0,0.589357340333841,0.32083619688622633,0.5442337788944338,-0.385716,0.8322719999999999,0.39817800000000003,66.53567423090271,335.1346613413353,1,0,Default series,1,1,0.01
1864,199.948532,365.812317,-110.01799999999999,0.5640504530514191,0.7096993940994136,0.5216183543198607,0.351288,-0.873517,0.336995,70.30610138578943,158.09229734389697,1,0,Default series,1,1,0.01
1865,246.0,68.0,-159.148,0.6218522901644373,0.3358980847147798,0.4599524752351248,0.25121,0.361216,0.898007,26.10267957039515,34.81693172545599,1,0,Default series,1,1,0.01
1866,175.996811,37.984882,-155.191,0.5339872751345184,0.2982243896750468,0.46491913274659025,0.286667,-0.133401,0.9486969999999999,18.432466071587722,114.95499782511342,1,0,Default series,1,1,0.01
1872,210.0,82.0,-113.09,0.576666626678777,0.3534702871814255,0.517762511035751,-0.092737,0.349722,0.9322520000000001,21.21137327098364,345.14848584633324,1,0,Default series,1,1,0.01
1873,220.0,14.0,-108.213,0.5892181998692382,0.2681195894862892,0.523883913280739,-0.251737,-0.894783,-0.368772,111.63990326421948,195.71334221606264,1,0,Default series,1,1,0.01
1876,131.95195,57.861027,-114.01700000000001,0.4787040454839993,0.32317207854621877,0.5165989802009953,0.542618,-0.786714,-0.294358,107.11904424298993,145.4049168999955,1,0,Default series,1,1,0.01
1880,195.991852,171.961426,-145.7,0.5590841971902957,0.4663860294571516,0.47683183086165704,0.06386599999999999,0.13301300000000002,0.9890540000000001,8.485204204324825,25.647923241844648,1,0,Default series,1,1,0.01
1888,51.976684999999996,172.456009,-130.00799999999998,0.3783225062765962,0.4670068089294773,0.4965277595121288,0.755042,-0.655151,-0.026241000000000004,91.50367115272313,130.94822200117866,1,0,Default series,1,1,0.01
1890,292.0,88.99762,-124.0,0.679589526840559,0.362253401140329,0.5040687446849579,0.44573999999999997,-0.5966130000000001,0.6673600000000001,48.13636612734377,143.23594873882777,1,0,Default series,1,1,0.01
1891,161.984299,82.1231,-100.006,0.5163993681394968,0.3536247970474,0.5341849893981505,-0.171094,-0.487413,0.856245,31.102449618411747,199.34233305183983,1,0,Default series,1,1,0.01
1895,229.034683,10.0,-122.0,0.6005581483619498,0.2630989602101047,0.5065790593230501,0.723388,-0.6884560000000001,-0.052327,92.99948614097367,133.58267067177945,1,0,Default series,1,1,0.01
1902,200.764313,32.0,-98.0,0.5650743865443079,0.2907124212291194,0.536702834980157,-0.938567,-0.220117,0.265783,74.58651603164964,256.80126734310835,1,0,Default series,1,1,0.01
1903,159.976013,68.937042,-138.00799999999998,0.513878653267859,0.3370742198393334,0.4864865009597598,0.149088,-0.939803,0.30748000000000003,72.09257096578042,170.9858560294713,1,0,Default series,1,1,0.01
1904,187.997971,75.99039499999999,-145.02100000000002,0.549050618945562,0.3459272874810993,0.4776840826812893,-0.6516770000000001,0.528818,-0.543755,122.93962568603675,309.05838156844163,1,0,Default series,1,1,0.01
1913,207.965668,339.425507,-122.012,0.5741132199796073,0.6765797964016341,0.5065639974352215,0.127716,0.98665,-0.10104199999999999,95.79917661721991,7.375587298740677,1,0,Default series,1,1,0.01
1919,206.0,84.0,-115.00299999999999,0.5716459974025925,0.35598060181951774,0.5153613950844158,-0.521081,0.437029,0.7331310000000001,42.85047691156262,309.986455218938,1,0,Default series,1,1,0.01
1920,286.0,174.0,-147.25799999999998,0.6720585829262823,0.4689447605336687,0.4748762957585832,0.007548,-0.287147,-0.957857,163.30688123591622,178.49425911343536,1,0,Default series,1,1,0.01
1924,53.674847,157.889542,-154.00799999999998,0.3804539667398222,0.44872360126178357,0.46640398385502185,-0.348492,0.9228700000000001,0.163904,80.56642847476834,339.3125785328793,1,0,Default series,1,1,0.01
1939,77.937775,99.705292,-155.204,0.41090775840051125,0.37569321402107425,0.46490281570144265,0.132364,-0.26118600000000003,0.9561700000000001,17.026388111326217,153.12499233465695,1,0,Default series,1,1,0.01
1940,36.549732,183.988815,-92.0008,0.35895925330806566,0.4814822947895164,0.5442327747685786,-0.631497,0.14485599999999998,0.761727,40.38331615533762,282.91929872350266,1,0,Default series,1,1,0.01
1946,242.0,217.999985,-154.662,0.6168316608882529,0.5241716637443383,0.4655831109683657,0.142397,-0.084549,0.986192,9.532438619737654,120.69995496410536,1,0,Default series,1,1,0.01
1958,156.560806,215.113052,-147.83700000000002,0.5095920312057514,0.5205481086597925,0.4741495596708554,-0.11474000000000001,0.07975800000000001,0.990189,8.032486058070948,304.8039132138424,1,0,Default series,1,1,0.01
1964,282.0,20.0,-154.841,0.6670379536500978,0.27565053340056594,0.4653584378082564,0.012608,0.042283,0.999026,2.529020590282074,16.60359671217319,1,0,Default series,1,1,0.01
1968,161.450165,273.67181400000004,-110.024,0.5157289459400454,0.5940485673783724,0.5216108233759464,-0.43264300000000006,0.375042,0.8198559999999999,34.92961860192196,310.9207907617424,1,0,Default series,1,1,0.01
1974,127.95283500000001,39.776627000000005,-160.80100000000002,0.4736845270220422,0.30047331152566115,0.4578777001867415,-0.137326,-0.257997,0.9563360000000001,16.99387606803693,208.0253685834612,1,0,Default series,1,1,0.01
1975,57.969898,151.875992,-108.01100000000001,0.3858449314381486,0.44117564996583375,0.5241374550591863,-0.431961,0.718342,0.545339,56.95216725127106,328.9802207092738,1,0,Default series,1,1,0.01
1986,258.414673,64.0,-130.0,0.6374346578439516,0.33087745543859526,0.4965378007706811,0.608438,0.346544,0.71394,44.443604461109295,60.33574542765434,1,0,Default series,1,1,0.01
1997,227.99687200000002,160.22789,-102.46600000000001,0.5992555322895132,0.4516585958684604,0.531097302393297,0.002491,0.251341,0.9678950000000001,14.557700698208366,0.5678306127586593,1,0,Default series,1,1,0.01
2002,246.0,27.444405,-146.0,0.6218522901644373,0.28499443282225945,0.4764552836659432,0.38516,-0.912164,0.14003,81.95041777888925,157.10816419021842,1,0,Default series,1,1,0.01
2004,242.0,20.0,-161.63299999999998,0.6168316608882529,0.27565053340056594,0.4568334092972952,-0.216079,0.026657,0.9760120000000001,12.574961046245644,277.0328686478054,1,0,Default series,1,1,0.01
2012,270.0,134.0,-149.244,0.6519760658215443,0.41873846777182383,0.47238355332295756,0.020702,-0.05690599999999999,0.998165,3.4715393930982708,160.008971367023,1,0,Default series,1,1,0.01
2022,240.625015,157.08493,-101.527,0.6151058384019242,0.4477136866209912,0.5322758951158814,0.078074,0.09584,0.9923299999999999,7.100898255226463,39.167243431551796,1,0,Default series,1,1,0.01
2025,57.977031999999994,168.76533500000002,-100.008,0.38585388573046264,0.46237443244616416,0.5341824790835125,0.370429,-0.857591,-0.35681999999999997,110.90502927547456,156.63848828632558,1,0,Default series,1,1,0.01
2030,9.995427000000001,64.38089000000001,-156.002,0.32562942303513265,0.3313555323098468,0.46390120016084385,0.44115699999999997,-0.893234,-0.08668,94.9726383976433,153.71581517190555,1,0,Default series,1,1,0.01
2031,181.997452,81.98790699999999,-99.8662,0.5415190236046367,0.3534551085639662,0.5343604603913531,0.41576499999999994,-0.9094709999999999,-0.001159,90.06640582332261,155.43247284868576,1,0,Default series,1,1,0.01
2036,254.013184,189.818985,-122.007,0.6319100967109006,0.4888000753362995,0.5065702732218168,-0.573445,0.662626,-0.48175500000000004,118.80008669157627,319.1266694414477,1,0,Default series,1,1,0.01
2041,91.984734,375.927704,-139.181,0.42853890179970205,0.7223957961274475,0.4850142014245187,0.20738499999999999,-0.11953599999999999,0.970929,13.849222197937104,119.95900031838032,1,0,Default series,1,1,0.01
2054,208.0,49.630779,-126.0,0.5741563120406847,0.31284182253145404,0.5015584300468656,0.610328,-0.756432,0.235179,76.39782555756615,141.10163685889637,1,0,Default series,1,1,0.01
2055,110.54673799999999,21.674492,-144.024,0.45183713697646544,0.27775228429005006,0.4789354745283783,0.9290889999999999,-0.074432,0.36228899999999997,68.75916193893319,94.58034789239929,1,0,Default series,1,1,0.01
2069,190.42961100000002,24.0,-144.0,0.5521027096888473,0.2806711626767504,0.4789655983040354,-0.866876,-0.122174,0.48332200000000003,61.09740720432496,261.97780077823984,1,0,Default series,1,1,0.01
2074,262.0,47.447964,-156.0,0.6419348072691753,0.3101020463080804,0.46390371047548196,0.8727030000000001,-0.21381799999999998,0.43894399999999995,63.96347641960085,103.76665774341372,1,0,Default series,1,1,0.01
2076,107.946648,67.211517,-98.0187,0.4485736149827868,0.33490841450638636,0.5366793635382908,-0.43404799999999993,0.096153,0.8957440000000001,26.39584527444135,282.4907991314762,1,0,Default series,1,1,0.01
2077,55.994953,253.976074,-157.056,0.383366064766685,0.569327315163343,0.46257826434656923,0.049937999999999996,-0.114968,0.9921129999999999,7.200777709948899,156.52159218210272,1,0,Default series,1,1,0.01
2078,200.000015,70.0,-106.434,0.5641150723156756,0.33840839935287204,0.526116838151322,0.044483999999999996,0.379077,0.9242950000000001,22.437714009472113,6.692946100666838,1,0,Default series,1,1,0.01
2079,78.495766,235.81871,-116.01299999999999,0.41160812488812315,0.5465369668441584,0.5140936861921792,-0.635551,-0.266563,0.724582,43.56591373778016,247.24583333134518,1,0,Default series,1,1,0.01
2088,99.98307,393.919769,-143.155,0.4385780717702921,0.744978668196951,0.4800262062386294,-0.140678,0.23478400000000002,0.961814,15.88479044576286,329.0707798851516,1,0,Default series,1,1,0.01
2089,112.878593,47.719856,-164.021,0.4547639818466697,0.3104433135418705,0.453836093619413,-0.581734,-0.808217,0.091491,84.75061096735126,215.7453778611306,1,0,Default series,1,1,0.01
2095,64.687218,61.711696999999994,-120.021,0.39427622480052343,0.3280052751799501,0.5090630156574424,-0.999396,-0.034751,-0.000787,90.04509178313154,268.0085133952442,1,0,Default series,1,1,0.01
2096,228.0,14.985473999999998,-114.0,0.5992594584216072,0.2693565143901189,0.5166203178754191,0.51683,-0.802503,0.29812,72.65527909716162,147.2175529489501,1,0,Default series,1,1,0.01
2097,241.881821,28.0,-108.0,0.6166833276514454,0.2856917919529349,0.5241512617896958,0.560722,-0.074431,-0.824652,145.55322531640385,97.56131557431787,1,0,Default series,1,1,0.01
2099,0.522112,53.99268000000001,-122.001,0.3137389223772532,0.31831669449655864,0.5065778041657311,0.5680649999999999,-0.740692,-0.358716,111.02136211208207,142.5140227786089,1,0,Default series,1,1,0.01
2113,275.667694,84.0,-116.0,0.6590899134277581,0.35598060181951774,0.5141100032373268,0.36901999999999996,-0.91869,0.140829,81.90418026746556,158.11562625624535,1,0,Default series,1,1,0.01
2115,280.141022,78.0,-156.0,0.6647046438074521,0.34844965790524096,0.46390371047548196,-0.243783,0.068494,0.967408,14.668300276920021,285.6933975300168,1,0,Default series,1,1,0.01
2121,218.0,44.0,-117.41799999999999,0.5867078852311459,0.3057743090576729,0.5123301901589195,-0.47029099999999996,0.717971,-0.513171,120.87528025873145,326.77408461384334,1,0,Default series,1,1,0.01
2123,129.95013400000002,86.506966,-104.01799999999999,0.4761914514802157,0.35912723854301754,0.5291492982341375,0.008570999999999999,0.742042,0.670298,47.90993124855822,0.6617688603150726,1,0,Default series,1,1,0.01
2134,298.0,188.0,-132.753,0.6871204707548357,0.4865169630003144,0.4930823526713472,0.211575,0.8421569999999999,0.495992,60.26481476661727,14.102545939759919,1,0,Default series,1,1,0.01
2135,79.936798,71.700653,-109.09200000000001,0.4134168467499028,0.34054298641297975,0.5227806299972975,0.057337,0.19458599999999998,0.979208,11.70418387421198,16.41821494345774,1,0,Default series,1,1,0.01
2148,266.0,74.0,-156.89600000000002,0.6469554365453598,0.34342902862905655,0.4627790895176166,-0.105749,-0.138931,0.98464,10.055199857993372,217.27701281810337,1,0,Default series,1,1,0.01
2150,25.983373999999998,53.921253,-164.299,0.34569681172870415,0.31822704237473115,0.4534871598847182,-0.101823,0.129607,0.986324,9.48666081015525,321.84579971744427,1,0,Default series,1,1,0.01
2155,185.318207,75.983238,-136.001,0.5456870935476457,0.3459183043201669,0.48900560169908536,-0.563854,-0.030070999999999997,0.825327,34.37834187599094,266.9472404278583,1,0,Default series,1,1,0.01
2157,72.039711,35.708965,-110.022,0.4035047602027088,0.29536775579495533,0.5216133336905846,-0.691171,-0.443748,0.5704130000000001,55.22096947787997,237.29858504753054,1,0,Default series,1,1,0.01
2161,272.0,80.0,-156.537,0.6544863804596366,0.3509599725433332,0.4632296909951542,0.10128,-0.062891,0.9928680000000001,6.847022442218095,121.83869689608628,1,0,Default series,1,1,0.01
2163,266.730927,36.0,-144.0,0.6478728649190982,0.29573305050530385,0.4789655983040354,0.71209,-0.7001850000000001,0.051658,87.03889664991549,134.51702742089708,1,0,Default series,1,1,0.01
2167,242.0,100.442375,-108.0,0.6168316608882529,0.37661836914326874,0.5241512617896958,-0.668333,0.7084020000000001,0.226931,76.88354606307493,316.66708676176415,1,0,Default series,1,1,0.01
2173,276.0,338.0,-151.75,0.659507009735821,0.6747905608572327,0.469238129081428,0.5696,-0.100701,0.8157300000000001,35.340393293596975,100.02586518147852,1,0,Default series,1,1,0.01
2174,202.623108,54.0,-102.0,0.5674074666931642,0.3183258822481341,0.5316822057039725,-0.25696399999999997,0.12700999999999998,0.958039,16.656777471809505,296.3018781577942,1,0,Default series,1,1,0.01
2181,123.876373,269.116486,-141.89600000000002,0.4685679259069288,0.5883309140985167,0.4816064493033084,0.363406,0.931609,0.0064,89.63330450777933,21.309973489510647,1,0,Default series,1,1,0.01
2186,189.20486499999998,39.999992,-156.0,0.5505654607829747,0.30075366974022977,0.46390371047548196,-0.885526,-0.45685200000000004,-0.084437,94.84365095869028,242.71032406525143,1,0,Default series,1,1,0.01
2191,214.0,10.090138,-128.0,0.5816872559549615,0.2632120975805289,0.49904811540877336,0.007931,-0.995634,0.09300399999999999,84.66355123116718,179.54360415945695,1,0,Default series,1,1,0.01
2193,92.084175,37.727318,-102.02,0.4286637158986653,0.29790110633532396,0.5316571025575916,0.275113,0.18466400000000002,0.9435110000000001,19.350201285670753,56.12931713023847,1,0,Default series,1,1,0.01
2209,27.995811,137.980164,-161.084,0.34822273675837334,0.4237341997474277,0.4575224906654515,0.135653,-0.156908,0.978253,11.970919615259946,139.1553245331529,1,0,Default series,1,1,0.01
2227,240.0,21.889368,-92.0,0.6143213462501607,0.2780219874741374,0.5442337788944338,0.839701,-0.41197,0.353811,69.27940909308083,116.13326683375622,1,0,Default series,1,1,0.01
2241,17.880407,71.952003,-128.004,0.3355263133926649,0.34085847020512205,0.4990430947794972,0.814689,-0.170239,0.554347,56.3342504643968,101.80280332259039,1,0,Default series,1,1,0.01
2242,173.996811,27.984797999999998,-155.247,0.5314769604964262,0.2856727110513708,0.46484884393672365,0.353348,0.017493,0.935328,20.718799617470662,87.1658041025116,1,0,Default series,1,1,0.01
2246,19.974197,0.011191,-158.009,0.3381543492357105,0.25056143348520094,0.4613820994215183,-0.672658,0.737735,-0.057259000000000004,93.28249436870114,317.64181312168006,1,0,Default series,1,1,0.01
2250,55.957211,73.797325,-163.231,0.3833186926191496,0.34317463961941885,0.45482766790145945,-0.039675,0.12452,0.991424,7.509151757318331,342.32689795502745,1,0,Default series,1,1,0.01
2252,203.769882,171.515533,-121.492,0.568846848472556,0.46582636359469015,0.5072166792411256,-0.293667,0.9382389999999999,0.18293800000000002,79.45906301334263,342.61998043771735,1,0,Default series,1,1,0.01
2253,37.983932,135.923889,-140.55100000000002,0.3607593999350416,0.42115325113120616,0.4832946358974255,-0.9423239999999999,-0.20551999999999998,-0.26417399999999996,105.31787752884759,257.6965092503611,1,0,Default series,1,1,0.01
2254,262.0,191.092117,-136.0,0.6419348072691753,0.49039805628421135,0.4890068568564044,-0.198853,0.976666,-0.081123,94.65311872009087,348.49165979585166,1,0,Default series,1,1,0.01
2262,224.0,54.0,-84.8298,0.5942388291454227,0.3183258822481341,0.5532335079034583,0.056880999999999994,0.92085,0.385746,67.3099393371229,3.5346752359670206,1,0,Default series,1,1,0.01
2278,212.0,79.554947,-112.0,0.5791769413168693,0.3504013610130198,0.5191306325135113,-0.054701,0.442168,0.8952629999999999,26.457768678025733,352.9477189910591,1,0,Default series,1,1,0.01
2280,40.0,370.0,-141.059,0.3632898824409363,0.7149555950667086,0.48265701597935007,-0.155091,-0.260721,0.952875,17.659717491887022,210.74647854761895,1,0,Default series,1,1,0.01
2286,61.968357,175.850128,-113.087,0.39086362651690437,0.47126696223404085,0.5177662765077082,0.6605300000000001,-0.5120560000000001,-0.549089,123.30453698805232,127.78355495214448,1,0,Default series,1,1,0.01
2287,251.61061099999998,182.0,-164.0,0.6288944896254081,0.47898601908603766,0.453862451923113,0.46663699999999997,0.391262,0.793199,37.514523894816186,50.02111330891574,1,0,Default series,1,1,0.01
2288,77.95815999999999,214.91000400000001,-138.015,0.41093334478246,0.5202932514764749,0.4864777148585265,-0.41009700000000004,-0.8483959999999999,0.33473,70.44387977482538,205.79815786782953,1,0,Default series,1,1,0.01
2303,186.111206,51.994549,-140.0,0.5466824320464919,0.31580872574749574,0.4839862275802199,-0.664766,-0.746264,-0.034291,91.96511482447526,221.69439389097067,1,0,Default series,1,1,0.01
2311,17.982763000000002,-0.047579,-174.00599999999997,0.33565478627521317,0.25048766788956056,0.44130334778873753,-0.06693099999999999,-0.34412,0.9365370000000001,20.522106270292188,191.00655340817494,1,0,Default series,1,1,0.01
2317,13.99114,63.181629,-140.003,0.33064467145189036,0.32985027108825016,0.4839824621082628,0.44829399999999997,-0.874711,0.184157,79.38801236242975,152.8646210968426,1,0,Default series,1,1,0.01
2322,290.0,78.0,-152.974,0.6770792122024667,0.34844965790524096,0.46770181652291554,-0.262642,-0.092443,0.960455,16.166838204210965,250.60928710646738,1,0,Default series,1,1,0.01
2324,71.94059,31.718603,-169.472,0.40338034775408765,0.2903592237250118,0.4469942310732926,0.035457,-0.21313600000000002,0.9763790000000001,12.478011135796603,170.55485423587294,1,0,Default series,1,1,0.01
2325,193.987869,185.94252,-144.444,0.5565688832606017,0.48393450191952336,0.478408308454379,0.080887,0.49140500000000004,0.867167,29.86892290182488,9.3472699509238,1,0,Default series,1,1,0.01
2326,186.147766,85.982513,-120.001,0.5467283205980762,0.3584689675215718,0.5090881188038233,0.869447,-0.477397,0.127098,82.69807117546164,118.77036078783148,1,0,Default series,1,1,0.01
2332,262.0,70.730988,-158.0,0.6419348072691753,0.3393259042912069,0.4613933958373897,-0.221585,-0.081478,0.9717309999999999,13.655930140506069,249.81125260087524,1,0,Default series,1,1,0.01
2333,50.163834,-0.22288000000000002,-108.01700000000001,0.37604709307560613,0.2502676375563745,0.524129924115272,-0.275652,0.568175,0.775366,39.16177281280638,334.11950245711824,1,0,Default series,1,1,0.01
2334,71.955811,160.165421,-108.016,0.40339945250364084,0.45158018744589695,0.5241311792725911,-0.44116000000000005,0.775788,0.45114399999999993,63.18289447906022,330.37481991656665,1,0,Default series,1,1,0.01
2346,75.982933,297.919159,-140.866,0.4084541241566325,0.6244827999225587,0.48289926134192596,-0.40775300000000003,-0.199523,0.891026,26.997541955636695,243.92642455067045,1,0,Default series,1,1,0.01
2351,201.791412,78.0,-112.0,0.5663635573715429,0.34844965790524096,0.5191306325135113,-0.204578,0.888015,0.41179899999999997,65.68210462774533,347.0267361181848,1,0,Default series,1,1,0.01
2353,17.999071,127.995605,-163.506,0.33567525538077225,0.4112020074411299,0.4544824996387218,-0.060814,-0.20563800000000002,0.9767370000000001,12.382719081918296,196.474701775599,1,0,Default series,1,1,0.01
2355,280.0,92.991028,-106.0,0.6645276390120055,0.36726575641946635,0.5266615764277881,0.353901,-0.573675,0.738682,42.38073710370658,148.32949960394157,1,0,Default series,1,1,0.01
2358,236.0,1.196507,-156.0,0.6093007169739761,0.25204919153798344,0.46390371047548196,0.292351,-0.230702,0.928067,21.864527076352175,128.27791621184474,1,0,Default series,1,1,0.01
2365,240.0,26.0,-109.04899999999999,0.6143213462501607,0.28318147731484267,0.5228346017620165,0.48141300000000004,-0.07608,-0.873186,150.83101093679596,98.98045543750887,1,0,Default series,1,1,0.01
2369,258.0,80.243988,-112.0,0.6369141779929908,0.3512662158672927,0.5191306325135113,0.078985,-0.98454,0.156342,81.00536385524778,175.41325329647012,1,0,Default series,1,1,0.01
2372,35.954025,7.782246000000001,-139.534,0.35821154730700866,0.2603153300451609,0.48457113089089543,-0.685984,0.701284,-0.19397899999999998,101.18508579086911,315.63188214971746,1,0,Default series,1,1,0.01
2374,43.998855999999996,245.994583,-155.465,0.3683090758171478,0.5593092883177923,0.46457521964117166,0.044674,-0.100473,0.993936,6.313016645409975,156.0283052098883,1,0,Default series,1,1,0.01
2376,212.88562000000002,375.877411,-146.009,0.5802885337417629,0.7223326705004007,0.47644398725007175,0.725427,-0.5947,0.346537,69.72435177247984,129.34466127103605,1,0,Default series,1,1,0.01
2380,210.0,17.642784,-100.0,0.576666626678777,0.27269185648559335,0.5341925203420648,-0.5458569999999999,-0.775097,0.318222,71.4445669915388,215.1548715170507,1,0,Default series,1,1,0.01
2389,37.996722999999996,173.984482,-89.9288,0.36077545465230954,0.4689252830023918,0.5468334607336421,-0.567851,0.040662000000000004,0.822126,34.70181571833101,274.09577726386476,1,0,Default series,1,1,0.01
2390,197.999985,77.999939,-121.771,0.5616047200228638,0.3484495813406445,0.5068664903491117,-0.6006630000000001,0.629537,0.49283599999999994,60.472845314818024,316.34454125338254,1,0,Default series,1,1,0.01
2395,65.992752,315.965668,-130.122,0.395914875355887,0.6471340077771405,0.4963846715777575,0.401602,0.12282699999999999,0.90754,24.832418941721468,72.99413584812669,1,0,Default series,1,1,0.01
2424,202.0,19.282389000000002,-124.0,0.566625368126408,0.2747498187016879,0.5040687446849579,-0.715389,-0.32369899999999996,0.619224,51.74051103845622,245.65421358661627,1,0,Default series,1,1,0.01
2432,61.943371,39.731781,-163.579,0.3908322651561307,0.30041702274053117,0.4543908731544314,0.043325999999999996,-0.362792,0.9308620000000001,21.430413871952897,173.18977386313247,1,0,Default series,1,1,0.01
2451,203.970093,319.85830699999997,-95.1506,0.5690981447745596,0.6520198821083949,0.540279280245047,0.050613,0.40815100000000004,0.91151,24.285136471117642,7.068909780841165,1,0,Default series,1,1,0.01
2455,230.0,58.0,-94.3497,0.6017697730596994,0.3233465115243186,0.5412845357418711,0.229125,0.729088,0.644928,49.83972262829415,17.44597664477136,1,0,Default series,1,1,0.01
2457,39.962452,9.041894000000001,-172.013,0.36324275379392074,0.2618963864517827,0.4438048763255964,-0.476296,0.163351,0.863979,30.23367590336868,288.92997402083256,1,0,Default series,1,1,0.01
2467,266.369019,184.0,-154.0,0.6474186134440769,0.4814963337241299,0.4664140251135742,0.5619930000000001,0.611577,-0.5569,123.84168202860997,42.58065963905904,1,0,Default series,1,1,0.01
2487,212.504318,62.000004000000004,-104.0,0.579809939745696,0.32836714582113236,0.5291718910658803,0.607137,0.08819199999999999,0.7896880000000001,37.843635835307104,81.73508976517499,1,0,Default series,1,1,0.01
2492,93.92021899999999,86.718391,-130.028,0.43096823996335604,0.3593926101791968,0.49650265636574786,0.525779,0.835364,-0.160386,99.2293017437602,32.18635537202078,1,0,Default series,1,1,0.01
2495,101.94455699999999,14.028777,-106.01899999999999,0.441040046534556,0.2681557091484594,0.5266377284387261,0.235277,-0.792091,0.563238,55.71997586307636,163.45685403928474,1,0,Default series,1,1,0.01
2498,230.119415,14.0,-124.0,0.6019196576709533,0.2681195894862892,0.5040687446849579,0.9150440000000001,-0.21431799999999998,-0.341706,109.98084693679893,103.1819779839602,1,0,Default series,1,1,0.01
2508,63.970436,185.85997,-148.406,0.39337655062706295,0.48383088868283614,0.47343537515631823,0.743202,-0.099865,-0.661572,131.41987292167028,97.65306628509443,1,0,Default series,1,1,0.01
2509,231.999039,272.930878,-136.0,0.604278881491608,0.5931185761350277,0.4890068568564044,-0.661469,0.748941,-0.039324,92.25368032815932,318.548872706085,1,0,Default series,1,1,0.01
2513,280.0,10.0,-153.494,0.6645276390120055,0.2630989602101047,0.46704913471701154,0.154494,0.19092,0.9693719999999999,14.217122025492007,38.980062828131466,1,0,Default series,1,1,0.01
2526,262.0,36.0,-159.32399999999998,0.6419348072691753,0.29573305050530385,0.4597315675469727,0.176296,0.21758200000000003,0.959989,16.26245546236508,39.016150026868694,1,0,Default series,1,1,0.01
2534,206.0,48.825321,-114.0,0.5716459974025925,0.31183084602756983,0.5166203178754191,0.399694,-0.899593,0.176003,79.86296821433196,156.04416541381747,1,0,Default series,1,1,0.01
2535,244.0,24.0,-160.708,0.6193419755263452,0.2806711626767504,0.45799442981741284,-0.391362,-0.230521,0.8908959999999999,27.013945352315368,239.5009603528054,1,0,Default series,1,1,0.01
2548,203.142624,173.86264,-112.307,0.5680595410029258,0.4687723521243245,0.5187452992165642,-0.44588500000000003,0.895076,-0.005096,90.29198055615899,333.51966106562963,1,0,Default series,1,1,0.01
2554,238.0,32.0,-82.3312,0.6118110316120684,0.2907124212291194,0.5563696439808269,0.911481,-0.400434,0.09410299999999999,84.60030578774614,113.71695879942597,1,0,Default series,1,1,0.01
2564,253.51460299999997,78.0,-122.0,0.6312842991196133,0.34844965790524096,0.5065790593230501,0.215929,-0.850059,0.48039,61.28912337532316,165.7473712895298,1,0,Default series,1,1,0.01
2568,126.53443899999999,63.784847,-102.016,0.47190421690133644,0.3306074045759306,0.5316621231868678,0.440497,-0.28317,0.8519260000000001,31.578226212901555,122.73461488838535,1,0,Default series,1,1,0.01
2570,268.0,22.0,-156.938,0.6494657511834521,0.27816084803865815,0.46272637291021673,-0.16100599999999998,0.167272,0.972675,13.42491770127555,316.0934993015257,1,0,Default series,1,1,0.01
2574,183.989777,117.483101,-136.004,0.5440197049103053,0.39800716110402823,0.48900183622712823,0.41534399999999994,-0.903193,-0.10830899999999999,96.21784599349904,155.3041033424686,1,0,Default series,1,1,0.01
2576,85.990051,379.952881,-137.428,0.4210146315568907,0.7274480264994536,0.48721449220480656,0.23689899999999997,-0.051759000000000006,0.9701549999999999,14.03329024093296,102.3246246239124,1,0,Default series,1,1,0.01
2584,47.993713,181.970245,-85.0677,0.3733232498192404,0.47894867188000945,0.5529349059772571,-0.24176799999999998,-0.177066,0.9540420000000001,17.437959332443636,233.7817058643518,1,0,Default series,1,1,0.01
2591,218.0,46.0,-115.654,0.5867078852311459,0.3082846236957651,0.5145442876697168,-0.47936000000000006,0.480141,-0.734629,137.27587638174893,315.0466367350501,1,0,Default series,1,1,0.01
2594,198.0,34.0,-134.22,0.5616047388502236,0.29322273586721165,0.4912410368843065,-0.9126770000000001,0.35489499999999996,0.202658,78.30756515973671,291.2485999346984,1,0,Default series,1,1,0.01
2595,270.0,62.000004000000004,-156.43,0.6519760658215443,0.32836714582113236,0.4633639928282921,-0.231404,0.039031,0.972075,13.572194501113271,279.5739871339206,1,0,Default series,1,1,0.01
2600,234.000015,16.851264999999998,-92.0,0.6067904211632437,0.27169837561957927,0.5442337788944338,0.45838500000000004,-0.886993,-0.055907000000000005,93.20490616466036,152.67074105752295,1,0,Default series,1,1,0.01
2606,244.0,62.282654,-108.0,0.6193419755263452,0.32872191603736073,0.5241512617896958,-0.051557000000000006,0.359247,0.931817,21.280153043679423,351.83301453356376,1,0,Default series,1,1,0.01
2610,2.0,68.0,-88.6765,0.31559390431718365,0.3358980847147798,0.5484052942442835,0.8256020000000001,0.101013,0.555137,56.279848481352566,83.02448929380229,1,0,Default series,1,1,0.01
2613,103.959457,337.34310899999997,-100.014,0.44356906301670196,0.6739660593107671,0.5341749481395981,-0.239767,-0.645307,0.725321,43.50444220021335,200.3827972712181,1,0,Default series,1,1,0.01
2614,201.97306799999998,365.32473799999997,-156.009,0.5665915642294914,0.7090874057489504,0.46389241405961057,-0.136445,-0.612482,0.778619,38.86569432400832,192.55892518238707,1,0,Default series,1,1,0.01
2617,88.596695,307.871429,-142.01,0.42428637985163836,0.6369744644541819,0.4814633613689372,0.950392,0.26513600000000004,0.162659,80.63873207430512,74.41220472722459,1,0,Default series,1,1,0.01
2624,260.39230299999997,54.0,-130.0,0.6399168946128168,0.3183258822481341,0.4965378007706811,0.8191579999999999,-0.08949299999999999,0.566543,55.49049126935304,96.23483614957156,1,0,Default series,1,1,0.01
2642,109.931114,103.673721,-156.977,0.451064432007085,0.38067421672553914,0.4626774217747739,-0.167047,-0.06450700000000001,0.983836,10.315701985340441,248.88539464248942,1,0,Default series,1,1,0.01
2646,123.93472299999999,148.141983,-156.023,0.4686411643364951,0.43648888124009966,0.4638748418571439,0.014394,0.407158,0.9132440000000001,24.042430157250994,2.0246983578999975,1,0,Default series,1,1,0.01
2647,34.0,390.0,-136.779,0.3557589385266595,0.740058741447631,0.4880290893048675,-0.07833,-0.000118,0.996927,4.492935548577646,269.913687005385,1,0,Default series,1,1,0.01
2658,244.0,76.531837,-118.0,0.6193419755263452,0.3466068823702383,0.5115996885992345,0.233963,-0.9638049999999999,0.12783,82.65578575000087,166.35541520293825,1,0,Default series,1,1,0.01
2659,216.0,46.596638,-128.0,0.5841975705930538,0.30903349824828613,0.49904811540877336,-0.19223900000000002,0.715535,0.671605,47.808939350525975,344.96175717435796,1,0,Default series,1,1,0.01
2661,152.76263400000002,73.850471,-120.01100000000001,0.5048247278209553,0.3432413462102969,0.5090755672306329,0.7809189999999999,-0.552855,0.290719,73.09899359867536,125.2967513441769,1,0,Default series,1,1,0.01
2668,276.0,188.0,-147.195,0.659507009735821,0.4865169630003144,0.4749553706696831,-0.334266,0.437429,-0.8348190000000001,146.5969959395305,322.6143632198047,1,0,Default series,1,1,0.01
2676,201.957672,339.28283700000003,-114.015,0.5665722398274075,0.6764007231069259,0.5166014905156334,-0.25202399999999997,0.967685,0.008324,89.52306442349536,345.40216591031646,1,0,Default series,1,1,0.01
2678,199.06501799999998,46.0,-118.0,0.5629415039878394,0.3082846236957651,0.5115996885992345,0.14372000000000001,-0.9861549999999999,0.082724,85.25484134571045,171.70821819656888,1,0,Default series,1,1,0.01
2685,294.0,106.00000800000001,-112.23299999999999,0.6820998414786512,0.38359407287979097,0.5188381808581736,0.779118,-0.302584,0.5490149999999999,56.70053593320875,111.2245449199051,1,0,Default series,1,1,0.01
2687,51.976665000000004,157.006683,-150.00799999999998,0.3783224811734498,0.4476154743262478,0.47142461313120637,-0.573538,0.81579,-0.07444500000000001,94.2693339985974,324.8910129724013,1,0,Default series,1,1,0.01
2699,264.0,44.0,-158.735,0.6444451219072675,0.3057743090576729,0.4604708552078908,0.185002,-0.352179,0.917466,23.44160458213049,152.286751748151,1,0,Default series,1,1,0.01
2715,292.0,44.0,-152.692,0.679589526840559,0.3057743090576729,0.46805577088688655,-0.235031,-0.040674,0.9711360000000001,13.799586827919335,260.1817508121186,1,0,Default series,1,1,0.01
2716,109.920326,130.35566699999998,-138.028,0.45105089136992715,0.4141642565338325,0.4864613978133789,0.410959,-0.839786,-0.354785,110.78026810620216,153.924650271881,1,0,Default series,1,1,0.01
2720,216.0,9.712023,-136.0,0.5841975705930538,0.26273750377083777,0.4890068568564044,-0.081452,-0.970578,0.22659,76.90360648699637,184.79708591699136,1,0,Default series,1,1,0.01
2722,97.920731,85.642349,-126.02799999999999,0.4359895118800879,0.3580420081872958,0.5015232856419324,0.047313,0.982411,-0.180641,100.40709845950126,2.757239379668782,1,0,Default series,1,1,0.01
2729,111.931335,171.67477399999999,-152.878,0.45357502403494476,0.4660262361013323,0.467822311625544,0.538528,0.35622,-0.7636069999999999,139.7832232734922,56.51656835025986,1,0,Default series,1,1,0.01
2734,43.995135999999995,179.97695900000002,-86.8391,0.36830440663192093,0.4764467843681573,0.5507115203022989,-0.434483,-0.104077,0.894647,26.536875994471174,256.52907244557025,1,0,Default series,1,1,0.01
2739,243.18469199999998,44.0,-120.0,0.6183186357228683,0.3057743090576729,0.5090893739611424,0.573191,-0.8193389999999999,-0.01166,90.6680839279976,145.02423571795742,1,0,Default series,1,1,0.01
2746,35.996159000000006,163.981796,-92.9371,0.3582644321054893,0.4563703384593716,0.5430575709707557,-0.725467,-0.288491,0.624876,51.32691323793009,248.31414085294438,1,0,Default series,1,1,0.01
2748,274.349609,168.0,-160.0,0.6574355093928832,0.46141381661939196,0.4588830811992975,0.008818000000000001,0.541261,0.840808,32.77445896842433,0.9333565356157493,1,0,Default series,1,1,0.01
2751,163.990128,29.953249,-155.208,0.5189169990896018,0.2881434267312044,0.4648977950721665,-0.213284,0.142323,0.966568,14.857174998389429,303.7149195063452,1,0,Default series,1,1,0.01
2754,252.0,90.0,-102.598,0.6293832340787141,0.36351154573379446,0.530931621627183,0.112416,-0.10468399999999999,0.988132,8.836023330768294,132.96027728598628,1,0,Default series,1,1,0.01
2758,262.0,193.145584,-112.0,0.6419348072691753,0.49297548041868106,0.5191306325135113,-0.185168,0.662979,0.725377,43.49978117352779,344.3951146676901,1,0,Default series,1,1,0.01
2760,232.0,26.859552,-80.0,0.6042800876977916,0.2842603502987434,0.5592956667229873,0.247031,-0.5641579999999999,0.787846,38.015329967423426,156.35256376329664,1,0,Default series,1,1,0.01
2763,188.728592,89.984268,-134.001,0.5499676632411608,0.36349179959885125,0.4915159163371776,0.956692,-0.116623,0.266721,74.53075998735444,96.95019828849394,1,0,Default series,1,1,0.01
2781,248.0,90.0,-102.20299999999999,0.6243626048025296,0.36351154573379446,0.5314274087682062,0.047636000000000005,-0.191024,0.9804290000000001,11.35415953201131,165.9976371367075,1,0,Default series,1,1,0.01
2789,183.957001,292.093414,-144.015,0.5439785658740162,0.6171705734469124,0.47894677094424976,0.110883,-0.9901780000000001,0.085165,85.11448692165595,173.61047253327436,1,0,Default series,1,1,0.01
2792,198.0,8.0,-137.725,0.5616047388502236,0.26058864557201245,0.48684171048104985,-0.785356,-0.35299400000000003,0.508538,59.43350436250448,245.79751036785933,1,0,Default series,1,1,0.01
2793,286.0,86.508751,-138.0,0.6720585829262823,0.359129478998832,0.4864965422183122,0.15479400000000001,-0.959119,-0.23691500000000001,103.70453239928952,170.831982849342,1,0,Default series,1,1,0.01
2797,193.932907,164.980392,-135.969,0.5564998973040323,0.4576237335375417,0.48904576673329486,-0.40768899999999997,0.899963,0.15445699999999998,81.11469459912162,335.6291692976518,1,0,Default series,1,1,0.01
2799,212.46189900000002,22.0,-90.0,0.5797566972273793,0.27816084803865815,0.546744093532526,-0.619313,-0.548277,0.561999,55.805845049913266,228.4815751716973,1,0,Default series,1,1,0.01
2802,171.996094,23.981504,-154.404,0.5289657459105361,0.28064794728697734,0.46590694155667955,0.289977,-0.00678,0.957009,16.861441902834308,91.33939802020078,1,0,Default series,1,1,0.01
2809,236.0,49.848183,-84.0,0.6093007169739761,0.31311469875324394,0.5542750374468027,0.591585,0.798369,-0.112399,96.45362596575266,36.5381479204455,1,0,Default series,1,1,0.01
2812,121.93976599999999,50.280021999999995,-152.02100000000002,0.4661371794567628,0.31365672463474353,0.46889798144796646,0.609945,-0.778352,0.148778,81.44388348336882,141.91645661863413,1,0,Default series,1,1,0.01
2817,53.960460999999995,77.812737,-163.44,0.3808124572423442,0.34821461338020443,0.45456534002177884,0.12325,0.003757,0.9923690000000001,7.082799032730604,88.2540072405099,1,0,Default series,1,1,0.01
2822,204.0,36.0,-107.874,0.5691356827645002,0.29573305050530385,0.5243094116118956,-0.727892,0.136889,-0.671888,132.21294930986252,280.65077202372817,1,0,Default series,1,1,0.01
2827,266.0,62.000004000000004,-157.253,0.6469554365453598,0.32836714582113236,0.4623309983547172,-0.15423800000000001,0.074399,0.9852290000000001,9.860038556521696,295.7510307553832,1,0,Default series,1,1,0.01
2829,153.977768,51.17487,-158.00799999999998,0.5063499121546772,0.3147798996513773,0.4613833545788374,0.093802,0.14435499999999998,0.9850700000000001,9.913096957492224,33.01584494179038,1,0,Default series,1,1,0.01
2830,67.928871,26.949909,-126.025,0.39834500928928124,0.28437376254862046,0.5015270511138895,-0.708648,0.5602199999999999,-0.428918,115.39891328582391,308.3280501298293,1,0,Default series,1,1,0.01
2831,181.98812900000001,116.440987,-132.004,0.5415073217729512,0.39669914408964785,0.4940224655033127,0.522061,-0.8507110000000001,0.061176999999999995,86.49262597447976,148.46355461337086,1,0,Default series,1,1,0.01
2833,200.000015,0.0,-153.418,0.5641150723156756,0.2505473870196435,0.46714452667325906,-0.079001,-0.640175,0.7641560000000001,40.16803562557085,187.03503593266277,1,0,Default series,1,1,0.01
2834,105.951622,327.279449,-110.01700000000001,0.4460695434971995,0.6613345828053755,0.5216196094771798,-0.140558,-0.856418,0.49678100000000003,60.21273978889861,189.3204686475355,1,0,Default series,1,1,0.01
2836,294.0,12.0,-154.47899999999998,0.6820998414786512,0.26560927484819696,0.4658128047577511,0.221584,-0.064576,0.973001,13.344228468653597,106.2476533631332,1,0,Default series,1,1,0.01
2875,280.0,81.187965,-128.0,0.6645276390120055,0.3524510555078539,0.49904811540877336,0.259883,-0.930753,0.257216,75.09506666629885,164.3993094090172,1,0,Default series,1,1,0.01
2877,46.596107,139.900589,-110.007,0.37156903441919764,0.42614463524185686,0.5216321610503702,-0.452475,0.186658,0.872024,29.305299956128643,292.4174528006653,1,0,Default series,1,1,0.01
2890,5.999301,86.260132,-112.0,0.3206136562384021,0.3588174230413281,0.5191306325135113,0.566571,0.815637,0.11718599999999998,83.27027369810786,34.78524357024451,1,0,Default series,1,1,0.01
2892,215.958862,175.482803,-124.686,0.5841459359312628,0.4708059115718222,0.5032077067640922,-0.35854400000000003,0.9239649999999999,-0.133175,97.65310219747354,338.791290291821,1,0,Default series,1,1,0.01
2893,200.743317,30.0,-104.0,0.5650480332612372,0.2882021065910272,0.5291718910658803,-0.899667,-0.281614,-0.333604,109.48767024867317,252.6188226037524,1,0,Default series,1,1,0.01
2900,194.78646899999998,77.999619,-156.0,0.5575712518955919,0.3484491796903024,0.46390371047548196,-0.650367,0.7373689999999999,0.182507,79.48418035687918,318.5873767291826,1,0,Default series,1,1,0.01
2901,224.35463,54.0,-116.0,0.594683945585476,0.3183258822481341,0.5141100032373268,-0.422836,0.310562,-0.8513290000000001,148.35651430022963,306.29631026541296,1,0,Default series,1,1,0.01
2903,114.11502800000001,260.23233,-103.448,0.45631590228644453,0.5771799006715691,0.5298647379059938,-0.418441,0.037541000000000005,0.907468,24.84224005979031,275.1266428925088,1,0,Default series,1,1,0.01
2909,244.0,27.053741,-158.0,0.6193419755263452,0.2845040880433717,0.4613933958373897,0.137974,-0.896568,0.420867,65.11066307215745,171.2513118182931,1,0,Default series,1,1,0.01
2917,95.924103,11.773946,-130.02700000000002,0.43348342963247544,0.2653255415155973,0.4965039115230669,0.537944,-0.6088359999999999,0.58304,54.33535465382633,138.5374266695668,1,0,Default series,1,1,0.01
2919,143.956802,88.072571,-114.015,0.4937720233358648,0.3610923191175027,0.5166014905156334,0.384938,0.8900680000000001,0.24413600000000002,75.86922022606274,23.387592532196393,1,0,Default series,1,1,0.01
2922,280.0,128.995407,-130.0,0.6645276390120055,0.4124569162390268,0.4965378007706811,0.176653,0.840399,0.512371,59.17810968852854,11.870827624069285,1,0,Default series,1,1,0.01
2924,233.99122599999998,352.37625099999997,-98.0031,0.6067793895855665,0.6928350175203268,0.536698943992468,-0.26731900000000003,0.732106,0.6265470000000001,51.20417656546525,339.9409906562069,1,0,Default series,1,1,0.01
2929,222.0,12.923135,-100.0,0.5917285145073304,0.26676795449991464,0.5341925203420648,-0.079787,-0.951465,0.29723499999999997,72.70839373748584,184.7934373330526,1,0,Default series,1,1,0.01
2933,208.109802,60.0,-102.0,0.5742941308246307,0.3258568261624108,0.5316822057039725,0.051156,0.13205699999999998,0.9899209999999999,8.14163821370521,21.1752805895939,1,0,Default series,1,1,0.01
2935,202.0,76.0,-109.584,0.566625368126408,0.34593934326714876,0.5221630925963268,0.105209,0.5824020000000001,0.806064,36.28686301508434,10.239860064251259,1,0,Default series,1,1,0.01
2949,268.0,386.0,-151.817,0.6494657511834521,0.7350381121714465,0.4691540335410519,0.261121,0.049205,0.964051,15.409577649641768,79.32846058075933,1,0,Default series,1,1,0.01
2956,73.95916700000001,191.80661,-109.50399999999999,0.4059139794496958,0.49129485740256856,0.5222635051818505,0.48265399999999997,0.299212,-0.8231139999999999,145.3977430656948,58.203958115418494,1,0,Default series,1,1,0.01
2960,87.938362,127.70806100000001,-105.728,0.42346006836831873,0.4108410944849821,0.5270029792185686,-0.172398,-0.78374,0.596683,53.36729742733052,192.40568919622027,1,0,Default series,1,1,0.01
2968,75.936623,30.34099,-110.022,0.40839599782118746,0.2886301026852487,0.5216133336905846,-0.6743939999999999,-0.47545,0.564924,55.602986099242905,234.81603682236658,1,0,Default series,1,1,0.01
2978,189.993652,149.969971,-97.4215,0.5515555125591932,0.43878329375742814,0.5374289434892252,0.040323000000000005,0.23433,0.9713209999999999,13.755078100256181,9.763712905528402,1,0,Default series,1,1,0.01
2982,244.773422,46.0,-98.0,0.6203127418103564,0.3082846236957651,0.536702834980157,0.876948,0.22284,0.42579799999999995,64.79881533208537,75.74241530448016,1,0,Default series,1,1,0.01
2985,64.275093,165.816193,-138.014,0.39375894309041154,0.4586727952799578,0.4864789700158455,-0.45200100000000004,0.878532,-0.154521,98.88901688900698,332.7743712282987,1,0,Default series,1,1,0.01
2987,258.752289,44.0,-132.0,0.6378584190373787,0.3057743090576729,0.4940274861325889,0.407099,-0.429875,0.805901,36.30264032748324,136.5587661063302,1,0,Default series,1,1,0.01
3000,252.917191,268.02948,-118.441,0.6305344530753274,0.5869665505617696,0.5110461642215353,-0.950089,0.166198,0.264025,74.69097380502332,279.9222913946365,1,0,Default series,1,1,0.01
3020,65.960068,162.74435400000002,-144.014,0.3958738517940713,0.4548171540761765,0.4789480261015688,-0.258102,0.900018,-0.351213,110.56152556897831,343.9984710930208,1,0,Default series,1,1,0.01
3021,225.999985,182.88623,-144.0,0.5967491249561552,0.48009837715689596,0.4789655983040354,-0.8575799999999999,0.48310299999999995,0.176542,79.83159452085779,299.39399066603477,1,0,Default series,1,1,0.01
3032,162.055405,151.802887,-138.015,0.5164886173558249,0.4410838916900249,0.4864777148585265,0.585427,0.667878,-0.45958000000000004,117.36000899163732,41.23611426886832,1,0,Default series,1,1,0.01
3048,171.958481,235.803375,-150.507,0.5289185356782949,0.5465177190066708,0.4707982896290023,-0.066108,0.512343,0.856233,31.10378058265901,352.6477058010151,1,0,Default series,1,1,0.01
3050,286.0,323.731201,-166.0,0.6720585829262823,0.6568809733583847,0.45135213728502077,0.5649489999999999,0.688168,0.455255,62.91865742360805,39.38415878492208,1,0,Default series,1,1,0.01
3056,256.0,72.0,-128.325,0.6344038633548986,0.3409187139909643,0.4986401892800834,0.33615500000000004,-0.49675699999999995,0.800145,36.85604893411925,145.91382451230956,1,0,Default series,1,1,0.01
3057,263.584412,336.0,-120.0,0.6439234935873598,0.6722802462191404,0.5090893739611424,0.9042030000000001,0.322652,0.279843,73.74916531553625,70.36178041909106,1,0,Default series,1,1,0.01
3059,95.289886,381.92108199999996,-140.006,0.43268738752306196,0.7299184283899575,0.48397869663630566,0.11723499999999999,0.157248,0.980576,11.311298406456757,36.70607851723757,1,0,Default series,1,1,0.01
3066,264.0,6.0,-154.976,0.6444451219072675,0.25807833093392024,0.4651889915701852,-0.121976,0.07411000000000001,0.989762,8.205714751213053,301.2819675246111,1,0,Default series,1,1,0.01
3086,17.988249,41.158524,-166.00400000000002,0.33566167206826547,0.302207809659379,0.45134711665574456,-0.242263,-0.084799,0.966498,14.872808696448804,250.7084894806453,1,0,Default series,1,1,0.01
3096,246.0,216.0,-155.671,0.6218522901644373,0.5216613679336058,0.46431665723344817,0.179276,-0.188987,0.965476,15.099258972412327,136.51052482081178,1,0,Default series,1,1,0.01
3097,49.96822,127.16541299999999,-126.01100000000001,0.3758015667317982,0.41015998587611635,0.5015446233163561,-0.141263,-0.758622,-0.6360319999999999,129.49656807011607,190.54823708253193,1,0,Default series,1,1,0.01
3098,272.26532000000003,22.0,-156.0,0.6548193987995259,0.27816084803865815,0.46390371047548196,-0.21521300000000002,0.13958800000000002,0.9665389999999999,14.863653766241542,302.96760090601487,1,0,Default series,1,1,0.01
3107,29.979399,53.770968999999994,-164.007,0.35071245175454535,0.3180384123121956,0.45385366582187964,-0.00042800000000000005,0.134804,0.990872,7.747406676182796,359.81808765888167,1,0,Default series,1,1,0.01
3110,266.0,56.0,-156.60299999999998,0.6469554365453598,0.32083619688622633,0.46314685061209715,0.08192200000000001,0.06945,0.994216,6.16540094500111,49.71013453522195,1,0,Default series,1,1,0.01
3118,227.9832,397.920471,-142.96,0.5992383717786472,0.7500001785935736,0.4802709619158434,0.49363900000000005,-0.352606,-0.794978,142.6531777402795,125.5381938215018,1,0,Default series,1,1,0.01
3135,89.944565,129.204712,-98.0195,0.425978168747261,0.4127196269416898,0.5366783594124356,0.332923,-0.942951,-0.0024100000000000002,90.13808296229335,160.55365643081248,1,0,Default series,1,1,0.01
3137,210.0,9.422379,-134.0,0.576666626678777,0.26237395498432,0.49151717149449664,0.25521,-0.944675,0.206048,78.10914515219184,164.8820728608827,1,0,Default series,1,1,0.01
3142,211.987274,297.939697,-149.593,0.5791609681848271,0.6245085783435774,0.47194550341861047,0.061940999999999996,-0.339116,0.9387030000000001,20.16512936051169,169.6487865952417,1,0,Default series,1,1,0.01
3148,221.999908,209.999542,-148.118,0.5917283990328571,0.514129849157277,0.4737968604642035,-0.10700899999999999,0.276435,0.9550559999999999,17.243032224715183,338.8383971153191,1,0,Default series,1,1,0.01
3159,0.321874,174.0,-162.0,0.3134875921860021,0.4689447605336687,0.45637276656120523,0.17593,-0.08378300000000001,0.9808309999999999,11.236564762032534,115.46515279481156,1,0,Default series,1,1,0.01
3161,97.932846,13.681942000000001,-116.507,0.4360047181110081,0.26772037665970805,0.5134736384765705,0.131002,-0.9303819999999999,-0.342385,110.02224794040437,171.9851845663469,1,0,Default series,1,1,0.01
3171,210.0,49.512085,-90.0,0.576666626678777,0.3126928428886272,0.546744093532526,-0.5835560000000001,0.779341,0.22823200000000002,76.80699548657988,323.1748158281394,1,0,Default series,1,1,0.01
3176,57.9366,18.847901999999998,-124.022,0.3858031372097389,0.2742044691636075,0.5040411312239388,-0.5016609999999999,0.781705,-0.37050500000000003,111.7467653065595,327.30958718542934,1,0,Default series,1,1,0.01
3186,139.936676,207.712677,-154.766,0.4887261327634772,0.5112594738148566,0.46545257460718487,-0.03436,0.068784,0.9970399999999999,4.409513432615783,333.4562771098762,1,0,Default series,1,1,0.01
3187,297.924927,360.0,-164.0,0.687026242329423,0.7024040218762474,0.453862451923113,0.353468,-0.1291,0.9264950000000001,22.105121134277677,110.06412229854492,1,0,Default series,1,1,0.01
3192,278.0,70.0,-155.665,0.6620173243739133,0.33840839935287204,0.46432418817736243,-0.152754,0.128965,0.9798129999999999,11.532058389937548,310.1732632799146,1,0,Default series,1,1,0.01
3208,195.988968,195.947784,-148.582,0.5590805773165876,0.4964926822581121,0.4732144674681661,0.003503,0.150099,0.988665,8.634942997290548,1.336922221729973,1,0,Default series,1,1,0.01
3209,238.95829799999998,22.0,-154.0,0.6130138463605956,0.27816084803865815,0.4664140251135742,0.85706,-0.328906,-0.396572,113.3640518006062,110.99484270972566,1,0,Default series,1,1,0.01
3210,222.0,44.0,-77.5106,0.5917285145073304,0.3057743090576729,0.5624202553530206,-0.09133200000000001,0.23799499999999998,0.9669629999999999,14.768653091905717,339.00539712074647,1,0,Default series,1,1,0.01
3213,51.963974,87.829369,-161.499,0.37830655197191376,0.36078706234719604,0.4570016003780473,-0.058365999999999994,-0.21977800000000003,0.9738020000000001,13.143905360810788,194.87263038971133,1,0,Default series,1,1,0.01
3224,278.717041,194.0,-106.0,0.6629173236331194,0.49404790691459116,0.5266615764277881,-0.39707,0.799014,0.451567,63.15573442747262,333.5749214326839,1,0,Default series,1,1,0.01
3244,157.958481,157.803391,-152.356,0.5113463332116492,0.44861546820359044,0.46847750374608604,0.202243,0.536887,0.819055,35.009692791162486,20.641173688090362,1,0,Default series,1,1,0.01
3246,268.0,77.613586,-140.0,0.6494657511834521,0.34796464754495915,0.4839862275802199,0.757246,-0.505641,-0.41340699999999997,114.41903767653112,123.73249371118098,1,0,Default series,1,1,0.01
3254,109.92608600000001,47.649914,-135.33700000000002,0.45105812107608484,0.31035552532866173,0.48983902615893193,0.35189000000000004,-0.766284,-0.537571,122.51843887655134,155.33464783734456,1,0,Default series,1,1,0.01
3258,229.98698399999998,397.938354,-147.349,0.6017534359320347,0.75002262457191,0.47476207644255,0.39576300000000003,-0.285671,0.872791,29.215390430290626,125.8226330740732,1,0,Default series,1,1,0.01
3270,268.0,81.066994,-120.0,0.6494657511834521,0.3522992178718115,0.5090893739611424,0.080446,-0.963009,0.257181,75.09714183000742,175.2248219034285,1,0,Default series,1,1,0.01
3271,45.977936,144.898499,-120.008,0.3707931325641256,0.43241779855829066,0.50907933270259,-0.862944,0.490569,0.12111500000000001,83.04354324589943,299.617494454263,1,0,Default series,1,1,0.01
3277,16.0,240.0,-159.68,0.33316610678382935,0.5517851435907127,0.4592847315413922,-0.165989,0.10779200000000001,0.9802190000000001,11.41511419447183,302.9993889029966,1,0,Default series,1,1,0.01
3281,97.93246500000001,89.68013,-160.594,0.43600423989606957,0.3631100585621512,0.4581375177517841,-0.276158,-0.30514600000000003,0.911385,24.302544559031855,222.14518500699978,1,0,Default series,1,1,0.01
3283,266.0,65.238342,-142.0,0.6469554365453598,0.3324317694633775,0.48147591294212766,0.750545,0.401873,-0.524576,121.6397041671287,61.833551952572414,1,0,Default series,1,1,0.01
3299,268.0,396.0,-156.375,0.6494657511834521,0.7475896853619077,0.46343302648083967,0.281381,0.627544,0.725957,43.45148272745071,24.150724517966676,1,0,Default series,1,1,0.01
3308,61.018276,233.918625,-140.006,0.38967112539606774,0.5441520612495986,0.48397869663630566,-0.9598,0.059276,0.274354,74.07647951090664,273.53402431922075,1,0,Default series,1,1,0.01
3309,208.70401,66.0,-104.0,0.5750399553448664,0.3333877700766875,0.5291718910658803,0.193678,0.60525,0.7721140000000001,39.455894405337474,17.74449988205808,1,0,Default series,1,1,0.01
3315,158.34188799999998,211.320877,-147.312,0.5118275693138726,0.5157883324534388,0.47480851726335466,0.053863,0.14336400000000002,0.988203,8.80950069225497,20.59160053592835,1,0,Default series,1,1,0.01
3333,214.0,110.0,-154.85399999999998,0.5816872559549615,0.3886146921147169,0.4653421207631088,0.10735499999999999,-0.5454479999999999,0.831241,33.773569458649455,168.86537466686838,1,0,Default series,1,1,0.01
3338,210.0,20.0,-107.42299999999999,0.576666626678777,0.27565053340056594,0.5248754875627855,-0.671732,-0.546037,-0.5006189999999999,120.0409611672402,230.89305498423943,1,0,Default series,1,1,0.01
3347,284.0,314.0,-150.224,0.66954826828819,0.6446667852001258,0.47115349915029237,0.277057,0.14153,0.9503729999999999,18.126304476263183,62.940532099329275,1,0,Default series,1,1,0.01
3351,185.998932,61.136517000000005,-114.0,0.5465415105136533,0.32728333379318114,0.5166203178754191,-0.999726,-0.023083000000000003,-0.003961,90.22694917610795,268.6773140565366,1,0,Default series,1,1,0.01
3353,246.0,28.885176,-142.0,0.6218522901644373,0.2868028270879789,0.48147591294212766,0.305566,-0.8816510000000001,0.359611,68.9236918703992,160.88450963426914,1,0,Default series,1,1,0.01
3358,93.923386,127.637115,-126.641,0.43097221504658545,0.41075204609382504,0.500753874205357,0.225627,-0.954895,-0.193049,101.13077408747634,166.70571762796104,1,0,Default series,1,1,0.01
3359,155.951004,183.767944,-151.063,0.5088266337622824,0.48120506693730136,0.4701004221596127,0.168726,-0.185054,0.9681360000000001,14.502663489857381,137.6424955682542,1,0,Default series,1,1,0.01
3368,33.970459000000005,15.860082,-172.417,0.3557218599242976,0.27045428502261515,0.4432977927687018,-0.028498000000000002,-0.255027,0.966514,14.869236696267787,186.3760672364645,1,0,Default series,1,1,0.01
3369,185.999008,51.763484999999996,-124.0,0.5465416059056096,0.31551870407672766,0.5040687446849579,-0.8989950000000001,-0.414926,0.140158,81.94301087374912,245.2245846020156,1,0,Default series,1,1,0.01
3371,0.734351,90.0,-100.0,0.31400531571149026,0.36351154573379446,0.5341925203420648,0.756724,0.533905,0.377245,67.83686432225731,54.7952004304818,1,0,Default series,1,1,0.01
3374,83.934608,99.6903,-156.364,0.41843472723155856,0.3756743967025471,0.46344683321134916,0.235458,-0.247396,0.9398700000000001,19.970263939034755,136.41628255845694,1,0,Default series,1,1,0.01
3376,99.939758,12.748728,-110.021,0.43852370839648963,0.26654904627737175,0.5216145888479036,0.036328,-0.9968049999999999,0.071131,85.92104930746058,177.91281114117157,1,0,Default series,1,1,0.01
3379,292.0,20.0,-155.025,0.679589526840559,0.27565053340056594,0.4651274888615519,0.051988,0.144477,0.988142,8.832292528579146,19.79054843270589,1,0,Default series,1,1,0.01
3384,32.0,374.0,-140.866,0.3532486238885673,0.7199762243428931,0.48289926134192596,0.019898,-0.258363,0.965843,15.018324642152548,175.59602059725705,1,0,Default series,1,1,0.01
3385,288.0,190.162994,-136.0,0.6745688975643744,0.48923186075046726,0.4890068568564044,0.167473,0.9048950000000001,0.391302,66.96446207042085,10.485346000507791,1,0,Default series,1,1,0.01
3398,101.940071,191.716156,-154.96200000000002,0.4410344158988227,0.4911813234024316,0.4652065637726518,0.114157,-0.052427999999999995,0.992078,7.216758515346908,114.66753245854783,1,0,Default series,1,1,0.01
3400,298.0,93.91838100000001,-124.0,0.6871204707548357,0.36842973032475573,0.5040687446849579,0.370998,-0.49300299999999997,0.786961,38.09758770600258,143.0375564657452,1,0,Default series,1,1,0.01
3402,127.873695,343.681488,-106.024,0.47358519387181286,0.6819217221035054,0.526631452652131,0.73426,-0.222106,0.6415069999999999,50.09571530103253,106.83001908157179,1,0,Default series,1,1,0.01
3405,280.0,131.09388700000002,-138.0,0.6645276390120055,0.4150908387698988,0.4864965422183122,0.022723,0.967565,-0.251598,104.57209375832096,1.3453284528560587,1,0,Default series,1,1,0.01
3409,47.970890000000004,129.88597099999998,-132.01,0.3732946033637478,0.4135747141617058,0.49401493455939843,-0.45352299999999995,-0.8494870000000001,0.269609,74.3589985948457,208.09680803877924,1,0,Default series,1,1,0.01
3420,175.94458,293.73114,-138.019,0.5339217170125873,0.6192261772224046,0.48647269422925027,0.21722800000000003,-0.8844290000000001,0.41303500000000004,65.60436811080346,166.2005253227594,1,0,Default series,1,1,0.01
3421,203.969635,367.725098,-150.011,0.5690975699125075,0.712100235171296,0.4714208476592492,0.217373,-0.971044,-0.099104,95.68757716005817,167.3820773830324,1,0,Default series,1,1,0.01
3422,133.925903,225.623962,-146.756,0.48118166703940235,0.5337409542761276,0.4755063847327443,0.318182,-0.872684,-0.370381,111.73911645379694,159.96806251240608,1,0,Default series,1,1,0.01
3430,290.0,180.0,-103.539,0.6770792122024667,0.4764757044479454,0.5297505185899606,0.12629400000000002,-0.192654,0.9731049999999999,13.318386143582481,146.75322346519533,1,0,Default series,1,1,0.01
