,X,Y,Z,X_r,Y_r,Z_r,surface,series,id,order_series,smooth
0,272.0,86.0,-149.12,0.6544863804596366,0.35849091645761,0.47253919283051926,0,Default series,1,1,2e-06
2,236.0,17.083025,-90.0,0.6093007169739761,0.27198927087984137,0.546744093532526,0,Default series,1,1,2e-06
8,8.221661,55.990696,-102.001,0.32340306765795745,0.32082451890252994,0.5316809505466535,0,Default series,1,1,2e-06
10,47.999996,380.0,-136.273,0.373331135972676,0.7275071682571698,0.4886641989083048,0,Default series,1,1,2e-06
11,224.0,148.0,-100.366,0.5942388291454227,0.43631067023846953,0.5337331327632939,0,Default series,1,1,2e-06
12,93.938942,161.710815,-103.44200000000001,0.4309917402738405,0.4535199000358069,0.529872268849908,0,Default series,1,1,2e-06
13,188.506622,26.0,-148.0,0.5496890559710521,0.28318147731484267,0.47394496902785094,0,Default series,1,1,2e-06
14,207.99233999999998,231.96372999999997,-146.066,0.5741466975356209,0.541698360482382,0.47637244328288614,0,Default series,1,1,2e-06
15,125.92761999999999,133.45768700000002,-118.025,0.4711425635921502,0.41805777964066,0.5115683096662584,0,Default series,1,1,2e-06
16,140.06311000000002,226.697067,-144.454,0.4888848273239535,0.5350878698709826,0.47839575688118846,0,Default series,1,1,2e-06
19,11.995057000000001,55.97659300000001,-166.908,0.3281392732650168,0.3208068174188594,0.4502124544393269,0,Default series,1,1,2e-06
20,27.987003,72.288437,-168.005,0.3482116813327072,0.341280747802598,0.4488355468603333,0,Default series,1,1,2e-06
21,79.93335,125.21450800000001,-126.023,0.4134125189674667,0.4077112931866027,0.5015295614285276,0,Default series,1,1,2e-06
22,53.965199,115.835167,-153.873,0.38081840417772184,0.3959387446826233,0.4665734300930931,0,Default series,1,1,2e-06
24,109.92408799999998,89.049194,-122.027,0.45105561327176136,0.3623181346239015,0.5065451700754359,0,Default series,1,1,2e-06
25,139.959885,63.11101899999999,-158.014,0.48875526370969496,0.32976164442995237,0.4613758236349231,0,Default series,1,1,2e-06
26,280.0,48.0,-154.232,0.6645276390120055,0.31079493833385735,0.4661228286155555,0,Default series,1,1,2e-06
27,139.964035,47.829639,-160.11,0.48876047261256894,0.3105811084778273,0.4587450138942024,0,Default series,1,1,2e-06
28,240.0,40.0,-90.1741,0.6143213462501607,0.30075367978148837,0.5465255706432801,0,Default series,1,1,2e-06
30,206.0,46.0,-108.677,0.5716459974025925,0.3082846236957651,0.5233015202847016,0,Default series,1,1,2e-06
32,-0.001704,55.991928,-134.69,0.3130814508910198,0.320826065256347,0.4906511129443548,0,Default series,1,1,2e-06
33,294.0,58.0,-151.855,0.6820998414786512,0.3233465115243186,0.46910633756292813,0,Default series,1,1,2e-06
35,131.95588700000002,43.7911,-160.011,0.47870898703836445,0.3055121066937241,0.458869274468788,0,Default series,1,1,2e-06
36,67.96376,162.50564599999998,-156.013,0.3983888004729854,0.4545175379828616,0.46388739343033436,0,Default series,1,1,2e-06
37,298.0,120.0,-137.054,0.6871204707548357,0.4011662653051781,0.48768392104212976,0,Default series,1,1,2e-06
38,128.786072,298.925659,-121.884,0.4747303705410922,0.6257461157641787,0.5067246575720594,0,Default series,1,1,2e-06
39,133.398544,61.759579,-120.01799999999999,0.4805197485307875,0.3280653746227007,0.5090667811293995,0,Default series,1,1,2e-06
40,99.91974599999999,84.767616,-130.028,0.43849859018822085,0.3569440806601346,0.49650265636574786,0,Default series,1,1,2e-06
41,274.429504,158.0,-150.0,0.6575357901868883,0.4488622434289308,0.4714346543897587,0,Default series,1,1,2e-06
42,77.938942,113.7108,-152.40200000000002,0.4109092231691026,0.3932723298942333,0.46841976650940986,0,Default series,1,1,2e-06
43,155.953171,174.590652,-152.016,0.5088293536881928,0.46968612171447793,0.46890425723456175,0,Default series,1,1,2e-06
44,212.0,93.410698,-120.0,0.5791769413168693,0.3677925082915504,0.5090893739611424,0,Default series,1,1,2e-06
45,89.926727,86.070412,-152.026,0.4259557792510039,0.3585792945947587,0.4688917056613712,0,Default series,1,1,2e-06
46,95.947914,247.753357,-104.895,0.4335133161833993,0.5615168263764402,0.528048525265334,0,Default series,1,1,2e-06
47,262.0,80.976151,-116.0,0.6419348072691753,0.35218519561547745,0.5141100032373268,0,Default series,1,1,2e-06
48,107.945976,27.74411,-105.337,0.4485727715170684,0.2853706097465642,0.5274937457303156,0,Default series,1,1,2e-06
49,58.887806000000005,67.771873,-162.017,0.38699705038255955,0.33561174944105776,0.45635142888678143,0,Default series,1,1,2e-06
50,218.0,175.143311,-148.0,0.5867078852311459,0.47037979570326466,0.47394496902785094,0,Default series,1,1,2e-06
51,25.980804,41.909081,-164.75799999999998,0.34569358597439415,0.30314987677129024,0.45291104267527604,0,Default series,1,1,2e-06
52,56.0,361.976776,-142.0,0.38337239954567426,0.7048851867407621,0.48147591294212766,0,Default series,1,1,2e-06
53,143.971375,35.864426,-161.19899999999998,0.49379031474347523,0.2955628838069315,0.4573781475737612,0,Default series,1,1,2e-06
55,213.45373500000002,0.0,-150.0,0.5810016074420727,0.2505473870196435,0.4714346543897587,0,Default series,1,1,2e-06
56,146.01683,228.96647599999997,-156.255,0.49635768255750473,0.5379363351872417,0.4635836453591252,0,Default series,1,1,2e-06
57,263.831573,116.0,-102.0,0.6442337195254926,0.39614563602899366,0.5316822057039725,0,Default series,1,1,2e-06
58,197.983337,235.92106600000002,-145.843,0.5615838241638162,0.5466654397267067,0.4766523433650334,0,Default series,1,1,2e-06
59,151.97701999999998,43.891197,-157.886,0.5038386586589102,0.3056377441758887,0.461536483771761,0,Default series,1,1,2e-06
61,23.335805999999998,75.93045,-136.005,0.3423736973758318,0.3458520470756091,0.48900058106980915,0,Default series,1,1,2e-06
63,61.999954,371.999786,-139.67700000000002,0.39090328572271427,0.7174656411011345,0.48439164339427176,0,Default series,1,1,2e-06
64,70.190872,27.646189,-132.026,0.4011841764001209,0.2852477034867259,0.49399485204229365,0,Default series,1,1,2e-06
65,99.965752,354.764526,-110.012,0.4385563349558409,0.6958326783664717,0.521625885263775,0,Default series,1,1,2e-06
66,65.214539,59.726169999999996,-114.02,0.3949380956131602,0.3255131264337364,0.5165952147290381,0,Default series,1,1,2e-06
67,247.56929,44.0,-104.0,0.6238219959936433,0.3057743090576729,0.5291718910658803,0,Default series,1,1,2e-06
68,179.992416,82.481415,-128.003,0.5390023879942857,0.3540745387421741,0.49904434993681623,0,Default series,1,1,2e-06
69,278.0,82.569084,-134.0,0.6620173243739133,0.3541845771291775,0.49151717149449664,0,Default series,1,1,2e-06
70,247.088379,152.923553,-102.485,0.6232183770321835,0.442490503822131,0.5310734544042351,0,Default series,1,1,2e-06
71,276.0,196.0,-154.766,0.659507009735821,0.49655822155268337,0.46545257460718487,0,Default series,1,1,2e-06
72,248.0,43.380882,-126.0,0.6243626048025296,0.3049972185686196,0.5015584300468656,0,Default series,1,1,2e-06
73,145.898132,285.399078,-111.991,0.4962086978940486,0.6087681286203585,0.5191419289293827,0,Default series,1,1,2e-06
76,11.297666,79.986389,-112.001,0.3272639378471299,0.3509428885970637,0.5191293773561922,0,Default series,1,1,2e-06
77,7.997524,61.988274,-108.81200000000001,0.3231217404619384,0.3283524228257799,0.5231320740466303,0,Default series,1,1,2e-06
78,131.956482,75.793846,-101.766,0.47870973385696924,0.34568058756519815,0.5319759125166293,0,Default series,1,1,2e-06
80,216.45141600000002,176.091599,-116.572,0.5847641686893883,0.47157004632702826,0.5133920532508325,0,Default series,1,1,2e-06
81,195.983551,225.922089,-146.901,0.5590737781293903,0.5341151505621828,0.4753243869214826,0,Default series,1,1,2e-06
82,17.988695,67.946465,-134.056,0.3356622318684298,0.3358308898677046,0.49144688268463005,0,Default series,1,1,2e-06
83,143.973267,27.873410999999997,-161.92,0.4937926895011229,0.2855329028430742,0.4564731791467289,0,Default series,1,1,2e-06
84,141.946213,157.745224,-156.90200000000002,0.4912484178369212,0.44854245946781346,0.46277155857370234,0,Default series,1,1,2e-06
85,87.943558,15.732657999999999,-102.70700000000001,0.4234665901657485,0.270294347856393,0.5307948094794069,0,Default series,1,1,2e-06
87,232.0,0.0,-154.94299999999998,0.6042800876977916,0.2505473870196435,0.46523041176171376,0,Default series,1,1,2e-06
88,292.0,24.0,-155.217,0.679589526840559,0.2806711626767504,0.46488649865629506,0,Default series,1,1,2e-06
89,258.0,56.0,-115.98899999999999,0.6369141779929908,0.32083619688622633,0.5141238099678364,0,Default series,1,1,2e-06
91,206.0,48.262229999999995,-120.0,0.5716459974025925,0.3111240782376308,0.5090893739611424,0,Default series,1,1,2e-06
92,105.93318899999998,84.725967,-108.023,0.4460464071823375,0.35689180461295367,0.5241223931713578,0,Default series,1,1,2e-06
93,25.997920999999998,149.990158,-160.843,0.3457150705022243,0.43880863161822775,0.4578249835793416,0,Default series,1,1,2e-06
94,102.8591,127.66108700000001,-110.025,0.4421879418745884,0.41078213472507724,0.5216095682186274,0,Default series,1,1,2e-06
95,295.418121,88.0,-146.0,0.6838798064310943,0.36100123109570226,0.4764552836659432,0,Default series,1,1,2e-06
96,217.99235499999998,295.963776,-150.55100000000002,0.5866982895534418,0.6220284866385705,0.47074306270696425,0,Default series,1,1,2e-06
98,135.417358,61.779537,-116.016,0.4830536776986803,0.3280904250524742,0.5140899207202221,0,Default series,1,1,2e-06
99,39.989258,149.949112,-158.681,0.3632763995410151,0.4387571124309102,0.4605386337031193,0,Default series,1,1,2e-06
100,191.999252,93.99651300000001,-103.454,0.5540728560782722,0.36852779827640747,0.5298572069620795,0,Default series,1,1,2e-06
101,117.932671,49.207203,-142.024,0.4611076448393997,0.31231016801488176,0.4814457891664706,0,Default series,1,1,2e-06
102,152.01856999999998,87.85836,-106.01100000000001,0.5038908104455165,0.36082345061303256,0.5266477696972786,0,Default series,1,1,2e-06
104,93.928154,2.548177,-158.025,0.43097819963668266,0.2537457500314185,0.4613620169044136,0,Default series,1,1,2e-06
106,276.177917,80.0,-130.0,0.6597303235605537,0.3509599725433332,0.4965378007706811,0,Default series,1,1,2e-06
107,35.966408,5.840896,-173.18599999999998,0.3582270899200904,0.2578786303838307,0.4423325767903553,0,Default series,1,1,2e-06
108,227.59405499999997,50.0,-124.0,0.598749933583727,0.31330525297194955,0.5040687446849579,0,Default series,1,1,2e-06
109,202.53537,40.0,-92.0,0.5672973417003058,0.30075367978148837,0.5442337788944338,0,Default series,1,1,2e-06
110,278.0,80.0,-156.53,0.6620173243739133,0.3509599725433332,0.46323847709638755,0,Default series,1,1,2e-06
111,205.999146,159.995972,-100.306,0.5716449254982421,0.4513675022933419,0.5338084422024367,0,Default series,1,1,2e-06
112,296.0,176.0,-158.39,0.6846101561167435,0.47145507517176094,0.46090388448296177,0,Default series,1,1,2e-06
113,65.93555500000001,22.307667000000002,-162.023,0.3958430841227095,0.27854701852553715,0.45634389794286717,0,Default series,1,1,2e-06
114,41.965008000000005,45.834259,-164.333,0.36575627661412047,0.3080765926665491,0.4534444845358706,0,Default series,1,1,2e-06
116,181.93232700000002,371.679443,-98.6408,0.5414372814842338,0.7170635602400793,0.5358985301701122,0,Default series,1,1,2e-06
117,65.934433,25.689467999999998,-118.7,0.39584167583619756,0.28279171080224463,0.5107210784759023,0,Default series,1,1,2e-06
118,35.988392,123.94503,-161.562,0.35825468329859234,0.40611789858353464,0.45692252546694745,0,Default series,1,1,2e-06
120,183.776703,55.990280000000006,-146.001,0.5437522635197067,0.3208239967570852,0.4764540285086241,0,Default series,1,1,2e-06
121,159.98945600000002,15.950037,-157.059,0.5138955263476989,0.27056719269924995,0.4625744988746121,0,Default series,1,1,2e-06
123,53.984322,164.74324,-92.0055,0.380842406551134,0.4573260704690153,0.544226875529179,0,Default series,1,1,2e-06
124,97.92881,86.957237,-112.025,0.43599965229606846,0.3596923994842217,0.5190992535805352,0,Default series,1,1,2e-06
125,45.987171000000004,167.93923999999998,-102.306,0.37080472394196695,0.4613375532606867,0.5312981275643445,0,Default series,1,1,2e-06
126,143.966049,91.731422,-168.012,0.49378362977559404,0.36568475272945195,0.44882676075909994,0,Default series,1,1,2e-06
127,73.94950899999999,169.645493,-132.018,0.40590185714030846,0.4634791692017811,0.49400489330084607,0,Default series,1,1,2e-06
128,19.063925,204.0,-114.0,0.3370118146725878,0.5065994801050524,0.5166203178754191,0,Default series,1,1,2e-06
129,55.946835,33.748191999999996,-163.19899999999998,0.38330566910680713,0.2929066772130173,0.45486783293566896,0,Default series,1,1,2e-06
131,192.617538,16.0,-144.0,0.5548489022764359,0.2706299041243815,0.4789655983040354,0,Default series,1,1,2e-06
132,50.97047,11.734254,-160.02,0.3770595481548122,0.2652757218112897,0.45885797805291656,0,Default series,1,1,2e-06
133,149.958588,97.60932199999999,-120.015,0.5013052089611133,0.3730624419350731,0.5090705466013566,0,Default series,1,1,2e-06
134,7.991511999999999,1.9598,-174.96099999999998,0.3231141944561363,0.2530072443335101,0.44010467254904845,0,Default series,1,1,2e-06
135,204.0,111.999977,-151.55,0.5691356827645002,0.3911249778841908,0.4694891605452372,0,Default series,1,1,2e-06
137,288.0,340.0,-166.067,0.6745688975643744,0.6773008754953249,0.45126804174464463,0,Default series,1,1,2e-06
139,169.69267299999998,179.84930400000002,-154.011,0.5260745901835416,0.4762865572605945,0.4664002183830647,0,Default series,1,1,2e-06
140,47.167294,13.740329000000001,-154.019,0.3722859639627916,0.2677936615300952,0.4663901771245123,0,Default series,1,1,2e-06
141,109.94265700000001,48.187515000000005,-168.02,0.45107892028801877,0.3110302991585383,0.4488167195005476,0,Default series,1,1,2e-06
142,298.0,101.672127,-118.0,0.6871204707548357,0.3781619013666803,0.5115996885992345,0,Default series,1,1,2e-06
144,286.0,168.0,-145.123,0.6720585829262823,0.46141381661939196,0.47755605663474665,0,Default series,1,1,2e-06
145,231.940353,18.0,-132.0,0.6042052213291825,0.2731402187624737,0.4940274861325889,0,Default series,1,1,2e-06
146,240.0,26.06835,-158.0,0.6143213462501607,0.2832672673175995,0.4613933958373897,0,Default series,1,1,2e-06
148,184.167587,105.967506,-114.00200000000001,0.5442428844332048,0.3835532777566073,0.516617807560781,0,Default series,1,1,2e-06
150,168.02839699999998,227.705505,-146.231,0.5239856619812288,0.5363536182074867,0.47616534232524355,0,Default series,1,1,2e-06
151,245.984573,185.396576,-131.965,0.6218329268524765,0.4832492563121341,0.4940714166387555,0,Default series,1,1,2e-06
152,292.205048,94.0,-120.0,0.6798468943385148,0.3685321750099789,0.5090893739611424,0,Default series,1,1,2e-06
154,57.966933999999995,159.028671,-122.012,0.3858412111518549,0.45015338736347127,0.5065639974352215,0,Default series,1,1,2e-06
155,177.987335,125.940025,-103.48299999999999,0.5364856959018554,0.40862193115924506,0.5298208073998272,0,Default series,1,1,2e-06
156,137.95491,381.786469,-153.035,0.4862387046639404,0.7297494678977688,0.4676252519264537,0,Default series,1,1,2e-06
157,131.82389799999999,145.656479,-124.025,0.4785433200789808,0.43336918270298125,0.5040373657519817,0,Default series,1,1,2e-06
159,284.0,380.0,-154.715,0.66954826828819,0.7275071682571698,0.4655165876304562,0,Default series,1,1,2e-06
160,216.0,56.0,-122.044,0.5841975705930538,0.32083619688622633,0.5065238324010121,0,Default series,1,1,2e-06
161,58.7948,61.72825600000001,-148.02,0.38688031322094435,0.3280260593299962,0.47391986588147,0,Default series,1,1,2e-06
162,179.37077299999999,103.949242,-146.004,0.5382221282330019,0.38102003892524006,0.476450263036667,0,Default series,1,1,2e-06
163,153.97036699999998,83.19558,-112.01,0.5063406227353588,0.35497092816893067,0.5191180809403209,0,Default series,1,1,2e-06
164,220.98467999999997,128.357697,-122.262,0.5904541281781565,0.41165648986509795,0.5062502081054601,0,Default series,1,1,2e-06
165,109.942604,23.449234,-166.02,0.4510788537646808,0.27997986470076863,0.45132703413863984,0,Default series,1,1,2e-06
166,284.0,87.03196700000001,-144.0,0.66954826828819,0.3597861973906741,0.4789655983040354,0,Default series,1,1,2e-06
167,169.978607,127.89866599999999,-105.76899999999999,0.5264334823364057,0.41108033374577885,0.5269515177684877,0,Default series,1,1,2e-06
168,284.0,396.0,-159.263,0.66954826828819,0.7475896853619077,0.45980813214343447,0,Default series,1,1,2e-06
170,171.971008,148.913055,-120.01,0.5289342590340306,0.4374566979044112,0.5090768223879519,0,Default series,1,1,2e-06
172,230.0,12.407278,-102.0,0.6017697730596994,0.26612047281078344,0.5316822057039725,0,Default series,1,1,2e-06
174,208.89428700000002,24.0,-116.0,0.5752787829140625,0.2806711626767504,0.5141100032373268,0,Default series,1,1,2e-06
175,169.99408,31.971977000000003,-154.83700000000002,0.5264529033856034,0.2906772479555678,0.4653634584375326,0,Default series,1,1,2e-06
176,45.970448,87.860023,-161.665,0.3707837339461206,0.3608255379396541,0.4567932442630857,0,Default series,1,1,2e-06
177,32.739956,1.7962759999999998,-148.015,0.35417738507773944,0.2528019959880704,0.47392614166806524,0,Default series,1,1,2e-06
178,288.0,68.0,-152.995,0.6745688975643744,0.3358980847147798,0.4676754582192155,0,Default series,1,1,2e-06
179,67.946579,123.73131599999999,-122.01899999999999,0.3983672356150869,0.405849653892252,0.5065552113339883,0,Default series,1,1,2e-06
180,149.963745,101.009689,-158.013,0.5013116818074076,0.377330437462566,0.4613770787922421,0,Default series,1,1,2e-06
181,186.445007,63.993435,-118.0,0.5471014048147468,0.3308692153307958,0.5115996885992345,0,Default series,1,1,2e-06
182,187.95369,307.78067000000004,-98.56,0.5489950393243173,0.6368605476310627,0.5359999468814912,0,Default series,1,1,2e-06
184,236.0,36.0,-117.223,0.6093007169739761,0.29573305050530385,0.5125749458361334,0,Default series,1,1,2e-06
187,259.519043,340.0,-108.0,0.6388208159323866,0.6773008754953249,0.5241512617896958,0,Default series,1,1,2e-06
188,31.972775,19.871052,-171.31799999999998,0.35321445223055625,0.27548868337458954,0.4446772106623335,0,Default series,1,1,2e-06
189,232.0,76.0,-114.859,0.6042800876977916,0.34593934326714876,0.5155421377383584,0,Default series,1,1,2e-06
190,67.099014,55.673676,-138.024,0.3973034082019696,0.3204266089292459,0.48646641844265504,0,Default series,1,1,2e-06
192,133.95791599999998,98.671654,-170.015,0.48122184839065696,0.37439583572013,0.4463126806490506,0,Default series,1,1,2e-06
193,39.973862,69.876198,-165.048,0.363257075138931,0.33825300836645944,0.45254704705275267,0,Default series,1,1,2e-06
194,171.988022,73.943283,-145.77700000000002,0.5289556142806568,0.3433578398713922,0.47673518374809043,0,Default series,1,1,2e-06
195,110.62602199999999,135.63781699999998,-116.027,0.4519366508693487,0.42079418576663197,0.5140761139897125,0,Default series,1,1,2e-06
196,34.0,372.0,-141.308,0.3557589385266595,0.7174659097048008,0.4823444818069076,0,Default series,1,1,2e-06
197,159.121521,127.843719,-106.012,0.5128061313799925,0.41101136661656923,0.5266465145399595,0,Default series,1,1,2e-06
198,236.68339500000002,212.000015,-152.0,0.6101584852100257,0.5166407574847811,0.4689243397516665,0,Default series,1,1,2e-06
199,119.941879,47.463661,-158.02,0.46362951696608573,0.3101217485125175,0.46136829269100876,0,Default series,1,1,2e-06
200,270.0,194.0,-133.043,0.6519760658215443,0.49404790691459116,0.4927183570488238,0,Default series,1,1,2e-06
204,107.93927,79.712379,-103.04700000000001,0.44856435443208686,0.35059896294007187,0.5303680559909313,0,Default series,1,1,2e-06
206,5.057555000000001,57.982597,-132.001,0.3194316168538197,0.3233246680214952,0.4940262309752698,0,Default series,1,1,2e-06
207,111.945724,23.74295,-109.363,0.4535930844936085,0.2803485244878896,0.522440482363836,0,Default series,1,1,2e-06
208,232.335922,132.0,-144.0,0.6047017226547203,0.41622815313373157,0.4789655983040354,0,Default series,1,1,2e-06
209,6.0,130.0,-159.333,0.3206145335933681,0.41371783849563937,0.45972027113110125,0,Default series,1,1,2e-06
210,113.181114,25.734537,-112.02,0.45514369329398485,0.2828482794874567,0.5191055293671304,0,Default series,1,1,2e-06
211,99.491272,5.657376999999999,-152.025,0.4379607879110999,0.2576482851677967,0.4688929608186903,0,Default series,1,1,2e-06
212,199.999405,133.99708600000002,-97.598,0.564114306669711,0.41873481024339615,0.5372074082224135,0,Default series,1,1,2e-06
214,71.929375,27.665504,-156.849,0.40336627116475454,0.2852719468503433,0.4628380819116118,0,Default series,1,1,2e-06
215,216.56619300000003,52.0,-84.0,0.5849082318809964,0.3158155676100418,0.5542750374468027,0,Default series,1,1,2e-06
216,292.0,193.662125,-154.0,0.679589526840559,0.49362382063541843,0.4664140251135742,0,Default series,1,1,2e-06
218,7.182063,63.995464,-100.0,0.32209820861939176,0.33087176204499613,0.5341925203420648,0,Default series,1,1,2e-06
219,1.999141,61.995934,-162.874,0.3155928261370466,0.3283620373308438,0.4552757590643589,0,Default series,1,1,2e-06
220,87.987267,369.939697,-140.05700000000002,0.42352145183700673,0.7148799053148982,0.48391468361303425,0,Default series,1,1,2e-06
221,21.971642000000003,1.164564,-156.01,0.34066145694685257,0.25200909804774113,0.4638911589022915,0,Default series,1,1,2e-06
222,216.0,76.0,-109.45700000000001,0.5841975705930538,0.34593934326714876,0.5223224975758456,0,Default series,1,1,2e-06
223,39.966034,41.839123,-164.27700000000002,0.3632472497674376,0.30306206847556444,0.4535147733457372,0,Default series,1,1,2e-06
224,218.320404,88.0,-156.0,0.5871100426567977,0.36100123109570226,0.46390371047548196,0,Default series,1,1,2e-06
225,187.951675,353.182526,-144.017,0.5489925101823194,0.6938470194877407,0.47894426062961165,0,Default series,1,1,2e-06
226,210.0,86.0,-114.464,0.576666626678777,0.35849091645761,0.5160379248793817,0,Default series,1,1,2e-06
227,163.959518,153.281937,-124.014,0.5188785787240657,0.44294033212276007,0.5040511724824912,0,Default series,1,1,2e-06
228,137.94534299999998,89.74114200000001,-124.35700000000001,0.4862266965738691,0.36318663822050085,0.5036206535220584,0,Default series,1,1,2e-06
229,132.137619,293.12951699999996,-115.929,0.4789370892882693,0.618471045710648,0.5141991194069792,0,Default series,1,1,2e-06
230,184.55441299999998,107.97040600000001,-110.00200000000001,0.5447284119183021,0.3860672323509248,0.5216384368369654,0,Default series,1,1,2e-06
232,111.97107700000001,391.863007,-143.342,0.4536249064971183,0.7423971083191152,0.4797914918199678,0,Default series,1,1,2e-06
233,189.38324,65.998688,-108.0,0.5507893494697597,0.33338612331028494,0.5241512617896958,0,Default series,1,1,2e-06
235,29.961353000000003,5.155962000000001,-134.014,0.3506898011855659,0.25701893046066715,0.49149959929202997,0,Default series,1,1,2e-06
236,109.930199,33.669391999999995,-148.433,0.45106328353813807,0.2928077708162764,0.47340148590870396,0,Default series,1,1,2e-06
238,219.98564100000002,367.93197599999996,-152.727,0.589200177065294,0.7123598996071455,0.4680118403807199,0,Default series,1,1,2e-06
239,13.991489999999999,39.959697999999996,-167.417,0.330645110756952,0.3007030944312162,0.4495735793639324,0,Default series,1,1,2e-06
240,101.945877,15.743645,-104.456,0.4410417033422171,0.2703081382698574,0.5285995393283953,0,Default series,1,1,2e-06
241,282.0,8.0,-153.586,0.6670379536500978,0.26058864557201245,0.4669336602436593,0,Default series,1,1,2e-06
242,115.931381,49.108973999999996,-144.024,0.45859571104836594,0.31218687516658916,0.4789354745283783,0,Default series,1,1,2e-06
243,159.988098,21.943632,-155.196,0.5138938218440596,0.2780900973308982,0.46491285695999507,0,Default series,1,1,2e-06
244,295.636505,182.0,-104.0,0.6841539127070568,0.47898601908603766,0.5291718910658803,0,Default series,1,1,2e-06
246,188.0,24.0,-158.868,0.5490531656597624,0.2806711626767504,0.4603039192844577,0,Default series,1,1,2e-06
247,61.941295999999994,79.721954,-135.361,0.39082966070469366,0.35061098107140176,0.4898089023832749,0,Default series,1,1,2e-06
248,60.360538,53.724003,-154.02,0.38884556073135296,0.3179794625935493,0.4663889219671933,0,Default series,1,1,2e-06
249,1.998346,55.700386,-118.001,0.31559182828697796,0.32046013418123764,0.5115984334419156,0,Default series,1,1,2e-06
250,121.953255,1.7785919999999997,-160.77100000000002,0.46615411027383946,0.25277979978604037,0.4579153549063129,0,Default series,1,1,2e-06
251,232.0,102.0,-130.249,0.6042800876977916,0.3785734335623479,0.4962252665982387,0,Default series,1,1,2e-06
252,183.999344,42.458382,-156.0,0.5440317130003766,0.3038393359417996,0.46390371047548196,0,Default series,1,1,2e-06
254,259.441681,116.0,-110.0,0.6387237144518706,0.39614563602899366,0.5216409471516036,0,Default series,1,1,2e-06
255,292.0,123.23111000000002,-116.0,0.679589526840559,0.40522181667032126,0.5141100032373268,0,Default series,1,1,2e-06
258,-0.000131,55.999378,-173.792,0.3130834252534826,0.32083541617837386,0.4415719514550134,0,Default series,1,1,2e-06
259,206.0,47.161228,-94.0,0.5716459974025925,0.3097421475190464,0.5417234642563415,0,Default series,1,1,2e-06
260,73.9683,241.84986899999998,-118.96,0.4059254428014907,0.5541070202053393,0.5103947375729503,0,Default series,1,1,2e-06
261,244.0,225.82945299999997,-154.0,0.6193419755263452,0.5339988778087756,0.4664140251135742,0,Default series,1,1,2e-06
262,3.756375,398.0,-120.0,0.3177984312534233,0.7501,0.5090893739611424,0,Default series,1,1,2e-06
264,39.982452,107.91688500000001,-163.79,0.3632678569403016,0.3860000550760522,0.45412603496011267,0,Default series,1,1,2e-06
265,246.66752599999998,40.0,-100.0,0.622690140308991,0.30075367978148837,0.5341925203420648,0,Default series,1,1,2e-06
266,210.0,74.0,-109.24700000000001,0.576666626678777,0.34342902862905655,0.5225860806128453,0,Default series,1,1,2e-06
267,249.19689900000003,113.99999199999999,-152.0,0.6258649013425386,0.3936353113496428,0.4689243397516665,0,Default series,1,1,2e-06
270,296.0,118.765732,-114.0,0.6846101561167435,0.3996170647913137,0.5166203178754191,0,Default series,1,1,2e-06
271,53.95389599999999,53.781639,-163.202,0.38080421713454465,0.3180518048407898,0.4548640674637118,0,Default series,1,1,2e-06
274,246.0,56.0,-105.80799999999999,0.6218522901644373,0.32083619688622633,0.5269025666330449,0,Default series,1,1,2e-06
277,48.85228,15.721032000000001,-136.02100000000002,0.3744008864731819,0.2702797553974018,0.4889804985527044,0,Default series,1,1,2e-06
278,117.925652,90.678574,-138.026,0.46109883489017733,0.36436326285640885,0.48646390812801693,0,Default series,1,1,2e-06
280,259.67776499999997,74.0,-146.0,0.6390200370123802,0.34342902862905655,0.4764552836659432,0,Default series,1,1,2e-06
281,39.969143,51.853848,-165.014,0.36325115205154246,0.3156321238575486,0.4525897224016002,0,Default series,1,1,2e-06
282,179.99752800000002,51.243004,-156.001,0.5390088043585006,0.31486541854015315,0.46390245531816293,0,Default series,1,1,2e-06
283,89.945808,23.743323999999998,-100.21,0.4259797289078086,0.28034899391672696,0.5339289373050651,0,Default series,1,1,2e-06
284,58.30298199999999,75.760727,-154.018,0.3862630042586057,0.3456390180099487,0.4663914322818314,0,Default series,1,1,2e-06
285,227.61402900000002,90.0,-110.0,0.5987750040960177,0.36351154573379446,0.5216409471516036,0,Default series,1,1,2e-06
286,68.99176,31.648193,-140.026,0.3996791021969649,0.2902708480981777,0.4839535934899247,0,Default series,1,1,2e-06
287,274.0,82.727173,-140.0,0.6569966950977288,0.3543830036945882,0.4839862275802199,0,Default series,1,1,2e-06
288,196.0,24.409357,-134.0,0.5590944242121313,0.2811849701114032,0.49151717149449664,0,Default series,1,1,2e-06
289,178.66989099999998,113.93234299999999,-136.005,0.5373424110609142,0.39355040121216667,0.48900058106980915,0,Default series,1,1,2e-06
290,55.961696999999994,122.073128,-118.01299999999999,0.3833243232548828,0.4037683670876976,0.511583371554087,0,Default series,1,1,2e-06
291,116.92391200000002,159.67463700000002,-154.024,0.4598414935973961,0.4509641763162262,0.4663839013379171,0,Default series,1,1,2e-06
293,107.933777,43.68634,-158.942,0.4485574598529334,0.30538061641298087,0.46021103764284826,0,Default series,1,1,2e-06
294,192.931274,93.997856,-102.0,0.5552426903130842,0.3685294839526869,0.5316822057039725,0,Default series,1,1,2e-06
295,26.842581,79.921547,-146.006,0.3467752516833298,0.35086150168618213,0.4764477527220289,0,Default series,1,1,2e-06
296,153.988281,2.731824,-164.00400000000002,0.5063631076235723,0.2539762559075893,0.45385743129383677,0,Default series,1,1,2e-06
297,113.946777,25.747936,-167.47799999999998,0.4561047208123577,0.2828650973403746,0.4494970147674706,0,Default series,1,1,2e-06
298,127.30241399999998,51.724154999999996,-130.02,0.4728681463434309,0.31546933873936955,0.49651269762430017,0,Default series,1,1,2e-06
300,234.000015,36.0,-76.9032,0.6067904211632437,0.29573305050530385,0.5631826379086092,0,Default series,1,1,2e-06
302,296.0,342.0,-164.65400000000002,0.6846101561167435,0.6798111901334172,0.4530415790364568,0,Default series,1,1,2e-06
303,85.934875,91.691551,-159.595,0.420945376996655,0.36563470835198425,0.4593914199135112,0,Default series,1,1,2e-06
304,212.0,52.820477000000004,-96.0,0.5791769413168693,0.31684539532170086,0.5392131496182493,0,Default series,1,1,2e-06
305,71.972092,209.86781299999998,-155.909,0.40341988771995224,0.5139645085387963,0.4640179297915152,0,Default series,1,1,2e-06
306,208.176285,94.0,-134.0,0.5743775774486728,0.3685321750099789,0.49151717149449664,0,Default series,1,1,2e-06
309,77.932732,17.681381,-113.557,0.4109014286421513,0.27274030179263653,0.5171763525677565,0,Default series,1,1,2e-06
311,8.0,138.0,-157.422,0.32312484823146037,0.4237590970480083,0.4621188767677984,0,Default series,1,1,2e-06
312,160.15678400000002,-0.029824,-166.002,0.5141055493115803,0.25050995320776026,0.4513496269703826,0,Default series,1,1,2e-06
314,131.962372,11.821781,-160.52,0.4787171267335784,0.26538558196595385,0.4582303993933935,0,Default series,1,1,2e-06
316,79.952156,152.62780800000002,-100.01700000000001,0.4134361234560087,0.44211929732080973,0.534171182667641,0,Default series,1,1,2e-06
317,198.26757800000001,44.0,-142.0,0.5619405913353392,0.3057743090576729,0.48147591294212766,0,Default series,1,1,2e-06
318,161.97879,68.129913,-142.007,0.5163924534778261,0.336061145967569,0.4814671268408943,0,Default series,1,1,2e-06
319,117.933121,125.683228,-156.44,0.4611082096601933,0.408299610525186,0.4633514412551017,0,Default series,1,1,2e-06
320,67.41864,333.98269700000003,-144.001,0.39770458911522705,0.6697482135939568,0.4789643431467164,0,Default series,1,1,2e-06
321,199.987915,221.94268799999998,-147.221,0.564099884912115,0.5291203762716133,0.4749227365793879,0,Default series,1,1,2e-06
322,190.50993300000002,20.0,-146.0,0.5522035264350277,0.27565053340056594,0.4764552836659432,0,Default series,1,1,2e-06
323,147.96608,81.839348,-108.29,0.4988042979616554,0.3532686436478061,0.5237872661671724,0,Default series,1,1,2e-06
325,101.92313399999999,85.540276,-148.02700000000002,0.44101315729931,0.3579138905142688,0.47391107978023667,0,Default series,1,1,2e-06
326,268.0,28.0,-157.784,0.6494657511834521,0.2856917919529349,0.4616645098183037,0,Default series,1,1,2e-06
327,1.999054,49.995518,-106.421,0.31559271693835983,0.31329962735684563,0.5261331551964696,0,Default series,1,1,2e-06
328,248.504715,178.025482,-107.652,0.624996101528812,0.47399737372865713,0.5245880565367239,0,Default series,1,1,2e-06
329,278.0,150.513199,-150.0,0.6620173243739133,0.4394651303575389,0.4714346543897587,0,Default series,1,1,2e-06
331,240.693466,18.0,-98.0,0.6151917551755703,0.2731402187624737,0.536702834980157,0,Default series,1,1,2e-06
332,179.74714699999998,75.96860500000001,-142.002,0.5386945368138005,0.3458999376031173,0.48147340262748956,0,Default series,1,1,2e-06
333,83.94336700000001,23.731764000000002,-102.22200000000001,0.4184457211545161,0.2803344842981188,0.5314035607791443,0,Default series,1,1,2e-06
334,222.30003399999998,92.0,-158.0,0.5921051043783931,0.3660218603718867,0.4613933958373897,0,Default series,1,1,2e-06
335,33.971603,35.163261,-166.01,0.3557232958242706,0.2946828114253226,0.4513395857118303,0,Default series,1,1,2e-06
336,113.95105,63.768162,-97.0103,0.456110084099582,0.33058646227606225,0.5379450641788169,0,Default series,1,1,2e-06
338,49.975528999999995,155.809784,-138.009,0.3758107406766431,0.4461131777862388,0.48648524580244074,0,Default series,1,1,2e-06
339,182.0,4.0,-161.102,0.5415222217454856,0.255568016295828,0.45749989783370865,0,Default series,1,1,2e-06
340,244.0,192.0,-155.792,0.6193419755263452,0.4915375922764989,0.46416478319784354,0,Default series,1,1,2e-06
341,230.52423100000001,26.0,-118.0,0.6024277654362203,0.28318147731484267,0.5115996885992345,0,Default series,1,1,2e-06
342,161.990906,27.956910999999998,-163.953,0.5164076609639038,0.28563770847921455,0.4539214443171081,0,Default series,1,1,2e-06
343,64.92178299999999,83.711052,-134.02100000000002,0.3945706407770655,0.355617926622494,0.4914908131907967,0,Default series,1,1,2e-06
344,175.97735600000001,161.892776,-152.333,0.5339628560488764,0.45374828971673786,0.4685063723644241,0,Default series,1,1,2e-06
345,105.942047,47.725513,-104.48100000000001,0.4460575253658696,0.3104504139668244,0.5285681603954191,0,Default series,1,1,2e-06
346,59.946098,80.173073,-148.019,0.38832537333204753,0.3511772063860125,0.47392112103878903,0,Default series,1,1,2e-06
347,169.986435,76.895668,-118.005,0.5264433077078993,0.3470635475127841,0.5115934128126394,0,Default series,1,1,2e-06
348,3.998686,45.993778000000006,-174.34,0.31810256967855866,0.30827681410692603,0.4408841252441761,0,Default series,1,1,2e-06
349,230.0,46.094131,-78.0,0.6017697730596994,0.30840277290936424,0.5618059813610795,0,Default series,1,1,2e-06
350,105.938728,266.29855299999997,-110.022,0.4460533594987277,0.584793964868985,0.5216133336905846,0,Default series,1,1,2e-06
351,3.9948650000000003,11.975677000000001,-172.555,0.31809777372244263,0.2655787456567258,0.4431245810586734,0,Default series,1,1,2e-06
353,272.0,297.119446,-142.0,0.6544863804596366,0.6234790342974724,0.48147591294212766,0,Default series,1,1,2e-06
354,143.055099,61.79806899999999,-138.015,0.492640244215809,0.32811368562791077,0.4864777148585265,0,Default series,1,1,2e-06
355,13.249644,75.97865300000001,-114.00200000000001,0.32971397732044694,0.3459125494238591,0.516617807560781,0,Default series,1,1,2e-06
357,73.94375600000001,124.531517,-114.02,0.405894636220252,0.40685403203411,0.5165952147290381,0,Default series,1,1,2e-06
358,278.0,316.0,-149.341,0.6620173243739133,0.647177099838218,0.4722618030630101,0,Default series,1,1,2e-06
359,139.954544,58.552116000000005,-140.016,0.4887485599144539,0.32403950396268105,0.4839661450631152,0,Default series,1,1,2e-06
361,53.945755000000005,10.586864,-114.01899999999999,0.3807939988988103,0.2638355668549894,0.5165964698863572,0,Default series,1,1,2e-06
363,125.931175,103.674019,-122.16,0.4711470256764194,0.3806745907624202,0.5063782341520028,0,Default series,1,1,2e-06
364,45.992785999999995,167.96583600000002,-87.1054,0.3708117716503134,0.4613709354247441,0.5503772719082369,0,Default series,1,1,2e-06
365,46.0,374.0,-138.529,0.370820826355213,0.7199762243428931,0.48583256399653674,0,Default series,1,1,2e-06
366,123.945847,85.743523,-103.74700000000001,0.4686551267065122,0.35816899747389297,0.5294894458675989,0,Default series,1,1,2e-06
368,65.349785,53.698043999999996,-122.022,0.39510785061993187,0.31794687996470417,0.506551445862031,0,Default series,1,1,2e-06
370,225.999985,224.0,-150.92600000000002,0.5967491249561552,0.5317026264859748,0.47027237871232197,0,Default series,1,1,2e-06
371,292.56143199999997,112.0,-108.0,0.6802942123245057,0.39112500675280915,0.5241512617896958,0,Default series,1,1,2e-06
372,111.72643300000001,31.689701,-154.023,0.4533178397899576,0.29032294716817675,0.46638515649523615,0,Default series,1,1,2e-06
373,55.94891,71.758026,-149.52200000000002,0.38330827355824415,0.3406149985538454,0.4720346195882627,0,Default series,1,1,2e-06
374,288.0,194.90055800000002,-122.0,0.6745688975643744,0.49517824887951667,0.5065790593230501,0,Default series,1,1,2e-06
375,11.99461,51.974476,-167.34900000000002,0.3281387122096952,0.3157835309746305,0.4496589300616275,0,Default series,1,1,2e-06
376,45.967392,73.845558,-162.842,0.3707798981853535,0.34323517962238836,0.45531592409856836,0,Default series,1,1,2e-06
377,264.16058300000003,318.0,-148.0,0.644646678835032,0.6496874144763103,0.47394496902785094,0,Default series,1,1,2e-06
380,177.97731000000002,175.892548,-153.381,0.536473112949732,0.4713202060075148,0.46719096749406375,0,Default series,1,1,2e-06
381,129.945068,47.73983,-137.944,0.4761850928532374,0.3104683840541611,0.48656683102817877,0,Default series,1,1,2e-06
383,87.986595,365.936523,-140.506,0.4235206083712883,0.709855292169383,0.4833511179767826,0,Default series,1,1,2e-06
384,288.0,334.0,-168.442,0.6745688975643744,0.6697699315810481,0.4482870431119101,0,Default series,1,1,2e-06
385,125.95192,87.77226999999999,-169.247,0.471173063915003,0.3607153941194359,0.44727664147007795,0,Default series,1,1,2e-06
387,175.999664,1.9983849999999999,-163.64600000000002,0.5339908560983496,0.2530556745786655,0.4543067776140553,0,Default series,1,1,2e-06
388,165.92478899999998,324.872803,-112.02600000000001,0.5213453030036248,0.6583138634641224,0.5190979984232161,0,Default series,1,1,2e-06
389,115.77362099999999,111.63308,-126.027,0.4583976974297132,0.39066446442930475,0.5015245407992514,0,Default series,1,1,2e-06
390,258.0,113.750755,-108.0,0.6369141779929908,0.39332247970491574,0.5241512617896958,0,Default series,1,1,2e-06
391,18.0,201.999985,-120.398,0.33567642142192156,0.5040891466396004,0.508589821348162,0,Default series,1,1,2e-06
392,5.996165,35.981838,-169.28599999999997,0.3206097200650496,0.2957102543380754,0.4472276903346352,0,Default series,1,1,2e-06
393,145.942932,159.75341799999998,-148.02,0.4962649289419419,0.45106305886497794,0.47391986588147,0,Default series,1,1,2e-06
394,57.658085,75.743271,-142.019,0.38545355706902484,0.34561710798378736,0.4814520649530658,0,Default series,1,1,2e-06
395,115.926125,89.934753,-144.026,0.458589113941497,0.3634296504841987,0.4789329642137402,0,Default series,1,1,2e-06
396,201.445114,36.0,-94.0,0.5659288989022717,0.29573305050530385,0.5417234642563415,0,Default series,1,1,2e-06
397,173.039078,81.948524,-154.004,0.5302748549117842,0.3534056767032703,0.466409004484298,0,Default series,1,1,2e-06
398,113.941948,327.1185,-126.01700000000001,0.45609865965766405,0.6611325664900323,0.5015370923724418,0,Default series,1,1,2e-06
400,142.749725,61.797165,-140.015,0.49225695180466256,0.32811255096569436,0.4839674002204342,0,Default series,1,1,2e-06
401,197.991028,191.664963,-148.003,0.561593477578757,0.49111706813379763,0.4739412035558938,0,Default series,1,1,2e-06
403,199.965607,319.837036,-95.1905,0.5640718848626418,0.6519931836570615,0.5402291994680171,0,Default series,1,1,2e-06
405,169.969543,173.855728,-153.939,0.5264221055904659,0.4687636764769353,0.46649058971003604,0,Default series,1,1,2e-06
406,52.874424,155.87027,-120.01,0.3794493099530393,0.44618909723183864,0.5090768223879519,0,Default series,1,1,2e-06
407,256.727081,168.71813999999998,-103.37299999999999,0.635316464393588,0.46231519529649173,0.5299588747049222,0,Default series,1,1,2e-06
409,232.0,98.0,-115.176,0.6042800876977916,0.37355280428616344,0.5151442528682209,0,Default series,1,1,2e-06
410,23.997132999999998,131.986435,-161.72,0.3432037668001646,0.41621112692469875,0.45672421061053814,0,Default series,1,1,2e-06
411,127.95591,31.791157000000002,-163.329,0.47368838663079826,0.29045029040913783,0.45470466248419295,0,Default series,1,1,2e-06
412,182.79216,55.987033999999994,-134.001,0.5425165071673411,0.32081992251642755,0.4915159163371776,0,Default series,1,1,2e-06
413,49.959633000000004,57.808792000000004,-164.044,0.37579078869589955,0.3231065154036584,0.45380722500107495,0,Default series,1,1,2e-06
414,95.932823,115.68184699999999,-157.622,0.4334943746042975,0.3957463039624671,0.46186784530398917,0,Default series,1,1,2e-06
415,250.0,28.0,-157.61700000000002,0.6268729194406218,0.2856917919529349,0.46187412109058434,0,Default series,1,1,2e-06
416,290.0,142.0,-149.675,0.6770792122024667,0.4287797263241928,0.4718425805184487,0,Default series,1,1,2e-06
418,133.266617,51.755718,-142.018,0.4803541593911577,0.3155089552698306,0.48145332011038483,0,Default series,1,1,2e-06
419,248.0,42.0,-105.369,0.6243626048025296,0.30326399441958063,0.5274535806961062,0,Default series,1,1,2e-06
420,276.0,34.0,-155.18,0.659507009735821,0.29322273586721165,0.4649329394770998,0,Default series,1,1,2e-06
421,21.996006,113.981071,-161.339,0.34069203759977384,0.39361156251800916,0.45720242554909474,0,Default series,1,1,2e-06
422,74.174339,263.87399300000004,-120.009,0.40618405416034964,0.5817507606395187,0.5090780775452709,0,Default series,1,1,2e-06
423,103.935577,147.694885,-101.296,0.4435390898599232,0.43592770291306876,0.532565836456581,0,Default series,1,1,2e-06
424,149.973389,51.873981,-158.15,0.5013237865445925,0.315657393939853,0.4612051222395328,0,Default series,1,1,2e-06
425,212.0,40.0,-120.37200000000001,0.5791769413168693,0.30075367978148837,0.5086224554384572,0,Default series,1,1,2e-06
427,215.106461,175.396469,-111.376,0.5830760385773506,0.4706975488198397,0.5199138506805961,0,Default series,1,1,2e-06
429,28.037136,3.8307330000000004,-130.013,0.34827460613458294,0.25535555958190503,0.4965214837255335,0,Default series,1,1,2e-06
430,186.730591,53.996689,-118.0,0.5474598576625493,0.31832172642225076,0.5115996885992345,0,Default series,1,1,2e-06
434,13.986863,5.937779,-172.59099999999998,0.3306393031440368,0.25800023379037185,0.44307939539518776,0,Default series,1,1,2e-06
435,38.0,396.0,-136.005,0.36077956780284404,0.7475896853619077,0.48900058106980915,0,Default series,1,1,2e-06
436,1.996091,17.491055,-170.00099999999998,0.3155889979072235,0.27250141272073175,0.44633025285151723,0,Default series,1,1,2e-06
437,264.0,36.0,-141.026,0.6444451219072675,0.29573305050530385,0.4826984361708786,0,Default series,1,1,2e-06
438,206.0,60.0,-102.029,0.5716459974025925,0.3258568261624108,0.5316458061417202,0,Default series,1,1,2e-06
439,43.948177,13.684145000000001,-128.018,0.36824546569937583,0.26772314177128187,0.49902552257703053,0,Default series,1,1,2e-06
440,45.953941,11.781847,-167.55700000000002,0.3707630150642551,0.2653354585135751,0.4493978573392659,0,Default series,1,1,2e-06
441,121.934082,139.316071,-156.023,0.4661300451425614,0.42541097319604265,0.4638748418571439,0,Default series,1,1,2e-06
442,240.0,16.0,-161.39700000000002,0.6143213462501607,0.2706299041243815,0.45712962642459004,0,Default series,1,1,2e-06
443,59.980762,204.178238,-152.007,0.3883688821053549,0.5068231968352845,0.46891555365043314,0,Default series,1,1,2e-06
444,298.0,204.0,-149.94799999999998,0.6871204707548357,0.5065994801050524,0.4714999225703491,0,Default series,1,1,2e-06
446,1.9966709999999999,25.984232000000002,-167.715,0.31558972589846856,0.28316168599423597,0.44919954248285665,0,Default series,1,1,2e-06
447,280.0,54.0,-153.634,0.6645276390120055,0.3183258822481341,0.4668734126923451,0,Default series,1,1,2e-06
449,246.0,63.481789,-126.0,0.6218522901644373,0.3302270191091351,0.5015584300468656,0,Default series,1,1,2e-06
450,207.265411,30.0,-118.0,0.573234287280844,0.2882021065910272,0.5115996885992345,0,Default series,1,1,2e-06
451,141.288101,383.68066400000004,-130.024,0.4904223837433691,0.7321269806157193,0.496507676995024,0,Default series,1,1,2e-06
452,47.999996,364.0,-141.14600000000002,0.373331135972676,0.7074246511524318,0.48254781729259305,0,Default series,1,1,2e-06
453,10.305698,71.987938,-108.001,0.3260188619516704,0.3409035742833819,0.5241500066323768,0,Default series,1,1,2e-06
454,25.976231,5.887424,-173.132,0.34568784613997416,0.2579370303435713,0.4424003552855838,0,Default series,1,1,2e-06
455,282.0,144.0,-148.66,0.6670379536500978,0.43129004096228507,0.4731165651972805,0,Default series,1,1,2e-06
457,21.988917999999998,87.94751,-139.049,0.34068314104469644,0.3609353478880255,0.4851798821906328,0,Default series,1,1,2e-06
460,61.54037099999999,53.73646899999999,-160.02,0.3903264367565551,0.31799510938468856,0.45885797805291656,0,Default series,1,1,2e-06
461,169.23671000000002,191.83088700000002,-152.013,0.5255022848868774,0.4913253288568031,0.4689080227065188,0,Default series,1,1,2e-06
462,143.938049,189.706558,-149.09799999999998,0.49374848537066074,0.4886589617643911,0.4725668062915383,0,Default series,1,1,2e-06
463,43.967273999999996,61.845001,-164.475,0.36826943543869767,0.32817259267120824,0.4532662521965661,0,Default series,1,1,2e-06
464,276.0,30.0,-155.345,0.659507009735821,0.2882021065910272,0.46472583851945715,0,Default series,1,1,2e-06
465,193.392456,42.0,-146.0,0.5558215462757965,0.30326399441958063,0.4764552836659432,0,Default series,1,1,2e-06
467,53.990337,196.860001,-88.0034,0.38084995632240803,0.4976376581022204,0.5492501406357335,0,Default series,1,1,2e-06
468,27.993311,115.96831499999999,-163.455,0.3482195988650757,0.39610586636933964,0.4545465126619931,0,Default series,1,1,2e-06
469,67.32341,285.95327799999995,-148.003,0.39758506048373427,0.6094637368065738,0.4739412035558938,0,Default series,1,1,2e-06
470,288.0,132.0,-152.539,0.6745688975643744,0.41622815313373157,0.4682478099567006,0,Default series,1,1,2e-06
471,238.116531,173.120102,-105.90799999999999,0.6119572963496142,0.46784035011895464,0.5267770509011404,0,Default series,1,1,2e-06
472,221.752365,80.0,-110.0,0.5914176936246285,0.3509599725433332,0.5216409471516036,0,Default series,1,1,2e-06
473,203.99139399999999,219.95925899999997,-147.411,0.5691248808806125,0.526630860845455,0.4746842566887691,0,Default series,1,1,2e-06
474,57.140629000000004,71.739777,-140.019,0.38480406838334047,0.34059209318793016,0.483962379591158,0,Default series,1,1,2e-06
475,262.0,48.0,-132.134,0.6419348072691753,0.31079493833385735,0.49385929505183673,0,Default series,1,1,2e-06
476,61.94088000000001,27.719994,-163.84,0.39082913855924895,0.2853403403726581,0.4540632770941604,0,Default series,1,1,2e-06
477,274.0,108.0,-95.1436,0.6569966950977288,0.3861043774766246,0.5402880663462803,0,Default series,1,1,2e-06
478,244.0,74.67235600000001,-124.0,0.6193419755263452,0.3442729411834611,0.5040687446849579,0,Default series,1,1,2e-06
480,0.894849,61.993790000000004,-150.0,0.3142067659508825,0.3283593462735518,0.4714346543897587,0,Default series,1,1,2e-06
481,75.931923,7.677567999999999,-115.164,0.408390098581788,0.2601839426873178,0.5151593147560494,0,Default series,1,1,2e-06
482,34.0,381.392548,-138.0,0.3557589385266595,0.7292550350714928,0.4864965422183122,0,Default series,1,1,2e-06
483,286.0,128.309677,-148.0,0.6720585829262823,0.4115962172106373,0.47394496902785094,0,Default series,1,1,2e-06
485,123.92901599999999,131.663803,-147.655,0.4686340011536753,0.4158061730085402,0.4743779983029218,0,Default series,1,1,2e-06
486,218.0,71.34144599999999,-108.0,0.5867078852311459,0.3400921251178771,0.5241512617896958,0,Default series,1,1,2e-06
487,191.999985,45.562946000000004,-124.0,0.554073776108587,0.3077360521688467,0.5040687446849579,0,Default series,1,1,2e-06
488,153.46191399999998,71.851799,-124.01100000000001,0.5057024342310179,0.3407326984211243,0.5040549379544483,0,Default series,1,1,2e-06
489,205.999954,117.48224599999999,-138.0,0.5716459396653558,0.39800608794452047,0.4864965422183122,0,Default series,1,1,2e-06
490,79.998047,397.02652,-148.001,0.41349372388053707,0.748878129453055,0.4739437138705319,0,Default series,1,1,2e-06
491,39.26963,143.925797,-140.006,0.36237315318982455,0.4311969045237398,0.48397869663630566,0,Default series,1,1,2e-06
492,63.935005000000004,59.692161999999996,-140.213,0.3933320791480918,0.3254704410436303,0.4837188790712631,0,Default series,1,1,2e-06
493,252.0,192.0,-161.859,0.6293832340787141,0.4915375922764989,0.45654974374319074,0,Default series,1,1,2e-06
494,125.944305,53.181422999999995,-154.02,0.4711635058920185,0.31729843933538127,0.4663889219671933,0,Default series,1,1,2e-06
495,3.9998730000000005,87.999397,-107.554,0.3181040595502964,0.3610004742358388,0.5247110619539904,0,Default series,1,1,2e-06
496,13.995567000000001,94.584854,-136.002,0.33065022803334176,0.3692662587886524,0.4890043465417663,0,Default series,1,1,2e-06
497,5.998863,91.994621,-129.184,0.32061310647949637,0.3660151088806676,0.4975620091430228,0,Default series,1,1,2e-06
498,135.96807900000002,5.848795,-160.359,0.4837449191925827,0.2578885448714938,0.45843247972175993,0,Default series,1,1,2e-06
499,62.459213,99.775627,-156.017,0.3914797280179021,0.37578149551110934,0.4638823728010582,0,Default series,1,1,2e-06
500,75.959801,179.809616,-155.609,0.40842508985752835,0.47623674257691617,0.46439447698722897,0,Default series,1,1,2e-06
502,141.94223,151.726379,-107.33,0.4912434185453194,0.4409878621138593,0.5249922171934567,0,Default series,1,1,2e-06
503,89.96489,269.83371,-148.745,0.42600367981977066,0.5892311430515123,0.47300987682516155,0,Default series,1,1,2e-06
506,165.985321,71.063629,-156.005,0.5214212801864614,0.33974342107697175,0.4638974346888867,0,Default series,1,1,2e-06
507,240.0,18.0,-107.069,0.6143213462501607,0.2731402187624737,0.5253198132537278,0,Default series,1,1,2e-06
508,237.70015,32.0,-112.0,0.6114346726899524,0.2907124212291194,0.5191306325135113,0,Default series,1,1,2e-06
510,244.0,72.0,-126.956,0.6193419755263452,0.3409187139909643,0.5003584996498576,0,Default series,1,1,2e-06
511,66.660446,35.700775,-116.022,0.39675293636687015,0.2953574760565123,0.5140823897763078,0,Default series,1,1,2e-06
512,296.0,333.483276,-168.0,0.6846101561167435,0.6691213616705214,0.4488418226469285,0,Default series,1,1,2e-06
513,132.773026,117.702293,-148.02200000000002,0.4797346250348924,0.3982822815471046,0.4739173555668319,0,Default series,1,1,2e-06
515,232.187881,134.498032,-135.583,0.6045159079100514,0.419363576281743,0.48953025745844664,0,Default series,1,1,2e-06
517,181.19519,81.979538,-108.00200000000001,0.5405120585835441,0.3534446041523632,0.5241487514750577,0,Default series,1,1,2e-06
518,133.930923,156.74147,-144.024,0.481187967929144,0.4472825902881916,0.4789354745283783,0,Default series,1,1,2e-06
519,30.852713,179.993027,-98.0005,0.3518085982134708,0.47646695223595975,0.5367022074014975,0,Default series,1,1,2e-06
520,198.0,13.188426000000002,-134.0,0.5616047388502236,0.2671009364402417,0.49151717149449664,0,Default series,1,1,2e-06
522,131.903793,109.75201399999999,-162.018,0.478643600872986,0.3883034306717959,0.4563501737294624,0,Default series,1,1,2e-06
523,107.944672,71.737946,-99.1464,0.4485711347919244,0.34058979499487896,0.5352639226296025,0,Default series,1,1,2e-06
524,292.796265,192.0,-110.0,0.6805889646832093,0.4915375922764989,0.5216409471516036,0,Default series,1,1,2e-06
525,170.093628,11.989030999999999,-166.00099999999998,0.5265778517863997,0.26559550702756435,0.45135088212770175,0,Default series,1,1,2e-06
526,227.591827,177.83088700000002,-118.634,0.5987471370932201,0.4737531263901574,0.5108039188589594,0,Default series,1,1,2e-06
528,258.0,190.74472,-140.0,0.6369141779929908,0.4899620183970467,0.4839862275802199,0,Default series,1,1,2e-06
529,119.924423,107.642044,-134.822,0.4636076069399245,0.3856550863833282,0.49048543217824075,0,Default series,1,1,2e-06
531,56.88649,107.814552,-156.014,0.3844850839574354,0.3858716110621222,0.4638861382730153,0,Default series,1,1,2e-06
534,262.37677,156.242615,-104.78200000000001,0.6424077128922724,0.4466564487837989,0.5281903580423862,0,Default series,1,1,2e-06
535,289.373199,188.0,-158.0,0.6762924783397313,0.4865169630003144,0.4613933958373897,0,Default series,1,1,2e-06
536,91.975662,129.71336399999998,-102.021,0.42852751501250363,0.4133580652223372,0.5316558474002726,0,Default series,1,1,2e-06
537,232.0,10.0,-149.715,0.6042800876977916,0.2630989602101047,0.4717923742256868,0,Default series,1,1,2e-06
538,145.967667,63.150318000000006,-160.011,0.4962959752582285,0.32981097085743355,0.458869274468788,0,Default series,1,1,2e-06
539,213.236435,235.972687,-140.002,0.5807288617566441,0.5467302322026731,0.4839837172655818,0,Default series,1,1,2e-06
540,201.999893,120.916824,-102.0,0.5666252338245749,0.40231702365905525,0.5316822057039725,0,Default series,1,1,2e-06
541,186.151443,63.99489200000001,-112.0,0.5467329358115384,0.33087104409500956,0.5191306325135113,0,Default series,1,1,2e-06
542,137.961166,77.816063,-102.141,0.48624655692812835,0.34821878803344763,0.531505228521987,0,Default series,1,1,2e-06
543,252.0,96.0,-102.454,0.6293832340787141,0.3710424896480712,0.5311123642811256,0,Default series,1,1,2e-06
544,91.930252,81.669655,-111.51,0.4284705183186458,0.3530556522368652,0.5197456595998439,0,Default series,1,1,2e-06
545,35.958942,8.897984,-122.014,0.35821771891554643,0.26171575676199876,0.5065614871205835,0,Default series,1,1,2e-06
546,47.955878999999996,37.791053999999995,-163.388,0.3732757621972316,0.29798110504221076,0.4546306082023692,0,Default series,1,1,2e-06
547,177.976761,181.889938,-154.463,0.5364724238683638,0.47884787396118883,0.46583288727485583,0,Default series,1,1,2e-06
548,49.955086,43.787247,-162.876,0.3757850814955699,0.3055072705725739,0.4552732487497208,0,Default series,1,1,2e-06
549,97.941185,51.72142,-102.42399999999999,0.43601518486789165,0.31546590588410195,0.531150019000697,0,Default series,1,1,2e-06
550,246.0,143.051025,-136.0,0.6218522901644373,0.43009892804544325,0.4890068568564044,0,Default series,1,1,2e-06
552,121.949165,77.75921600000001,-100.65700000000001,0.46614897668040456,0.34814743610533183,0.5333678819834514,0,Default series,1,1,2e-06
553,143.97508200000001,19.881994,-162.515,0.493794967611657,0.2755024173059746,0.4557263605418965,0,Default series,1,1,2e-06
554,169.937988,314.699493,-94.0218,0.5263824991012634,0.6455447589586973,0.5416961018267863,0,Default series,1,1,2e-06
555,143.939438,183.15905800000002,-150.02100000000002,0.49375022878417685,0.48044081921793663,0.4714082960860587,0,Default series,1,1,2e-06
556,65.928848,31.662996000000003,-145.99,0.39583466578257065,0.29028942819197157,0.4764678352391336,0,Default series,1,1,2e-06
557,278.0,104.49192,-98.0,0.6620173243739133,0.38170118518882534,0.536702834980157,0,Default series,1,1,2e-06
558,222.0,116.0,-151.218,0.5917285145073304,0.39614563602899366,0.46990587277516055,0,Default series,1,1,2e-06
559,204.0,0.979411,-152.0,0.5691356827645002,0.25177670190464774,0.4689243397516665,0,Default series,1,1,2e-06
560,220.0,58.0,-117.79,0.5892181998692382,0.3233465115243186,0.5118632716362342,0,Default series,1,1,2e-06
561,111.166641,25.676046,-146.024,0.45261521276401406,0.2827748640807084,0.47642515989028605,0,Default series,1,1,2e-06
563,185.998764,97.994141,-91.5057,0.5465412996472238,0.37354545031943115,0.5448542031572382,0,Default series,1,1,2e-06
565,230.0,64.0,-130.60299999999998,0.6017697730596994,0.33087745543859526,0.49578094090729635,0,Default series,1,1,2e-06
566,147.917587,199.728973,-148.916,0.4987434316177829,0.5012386693061588,0.4727952449236047,0,Default series,1,1,2e-06
567,207.987442,257.940521,-141.64700000000002,0.5741405497750721,0.5743033198313634,0.4819189834757509,0,Default series,1,1,2e-06
568,37.989182,137.94876100000002,-160.634,0.3607659895109666,0.42369478404213773,0.45808731145902226,0,Default series,1,1,2e-06
569,186.0,20.0,-160.414,0.5465428510216701,0.27565053340056594,0.4583634460692124,0,Default series,1,1,2e-06
570,157.982452,47.916927,-158.067,0.511376420587744,0.3106906686498922,0.4613093002970136,0,Default series,1,1,2e-06
572,59.937626,19.704573,-119.681,0.3883147396392405,0.2752797260392721,0.509489769145918,0,Default series,1,1,2e-06
573,127.953171,57.778217000000005,-106.818,0.4736849487549014,0.32306813896862857,0.5256348577408083,0,Default series,1,1,2e-06
574,45.962421,51.822006,-164.389,0.3707736587983206,0.31559215713819555,0.453374195726004,0,Default series,1,1,2e-06
575,206.106354,299.883698,-134.009,0.5717794884041023,0.6269486054269603,0.49150587507862525,0,Default series,1,1,2e-06
576,75.935448,37.694266999999996,-164.921,0.4083945230113376,0.2978596221307722,0.4527064520322715,0,Default series,1,1,2e-06
577,93.94548,15.741782999999998,-101.99600000000001,0.4309999464923925,0.2703058011669293,0.5316872263332487,0,Default series,1,1,2e-06
578,187.99903899999998,67.212662,-154.0,0.5490519594535787,0.33490985166151666,0.4664140251135742,0,Default series,1,1,2e-06
579,232.53881800000002,52.0,-86.0,0.6049563890541255,0.3158155676100418,0.5517647228087105,0,Default series,1,1,2e-06
580,181.991852,103.961388,-149.185,0.54151199472365,0.38103528406603715,0.4724576076047813,0,Default series,1,1,2e-06
581,125.27294199999999,93.672729,-128.024,0.4703208397088317,0.3681213984190174,0.4990179916331163,0,Default series,1,1,2e-06
582,117.98316200000001,87.689491,-112.023,0.4611710189875957,0.3606114934517225,0.5191017638951733,0,Default series,1,1,2e-06
584,23.61879,69.92511,-144.006,0.3427288868146048,0.3383144006212487,0.47895806736012114,0,Default series,1,1,2e-06
585,9.996611999999999,67.19811999999999,-112.001,0.3256309103965557,0.3348915991637831,0.5191293773561922,0,Default series,1,1,2e-06
586,198.0,45.467822999999996,-122.0,0.5616047388502236,0.3076166578391871,0.5065790593230501,0,Default series,1,1,2e-06
587,213.980881,52.0,-130.0,0.5816632586021786,0.3158155676100418,0.4965378007706811,0,Default series,1,1,2e-06
588,40.703491,131.91578700000002,-114.006,0.36417287431846934,0.4161224525704228,0.5166127869315048,0,Default series,1,1,2e-06
589,185.999969,31.999836,-158.55200000000002,0.5465428121117931,0.29071221538331904,0.46070054899727625,0,Default series,1,1,2e-06
592,165.97348,129.87432900000002,-106.848,0.5214064178686465,0.4135601016201975,0.5255972030212369,0,Default series,1,1,2e-06
593,159.970215,119.85889399999999,-105.734,0.5138713758657231,0.4009891550765168,0.5269954482746543,0,Default series,1,1,2e-06
594,7.9991509999999995,79.943901,-104.0,0.32312378260289654,0.3508895594728921,0.5291718910658803,0,Default series,1,1,2e-06
595,251.37039199999998,143.608246,-105.243,0.6285929769893841,0.4307983280619195,0.527611730518306,0,Default series,1,1,2e-06
597,51.940697,15.249606,-126.021,0.3782773356749983,0.26968804160311316,0.5015320717431656,0,Default series,1,1,2e-06
598,57.945812,5.74335,-109.75,0.385814699718962,0.25775619480798706,0.5219547364813651,0,Default series,1,1,2e-06
599,111.2873,15.690304999999999,-150.023,0.4527666587909729,0.27024118817845943,0.4714057857714206,0,Default series,1,1,2e-06
600,53.963131000000004,123.04646299999999,-122.01299999999999,0.38081580851238606,0.4049900556368313,0.5065627422779025,0,Default series,1,1,2e-06
601,66.727028,57.686721999999996,-126.023,0.3968365072514869,0.3229532983497224,0.5015295614285276,0,Default series,1,1,2e-06
602,109.934807,23.495608999999998,-122.023,0.45106906730306423,0.2800380726214394,0.5065501907047121,0,Default series,1,1,2e-06
603,292.0,87.718666,-142.0,0.679589526840559,0.3606481126665057,0.48147591294212766,0,Default series,1,1,2e-06
604,196.0,68.0,-105.82600000000001,0.5590944242121313,0.3358980847147798,0.526879973801302,0,Default series,1,1,2e-06
605,244.0,182.0,-157.172,0.6193419755263452,0.47898601908603766,0.4624326660975599,0,Default series,1,1,2e-06
606,296.0,7.984505,-156.0,0.6846101561167435,0.2605691969093539,0.46390371047548196,0,Default series,1,1,2e-06
607,89.992081,395.962494,-144.982,0.42603780880243286,0.7475426094314996,0.47773303381673216,0,Default series,1,1,2e-06
608,139.955902,60.444297999999996,-148.015,0.48875026441809316,0.3264144900489484,0.47392614166806524,0,Default series,1,1,2e-06
610,248.0,104.0,-104.89299999999999,0.6243626048025296,0.38108374820044016,0.5280510355799721,0,Default series,1,1,2e-06
612,278.0,162.784348,-128.0,0.6620173243739133,0.4548673528379944,0.49904811540877336,0,Default series,1,1,2e-06
613,69.944344,95.73640400000001,-156.27700000000002,0.4008747449765711,0.3707116351993999,0.4635560318981062,0,Default series,1,1,2e-06
615,10.0,210.0,-159.874,0.32563516286955263,0.5141304240193291,0.4590412310214973,0,Default series,1,1,2e-06
616,19.983952,17.923994,-171.81,0.3381665932953578,0.27304481927528224,0.44405967326136275,0,Default series,1,1,2e-06
617,298.0,127.44703700000001,-154.0,0.6871204707548357,0.4105134683009354,0.4664140251135742,0,Default series,1,1,2e-06
618,107.938286,6.367247,-160.02200000000002,0.44856311935728493,0.2585392836938679,0.45885546773827846,0,Default series,1,1,2e-06
620,39.980804,126.075203,-118.007,0.36326578844103985,0.40879160081531907,0.5115909024980012,0,Default series,1,1,2e-06
621,135.936264,201.698074,-153.395,0.4837049863624772,0.5037102008382498,0.46717339529159707,0,Default series,1,1,2e-06
622,5.999334999999999,101.607933,-136.0,0.32061369891375097,0.3780813277977415,0.4890068568564044,0,Default series,1,1,2e-06
623,73.98336,279.921204,-148.17600000000002,0.4059443454707155,0.601892534976446,0.4737240613396988,0,Default series,1,1,2e-06
624,67.818832,31.722345,-168.021,0.39820689303305074,0.29036392052369964,0.44881546434322855,0,Default series,1,1,2e-06
626,169.982742,107.91826599999999,-107.23899999999999,0.52643867241192,0.38600178844830974,0.52510643650949,0,Default series,1,1,2e-06
627,87.931381,81.674995,-111.561,0.42345130611507453,0.3530623547769489,0.5196816465765726,0,Default series,1,1,2e-06
628,189.697418,22.0,-154.0,0.551183692285943,0.27816084803865815,0.4664140251135742,0,Default series,1,1,2e-06
629,239.99432400000003,353.19622799999996,-118.00200000000001,0.6143142219772177,0.6938642176533263,0.5115971782845965,0,Default series,1,1,2e-06
630,113.94461799999999,31.737696000000003,-165.718,0.45610201092770586,0.2903831884437043,0.4517060916489918,0,Default series,1,1,2e-06
631,186.0,12.0,-160.631,0.5465428510216701,0.26560927484819696,0.4580910769309794,0,Default series,1,1,2e-06
632,39.975353000000005,79.883263,-163.05100000000002,0.3632589465784938,0.35081344924337976,0.45505359621888775,0,Default series,1,1,2e-06
633,83.93924,57.71220400000001,-104.652,0.4184405411202604,0.3229852822685264,0.5283535284938622,0,Default series,1,1,2e-06
634,262.14984100000004,167.30105600000002,-102.605,0.6421228812970186,0.46053653194218863,0.5309228355259497,0,Default series,1,1,2e-06
635,199.99975600000002,123.998764,-98.34,0.5641147472299299,0.40618534320691624,0.5362760814916814,0,Default series,1,1,2e-06
636,175.989304,106.69346599999999,-104.00399999999999,0.5339778526685244,0.38446447176394205,0.5291668704366042,0,Default series,1,1,2e-06
637,89.929367,84.25415799999999,-156.025,0.42595909286632616,0.3562996100934118,0.4638723315425058,0,Default series,1,1,2e-06
638,110.935974,15.702182,-156.02200000000002,0.45232568939070167,0.27025609568193776,0.4638760970144629,0,Default series,1,1,2e-06
639,122.15851599999999,11.774578,-162.017,0.46641174512030414,0.26532633477502293,0.45635142888678143,0,Default series,1,1,2e-06
640,161.992172,26.845919,-168.003,0.5164092499930697,0.28424323873901286,0.4488380571749714,0,Default series,1,1,2e-06
641,67.936729,-0.29967,-112.834,0.3983548723154943,0.25017125402584495,0.5180838313094268,0,Default series,1,1,2e-06
642,248.0,70.0,-151.454,0.6243626048025296,0.33840839935287204,0.4696096556478656,0,Default series,1,1,2e-06
643,37.990555,172.808762,-134.003,0.3607677128419656,0.4674495694392428,0.4915134060225395,0,Default series,1,1,2e-06
645,57.955299,111.788292,-143.145,0.3858266073964478,0.39085927990710856,0.48003875781181987,0,Default series,1,1,2e-06
646,68.22245799999999,43.659721000000005,-140.025,0.39871350716110804,0.30534720538030513,0.48395484864724375,0,Default series,1,1,2e-06
647,236.0,75.714027,-116.0,0.6093007169739761,0.34558040216314917,0.5141100032373268,0,Default series,1,1,2e-06
649,43.975403,125.883499,-123.036,0.3682796386125442,0.40855098213662866,0.5052787163405184,0,Default series,1,1,2e-06
650,192.776367,14.0,-152.0,0.5550482576582627,0.2681195894862892,0.4689243397516665,0,Default series,1,1,2e-06
652,63.99595600000001,327.980408,-132.496,0.393408582241845,0.6622143966245767,0.493404928102342,0,Default series,1,1,2e-06
653,125.403702,51.736923,-118.02,0.47048496407987017,0.3154853645880191,0.5115745854528537,0,Default series,1,1,2e-06
655,63.950951,87.767677,-160.437,0.39335209388670134,0.36070962918186944,0.4583345774508743,0,Default series,1,1,2e-06
657,135.935944,155.69664,-149.59,0.4837045847121352,0.44597116426653266,0.4719492688905676,0,Default series,1,1,2e-06
658,95.94193299999999,233.566498,-112.02,0.43350580908747405,0.5437100864683149,0.5191055293671304,0,Default series,1,1,2e-06
659,265.502228,334.0,-132.0,0.6463306543763436,0.6697699315810481,0.4940274861325889,0,Default series,1,1,2e-06
660,198.0,46.3997,-114.0,0.5616047388502236,0.30878631007618784,0.5166203178754191,0,Default series,1,1,2e-06
662,0.0,88.481499,-112.0,0.31308358967909145,0.3616055880896656,0.5191306325135113,0,Default series,1,1,2e-06
663,175.973572,155.071548,-124.009,0.5339581065335811,0.4451865754676555,0.5040574482690865,0,Default series,1,1,2e-06
665,128.90739399999998,229.345871,-111.78200000000001,0.47488264873735353,0.5384125355983012,0.5194042568090633,0,Default series,1,1,2e-06
666,163.985931,79.93334200000001,-101.186,0.5189117311943338,0.35087630626676025,0.5327039037616761,0,Default series,1,1,2e-06
668,117.931877,221.67735299999998,-148.529,0.4611066482444884,0.5287873391043643,0.47328099080607555,0,Default series,1,1,2e-06
669,99.942192,35.306854,-104.02,0.43852676344940417,0.2948630432302363,0.5291467879194994,0,Default series,1,1,2e-06
670,181.933716,355.686035,-102.87899999999999,0.54143902489775,0.6969893171323885,0.5305789224205311,0,Default series,1,1,2e-06
672,230.0,222.000015,-152.93200000000002,0.6017697730596994,0.5291923306752423,0.46775453313031545,0,Default series,1,1,2e-06
673,53.936852,17.046228,-132.02200000000002,0.38078282423319887,0.2719430848559724,0.49399987267156986,0,Default series,1,1,2e-06
674,252.0,212.000015,-156.717,0.6293832340787141,0.5166407574847811,0.46300376267772586,0,Default series,1,1,2e-06
675,258.0,54.365607999999995,-120.0,0.6369141779929908,0.3187847778052359,0.5090893739611424,0,Default series,1,1,2e-06
676,286.0,127.30918100000001,-128.0,0.6720585829262823,0.41034043733356096,0.49904811540877336,0,Default series,1,1,2e-06
677,258.0,96.0,-102.59,0.6369141779929908,0.3710424896480712,0.5309416628857353,0,Default series,1,1,2e-06
679,123.938797,171.053192,-160.02200000000002,0.4686462778474129,0.46524605290464505,0.45885546773827846,0,Default series,1,1,2e-06
680,241.009186,62.000004000000004,-118.0,0.6155880334443395,0.32836714582113236,0.5115996885992345,0,Default series,1,1,2e-06
681,216.0,148.0,-98.4401,0.5841975705930538,0.43631067023846953,0.5361504402440448,0,Default series,1,1,2e-06
682,253.999969,385.99987799999997,-152.469,0.6318935098069295,0.7350379590422536,0.46833567096903383,0,Default series,1,1,2e-06
683,119.95156899999999,69.770615,-98.6749,0.46364167944050727,0.33812048509124265,0.5358557293055328,0,Default series,1,1,2e-06
684,109.88638300000001,226.722275,-117.948,0.45100828756504674,0.5351195098766811,0.511664956779825,0,Default series,1,1,2e-06
686,59.240162,21.717098,-162.02100000000002,0.38743931259486936,0.27780576152278535,0.4563464082575052,0,Default series,1,1,2e-06
688,208.0,120.0,-147.77200000000002,0.5741563120406847,0.4011662653051781,0.4742311448965934,0,Default series,1,1,2e-06
690,39.988682,145.946396,-159.264,0.3632756765703993,0.4337330741474471,0.4598068769861154,0,Default series,1,1,2e-06
692,276.0,20.0,-155.095,0.659507009735821,0.27565053340056594,0.4650396278492187,0,Default series,1,1,2e-06
693,240.0,25.058075,-144.0,0.6143213462501607,0.28199921325710015,0.4789655983040354,0,Default series,1,1,2e-06
694,121.92793999999999,94.491463,-138.025,0.4661223359663078,0.3691490383914693,0.486465163285336,0,Default series,1,1,2e-06
695,57.96946,137.855362,-103.73700000000001,0.3858443816792428,0.42357755360369614,0.5295019974407894,0,Default series,1,1,2e-06
697,257.338867,120.0,-140.0,0.6360843520691779,0.4011662653051781,0.4839862275802199,0,Default series,1,1,2e-06
699,101.928291,16.879637,-126.025,0.44101963014560436,0.2717339869430352,0.5015270511138895,0,Default series,1,1,2e-06
700,270.0,83.399139,-112.0,0.6519760658215443,0.3552264267376384,0.5191306325135113,0,Default series,1,1,2e-06
701,256.0,186.81778,-128.0,0.6344038633548986,0.4850330909145917,0.49904811540877336,0,Default series,1,1,2e-06
702,85.93276999999999,15.68159,-112.789,0.4209427348904984,0.27023024948242397,0.518140313388784,0,Default series,1,1,2e-06
703,114.552773,149.623703,-122.02799999999999,0.4568653411270704,0.43834867294287666,0.5065439149181168,0,Default series,1,1,2e-06
704,97.932983,87.682587,-161.311,0.4360048900675608,0.36060282784559183,0.457237569954028,0,Default series,1,1,2e-06
706,237.99940499999997,309.78997799999996,-146.0,0.6118102847934636,0.6393825452734805,0.4764552836659432,0,Default series,1,1,2e-06
707,-0.0008230000000000001,59.996101,-157.375,0.3130825566846178,0.3258519323040239,0.46217786916179354,0,Default series,1,1,2e-06
708,65.968216,165.849457,-158.35,0.39588407881590687,0.45871454683301854,0.4609540907757236,0,Default series,1,1,2e-06
709,105.924194,43.509926,-140.02700000000002,0.44603511704225274,0.30515918908969863,0.48395233833260565,0,Default series,1,1,2e-06
710,228.0,15.704068,-88.0,0.5992594584216072,0.27025846290864153,0.5492544081706182,0,Default series,1,1,2e-06
712,111.92736799999999,49.527149,-140.026,0.45357004482586005,0.31271175057848133,0.4839535934899247,0,Default series,1,1,2e-06
715,19.992183999999998,69.962975,-166.835,0.3381769257504082,0.33836192715313435,0.45030408092361723,0,Default series,1,1,2e-06
716,91.932426,107.67997,-156.843,0.42847324703065737,0.38570268947981035,0.4628456128555261,0,Default series,1,1,2e-06
717,251.658234,137.53788799999998,-108.915,0.6289542639824129,0.4231790737889892,0.5230027928427686,0,Default series,1,1,2e-06
719,268.0,32.0,-158.291,0.6494657511834521,0.2907124212291194,0.4610281450575473,0,Default series,1,1,2e-06
720,232.0,42.0,-76.3229,0.6042800876977916,0.30326399441958063,0.5639110057008517,0,Default series,1,1,2e-06
723,286.147858,350.0,-160.0,0.6722441679771618,0.6898524486857861,0.4588830811992975,0,Default series,1,1,2e-06
725,143.9664,59.840839,-160.547,0.493784070335813,0.3256570540683541,0.4581965101457792,0,Default series,1,1,2e-06
726,190.721588,71.996262,-120.0,0.5524691867573904,0.3409140222129057,0.5090893739611424,0,Default series,1,1,2e-06
727,186.60218799999998,117.966827,-148.002,0.5472986916973118,0.3986143133333412,0.47394245871321283,0,Default series,1,1,2e-06
729,181.989243,117.50698100000001,-146.004,0.5415087200182046,0.3980371342608071,0.476450263036667,0,Default series,1,1,2e-06
730,99.961258,332.771667,-128.014,0.4385506942788491,0.6682281804258723,0.49903054320630674,0,Default series,1,1,2e-06
732,246.0,68.0,-112.715,0.6218522901644373,0.3358980847147798,0.5182331950303933,0,Default series,1,1,2e-06
733,235.177979,56.0,-122.0,0.6082689512994165,0.32083619688622633,0.5065790593230501,0,Default series,1,1,2e-06
734,3.9998620000000003,102.955597,-148.0,0.3181040457435659,0.37977285813095646,0.47394496902785094,0,Default series,1,1,2e-06
736,71.939392,25.712938,-169.293,0.4033788440756194,0.28282116934452267,0.4472189042334019,0,Default series,1,1,2e-06
737,169.94847099999998,243.022949,-140.018,0.526395656915439,0.5555794201531659,0.4839636347484771,0,Default series,1,1,2e-06
738,256.57138100000003,177.520615,-103.846,0.6351210363990125,0.47336368621846225,0.5293651852930134,0,Default series,1,1,2e-06
740,136.674942,107.71923799999999,-144.02100000000002,0.4846321434605956,0.3857519769974146,0.47893924000033544,0,Default series,1,1,2e-06
742,179.987625,133.94136,-102.82,0.5389963745355701,0.41866486534663494,0.5306529767023548,0,Default series,1,1,2e-06
743,195.996475,151.983307,-98.3186,0.5590899997825817,0.4413103471735272,0.536302941858309,0,Default series,1,1,2e-06
744,194.0,20.0,-139.113,0.556584109574039,0.27565053340056594,0.48509955212221384,0,Default series,1,1,2e-06
745,37.984879,109.928375,-164.25,0.3607605885690227,0.38852479147174024,0.45354866259335147,0,Default series,1,1,2e-06
746,64.480164,45.696135999999996,-122.023,0.39401633945698566,0.3079032265721705,0.5065501907047121,0,Default series,1,1,2e-06
747,242.629852,196.0,-158.0,0.6176222242359687,0.49655822155268337,0.4613933958373897,0,Default series,1,1,2e-06
748,123.92498799999998,128.624435,-124.02600000000001,0.4686289453799942,0.41199128801806567,0.5040361105946627,0,Default series,1,1,2e-06
749,101.92433199999999,167.641617,-120.70700000000001,0.44101466097777825,0.46096398957392026,0.5082019777365767,0,Default series,1,1,2e-06
751,40.081367,11.785975,-122.016,0.36339201082651507,0.26534063980298817,0.5065589768059454,0,Default series,1,1,2e-06
752,103.927414,10.428217,-138.025,0.4435288440107278,0.26363643991179464,0.486465163285336,0,Default series,1,1,2e-06
754,50.719074,17.727451000000002,-154.02,0.3767440066254333,0.272798126890325,0.4663889219671933,0,Default series,1,1,2e-06
755,109.927025,44.311646,-132.026,0.4510592996688074,0.3061654738155243,0.49399485204229365,0,Default series,1,1,2e-06
756,131.799225,103.771889,-166.017,0.478512351582448,0.38079743300923524,0.45133079961059697,0,Default series,1,1,2e-06
757,260.337738,398.0,-154.0,0.639848406953703,0.7501,0.4664140251135742,0,Default series,1,1,2e-06
758,95.941109,59.721088,-101.50299999999999,0.43350477483784317,0.32550674772424104,0.5323060188915385,0,Default series,1,1,2e-06
759,91.933899,91.686913,-160.908,0.42847509587738836,0.3656288869323385,0.4577433983536036,0,Default series,1,1,2e-06
760,7.995953,63.41243000000001,-152.001,0.3231197686097902,0.33013996265264334,0.4689230845943474,0,Default series,1,1,2e-06
761,75.961792,214.28001400000002,-142.013,0.40842758887575054,0.519502514917049,0.48145959589698006,0,Default series,1,1,2e-06
762,220.73161299999998,6.0,-144.0,0.5901364892808975,0.25807833093392024,0.4789655983040354,0,Default series,1,1,2e-06
764,114.600502,163.618134,-130.028,0.4569252485307511,0.4559138854384126,0.49650265636574786,0,Default series,1,1,2e-06
766,159.989716,21.951303,-162.064,0.5138958526886018,0.2780997256426926,0.4562924364927863,0,Default series,1,1,2e-06
767,87.93267800000001,70.051987,-110.024,0.4234529340541173,0.33847365121641726,0.5216108233759464,0,Default series,1,1,2e-06
768,129.02027900000002,175.698547,-156.02200000000002,0.4750243371713141,0.4710767042324625,0.4638760970144629,0,Default series,1,1,2e-06
770,155.967926,109.848114,-106.929,0.5088478735344353,0.3884240512901562,0.5254955352783942,0,Default series,1,1,2e-06
771,57.976002,197.886322,-129.095,0.385852592918424,0.4989258524170611,0.49767371814441785,0,Default series,1,1,2e-06
772,264.0,380.0,-152.088,0.6444451219072675,0.7275071682571698,0.4688138859075904,0,Default series,1,1,2e-06
773,115.269714,27.719584,-118.021,0.4577652148705446,0.2853398257581573,0.5115733302955346,0,Default series,1,1,2e-06
777,117.946281,34.341644,-164.019,0.4611247275305119,0.2936515528343199,0.4538386039340511,0,Default series,1,1,2e-06
778,135.960052,71.81076800000001,-103.115,0.48373484404478273,0.34068119806116653,0.5302827052932362,0,Default series,1,1,2e-06
780,71.943962,53.734584999999996,-105.416,0.40338458014456746,0.3179927446682994,0.527394588302111,0,Default series,1,1,2e-06
781,23.970209,0.468995,-124.01,0.34316997294450663,0.25113604952648955,0.5040561931117674,0,Default series,1,1,2e-06
782,241.986328,28.0,-136.0,0.6168145003773868,0.2856917919529349,0.4890068568564044,0,Default series,1,1,2e-06
783,159.978745,78.717361,-110.007,0.5138820823576545,0.34935005881478925,0.5216321610503702,0,Default series,1,1,2e-06
784,119.932938,197.68237299999998,-153.035,0.46361829460449616,0.49866986433699895,0.4676252519264537,0,Default series,1,1,2e-06
786,69.813843,43.659003999999996,-130.025,0.4007109456912783,0.3053463054325074,0.496506421837705,0,Default series,1,1,2e-06
787,286.0,24.0,-154.93,0.6720585829262823,0.2806711626767504,0.4652467288068613,0,Default series,1,1,2e-06
789,109.932449,223.680054,-144.092,0.4510661076421059,0.5313010439223753,0.47885012383068315,0,Default series,1,1,2e-06
790,192.387405,79.994896,-134.0,0.5545600491571319,0.3509535662203768,0.49151717149449664,0,Default series,1,1,2e-06
791,109.941689,1.7238209999999998,-161.589,0.4510777052957339,0.2527110535645189,0.4568886362193332,0,Default series,1,1,2e-06
792,65.932098,51.678394,-143.736,0.3958387450438576,0.3154119014852927,0.47929695983626364,0,Default series,1,1,2e-06
793,183.998795,84.594635,-94.0004,0.5440310239190084,0.3567269622919287,0.5417229621934139,0,Default series,1,1,2e-06
794,280.0,113.99999199999999,-96.7332,0.6645276390120055,0.3936353113496428,0.5382928682719247,0,Default series,1,1,2e-06
796,39.992188,165.743576,-100.00299999999999,0.36328007715195987,0.4585816495209206,0.5341887548701076,0,Default series,1,1,2e-06
797,242.739838,154.54934699999998,-101.61399999999999,0.6177602739688614,0.44453113106049225,0.5321666964291244,0,Default series,1,1,2e-06
798,35.970062,39.858212,-164.78799999999998,0.3582316762649342,0.30057571353553547,0.45287338795570464,0,Default series,1,1,2e-06
799,200.000015,45.064995,-126.0,0.5641150723156756,0.3071110453266704,0.5015584300468656,0,Default series,1,1,2e-06
800,135.96524,21.835365,-161.188,0.4837413558009539,0.27795420521343706,0.4573919543042707,0,Default series,1,1,2e-06
803,214.39195299999997,125.96913899999998,-121.36,0.5821792186316335,0.40865847380943177,0.5073823600072396,0,Default series,1,1,2e-06
804,288.0,28.0,-154.72899999999998,0.6745688975643744,0.2856917919529349,0.4654990154279896,0,Default series,1,1,2e-06
805,64.821915,61.689098,-136.023,0.394445290725927,0.32797690987969697,0.4889779882380663,0,Default series,1,1,2e-06
806,171.99035600000002,77.83367199999999,-108.00299999999999,0.5289585438178395,0.3482408900986787,0.5241474963177387,0,Default series,1,1,2e-06
807,216.0,86.065125,-114.0,0.5841975705930538,0.35857265857801285,0.5166203178754191,0,Default series,1,1,2e-06
808,157.221054,71.868362,-130.01,0.510420746315337,0.3407534875917997,0.4965252491974907,0,Default series,1,1,2e-06
809,252.0,64.0,-109.04899999999999,0.6293832340787141,0.33087745543859526,0.5228346017620165,0,Default series,1,1,2e-06
810,77.712036,27.680816999999998,-164.024,0.4106244204424671,0.2852911670743698,0.4538323281474559,0,Default series,1,1,2e-06
811,115.946228,11.021182000000001,-162.019,0.45861434636908177,0.26438070427148286,0.4563489185721433,0,Default series,1,1,2e-06
814,247.441315,135.74758899999998,-112.795,0.6236613672357383,0.42093196689585827,0.5181327824448696,0,Default series,1,1,2e-06
816,286.681732,90.0,-118.0,0.6729142638357102,0.36351154573379446,0.5115996885992345,0,Default series,1,1,2e-06
817,9.99403,61.029728000000006,-128.002,0.32562766958035794,0.32714929679823757,0.49904560509413526,0,Default series,1,1,2e-06
819,67.988876,279.94732700000003,-149.217,0.39842032500421065,0.6019253234510915,0.4724174425705718,0,Default series,1,1,2e-06
820,98.72068,7.642707000000001,-136.02700000000002,0.4369935737223015,0.2601401866480185,0.4889729676087901,0,Default series,1,1,2e-06
821,228.0,32.0,-77.3423,0.5992594584216072,0.2907124212291194,0.5626314983298161,0,Default series,1,1,2e-06
822,99.93915600000001,69.711777,-102.708,0.43852295279178355,0.33804663414490455,0.5307935543220879,0,Default series,1,1,2e-06
823,270.0,188.0,-144.484,0.6519760658215443,0.4865169630003144,0.4783581021616171,0,Default series,1,1,2e-06
824,225.999985,12.889213,-100.0,0.5967491249561552,0.26672537705333793,0.5341925203420648,0,Default series,1,1,2e-06
825,115.28031200000001,39.69558,-122.023,0.45777851702781186,0.30037158479042436,0.5065501907047121,0,Default series,1,1,2e-06
828,260.0,34.0,-141.14,0.639424492631083,0.29322273586721165,0.48255534823650736,0,Default series,1,1,2e-06
829,93.949844,253.76243599999998,-107.96,0.43100542399893277,0.5690591658640165,0.5242014680824577,0,Default series,1,1,2e-06
830,232.0,22.0,-113.301,0.6042800876977916,0.27816084803865815,0.5174976728414323,0,Default series,1,1,2e-06
831,177.992416,79.53645300000001,-118.00299999999999,0.5364920733561934,0.3503781481335614,0.5115959231272774,0,Default series,1,1,2e-06
832,7.9973399999999994,55.9874,-106.98200000000001,0.32312150951299173,0.32082038190400636,0.5254290119404847,0,Default series,1,1,2e-06
833,75.935349,117.693802,-136.715,0.408394398750763,0.3982716240063086,0.48810941937328645,0,Default series,1,1,2e-06
834,57.942612,12.044786,-114.02,0.385810683215541,0.26566548832388776,0.5165952147290381,0,Default series,1,1,2e-06
835,286.0,129.59758,-138.0,0.6720585829262823,0.4132127380873088,0.4864965422183122,0,Default series,1,1,2e-06
836,109.95221699999999,336.050018,-100.01700000000001,0.4510909195919888,0.6723430266779244,0.534171182667641,0,Default series,1,1,2e-06
837,61.955814000000004,85.732292,-142.02,0.3908478830786516,0.3581549008020428,0.4814508097957467,0,Default series,1,1,2e-06
838,155.934204,384.58108500000003,-140.023,0.5088055471193225,0.7332571506240922,0.48395735896188186,0,Default series,1,1,2e-06
840,161.980942,67.431877,-152.007,0.5163951545763767,0.33518500097321136,0.46891555365043314,0,Default series,1,1,2e-06
841,208.0,124.383881,-108.0,0.5741563120406847,0.40666872562815537,0.5241512617896958,0,Default series,1,1,2e-06
842,25.993132,107.967468,-162.55200000000002,0.34570905955382336,0.38606354469872145,0.45567991972109173,0,Default series,1,1,2e-06
843,142.313019,75.8321,-104.012,0.4917088170724912,0.3457286023532809,0.5291568291780517,0,Default series,1,1,2e-06
845,190.36321999999998,16.0,-158.0,0.5520193785392785,0.2706299041243815,0.4613933958373897,0,Default series,1,1,2e-06
846,234.000015,82.0,-108.26100000000001,0.6067904211632437,0.3534702871814255,0.5238236657294247,0,Default series,1,1,2e-06
847,200.587845,38.0,-98.0,0.5648528914425304,0.2982433651433961,0.536702834980157,0,Default series,1,1,2e-06
848,83.930908,13.672746,-114.947,0.4184300831494781,0.26770883423300207,0.5154316838942824,0,Default series,1,1,2e-06
849,84.29124499999999,355.92572,-126.006,0.41888236277235125,0.6972901595144041,0.5015508991029514,0,Default series,1,1,2e-06
850,238.56236299999998,98.0,-110.0,0.6125168856474791,0.37355280428616344,0.5216409471516036,0,Default series,1,1,2e-06
851,27.987059000000002,79.938705,-164.024,0.3482117516215171,0.3508830376754623,0.4538323281474559,0,Default series,1,1,2e-06
852,256.0,88.0,-103.32799999999999,0.6344038633548986,0.36100123109570226,0.5300153567842794,0,Default series,1,1,2e-06
853,120.735519,365.741302,-102.01899999999999,0.4646256600207735,0.7096102591024015,0.5316583577149107,0,Default series,1,1,2e-06
854,191.99496499999998,120.331398,-128.002,0.5540674752188454,0.4015822219303954,0.49904560509413526,0,Default series,1,1,2e-06
855,252.0,64.0,-126.806,0.6293832340787141,0.33087745543859526,0.5005467732477145,0,Default series,1,1,2e-06
856,254.0,189.10476699999998,-136.0,0.6318935487168064,0.487903619386205,0.4890068568564044,0,Default series,1,1,2e-06
857,187.997772,91.989471,-157.567,0.5490503691692554,0.36600864482047446,0.4619368789565367,0,Default series,1,1,2e-06
858,106.470184,37.645718,-136.026,0.4467204203868787,0.29779868549808985,0.4889742227661092,0,Default series,1,1,2e-06
860,288.0,38.0,-153.811,0.6745688975643744,0.2982433651433961,0.4666512498468739,0,Default series,1,1,2e-06
861,183.27813700000002,51.991821,-150.001,0.5431264847557793,0.3158053016783294,0.47143339923243965,0,Default series,1,1,2e-06
862,81.965096,266.52243,-128.012,0.4159626798298094,0.5850749657241011,0.49903305352094485,0,Default series,1,1,2e-06
863,18.0,192.77606200000002,-132.0,0.33567642142192156,0.49251167217583247,0.4940274861325889,0,Default series,1,1,2e-06
864,158.61840800000002,151.792465,-144.015,0.5121746454157353,0.44107081044044577,0.47894677094424976,0,Default series,1,1,2e-06
865,121.14881100000001,121.63874799999999,-136.02700000000002,0.46514440649947675,0.4032231518514503,0.4889729676087901,0,Default series,1,1,2e-06
866,79.930679,7.67166,-115.816,0.41340916644226755,0.2601765272178769,0.5143409521840313,0,Default series,1,1,2e-06
870,28.842465999999998,107.96026599999999,-164.003,0.34928542197833035,0.38605450505570965,0.45385868645115585,0,Default series,1,1,2e-06
871,237.997559,327.988403,-92.7933,0.6118079677730526,0.6622244316073425,0.5432380625932345,0,Default series,1,1,2e-06
873,115.22268700000001,133.62149,-132.028,0.45770618858730183,0.41826337817499165,0.4939923417276556,0,Default series,1,1,2e-06
874,107.929359,25.665432,-129.763,0.44855191456789784,0.28276154184092406,0.49683527305529507,0,Default series,1,1,2e-06
876,92.06002,82.953331,-160.132,0.42863339757362373,0.35466686756354904,0.4587174004331834,0,Default series,1,1,2e-06
877,143.953781,89.303391,-120.016,0.49376823150560395,0.36263719184893106,0.5090692914440376,0,Default series,1,1,2e-06
878,137.954575,87.784882,-107.368,0.48623828418623855,0.36073122416354364,0.524944521215333,0,Default series,1,1,2e-06
880,137.808716,282.11669900000004,-123.804,0.4860552081948398,0.6046482265946252,0.5043147555194909,0,Default series,1,1,2e-06
881,41.961987,17.819945999999998,-170.933,0.3657524847838596,0.27291422266655013,0.44516044623016626,0,Default series,1,1,2e-06
884,163.975845,109.885582,-108.28299999999999,0.5188990716776138,0.38847107952458626,0.5237960522684058,0,Default series,1,1,2e-06
886,87.93564599999999,15.447676000000001,-110.023,0.4234566593610402,0.26993665061329664,0.5216120785332655,0,Default series,1,1,2e-06
887,290.0,126.813217,-142.0,0.6770792122024667,0.4097179244889776,0.48147591294212766,0,Default series,1,1,2e-06
888,100.093712,355.83685299999996,-116.012,0.438716944886386,0.6971786174489324,0.5140949413494983,0,Default series,1,1,2e-06
889,41.962181,29.820873,-166.68599999999998,0.36575272828437955,0.2879772740259384,0.4504910993641551,0,Default series,1,1,2e-06
890,17.999779,147.998947,-160.776,0.33567614403215407,0.43630934855781256,0.4579090791197177,0,Default series,1,1,2e-06
891,294.0,16.0,-154.607,0.6820998414786512,0.2706299041243815,0.4656521446209132,0,Default series,1,1,2e-06
892,230.0,23.529335,-82.0,0.6017697730596994,0.2800804040571816,0.556785352084895,0,Default series,1,1,2e-06
893,132.27702299999999,115.705666,-114.022,0.4791120632391736,0.3957762005546495,0.5165927044144001,0,Default series,1,1,2e-06
894,151.982193,25.915684,-162.683,0.5038451515877217,0.28307564747033,0.45551549411229675,0,Default series,1,1,2e-06
895,248.0,47.168628999999996,-120.0,0.6243626048025296,0.30975143693836465,0.5090893739611424,0,Default series,1,1,2e-06
899,275.063171,326.0,-152.0,0.6583311419597764,0.6597286730286792,0.4689243397516665,0,Default series,1,1,2e-06
901,67.999275,377.996582,-138.935,0.3984333773851714,0.724992563491361,0.485322970125004,0,Default series,1,1,2e-06
903,20.518964999999998,101.974777,-158.002,0.3388381187780926,0.3785417747292896,0.4613908855227516,0,Default series,1,1,2e-06
904,25.988203,69.944122,-168.153,0.3457028728833978,0.3383382636721983,0.44864978357711444,0,Default series,1,1,2e-06
905,262.0,100.0,-101.661,0.6419348072691753,0.3760631189242557,0.5321077040351292,0,Default series,1,1,2e-06
906,264.055847,78.0,-148.0,0.6445152186780644,0.34844965790524096,0.47394496902785094,0,Default series,1,1,2e-06
907,54.0,396.0,-134.974,0.380862084907582,0.7475896853619077,0.49029464826574576,0,Default series,1,1,2e-06
908,131.94487,90.225891,-112.01899999999999,0.4786951589701805,0.3637950744757511,0.5191067845244495,0,Default series,1,1,2e-06
909,177.930771,369.672089,-96.9934,0.5364146991832608,0.7145440151750628,0.5379662763375088,0,Default series,1,1,2e-06
910,46.863876,151.894119,-134.00799999999998,0.37190512663936126,0.4411984022025561,0.4915071302359443,0,Default series,1,1,2e-06
911,31.987517999999998,97.94088,-164.422,0.353232957014911,0.37347859938546146,0.45333277553447554,0,Default series,1,1,2e-06
912,29.965158000000002,3.834981,-161.248,0.35069457705916485,0.2553608914901963,0.4573166448651279,0,Default series,1,1,2e-06
913,208.719406,36.0,-116.0,0.5750592797469505,0.29573305050530385,0.5141100032373268,0,Default series,1,1,2e-06
914,49.970543,107.86045800000001,-159.91899999999998,0.37580448246225034,0.38592923031401033,0.45898474894214025,0,Default series,1,1,2e-06
916,222.0,22.0,-83.2587,0.5917285145073304,0.27816084803865815,0.5552054855674116,0,Default series,1,1,2e-06
917,45.947712,14.006404999999999,-124.01799999999999,0.3707551966893147,0.2681276287689177,0.504046151853215,0,Default series,1,1,2e-06
920,186.61798100000001,149.958649,-98.0031,0.5473185143968515,0.43876908286626193,0.536698943992468,0,Default series,1,1,2e-06
921,244.0,187.19683799999999,-136.0,0.6193419755263452,0.4855088683376347,0.4890068568564044,0,Default series,1,1,2e-06
922,185.991043,118.667351,-130.003,0.5465316085775633,0.3994935811591086,0.49653403529872403,0,Default series,1,1,2e-06
924,225.999985,59.729198,-96.0,0.5967491249561552,0.3255169270500985,0.5392131496182493,0,Default series,1,1,2e-06
925,231.99404900000002,331.971832,-92.2159,0.6042726182565861,0.6672242616715931,0.5439627904292517,0,Default series,1,1,2e-06
926,0.47097100000000003,45.998226,-176.0,0.3136747323767999,0.3082823970466811,0.43880056409455953,0,Default series,1,1,2e-06
928,113.943352,35.731689,-164.718,0.45610042189853994,0.29539627798987333,0.4529612489680379,0,Default series,1,1,2e-06
930,117.928947,91.99668100000001,-148.025,0.4611029706335436,0.3660176945047448,0.47391359009487477,0,Default series,1,1,2e-06
931,125.930275,98.297455,-130.024,0.47114589603483226,0.3739261571065003,0.496507676995024,0,Default series,1,1,2e-06
933,49.722511,217.95001200000002,-138.004,0.3754931632820927,0.5241089397676336,0.48649152158903597,0,Default series,1,1,2e-06
935,256.0,237.643417,-142.0,0.6344038633548986,0.5488272611903231,0.48147591294212766,0,Default series,1,1,2e-06
936,292.0,170.0,-145.452,0.679589526840559,0.4639241312574842,0.47714310987678044,0,Default series,1,1,2e-06
937,97.33609799999999,133.711594,-100.021,0.435255705491182,0.418376472870067,0.5341661620383649,0,Default series,1,1,2e-06
938,161.973099,115.87262,-106.29299999999999,0.5163853103775234,0.39598575408969355,0.5262938153333075,0,Default series,1,1,2e-06
939,81.93113699999999,120.199799,-140.024,0.4159200559424119,0.4014170444823662,0.4839561038045628,0,Default series,1,1,2e-06
940,284.0,36.0,-153.628,0.66954826828819,0.29573305050530385,0.46688094363625937,0,Default series,1,1,2e-06
941,121.83391599999999,229.340851,-111.84,0.4660043210545418,0.5384062347085595,0.5193314576845587,0,Default series,1,1,2e-06
943,171.99430800000002,39.973007,-154.403,0.5289635041995644,0.3007197993199754,0.46590819671399863,0,Default series,1,1,2e-06
944,224.0,56.019344,-90.0,0.5942388291454227,0.3208604766494059,0.546744093532526,0,Default series,1,1,2e-06
945,167.988586,89.94593,-97.7093,0.5239356929132003,0.3634436793775536,0.5370677092128038,0,Default series,1,1,2e-06
948,276.0,159.57128899999998,-142.0,0.659507009735821,0.45083445831761737,0.48147591294212766,0,Default series,1,1,2e-06
949,109.932053,88.464897,-158.024,0.4510656105998076,0.36158474996785483,0.4613632720617326,0,Default series,1,1,2e-06
950,149.922928,295.633911,-105.928,0.5012604500511162,0.6216144541695233,0.5267519477547594,0,Default series,1,1,2e-06
951,111.93551599999999,25.694589999999998,-154.108,0.45358027184769567,0.2827981397180328,0.46627846812311724,0,Default series,1,1,2e-06
953,250.0,127.373299,-150.0,0.6268729194406218,0.4104209155105436,0.4714346543897587,0,Default series,1,1,2e-06
955,254.0,144.0,-140.385,0.6318935487168064,0.43129004096228507,0.48350299201238717,0,Default series,1,1,2e-06
956,171.99191299999998,67.961678,-160.515,0.5289604980977852,0.3358499845759993,0.45823667517998873,0,Default series,1,1,2e-06
957,31.982196999999996,67.91568000000001,-167.09400000000002,0.35322627832281633,0.33579224984963785,0.44997899517798423,0,Default series,1,1,2e-06
958,68.075653,87.717926,-150.02100000000002,0.3985292437908855,0.36064718385008965,0.4714082960860587,0,Default series,1,1,2e-06
959,282.0,156.0,-152.89,0.6670379536500978,0.4463519287908385,0.4678072497377154,0,Default series,1,1,2e-06
960,275.631348,40.0,-156.0,0.6590442934798401,0.30075367978148837,0.46390371047548196,0,Default series,1,1,2e-06
961,157.951553,156.702866,-122.01700000000001,0.5113376374817428,0.44723413619504715,0.5065577216486263,0,Default series,1,1,2e-06
965,278.0,190.0,-103.01799999999999,0.6620173243739133,0.48902727763840664,0.5304044555531836,0,Default series,1,1,2e-06
968,42.0,396.0,-135.457,0.36580019707902856,0.7475896853619077,0.48968840728064644,0,Default series,1,1,2e-06
969,208.0,98.0,-160.491,0.5741563120406847,0.37355280428616344,0.4582667989556458,0,Default series,1,1,2e-06
970,67.94371,49.733406,-108.198,0.3983636345687386,0.31297063556163585,0.5239027406405247,0,Default series,1,1,2e-06
971,187.36145,85.984116,-142.001,0.5482516849536854,0.3584709795387543,0.48147465778480864,0,Default series,1,1,2e-06
972,87.929276,11.665026,-117.382,0.4234486640089179,0.2651888297804068,0.5123753758224051,0,Default series,1,1,2e-06
974,294.0,124.00000800000001,-121.225,0.6820998414786512,0.4061869046226212,0.5075518062453108,0,Default series,1,1,2e-06
975,184.50676,55.991276,-126.001,0.5446685999065777,0.32082524689377495,0.5015571748895465,0,Default series,1,1,2e-06
976,210.0,126.61640200000001,-108.0,0.576666626678777,0.40947089070122955,0.5241512617896958,0,Default series,1,1,2e-06
977,93.924835,125.64398200000001,-121.113,0.43097403376954074,0.4082503506210427,0.507692383865044,0,Default series,1,1,2e-06
978,119.01709699999999,43.71756,-118.021,0.4624687700702636,0.30541980242448147,0.5115733302955346,0,Default series,1,1,2e-06
983,181.50238000000002,61.981163,-132.001,0.5408976303603819,0.3283434974020842,0.4940262309752698,0,Default series,1,1,2e-06
984,240.0,24.0,-153.416,0.6143213462501607,0.2806711626767504,0.46714703698789717,0,Default series,1,1,2e-06
985,99.936035,13.025939,-114.022,0.4385190354457908,0.26689698969294184,0.5165927044144001,0,Default series,1,1,2e-06
987,1.579969,150.0,-158.0,0.3150666993333074,0.4388209848765618,0.4613933958373897,0,Default series,1,1,2e-06
988,205.979965,357.90509,-159.489,0.5716208503257054,0.6997745802570045,0.45952446658933005,0,Default series,1,1,2e-06
990,66.761215,71.70530699999999,-122.022,0.3968794173147532,0.3405488279151426,0.506551445862031,0,Default series,1,1,2e-06
991,224.0,112.0,-153.055,0.5942388291454227,0.39112500675280915,0.4676001487800728,0,Default series,1,1,2e-06
993,161.993774,13.970532999999998,-168.326,0.5164112607550948,0.26808260376556886,0.4484326413609195,0,Default series,1,1,2e-06
994,165.979858,82.637863,-126.007,0.5214144232620274,0.3542709055944242,0.5015496439456323,0,Default series,1,1,2e-06
998,141.97468600000002,7.880075,-161.132,0.4912841559312664,0.26043812083052587,0.45746224311413725,0,Default series,1,1,2e-06
999,187.99383500000002,116.402061,-116.00200000000001,0.5490454276148904,0.3966502858358466,0.5141074929226888,0,Default series,1,1,2e-06
1000,169.941544,263.27108799999996,-108.021,0.5263869624406899,0.580994020016079,0.5241249034859958,0,Default series,1,1,2e-06
1001,177.987686,120.202049,-106.00399999999999,0.5364861364620743,0.40141986858633405,0.5266565557985119,0,Default series,1,1,2e-06
1002,51.994521999999996,225.97406,-161.52100000000002,0.378344894517696,0.534180382343211,0.4569739869170283,0,Default series,1,1,2e-06
1003,3.9979730000000004,40.906914,-172.00099999999998,0.3181016747513902,0.3018919995263338,0.443819938213425,0,Default series,1,1,2e-06
1004,35.955803,5.888916,-154.016,0.3582137789767219,0.2579389030382913,0.4663939425964695,0,Default series,1,1,2e-06
1006,92.539948,125.655746,-146.026,0.42923578271543894,0.40826511629174395,0.47642264957564795,0,Default series,1,1,2e-06
1007,111.39776599999999,131.62088,-126.02799999999999,0.4529053109993786,0.4157522978909348,0.5015232856419324,0,Default series,1,1,2e-06
1008,127.86093899999999,269.612274,-141.86700000000002,0.47356918308505114,0.5889532060354119,0.4816428488655608,0,Default series,1,1,2e-06
1009,91.94079599999999,13.361629,-106.021,0.4284837526974178,0.2673183334533724,0.5266352181240881,0,Default series,1,1,2e-06
1010,66.042778,61.69275699999999,-126.023,0.3959776658559296,0.32798150250032737,0.5015295614285276,0,Default series,1,1,2e-06
1011,56.981449,25.707552,-154.02200000000002,0.3846042724412947,0.28281440906720223,0.4663864116525552,0,Default series,1,1,2e-06
1012,134.218857,57.779281999999995,-156.016,0.48154937039664625,0.32306947571117334,0.46388362795837723,0,Default series,1,1,2e-06
1013,1.999639,51.641457,-100.0,0.3155934512053915,0.31536553973939907,0.5341925203420648,0,Default series,1,1,2e-06
1014,9.995716999999999,64.561775,-158.002,0.3256297870307552,0.33158257144150244,0.4613908855227516,0,Default series,1,1,2e-06
1015,125.927467,151.656479,-145.484,0.47114237155308036,0.44090012661725797,0.477102944842571,0,Default series,1,1,2e-06
1017,267.573914,56.0,-146.0,0.648930946222009,0.32083619688622633,0.4764552836659432,0,Default series,1,1,2e-06
1018,167.988525,69.19569399999999,-160.004,0.5239356163486039,0.3373988687902193,0.4588780605700213,0,Default series,1,1,2e-06
1019,182.579102,101.958023,-132.003,0.5422490858592598,0.3785207458235663,0.49402372066063177,0,Default series,1,1,2e-06
1020,228.0,51.947983,-82.0,0.5992594584216072,0.315750278091777,0.556785352084895,0,Default series,1,1,2e-06
1021,88.43175500000001,123.665504,-146.025,0.4240793542034349,0.40576704947877096,0.47642390473296703,0,Default series,1,1,2e-06
1023,65.941887,85.724739,-149.648,0.3958510317788537,0.35814542059881205,0.47187646976606296,0,Default series,1,1,2e-06
1024,232.817245,28.0,-114.0,0.6053058587409955,0.2856917919529349,0.5166203178754191,0,Default series,1,1,2e-06
1025,167.96933,149.104324,-148.011,0.5239115236038647,0.4376967705896678,0.47393116229734145,0,Default series,1,1,2e-06
1026,270.05429100000003,174.0,-154.0,0.6520442095675527,0.4689447605336687,0.4664140251135742,0,Default series,1,1,2e-06
1027,272.0,366.0,-154.533,0.6544863804596366,0.7099349657905241,0.4657450262625226,0,Default series,1,1,2e-06
1028,115.92473600000001,90.506599,-128.026,0.4585873705279809,0.3641474071764659,0.49901548131847817,0,Default series,1,1,2e-06
1030,10.50591,59.986198,-104.001,0.32627015950883126,0.32583950248109333,0.5291706359085613,0,Default series,1,1,2e-06
1031,69.954285,163.067978,-118.016,0.40088722249547976,0.4552233531083955,0.5115796060821298,0,Default series,1,1,2e-06
1032,208.0,4.5540769999999995,-140.0,0.5741563120406847,0.2562634700976931,0.4839862275802199,0,Default series,1,1,2e-06
1033,268.0,122.43238799999999,-104.0,0.6494657511834521,0.40421929490613806,0.5291718910658803,0,Default series,1,1,2e-06
1034,171.997253,18.186943,-160.001,0.528967200637869,0.2733748616371681,0.4588818260419784,0,Default series,1,1,2e-06
1035,159.98173500000001,63.913517000000006,-158.691,0.5138858352780385,0.33076890566817224,0.46052608212992885,0,Default series,1,1,2e-06
1036,176.547897,107.927917,-134.005,0.5346789747608423,0.38601390197159585,0.4915108957079014,0,Default series,1,1,2e-06
1037,67.93425,23.688597,-116.977,0.3983517607805004,0.2802803029221275,0.5128837145366187,0,Default series,1,1,2e-06
1040,0.270011,84.0,-96.0,0.31342249596196436,0.35598060181951774,0.5392131496182493,0,Default series,1,1,2e-06
1041,276.0,193.45114099999998,-134.0,0.659507009735821,0.49335900252361675,0.49151717149449664,0,Default series,1,1,2e-06
1044,83.939644,53.714146,-104.33,0.4184410482038173,0.31796709050785543,0.5287576891505951,0,Default series,1,1,2e-06
1046,147.98005700000002,17.905533,-163.59799999999998,0.4988218412955037,0.27302164781601534,0.45436702516536953,0,Default series,1,1,2e-06
1047,253.45576499999999,46.0,-126.0,0.6312104481732752,0.3082846236957651,0.5015584300468656,0,Default series,1,1,2e-06
1048,137.965302,33.835663000000004,-161.526,0.48625174825879997,0.2930164670788716,0.4569677111304331,0,Default series,1,1,2e-06
1049,163.981628,77.459106,-114.006,0.5189063302523899,0.3477707508423129,0.5166127869315048,0,Default series,1,1,2e-06
1050,79.93689,118.666611,-150.02200000000002,0.4134169622243762,0.39949265234269254,0.47140704092873964,0,Default series,1,1,2e-06
1052,1.9997599999999998,90.574173,-124.0,0.3155936030794271,0.3642322231771431,0.5040687446849579,0,Default series,1,1,2e-06
1053,230.0,102.89720200000001,-144.0,0.6017697730596994,0.37969956321931075,0.4789655983040354,0,Default series,1,1,2e-06
1054,274.0,22.0,-155.63299999999998,0.6569966950977288,0.27816084803865815,0.46436435321157193,0,Default series,1,1,2e-06
1055,51.951149,35.768627,-163.18200000000002,0.378290454579297,0.2954426409909242,0.4548891706100927,0,Default series,1,1,2e-06
1057,111.104477,35.690647,-156.023,0.4525371871644329,0.29534476382318503,0.4638748418571439,0,Default series,1,1,2e-06
1059,65.943405,51.731953000000004,-110.48100000000001,0.395852937107664,0.3154791264561435,0.5210372164811423,0,Default series,1,1,2e-06
1060,284.0,98.0,-104.691,0.66954826828819,0.37355280428616344,0.5283045773584194,0,Default series,1,1,2e-06
1061,51.949749,25.762001,-164.822,0.37828869735905035,0.28288275112806704,0.4528307126068571,0,Default series,1,1,2e-06
1062,167.991882,37.961533,-154.547,0.5239398299117238,0.2981950830068044,0.465727454060056,0,Default series,1,1,2e-06
1064,183.258301,53.99110400000001,-150.001,0.5431015874551987,0.31831471636862385,0.47143339923243965,0,Default series,1,1,2e-06
1066,147.980408,15.907189,-163.572,0.4988222818557227,0.27051341171844345,0.4543996592556647,0,Default series,1,1,2e-06
1067,111.917274,268.973022,-135.97899999999998,0.45355737526788165,0.5881508442088971,0.4890332151601044,0,Default series,1,1,2e-06
1068,264.0,127.954697,-132.0,0.6444451219072675,0.41115066146552237,0.4940274861325889,0,Default series,1,1,2e-06
1069,65.932159,27.678690000000003,-155.506,0.395838821608454,0.28528849735475226,0.46452375819109076,0,Default series,1,1,2e-06
1070,149.958893,101.920647,-116.014,0.5013055917840956,0.37847383306360965,0.5140924310348602,0,Default series,1,1,2e-06
1071,1.99993,99.576233,-144.0,0.31559381645617135,0.37553122467263544,0.4789655983040354,0,Default series,1,1,2e-06
1072,-0.001493,56.546566000000006,-128.001,0.31308171572921406,0.32152222320146806,0.49904686025145434,0,Default series,1,1,2e-06
1073,266.0,80.0,-155.20600000000002,0.6469554365453598,0.3509599725433332,0.46490030538680455,0,Default series,1,1,2e-06
1074,3.998211,58.856091000000006,-114.001,0.3181019734788321,0.3244210404087381,0.5166190627181,0,Default series,1,1,2e-06
1075,95.927544,123.29746999999999,-114.025,0.4334877486288103,0.40530510891001315,0.516588938942443,0,Default series,1,1,2e-06
1076,137.939056,149.71133400000002,-107.729,0.4862188053998043,0.438458663633902,0.5244914094231573,0,Default series,1,1,2e-06
1077,188.459488,47.998573,-124.0,0.5496298953859762,0.310793147224363,0.5040687446849579,0,Default series,1,1,2e-06
1078,79.928787,1.6627189999999998,-118.382,0.4134067916846199,0.2526343609420105,0.511120218503359,0,Default series,1,1,2e-06
1079,61.95150400000001,75.770302,-162.741,0.3908424733506065,0.3456510361412785,0.45544269498779205,0,Default series,1,1,2e-06
1080,107.50363200000001,37.654808,-146.026,0.44801756020793226,0.29781009487811994,0.47642264957564795,0,Default series,1,1,2e-06
1083,60.391453000000006,27.680934999999998,-146.024,0.3888843639198713,0.2852913151829335,0.47642515989028605,0,Default series,1,1,2e-06
1084,62.96544300000001,51.700882,-150.02200000000002,0.3921151263075228,0.31544012746308336,0.47140704092873964,0,Default series,1,1,2e-06
1085,110.892075,31.736867999999998,-108.02,0.4522705892395529,0.2903821491734441,0.5241261586433149,0,Default series,1,1,2e-06
1086,71.935295,79.46171600000001,-120.023,0.4033737016960833,0.35028434144100784,0.5090605053428043,0,Default series,1,1,2e-06
1087,33.999077,225.995636,-136.632,0.3557577800164541,0.5342074636175267,0.48821359743076725,0,Default series,1,1,2e-06
1088,266.838043,360.0,-152.0,0.6480073123504853,0.7024040218762474,0.4689243397516665,0,Default series,1,1,2e-06
1089,280.0,85.562386,-120.0,0.6645276390120055,0.35794164204259293,0.5090893739611424,0,Default series,1,1,2e-06
1090,17.99918,132.114151,-162.0,0.33567539219292,0.416371430596858,0.45637276656120523,0,Default series,1,1,2e-06
1092,133.93833899999998,103.707985,-143.075,0.48119727617582203,0.3807172234359189,0.4801266188241531,0,Default series,1,1,2e-06
1093,73.939362,33.712811,-168.80700000000002,0.4058891210589921,0.2928622684919121,0.44782891069045827,0,Default series,1,1,2e-06
1094,195.769455,157.500076,-101.86399999999999,0.5588050539680118,0.44823476016136393,0.5318529070993628,0,Default series,1,1,2e-06
1096,173.929733,357.949615,-98.0247,0.5313927670537791,0.699830466136635,0.5366718325943766,0,Default series,1,1,2e-06
1097,167.966324,149.84051499999998,-139.215,0.5239077506009636,0.4386208061115337,0.4849715260756711,0,Default series,1,1,2e-06
1098,292.0,60.0,-151.71,0.679589526840559,0.3258568261624108,0.4692883353741898,0,Default series,1,1,2e-06
1100,107.051796,21.665367,-130.025,0.4474504349455237,0.27774083097951385,0.496506421837705,0,Default series,1,1,2e-06
1101,133.959778,37.809521000000004,-160.972,0.48122418549358503,0.2980042840324216,0.45766306828518466,0,Default series,1,1,2e-06
1102,139.964172,95.830338,-170.86900000000003,0.48876064456912166,0.37082953714700717,0.44524077629858516,0,Default series,1,1,2e-06
1103,113.92031899999999,156.99649,-122.02799999999999,0.4560715118600104,0.44760268050769475,0.5065439149181168,0,Default series,1,1,2e-06
1104,274.0,76.0,-156.643,0.6569966950977288,0.34593934326714876,0.4630966443193353,0,Default series,1,1,2e-06
1105,95.93602800000001,12.888081,-112.022,0.4334983973835051,0.2667239562152528,0.5191030190524923,0,Default series,1,1,2e-06
1106,69.940712,67.7799,-112.021,0.40087018624518833,0.3356218245888577,0.5191042742098113,0,Default series,1,1,2e-06
1107,246.0,273.204987,-130.0,0.6218522901644373,0.5934626260525941,0.4965378007706811,0,Default series,1,1,2e-06
1108,230.0,14.0,-118.294,0.6017697730596994,0.2681195894862892,0.511230672347435,0,Default series,1,1,2e-06
1109,252.0,73.283829,-158.0,0.6293832340787141,0.3425301213567179,0.4613933958373897,0,Default series,1,1,2e-06
1110,3.9998339999999994,61.999218000000006,-96.2948,0.31810401059916094,0.3283661592674796,0.5388431292405945,0,Default series,1,1,2e-06
1111,244.0,139.033401,-142.0,0.6193419755263452,0.4250561778766679,0.48147591294212766,0,Default series,1,1,2e-06
1112,274.610138,158.0,-112.0,0.657762514274057,0.4488622434289308,0.5191306325135113,0,Default series,1,1,2e-06
1113,260.0,63.523212,-158.0,0.639424492631083,0.33027901149076194,0.4613933958373897,0,Default series,1,1,2e-06
1114,248.0,22.0,-159.475,0.6243626048025296,0.27816084803865815,0.45954203879179667,0,Default series,1,1,2e-06
1117,203.999725,141.998734,-97.6675,0.5691353375962376,0.4287781372950269,0.5371201747887399,0,Default series,1,1,2e-06
1118,173.992798,78.24501,-104.00299999999999,0.5314719235501049,0.34875718399998046,0.5291681255939231,0,Default series,1,1,2e-06
1119,103.927208,85.146309,-154.026,0.4435285854483201,0.35741939995075617,0.466381391023279,0,Default series,1,1,2e-06
1120,274.0,160.0,-108.45700000000001,0.6569966950977288,0.451372558067023,0.5235776548948917,0,Default series,1,1,2e-06
1121,65.109138,47.719584999999995,-114.021,0.3948058007765754,0.310442973394237,0.5165939595717192,0,Default series,1,1,2e-06
1122,271.12435899999997,44.0,-142.0,0.6533873132496296,0.3057743090576729,0.48147591294212766,0,Default series,1,1,2e-06
1123,0.38937,57.991924,-140.001,0.3135723102844084,0.32333637487380995,0.48398497242290084,0,Default series,1,1,2e-06
1124,109.93715700000001,19.702354,-158.346,0.451072016922764,0.2752769408451812,0.46095911140499973,0,Default series,1,1,2e-06
1125,129.9319,117.677444,-141.903,0.4761685649416602,0.3982510921428836,0.48159766320207514,0,Default series,1,1,2e-06
1126,59.948315,59.755203,-161.401,0.3883281560158238,0.32554956741618024,0.45712460579531383,0,Default series,1,1,2e-06
1127,69.137886,41.655922,-134.026,0.3998625133153678,0.30283212239955787,0.49148453740420145,0,Default series,1,1,2e-06
1128,87.943687,37.733295,-100.85,0.4234667520810427,0.29790860841061995,0.5331256366208756,0,Default series,1,1,2e-06
1129,127.95138500000002,45.239407,-160.017,0.47368270704392956,0.3073299598249999,0.4588617435248737,0,Default series,1,1,2e-06
1130,199.100998,38.0,-136.0,0.5629866645481787,0.2982433651433961,0.4890068568564044,0,Default series,1,1,2e-06
1132,181.994598,75.97444200000001,-136.981,0.5415154413856481,0.3459072639563886,0.48777554752642016,0,Default series,1,1,2e-06
1133,247.18768300000002,26.0,-102.0,0.6233430191745941,0.28318147731484267,0.5316822057039725,0,Default series,1,1,2e-06
1134,111.564034,47.662403000000005,-146.025,0.45311400349650177,0.31037120098841936,0.47642390473296703,0,Default series,1,1,2e-06
1138,234.000015,30.0,-78.8438,0.6067904211632437,0.2882021065910272,0.5607468796152684,0,Default series,1,1,2e-06
1139,263.66107200000005,52.0,-156.0,0.644019713947438,0.3158155676100418,0.46390371047548196,0,Default series,1,1,2e-06
1141,286.0,161.38493300000002,-134.0,0.6720585829262823,0.4531108668583615,0.49151717149449664,0,Default series,1,1,2e-06
1142,212.0,45.364086,-128.0,0.5791769413168693,0.30748645158438115,0.49904811540877336,0,Default series,1,1,2e-06
1143,145.398087,91.831673,-164.012,0.4955810627524462,0.3658105835058436,0.4538473900352844,0,Default series,1,1,2e-06
1144,112.729134,31.688795000000002,-124.023,0.4545763872889224,0.2903218099956456,0.5040398760666198,0,Default series,1,1,2e-06
1145,195.99752800000002,119.147392,-142.001,0.5590913214632386,0.40009610813370083,0.48147465778480864,0,Default series,1,1,2e-06
1146,252.0,60.362846,-118.0,0.6293832340787141,0.3263122549749974,0.5115996885992345,0,Default series,1,1,2e-06
1147,97.92531600000001,128.326157,-146.026,0.4359952667763957,0.4116169022032552,0.47642264957564795,0,Default series,1,1,2e-06
1148,121.93808,48.480843,-126.022,0.46613506326152293,0.31139847194461945,0.5015308165858466,0,Default series,1,1,2e-06
1149,154.266998,101.85752099999999,-104.01100000000001,0.5067129413060648,0.37839460000268754,0.5291580843353708,0,Default series,1,1,2e-06
1150,138.484207,129.72804299999999,-110.02,0.4869030556674396,0.4133764896766235,0.5216158440052227,0,Default series,1,1,2e-06
1151,59.948958999999995,61.758266000000006,-161.592,0.38832896433713726,0.32806372660114075,0.45688487074737605,0,Default series,1,1,2e-06
1154,206.938187,172.969238,-127.59100000000001,0.5728235696822764,0.4676509920651741,0.4995614747522632,0,Default series,1,1,2e-06
1155,290.0,362.0,-159.224,0.6770792122024667,0.7049143365143395,0.4598570832788773,0,Default series,1,1,2e-06
1156,79.927261,91.886284,-130.026,0.41340487631455103,0.3658791289021941,0.4965051666803859,0,Default series,1,1,2e-06
1157,45.978553999999995,133.898422,-109.867,0.3707939082513487,0.41861097140166975,0.5218078830750367,0,Default series,1,1,2e-06
1158,191.724411,28.0,-142.0,0.5537278873855482,0.2856917919529349,0.48147591294212766,0,Default series,1,1,2e-06
1159,252.0,66.0,-159.422,0.6293832340787141,0.3333877700766875,0.45960856212970613,0,Default series,1,1,2e-06
1160,268.0,48.0,-157.674,0.6494657511834521,0.31079493833385735,0.4618025771233987,0,Default series,1,1,2e-06
1161,206.0,2.87283,-144.0,0.5716459974025925,0.25415324062051875,0.4789655983040354,0,Default series,1,1,2e-06
1162,259.07018999999997,145.709,-106.59100000000001,0.6382574348042608,0.4334351048205349,0.5259197784522318,0,Default series,1,1,2e-06
1163,179.999954,5.9998190000000005,-162.341,0.5390118493701567,0.2580781037504455,0.4559447579154105,0,Default series,1,1,2e-06
1164,243.25727799999999,40.0,-126.0,0.6184097425720285,0.30075367978148837,0.5015584300468656,0,Default series,1,1,2e-06
1165,109.931053,107.67343100000001,-156.852,0.4510643554424885,0.3856944820061011,0.46283431643965467,0,Default series,1,1,2e-06
1166,130.94548,238.25057999999999,-106.904,0.47744076729709894,0.5495893462736271,0.5255269142113703,0,Default series,1,1,2e-06
1168,7.997066,63.01339,-162.001,0.3231211655998863,0.32963910467605123,0.4563715114038862,0,Default series,1,1,2e-06
1169,242.0,60.0,-107.181,0.6168316608882529,0.3258568261624108,0.5251792356339946,0,Default series,1,1,2e-06
1170,254.0,114.24605600000001,-118.0,0.6318935487168064,0.39394416038019664,0.5115996885992345,0,Default series,1,1,2e-06
1171,216.0,44.0,-78.2105,0.5841975705930538,0.3057743090576729,0.5615417707454202,0,Default series,1,1,2e-06
1173,13.594795000000001,71.97269399999999,-118.00200000000001,0.330147196124273,0.3408844406652104,0.5115971782845965,0,Default series,1,1,2e-06
1174,69.935982,9.696771,-112.945,0.40086424935106924,0.2627183601114077,0.5179445088470127,0,Default series,1,1,2e-06
1175,111.93079399999999,173.672211,-152.026,0.4535743449948351,0.46853333377121587,0.4688917056613712,0,Default series,1,1,2e-06
1176,298.0,350.687775,-164.0,0.6871204707548357,0.6907157145108931,0.453862451923113,0,Default series,1,1,2e-06
1177,53.961826,121.81919099999999,-137.64700000000002,0.3808141705320847,0.40344963620357094,0.4869396127519354,0,Default series,1,1,2e-06
1178,270.0,70.0,-156.67700000000002,0.6519760658215443,0.33840839935287204,0.46305396897048773,0,Default series,1,1,2e-06
1180,147.920853,338.638916,-108.02799999999999,0.49874753096158686,0.6755925009508883,0.5241161173847625,0,Default series,1,1,2e-06
1182,234.000015,66.647987,-130.0,0.6067904211632437,0.3342010957023843,0.4965378007706811,0,Default series,1,1,2e-06
1184,222.0,158.0,-100.706,0.5917285145073304,0.4488622434289308,0.5333063792748183,0,Default series,1,1,2e-06
1185,248.0,30.501614,-140.0,0.6243626048025296,0.28883171107446315,0.4839862275802199,0,Default series,1,1,2e-06
1186,141.956757,63.795173999999996,-125.229,0.4912616522156932,0.3306203665855644,0.5025261563398502,0,Default series,1,1,2e-06
1187,119.938698,89.709671,-159.83100000000002,0.46362552431065385,0.36314713716451313,0.45909520278621624,0,Default series,1,1,2e-06
1188,209.186584,24.0,-110.0,0.5756456616329477,0.2806711626767504,0.5216409471516036,0,Default series,1,1,2e-06
1189,103.764267,11.657213,-134.025,0.4433240688595974,0.2651790232362731,0.4914857925615205,0,Default series,1,1,2e-06
1191,199.999542,117.053398,-108.0,0.5641144786262636,0.3974678162385622,0.5241512617896958,0,Default series,1,1,2e-06
1192,43.67646,147.905777,-132.007,0.3679044181181166,0.43619240555039707,0.49401870003135556,0,Default series,1,1,2e-06
1193,2.0,72.240494,-90.0,0.31559390431718365,0.34122057179525095,0.546744093532526,0,Default series,1,1,2e-06
1194,278.0,176.0,-147.606,0.6620173243739133,0.47145507517176094,0.47443950101155513,0,Default series,1,1,2e-06
1196,247.999008,395.99527,-154.386,0.6243613596864691,0.7475837484677886,0.46592953438842244,0,Default series,1,1,2e-06
1197,61.941292000000004,10.335136,-112.021,0.3908296556840644,0.26351960861338053,0.5191042742098113,0,Default series,1,1,2e-06
1198,236.0,88.0,-104.25399999999999,0.6093007169739761,0.36100123109570226,0.5288530811068426,0,Default series,1,1,2e-06
1199,290.77578700000004,190.0,-130.0,0.6780529469335377,0.48902727763840664,0.4965378007706811,0,Default series,1,1,2e-06
1200,266.0,96.0,-102.29899999999999,0.6469554365453598,0.3710424896480712,0.5313069136655778,0,Default series,1,1,2e-06
1201,105.781921,37.729012,-170.02,0.445856542045,0.2979032325718225,0.4463064048624553,0,Default series,1,1,2e-06
1202,203.435104,34.0,-124.0,0.5684266494156004,0.29322273586721165,0.5040687446849579,0,Default series,1,1,2e-06
1203,103.921318,127.259277,-122.02799999999999,0.4435211925717109,0.4102777999627113,0.5065439149181168,0,Default series,1,1,2e-06
1205,243.996735,359.348022,-130.001,0.6193378774376984,0.7015856869176903,0.4965365456133621,0,Default series,1,1,2e-06
1208,250.0,84.0,-106.198,0.6268729194406218,0.35598060181951774,0.5264130552786169,0,Default series,1,1,2e-06
1211,139.946121,137.744843,-104.22399999999999,0.48873798772435556,0.42343883487195244,0.528890735826414,0,Default series,1,1,2e-06
1212,75.929222,1.6647669999999999,-118.471,0.4083867084018692,0.25263693150419997,0.5110085095019639,0,Default series,1,1,2e-06
1214,197.99086,361.77340699999996,-132.017,0.5615932667123275,0.7046299266519449,0.4940061484581651,0,Default series,1,1,2e-06
1215,250.0,74.013046,-126.0,0.6268729194406218,0.3434454034114408,0.5015584300468656,0,Default series,1,1,2e-06
1216,99.922073,127.630882,-140.392,0.4385015109393023,0.41074422269825545,0.48349420591115383,0,Default series,1,1,2e-06
1218,15.996592999999999,102.48201,-154.001,0.3331618304628433,0.37917843194170137,0.46641276995625514,0,Default series,1,1,2e-06
1219,268.0,82.0,-114.169,0.6494657511834521,0.3534702871814255,0.5164081962885003,0,Default series,1,1,2e-06
1220,107.74883999999999,27.658291,-134.025,0.4483253348238209,0.28526289340060096,0.4914857925615205,0,Default series,1,1,2e-06
1221,175.962921,217.82994100000002,-147.155,0.5339447378529759,0.5239582317731785,0.4750055769624449,0,Default series,1,1,2e-06
1222,184.955368,103.97931700000001,-104.00200000000001,0.5452316735211603,0.38105778778161037,0.5291693807512422,0,Default series,1,1,2e-06
1223,171.379501,19.987373,-164.00099999999998,0.5281918246937136,0.27563468452909834,0.45386119676579395,0,Default series,1,1,2e-06
1224,43.975513,126.118233,-142.009,0.3682797766798493,0.40884561023475763,0.4814646165262563,0,Default series,1,1,2e-06
1225,229.918137,16.0,-130.0,0.6016670221160904,0.2706299041243815,0.4965378007706811,0,Default series,1,1,2e-06
1227,63.95148100000001,109.77020300000001,-152.14600000000002,0.3933527591200804,0.3883262607282721,0.4687410867830857,0,Default series,1,1,2e-06
1228,183.997253,63.986977,-143.651,0.5440290884664224,0.3308611095248294,0.4794036482083825,0,Default series,1,1,2e-06
1231,161.95961,155.847855,-112.014,0.5163683795604469,0.44616096288053225,0.5191130603110446,0,Default series,1,1,2e-06
1232,225.999985,26.658331,-80.0,0.5967491249561552,0.2840077862878476,0.5592956667229873,0,Default series,1,1,2e-06
1233,191.999802,93.9991,-94.8083,0.5540735464147977,0.3685310453683918,0.5407089205953566,0,Default series,1,1,2e-06
1235,264.0,18.0,-156.595,0.6444451219072675,0.2731402187624737,0.4631568918706495,0,Default series,1,1,2e-06
1236,111.931679,101.676422,-156.94,0.4535754558090625,0.3781672922673656,0.4627238625955786,0,Default series,1,1,2e-06
1237,139.965958,39.838772,-160.78799999999998,0.4887628862800935,0.3005513132772532,0.45789401723188916,0,Default series,1,1,2e-06
1239,7.997256,62.231106000000004,-164.00099999999998,0.3231214040797769,0.32865721518787855,0.45386119676579395,0,Default series,1,1,2e-06
1243,105.942734,35.042747,-106.02,0.44605838765894784,0.29453154739617504,0.5266364732814072,0,Default series,1,1,2e-06
1244,46.596691,145.897552,-116.008,0.37156976743107195,0.43367176724335565,0.5140999619787745,0,Default series,1,1,2e-06
1245,115.93045,49.073227,-136.024,0.45859454249690185,0.3121420070579053,0.4889767330807473,0,Default series,1,1,2e-06
1246,165.984283,70.834412,-152.006,0.5214199773331641,0.33945571768177196,0.46891680880775216,0,Default series,1,1,2e-06
1247,6.0,118.0,-162.352,0.3206145335933681,0.39865595066708587,0.455930951184901,0,Default series,1,1,2e-06
1249,149.975021,43.881691,-158.239,0.5013258349613372,0.30562581265041383,0.4610934132381377,0,Default series,1,1,2e-06
1250,27.986294,90.864281,-154.005,0.34821079142616795,0.36459635435665694,0.466407749326979,0,Default series,1,1,2e-06
1251,254.0,79.265877,-118.0,0.6318935487168064,0.3500385326868032,0.5115996885992345,0,Default series,1,1,2e-06
1252,62.828556000000006,65.702934,-134.02200000000002,0.39194331158759055,0.33301490551254775,0.4914895580334776,0,Default series,1,1,2e-06
1253,37.955096999999995,5.903457,-158.016,0.36072320747374687,0.2579571542808676,0.461373313320285,0,Default series,1,1,2e-06
1254,145.964478,68.396721,-114.012,0.49629197256153806,0.3363960319815491,0.5166052559875906,0,Default series,1,1,2e-06
1255,119.94767,51.752140000000004,-106.92200000000001,0.46363678558212035,0.31550446431694307,0.5255043213796275,0,Default series,1,1,2e-06
1256,207.95755,370.98681600000003,-120.015,0.5741030306124912,0.7161942043916605,0.5090705466013566,0,Default series,1,1,2e-06
1257,119.95121,23.144163,-166.017,0.46364122883902975,0.27959695260228995,0.45133079961059697,0,Default series,1,1,2e-06
1258,149.921555,197.73071299999998,-147.317,0.5012587267201172,0.4987305386418016,0.4748022414767594,0,Default series,1,1,2e-06
1260,219.23210099999997,186.0,-150.0,0.5882543658191,0.4840066483622222,0.4714346543897587,0,Default series,1,1,2e-06
1261,103.92469799999999,88.652199,-118.02600000000001,0.44352543500344926,0.3618198434440268,0.5115670545089394,0,Default series,1,1,2e-06
1262,7.998894,100.705238,-144.0,0.3231234600274655,0.3769483035616251,0.4789655983040354,0,Default series,1,1,2e-06
1263,184.107269,93.97685200000001,-112.00200000000001,0.5441671758540346,0.36850312062835766,0.5191281221988733,0,Default series,1,1,2e-06
1264,117.94599199999999,79.744179,-100.89299999999999,0.4611243647900467,0.3506388769428176,0.5330716648561566,0,Default series,1,1,2e-06
1265,224.0,58.0,-131.067,0.5942388291454227,0.3233465115243186,0.4951985479112589,0,Default series,1,1,2e-06
1266,63.0942,247.91821299999998,-134.006,0.3922767365984512,0.5617237465914289,0.4915096405505824,0,Default series,1,1,2e-06
1268,111.949867,67.76254300000001,-96.5332,0.4535982846103813,0.33560003882327105,0.5385438997357339,0,Default series,1,1,2e-06
1269,15.986460000000001,13.935870000000001,-171.632,0.3331491119537294,0.26803909624741873,0.444283091264153,0,Default series,1,1,2e-06
1271,43.955578,2.9051169999999997,-112.016,0.3682547551186941,0.2541937658848788,0.5191105499964066,0,Default series,1,1,2e-06
1272,1.997927,60.018234,-144.001,0.31559130237606126,0.3258797127009663,0.4789643431467164,0,Default series,1,1,2e-06
1274,201.520767,363.781647,-128.016,0.5660238553189296,0.7071505837863462,0.49902803289166864,0,Default series,1,1,2e-06
1275,200.000015,3.224376,-150.0,0.5641150723156756,0.25459448615540015,0.4714346543897587,0,Default series,1,1,2e-06
1277,246.0,94.0,-102.156,0.6218522901644373,0.3685321750099789,0.5314864011622014,0,Default series,1,1,2e-06
1279,27.999989000000003,225.999939,-138.635,0.3482279808056523,0.5342128645594706,0.48569951732071787,0,Default series,1,1,2e-06
1281,260.0,33.355270000000004,-148.0,0.639424492631083,0.29241349828890306,0.47394496902785094,0,Default series,1,1,2e-06
1282,171.988144,77.11425799999999,-118.00399999999999,0.5289557674098497,0.3473379123511544,0.5115946679699584,0,Default series,1,1,2e-06
1283,137.960098,101.810989,-169.083,0.48624521642011165,0.3783361950223177,0.4474824872704016,0,Default series,1,1,2e-06
1284,67.120995,73.69497700000001,-128.023,0.39733099781499953,0.3430461767781291,0.4990192467904353,0,Default series,1,1,2e-06
1285,1.999827,95.999176,-131.002,0.3155936871749675,0.3710414553984403,0.4952801331369969,0,Default series,1,1,2e-06
1286,162.70031699999998,35.944527,-156.004,0.5172980833727655,0.29566342316334443,0.4638986898462058,0,Default series,1,1,2e-06
1287,121.955238,373.354492,-142.016,0.4661565992508031,0.7191660102521902,0.48145583042502293,0,Default series,1,1,2e-06
1288,195.999084,119.99569699999999,-99.3516,0.559093274488027,0.4011608643632343,0.5350063643477343,0,Default series,1,1,2e-06
1289,181.98138400000002,158.625824,-144.007,0.5414988557368342,0.44964775100296545,0.4789568122028021,0,Default series,1,1,2e-06
1290,55.939663,18.368214000000002,-158.02100000000002,0.38329666711851496,0.27360238525954894,0.46136703753368974,0,Default series,1,1,2e-06
1291,185.99700900000002,75.985809,-142.69799999999998,0.5465390968461288,0.3459215313296342,0.4805998131334335,0,Default series,1,1,2e-06
1292,177.070953,149.903473,-108.007,0.5353354923275132,0.4386998283060262,0.5241424756884625,0,Default series,1,1,2e-06
1293,20.99633,77.94300799999999,-132.004,0.33943728695169906,0.3483781239793139,0.4940224655033127,0,Default series,1,1,2e-06
1294,180.303391,109.946091,-120.00399999999999,0.5393927105415761,0.38854702783880446,0.5090843533318662,0,Default series,1,1,2e-06
1295,99.939949,45.71553,-104.704,0.43852394813153756,0.30792756909321606,0.5282882603132718,0,Default series,1,1,2e-06
1296,27.967596,-0.153472,-163.942,0.3481873224946165,0.25035475551557484,0.45393525104761767,0,Default series,1,1,2e-06
1298,99.94455,247.737335,-103.557,0.4385297231103625,0.5614967162458745,0.5297279257582177,0,Default series,1,1,2e-06
1299,179.988419,105.777367,-128.004,0.5389973711304814,0.3833146233991212,0.4990430947794972,0,Default series,1,1,2e-06
1300,163.964111,161.830017,-151.935,0.5188843436616322,0.4536695172985518,0.46900592497740445,0,Default series,1,1,2e-06
1301,225.999985,12.662823,-130.0,0.5967491249561552,0.26644122198787906,0.4965378007706811,0,Default series,1,1,2e-06
1302,97.926392,14.846038,-126.02600000000001,0.435996617325671,0.2691815002741803,0.5015257959565704,0,Default series,1,1,2e-06
1303,77.937576,75.704346,-109.77799999999999,0.4109075086242048,0.3455682509851435,0.5219195920764318,0,Default series,1,1,2e-06
1305,107.930733,145.671921,-105.67,0.4485536391540542,0.4333885648423019,0.5270757783430733,0,Default series,1,1,2e-06
1306,73.939636,70.805817,-110.021,0.4058894649720975,0.33941982645823376,0.5216145888479036,0,Default series,1,1,2e-06
1307,210.0,84.786201,-148.0,0.576666626678777,0.3569674077589091,0.47394496902785094,0,Default series,1,1,2e-06
1308,17.988867000000003,65.327919,-148.004,0.33566244775548865,0.33254420269054574,0.4739399483985748,0,Default series,1,1,2e-06
1309,152.952301,229.048889,-138.78,0.5050627897441868,0.5380397764673762,0.4855175195094562,0,Default series,1,1,2e-06
1310,145.966583,71.841728,-108.376,0.49629461466769464,0.34072005773176417,0.5236793226377344,0,Default series,1,1,2e-06
1311,219.996658,241.984146,-133.015,0.589214005133478,0.5542755589646688,0.49275350145375707,0,Default series,1,1,2e-06
1313,188.0,10.0,-157.955,0.5490531656597624,0.2630989602101047,0.4614498779167468,0,Default series,1,1,2e-06
1314,71.93412,85.687973,-124.96600000000001,0.4033722268862334,0.35809927348481996,0.5028562627147593,0,Default series,1,1,2e-06
1315,85.929039,7.663888,-117.79,0.42093805189854105,0.26016677213519324,0.5118632716362342,0,Default series,1,1,2e-06
1316,198.0,6.789250999999999,-144.0,0.5616047388502236,0.2590689651031347,0.4789655983040354,0,Default series,1,1,2e-06
1317,25.987038000000002,65.93860600000001,-167.171,0.34570141062512105,0.33331071094824205,0.44988234806441774,0,Default series,1,1,2e-06
1318,260.0,136.0,-149.997,0.639424492631083,0.42124878240991603,0.4714384198617158,0,Default series,1,1,2e-06
1319,59.96485500000001,162.209747,-134.012,0.3883489163178808,0.4541461381873132,0.49150210960666807,0,Default series,1,1,2e-06
1320,5.38727,69.998802,-98.0001,0.31984546104926903,0.33840689567440385,0.5367027094644251,0,Default series,1,1,2e-06
1321,39.99279,165.965866,-161.244,0.36328083275666595,0.4588606584413714,0.4573216654944041,0,Default series,1,1,2e-06
1323,19.988932000000002,69.39723199999999,-154.004,0.33817284397880665,0.3376518306859852,0.466409004484298,0,Default series,1,1,2e-06
1324,244.0,120.0,-151.80700000000002,0.6193419755263452,0.4011662653051781,0.4691665851142423,0,Default series,1,1,2e-06
1325,252.0,190.437714,-144.0,0.6293832340787141,0.4895766775691556,0.4789655983040354,0,Default series,1,1,2e-06
1326,13.00667,63.964771,-126.00299999999999,0.32940900672600903,0.3308332375014026,0.5015546645749085,0,Default series,1,1,2e-06
1328,228.201019,131.407898,-137.613,0.5995117688907246,0.4154849719748097,0.48698228810078303,0,Default series,1,1,2e-06
1329,260.0,40.0,-158.597,0.639424492631083,0.30075367978148837,0.46064406691791915,0,Default series,1,1,2e-06
1330,25.979637,27.903554999999997,-169.49599999999998,0.34569212120580284,0.2855707383052995,0.4469641072976355,0,Default series,1,1,2e-06
1331,185.232727,85.982056,-116.001,0.5455798027000136,0.358468393914677,0.5141087480800078,0,Default series,1,1,2e-06
1332,118.907196,159.627441,-138.028,0.46233082702574313,0.4509049379113965,0.4864613978133789,0,Default series,1,1,2e-06
1333,7.995114999999999,61.277457999999996,-144.002,0.32311871678795684,0.32746023692088483,0.4789630879893973,0,Default series,1,1,2e-06
1335,284.0,356.0,-157.387,0.66954826828819,0.6973833926000629,0.46216280727396497,0,Default series,1,1,2e-06
1337,103.929344,87.665337,-111.655,0.44353126646435354,0.3605811763818383,0.5195636617885823,0,Default series,1,1,2e-06
1338,148.297516,221.394104,-156.64,0.49922030228285075,0.5284318170489017,0.46310040979129247,0,Default series,1,1,2e-06
1339,216.0,10.168213,-126.0,0.5841975705930538,0.2633100939882134,0.5015584300468656,0,Default series,1,1,2e-06
1340,75.937325,79.703163,-112.11,0.40839687894162546,0.35058739541021955,0.5189925652084163,0,Default series,1,1,2e-06
1343,173.99736000000001,21.987454999999997,-155.52700000000002,0.5314776495777943,0.2781451020900908,0.46449739988739075,0,Default series,1,1,2e-06
1344,271.77014199999996,50.0,-142.0,0.6541978725085952,0.31330525297194955,0.48147591294212766,0,Default series,1,1,2e-06
1345,274.0,80.0,-125.83,0.6569966950977288,0.3509599725433332,0.5017718067911034,0,Default series,1,1,2e-06
1346,297.91107200000005,168.0,-130.0,0.6870088521247677,0.46141381661939196,0.4965378007706811,0,Default series,1,1,2e-06
1347,195.999908,80.39544699999999,-152.0,0.559094308737658,0.35145632073967803,0.4689243397516665,0,Default series,1,1,2e-06
1348,278.0,131.13249199999998,-134.0,0.6620173243739133,0.4151392941182005,0.49151717149449664,0,Default series,1,1,2e-06
1350,194.0,56.0,-103.859,0.556584109574039,0.32083619688622633,0.5293488682478658,0,Default series,1,1,2e-06
1352,157.957993,163.801117,-153.30700000000002,0.5113457206948775,0.4561435578901236,0.46728384913567317,0,Default series,1,1,2e-06
1353,175.316376,81.97464000000001,-98.0019,0.5331332221641333,0.3534384563918145,0.5367004501812508,0,Default series,1,1,2e-06
1354,111.10421000000001,41.665569,-128.025,0.4525368520374287,0.3028442309022147,0.4990167364757972,0,Default series,1,1,2e-06
1355,266.0,0.699956,-154.0,0.6469554365453598,0.2514259419160537,0.4664140251135742,0,Default series,1,1,2e-06
1356,84.339088,351.924713,-130.006,0.41894241326396636,0.6922682662947993,0.49653026982676685,0,Default series,1,1,2e-06
1357,11.999999,164.0,-163.03,0.3281454762524876,0.4563931873432075,0.4550799545225877,0,Default series,1,1,2e-06
1358,47.99276,199.965729,-93.6607,0.37332205365431537,0.5015358353323869,0.5421493391346939,0,Default series,1,1,2e-06
1359,230.0,56.267338,-118.0,0.6017697730596994,0.32117174813358546,0.5115996885992345,0,Default series,1,1,2e-06
1361,218.0,122.798363,-144.0,0.5867078852311459,0.404678651105976,0.4789655983040354,0,Default series,1,1,2e-06
1363,67.242302,3.7152300000000005,-110.021,0.3974832571839011,0.2552105851460832,0.5216145888479036,0,Default series,1,1,2e-06
1364,75.944069,47.735081,-102.98299999999999,0.4084053437225851,0.310462423312053,0.5304483860593502,0,Default series,1,1,2e-06
1365,253.33725,68.0,-148.0,0.6310616932036086,0.3358980847147798,0.47394496902785094,0,Default series,1,1,2e-06
1366,175.113327,19.991314000000003,-158.001,0.5328783637256582,0.2756396311040927,0.4613921406800707,0,Default series,1,1,2e-06
1367,296.0,159.896072,-154.0,0.6846101561167435,0.4512421120771692,0.4664140251135742,0,Default series,1,1,2e-06
1369,91.9403,45.717228000000006,-103.23200000000001,0.42848313013938755,0.30792970035034384,0.5301358518869077,0,Default series,1,1,2e-06
1370,45.972640999999996,93.87043,-162.79399999999998,0.3707864865061212,0.36836954427615015,0.45537617164988264,0,Default series,1,1,2e-06
1373,159.705582,159.774475,-126.01700000000001,0.5135392198189119,0.4510894887126451,0.5015370923724418,0,Default series,1,1,2e-06
1375,224.0,14.415023000000001,-112.0,0.5942388291454227,0.2686405086423117,0.5191306325135113,0,Default series,1,1,2e-06
1376,236.0,128.0,-148.656,0.6093007169739761,0.4112075238575471,0.47312158582655667,0,Default series,1,1,2e-06
1377,89.948875,130.577576,-94.01799999999999,0.42598357847530616,0.4144427872393447,0.5417008714245987,0,Default series,1,1,2e-06
1378,173.99478100000002,49.975193,-157.20600000000002,0.5314744125270685,0.313274116284336,0.46238999074871234,0,Default series,1,1,2e-06
1379,77.942413,35.727264,-103.723,0.41091357982015697,0.2953907239187365,0.5295195696432561,0,Default series,1,1,2e-06
1380,81.935699,93.69545699999999,-157.635,0.41592578197010144,0.36814992563456467,0.46185152825884157,0,Default series,1,1,2e-06
1381,203.981247,167.868805,-141.99200000000002,0.5691121447992962,0.46124914625491975,0.48148595420068,0,Default series,1,1,2e-06
1382,59.943721999999994,33.73344,-163.705,0.38832239107825745,0.2928881611322467,0.4542327233322316,0,Default series,1,1,2e-06
1383,230.807816,16.0,-140.0,0.602783709224542,0.2706299041243815,0.4839862275802199,0,Default series,1,1,2e-06
1384,278.0,174.0,-161.561,0.6620173243739133,0.4689447605336687,0.4569237806242665,0,Default series,1,1,2e-06
1385,85.93666800000001,172.734299,-128.02200000000002,0.42094762749372805,0.4673561066597947,0.4990205019477543,0,Default series,1,1,2e-06
1386,258.0,147.09816,-140.0,0.6369141779929908,0.435178719161861,0.4839862275802199,0,Default series,1,1,2e-06
1388,204.462219,30.0,-92.0,0.5697158403253524,0.2882021065910272,0.5442337788944338,0,Default series,1,1,2e-06
1389,280.0,390.0,-155.408,0.6645276390120055,0.740058741447631,0.46464676360835727,0,Default series,1,1,2e-06
1390,21.984734,41.927696000000005,-165.25900000000001,0.34067788946647354,0.3031732415247843,0.4522822088584339,0,Default series,1,1,2e-06
1392,232.0,26.387255,-124.0,0.6042800876977916,0.2836675432624299,0.5040687446849579,0,Default series,1,1,2e-06
1393,197.990341,197.954285,-148.907,0.5615926152856788,0.4990111566739354,0.4728065413394761,0,Default series,1,1,2e-06
1394,97.925812,0.166985,-148.026,0.43599588933442596,0.25075697946456443,0.47391233493755575,0,Default series,1,1,2e-06
1395,15.990663,67.514587,-128.003,0.3331543873799414,0.3352888150350697,0.49904434993681623,0,Default series,1,1,2e-06
1396,185.996368,79.98278,-134.57,0.5465382922902873,0.35093835873429924,0.49080173182264036,0,Default series,1,1,2e-06
1397,187.124924,87.983109,-122.001,0.5479548076136407,0.3609800302334262,0.5065778041657311,0,Default series,1,1,2e-06
1398,262.0,78.0,-125.852,0.6419348072691753,0.34844965790524096,0.5017441933300845,0,Default series,1,1,2e-06
1400,119.934044,49.232212,-136.023,0.46361968280849103,0.3123415582442738,0.4889779882380663,0,Default series,1,1,2e-06
1401,65.940552,65.718437,-116.68299999999999,0.39584935614383276,0.33303436421646493,0.5132527307884184,0,Default series,1,1,2e-06
1402,236.731537,16.0,-156.0,0.6102189109936792,0.2706299041243815,0.46390371047548196,0,Default series,1,1,2e-06
1403,23.525427,1.8645459999999998,-160.01,0.34261170156182663,0.25288768557824165,0.458870529626107,0,Default series,1,1,2e-06
1404,66.500938,63.72333100000001,-114.021,0.3965527287332238,0.3305301923182921,0.5165939595717192,0,Default series,1,1,2e-06
1405,135.964264,27.83073,-161.561,0.4837401307674105,0.28547933147354,0.4569237806242665,0,Default series,1,1,2e-06
1406,199.977264,291.892242,-149.55200000000002,0.56408651623151,0.6169180709387253,0.4719969648686913,0,Default series,1,1,2e-06
1407,288.0,169.142776,-112.0,0.6745688975643744,0.4628481802798222,0.5191306325135113,0,Default series,1,1,2e-06
1408,149.965729,63.355949,-130.012,0.5013141720395287,0.33006907011210634,0.4965227388828526,0,Default series,1,1,2e-06
1409,34.175948999999996,3.7880800000000003,-144.016,0.3559797822017884,0.25530202335677576,0.4789455157869307,0,Default series,1,1,2e-06
1410,59.99205799999999,247.962387,-158.496,0.38838306036243087,0.5617791919108405,0.46077083780714284,0,Default series,1,1,2e-06
1411,138.077652,109.777473,-162.017,0.4863927651835948,0.3883353857219815,0.45635142888678143,0,Default series,1,1,2e-06
1412,25.982357,49.916439000000004,-164.011,0.34569553523371066,0.31320037077121277,0.4538486451926035,0,Default series,1,1,2e-06
1413,15.395989000000002,81.968102,-128.002,0.332407977956395,0.3534302501732626,0.49904560509413526,0,Default series,1,1,2e-06
1414,264.147278,68.0,-136.0,0.644629978966902,0.3358980847147798,0.4890068568564044,0,Default series,1,1,2e-06
1415,79.942696,170.80320700000001,-130.02,0.4134242496677705,0.4649322824022433,0.49651269762430017,0,Default series,1,1,2e-06
1416,149.084091,95.808838,-150.014,0.5002075776510795,0.3708025512646477,0.47141708218729206,0,Default series,1,1,2e-06
1417,105.93933100000001,14.716679000000001,-114.021,0.4460541163585911,0.26901913437854585,0.5165939595717192,0,Default series,1,1,2e-06
1418,69.421013,45.727936,-108.02,0.40021788224163735,0.3079431405749161,0.5241261586433149,0,Default series,1,1,2e-06
1419,117.94075,85.719368,-105.03200000000001,0.4611177852553803,0.35813867914885145,0.5278765687126247,0,Default series,1,1,2e-06
1421,62.300362,45.717785,-158.02100000000002,0.39128034502261433,0.3079303994729705,0.46136703753368974,0,Default series,1,1,2e-06
1422,242.0,28.0,-92.7385,0.6168316608882529,0.2856917919529349,0.5433068452143182,0,Default series,1,1,2e-06
1423,139.948654,107.75678300000001,-111.412,0.4887411670378447,0.3857991018789582,0.5198686650171105,0,Default series,1,1,2e-06
1424,191.999893,87.786713,-96.0,0.5540736606341137,0.36073352235659484,0.5392131496182493,0,Default series,1,1,2e-06
1425,109.779823,25.666798,-142.025,0.4508745380011292,0.2827632563858219,0.4814445340091515,0,Default series,1,1,2e-06
1426,134.564499,85.793114,-166.015,0.48198320548271595,0.3582312419805018,0.45133330992523507,0,Default series,1,1,2e-06
1427,296.0,189.79943799999998,-136.0,0.6846101561167435,0.48877554077618407,0.4890068568564044,0,Default series,1,1,2e-06
1428,208.0,12.593616,-124.0,0.5741563120406847,0.2663543563152998,0.5040687446849579,0,Default series,1,1,2e-06
1429,268.062317,150.911835,-116.03399999999999,0.6495439688221031,0.4399654812505742,0.5140673278884793,0,Default series,1,1,2e-06
1430,177.959671,281.80896,-153.219,0.5364509732297813,0.6042619657364193,0.46739430297974927,0,Default series,1,1,2e-06
1431,272.348602,166.0,-154.0,0.6549239308113707,0.4589035019812997,0.4664140251135742,0,Default series,1,1,2e-06
1433,274.0,90.297546,-106.0,0.6569966950977288,0.36388501277344737,0.5266615764277881,0,Default series,1,1,2e-06
1434,266.0,196.0,-128.775,0.6469554365453598,0.49655822155268337,0.4980753684865126,0,Default series,1,1,2e-06
1435,248.0,78.33695999999999,-114.0,0.6243626048025296,0.3488725957154668,0.5166203178754191,0,Default series,1,1,2e-06
1436,3.9527650000000003,67.999916,-94.0,0.31804493159931074,0.33589797928156495,0.5417234642563415,0,Default series,1,1,2e-06
1437,240.0,86.0,-104.805,0.6143213462501607,0.35849091645761,0.5281614894240482,0,Default series,1,1,2e-06
1438,222.0,60.0,-111.6,0.5917285145073304,0.3258568261624108,0.5196326954411298,0,Default series,1,1,2e-06
1439,137.94790600000002,93.753242,-150.997,0.48622991354207784,0.36822245490024574,0.4701832625426697,0,Default series,1,1,2e-06
1441,279.421204,84.0,-156.0,0.6638011589763708,0.35598060181951774,0.46390371047548196,0,Default series,1,1,2e-06
1442,165.996414,5.982943,-166.222,0.5214352036466016,0.2580569217155293,0.4510734923601925,0,Default series,1,1,2e-06
1443,115.941681,43.72377,-112.48899999999999,0.4586086391687521,0.30542759695143273,0.5185168605844978,0,Default series,1,1,2e-06
1444,202.505661,14.0,-128.0,0.5672600522315142,0.2681195894862892,0.49904811540877336,0,Default series,1,1,2e-06
1445,103.941757,42.158577,-170.02,0.4435468467321549,0.303463033501763,0.4463064048624553,0,Default series,1,1,2e-06
1447,211.99762,207.988724,-149.268,0.5791739540424499,0.5116059562273073,0.4723534295473005,0,Default series,1,1,2e-06
1448,17.998672,121.993698,-163.384,0.3356747545730019,0.40366866994184575,0.45463562883164543,0,Default series,1,1,2e-06
1449,211.992111,241.96263100000002,-136.55200000000002,0.5791670393807793,0.5542485542549496,0.48831401001629093,0,Default series,1,1,2e-06
1450,113.95086699999999,362.667419,-108.01700000000001,0.4561098544057926,0.7057520523570601,0.524129924115272,0,Default series,1,1,2e-06
1452,298.0,96.889786,-122.0,0.6871204707548357,0.372159311058356,0.5065790593230501,0,Default series,1,1,2e-06
1453,133.263794,209.696381,-154.023,0.48035061608204604,0.5137493344092776,0.46638515649523615,0,Default series,1,1,2e-06
1454,238.0,21.965145,-146.0,0.6118110316120684,0.27811709953030284,0.4764552836659432,0,Default series,1,1,2e-06
1455,262.0,66.0,-144.73,0.6419348072691753,0.3333877700766875,0.47804933346113176,0,Default series,1,1,2e-06
1456,127.948975,51.776814,-158.018,0.47367968211479067,0.3155354340686332,0.46137080300564687,0,Default series,1,1,2e-06
1457,49.960506,61.812927,-163.739,0.3757918844482391,0.32813233475535714,0.454190047983384,0,Default series,1,1,2e-06
1458,211.99964900000003,173.998352,-151.898,0.5791765007566503,0.4689426920344069,0.46905236579820914,0,Default series,1,1,2e-06
1459,262.0,86.0,-105.036,0.6419348072691753,0.35849091645761,0.5278715480833485,0,Default series,1,1,2e-06
1460,228.0,72.0,-118.116,0.5992594584216072,0.3409187139909643,0.5114540903502253,0,Default series,1,1,2e-06
1463,113.943665,29.630468,-112.02,0.4561008147627808,0.28773828579660543,0.5191055293671304,0,Default series,1,1,2e-06
1464,225.999985,95.474724,-154.0,0.5967491249561552,0.3703831856321519,0.4664140251135742,0,Default series,1,1,2e-06
1465,83.983818,330.486969,-144.006,0.4184964935232288,0.6653605250093623,0.47895806736012114,0,Default series,1,1,2e-06
1466,67.95506999999999,163.44986,-130.016,0.39837789315588296,0.45570267509570744,0.4965177182535764,0,Default series,1,1,2e-06
1467,212.0,92.0,-160.741,0.5791769413168693,0.3660218603718867,0.45795300962588426,0,Default series,1,1,2e-06
1468,175.962082,207.842285,-147.594,0.5339436847759853,0.5114221522446635,0.47445456289938365,0,Default series,1,1,2e-06
1469,77.928703,93.091705,-136.025,0.4108963716133129,0.36739212189287596,0.4889754779234282,0,Default series,1,1,2e-06
1471,188.0,35.999996,-158.501,0.5490531656597624,0.2957330454846746,0.4607645620205476,0,Default series,1,1,2e-06
1472,49.965454,83.836365,-162.203,0.37579809496665373,0.3557752141516156,0.4561179696254389,0,Default series,1,1,2e-06
1473,227.881256,100.0,-154.0,0.5991104160209144,0.3760631189242557,0.4664140251135742,0,Default series,1,1,2e-06
1474,123.95270500000001,59.775985999999996,-102.804,0.4686637345754062,0.325575653350742,0.5306730592194595,0,Default series,1,1,2e-06
1475,256.821869,162.17205800000002,-103.477,0.6354354382455457,0.4540988325631157,0.5298283383437414,0,Default series,1,1,2e-06
1476,270.0,130.0,-149.09799999999998,0.6519760658215443,0.41371783849563937,0.4725668062915383,0,Default series,1,1,2e-06
1477,197.51400800000002,40.0,-142.0,0.5609947424344257,0.30075367978148837,0.48147591294212766,0,Default series,1,1,2e-06
1478,179.99733,83.987358,-95.0248,0.5390085558373515,0.35596473412069035,0.540437179035783,0,Default series,1,1,2e-06
1479,200.000015,6.0,-136.816,0.5641150723156756,0.25807833093392024,0.48798264848406275,0,Default series,1,1,2e-06
1480,0.466516,5.984159,-176.00099999999998,0.31366914065094353,0.2580584479868292,0.4387993089372405,0,Default series,1,1,2e-06
1481,163.99264499999998,21.965193,-161.982,0.5189201583205738,0.2781171597778541,0.45639535939294806,0,Default series,1,1,2e-06
1482,166.95636000000002,239.36460899999997,-123.838,0.5226400868943906,0.5509876279266067,0.5042720801706433,0,Default series,1,1,2e-06
1483,65.931961,45.677757,-147.489,0.39583857308730486,0.3078801580358037,0.4745863544178835,0,Default series,1,1,2e-06
1484,1.999829,90.508942,-120.0,0.3155936896852821,0.3641503480100644,0.5090893739611424,0,Default series,1,1,2e-06
1485,9.997863,72.086479,-106.001,0.3256324805983618,0.34102725874075807,0.526660321270469,0,Default series,1,1,2e-06
1486,296.0,4.0,-157.893,0.6846101561167435,0.255568016295828,0.46152769767052765,0,Default series,1,1,2e-06
1487,256.0,142.0,-148.998,0.6344038633548986,0.4287797263241928,0.4726923220234429,0,Default series,1,1,2e-06
1488,127.943161,49.787929999999996,-144.02,0.4736723846301377,0.31303907175929946,0.47894049515765447,0,Default series,1,1,2e-06
1489,252.0,201.999985,-160.293,0.6293832340787141,0.5040891466396004,0.45851532010481694,0,Default series,1,1,2e-06
1490,65.96639300000001,183.84082,-145.40200000000002,0.3958817906641143,0.48129653778208414,0.47720586774273277,0,Default series,1,1,2e-06
1492,161.983444,77.73745699999999,-104.006,0.516398294979989,0.3481201251372267,0.529164360121966,0,Default series,1,1,2e-06
1493,280.915283,348.0,-156.0,0.665676463168454,0.687342134047694,0.46390371047548196,0,Default series,1,1,2e-06
1494,79.95881700000001,213.434479,-146.014,0.4134444840589109,0.5184412354732894,0.4764377114634765,0,Default series,1,1,2e-06
1495,155.96357700000002,133.827469,-103.33,0.5088424148552548,0.4185219142244115,0.5300128464696412,0,Default series,1,1,2e-06
1496,56.641872,193.89621,-114.008,0.384178049884365,0.49391763413644735,0.5166102766168668,0,Default series,1,1,2e-06
1497,206.687088,20.0,-102.0,0.5725084009346213,0.27565053340056594,0.5316822057039725,0,Default series,1,1,2e-06
1498,51.948311,7.755178999999999,-112.598,0.37828689244282554,0.26028135670200625,0.5183800484367217,0,Default series,1,1,2e-06
1499,181.988922,137.94754,-101.382,0.5415083171127052,0.42369325149505116,0.5324578929271431,0,Default series,1,1,2e-06
1500,218.0,8.0,-139.334,0.5867078852311459,0.26058864557201245,0.4848221623547046,0,Default series,1,1,2e-06
1501,266.0,153.68090800000002,-126.0,0.6469554365453598,0.4434411034934972,0.5015584300468656,0,Default series,1,1,2e-06
1502,185.197647,61.991714,-150.001,0.5455357717812614,0.3283567405669574,0.47143339923243965,0,Default series,1,1,2e-06
1504,274.0,14.0,-154.352,0.6569966950977288,0.2681195894862892,0.46597220973726994,0,Default series,1,1,2e-06
1505,105.923325,175.812729,-136.02700000000002,0.44603402631054245,0.47122002060546586,0.4889729676087901,0,Default series,1,1,2e-06
1506,171.99293500000002,57.966549,-159.386,0.5289617808685653,0.32330452525683917,0.4596537477931918,0,Default series,1,1,2e-06
1507,288.0,186.0,-102.641,0.6745688975643744,0.4840066483622222,0.530877649862464,0,Default series,1,1,2e-06
1508,79.937775,67.705261,-107.851,0.4134180730386035,0.33552814090172145,0.5243382802302337,0,Default series,1,1,2e-06
1509,75.940605,65.718681,-107.081,0.4084009958576319,0.3330346704748508,0.5253047513658992,0,Default series,1,1,2e-06
1510,28.633467,161.991272,-162.001,0.349023095353807,0.4538719176920346,0.4563715114038862,0,Default series,1,1,2e-06
1511,147.96838400000001,97.850235,-167.15200000000002,0.4988071898441185,0.3733648256502765,0.4499061960534796,0,Default series,1,1,2e-06
1512,177.97435,191.878494,-153.256,0.5364693976840675,0.49138508313129087,0.4673478621589445,0,Default series,1,1,2e-06
1514,173.989258,72.79265600000001,-138.004,0.5314674802931955,0.34191362197085007,0.48649152158903597,0,Default series,1,1,2e-06
1516,57.949206999999994,53.759422,-162.11700000000002,0.3858189609780602,0.3180239190106326,0.4562259131548768,0,Default series,1,1,2e-06
1517,148.508514,230.21440099999998,-117.64299999999999,0.49948513796685484,0.5395026773846123,0.5120477797621341,0,Default series,1,1,2e-06
1520,23.997989999999998,143.99049399999998,-159.747,0.34320484246998706,0.43127810943681016,0.4592006360010161,0,Default series,1,1,2e-06
1522,17.983356,5.921167,-172.426,0.3356555305835034,0.25797938311698787,0.44328649635283035,0,Default series,1,1,2e-06
1523,29.306732,223.99897799999997,-128.0,0.3498681488462146,0.5317013437151947,0.49904811540877336,0,Default series,1,1,2e-06
1525,204.787827,40.0,-108.0,0.5701245295896924,0.30075367978148837,0.5241512617896958,0,Default series,1,1,2e-06
1526,85.9244,92.33091,-142.02700000000002,0.420932229223738,0.36643720448033223,0.4814420236945134,0,Default series,1,1,2e-06
1528,29.966152,0.8081430000000001,-118.012,0.35069582468553995,0.2515617336209294,0.511584626711406,0,Default series,1,1,2e-06
1530,250.0,77.973236,-120.0,0.6268729194406218,0.3484160648747541,0.5090893739611424,0,Default series,1,1,2e-06
1531,248.0,2.0,-156.862,0.6243626048025296,0.2530577016577358,0.4628217648664642,0,Default series,1,1,2e-06
1532,196.71281399999998,34.0,-138.0,0.5599891179213498,0.29322273586721165,0.4864965422183122,0,Default series,1,1,2e-06
1534,165.995407,21.978168,-168.917,0.5214339397031813,0.2781334454440688,0.4476908433853632,0,Default series,1,1,2e-06
1535,61.930187,25.470152,-142.025,0.3908157171620364,0.2825164347196607,0.4814445340091515,0,Default series,1,1,2e-06
1537,97.921463,85.997902,-124.02799999999999,0.43599043065524545,0.35848828313755465,0.5040336002800245,0,Default series,1,1,2e-06
1540,70.656326,301.947144,-142.004,0.4017683943949002,0.6295385547763168,0.4814708923128515,0,Default series,1,1,2e-06
1541,290.0,196.0,-152.714,0.6770792122024667,0.49655822155268337,0.4680281574258675,0,Default series,1,1,2e-06
1542,216.0,16.737556,-94.0,0.5841975705930538,0.2715556529359878,0.5417234642563415,0,Default series,1,1,2e-06
1543,89.942024,41.725398999999996,-101.98,0.4259749793925134,0.3029193269646132,0.5317073088503534,0,Default series,1,1,2e-06
1544,43.380817,143.903946,-126.007,0.36753333964284185,0.43116947808116135,0.5015496439456323,0,Default series,1,1,2e-06
1545,224.0,96.0,-115.796,0.5942388291454227,0.3710424896480712,0.5143660553304122,0,Default series,1,1,2e-06
1546,2.0,111.88584099999999,-162.0,0.31559390431718365,0.3909817192484241,0.45637276656120523,0,Default series,1,1,2e-06
1547,284.0,184.0,-102.25399999999999,0.66954826828819,0.4814963337241299,0.5313633957449349,0,Default series,1,1,2e-06
1548,25.969011,3.241329,-160.011,0.34567878390413065,0.25461576483743,0.458869274468788,0,Default series,1,1,2e-06
1549,71.964653,177.832596,-157.471,0.40341055060465586,0.4737552714540156,0.46205737405916514,0,Default series,1,1,2e-06
1550,163.992798,14.891956,-158.003,0.5189203503596436,0.2692391345879563,0.46138963036543257,0,Default series,1,1,2e-06
1551,73.933563,17.685343,-113.977,0.40588184240169894,0.27274527472593457,0.5166491864937571,0,Default series,1,1,2e-06
1554,151.974091,61.877293,-159.256,0.5038349823031227,0.32821312421135485,0.4598169182446678,0,Default series,1,1,2e-06
1555,116.12686200000002,35.72068,-116.021,0.4588410704562504,0.29538245996294793,0.5140836449336269,0,Default series,1,1,2e-06
1556,214.0,55.671082,-102.0,0.5816872559549615,0.3204233530511603,0.5316822057039725,0,Default series,1,1,2e-06
1557,234.000015,20.802204,-136.0,0.6067904211632437,0.27665742562253404,0.4890068568564044,0,Default series,1,1,2e-06
1558,132.814255,57.750813,-126.01799999999999,0.4797863739159994,0.32303374263745743,0.5015358372151228,0,Default series,1,1,2e-06
1560,73.931862,92.176666,-134.024,0.40587970737909923,0.3662436039948133,0.49148704771883955,0,Default series,1,1,2e-06
1561,147.560486,220.396011,-126.455,0.4982952136839942,0.527179053314863,0.5009873334666997,0,Default series,1,1,2e-06
1563,34.67886,167.985153,-94.0011,0.3566110146242672,0.46139518129867607,0.5417220835832905,0,Default series,1,1,2e-06
1564,242.0,66.0,-128.476,0.6168316608882529,0.3333877700766875,0.49845066052490744,0,Default series,1,1,2e-06
1565,228.0,77.774063,-112.0,0.5992594584216072,0.34816607142604766,0.5191306325135113,0,Default series,1,1,2e-06
1566,284.0,178.0,-103.24600000000001,0.66954826828819,0.4739653898098532,0.530118279684441,0,Default series,1,1,2e-06
1567,139.95486499999998,109.11501299999999,-162.016,0.4887489628199533,0.38750389420440623,0.4563526840441005,0,Default series,1,1,2e-06
1568,264.0,58.0,-132.72,0.6444451219072675,0.3233465115243186,0.4931237728628757,0,Default series,1,1,2e-06
1569,83.93555500000001,121.066597,-152.023,0.41843591586553974,0.40250501233620073,0.4688954711333284,0,Default series,1,1,2e-06
1570,270.0,8.0,-154.126,0.6519760658215443,0.26058864557201245,0.4662558752913744,0,Default series,1,1,2e-06
1572,163.000046,239.70431499999998,-116.022,0.5176742904208459,0.5514140123988306,0.5140823897763078,0,Default series,1,1,2e-06
1573,2.682698,76.0,-94.0,0.31645079770858175,0.34593934326714876,0.5417234642563415,0,Default series,1,1,2e-06
1574,125.949799,43.762211,-160.338,0.4711704017263293,0.3054758464539342,0.4584588380254599,0,Default series,1,1,2e-06
1575,71.930756,22.240076000000002,-160.024,0.40336800453701216,0.27846218118718546,0.45885295742364035,0,Default series,1,1,2e-06
1577,262.065643,175.70463600000002,-102.46700000000001,0.6420171995610695,0.47108434688537826,0.531096047235978,0,Default series,1,1,2e-06
1578,123.133614,215.675323,-150.024,0.4676356465117914,0.5212538472207299,0.4714045306141016,0,Default series,1,1,2e-06
1579,23.979595,13.903367999999999,-172.245,0.34318175385110317,0.26799830112423517,0.4435136798275777,0,Default series,1,1,2e-06
1580,72.561432,41.727290999999994,-106.02,0.40415960213435886,0.30292170172226085,0.5266364732814072,0,Default series,1,1,2e-06
1581,271.37796000000003,54.0,-140.0,0.6537056224008971,0.3183258822481341,0.4839862275802199,0,Default series,1,1,2e-06
1582,278.0,382.0,-153.863,0.6620173243739133,0.730017482895262,0.4665859816662835,0,Default series,1,1,2e-06
1584,218.0,36.0,-78.3772,0.5867078852311459,0.29573305050530385,0.5613325360203353,0,Default series,1,1,2e-06
1585,282.0,129.102921,-144.0,0.6670379536500978,0.41259186322302677,0.4789655983040354,0,Default series,1,1,2e-06
1587,113.94479399999999,77.738525,-100.37,0.456102231835394,0.3481214656452434,0.5337281121340177,0,Default series,1,1,2e-06
1588,155.955627,165.78981000000002,-153.421,0.5088324363545683,0.45863968046440945,0.46714076120130194,0,Default series,1,1,2e-06
1589,187.20103500000002,57.998466,-108.0,0.5480503388923507,0.32334458611299116,0.5241512617896958,0,Default series,1,1,2e-06
1590,7.993708,25.970198,-169.22,0.32311695078160896,0.2831440711164205,0.4473105307176922,0,Default series,1,1,2e-06
1592,125.93735500000001,119.703308,-156.273,0.4711547825486511,0.40079387016987567,0.4635610525273824,0,Default series,1,1,2e-06
1593,282.0,62.000004000000004,-153.213,0.6670379536500978,0.32836714582113236,0.4674018339236635,0,Default series,1,1,2e-06
1594,184.067657,59.989307,-146.001,0.5441174565623125,0.32584340476519824,0.4764540285086241,0,Default series,1,1,2e-06
1595,230.796509,14.0,-144.0,0.6027695171607355,0.2681195894862892,0.4789655983040354,0,Default series,1,1,2e-06
1596,280.0,188.0,-159.345,0.6645276390120055,0.4865169630003144,0.4597052092432727,0,Default series,1,1,2e-06
1597,55.959571999999994,85.808525,-162.018,0.38332165604557983,0.3582505852099456,0.4563501737294624,0,Default series,1,1,2e-06
1598,181.9599,157.92485,-130.73,0.5414718899369918,0.4487679183564044,0.49562153592777747,0,Default series,1,1,2e-06
1600,129.939789,169.714813,-159.045,0.4761784668777501,0.4635661767071374,0.4600817564389865,0,Default series,1,1,2e-06
1602,248.0,72.0,-127.26299999999999,0.6243626048025296,0.3409187139909643,0.4999731663529104,0,Default series,1,1,2e-06
1603,97.252724,1.642479,-136.02700000000002,0.43515105800486387,0.2526089565578731,0.4889729676087901,0,Default series,1,1,2e-06
1604,182.791245,59.98548100000001,-130.001,0.5425153586983942,0.32583860253329555,0.4965365456133621,0,Default series,1,1,2e-06
1605,243.999008,373.9953,-154.842,0.6193407304102847,0.7199703251034936,0.46535718265093734,0,Default series,1,1,2e-06
1606,68.937462,37.652355,-138.026,0.39961094966485533,0.29780701597721637,0.48646390812801693,0,Default series,1,1,2e-06
1607,105.924667,217.718475,-134.019,0.4460357107316646,0.5238183244074536,0.49149332350543473,0,Default series,1,1,2e-06
1608,246.0,18.0,-160.516,0.6218522901644373,0.2731402187624737,0.4582354200226697,0,Default series,1,1,2e-06
1609,291.33493,192.0,-124.0,0.6787547593623809,0.4915375922764989,0.5040687446849579,0,Default series,1,1,2e-06
1613,254.0,70.0,-128.711,0.6318935487168064,0.33840839935287204,0.4981556985549316,0,Default series,1,1,2e-06
1615,282.0,195.21580500000002,-126.0,0.6670379536500978,0.495573933458874,0.5015584300468656,0,Default series,1,1,2e-06
1617,200.000015,83.55953199999999,-150.0,0.5641150723156756,0.3554277451855121,0.4714346543897587,0,Default series,1,1,2e-06
1618,17.986534,23.936220000000002,-170.842,0.33565951947346334,0.2805911087429417,0.44527466554619943,0,Default series,1,1,2e-06
1620,210.0,136.754959,-100.0,0.576666626678777,0.42219637472434585,0.5341925203420648,0,Default series,1,1,2e-06
1621,204.893723,44.0,-90.0,0.57025744572915,0.3057743090576729,0.546744093532526,0,Default series,1,1,2e-06
1624,290.650391,82.0,-152.0,0.6778955552263585,0.3534702871814255,0.4689243397516665,0,Default series,1,1,2e-06
1625,107.924454,87.383492,-148.02700000000002,0.4485457580212479,0.36022741656725177,0.47391107978023667,0,Default series,1,1,2e-06
1626,23.966921,-0.156669,-137.461,0.3431658459872416,0.25035074277762587,0.487173072013278,0,Default series,1,1,2e-06
1627,39.995940999999995,171.980774,-88.6873,0.36328478775737827,0.46641031424096047,0.5483917385452378,0,Default series,1,1,2e-06
1628,256.763489,118.0,-146.0,0.6353621621612597,0.39865595066708587,0.4764552836659432,0,Default series,1,1,2e-06
1629,107.94601399999999,15.006416,-108.01899999999999,0.44857281921304654,0.2693827998946943,0.524127413800634,0,Default series,1,1,2e-06
1630,165.989578,45.050468,-156.004,0.5214266233911685,0.3070928116562966,0.4638986898462058,0,Default series,1,1,2e-06
1632,244.0,76.765495,-116.0,0.6193419755263452,0.34690015991909195,0.5141100032373268,0,Default series,1,1,2e-06
1633,126.977791,53.736984,-120.02,0.47246069340905017,0.3179957557907078,0.5090642708147615,0,Default series,1,1,2e-06
1634,14.0,394.0,-127.37,0.33065579214573715,0.7450793707238155,0.49983886451977244,0,Default series,1,1,2e-06
1635,250.0,120.383926,-152.0,0.6268729194406218,0.4016481528340502,0.4689243397516665,0,Default series,1,1,2e-06
1636,73.998177,397.17150899999996,-130.001,0.4059629431367118,0.749060113457586,0.4965365456133621,0,Default series,1,1,2e-06
1637,235.640717,62.000004000000004,-110.0,0.6088497602869173,0.32836714582113236,0.5216409471516036,0,Default series,1,1,2e-06
1638,246.81016499999998,38.0,-108.0,0.6228691746938224,0.2982433651433961,0.5241512617896958,0,Default series,1,1,2e-06
1639,5.995841,58.972320999999994,-136.001,0.3206093133940783,0.3245669273439308,0.48900560169908536,0,Default series,1,1,2e-06
1640,129.960846,7.814578,-160.418,0.4762048967254173,0.26035591179160034,0.4583584254399362,0,Default series,1,1,2e-06
1641,63.981396,249.91187999999997,-123.281,0.39339030715127965,0.5642261123182196,0.504971202797352,0,Default series,1,1,2e-06
1642,53.936294999999994,19.196299,-138.02200000000002,0.38078212511057213,0.2746417622080912,0.48646892875729314,0,Default series,1,1,2e-06
1643,187.95459,294.952087,-132.016,0.5489961689659044,0.620758657785622,0.4940074036154842,0,Default series,1,1,2e-06
1644,248.0,212.000015,-156.726,0.6243626048025296,0.5166407574847811,0.4629924662618545,0,Default series,1,1,2e-06
1645,26.569709999999997,81.923637,-144.006,0.34643275565052434,0.35337443960307113,0.47895806736012114,0,Default series,1,1,2e-06
1648,291.443207,126.0,-152.0,0.6788906640314153,0.40869720921945485,0.4689243397516665,0,Default series,1,1,2e-06
1649,14.0,200.0,-163.435,0.33065579214573715,0.5015788508288679,0.454571615808374,0,Default series,1,1,2e-06
1650,97.94564100000001,259.742554,-110.399,0.43602077784890536,0.576565154740476,0.5211401393813042,0,Default series,1,1,2e-06
1652,93.932076,126.43715700000001,-154.024,0.43098312236368796,0.4092459100275771,0.4663839013379171,0,Default series,1,1,2e-06
1653,29.981385999999997,59.91184200000001,-165.24,0.35071494575213835,0.3257461740034784,0.4523060568474958,0,Default series,1,1,2e-06
1654,109.934334,39.688976000000004,-157.428,0.4510684736136523,0.30036329573148934,0.46211134582388413,0,Default series,1,1,2e-06
1655,234.000015,78.26753199999999,-112.0,0.6067904211632437,0.34878545265312,0.5191306325135113,0,Default series,1,1,2e-06
1657,95.544395,67.704735,-104.022,0.4330068363571751,0.33552748068897165,0.5291442776048613,0,Default series,1,1,2e-06
1658,9.999222999999999,107.996323,-154.07399999999998,0.3256341876123157,0.38609976226316256,0.4663211434719648,0,Default series,1,1,2e-06
1660,53.937855000000006,23.403465,-146.02200000000002,0.3807840831559899,0.2799224174054332,0.47642767020492416,0,Default series,1,1,2e-06
1661,276.0,6.0,-152.952,0.659507009735821,0.25807833093392024,0.4677294299839345,0,Default series,1,1,2e-06
1662,236.38485699999998,18.0,-158.0,0.6097837730543123,0.2731402187624737,0.4613933958373897,0,Default series,1,1,2e-06
1664,129.954178,79.782997,-101.29799999999999,0.47619652733641393,0.35068759963962826,0.5325633261419429,0,Default series,1,1,2e-06
1666,204.0,82.0,-115.76799999999999,0.5691356827645002,0.3534702871814255,0.5144011997353456,0,Default series,1,1,2e-06
1667,164.929688,241.711502,-116.021,0.5200962947002847,0.5539333478525748,0.5140836449336269,0,Default series,1,1,2e-06
1668,183.997345,103.98745699999999,-92.9906,0.5440292039408957,0.3810680047621874,0.5429904200541866,0,Default series,1,1,2e-06
1669,37.966057,13.839239000000001,-172.532,0.3607369639979636,0.267917809140522,0.4431534496770115,0,Default series,1,1,2e-06
1670,155.948135,159.754333,-123.545,0.5088230327159341,0.4510642073339249,0.5046398412651238,0,Default series,1,1,2e-06
1671,181.996078,81.9814,-158.71200000000002,0.5415172990184803,0.3534469412552912,0.46049972382622884,0,Default series,1,1,2e-06
1672,221.99635299999997,164.265457,-103.34200000000001,0.5917239369485878,0.4567263776396495,0.5299977845818127,0,Default series,1,1,2e-06
1675,234.000015,18.0,-144.266,0.6067904211632437,0.2731402187624737,0.47863172645716917,0,Default series,1,1,2e-06
1676,130.257278,55.742695,-148.019,0.4765769655198168,0.3205132386322491,0.47392112103878903,0,Default series,1,1,2e-06
1678,247.329529,32.0,-102.0,0.6235210582196714,0.2907124212291194,0.5316822057039725,0,Default series,1,1,2e-06
1679,161.977859,70.258278,-136.00799999999998,0.5163912849263621,0.33873257887492064,0.4889968155978521,0,Default series,1,1,2e-06
1681,186.600357,141.96485900000002,-98.0026,0.5472963935042606,0.4287356188408442,0.5366995715711275,0,Default series,1,1,2e-06
1685,189.994629,143.974594,-96.9543,0.5515567388478939,0.43125815243543736,0.5380153529886835,0,Default series,1,1,2e-06
1686,133.798706,286.353271,-127.48700000000001,0.4810220147938917,0.6099657909480911,0.499692011113444,0,Default series,1,1,2e-06
1687,9.99063,10.547742,-172.003,0.32562340204547313,0.26378646259035365,0.44381742789878686,0,Default series,1,1,2e-06
1688,103.941147,71.721237,-101.303,0.44354608108619026,0.340568822571235,0.5325570503553477,0,Default series,1,1,2e-06
1689,225.097,48.0,-124.0,0.5956157367244163,0.31079493833385735,0.5040687446849579,0,Default series,1,1,2e-06
1690,153.98645,19.935835,-166.535,0.5063608094305211,0.27556999623118933,0.4506806281193311,0,Default series,1,1,2e-06
1691,218.925842,20.0,-86.0,0.5878699625937263,0.27565053340056594,0.5517647228087105,0,Default series,1,1,2e-06
1692,191.47653200000002,32.0,-144.0,0.5534167602444604,0.2907124212291194,0.4789655983040354,0,Default series,1,1,2e-06
1693,188.833878,355.781525,-146.016,0.5500998137346539,0.6971091721047843,0.47643520114883847,0,Default series,1,1,2e-06
1694,297.972351,20.0,-156.0,0.6870857669101214,0.27565053340056594,0.46390371047548196,0,Default series,1,1,2e-06
1696,258.0,119.915901,-150.0,0.6369141779929908,0.40106070782980363,0.4714346543897587,0,Default series,1,1,2e-06
1697,239.051544,24.0,-90.0,0.6131308847599675,0.2806711626767504,0.546744093532526,0,Default series,1,1,2e-06
1698,13.994398,66.817688,-162.002,0.33064876075443583,0.3344140971545837,0.45637025624656713,0,Default series,1,1,2e-06
1699,7.672464999999999,75.996391,-102.0,0.3227137402789666,0.3459348134043843,0.5316822057039725,0,Default series,1,1,2e-06
1701,186.551804,97.97751600000001,-118.00200000000001,0.547235451850949,0.373524583329002,0.5115971782845965,0,Default series,1,1,2e-06
1702,209.529663,173.514755,-135.45,0.5760762797508088,0.4683357017203882,0.4896971933818798,0,Default series,1,1,2e-06
1705,59.945004000000004,57.739520999999996,-157.252,0.38832400018994045,0.32301956940101073,0.4623322535120362,0,Default series,1,1,2e-06
1706,153.954498,159.784515,-153.35,0.5063207046438629,0.45110209049212835,0.46722987737095417,0,Default series,1,1,2e-06
1707,188.615402,71.995674,-112.0,0.5498255919842179,0.34091328418040207,0.5191306325135113,0,Default series,1,1,2e-06
1708,147.965424,93.77963299999999,-162.012,0.4988034745784541,0.3682555797570527,0.45635770467337666,0,Default series,1,1,2e-06
1709,245.99981699999998,323.999146,-94.2502,0.621852060470648,0.6572172864862365,0.5414094238951161,0,Default series,1,1,2e-06
1710,115.95008100000001,71.763565,-97.4526,0.4586191824902321,0.3406219508702356,0.5373899080966029,0,Default series,1,1,2e-06
1711,3.9999870000000004,74.295891,-96.0,0.31810420263823075,0.3438004183833464,0.5392131496182493,0,Default series,1,1,2e-06
1712,61.939129,69.711685,-133.369,0.3908269407787833,0.33804651867043123,0.49230917576281474,0,Default series,1,1,2e-06
1716,19.986784,65.868385,-144.005,0.3381701479008853,0.3332225725461413,0.4789593225174402,0,Default series,1,1,2e-06
1717,110.421906,25.699751000000003,-158.02200000000002,0.4516804531780143,0.28280461758495634,0.46136578237637066,0,Default series,1,1,2e-06
1718,121.92765,109.657326,-121.148,0.4661219719706853,0.38818458233557007,0.5076484533588774,0,Default series,1,1,2e-06
1719,133.944473,92.75948299999999,-152.02,0.481204975310817,0.3669751310180278,0.46889923660528554,0,Default series,1,1,2e-06
1720,45.944851,14.520248,-132.019,0.37075160568422494,0.2687725825712083,0.494003638143527,0,Default series,1,1,2e-06
1722,240.0,101.423744,-120.0,0.6143213462501607,0.3778501416263037,0.5090893739611424,0,Default series,1,1,2e-06
1723,127.930275,115.66976899999999,-141.069,0.4736562106729245,0.3957311441723677,0.4826444644061596,0,Default series,1,1,2e-06
1724,25.985104,59.929446999999996,-165.38099999999997,0.34569898315086606,0.32576827104808015,0.4521290796655103,0,Default series,1,1,2e-06
1725,83.973282,281.873444,-146.738,0.4184832691857154,0.6043429033009806,0.47552897756448714,0,Default series,1,1,2e-06
1726,280.0,82.0,-126.757,0.6645276390120055,0.3534702871814255,0.5006082759563477,0,Default series,1,1,2e-06
1727,171.982727,113.918152,-108.853,0.5289489682226525,0.3935325892746521,0.5230806125965495,0,Default series,1,1,2e-06
1729,288.0,72.0,-153.585,0.6745688975643744,0.3409187139909643,0.4669349154009783,0,Default series,1,1,2e-06
1730,253.71754500000003,290.0,-148.0,0.6315390232562552,0.6145430095430189,0.47394496902785094,0,Default series,1,1,2e-06
1733,81.935356,123.69384,-115.6,0.41592535145114096,0.40580261561656344,0.5146120661649453,0,Default series,1,1,2e-06
1734,0.0,105.50177,-136.0,0.31308358967909145,0.38296870580746406,0.4890068568564044,0,Default series,1,1,2e-06
1735,183.9991,45.569939,-154.0,0.5440314067419907,0.30774482948397885,0.4664140251135742,0,Default series,1,1,2e-06
1736,186.773804,51.995304,-134.0,0.5475140967757772,0.31580967339127164,0.49151717149449664,0,Default series,1,1,2e-06
1737,115.94951599999999,345.760895,-96.0753,0.4586184733263468,0.6845317050188311,0.5391186362721251,0,Default series,1,1,2e-06
1738,213.972488,379.86969,-142.744,0.5816527240667999,0.7273436087069249,0.48054207589675735,0,Default series,1,1,2e-06
1739,111.94455,47.737358,-105.15100000000001,0.453591610938916,0.3104652813052684,0.5277272049916581,0,Default series,1,1,2e-06
1742,179.99006699999998,111.95296499999999,-108.994,0.5389994396297433,0.3910659704283078,0.522903635414564,0,Default series,1,1,2e-06
1744,143.950897,91.76741,-128.941,0.49376461163189583,0.36572992333104976,0.49786701237155095,0,Default series,1,1,2e-06
1746,63.939856999999996,47.715140999999996,-116.66799999999999,0.3933381691714038,0.3104373954751112,0.513271558148204,0,Default series,1,1,2e-06
1750,15.997514,107.988228,-157.1,0.33316298646273423,0.38608960176466484,0.4625230374245312,0,Default series,1,1,2e-06
1751,59.932976000000004,18.755865,-128.024,0.38830890315770694,0.2740889482494345,0.4990179916331163,0,Default series,1,1,2e-06
1752,268.809509,44.0,-138.0,0.6504818123296358,0.3057743090576729,0.4864965422183122,0,Default series,1,1,2e-06
1753,266.0,68.0,-157.305,0.6469554365453598,0.3358980847147798,0.46226573017412675,0,Default series,1,1,2e-06
1754,236.0,23.715887,-130.0,0.6093007169739761,0.28031455616536427,0.4965378007706811,0,Default series,1,1,2e-06
1755,103.92356099999999,88.51621999999999,-120.027,0.4435240078895775,0.36164916840694017,0.5090554847135281,0,Default series,1,1,2e-06
1756,21.983282,25.920815,-170.334,0.3406760669780463,0.283082087682534,0.44591228546427486,0,Default series,1,1,2e-06
1757,93.939911,51.715382,-103.167,0.43099295652128267,0.3154583272442096,0.5302174371126457,0,Default series,1,1,2e-06
1758,145.96125800000002,62.854355000000005,-128.014,0.4962879309549707,0.32943949073181666,0.49903054320630674,0,Default series,1,1,2e-06
1759,27.975254,9.882795,-173.08,0.34819693448936573,0.2629518494965259,0.4424656234661742,0,Default series,1,1,2e-06
1760,36.938347,7.777064,-144.017,0.3594470262696068,0.26030882581993364,0.47894426062961165,0,Default series,1,1,2e-06
1762,151.967621,64.73214,-132.011,0.5038268614352686,0.33179640631816176,0.4940136794020794,0,Default series,1,1,2e-06
1763,183.010956,83.980003,-112.001,0.5427911305681191,0.35595550243860874,0.5191293773561922,0,Default series,1,1,2e-06
1764,135.950333,89.328209,-110.01700000000001,0.4837226451707989,0.36266834234327516,0.5216196094771798,0,Default series,1,1,2e-06
1765,67.78357700000001,41.714779,-112.021,0.3981626424617678,0.30290599719388495,0.5191042742098113,0,Default series,1,1,2e-06
1766,229.99969500000003,275.998535,-155.287,0.6017693902367172,0.5969689682709007,0.46479863764396184,0,Default series,1,1,2e-06
1767,82.341736,177.73085,-138.02,0.41643542228245495,0.4736275642174319,0.48647143907193124,0,Default series,1,1,2e-06
1768,133.957901,65.80062099999999,-105.39399999999999,0.4812218295632972,0.33313751806557346,0.52742220176313,0,Default series,1,1,2e-06
1769,282.0,40.0,-153.764,0.6670379536500978,0.30075367978148837,0.4667102422408691,0,Default series,1,1,2e-06
1771,147.959305,137.80723600000002,-96.9198,0.4987957942708189,0.42351714790255973,0.5380586559161906,0,Default series,1,1,2e-06
1773,270.438416,58.0,-138.0,0.6525263468727313,0.3233465115243186,0.4864965422183122,0,Default series,1,1,2e-06
1775,99.928139,82.900406,-156.025,0.4385091247235996,0.35460043836243854,0.4638723315425058,0,Default series,1,1,2e-06
1776,67.94051400000001,89.718262,-148.887,0.3983596230859469,0.36315792022104104,0.472831644485857,0,Default series,1,1,2e-06
1777,220.05720499999998,178.0,-142.0,0.5892900011436742,0.4739653898098532,0.48147591294212766,0,Default series,1,1,2e-06
1778,107.942123,75.725891,-100.90899999999999,0.4485679353959181,0.3455952933495824,0.5330515823390519,0,Default series,1,1,2e-06
1780,33.980796999999995,69.90905,-167.075,0.3557348357406619,0.33829424279470477,0.4500028431670462,0,Default series,1,1,2e-06
1781,13.301342000000002,65.967331,-122.00200000000001,0.329778866443527,0.3333467653422316,0.506576549008412,0,Default series,1,1,2e-06
1782,11.386827,85.982452,-126.001,0.3273758489288534,0.3584688909569753,0.5015571748895465,0,Default series,1,1,2e-06
1783,244.0,104.387344,-122.0,0.6193419755263452,0.38156992585702876,0.5065790593230501,0,Default series,1,1,2e-06
1784,258.0,58.0,-125.585,0.6369141779929908,0.3233465115243186,0.5020793203342697,0,Default series,1,1,2e-06
1785,140.860672,157.679474,-126.024,0.4898858931056465,0.44845993287408614,0.5015283062712085,0,Default series,1,1,2e-06
1786,29.978346000000002,49.897434000000004,-163.745,0.35071113007388843,0.3131765165063643,0.45418251703946977,0,Default series,1,1,2e-06
1787,45.985752000000005,170.632507,-150.005,0.3708029428737313,0.4647180270478821,0.47142837860316344,0,Default series,1,1,2e-06
1788,163.99086,23.956739000000002,-154.233,0.5189179178647593,0.28061686331597113,0.46612157345823646,0,Default series,1,1,2e-06
1789,147.959564,88.134941,-118.014,0.4987961193565645,0.36117060327949163,0.511582116396768,0,Default series,1,1,2e-06
1791,142.948181,223.600677,-118.33200000000001,0.4925060453055712,0.5312014132998614,0.5111829763693113,0,Default series,1,1,2e-06
1792,21.985844,47.932945000000004,-164.78,0.3406792826910977,0.3107107737598287,0.452883429214257,0,Default series,1,1,2e-06
1793,35.974327,55.878399,-164.959,0.3582370295108999,0.320683568501073,0.45265875605414774,0,Default series,1,1,2e-06
1795,111.950272,317.716614,-147.072,0.45359879294909555,0.649331720464295,0.47510975501992575,0,Default series,1,1,2e-06
1797,51.9491,5.758923,-111.376,0.3782878827619503,0.2577757413729166,0.5199138506805961,0,Default series,1,1,2e-06
1798,244.0,67.46770500000001,-158.0,0.6193419755263452,0.3352299707496381,0.4613933958373897,0,Default series,1,1,2e-06
1799,65.448151,33.672928000000006,-150.024,0.3952313154247772,0.2928122090525566,0.4714045306141016,0,Default series,1,1,2e-06
1800,85.934502,123.63573500000001,-112.023,0.420944908822975,0.40572968470054027,0.5191017638951733,0,Default series,1,1,2e-06
1801,11.996019,83.606216,-122.001,0.3281404807263577,0.3554863409497945,0.5065778041657311,0,Default series,1,1,2e-06
1802,61.940041,49.716003,-155.38299999999998,0.3908280854822583,0.31294879205881243,0.46467814254133344,0,Default series,1,1,2e-06
1803,214.0,47.231460999999996,-80.0,0.5816872559549615,0.309830300983035,0.5592956667229873,0,Default series,1,1,2e-06
1804,276.0,128.0,-145.30700000000002,0.659507009735821,0.4112075238575471,0.47732510768804215,0,Default series,1,1,2e-06
1805,15.988764000000002,29.946783,-169.269,0.3331520038361926,0.2881353108839795,0.44724902800905897,0,Default series,1,1,2e-06
1809,-0.003235,1.3663530000000002,-178.00099999999998,0.3130795292451643,0.25226237498799414,0.43628899429914825,0,Default series,1,1,2e-06
1810,17.992867999999998,67.966217,-165.62400000000002,0.3356674696399221,0.3358556817350704,0.4518240764369821,0,Default series,1,1,2e-06
1811,10.881762,131.999985,-160.0,0.32674191289750937,0.4162281343063718,0.4588830811992975,0,Default series,1,1,2e-06
1812,16.76491,198.0,-146.0,0.33412618916874093,0.4990685361907756,0.4764552836659432,0,Default series,1,1,2e-06
1813,103.944069,63.7351,-99.645,0.4435497486558765,0.33054496426478,0.5346381011903262,0,Default series,1,1,2e-06
1816,67.931206,53.674168,-128.969,0.3983479400816212,0.31791691182855464,0.4978318679666177,0,Default series,1,1,2e-06
1817,142.788147,135.76741,-102.01700000000001,0.49230517745917496,0.4209568453690792,0.5316608680295487,0,Default series,1,1,2e-06
1819,189.998764,72.912132,-126.0,0.5515619289234082,0.34206358314670043,0.5015584300468656,0,Default series,1,1,2e-06
1820,121.93686699999999,49.522026000000004,-144.02200000000002,0.4661335407556949,0.31270532040753585,0.47893798484301636,0,Default series,1,1,2e-06
1821,139.96899399999998,157.71196,-150.02100000000002,0.4887666969377141,0.4485007079147527,0.4714082960860587,0,Default series,1,1,2e-06
1822,53.939949,16.659060999999998,-124.021,0.3807867114554159,0.2714571293622293,0.5040423863812579,0,Default series,1,1,2e-06
1823,21.99045,93.95476500000001,-145.10299999999998,0.3406850639457092,0.3684753979686519,0.4775811597811276,0,Default series,1,1,2e-06
1824,278.0,176.0,-102.85,0.6620173243739133,0.47145507517176094,0.5306153219827834,0,Default series,1,1,2e-06
1825,281.43597400000004,324.0,-158.0,0.6663300122880655,0.657218358390587,0.4613933958373897,0,Default series,1,1,2e-06
1826,33.971396999999996,27.864521000000003,-168.97099999999998,0.35572303726186283,0.28552174449450785,0.44762306489013476,0,Default series,1,1,2e-06
1827,112.579948,23.693731,-152.023,0.45438913538912323,0.2802867468998035,0.4688954711333284,0,Default series,1,1,2e-06
1828,67.998947,371.994995,-139.136,0.39843296569357073,0.717459627642419,0.4850706835038758,0,Default series,1,1,2e-06
1829,224.0,70.0,-113.022,0.5942388291454227,0.33840839935287204,0.5178478617334462,0,Default series,1,1,2e-06
1830,121.952873,25.77681,-166.17700000000002,0.46615363080374356,0.28290133875280477,0.45112997443954955,0,Default series,1,1,2e-06
1832,222.0,32.0,-78.333,0.5917285145073304,0.2907124212291194,0.5613880139738371,0,Default series,1,1,2e-06
1835,230.58784500000002,18.0,-126.0,0.6025076110139141,0.2731402187624737,0.5015584300468656,0,Default series,1,1,2e-06
1836,123.944923,49.739151,-157.44899999999998,0.4686539669411494,0.3129778464404337,0.4620849875201842,0,Default series,1,1,2e-06
1837,5.9950470000000005,27.976540000000004,-168.697,0.3206083167991669,0.28566234596223006,0.44796697799555335,0,Default series,1,1,2e-06
1838,276.0,158.763184,-138.0,0.659507009735821,0.44982015941230963,0.4864965422183122,0,Default series,1,1,2e-06
1840,262.0,64.0,-132.91,0.6419348072691753,0.33087745543859526,0.4928852929722569,0,Default series,1,1,2e-06
1841,268.0,200.0,-117.531,0.6494657511834521,0.5015788508288679,0.5121883573818672,0,Default series,1,1,2e-06
1842,17.990438,75.954712,-127.93799999999999,0.33566441960763693,0.3458824997024838,0.49912593516255427,0,Default series,1,1,2e-06
1843,141.94880700000002,131.757523,-105.008,0.4912516737150068,0.4159238063524812,0.5279066924882818,0,Default series,1,1,2e-06
1844,26.0,224.0,-133.791,0.3457176799742906,0.5317026264859748,0.4917794993741773,0,Default series,1,1,2e-06
1845,109.536552,19.670593,-142.024,0.45056919462496753,0.27523707579357093,0.4814457891664706,0,Default series,1,1,2e-06
1846,178.633286,113.93308300000001,-124.005,0.5372964660272506,0.3935513300285828,0.5040624688983626,0,Default series,1,1,2e-06
1847,259.38363599999997,60.0,-156.0,0.6386508588452865,0.3258568261624108,0.46390371047548196,0,Default series,1,1,2e-06
1849,237.055511,180.148911,-118.235,0.6106255493309598,0.4766626111794819,0.5113047266292587,0,Default series,1,1,2e-06
1850,274.335266,170.0,-148.0,0.657417506671456,0.4639241312574842,0.47394496902785094,0,Default series,1,1,2e-06
1851,83.96513399999999,267.83486899999997,-136.582,0.41847304216387976,0.5867222831407527,0.4882763552967196,0,Default series,1,1,2e-06
1852,238.0,47.365707,-80.0,0.6118110316120684,0.3099988008324876,0.5592956667229873,0,Default series,1,1,2e-06
1854,167.96537800000002,151.142044,-136.012,0.5239065632221399,0.4402544297618345,0.48899179496857587,0,Default series,1,1,2e-06
1855,276.0,210.0,-154.899,0.659507009735821,0.5141304240193291,0.4652856386837517,0,Default series,1,1,2e-06
1856,104.779312,7.670036,-150.024,0.44459811002050853,0.26017448884239075,0.4714045306141016,0,Default series,1,1,2e-06
1857,191.983597,207.922363,-148.938,0.5540532065904424,0.511522662732458,0.4727676314625857,0,Default series,1,1,2e-06
1858,282.0,300.0,-146.761,0.6670379536500978,0.6270945827334801,0.4755001089461491,0,Default series,1,1,2e-06
1859,169.990982,85.957275,-97.1414,0.5264490149082289,0.35843728986115375,0.53778051305429,0,Default series,1,1,2e-06
1860,63.065231000000004,41.716865999999996,-160.02100000000002,0.3922403759460758,0.3029086167072098,0.4588567228955975,0,Default series,1,1,2e-06
1861,23.977272,0.25249,-174.00799999999998,0.3431788381206511,0.25086430169112944,0.4413008374740994,0,Default series,1,1,2e-06
1863,202.0,28.558569,-98.0,0.566625368126408,0.2863928839214772,0.536702834980157,0,Default series,1,1,2e-06
1867,49.950188,17.764060999999998,-165.605,0.37577893373502114,0.2728440781997753,0.451847924426044,0,Default series,1,1,2e-06
1868,39.234367,141.922089,-136.006,0.36232889257728307,0.4286819357623086,0.4889993259124901,0,Default series,1,1,2e-06
1869,149.968185,73.849289,-112.557,0.5013172547059043,0.34323986261434575,0.5184315098868026,0,Default series,1,1,2e-06
1870,225.38653599999998,8.0,-146.0,0.5959791499539436,0.26058864557201245,0.4764552836659432,0,Default series,1,1,2e-06
1871,246.0,4.0,-156.952,0.6218522901644373,0.255568016295828,0.46270880070775006,0,Default series,1,1,2e-06
1874,185.994217,97.972595,-135.966,0.546535592446894,0.37351840669983494,0.48904953220525194,0,Default series,1,1,2e-06
1875,2.0,62.519969999999994,-92.0,0.31559390431718365,0.3290197849516875,0.5442337788944338,0,Default series,1,1,2e-06
1877,177.998871,23.617279,-158.0,0.5365001753966879,0.28019078761244776,0.4613933958373897,0,Default series,1,1,2e-06
1878,119.094131,49.746596999999994,-108.01899999999999,0.462565459859179,0.31298719234183137,0.524127413800634,0,Default series,1,1,2e-06
1879,91.9328,13.449223000000002,-114.024,0.4284737164594947,0.2674282777035769,0.5165901940997619,0,Default series,1,1,2e-06
1881,276.0,190.0,-158.173,0.659507009735821,0.48902727763840664,0.46117625362119474,0,Default series,1,1,2e-06
1882,169.225952,75.940216,-156.004,0.5254887819044392,0.34586430494198694,0.4638986898462058,0,Default series,1,1,2e-06
1883,282.0,32.0,-153.804,0.6670379536500978,0.2907124212291194,0.46666003594810723,0,Default series,1,1,2e-06
1884,69.251343,75.702087,-120.022,0.40000491969931484,0.3455654155847598,0.5090617605001233,0,Default series,1,1,2e-06
1885,49.9431,15.730478,-154.775,0.3757700371799438,0.2702916116134375,0.4654412781913135,0,Default series,1,1,2e-06
1886,258.0,68.0,-159.119,0.6369141779929908,0.3358980847147798,0.4599888747973771,0,Default series,1,1,2e-06
1887,268.0,184.0,-160.789,0.6494657511834521,0.4814963337241299,0.4578927620745701,0,Default series,1,1,2e-06
1889,296.0,150.0,-150.172,0.6846101561167435,0.4388209848765618,0.47121876733088275,0,Default series,1,1,2e-06
1892,109.30709099999999,15.731047,-112.02,0.45028118497138186,0.27029232579795204,0.5191055293671304,0,Default series,1,1,2e-06
1893,175.974213,152.918015,-134.009,0.5339589110894226,0.4424835527608981,0.49150587507862525,0,Default series,1,1,2e-06
1894,238.0,228.546661,-152.0,0.6118110316120684,0.5374094013173464,0.4689243397516665,0,Default series,1,1,2e-06
1896,21.988054,57.943419999999996,-165.298,0.34068205658877276,0.32327549472320694,0.4522332577229911,0,Default series,1,1,2e-06
1897,73.938583,25.709103,-169.297,0.4058881432914406,0.2828163558162041,0.4472138836041257,0,Default series,1,1,2e-06
1898,112.380898,89.674988,-156.024,0.45413929632476707,0.36310360454321666,0.46387358669982487,0,Default series,1,1,2e-06
1899,298.0,68.0,-151.681,0.6871204707548357,0.3358980847147798,0.46932473493644217,0,Default series,1,1,2e-06
1900,258.0,376.0,-154.498,0.6369141779929908,0.7224865389809854,0.46578895676868926,0,Default series,1,1,2e-06
1901,73.995491,359.978668,-140.34,0.4059595717841529,0.7023772468603176,0.4835594740917442,0,Default series,1,1,2e-06
1905,97.741936,-0.356439,-142.026,0.435765096027229,0.2501,0.48144327885183247,0,Default series,1,1,2e-06
1906,247.544846,36.0,-102.0,0.6237913149281366,0.29573305050530385,0.5316822057039725,0,Default series,1,1,2e-06
1907,45.977623,129.637558,-154.00799999999998,0.3707927396998847,0.41326291676660964,0.46640398385502185,0,Default series,1,1,2e-06
1908,276.0,62.000004000000004,-154.857,0.659507009735821,0.32836714582113236,0.4653383552911517,0,Default series,1,1,2e-06
1909,266.0,48.0,-133.963,0.6469554365453598,0.31079493833385735,0.4915636123153014,0,Default series,1,1,2e-06
1910,127.92734499999999,142.666092,-118.02600000000001,0.4736525330619797,0.42961577657315086,0.5115670545089394,0,Default series,1,1,2e-06
1911,66.889053,71.697159,-126.022,0.39703987411610536,0.340538600893307,0.5015308165858466,0,Default series,1,1,2e-06
1912,278.0,160.0,-133.629,0.6620173243739133,0.451372558067023,0.49198283485986277,0,Default series,1,1,2e-06
1914,99.94281,57.729076,-100.65299999999999,0.43852753913662734,0.3230064592828133,0.5333729026127276,0,Default series,1,1,2e-06
1915,254.0,84.0,-105.587,0.6318935487168064,0.35598060181951774,0.5271799564005542,0,Default series,1,1,2e-06
1916,179.924622,397.64300499999996,-103.76,0.5389172958589983,0.7496519151128871,0.5294731288224513,0,Default series,1,1,2e-06
1917,133.936264,127.698158,-114.603,0.481194671724385,0.4108286646620516,0.5158634580120343,0,Default series,1,1,2e-06
1918,264.0,201.999985,-157.499,0.6444451219072675,0.5040891466396004,0.46202222965423184,0,Default series,1,1,2e-06
1921,161.98027,97.906532,-100.95200000000001,0.5163943111106584,0.3734354872418668,0.5329976105743328,0,Default series,1,1,2e-06
1922,225.999985,8.607794,-122.0,0.5967491249561552,0.26135152265958483,0.5065790593230501,0,Default series,1,1,2e-06
1923,14.0,153.276382,-162.0,0.33065579214573715,0.4429333597238528,0.45637276656120523,0,Default series,1,1,2e-06
1925,188.677887,37.999886,-152.0,0.5499040204892985,0.2982432220554617,0.4689243397516665,0,Default series,1,1,2e-06
1926,105.94533500000001,241.72625699999998,-103.70700000000001,0.44606165232313466,0.5539518676988173,0.5295396521603608,0,Default series,1,1,2e-06
1927,145.962372,69.539963,-118.01299999999999,0.4962893292002241,0.33783098054529004,0.511583371554087,0,Default series,1,1,2e-06
1928,107.29288500000001,39.705482,-164.02200000000002,0.4477530395684153,0.30038401335819753,0.45383483846209394,0,Default series,1,1,2e-06
1929,211.99912999999998,120.677071,-131.989,0.5791758493300017,0.402016095926342,0.4940412928630984,0,Default series,1,1,2e-06
1930,-3e-06,54.286304,-96.0,0.31308358591361946,0.3186852388092063,0.5392131496182493,0,Default series,1,1,2e-06
1931,276.0,128.849243,-142.0,0.659507009735821,0.4122734574246458,0.48147591294212766,0,Default series,1,1,2e-06
1932,-0.000891,55.99578100000001,-115.89200000000001,0.31308247133392014,0.32083090137749726,0.5142455602277838,0,Default series,1,1,2e-06
1933,63.967381,49.712051,-118.021,0.39337271612145325,0.3129438316770876,0.5115733302955346,0,Default series,1,1,2e-06
1934,68.798149,71.71240999999999,-116.021,0.399436089933267,0.3405577432975798,0.5140836449336269,0,Default series,1,1,2e-06
1935,262.0,42.0,-152.829,0.6419348072691753,0.30326399441958063,0.4678838143341772,0,Default series,1,1,2e-06
1936,93.118889,87.627808,-126.02799999999999,0.4299624447488848,0.3605340715828118,0.5015232856419324,0,Default series,1,1,2e-06
1937,101.931625,91.67617,-159.487,0.44102381484010605,0.36561540277726,0.45952697690396815,0,Default series,1,1,2e-06
1938,246.0,71.798218,-156.0,0.6218522901644373,0.3406654458368125,0.46390371047548196,0,Default series,1,1,2e-06
1941,222.0,10.0,-125.24799999999999,0.5917285145073304,0.2630989602101047,0.5025023083507884,0,Default series,1,1,2e-06
1942,95.924706,1.643425,-132.109,0.43348418649233883,0.2526101439366969,0.49389067398481284,0,Default series,1,1,2e-06
1943,276.0,74.0,-156.355,0.659507009735821,0.34342902862905655,0.4634581296272206,0,Default series,1,1,2e-06
1944,294.0,138.535629,-152.0,0.6820998414786512,0.42443139570765165,0.4689243397516665,0,Default series,1,1,2e-06
1945,93.939255,13.134275,-108.021,0.4309921331380814,0.267032968416258,0.5241249034859958,0,Default series,1,1,2e-06
1947,40.476913,9.764545,-150.017,0.3638884832834345,0.2628034271435487,0.47141331671533493,0,Default series,1,1,2e-06
1948,60.558673999999996,81.73209399999999,-138.02,0.3890942525819195,0.3531340230047091,0.48647143907193124,0,Default series,1,1,2e-06
1949,133.966751,1.8425150000000001,-160.631,0.48123293770557074,0.25286003320734574,0.4580910769309794,0,Default series,1,1,2e-06
1950,103.92004399999999,127.70533,-136.028,0.4435195935012864,0.41083766665034377,0.48897171245147114,0,Default series,1,1,2e-06
1951,9.993814,61.502768999999994,-142.002,0.325627398466377,0.3277430376715964,0.48147340262748956,0,Default series,1,1,2e-06
1952,109.99650600000001,139.65557900000002,-110.02600000000001,0.45114650925449207,0.42583710914711737,0.5216083130613084,0,Default series,1,1,2e-06
1953,276.0,86.454803,-152.0,0.659507009735821,0.3590617657717841,0.4689243397516665,0,Default series,1,1,2e-06
1954,263.476135,392.0,-152.0,0.6437875889183254,0.7425690560857232,0.4689243397516665,0,Default series,1,1,2e-06
1955,35.964279,-0.169189,-172.423,0.3582244176901581,0.2503350282079914,0.4432902618247875,0,Default series,1,1,2e-06
1956,165.834488,137.861176,-108.01,0.5212319610425576,0.42358485108834903,0.5241387102165054,0,Default series,1,1,2e-06
1957,28.148588,25.892563,-170.00799999999998,0.34841449592810525,0.2830466269779563,0.4463214667502839,0,Default series,1,1,2e-06
1959,282.58252000000005,368.0,-156.0,0.6677691078915886,0.7124452804286163,0.46390371047548196,0,Default series,1,1,2e-06
1960,242.0,38.7458,-126.0,0.6168316608882529,0.29917946147194074,0.5015584300468656,0,Default series,1,1,2e-06
1961,89.927879,3.6584209999999997,-120.836,0.42595722519223544,0.25513928091394555,0.5080400624424198,0,Default series,1,1,2e-06
1962,103.936966,3.701439,-162.173,0.4435408332734393,0.25519327527149627,0.4561556243450102,0,Default series,1,1,2e-06
1963,232.0,59.516109,-98.0,0.6042800876977916,0.3252494668321403,0.536702834980157,0,Default series,1,1,2e-06
1965,114.51840200000001,153.62304699999999,-122.02799999999999,0.45682220011485747,0.44336847883585984,0.5065439149181168,0,Default series,1,1,2e-06
1966,185.98246799999998,180.134369,-148.006,0.5465208456035525,0.4766443586817483,0.4739374380839367,0,Default series,1,1,2e-06
1967,69.035309,45.659069,-134.025,0.399733763043052,0.30785670165582535,0.4914857925615205,0,Default series,1,1,2e-06
1969,1.474949,41.995556,-174.0,0.31493488271166115,0.30325841650045476,0.4413108787326518,0,Default series,1,1,2e-06
1970,149.94700600000002,159.296524,-148.019,0.5012906717290442,0.4504895850168497,0.47392112103878903,0,Default series,1,1,2e-06
1971,113.93908700000001,83.711502,-104.948,0.45609506865257426,0.35561849144328755,0.5279820019274246,0,Default series,1,1,2e-06
1972,147.961792,93.541115,-156.013,0.4987989158470713,0.36795620214362845,0.46388739343033436,0,Default series,1,1,2e-06
1973,142.76328999999998,236.42572,-113.821,0.4922739780136954,0.5472988598883926,0.5168449910355284,0,Default series,1,1,2e-06
1976,175.99401899999998,71.971703,-160.30700000000002,0.5339837707352836,0.34088319680430723,0.4584977479023503,0,Default series,1,1,2e-06
1977,235.99620099999999,333.982025,-91.2156,0.6092959486313211,0.6697473701282384,0.5452183242954936,0,Default series,1,1,2e-06
1978,34.161941999999996,9.802217,-130.015,0.35596220121322053,0.2628507114300718,0.49651897341089546,0,Default series,1,1,2e-06
1979,185.999374,46.227740999999995,-150.0,0.5465420652931883,0.30857047447876196,0.4714346543897587,0,Default series,1,1,2e-06
1980,7.9981279999999995,88.404976,-124.001,0.3231224985769591,0.36150953968614025,0.5040674895276388,0,Default series,1,1,2e-06
1981,83.941895,47.724773,-102.421,0.41844387356294244,0.31044948515040827,0.5311537844726542,0,Default series,1,1,2e-06
1982,39.981625,127.77364299999999,-116.006,0.36326681892519885,0.41092341021227974,0.5141024722934125,0,Default series,1,1,2e-06
1983,222.0,58.786243000000006,-96.0,0.5917285145073304,0.3243333701803174,0.5392131496182493,0,Default series,1,1,2e-06
1984,5.283572,83.999336,-102.0,0.31971530374559853,0.35597976839505785,0.5316822057039725,0,Default series,1,1,2e-06
1985,170.025757,223.72036699999998,-145.72299999999998,0.5264926630039988,0.531351643079378,0.476802962243319,0,Default series,1,1,2e-06
1987,292.818542,100.0,-114.0,0.6806169258228056,0.3760631189242557,0.5166203178754191,0,Default series,1,1,2e-06
1988,191.832199,179.937897,-144.005,0.5538631782826535,0.4763977554129607,0.4789593225174402,0,Default series,1,1,2e-06
1989,296.0,212.000015,-148.828,0.6846101561167435,0.5166407574847811,0.47290569876768074,0,Default series,1,1,2e-06
1990,103.93325,17.683854999999998,-119.495,0.44353616910884175,0.27274340705184386,0.5097232284072606,0,Default series,1,1,2e-06
1991,105.93531000000002,82.833221,-106.023,0.44604906937101124,0.3545161106179584,0.52663270780945,0,Default series,1,1,2e-06
1992,238.54525800000002,44.0,-86.0,0.6124954161815369,0.3057743090576729,0.5517647228087105,0,Default series,1,1,2e-06
1993,20.276664999999998,192.0,-148.0,0.33853399415968777,0.4915375922764989,0.47394496902785094,0,Default series,1,1,2e-06
1994,193.92215,89.999741,-98.0,0.5564863955767513,0.36351122064804886,0.536702834980157,0,Default series,1,1,2e-06
1995,285.00830099999996,108.0,-100.0,0.6708138446681415,0.3861043774766246,0.5341925203420648,0,Default series,1,1,2e-06
1996,159.92700200000002,279.653381,-114.10600000000001,0.5138171367524952,0.6015563749777872,0.5164872711996001,0,Default series,1,1,2e-06
1998,218.0,57.278709,-98.0,0.5867078852311459,0.3224411778465065,0.536702834980157,0,Default series,1,1,2e-06
1999,257.049957,50.0,-110.0,0.6357217245681324,0.31330525297194955,0.5216409471516036,0,Default series,1,1,2e-06
2000,256.0,82.0,-107.773,0.6344038633548986,0.3534702871814255,0.5244361825011192,0,Default series,1,1,2e-06
2001,33.981789,75.91375,-166.239,0.35573608085672237,0.345831085948381,0.4510521546857687,0,Default series,1,1,2e-06
2003,234.000015,94.978477,-110.0,0.6067904211632437,0.3697603175780473,0.5216409471516036,0,Default series,1,1,2e-06
2005,230.0,104.0,-132.619,0.6017697730596994,0.38108374820044016,0.4932505437520993,0,Default series,1,1,2e-06
2006,117.948158,54.710052000000005,-104.01799999999999,0.4611270834607998,0.3192171092128374,0.5291492982341375,0,Default series,1,1,2e-06
2007,19.981022,1.9101150000000002,-173.247,0.338162915684413,0.2529448818421133,0.4422560121938935,0,Default series,1,1,2e-06
2008,254.0,72.0,-147.717,0.6318935487168064,0.3409187139909643,0.47430017854914097,0,Default series,1,1,2e-06
2009,41.950253000000004,8.00693,-156.017,0.3657377567678779,0.2605973438122335,0.4638823728010582,0,Default series,1,1,2e-06
2010,61.937878000000005,43.705757,-154.005,0.3908253705769772,0.3054049878026448,0.466407749326979,0,Default series,1,1,2e-06
2011,95.927879,14.038115,-122.025,0.43348816910651217,0.26816742980750463,0.5065476803900739,0,Default series,1,1,2e-06
2013,71.960167,164.75293,-156.014,0.4034049199689226,0.4573382329434369,0.4638861382730153,0,Default series,1,1,2e-06
2014,47.94677,14.923656,-122.01899999999999,0.37326432896921247,0.26927892307497003,0.5065552113339883,0,Default series,1,1,2e-06
2015,145.927643,369.657288,-96.98700000000001,0.49624573884169093,0.7145254375915836,0.5379743093443508,0,Default series,1,1,2e-06
2016,215.994598,241.97439599999998,-134.90200000000002,0.5841907902332162,0.5542633211808081,0.490385019592717,0,Default series,1,1,2e-06
2017,105.934059,7.3973759999999995,-156.023,0.4460474991692051,0.2598322576477796,0.4638748418571439,0,Default series,1,1,2e-06
2018,244.453583,24.0,-96.0,0.61991129354859,0.2806711626767504,0.5392131496182493,0,Default series,1,1,2e-06
2019,197.999298,109.996674,-151.148,0.5616038577297856,0.38861051746147374,0.46999373378749376,0,Default series,1,1,2e-06
2020,258.0,36.0,-153.019,0.6369141779929908,0.29573305050530385,0.46764533444355844,0,Default series,1,1,2e-06
2021,211.99942000000001,171.163361,-144.0,0.5791762133256242,0.46538433233132703,0.4789655983040354,0,Default series,1,1,2e-06
2023,109.94324499999999,38.183735,-168.02,0.4510796583205223,0.2984739814734111,0.4488167195005476,0,Default series,1,1,2e-06
2024,190.658783,47.999439,-134.0,0.5523903566019677,0.31079423419060137,0.49151717149449664,0,Default series,1,1,2e-06
2026,0.170586,61.999607,-172.0,0.3132977019455182,0.32836664752367667,0.443821193370744,0,Default series,1,1,2e-06
2027,137.946609,111.563957,-154.019,0.486228285603035,0.3905777041899403,0.4663901771245123,0,Default series,1,1,2e-06
2028,117.95221699999999,57.760521,-102.01799999999999,0.4611321781443578,0.3230459277047107,0.5316596128722297,0,Default series,1,1,2e-06
2029,241.87371800000003,42.0,-82.0,0.6166731571116891,0.30326399441958063,0.556785352084895,0,Default series,1,1,2e-06
2032,216.0,24.0,-84.8369,0.5841975705930538,0.2806711626767504,0.553224596286493,0,Default series,1,1,2e-06
2033,206.0,70.0,-107.21799999999999,0.5716459974025925,0.33840839935287204,0.5251327948131899,0,Default series,1,1,2e-06
2034,186.289703,2.0,-158.0,0.5469064738624697,0.2530577016577358,0.4613933958373897,0,Default series,1,1,2e-06
2035,202.0,30.0,-123.164,0.566625368126408,0.2882021065910272,0.5051180562036804,0,Default series,1,1,2e-06
2037,288.733154,62.000004000000004,-152.0,0.6754891211734624,0.32836714582113236,0.4689243397516665,0,Default series,1,1,2e-06
2038,288.0,58.0,-152.043,0.6745688975643744,0.3233465115243186,0.4688703679869475,0,Default series,1,1,2e-06
2039,99.266899,253.61009199999998,-104.14200000000001,0.4376791644979535,0.5688679501774038,0.5289936587265758,0,Default series,1,1,2e-06
2040,73.939247,125.01023899999998,-126.021,0.4058889767159004,0.4074549034561984,0.5015320717431656,0,Default series,1,1,2e-06
2042,278.0,197.616821,-114.0,0.6620173243739133,0.49858758626442085,0.5166203178754191,0,Default series,1,1,2e-06
2043,294.0,86.803612,-134.0,0.6820998414786512,0.3594995759410833,0.49151717149449664,0,Default series,1,1,2e-06
2044,109.63105,19.712822,-116.021,0.45068780448130275,0.2752900798319969,0.5140836449336269,0,Default series,1,1,2e-06
2045,103.93180100000001,121.676994,-157.452,0.44353435038588646,0.40327115659827456,0.462081222048227,0,Default series,1,1,2e-06
2046,51.946197999999995,15.745178,-163.398,0.3782842402954104,0.2703100624260275,0.45461805662917876,0,Default series,1,1,2e-06
2047,120.10269199999999,299.07748399999997,-131.899,0.4638313625800335,0.6259366800241428,0.49415425702181254,0,Default series,1,1,2e-06
2048,228.0,212.000015,-149.028,0.5992594584216072,0.5166407574847811,0.4726546673038715,0,Default series,1,1,2e-06
2049,137.95928999999998,63.807143999999994,-109.906,0.4862442022529978,0.3306353908186733,0.5217589319395939,0,Default series,1,1,2e-06
2050,274.372253,162.0,-148.0,0.6574639311752157,0.45388287270511524,0.47394496902785094,0,Default series,1,1,2e-06
2051,254.0,136.0,-149.977,0.6318935487168064,0.42124878240991603,0.47146352300809674,0,Default series,1,1,2e-06
2052,246.0,68.0,-128.403,0.6218522901644373,0.3358980847147798,0.4985422870091978,0,Default series,1,1,2e-06
2053,254.0,182.0,-156.814,0.6318935487168064,0.47898601908603766,0.46288201241777843,0,Default series,1,1,2e-06
2056,212.12322999999998,98.0,-126.0,0.5793316143532953,0.37355280428616344,0.5015584300468656,0,Default series,1,1,2e-06
2057,48.432453,111.873314,-160.009,0.37387393754139875,0.39096599589268843,0.45887178478342605,0,Default series,1,1,2e-06
2058,57.938175,21.707179999999997,-157.187,0.38580511408251644,0.2777933128724951,0.4624138387377742,0,Default series,1,1,2e-06
2059,26.0,382.0,-136.482,0.3457176799742906,0.730017482895262,0.48840187102862415,0,Default series,1,1,2e-06
2060,290.0,85.50116,-150.0,0.6770792122024667,0.357864793780577,0.4714346543897587,0,Default series,1,1,2e-06
2061,209.45060700000002,38.0,-116.0,0.5759770520337943,0.2982433651433961,0.5141100032373268,0,Default series,1,1,2e-06
2062,266.0,94.0,-102.914,0.6469554365453598,0.3685321750099789,0.5305349919143644,0,Default series,1,1,2e-06
2063,177.931656,349.373199,-126.024,0.5364158099974882,0.6890657148230507,0.5015283062712085,0,Default series,1,1,2e-06
2064,199.099228,24.0,-126.0,0.5629844429197239,0.2806711626767504,0.5015584300468656,0,Default series,1,1,2e-06
2065,200.0,84.509674,-138.0,0.5641150534883158,0.35662032287094525,0.4864965422183122,0,Default series,1,1,2e-06
2066,170.30838,201.830902,-148.19299999999998,0.5268473993309796,0.5038769208746241,0.47370272366527505,0,Default series,1,1,2e-06
2067,256.0,12.0,-156.412,0.6344038633548986,0.26560927484819696,0.46338658566003493,0,Default series,1,1,2e-06
2068,282.0,193.20103500000002,-130.0,0.6670379536500978,0.49304508014717946,0.4965378007706811,0,Default series,1,1,2e-06
2070,75.93804899999999,29.706568,-168.882,0.4083977876755244,0.2878338032685848,0.4477347738915298,0,Default series,1,1,2e-06
2071,260.0,22.0,-157.528,0.639424492631083,0.27816084803865815,0.4619858300919795,0,Default series,1,1,2e-06
2072,153.308334,13.936587,-166.005,0.5055096671699588,0.26803999619521657,0.45134586149842554,0,Default series,1,1,2e-06
2073,180.65991200000002,63.977858999999995,-138.002,0.5398402004841197,0.33084966500039426,0.4864940319036741,0,Default series,1,1,2e-06
2075,137.966446,27.841096999999998,-161.483,0.48625318415877294,0.2854923436894665,0.45702168289515205,0,Default series,1,1,2e-06
2080,33.999992,233.999969,-156.68,0.35575892848540097,0.5442541607665591,0.4630502034985306,0,Default series,1,1,2e-06
2081,125.212769,127.68261000000001,-152.024,0.47024531312747275,0.41080914947605507,0.46889421597600933,0,Default series,1,1,2e-06
2082,147.981628,7.9129570000000005,-162.994,0.4988238131476519,0.26047939291349076,0.4551251401860734,0,Default series,1,1,2e-06
2083,171.987396,72.979912,-136.004,0.5289548285521751,0.3421486577097854,0.48900183622712823,0,Default series,1,1,2e-06
2084,250.0,44.0,-111.455,0.6268729194406218,0.3057743090576729,0.5198146932523915,0,Default series,1,1,2e-06
2085,195.999969,83.99985500000001,-158.96200000000002,0.5590943853022544,0.3559804198217065,0.46018593449646733,0,Default series,1,1,2e-06
2086,103.927399,88.72653199999999,-114.02600000000001,0.443528825183368,0.36191314305302347,0.5165876837851239,0,Default series,1,1,2e-06
2087,252.0,360.0,-154.049,0.6293832340787141,0.7024040218762474,0.46635252240494096,0,Default series,1,1,2e-06
2090,173.967102,198.352051,-150.012,0.5314396710276347,0.4995104155801031,0.47141959250193016,0,Default series,1,1,2e-06
2091,41.986034000000004,165.964691,-122.005,0.3657826675519107,0.4588591836315215,0.5065727835364549,0,Default series,1,1,2e-06
2092,67.946945,108.885704,-152.019,0.39836769500266567,0.38721607533473307,0.46890049176260457,0,Default series,1,1,2e-06
2093,202.0,83.614151,-152.0,0.566625368126408,0.3554963006231211,0.4689243397516665,0,Default series,1,1,2e-06
2094,81.537094,83.687836,-112.023,0.415425469986943,0.35558878689017503,0.5191017638951733,0,Default series,1,1,2e-06
2098,13.989614000000001,23.950808,-170.55200000000002,0.3306427560818215,0.2806094189779119,0.44563866116872275,0,Default series,1,1,2e-06
2100,185.334229,57.993252000000005,-120.001,0.5457072036782113,0.3233380417227296,0.5090881188038233,0,Default series,1,1,2e-06
2101,171.998627,5.9935160000000005,-164.889,0.5289689252240253,0.25807019249386354,0.45274661706648095,0,Default series,1,1,2e-06
2102,149.95996100000002,108.67849,-110.014,0.5013069322921124,0.38695598916602425,0.5216233749491369,0,Default series,1,1,2e-06
2103,191.091827,189.93158,-148.005,0.5529338949480367,0.4889413997746375,0.4739386932412557,0,Default series,1,1,2e-06
2104,97.762039,3.6819830000000002,-162.024,0.4357903284548138,0.2551688549306969,0.45634264278554815,0,Default series,1,1,2e-06
2105,189.993774,120.93383,-124.00200000000001,0.5515556656883862,0.402338368864423,0.5040662343703197,0,Default series,1,1,2e-06
2106,232.0,32.0,-120.51100000000001,0.6042800876977916,0.2907124212291194,0.5084479885711097,0,Default series,1,1,2e-06
2107,234.000015,63.005474,-114.0,0.6067904211632437,0.3296291688507136,0.5166203178754191,0,Default series,1,1,2e-06
2108,185.998123,65.991112,-147.832,0.5465404950913823,0.33337661423843584,0.4741558354574507,0,Default series,1,1,2e-06
2109,105.967262,365.28537,-138.012,0.4460891741576694,0.7090379927156142,0.4864814803304836,0,Default series,1,1,2e-06
2110,206.0,3.120715,-142.0,0.5716459974025925,0.2544643752925505,0.48147591294212766,0,Default series,1,1,2e-06
2111,238.0,82.0,-108.035,0.6118110316120684,0.3534702871814255,0.5241073312835292,0,Default series,1,1,2e-06
2112,43.946391999999996,14.819826,-144.019,0.36824322524356135,0.26914860009053354,0.47894175031497355,0,Default series,1,1,2e-06
2114,245.99871800000003,387.993958,-153.561,0.6218506810527544,0.7375408431490171,0.46696503917663545,0,Default series,1,1,2e-06
2116,235.99491899999998,383.975891,-153.394,0.6092943395196381,0.7324975369455494,0.46717465044891615,0,Default series,1,1,2e-06
2117,79.93938399999999,63.71291,-106.04799999999999,0.41342009258672985,0.3305171123238704,0.5266013288764738,0,Default series,1,1,2e-06
2118,29.999756,225.29058799999999,-132.0,0.35073800299208924,0.5333225174600479,0.4940274861325889,0,Default series,1,1,2e-06
2119,97.945572,15.7422,-103.089,0.4360206912430503,0.27030632456753134,0.5303153393835314,0,Default series,1,1,2e-06
2120,218.288086,52.0,-114.0,0.5870694784825606,0.3158155676100418,0.5166203178754191,0,Default series,1,1,2e-06
2122,204.0,24.0,-104.243,0.5691356827645002,0.2806711626767504,0.5288668878373521,0,Default series,1,1,2e-06
2124,157.991165,-0.041772000000000004,-161.314,0.5113873567734649,0.25049495658811227,0.4572338044820709,0,Default series,1,1,2e-06
2125,181.972702,209.870712,-148.189,0.5414879584609903,0.5139681472398643,0.4737077442945512,0,Default series,1,1,2e-06
2126,25.980055,33.905533,-167.372,0.3456926458615622,0.2931041649207533,0.44963006144328943,0,Default series,1,1,2e-06
2127,8.0,162.0,-162.736,0.32312484823146037,0.45388287270511524,0.4554489707743873,0,Default series,1,1,2e-06
2128,234.348846,134.038849,-129.466,0.6072282589460039,0.4187872293785114,0.4972080547790517,0,Default series,1,1,2e-06
2129,165.963943,148.48877,-120.01299999999999,0.5213944474332948,0.4369241534812997,0.5090730569159948,0,Default series,1,1,2e-06
2130,191.479385,47.999752,-138.0,0.5534203412082916,0.31079462705484223,0.4864965422183122,0,Default series,1,1,2e-06
2131,145.980209,1.906255,-161.55,0.49631171744132396,0.2529400369348618,0.45693758735477596,0,Default series,1,1,2e-06
2132,113.89439399999999,222.235275,-133.967,0.4560389719065141,0.5294876189861211,0.49155859168602517,0,Default series,1,1,2e-06
2133,199.998901,143.99473600000002,-96.8099,0.5641136740704221,0.4312834338141576,0.5381965977055538,0,Default series,1,1,2e-06
2136,57.948029000000005,47.753853,-162.584,0.38581748240273833,0.31048598512524606,0.4556397546868823,0,Default series,1,1,2e-06
2137,83.937782,62.178233999999996,-106.022,0.4184387111008892,0.3285908525101059,0.526633962966769,0,Default series,1,1,2e-06
2138,17.984423,11.926217,-171.86,0.3356568698363628,0.2655166655757258,0.4439969153954105,0,Default series,1,1,2e-06
2139,222.0,9.3285,-136.0,0.5917285145073304,0.2622561220703652,0.4890068568564044,0,Default series,1,1,2e-06
2140,294.0,28.0,-154.662,0.6820998414786512,0.2856917919529349,0.4655831109683657,0,Default series,1,1,2e-06
2141,159.990555,12.877966,-160.003,0.5138969057655925,0.26671126029897063,0.45887931572734036,0,Default series,1,1,2e-06
2142,3.999718,100.637886,-142.0,0.3181038650009119,0.3768637662058727,0.48147591294212766,0,Default series,1,1,2e-06
2143,266.0,60.0,-144.96,0.6469554365453598,0.3258568261624108,0.47776064727775114,0,Default series,1,1,2e-06
2144,218.428192,54.0,-106.0,0.587245333553903,0.3183258822481341,0.5266615764277881,0,Default series,1,1,2e-06
2145,222.0,61.513344,-126.0,0.5917285145073304,0.3277563109602453,0.5015584300468656,0,Default series,1,1,2e-06
2146,249.999435,391.997345,-153.115,0.6268722102767366,0.7425657236430412,0.46752483934093003,0,Default series,1,1,2e-06
2147,232.44415299999997,16.0,-110.0,0.6048375695865179,0.2706299041243815,0.5216409471516036,0,Default series,1,1,2e-06
2149,196.328247,28.0,-134.0,0.5595064258366362,0.2856917919529349,0.49151717149449664,0,Default series,1,1,2e-06
2151,230.280563,139.387543,-107.49700000000001,0.602121923762603,0.4255006817999495,0.524782605921176,0,Default series,1,1,2e-06
2152,203.07254,44.0,-96.0,0.5679715745573778,0.3057743090576729,0.5392131496182493,0,Default series,1,1,2e-06
2153,244.51258900000002,42.0,-96.0,0.6199853553613577,0.30326399441958063,0.5392131496182493,0,Default series,1,1,2e-06
2154,234.18826299999998,167.200699,-103.04299999999999,0.6070267020182395,0.46041056811912107,0.5303730766202075,0,Default series,1,1,2e-06
2156,15.98576,9.932552000000001,-171.955,0.3331482333436061,0.2630143023592497,0.4438776754501011,0,Default series,1,1,2e-06
2158,175.930496,365.67080699999997,-96.51799999999999,0.5339040393769059,0.7095217767871953,0.5385629781269834,0,Default series,1,1,2e-06
2159,179.99993899999998,7.999726,-162.535,0.5390118305427969,0.26058830165890706,0.4557012573955156,0,Default series,1,1,2e-06
2160,288.0,140.0,-149.507,0.6745688975643744,0.42626941168610055,0.4720534469480484,0,Default series,1,1,2e-06
2162,212.0,118.0,-150.173,0.5791769413168693,0.39865595066708587,0.4712175121735637,0,Default series,1,1,2e-06
2164,244.0,229.418396,-152.0,0.6193419755263452,0.538503565882865,0.4689243397516665,0,Default series,1,1,2e-06
2165,95.93987299999999,45.715252,-103.947,0.4335032234633968,0.3079272201594814,0.5292384144037897,0,Default series,1,1,2e-06
2166,61.989773,241.951553,-158.898,0.3908905069660491,0.5542346496221692,0.4602662645648863,0,Default series,1,1,2e-06
2168,37.961353,2.8771459999999998,-170.014,0.36073105973793484,0.25415865787950775,0.4463139358063696,0,Default series,1,1,2e-06
2169,115.95176699999999,67.771561,-96.6243,0.45862129868547197,0.33561135783197427,0.5384295549039688,0,Default series,1,1,2e-06
2170,63.941607999999995,7.723439999999999,-110.179,0.39334036695186947,0.2602415192638571,0.5214162739914943,0,Default series,1,1,2e-06
2171,167.99049399999998,53.954997999999996,-158.95,0.523938087753365,0.31826939765846235,0.4602009963842959,0,Default series,1,1,2e-06
2172,31.971615000000003,9.86556,-173.515,0.3532129962480662,0.2629302168601322,0.44191963003238915,0,Default series,1,1,2e-06
2175,37.974117,61.877410999999995,-165.528,0.36074708056595517,0.3282132723199185,0.45194457153961054,0,Default series,1,1,2e-06
2176,49.967701,125.84699199999999,-136.892,0.37580091530514964,0.4085051601083822,0.4878872565278153,0,Default series,1,1,2e-06
2177,202.0,10.0,-132.806,0.566625368126408,0.2630989602101047,0.4930158293334377,0,Default series,1,1,2e-06
2178,131.944885,89.738945,-155.077,0.4786951777975403,0.3631838806398709,0.46506222068096154,0,Default series,1,1,2e-06
2179,176.286911,53.979862,-158.001,0.5343513962727737,0.31830060589004316,0.4613921406800707,0,Default series,1,1,2e-06
2180,188.920273,45.998898,-128.0,0.5502082530512329,0.3082832405123995,0.49904811540877336,0,Default series,1,1,2e-06
2182,40.622238,83.88245400000001,-162.009,0.3640708890208249,0.3558330630972931,0.45636147014533385,0,Default series,1,1,2e-06
2183,95.957321,151.79788200000002,-84.4197,0.4335251234482995,0.4410776096276431,0.5537482479199991,0,Default series,1,1,2e-06
2184,67.064842,385.998383,-136.0,0.3972605169660631,0.7350360825820617,0.4890068568564044,0,Default series,1,1,2e-06
2185,179.993546,75.011208,-140.002,0.5390038063220562,0.3446982537513345,0.4839837172655818,0,Default series,1,1,2e-06
2187,203.972229,304.606781,-100.01,0.5691008257905931,0.6328768176228727,0.5341799687688743,0,Default series,1,1,2e-06
2188,202.0,3.612018,-144.0,0.566625368126408,0.2550810378488698,0.4789655983040354,0,Default series,1,1,2e-06
2189,141.852692,109.78015900000001,-158.016,0.49113103426928667,0.38833875707454046,0.461373313320285,0,Default series,1,1,2e-06
2190,77.928558,92.06205,-132.025,0.4108961896155016,0.36609974288353353,0.49399610719961273,0,Default series,1,1,2e-06
2192,113.944695,3.738064,-160.939,0.45610210757481945,0.25523924540830634,0.4577044884767132,0,Default series,1,1,2e-06
2194,83.94388599999999,163.286118,-108.02,0.4184463725811647,0.45549715312597217,0.5241261586433149,0,Default series,1,1,2e-06
2195,251.99984700000002,385.99926800000003,-152.786,0.6293830420396443,0.735037193396289,0.4679377860988962,0,Default series,1,1,2e-06
2196,89.96315799999999,85.69079599999999,-162.023,0.4260015058872941,0.35810281679393163,0.45634389794286717,0,Default series,1,1,2e-06
2197,31.984581,88.14044200000001,-162.005,0.3532292706178649,0.3611775078999037,0.45636649077461,0,Default series,1,1,2e-06
2198,127.95071399999999,84.254028,-166.017,0.4736818648333685,0.3562994469229604,0.45133079961059697,0,Default series,1,1,2e-06
2199,71.03474399999999,31.642511,-136.02700000000002,0.40224336851725895,0.29026371629429093,0.4889729676087901,0,Default series,1,1,2e-06
2200,143.93544,160.964111,-136.023,0.4937452106652153,0.45258266904504585,0.4889779882380663,0,Default series,1,1,2e-06
2201,254.0,37.966255,-134.0,0.6318935487168064,0.2982010098596649,0.49151717149449664,0,Default series,1,1,2e-06
2202,186.972534,99.975166,-124.00200000000001,0.5477635341897913,0.3760319483473945,0.5040662343703197,0,Default series,1,1,2e-06
2203,59.940411,65.717766,-139.582,0.3883182352523741,0.33303352200590386,0.4845108833395812,0,Default series,1,1,2e-06
2204,211.99819900000003,201.991425,-150.553,0.5791746807785376,0.5040784024929493,0.4707405523923262,0,Default series,1,1,2e-06
2205,220.0,76.0,-109.031,0.5892181998692382,0.34593934326714876,0.5228571945937592,0,Default series,1,1,2e-06
2206,89.93337199999999,123.77215600000001,-110.023,0.4259641197713889,0.40590091451716187,0.5216120785332655,0,Default series,1,1,2e-06
2207,111.942085,41.725708000000004,-109.071,0.4535885169761245,0.3029197148082248,0.5228069883009974,0,Default series,1,1,2e-06
2208,66.429787,59.68063000000001,-134.024,0.3964634230348163,0.32545596656942705,0.49148704771883955,0,Default series,1,1,2e-06
2210,25.987635,77.86239599999999,-162.004,0.3457021599540405,0.34827694323751096,0.4563677459319291,0,Default series,1,1,2e-06
2211,117.919106,322.19872999999995,-131.967,0.4610906186303669,0.6549574811665086,0.4940689063241174,0,Default series,1,1,2e-06
2212,133.54222099999998,115.697906,-144.02200000000002,0.4807000857689161,0.3957664605338537,0.47893798484301636,0,Default series,1,1,2e-06
2213,77.932281,84.008514,-118.024,0.4109008625662004,0.3559912882289321,0.5115695648235775,0,Default series,1,1,2e-06
2214,282.0,82.682404,-132.0,0.6670379536500978,0.35432681155657186,0.4940274861325889,0,Default series,1,1,2e-06
2215,133.942505,89.993256,-120.02,0.4812025051612132,0.3635030809528348,0.5090642708147615,0,Default series,1,1,2e-06
2216,225.999985,11.657539,-134.0,0.5967491249561552,0.2651794324175591,0.49151717149449664,0,Default series,1,1,2e-06
2217,93.528481,-0.34849,-126.02600000000001,0.43047654714550754,0.2501099772455291,0.5015257959565704,0,Default series,1,1,2e-06
2218,115.94593799999998,49.743935,-106.016,0.45861398237345924,0.31298385111304805,0.5266414939106833,0,Default series,1,1,2e-06
2219,106.030777,15.664102999999999,-132.025,0.4461688954747886,0.27020830054638584,0.49399610719961273,0,Default series,1,1,2e-06
2220,65.938446,11.708463,-112.531,0.3958467127825189,0.2652433500488742,0.5184641439770978,0,Default series,1,1,2e-06
2221,170.425415,71.952957,-160.003,0.526994296667814,0.34085966762520437,0.45887931572734036,0,Default series,1,1,2e-06
2222,193.972672,154.993378,-99.9884,0.5565498086348242,0.44508845982002565,0.5342070801669657,0,Default series,1,1,2e-06
2223,225.881866,179.018051,-124.53200000000001,0.5966008670287868,0.47524320397366543,0.5034010009912253,0,Default series,1,1,2e-06
2224,131.95755,91.79895,-170.607,0.478711074364986,0.36576951099289245,0.44556962751617524,0,Default series,1,1,2e-06
2225,147.786011,67.824791,-124.01299999999999,0.4985782830383721,0.335678169856067,0.5040524276398103,0,Default series,1,1,2e-06
2226,131.956619,63.794525,-105.262,0.4787099058135219,0.33061955198846427,0.527587882529244,0,Default series,1,1,2e-06
2228,293.409973,360.0,-162.0,0.6813592647711664,0.7024040218762474,0.45637276656120523,0,Default series,1,1,2e-06
2229,18.0,188.0,-144.808,0.33567642142192156,0.4865169630003144,0.4779514311902462,0,Default series,1,1,2e-06
2230,104.39316600000001,-0.28839000000000004,-164.021,0.4441134360423882,0.2501854122004038,0.453836093619413,0,Default series,1,1,2e-06
2231,117.930275,88.43982700000001,-118.024,0.4611046374824633,0.36155328317386637,0.5115695648235775,0,Default series,1,1,2e-06
2232,298.0,174.0,-109.921,0.6871204707548357,0.4689447605336687,0.5217401045798082,0,Default series,1,1,2e-06
2233,125.87638899999999,279.028107,-143.99200000000002,0.4710782606275381,0.6007715577402779,0.47897563956258776,0,Default series,1,1,2e-06
2234,83.990845,375.956635,-137.381,0.4185053135137098,0.7224321090838449,0.4872734845988017,0,Default series,1,1,2e-06
2235,268.010834,84.0,-154.0,0.6494793495578466,0.35598060181951774,0.4664140251135742,0,Default series,1,1,2e-06
2236,139.9319,160.27574199999998,-136.024,0.48872013813212145,0.4517186576564914,0.4889767330807473,0,Default series,1,1,2e-06
2237,183.996658,67.984184,-131.159,0.5440283416478175,0.33587823314662174,0.4950830734379067,0,Default series,1,1,2e-06
2238,266.0,77.58359499999999,-130.0,0.6469554365453598,0.34792700412180355,0.4965378007706811,0,Default series,1,1,2e-06
2239,71.938393,85.708206,-153.496,0.4033775901734577,0.35812466908285623,0.46704662440237343,0,Default series,1,1,2e-06
2240,29.975872,31.885725,-167.88400000000001,0.3507080248146811,0.2905689881264854,0.44898742089593785,0,Default series,1,1,2e-06
2243,137.90948500000002,309.533936,-111.118,0.4861816891427228,0.6390611722831974,0.52023768126891,0,Default series,1,1,2e-06
2244,212.88324,18.0,-114.0,0.5802855464673435,0.2731402187624737,0.5166203178754191,0,Default series,1,1,2e-06
2245,262.0,60.0,-156.935,0.6419348072691753,0.3258568261624108,0.4627301383821738,0,Default series,1,1,2e-06
2247,184.809906,59.992329000000005,-152.001,0.5450490958272172,0.32584719785061644,0.4689230845943474,0,Default series,1,1,2e-06
2248,204.0,38.792931,-128.0,0.5691356827645002,0.2992386182915447,0.49904811540877336,0,Default series,1,1,2e-06
2249,254.0,184.0,-163.986,0.6318935487168064,0.4814963337241299,0.45388002412557965,0,Default series,1,1,2e-06
2251,282.0,306.0,-148.69899999999998,0.6670379536500978,0.6346255266477567,0.4730676140618377,0,Default series,1,1,2e-06
2255,25.293484,75.921852,-140.006,0.3448308912458674,0.3458412552329799,0.48397869663630566,0,Default series,1,1,2e-06
2256,33.975567,53.884269999999994,-164.358,0.3557282712678833,0.3181806228916009,0.4534131056028945,0,Default series,1,1,2e-06
2257,108.535629,21.664248999999998,-138.025,0.4493128787957159,0.27773942771363114,0.486465163285336,0,Default series,1,1,2e-06
2258,0.0,58.0,-93.7273,0.31308358967909145,0.3233465115243186,0.5420657456572454,0,Default series,1,1,2e-06
2259,77.93514300000001,25.692818,-167.101,0.41090445482644755,0.2827959155792634,0.44997020907675095,0,Default series,1,1,2e-06
2260,65.016418,65.695297,-130.023,0.39468942258995343,0.3330053198761022,0.4965089321523431,0,Default series,1,1,2e-06
2261,81.028984,33.732407,-102.02,0.4147877120015625,0.2928868645547361,0.5316571025575916,0,Default series,1,1,2e-06
2263,61.953972,122.630508,-120.016,0.3908455710788699,0.4044679666741875,0.5090692914440376,0,Default series,1,1,2e-06
2264,47.97303,124.74996200000001,-114.009,0.37329728940041057,0.4071282148746691,0.5166090214595477,0,Default series,1,1,2e-06
2265,11.995534,61.978855,-165.399,0.328139871975058,0.32834060049899183,0.4521064868337675,0,Default series,1,1,2e-06
2266,252.0,60.72569300000001,-124.0,0.6293832340787141,0.32676768504274134,0.5040687446849579,0,Default series,1,1,2e-06
2267,274.0,128.765198,-140.0,0.6569966950977288,0.41216796772776654,0.4839862275802199,0,Default series,1,1,2e-06
2268,68.881233,319.9599,-132.003,0.39954037342396265,0.6521473973059088,0.49402372066063177,0,Default series,1,1,2e-06
2269,181.997772,59.989449,-157.16,0.5415194252549788,0.3258435829975376,0.46244772798538847,0,Default series,1,1,2e-06
2270,214.0,16.0,-98.6992,0.5816872559549615,0.2706299041243815,0.5358252289826799,0,Default series,1,1,2e-06
2271,292.0,330.0,-169.11599999999999,0.679589526840559,0.6647493023048637,0.44744106707887304,0,Default series,1,1,2e-06
2272,41.948723,12.218781,-148.018,0.36573583637717977,0.2658838794216152,0.4739223761961081,0,Default series,1,1,2e-06
2273,107.926872,133.653656,-111.055,0.44854879299164535,0.41830375156531613,0.5203167561800099,0,Default series,1,1,2e-06
2274,67.94453399999999,57.73729300000001,-108.07799999999999,0.39836466881836946,0.3230167729105039,0.5240533595188103,0,Default series,1,1,2e-06
2275,222.0,48.0,-117.178,0.5917285145073304,0.31079493833385735,0.5126314279154905,0,Default series,1,1,2e-06
2276,45.966118,67.83953100000001,-163.405,0.3707782991149291,0.3356966708749498,0.4546092705279454,0,Default series,1,1,2e-06
2277,260.0,102.0,-101.484,0.639424492631083,0.3785734335623479,0.5323298668806004,0,Default series,1,1,2e-06
2279,110.589096,31.703789,-160.02200000000002,0.4518903029301856,0.29034062982448744,0.45885546773827846,0,Default series,1,1,2e-06
2281,93.93283100000001,-0.318142,-164.188,0.43098407000746386,0.2501480687598475,0.4536264823471323,0,Default series,1,1,2e-06
2282,179.995834,75.98026999999999,-160.017,0.5390066781220022,0.34591457901324396,0.4588617435248737,0,Default series,1,1,2e-06
2283,123.03235600000001,300.980438,-127.885,0.4675085517919795,0.628325186665051,0.4991924585004637,0,Default series,1,1,2e-06
2284,37.960186,1.81142,-113.814,0.36072959496934354,0.25282100409051,0.5168537771367616,0,Default series,1,1,2e-06
2285,272.0,204.0,-155.096,0.6544863804596366,0.5065994801050524,0.4650383726918996,0,Default series,1,1,2e-06
2289,93.924019,125.640121,-139.893,0.4309730095611684,0.40824550445863383,0.48412052941335787,0,Default series,1,1,2e-06
2290,87.949005,230.56016499999998,-116.01799999999999,0.4234734270076654,0.539936665599875,0.514087410405584,0,Default series,1,1,2e-06
2291,198.0,26.0,-127.715,0.5616047388502236,0.28318147731484267,0.4994058352447015,0,Default series,1,1,2e-06
2292,21.987118,53.938984,-164.88299999999998,0.3406808817615221,0.31824929756915515,0.45275414801039526,0,Default series,1,1,2e-06
2293,205.53581200000002,32.0,-110.0,0.5710633684369791,0.2907124212291194,0.5216409471516036,0,Default series,1,1,2e-06
2294,107.919853,128.96402,-126.02799999999999,0.448539983042423,0.4124175206162539,0.5015232856419324,0,Default series,1,1,2e-06
2295,145.689133,77.839584,-106.012,0.4959463712695253,0.3482483105887489,0.5266465145399595,0,Default series,1,1,2e-06
2296,108.24295,343.795013,-98.0152,0.4489455206067348,0.6820642138381501,0.5366837565889075,0,Default series,1,1,2e-06
2297,23.990248,73.953819,-167.505,0.343195125042023,0.3433710642089056,0.44946312551985634,0,Default series,1,1,2e-06
2298,85.943428,41.732048,-100.993,0.4209561123572048,0.3029276725056276,0.532946149124252,0,Default series,1,1,2e-06
2299,45.9711,89.863113,-161.891,0.37078455230869256,0.3633397310138622,0.4565095787089813,0,Default series,1,1,2e-06
2300,65.702087,189.879303,-158.009,0.39555004505374647,0.4888757839154697,0.4613820994215183,0,Default series,1,1,2e-06
2301,232.0,236.0,-136.321,0.6042800876977916,0.5467645143145282,0.4886039513569906,0,Default series,1,1,2e-06
2302,157.985489,29.931313,-157.498,0.511380232500522,0.2881158936002538,0.46202348481155087,0,Default series,1,1,2e-06
2304,125.95257600000001,35.775397999999996,-162.481,0.4711738872982043,0.29545113966113146,0.455769035890744,0,Default series,1,1,2e-06
2305,288.0,83.91372700000001,-132.0,0.6745688975643744,0.3558723156321317,0.4940274861325889,0,Default series,1,1,2e-06
2306,163.991928,17.961786,-155.375,0.5189192583727761,0.2730922541806836,0.4646881837998858,0,Default series,1,1,2e-06
2307,290.0,56.0,-152.136,0.6770792122024667,0.32083619688622633,0.4687536383562762,0,Default series,1,1,2e-06
2308,72.952324,77.69961500000001,-116.022,0.40465023308911546,0.34807262747395934,0.5140823897763078,0,Default series,1,1,2e-06
2309,214.0,7.254173,-140.0,0.5816872559549615,0.2596525153542203,0.4839862275802199,0,Default series,1,1,2e-06
2310,77.93833199999999,89.707924,-158.68,0.410908457523138,0.36314494440467676,0.46053988886043834,0,Default series,1,1,2e-06
2312,197.99986299999998,83.58154300000001,-134.0,0.5616045668936708,0.35545537245326164,0.49151717149449664,0,Default series,1,1,2e-06
2313,278.0,164.72354099999998,-158.0,0.6620173243739133,0.45730134512498744,0.4613933958373897,0,Default series,1,1,2e-06
2314,73.94013199999999,124.218048,-122.021,0.4058900875301278,0.406460579124466,0.5065527010193501,0,Default series,1,1,2e-06
2315,165.965317,147.109589,-142.012,0.5213961720194511,0.4351930643548604,0.48146085105429914,0,Default series,1,1,2e-06
2316,296.0,76.0,-152.303,0.6846101561167435,0.34593934326714876,0.46854402708399545,0,Default series,1,1,2e-06
2318,167.928696,319.662262,-105.689,0.5238605215413626,0.6517738147917824,0.5270519303540114,0,Default series,1,1,2e-06
2319,103.941917,13.099442999999999,-110.02,0.44354704755732594,0.26698924877652097,0.5216158440052227,0,Default series,1,1,2e-06
2320,117.922195,163.631485,-140.433,0.4610944958113254,0.45593064304377917,0.48344274446107294,0,Default series,1,1,2e-06
2321,141.964874,53.833622,-159.709,0.4912718403276519,0.3181170516837058,0.4592483319791399,0,Default series,1,1,2e-06
2323,75.935249,87.693329,-152.945,0.4083942732350311,0.36061631074551304,0.46773821608516786,0,Default series,1,1,2e-06
2327,152.983582,91.839104,-114.012,0.5051020523202839,0.3658199105798815,0.5166052559875906,0,Default series,1,1,2e-06
2328,284.0,87.19354200000001,-120.0,0.66954826828819,0.3599889994344989,0.5090893739611424,0,Default series,1,1,2e-06
2329,264.0,208.0,-156.29399999999998,0.6444451219072675,0.5116201093812368,0.46353469422368243,0,Default series,1,1,2e-06
2330,298.0,34.0,-154.32,0.6871204707548357,0.29322273586721165,0.46601237477147944,0,Default series,1,1,2e-06
2331,296.0,188.060043,-132.0,0.6846101561167435,0.4865923264112219,0.4940274861325889,0,Default series,1,1,2e-06
2335,185.07164,89.98168199999999,-112.001,0.5453776131729604,0.36348855376202416,0.5191293773561922,0,Default series,1,1,2e-06
2336,95.946037,21.744455,-101.23899999999999,0.4335109602531114,0.2778400988615625,0.5326373804237666,0,Default series,1,1,2e-06
2337,92.498322,3.652457,-124.02600000000001,0.4291835355368763,0.25513179515569473,0.5040361105946627,0,Default series,1,1,2e-06
2338,71.95082099999999,165.767075,-127.45,0.4033931892686188,0.4586111444627609,0.49973845193424876,0,Default series,1,1,2e-06
2339,115.925903,90.546204,-124.02600000000001,0.4585888352965722,0.36419711768208674,0.5040361105946627,0,Default series,1,1,2e-06
2340,47.949898,11.090892,-116.01799999999999,0.3732682551013064,0.2644682012881936,0.514087410405584,0,Default series,1,1,2e-06
2341,176.793991,111.927429,-140.005,0.5349878614461157,0.3910339187310087,0.4839799517936247,0,Default series,1,1,2e-06
2342,103.010635,85.64194499999999,-150.02700000000002,0.44237814213893,0.3580415011037389,0.4714007651421444,0,Default series,1,1,2e-06
2343,51.961208,73.81626899999999,-163.07399999999998,0.3783030802067693,0.3431984173196708,0.45502472760054974,0,Default series,1,1,2e-06
2344,33.957153000000005,4.4427449999999995,-152.015,0.3557051588010104,0.2561237309230491,0.4689055123918808,0,Default series,1,1,2e-06
2345,83.944611,35.737659,-100.50299999999999,0.418447282570221,0.29540377127906803,0.5335611762105846,0,Default series,1,1,2e-06
2347,227.14691200000001,381.947937,-152.004,0.5981886987746168,0.7299521356397606,0.46891931912239027,0,Default series,1,1,2e-06
2348,67.974236,217.87796,-147.878,0.3984019495010598,0.5240185031724817,0.4740980982207746,0,Default series,1,1,2e-06
2349,83.924576,91.976616,-138.02700000000002,0.4184221354933339,0.36599250977313813,0.4864626529706979,0,Default series,1,1,2e-06
2350,282.0,162.0,-156.295,0.6670379536500978,0.45388287270511524,0.46353343906636335,0,Default series,1,1,2e-06
2352,207.077377,28.0,-118.0,0.5729982750295145,0.2856917919529349,0.5115996885992345,0,Default series,1,1,2e-06
2354,67.99945100000001,381.997406,-138.583,0.3984335982928595,0.7300142270171764,0.48576478550130825,0,Default series,1,1,2e-06
2356,16.301810999999997,95.97419000000001,-142.002,0.33354492706944794,0.3710100940376666,0.48147340262748956,0,Default series,1,1,2e-06
2357,230.0,6.0,-151.243,0.6017697730596994,0.25807833093392024,0.4698744938421844,0,Default series,1,1,2e-06
2359,43.959511,24.08671,-168.014,0.3682596916524299,0.28077999736788495,0.44882425044446184,0,Default series,1,1,2e-06
2360,147.964478,70.394768,-118.012,0.4988022871996303,0.33890389529739723,0.511584626711406,0,Default series,1,1,2e-06
2361,292.0,372.0,-157.113,0.679589526840559,0.7174659097048008,0.4625067203793836,0,Default series,1,1,2e-06
2362,113.77903,35.726067,-112.02,0.45589417193755966,0.2953892214954256,0.5191055293671304,0,Default series,1,1,2e-06
2363,208.514847,16.0,-120.0,0.5748025260209237,0.2706299041243815,0.5090893739611424,0,Default series,1,1,2e-06
2364,111.92726100000002,155.655472,-108.962,0.45356991052402695,0.4459194919500222,0.5229438004487734,0,Default series,1,1,2e-06
2366,71.942436,65.72737099999999,-107.93,0.4033826647744986,0.3330455777919533,0.524239122802029,0,Default series,1,1,2e-06
2367,153.921356,343.627502,-105.119,0.5062791062199951,0.6818539611804794,0.5277673700258677,0,Default series,1,1,2e-06
2368,30.717304,85.917854,-154.006,0.35163863861605615,0.35838781030447964,0.46640649416965996,0,Default series,1,1,2e-06
2370,79.948334,129.75528,-101.31299999999999,0.41343132624473533,0.4134106763965224,0.5325444987821573,0,Default series,1,1,2e-06
2371,250.0,26.0,-158.32,0.6268729194406218,0.28318147731484267,0.460991745495295,0,Default series,1,1,2e-06
2373,276.0,392.0,-155.657,0.659507009735821,0.7425690560857232,0.4643342294359148,0,Default series,1,1,2e-06
2375,244.0,84.0,-106.338,0.6193419755263452,0.35598060181951774,0.5262373332539505,0,Default series,1,1,2e-06
2377,39.98457,123.926933,-160.372,0.3632705153635034,0.4060951840015319,0.4584161626766123,0,Default series,1,1,2e-06
2378,217.262253,385.873199,-140.009,0.5857818966844917,0.7348789569682341,0.48397493116434853,0,Default series,1,1,2e-06
2379,222.0,54.0,-131.27200000000002,0.5917285145073304,0.3183258822481341,0.49494124066085443,0,Default series,1,1,2e-06
2381,108.882393,19.710697,-162.02100000000002,0.4497481221682976,0.27528741262269396,0.4563464082575052,0,Default series,1,1,2e-06
2382,236.0,95.056343,-108.0,0.6093007169739761,0.3698580516578521,0.5241512617896958,0,Default series,1,1,2e-06
2383,3.9985739999999996,50.690777000000004,-106.001,0.3181024291009389,0.3141722867793283,0.526660321270469,0,Default series,1,1,2e-06
2384,29.959341,-0.192574,-140.447,0.35068727580903997,0.2503056763540855,0.4834251722586063,0,Default series,1,1,2e-06
2385,33.803314,157.97653200000002,-160.002,0.35551206665420565,0.4488327873969674,0.4588805708846594,0,Default series,1,1,2e-06
2386,294.0,154.0,-151.218,0.6820998414786512,0.44384161415274626,0.46990587277516055,0,Default series,1,1,2e-06
2387,236.777206,36.0,-124.0,0.6102762327732827,0.29573305050530385,0.5040687446849579,0,Default series,1,1,2e-06
2388,189.99733,99.98734300000001,-151.639,0.5515601290278127,0.37604723239806853,0.4693774515438421,0,Default series,1,1,2e-06
2391,105.181221,171.715881,-160.02100000000002,0.445102569043449,0.46607783185324636,0.4588567228955975,0,Default series,1,1,2e-06
2392,184.0,1.043151,-160.0,0.5440325363835778,0.2518567056321638,0.4588830811992975,0,Default series,1,1,2e-06
2393,125.93516499999998,95.692924,-149.47299999999998,0.4711520337541224,0.3706570609591678,0.472096122296896,0,Default series,1,1,2e-06
2394,231.988525,352.011414,-108.00399999999999,0.6042656847675556,0.6923770896895179,0.5241462411604196,0,Default series,1,1,2e-06
2396,194.0,46.960938,-110.0,0.556584109574039,0.3094907520596146,0.5216409471516036,0,Default series,1,1,2e-06
2397,93.972374,351.869171,-108.851,0.4310337026933309,0.6921985523469849,0.5230831229111875,0,Default series,1,1,2e-06
2398,109.930328,41.67001,-151.013,0.45106344545343224,0.30284980505586856,0.47016318002556495,0,Default series,1,1,2e-06
2399,266.0,128.0,-149.486,0.6469554365453598,0.4112075238575471,0.4720798052517484,0,Default series,1,1,2e-06
2400,25.986401,63.935589,-166.572,0.3457006110899089,0.3307966095005182,0.45063418729852633,0,Default series,1,1,2e-06
2401,186.78131100000002,55.99715,-114.0,0.5475235192417713,0.320832619687867,0.5166203178754191,0,Default series,1,1,2e-06
2402,197.739914,166.690186,-135.852,0.5612782900037421,0.4597697939907029,0.4891926201396232,0,Default series,1,1,2e-06
2403,99.94013199999999,41.716412,-105.059,0.43852417782532693,0.302908046865787,0.5278426794650105,0,Default series,1,1,2e-06
2404,298.0,187.473587,-144.0,0.6871204707548357,0.4858562318705234,0.4789655983040354,0,Default series,1,1,2e-06
2405,208.0,42.0,-110.95299999999999,0.5741563120406847,0.30326399441958063,0.5204447822265527,0,Default series,1,1,2e-06
2406,76.346535,81.695938,-114.023,0.4089105018681523,0.3530886415366817,0.516591449257081,0,Default series,1,1,2e-06
2407,288.0,83.17004399999999,-128.0,0.6745688975643744,0.35493887647163147,0.49904811540877336,0,Default series,1,1,2e-06
2408,236.695419,20.0,-160.0,0.6101735772216299,0.27565053340056594,0.4588830811992975,0,Default series,1,1,2e-06
2409,123.938255,49.890803999999996,-132.02200000000002,0.468645597552146,0.313168194813339,0.49399987267156986,0,Default series,1,1,2e-06
2410,87.92840600000001,-0.339079,-120.005,0.42344757202205036,0.2501217895310587,0.5090830981745471,0,Default series,1,1,2e-06
2411,212.0,9.842334,-134.0,0.5791769413168693,0.26290106457623996,0.49151717149449664,0,Default series,1,1,2e-06
2412,211.996094,223.981522,-148.28,0.5791720386723811,0.5316794336890335,0.47359352497851803,0,Default series,1,1,2e-06
2413,113.93233500000001,46.065464,-150.024,0.45608659383035605,0.3083667913144991,0.4714045306141016,0,Default series,1,1,2e-06
2414,137.943069,111.709824,-148.02,0.4862238423461256,0.39076079022259763,0.47391986588147,0,Default series,1,1,2e-06
2415,99.929962,5.851843,-156.025,0.43851141287539225,0.25789237059100234,0.4638723315425058,0,Default series,1,1,2e-06
2416,234.000015,57.256370999999994,-106.0,0.6067904211632437,0.3224131401423136,0.5266615764277881,0,Default series,1,1,2e-06
2417,55.600147,65.76191700000001,-154.018,0.3828705211261817,0.33308893845669707,0.4663914322818314,0,Default series,1,1,2e-06
2418,97.251953,205.709518,-149.791,0.4351500902785709,0.5087451941347935,0.47169698226943935,0,Default series,1,1,2e-06
2419,187.984528,175.926712,-145.91299999999998,0.5490337458657221,0.4713630872021627,0.4765644823527002,0,Default series,1,1,2e-06
2420,143.011276,147.746841,-104.01899999999999,0.4925852394566164,0.4359929158667371,0.5291480430768184,0,Default series,1,1,2e-06
2421,277.065704,332.0,-158.0,0.6608446359113578,0.6672596169429559,0.4613933958373897,0,Default series,1,1,2e-06
2422,101.920654,84.809166,-142.028,0.4410100445091588,0.356996232446741,0.48144076853719436,0,Default series,1,1,2e-06
2423,15.99298,68.45458199999999,-160.002,0.3331572955794496,0.3364686566391864,0.4588805708846594,0,Default series,1,1,2e-06
2425,95.94495400000001,29.73933,-101.195,0.4335096009177349,0.2878749247326714,0.5326926073458047,0,Default series,1,1,2e-06
2426,254.0,232.748901,-152.0,0.6318935487168064,0.5426838736097347,0.4689243397516665,0,Default series,1,1,2e-06
2427,106.70253799999999,85.623642,-136.028,0.44701206121058834,0.3580185279593284,0.48897171245147114,0,Default series,1,1,2e-06
2428,106.243233,46.73415,-162.72799999999998,0.44643556117816385,0.3092060974415428,0.4554590120329397,0,Default series,1,1,2e-06
2429,250.0,64.402023,-116.0,0.6268729194406218,0.33138205754947014,0.5141100032373268,0,Default series,1,1,2e-06
2430,193.999969,73.95773299999999,-108.0,0.5565840706641622,0.3433759768946524,0.5241512617896958,0,Default series,1,1,2e-06
2431,174.97706599999998,77.953255,-120.00299999999999,0.5327073347342077,0.34839098557636217,0.5090856084891853,0,Default series,1,1,2e-06
2433,19.998785,135.994247,-160.72,0.3381852110438712,0.4212415614898596,0.45797936792958427,0,Default series,1,1,2e-06
2434,7.996538,43.983604,-171.435,0.3231205028768218,0.3057537294982698,0.4445303572560051,0,Default series,1,1,2e-06
2435,184.350372,87.983711,-108.001,0.5444723083637666,0.3609807858381323,0.5241500066323768,0,Default series,1,1,2e-06
2436,-0.001633,55.992268,-131.14700000000002,0.3130815400071894,0.3208264920098355,0.4950981353257352,0,Default series,1,1,2e-06
2437,115.34268200000001,169.647079,-146.026,0.45785680118980077,0.46348115988128913,0.47642264957564795,0,Default series,1,1,2e-06
2438,21.987738,81.941925,-135.1,0.34068165995905997,0.35339739392012187,0.4901364984435459,0,Default series,1,1,2e-06
2439,141.959335,67.057243,-116.014,0.4912648880112617,0.3347147763661478,0.5140924310348602,0,Default series,1,1,2e-06
2440,153.962448,131.822113,-102.671,0.5063306831445493,0.4160048769637184,0.5308399951428926,0,Default series,1,1,2e-06
2441,270.0,90.0,-105.26,0.6519760658215443,0.36351154573379446,0.5275903928438822,0,Default series,1,1,2e-06
2442,117.94133000000001,91.722099,-164.139,0.46111851324662534,0.36567305089776647,0.4536879850557656,0,Default series,1,1,2e-06
2443,24.909737,73.933846,-156.005,0.34434922839015536,0.3433459949517723,0.4638974346888867,0,Default series,1,1,2e-06
2444,107.54293799999999,35.653557,-144.026,0.4480668954215147,0.2952982100382216,0.4789329642137402,0,Default series,1,1,2e-06
2445,116.003418,253.16484100000002,-100.542,0.458686128816158,0.5683090901259412,0.5335122250751418,0,Default series,1,1,2e-06
2446,171.929016,363.663788,-95.8866,0.5288815524678891,0.7070026521998807,0.5393554844582291,0,Default series,1,1,2e-06
2447,179.989334,117.24655200000001,-108.00399999999999,0.5389985195994285,0.3977102548953652,0.5241462411604196,0,Default series,1,1,2e-06
2448,79.186493,25.695122,-110.023,0.41247509593763587,0.28279880746172653,0.5216120785332655,0,Default series,1,1,2e-06
2449,112.837326,361.77261400000003,-108.01700000000001,0.4547121852695847,0.704628931312191,0.524129924115272,0,Default series,1,1,2e-06
2450,65.932686,31.68119,-155.088,0.3958394830763612,0.2903122645242343,0.46504841395045204,0,Default series,1,1,2e-06
2452,12.957767,79.980042,-116.001,0.3293476257676357,0.3509349221135597,0.5141087480800078,0,Default series,1,1,2e-06
2453,272.0,81.823082,-120.0,0.6544863804596366,0.3532482272588545,0.5090893739611424,0,Default series,1,1,2e-06
2454,242.0,32.0,-129.724,0.6168316608882529,0.2907124212291194,0.49688422419073786,0,Default series,1,1,2e-06
2456,191.209702,99.997093,-96.0002,0.5530818466170193,0.3760594701819292,0.5392128985867854,0,Default series,1,1,2e-06
2458,284.0,4.0,-154.733,0.66954826828819,0.255568016295828,0.4654939947987134,0,Default series,1,1,2e-06
2459,268.738434,174.0,-158.0,0.6503926020231845,0.4689447605336687,0.4613933958373897,0,Default series,1,1,2e-06
2460,214.94453399999998,54.0,-118.0,0.5828727947181493,0.3183258822481341,0.5115996885992345,0,Default series,1,1,2e-06
2461,167.996597,17.983885,-168.025,0.5239457479784831,0.27311999190227726,0.44881044371395235,0,Default series,1,1,2e-06
2462,61.973648,167.875198,-159.724,0.39087026755427945,0.4612571704756604,0.4592295046193542,0,Default series,1,1,2e-06
2463,139.95462,62.045547,-126.016,0.48874865530641015,0.3284243094509136,0.5015383475297609,0,Default series,1,1,2e-06
2464,-0.00297,19.985933,-168.334,0.3130798618618538,0.2756328771025589,0.4484226001023671,0,Default series,1,1,2e-06
2465,296.0,38.0,-153.101,0.6846101561167435,0.2982433651433961,0.46754241154339665,0,Default series,1,1,2e-06
2466,105.940773,41.71949,-106.76799999999999,0.44605592629544516,0.30291191024001496,0.5256976156067606,0,Default series,1,1,2e-06
2468,260.34359700000005,56.0,-152.0,0.6398557609204354,0.32083619688622633,0.4689243397516665,0,Default series,1,1,2e-06
2469,203.999588,123.17260700000001,-122.0,0.5691351656396848,0.4051483862016851,0.5065790593230501,0,Default series,1,1,2e-06
2470,198.0,6.822674,-148.0,0.5616047388502236,0.2591109162262092,0.47394496902785094,0,Default series,1,1,2e-06
2471,153.962723,139.82341,-99.2254,0.5063310283128121,0.4260477634551302,0.5351647652013979,0,Default series,1,1,2e-06
2472,102.260475,249.462433,-102.801,0.4414365733244744,0.5636619856266463,0.5306768246914166,0,Default series,1,1,2e-06
2473,254.0,80.09174300000001,-112.0,0.6318935487168064,0.3510751244412545,0.5191306325135113,0,Default series,1,1,2e-06
2474,112.35068500000001,19.691776,-150.023,0.45410137425668673,0.27526366379106026,0.4714057857714206,0,Default series,1,1,2e-06
2475,147.978149,25.896511,-162.539,0.498819446455339,0.2830515823390519,0.4556962367662394,0,Default series,1,1,2e-06
2476,69.935181,21.69298,-164.463,0.4008632439700567,0.27777548963856463,0.45328131408439465,0,Default series,1,1,2e-06
2477,87.933601,97.851616,-158.023,0.42345409256432276,0.37336655902253413,0.46136452721905163,0,Default series,1,1,2e-06
2478,185.99766499999998,70.42961899999999,-146.001,0.5465399202293301,0.3389476387851233,0.4764540285086241,0,Default series,1,1,2e-06
2479,57.973682,170.662247,-108.009,0.3858496809534438,0.46475535542655055,0.5241399653738243,0,Default series,1,1,2e-06
2480,286.0,389.436981,-156.0,0.6720585829262823,0.739352064029019,0.46390371047548196,0,Default series,1,1,2e-06
2481,156.73239099999998,79.895821,-104.008,0.5098073973743399,0.3508292115089924,0.5291618498073279,0,Default series,1,1,2e-06
2482,31.314714000000002,175.987427,-154.001,0.3523884821500275,0.4714392940787886,0.46641276995625514,0,Default series,1,1,2e-06
2483,194.651703,28.0,-138.0,0.5574020993643334,0.2856917919529349,0.4864965422183122,0,Default series,1,1,2e-06
2484,258.0,132.0,-150.484,0.6369141779929908,0.41622815313373157,0.47082715824734034,0,Default series,1,1,2e-06
2485,228.0,58.78031899999999,-100.0,0.5992594584216072,0.3243259346283593,0.5341925203420648,0,Default series,1,1,2e-06
2486,169.995453,19.978455,-154.554,0.5264546267166024,0.27562349103612704,0.46571866795882266,0,Default series,1,1,2e-06
2488,250.0,68.0,-128.452,0.6268729194406218,0.3358980847147798,0.49848078430056453,0,Default series,1,1,2e-06
2489,59.947838,0.682305,-106.01799999999999,0.3883275573057826,0.2514037871342153,0.5266389835960452,0,Default series,1,1,2e-06
2490,39.682945000000004,5.787788,-162.016,0.36289192853714614,0.2578119714889308,0.4563526840441005,0,Default series,1,1,2e-06
2491,171.993759,45.970421,-155.68,0.5289628151181962,0.308247497397425,0.46430536081757673,0,Default series,1,1,2e-06
2493,109.82314299999999,35.72958,-108.02,0.45092891141619024,0.29539363086308745,0.5241261586433149,0,Default series,1,1,2e-06
2494,62.226501,177.848236,-142.011,0.39118763784787225,0.4737749021144855,0.48146210621161817,0,Default series,1,1,2e-06
2496,230.0,104.873329,-138.0,0.6017697730596994,0.3821799134867254,0.4864965422183122,0,Default series,1,1,2e-06
2497,154.24629199999998,234.172104,-115.03,0.5066869520186167,0.5444702172716731,0.5153275058368015,0,Default series,1,1,2e-06
2499,39.99844,223.992599,-154.996,0.3632879243955186,0.5316933370666566,0.46516388842380424,0,Default series,1,1,2e-06
2500,117.94983700000002,25.762411,-167.041,0.4611291908699385,0.28288326574256784,0.45004551851589375,0,Default series,1,1,2e-06
2501,161.98599199999998,49.933689,-158.507,0.5164014931208379,0.3132220222349663,0.46075703107663335,0,Default series,1,1,2e-06
2502,109.92201999999999,89.083733,-128.02700000000002,0.4510530176064256,0.362361486502544,0.4990142261611591,0,Default series,1,1,2e-06
2503,190.960464,73.996864,-152.0,0.5527690137171348,0.34342509245570396,0.4689243397516665,0,Default series,1,1,2e-06
2504,173.971176,154.651657,-130.01,0.5314447845385525,0.4446595462058039,0.4965252491974907,0,Default series,1,1,2e-06
2505,262.047089,179.79332,-103.448,0.641993911372172,0.476216288533245,0.5298647379059938,0,Default series,1,1,2e-06
2506,127.93238799999999,124.608025,-148.024,0.47365886282033964,0.40695006161027564,0.47391484525219385,0,Default series,1,1,2e-06
2507,244.0,130.0,-148.44,0.6193419755263452,0.41371783849563937,0.4733926998074707,0,Default series,1,1,2e-06
2510,284.0,72.0,-154.67,0.66954826828819,0.3409187139909643,0.4655730697098133,0,Default series,1,1,2e-06
2511,252.0,220.0,-155.57299999999998,0.6293832340787141,0.5266819972097903,0.4644396626507147,0,Default series,1,1,2e-06
2512,163.994568,19.974247000000002,-169.31099999999998,0.5189225719880983,0.2756182093341285,0.44719631140165905,0,Default series,1,1,2e-06
2514,190.0,20.29196,-150.0,0.5515634802978545,0.27601698913143463,0.4714346543897587,0,Default series,1,1,2e-06
2515,62.682991,47.702114,-152.02200000000002,0.3917606046124436,0.31042104454071595,0.46889672629064744,0,Default series,1,1,2e-06
2516,42.794552,149.916901,-142.006,0.36679748483719127,0.4387166825585064,0.4814683819982134,0,Default series,1,1,2e-06
2517,143.977005,7.891058999999999,-161.57399999999998,0.4937973812791815,0.2604519074785183,0.4569074635791189,0,Default series,1,1,2e-06
2518,202.0,52.0,-101.93700000000001,0.566625368126408,0.3158155676100418,0.5317612806150724,0,Default series,1,1,2e-06
2519,264.0,52.0,-151.154,0.6444451219072675,0.3158155676100418,0.46998620284357945,0,Default series,1,1,2e-06
2520,70.766769,169.786667,-140.016,0.4019070177346876,0.46365636478114014,0.4839661450631152,0,Default series,1,1,2e-06
2521,81.92774200000001,87.657753,-122.322,0.41591579468331374,0.36057165726873064,0.5061748986663173,0,Default series,1,1,2e-06
2522,69.927948,30.577438,-126.025,0.400854165417168,0.28892688212302253,0.5015270511138895,0,Default series,1,1,2e-06
2523,221.999954,203.99981699999998,-146.756,0.5917284567700938,0.506599250411263,0.4755063847327443,0,Default series,1,1,2e-06
2524,253.193497,16.0,-158.0,0.6308812605735237,0.2706299041243815,0.4613933958373897,0,Default series,1,1,2e-06
2525,10.303189,63.988026,-104.001,0.3260157127619569,0.33086242618485706,0.5291706359085613,0,Default series,1,1,2e-06
2527,189.997559,97.98846400000001,-152.36,0.5515604164588388,0.3735383247913309,0.46847248311680983,0,Default series,1,1,2e-06
2528,185.991623,120.55268899999999,-144.003,0.5465323365688084,0.40185997694868436,0.4789618328320783,0,Default series,1,1,2e-06
2529,282.0,74.0,-155.264,0.6670379536500978,0.34342902862905655,0.4648275062622999,0,Default series,1,1,2e-06
2530,99.93085500000001,15.903307999999999,-120.024,0.4385125337308782,0.27050854045288825,0.5090592501854853,0,Default series,1,1,2e-06
2531,127.926521,131.651978,-126.696,0.4736514988123488,0.41579133077324254,0.5006848405528095,0,Default series,1,1,2e-06
2532,286.0,116.219902,-104.0,0.6720585829262823,0.3964216476337665,0.5291718910658803,0,Default series,1,1,2e-06
2533,85.933815,103.686539,-155.89,0.4209440465298968,0.38069030533205467,0.46404177778057704,0,Default series,1,1,2e-06
2536,177.99795500000002,35.990292,-156.434,0.5364990256725837,0.2957208654380506,0.46335897219901595,0,Default series,1,1,2e-06
2537,240.0,34.0,-91.0511,0.6143213462501607,0.29322273586721165,0.5454247976744766,0,Default series,1,1,2e-06
2538,145.954849,97.091759,-148.016,0.4962798866517129,0.3724128189475556,0.4739248865107462,0,Default series,1,1,2e-06
2539,14.57995,214.0,-120.0,0.3313837206329179,0.5191510532955136,0.5090893739611424,0,Default series,1,1,2e-06
2540,204.0,44.0,-107.0,0.5691356827645002,0.3057743090576729,0.525406419108742,0,Default series,1,1,2e-06
2541,26.908413,-0.149674,-120.01100000000001,0.3468578811999572,0.2503595226030726,0.5090755672306329,0,Default series,1,1,2e-06
2542,85.986496,359.936035,-138.624,0.4210101694726215,0.7023237357383346,0.48571332405122736,0,Default series,1,1,2e-06
2543,284.0,56.0,-152.429,0.66954826828819,0.32083619688622633,0.46838587726179565,0,Default series,1,1,2e-06
2544,99.9366,75.699692,-104.554,0.4385197446096761,0.34556240948298067,0.5284765339111287,0,Default series,1,1,2e-06
2545,222.0,56.834258999999996,-102.0,0.5917285145073304,0.3218833231760564,0.5316822057039725,0,Default series,1,1,2e-06
2546,-0.0013289999999999999,35.993702,-170.19,0.31308192157501435,0.2957251455245085,0.4460930281182175,0,Default series,1,1,2e-06
2547,107.677826,45.732414,-170.02,0.4482362010819662,0.30794876116939085,0.4463064048624553,0,Default series,1,1,2e-06
2549,210.0,85.105087,-154.0,0.576666626678777,0.3573676598557505,0.4664140251135742,0,Default series,1,1,2e-06
2550,199.998978,117.99508700000001,-140.659,0.5641137707175357,0.3986497840791774,0.4831590789069685,0,Default series,1,1,2e-06
2551,85.935074,65.692482,-108.109,0.4209456267729615,0.3330017866082491,0.5240144496419198,0,Default series,1,1,2e-06
2552,230.0,56.705394999999996,-106.0,0.6017697730596994,0.32172157858329486,0.5266615764277881,0,Default series,1,1,2e-06
2553,205.06263700000002,369.825531,-140.013,0.5704694593725395,0.7147366090244119,0.4839699105350723,0,Default series,1,1,2e-06
2555,87.94371,129.04170200000002,-100.02,0.423466780949661,0.4125150237471121,0.5341674171956838,0,Default series,1,1,2e-06
2556,147.98095700000002,11.909842,-163.161,0.4988229709370909,0.2654961123746264,0.45491552891379267,0,Default series,1,1,2e-06
2557,73.94265,62.550872999999996,-106.02,0.40589324801625715,0.32905857307831793,0.5266364732814072,0,Default series,1,1,2e-06
2558,129.95953400000002,17.808359,-161.61700000000002,0.47620324995901475,0.2728996791586944,0.4568534918143999,0,Default series,1,1,2e-06
2559,165.924011,328.754272,-118.027,0.5213443264912306,0.6631857176881231,0.5115657993516204,0,Default series,1,1,2e-06
2560,85.932686,75.681175,-110.78299999999999,0.4209426294572836,0.3455391677349039,0.5206581589707905,0,Default series,1,1,2e-06
2561,108.581795,15.670001999999998,-142.024,0.449370824388507,0.2702157047194109,0.4814457891664706,0,Default series,1,1,2e-06
2562,108.77893799999998,35.659615,-130.025,0.4496182698678557,0.29530581378126036,0.496506421837705,0,Default series,1,1,2e-06
2563,127.943321,53.731564,-147.40200000000002,0.47367258545530877,0.31798895283803863,0.4746955531046405,0,Default series,1,1,2e-06
2565,59.936131,28.053205,-154.02200000000002,0.38831286317904856,0.2857585725980948,0.4663864116525552,0,Default series,1,1,2e-06
2566,248.0,12.0,-159.371,0.6243626048025296,0.26560927484819696,0.4596725751529775,0,Default series,1,1,2e-06
2567,64.623917,257.91803,-128.006,0.3941967720870705,0.5742750900881007,0.4990405844648591,0,Default series,1,1,2e-06
2569,159.985428,39.930981,-156.878,0.5138904705740178,0.30066705007848515,0.4628016823493595,0,Default series,1,1,2e-06
2571,43.954586,6.266634,-114.016,0.3682535100026336,0.2584129985505268,0.5166002353583143,0,Default series,1,1,2e-06
2572,9.991982,21.962023000000002,-170.00599999999997,0.3256250990181685,0.2781131809291527,0.446323977064922,0,Default series,1,1,2e-06
2573,88.956947,89.63136300000001,-140.02700000000002,0.42473855278613937,0.36304884830517326,0.48395233833260565,0,Default series,1,1,2e-06
2575,284.0,342.0,-161.80200000000002,0.66954826828819,0.6798111901334172,0.45662128771037636,0,Default series,1,1,2e-06
2577,25.999702,187.998596,-154.537,0.34571730593740946,0.48651520075943844,0.4657400056332464,0,Default series,1,1,2e-06
2578,117.94839499999999,15.755591,-163.38,0.46112738093308436,0.2703231323791907,0.4546406494609216,0,Default series,1,1,2e-06
2579,208.0,8.825441,-134.0,0.5741563120406847,0.26162470388460324,0.49151717149449664,0,Default series,1,1,2e-06
2580,157.977768,65.31133299999999,-154.00799999999998,0.5113705414308616,0.332523384651252,0.46640398385502185,0,Default series,1,1,2e-06
2581,39.950089,11.104549,-138.018,0.36322723628398534,0.2644853429716998,0.48647394938656935,0,Default series,1,1,2e-06
2582,208.0,49.884552,-96.0,0.5741563120406847,0.31316034756978034,0.5392131496182493,0,Default series,1,1,2e-06
2583,204.834885,6.0,-136.0,0.5701835947828121,0.25807833093392024,0.4890068568564044,0,Default series,1,1,2e-06
2585,95.922012,128.015976,-132.02700000000002,0.4334808050985213,0.41122757625087614,0.49399359688497463,0,Default series,1,1,2e-06
2586,225.999985,105.48135400000001,-132.0,0.5967491249561552,0.3829430805156384,0.4940274861325889,0,Default series,1,1,2e-06
2587,137.961136,100.140732,-170.014,0.48624651927340884,0.3762397597240797,0.4463139358063696,0,Default series,1,1,2e-06
2588,255.62338300000002,138.428314,-116.705,0.6339311497708714,0.4242966984999582,0.5132251173273993,0,Default series,1,1,2e-06
2589,282.863953,328.0,-166.0,0.6681223505813596,0.6622389876667715,0.45135213728502077,0,Default series,1,1,2e-06
2590,50.808392,213.94708300000002,-144.004,0.3768561147668558,0.5190846341356616,0.47896057767475925,0,Default series,1,1,2e-06
2592,183.99295,107.966606,-150.585,0.5440236875244786,0.3860624627531124,0.4707003873581167,0,Default series,1,1,2e-06
2593,250.77749599999999,108.0,-116.0,0.6278487992355509,0.3861043774766246,0.5141100032373268,0,Default series,1,1,2e-06
2596,115.94741100000002,19.7509,-165.305,0.45861583122019023,0.27533787371239155,0.4522244716217578,0,Default series,1,1,2e-06
2597,117.928688,159.662247,-150.806,0.46110264554779795,0.45094862491704324,0.4704229975906075,0,Default series,1,1,2e-06
2598,109.07891799999999,29.661144,-142.025,0.44999479196042314,0.28777678900252446,0.4814445340091515,0,Default series,1,1,2e-06
2599,131.953995,51.782092999999996,-159.289,0.47870661228071676,0.31554206004412044,0.4597754980531393,0,Default series,1,1,2e-06
2601,87.14074699999999,167.695557,-120.023,0.42245893606328777,0.4610316927597096,0.5090605053428043,0,Default series,1,1,2e-06
2602,97.931549,83.675804,-109.051,0.4360030901719653,0.3555736848373122,0.5228320914473783,0,Default series,1,1,2e-06
2603,165.996063,11.981285,-167.40200000000002,0.5214347630863825,0.26558578457897103,0.4495924067237181,0,Default series,1,1,2e-06
2604,224.0,88.0,-111.39299999999999,0.5942388291454227,0.36100123109570226,0.5198925130061723,0,Default series,1,1,2e-06
2605,167.99078400000002,49.956379,-157.738,0.5239384517489876,0.3132505017545355,0.4617222470549798,0,Default series,1,1,2e-06
2607,181.982025,161.133392,-148.006,0.5414996602926757,0.4527951433311713,0.4739374380839367,0,Default series,1,1,2e-06
2608,55.947410999999995,65.750923,-149.754,0.3833063920774229,0.3330751392571315,0.47174342309024403,0,Default series,1,1,2e-06
2609,69.827042,35.661491,-126.025,0.40072751251273236,0.2953081684563909,0.5015270511138895,0,Default series,1,1,2e-06
2611,242.0,100.97506700000001,-112.0,0.6168316608882529,0.37728698140586603,0.5191306325135113,0,Default series,1,1,2e-06
2612,121.94825700000001,37.754940000000005,-162.41299999999998,0.4661478369975589,0.2979357762907907,0.4558543865884392,0,Default series,1,1,2e-06
2615,298.0,90.0,-148.769,0.6871204707548357,0.36351154573379446,0.47297975304950446,0,Default series,1,1,2e-06
2616,6.916583999999999,65.99616999999999,-100.0,0.3217649907094887,0.3333829628241556,0.5341925203420648,0,Default series,1,1,2e-06
2618,254.0,73.877563,-152.0,0.6318935487168064,0.3432753509323845,0.4689243397516665,0,Default series,1,1,2e-06
2619,139.964951,43.833984,-160.362,0.48876162233667325,0.30556593286019407,0.4584287142498028,0,Default series,1,1,2e-06
2620,131.892517,224.38297999999998,-139.957,0.47862944771905647,0.5321833266360231,0.4840401993449389,0,Default series,1,1,2e-06
2621,187.93048100000001,164.83403,-120.75299999999999,0.5489659083780996,0.4574400262020115,0.5081442404999006,0,Default series,1,1,2e-06
2622,241.78834500000002,70.0,-156.0,0.6165660005658902,0.33840839935287204,0.46390371047548196,0,Default series,1,1,2e-06
2623,154.64804099999998,87.88200400000001,-102.009,0.5071912102163861,0.36085312755268406,0.5316709092881011,0,Default series,1,1,2e-06
2625,17.992635999999997,91.633499,-138.003,0.33566717844342414,0.365561843959299,0.48649277674635505,0,Default series,1,1,2e-06
2626,190.0,0.0,-155.392,0.5515634802978545,0.2505473870196435,0.464666846125462,0,Default series,1,1,2e-06
2627,27.973831,-0.123946,-174.833,0.3481951484005007,0.250391815290577,0.44026533268588636,0,Default series,1,1,2e-06
2628,194.180725,46.0,-136.0,0.5568109478805237,0.3082846236957651,0.4890068568564044,0,Default series,1,1,2e-06
2629,216.0,42.054924,-120.0,0.5841975705930538,0.3033329326801719,0.5090893739611424,0,Default series,1,1,2e-06
2630,102.270073,225.63334700000001,-118.015,0.44144862032442256,0.5337527339275668,0.5115808612394489,0,Default series,1,1,2e-06
2631,62.922688,41.694759000000005,-152.023,0.39206146205634695,0.3028808689443577,0.4688954711333284,0,Default series,1,1,2e-06
2632,264.71484399999997,152.0,-132.0,0.6453423635858437,0.441331299514654,0.4940274861325889,0,Default series,1,1,2e-06
2633,159.992661,9.965246,-167.141,0.5138995491269064,0.2630553384726386,0.44992000278398914,0,Default series,1,1,2e-06
2634,43.990772,161.245499,-94.0032,0.3682989291253806,0.4529358552527376,0.5417194477529206,0,Default series,1,1,2e-06
2635,83.929947,85.41358199999999,-116.025,0.4184288769432945,0.3577548696128896,0.5140786243043507,0,Default series,1,1,2e-06
2636,101.921509,87.31452900000001,-124.02799999999999,0.4410111176686666,0.3601408571530583,0.5040336002800245,0,Default series,1,1,2e-06
2637,73.933815,11.686531,-113.65700000000001,0.40588215870134337,0.26521582193855286,0.5170508368358518,0,Default series,1,1,2e-06
2638,167.88810700000002,23.981070000000003,-168.00099999999998,0.5238095759609399,0.28064740254870085,0.4488405674896095,0,Default series,1,1,2e-06
2639,3.2488080000000004,66.0,-92.0,0.31716135481846697,0.3333877700766875,0.5442337788944338,0,Default series,1,1,2e-06
2640,184.23783899999998,99.973351,-112.00200000000001,0.5443310617451824,0.3760296702368604,0.5191281221988733,0,Default series,1,1,2e-06
2641,218.0,44.49004,-78.0,0.5867078852311459,0.3063893863502982,0.5618059813610795,0,Default series,1,1,2e-06
2643,228.0,12.961705,-136.0,0.5992594584216072,0.2668163659177102,0.4890068568564044,0,Default series,1,1,2e-06
2644,0.0,72.76406899999999,-88.0,0.31308358967909145,0.34187774078857047,0.5492544081706182,0,Default series,1,1,2e-06
2645,73.933723,27.532991,-114.023,0.40588204322687,0.28510562218852453,0.516591449257081,0,Default series,1,1,2e-06
2648,246.0,86.0,-104.361,0.6218522901644373,0.35849091645761,0.5287187792737047,0,Default series,1,1,2e-06
2649,274.0,84.76722,-112.0,0.6569966950977288,0.3569435836178363,0.5191306325135113,0,Default series,1,1,2e-06
2650,67.947334,81.75054899999999,-162.41,0.3983681832588628,0.3531571869330321,0.4558581520603963,0,Default series,1,1,2e-06
2651,75.249756,81.687431,-118.023,0.40753387167892624,0.35307796391336854,0.5115708199808965,0,Default series,1,1,2e-06
2652,264.887146,120.0,-100.0,0.64555862970223,0.4011662653051781,0.5341925203420648,0,Default series,1,1,2e-06
2653,121.92485,134.60238600000002,-142.026,0.466118457530192,0.41949455696861476,0.48144327885183247,0,Default series,1,1,2e-06
2654,79.943161,49.730789,-102.309,0.4134248333159239,0.3129673508149319,0.5312943620923873,0,Default series,1,1,2e-06
2655,276.0,136.0,-149.47,0.659507009735821,0.42124878240991603,0.47209988776885314,0,Default series,1,1,2e-06
2656,242.0,20.0,-97.0037,0.6168316608882529,0.27565053340056594,0.5379533482171227,0,Default series,1,1,2e-06
2657,196.0,46.657154,-142.0,0.5590944242121313,0.30910945534860557,0.48147591294212766,0,Default series,1,1,2e-06
2660,10.151611,67.98820500000001,-106.001,0.32582545852585054,0.33588328013420166,0.526660321270469,0,Default series,1,1,2e-06
2662,169.98494,75.92864200000001,-133.295,0.5264414312477073,0.3458497777511763,0.49240205740442416,0,Default series,1,1,2e-06
2663,284.0,92.0,-109.589,0.66954826828819,0.3660218603718867,0.5221568168097315,0,Default series,1,1,2e-06
2664,224.0,66.0,-115.38799999999999,0.5942388291454227,0.3333877700766875,0.5148781595165831,0,Default series,1,1,2e-06
2665,73.155251,73.710373,-112.021,0.40490493839839753,0.3430655011802132,0.5191042742098113,0,Default series,1,1,2e-06
2666,79.94693000000001,173.748642,-143.681,0.4134295640038594,0.4686292667002679,0.47936599348881115,0,Default series,1,1,2e-06
2667,169.93666100000002,296.28182999999996,-102.022,0.5263808335075011,0.6224276944445223,0.5316545922429535,0,Default series,1,1,2e-06
2669,155.715302,157.766541,-142.017,0.5085307906718687,0.4485692156563835,0.4814545752677039,0,Default series,1,1,2e-06
2670,154.90152,77.854546,-122.01100000000001,0.5075093662384607,0.3482670902525565,0.5065652525925406,0,Default series,1,1,2e-06
2671,298.0,58.0,-152.214,0.6871204707548357,0.3233465115243186,0.4686557360853906,0,Default series,1,1,2e-06
2672,61.929554,22.633651999999998,-140.025,0.39081492264745343,0.2789561809841864,0.48395484864724375,0,Default series,1,1,2e-06
2673,55.975525,159.11711100000002,-156.009,0.3833416795702906,0.4502643934767677,0.46389241405961057,0,Default series,1,1,2e-06
2674,191.956985,294.449249,-118.015,0.554019804343868,0.6201275169896274,0.5115808612394489,0,Default series,1,1,2e-06
2675,105.94419099999999,31.735678000000004,-105.193,0.4460602164231617,0.2903806555362345,0.5276744883842582,0,Default series,1,1,2e-06
2677,57.94080699999999,15.719644,-116.82600000000001,0.38580841765658014,0.27027801323904294,0.5130732432917947,0,Default series,1,1,2e-06
2679,97.93190799999999,111.67748999999999,-157.69799999999998,0.43600354077344283,0.39072020596584356,0.4617724533477417,0,Default series,1,1,2e-06
2680,244.0,136.0,-146.564,0.6193419755263452,0.42124878240991603,0.4757473749380012,0,Default series,1,1,2e-06
2681,67.937668,9.704791,-112.12899999999999,0.3983560509082169,0.26272842647310646,0.5189687172193543,0,Default series,1,1,2e-06
2682,193.999619,75.998161,-123.367,0.5565836313591005,0.345937035032839,0.5048632592679141,0,Default series,1,1,2e-06
2683,117.944473,81.737,-102.0,0.4611224582060791,0.3531401808065163,0.5316822057039725,0,Default series,1,1,2e-06
2684,191.953384,338.63122599999997,-138.016,0.5540152845223622,0.6755828487911049,0.48647645970120745,0,Default series,1,1,2e-06
2686,129.959,23.805823999999998,-162.611,0.47620257970500635,0.2804274412491673,0.45560586543926807,0,Default series,1,1,2e-06
2688,201.979279,291.90185499999995,-149.705,0.5665993600116,0.6169301367660333,0.4718049257988773,0,Default series,1,1,2e-06
2689,5.998244000000001,53.991684,-171.082,0.3206123295371159,0.3183154443598689,0.44497342778962834,0,Default series,1,1,2e-06
2690,145.971115,43.863178000000005,-159.33,0.4963003030406645,0.30560257592296636,0.4597240366030584,0,Default series,1,1,2e-06
2691,163.986191,61.934563,-159.754,0.5189120575352366,0.3282850070710166,0.45919184989978284,0,Default series,1,1,2e-06
2692,216.0,162.0,-100.708,0.5841975705930538,0.45388287270511524,0.5333038689601801,0,Default series,1,1,2e-06
2693,234.15750099999997,16.0,-146.0,0.6069880908687909,0.2706299041243815,0.4764552836659432,0,Default series,1,1,2e-06
2694,165.96575900000002,151.837753,-111.111,0.5213967267989862,0.4411276540051107,0.5202464673701434,0,Default series,1,1,2e-06
2695,195.733734,18.0,-136.0,0.5587602184934182,0.2731402187624737,0.4890068568564044,0,Default series,1,1,2e-06
2696,66.751419,43.670521,-146.024,0.39686712179365574,0.30536076107935084,0.47642515989028605,0,Default series,1,1,2e-06
2697,57.678474,17.687519,-130.023,0.3854791484716028,0.2727480059482609,0.4965089321523431,0,Default series,1,1,2e-06
2698,138.593445,226.40707400000002,-115.47,0.4870401665426575,0.5347238830345604,0.5147752366164213,0,Default series,1,1,2e-06
2700,67.946556,101.746887,-154.453,0.3983672067464686,0.3782557369278522,0.4658454388480463,0,Default series,1,1,2e-06
2701,177.99856599999998,27.993195,-157.264,0.5364997925737056,0.2856832506073788,0.46231719162420765,0,Default series,1,1,2e-06
2702,266.0,54.0,-133.339,0.6469554365453598,0.3183258822481341,0.49234683048238614,0,Default series,1,1,2e-06
2703,60.967422,19.670351,-134.024,0.38960729562576496,0.2752367720454997,0.49148704771883955,0,Default series,1,1,2e-06
2704,128.311417,55.741112,-120.01899999999999,0.4741346038438204,0.3205112517182131,0.5090655259720804,0,Default series,1,1,2e-06
2705,288.0,164.94889799999999,-126.0,0.6745688975643744,0.45758420361293567,0.5015584300468656,0,Default series,1,1,2e-06
2706,222.0,178.46881100000002,-144.0,0.5917285145073304,0.47455382136775254,0.4789655983040354,0,Default series,1,1,2e-06
2707,244.0,92.0,-102.075,0.6193419755263452,0.3660218603718867,0.5315880689050441,0,Default series,1,1,2e-06
2708,153.920975,386.328125,-116.02799999999999,0.5062786280050565,0.7354499606667585,0.5140748588323936,0,Default series,1,1,2e-06
2709,208.783173,44.0,-82.0,0.575139317363714,0.3057743090576729,0.556785352084895,0,Default series,1,1,2e-06
2710,221.99791000000002,178.962143,-133.982,0.5917258912285337,0.47517303063827215,0.49153976432623947,0,Default series,1,1,2e-06
2711,83.48009499999999,27.731828999999998,-102.02,0.417864241913007,0.285355195159529,0.5316571025575916,0,Default series,1,1,2e-06
2712,149.060303,75.848083,-110.01100000000001,0.500177719968774,0.3457486635327112,0.521627140421094,0,Default series,1,1,2e-06
2713,65.353477,67.713234,-120.021,0.39511248466075377,0.33553814827102624,0.5090630156574424,0,Default series,1,1,2e-06
2714,231.99029500000003,349.954041,-96.801,0.6042679063960104,0.6897947629105601,0.5382077686056933,0,Default series,1,1,2e-06
2717,208.0,78.0,-111.32600000000001,0.5741563120406847,0.34844965790524096,0.5199766085465484,0,Default series,1,1,2e-06
2718,177.991638,77.172073,-134.003,0.5364910968437993,0.3474104792715551,0.4915134060225395,0,Default series,1,1,2e-06
2719,181.971359,217.864304,-148.593,0.5414862727847107,0.5240013627441328,0.4732006607376566,0,Default series,1,1,2e-06
2721,214.00465400000002,133.23370400000002,-103.994,0.5816930974571244,0.4177766457388681,0.5291794220097946,0,Default series,1,1,2e-06
2723,23.999542,161.997833,-163.834,0.3432067904741462,0.4538801527792049,0.45407080803807465,0,Default series,1,1,2e-06
2724,124.05899,89.694824,-116.023,0.468797138971061,0.36312850184379725,0.5140811346189887,0,Default series,1,1,2e-06
2725,92.870522,9.644352,-126.02600000000001,0.42965070509102526,0.2626525660199006,0.5015257959565704,0,Default series,1,1,2e-06
2726,27.912803999999998,83.92227199999999,-148.006,0.3481185499147913,0.35588304095142287,0.4739374380839367,0,Default series,1,1,2e-06
2727,292.0,172.0,-158.60299999999998,0.679589526840559,0.4664344458955765,0.46063653597400495,0,Default series,1,1,2e-06
2728,73.93849200000001,123.708679,-129.39,0.4058880290721245,0.4058212408960208,0.4973034467352993,0,Default series,1,1,2e-06
2730,195.999649,83.141052,-140.0,0.5590939836519123,0.3549024869506377,0.4839862275802199,0,Default series,1,1,2e-06
2731,175.99736000000001,32.693314,-156.001,0.5339879642158866,0.2915826393706165,0.46390245531816293,0,Default series,1,1,2e-06
2732,155.302795,23.930897,-162.005,0.5080130294916608,0.28058442754053237,0.45636649077461,0,Default series,1,1,2e-06
2733,213.197586,173.13320900000002,-109.49799999999999,0.5806801001499564,0.46785680146593545,0.5222710361257648,0,Default series,1,1,2e-06
2735,54.0,368.0,-140.336,0.380862084907582,0.7124452804286163,0.4835644947210204,0,Default series,1,1,2e-06
2736,240.0,137.906601,-140.0,0.6143213462501607,0.4236418666095667,0.4839862275802199,0,Default series,1,1,2e-06
2737,39.957493,6.968310000000001,-116.015,0.3632365294687756,0.2592937123175258,0.5140911758775412,0,Default series,1,1,2e-06
2738,92.582802,5.651433,-124.02600000000001,0.42928957122718936,0.25764082451269227,0.5040361105946627,0,Default series,1,1,2e-06
2740,173.358551,79.947319,-150.004,0.5306758437859718,0.35089384960060854,0.4714296337604825,0,Default series,1,1,2e-06
2741,212.17265299999997,108.0,-156.0,0.5793936479934745,0.3861043774766246,0.46390371047548196,0,Default series,1,1,2e-06
2742,243.633652,179.07617199999999,-110.729,0.6188821511528273,0.4753161549722057,0.5207259374660189,0,Default series,1,1,2e-06
2743,107.683357,15.665923999999999,-138.025,0.44824314335709786,0.27021058618786375,0.486465163285336,0,Default series,1,1,2e-06
2744,157.99041699999998,19.954655,-168.753,0.5113864179157902,0.2755936182919338,0.4478966891856868,0,Default series,1,1,2e-06
2745,113.96530200000001,375.835663,-144.018,0.456127972601693,0.7222802701926452,0.47894300547229257,0,Default series,1,1,2e-06
2747,165.993805,26.963326000000002,-164.002,0.5214319289411562,0.2843906029943701,0.45385994160847487,0,Default series,1,1,2e-06
2749,147.940765,158.763855,-118.021,0.4987725236541237,0.44982100162287075,0.5115733302955346,0,Default series,1,1,2e-06
2750,258.0,300.0,-147.958,0.6369141779929908,0.6270945827334801,0.47399768563525085,0,Default series,1,1,2e-06
2752,101.103966,5.652973,-146.026,0.43998497258858166,0.2576427574549636,0.47642264957564795,0,Default series,1,1,2e-06
2753,40.048084,133.914307,-120.006,0.3633502354254653,0.41863090957568283,0.509081843017228,0,Default series,1,1,2e-06
2755,228.0,54.462444,-88.0,0.5992594584216072,0.3189063222193831,0.5492544081706182,0,Default series,1,1,2e-06
2756,27.997751,181.989349,-126.19,0.34822517176357226,0.4789726504054325,0.5013199501562469,0,Default series,1,1,2e-06
2757,103.951332,275.769501,-147.399,0.4435588648634847,0.5966814945694903,0.47469931857659764,0,Default series,1,1,2e-06
2759,162.13249199999998,79.891083,-122.008,0.5165853736680782,0.3508232645736147,0.5065690180644977,0,Default series,1,1,2e-06
2761,258.0,8.0,-155.6,0.6369141779929908,0.26058864557201245,0.4644057734031004,0,Default series,1,1,2e-06
2762,169.990891,80.603462,-100.00299999999999,0.5264489006889129,0.35171741228939946,0.5341887548701076,0,Default series,1,1,2e-06
2764,25.999992000000002,203.999969,-100.603,0.345717669933032,0.5065994411951754,0.53343566047868,0,Default series,1,1,2e-06
2765,203.109695,86.0,-124.0,0.5680182099275669,0.35849091645761,0.5040687446849579,0,Default series,1,1,2e-06
2766,254.0,60.0,-108.743,0.6318935487168064,0.3258568261624108,0.5232186799016445,0,Default series,1,1,2e-06
2767,73.933052,23.682920000000003,-114.684,0.4058812010163089,0.28027317739402724,0.5157617902691916,0,Default series,1,1,2e-06
2768,268.0,14.0,-155.366,0.6494657511834521,0.2681195894862892,0.4646994802157572,0,Default series,1,1,2e-06
2769,5.996099,58.662838,-128.001,0.3206096372246665,0.3241784774913604,0.49904686025145434,0,Default series,1,1,2e-06
2770,107.034508,41.651203,-146.026,0.44742873578579206,0.3028261993121693,0.47642264957564795,0,Default series,1,1,2e-06
2771,3.994656,7.97469,-173.965,0.3180975113945629,0.26055687754026746,0.44135480923881837,0,Default series,1,1,2e-06
2772,282.0,217.999985,-146.839,0.6670379536500978,0.5241716637443383,0.4754022066752635,0,Default series,1,1,2e-06
2773,77.95665699999999,171.794693,-156.984,0.41093145828100947,0.466176753311875,0.46266863567354055,0,Default series,1,1,2e-06
2774,232.0,54.0,-125.73200000000001,0.6042800876977916,0.3183258822481341,0.50189481220837,0,Default series,1,1,2e-06
2775,123.953842,17.781368,-162.924,0.46866516168927796,0.272865801207496,0.45521300119840663,0,Default series,1,1,2e-06
2776,268.419983,156.0,-136.0,0.6499928959197769,0.4463519287908385,0.4890068568564044,0,Default series,1,1,2e-06
2777,208.0,11.550066000000001,-126.0,0.5741563120406847,0.2650445368950093,0.5015584300468656,0,Default series,1,1,2e-06
2778,63.999462,361.997437,-141.05,0.39341298282340553,0.7049111195461308,0.48266831239522145,0,Default series,1,1,2e-06
2779,270.0,127.267204,-148.0,0.6519760658215443,0.41028774959477937,0.47394496902785094,0,Default series,1,1,2e-06
2780,204.0,26.605079999999997,-96.0,0.5691356827645002,0.2839409479054511,0.5392131496182493,0,Default series,1,1,2e-06
2782,99.767395,127.628716,-124.02799999999999,0.4383073657155069,0.41074150402750237,0.5040336002800245,0,Default series,1,1,2e-06
2783,272.0,79.362686,-134.0,0.6544863804596366,0.3501600432117027,0.49151717149449664,0,Default series,1,1,2e-06
2784,75.107872,41.731148,-104.02,0.40735578493787067,0.3029265428640404,0.5291467879194994,0,Default series,1,1,2e-06
2785,16.0,232.0,-156.247,0.33316610678382935,0.5417438850383438,0.4635936866176775,0,Default series,1,1,2e-06
2786,288.0,152.0,-150.541,0.6745688975643744,0.441331299514654,0.4707556142801547,0,Default series,1,1,2e-06
2787,10.812844,75.987091,-110.001,0.3266554099653953,0.3459231404413172,0.5216396919942845,0,Default series,1,1,2e-06
2788,145.888702,331.041229,-119.98299999999999,0.49619686176053,0.6660562085050168,0.5091107116355661,0,Default series,1,1,2e-06
2790,-5.6999999999999996e-05,91.999725,-128.994,0.31308351813512425,0.36602151520362397,0.49780048903364155,0,Default series,1,1,2e-06
2791,194.314728,12.0,-150.0,0.5569791427267478,0.26560927484819696,0.4714346543897587,0,Default series,1,1,2e-06
2794,53.973011,158.794754,-144.009,0.38082820946669826,0.44985978472887195,0.478954301888164,0,Default series,1,1,2e-06
2795,13.79446,75.973114,-120.00200000000001,0.33039780711038036,0.3459055971074689,0.5090868636465042,0,Default series,1,1,2e-06
2796,27.963321999999998,0.5737220000000001,-152.013,0.34818195795223483,0.2512674983870413,0.4689080227065188,0,Default series,1,1,2e-06
2798,212.0,3.193315,-144.0,0.5791769413168693,0.2545554997139133,0.4789655983040354,0,Default series,1,1,2e-06
2800,292.0,5.444559,-156.0,0.679589526840559,0.25738116509747194,0.46390371047548196,0,Default series,1,1,2e-06
2801,32.0,238.000015,-156.769,0.3532486238885673,0.5492748477799803,0.4629384944971355,0,Default series,1,1,2e-06
2803,284.0,323.348206,-154.0,0.66954826828819,0.6564002543809766,0.4664140251135742,0,Default series,1,1,2e-06
2804,240.0,70.462402,-128.0,0.6143213462501607,0.3389887866075136,0.49904811540877336,0,Default series,1,1,2e-06
2805,125.95587900000001,23.791012,-164.351,0.47117803308282913,0.28040884985895764,0.4534218917041278,0,Default series,1,1,2e-06
2806,183.845718,55.989662,-142.001,0.5438388882020807,0.32082322106986205,0.48147465778480864,0,Default series,1,1,2e-06
2807,65.99797099999999,339.990387,-146.791,0.3959214260219351,0.677288809668017,0.4754624542265777,0,Default series,1,1,2e-06
2808,18.0,190.0,-163.858,0.33567642142192156,0.48902727763840664,0.4540406842624175,0,Default series,1,1,2e-06
2810,117.95156100000001,61.770596,-99.0805,0.4611313547611565,0.32807920269088464,0.5353466374969277,0,Default series,1,1,2e-06
2811,153.945755,160.568298,-134.019,0.5063097308034225,0.4520858614611223,0.49149332350543473,0,Default series,1,1,2e-06
2813,107.938911,169.982529,-160.02100000000002,0.44856390383060935,0.4639022024039632,0.4588567228955975,0,Default series,1,1,2e-06
2814,114.74391200000001,45.727097,-164.02,0.45710525064187557,0.3079420874979255,0.45383734877673204,0,Default series,1,1,2e-06
2815,266.0,4.0,-154.465,0.6469554365453598,0.255568016295828,0.4658303769602178,0,Default series,1,1,2e-06
2816,165.99675,1.984525,-166.077,0.5214356253794608,0.2530382780982235,0.45125549017145417,0,Default series,1,1,2e-06
2818,234.23466499999998,165.026993,-102.64,0.6070849438281578,0.4576822251237666,0.5308789050197831,0,Default series,1,1,2e-06
2819,201.710571,46.0,-106.0,0.5662620891987138,0.3082846236957651,0.5266615764277881,0,Default series,1,1,2e-06
2820,5.998324,57.992062,-169.231,0.3206124299497014,0.32333654808552,0.44729672398718273,0,Default series,1,1,2e-06
2821,190.13777199999998,41.999901,-148.0,0.5517364058320141,0.303263870159006,0.47394496902785094,0,Default series,1,1,2e-06
2823,216.0,120.0,-148.306,0.5841975705930538,0.4011662653051781,0.4735608908882228,0,Default series,1,1,2e-06
2824,271.635193,46.0,-142.0,0.6540284902835474,0.3082846236957651,0.48147591294212766,0,Default series,1,1,2e-06
2825,208.0,85.17517099999999,-142.0,0.5741563120406847,0.35745562630129846,0.48147591294212766,0,Default series,1,1,2e-06
2826,238.0,56.809493999999994,-104.0,0.6118110316120684,0.32185223920505024,0.5291718910658803,0,Default series,1,1,2e-06
2828,256.0,35.504742,-138.0,0.6344038633548986,0.29511142380178773,0.4864965422183122,0,Default series,1,1,2e-06
2832,177.99633799999998,83.36125899999999,-96.0013,0.5364969960831987,0.3551788813783929,0.5392115179137346,0,Default series,1,1,2e-06
2835,258.00201400000003,149.34053,-130.001,0.6369167058798314,0.4379932462793704,0.4965365456133621,0,Default series,1,1,2e-06
2837,198.0,45.657051,-120.0,0.5616047388502236,0.3078541687483556,0.5090893739611424,0,Default series,1,1,2e-06
2838,270.0,102.0,-97.331,0.6519760658215443,0.3785734335623479,0.5375425352265989,0,Default series,1,1,2e-06
2839,43.99472,175.974991,-87.0428,0.3683038844864762,0.4714236849423689,0.5504558447564092,0,Default series,1,1,2e-06
2840,37.967009999999995,35.843758,-165.053,0.3607381601628887,0.29553694221546145,0.45254077126615744,0,Default series,1,1,2e-06
2841,212.0,10.155166,-128.0,0.5791769413168693,0.2632937179506718,0.49904811540877336,0,Default series,1,1,2e-06
2842,247.44363399999997,106.00000800000001,-120.0,0.6236642779455612,0.38359407287979097,0.5090893739611424,0,Default series,1,1,2e-06
2843,101.922783,125.634277,-119.33,0.44101271673909104,0.4082381693192613,0.5099303293649032,0,Default series,1,1,2e-06
2844,89.928329,9.660553,-119.331,0.425957790013029,0.2626729008236265,0.5099290742075842,0,Default series,1,1,2e-06
2845,220.0,104.894524,-134.0,0.5892181998692382,0.3822065165461026,0.49151717149449664,0,Default series,1,1,2e-06
2846,158.573608,13.959309,-168.003,0.5121184143678421,0.2680685158798199,0.4488380571749714,0,Default series,1,1,2e-06
2847,134.09745800000002,149.663376,-122.025,0.48139699555327137,0.4383984687991952,0.5065476803900739,0,Default series,1,1,2e-06
2848,79.941078,59.720913,-104.304,0.4134222188232283,0.3255065280717102,0.5287903232408903,0,Default series,1,1,2e-06
2849,274.0,191.263977,-140.0,0.6569966950977288,0.4906137676210626,0.4839862275802199,0,Default series,1,1,2e-06
2850,107.386902,33.652423999999996,-134.026,0.44787104569408004,0.2927864733068869,0.49148453740420145,0,Default series,1,1,2e-06
2851,268.0,36.0,-159.245,0.6494657511834521,0.29573305050530385,0.4598307249751773,0,Default series,1,1,2e-06
2852,139.954437,58.725559,-132.016,0.4887484256126208,0.32425720221356835,0.4940074036154842,0,Default series,1,1,2e-06
2853,53.956134999999996,61.792248,-163.37,0.380807027431782,0.3281063793571566,0.45465320103411205,0,Default series,1,1,2e-06
2854,200.000015,86.0,-158.946,0.5641150723156756,0.35849091645761,0.4602060170135721,0,Default series,1,1,2e-06
2855,1.270326,86.0,-98.0,0.31467804865556603,0.35849091645761,0.536702834980157,0,Default series,1,1,2e-06
2856,194.0,46.476734,-116.0,0.556584109574039,0.30888299986510326,0.5141100032373268,0,Default series,1,1,2e-06
2857,113.942856,43.729343,-109.28399999999999,0.4560997993405097,0.3054345919431718,0.5225396397920405,0,Default series,1,1,2e-06
2858,298.0,116.0,-151.756,0.6871204707548357,0.39614563602899366,0.4692305981375137,0,Default series,1,1,2e-06
2859,272.0,70.0,-156.44899999999998,0.6544863804596366,0.33840839935287204,0.46334014483923025,0,Default series,1,1,2e-06
2860,11.999999,148.0,-159.844,0.3281454762524876,0.43631067023846953,0.4590788857410687,0,Default series,1,1,2e-06
2861,183.785645,156.647675,-103.883,0.5437634871364537,0.4471648628074517,0.5293187444722087,0,Default series,1,1,2e-06
2862,119.936523,46.873940000000005,-126.022,0.4636227943434849,0.3093815558831723,0.5015308165858466,0,Default series,1,1,2e-06
2863,65.946175,111.46900900000001,-144.019,0.3958564138934378,0.39045852951281157,0.47894175031497355,0,Default series,1,1,2e-06
2864,93.923851,85.60189100000001,-120.027,0.4309727986947388,0.3579912270324819,0.5090554847135281,0,Default series,1,1,2e-06
2865,113.924347,299.498962,-137.9,0.4560765676336915,0.6264657012206598,0.48662205795021674,0,Default series,1,1,2e-06
2866,59.954556000000004,77.78475999999999,-163.561,0.38833598945265196,0.34817949784388946,0.4544134659861742,0,Default series,1,1,2e-06
2867,43.977047,101.891281,-163.451,0.3682817020911767,0.3784369741137786,0.4545515332912693,0,Default series,1,1,2e-06
2868,37.967014,27.843769,-168.541,0.360738165183518,0.28549569746982306,0.44816278253732456,0,Default series,1,1,2e-06
2869,175.993149,77.967567,-159.56799999999998,0.5339826787484161,0.3484089493879124,0.45942530916112545,0,Default series,1,1,2e-06
2870,238.0,102.220421,-128.0,0.6118110316120684,0.3788500965937694,0.49904811540877336,0,Default series,1,1,2e-06
2871,75.697968,165.749268,-122.01899999999999,0.4080964482512105,0.45858879387638063,0.5065552113339883,0,Default series,1,1,2e-06
2872,54.45953000000001,27.750463,-164.019,0.3814388673504032,0.2853785837610121,0.4538386039340511,0,Default series,1,1,2e-06
2873,188.02504,95.98041500000001,-124.001,0.5490845947990313,0.3710179073919777,0.5040674895276388,0,Default series,1,1,2e-06
2874,276.522827,220.0,-148.0,0.660163239871466,0.5266819972097903,0.47394496902785094,0,Default series,1,1,2e-06
2876,154.64858999999998,67.85996999999999,-128.01,0.5071918992977543,0.33572232503539373,0.49903556383558295,0,Default series,1,1,2e-06
2878,214.730042,381.86962900000003,-142.01,0.5826035735144726,0.7298538467804208,0.4814633613689372,0,Default series,1,1,2e-06
2879,9.990163,5.95341,-173.075,0.32562281588700515,0.2580198531544259,0.4424718992527694,0,Default series,1,1,2e-06
2880,262.0,26.0,-158.214,0.6419348072691753,0.28318147731484267,0.46112479217111385,0,Default series,1,1,2e-06
2881,125.933365,91.68441,-122.77600000000001,0.47114977447094814,0.36562574527356895,0.5056050572434703,0,Default series,1,1,2e-06
2882,276.0,146.0,-148.96200000000002,0.659507009735821,0.4338003556003773,0.47273750768692857,0,Default series,1,1,2e-06
2883,254.0,62.000004000000004,-115.68700000000001,0.6318935487168064,0.32836714582113236,0.5145028674781883,0,Default series,1,1,2e-06
2884,133.958435,69.803162,-103.40899999999999,0.4812224998173056,0.3381613366965056,0.5299136890414365,0,Default series,1,1,2e-06
2885,157.385666,33.926018,-158.005,0.5106273602719398,0.29312987681843394,0.4613871200507945,0,Default series,1,1,2e-06
2886,83.928505,1.6613930000000001,-118.801,0.41842706700644045,0.2526326966034055,0.5105943075866787,0,Default series,1,1,2e-06
2887,292.0,189.5,-104.0,0.679589526840559,0.4883996989788836,0.5291718910658803,0,Default series,1,1,2e-06
2888,103.944023,57.734867,-100.463,0.4435496909186398,0.3230137278988479,0.5336113825033464,0,Default series,1,1,2e-06
2889,67.941551,82.628998,-154.02100000000002,0.3983609246840868,0.35425977862479086,0.4663876668098742,0,Default series,1,1,2e-06
2891,225.999985,60.0,-130.77,0.5967491249561552,0.3258568261624108,0.4955713296350156,0,Default series,1,1,2e-06
2894,153.65036,31.913708000000003,-160.006,0.5059389636071628,0.2906041111937443,0.4588755502553832,0,Default series,1,1,2e-06
2895,225.999985,94.948868,-114.0,0.5967491249561552,0.36972315362498764,0.5166203178754191,0,Default series,1,1,2e-06
2896,16.0,195.25882,-132.0,0.33316610678382935,0.49562792405095274,0.4940274861325889,0,Default series,1,1,2e-06
2897,73.941231,37.721641999999996,-106.384,0.4058914669480214,0.2978939820623811,0.5261795960172744,0,Default series,1,1,2e-06
2898,217.997681,229.989044,-143.27700000000002,0.5867049745213231,0.539219818896664,0.47987307704570575,0,Default series,1,1,2e-06
2899,77.943176,53.730872999999995,-103.057,0.4109145375051914,0.31798808552433117,0.5303555044177408,0,Default series,1,1,2e-06
2902,35.050067999999996,223.99504100000001,-108.0,0.35707693906235566,0.5316964021608297,0.5241512617896958,0,Default series,1,1,2e-06
2904,40.962551,11.760263,-146.018,0.3644980353735414,0.26530836719800077,0.47643269083420037,0,Default series,1,1,2e-06
2905,77.954491,149.784439,-98.9806,0.41092873961025644,0.4385504219097109,0.5354720277131004,0,Default series,1,1,2e-06
2906,217.726196,104.0,-134.0,0.5863642181365618,0.38108374820044016,0.49151717149449664,0,Default series,1,1,2e-06
2907,9.995258999999999,62.236053000000005,-118.00200000000001,0.325629212168703,0.32866342445113583,0.5115971782845965,0,Default series,1,1,2e-06
2908,166.18248,223.54478500000002,-145.952,0.5216687457483271,0.5311312600469852,0.4765155312172574,0,Default series,1,1,2e-06
2910,21.979435000000002,3.902596,-172.875,0.34067123838783986,0.2554457589523236,0.44272293071657864,0,Default series,1,1,2e-06
2911,274.0,8.0,-153.308,0.6569966950977288,0.26058864557201245,0.46728259397835414,0,Default series,1,1,2e-06
2912,157.930359,263.670227,-108.90799999999999,0.511311035677523,0.5814950022532459,0.523011578944002,0,Default series,1,1,2e-06
2913,201.995026,179.976456,-147.197,0.5666191249739031,0.4764461530240258,0.47495286035504497,0,Default series,1,1,2e-06
2914,63.94185600000001,35.724613,-164.722,0.3933406782308846,0.2953873964966838,0.4529562283387617,0,Default series,1,1,2e-06
2915,238.0,44.0,-78.6857,0.6118110316120684,0.3057743090576729,0.5609453199874095,0,Default series,1,1,2e-06
2916,15.302238000000001,200.0,-142.0,0.3322903057025771,0.5015788508288679,0.48147591294212766,0,Default series,1,1,2e-06
2918,190.0,6.0,-154.851,0.5515634802978545,0.25807833093392024,0.46534588623506595,0,Default series,1,1,2e-06
2920,288.0,87.083107,-146.0,0.6745688975643744,0.3598503861359701,0.4764552836659432,0,Default series,1,1,2e-06
2921,68.412056,51.665081,-136.025,0.39895148247848455,0.31539519157590423,0.4889754779234282,0,Default series,1,1,2e-06
2923,246.0,36.0,-107.568,0.6218522901644373,0.29573305050530385,0.5246934897515237,0,Default series,1,1,2e-06
2925,113.93701200000001,46.175579,-158.02200000000002,0.45609246420113725,0.3085050029626859,0.46136578237637066,0,Default series,1,1,2e-06
2926,103.96129599999999,357.816681,-115.632,0.4435713712510117,0.6996636130535849,0.5145719011307358,0,Default series,1,1,2e-06
2927,69.451408,79.69232199999999,-126.023,0.40025603274834975,0.35057378824972374,0.5015295614285276,0,Default series,1,1,2e-06
2928,75.942665,59.728432,-104.67200000000001,0.4084035814817092,0.32551596559959206,0.5283284253474813,0,Default series,1,1,2e-06
2930,55.955288,67.788223,-162.77,0.383316278951625,0.33563227126322415,0.4554062954255397,0,Default series,1,1,2e-06
2931,58.2234,61.748978,-156.019,0.38616311632884137,0.32805206869996145,0.4638798624864201,0,Default series,1,1,2e-06
2932,227.69688399999998,172.295532,-106.25299999999999,0.5988790001556872,0.4668053850483888,0.5263440216260694,0,Default series,1,1,2e-06
2934,258.0,106.00000800000001,-101.67,0.6369141779929908,0.38359407287979097,0.5320964076192578,0,Default series,1,1,2e-06
2936,234.965927,22.0,-138.0,0.6080027926795981,0.27816084803865815,0.4864965422183122,0,Default series,1,1,2e-06
2937,272.0,179.755493,-150.0,0.6544863804596366,0.47616880969733744,0.4714346543897587,0,Default series,1,1,2e-06
2938,208.00766000000002,125.589119,-115.98899999999999,0.5741659265457486,0.40818148892504785,0.5141238099678364,0,Default series,1,1,2e-06
2939,133.95640600000002,51.793495,-159.69,0.4812199531031053,0.31555637134787223,0.4592721799682018,0,Default series,1,1,2e-06
2940,119.942276,45.726601,-115.616,0.4636300152635414,0.30794146493989527,0.5145919836478405,0,Default series,1,1,2e-06
2941,252.0,10.0,-157.336,0.6293832340787141,0.2630989602101047,0.46222682029723633,0,Default series,1,1,2e-06
2942,145.936172,162.519363,-126.022,0.49625644407846514,0.454534754975807,0.5015308165858466,0,Default series,1,1,2e-06
2943,265.239532,82.0,-110.0,0.6460009295692595,0.3534702871814255,0.5216409471516036,0,Default series,1,1,2e-06
2944,152.439651,101.827538,-112.01299999999999,0.5044193333445779,0.3783569666207906,0.5191143154683637,0,Default series,1,1,2e-06
2945,153.987778,9.942078,-165.90900000000002,0.5063624762794408,0.2630262589878709,0.45146635660105394,0,Default series,1,1,2e-06
2946,29.962631,3.823008,-154.84,0.3506914052766196,0.25534586349161537,0.46535969296557544,0,Default series,1,1,2e-06
2947,258.0,187.355759,-150.0,0.6369141779929908,0.4857083391939348,0.4714346543897587,0,Default series,1,1,2e-06
2948,133.420853,55.752117000000005,-130.018,0.4805477498354181,0.3205250647245092,0.4965152079389383,0,Default series,1,1,2e-06
2950,119.937172,173.702438,-159.009,0.463623608940585,0.4685712734114987,0.4601269421024722,0,Default series,1,1,2e-06
2951,97.92789499999999,129.15625,-150.025,0.4359985038271215,0.4126587995076942,0.4714032754567825,0,Default series,1,1,2e-06
2952,52.0,362.0,-141.614,0.37835177026948974,0.7049143365143395,0.4819604036672795,0,Default series,1,1,2e-06
2953,276.0,26.0,-155.55200000000002,0.659507009735821,0.28318147731484267,0.4644660209544146,0,Default series,1,1,2e-06
2954,284.0,318.0,-151.004,0.66954826828819,0.6496874144763103,0.4701744764414364,0,Default series,1,1,2e-06
2955,245.1754,108.0,-126.0,0.620817287439152,0.3861043774766246,0.5015584300468656,0,Default series,1,1,2e-06
2957,7.323735000000001,59.977261,-138.002,0.32227602926709564,0.325828285140133,0.4864940319036741,0,Default series,1,1,2e-06
2958,179.97981299999998,165.904358,-150.032,0.5389865692465937,0.4587834562249915,0.47139448935554923,0,Default series,1,1,2e-06
2959,191.995453,145.978561,-96.911,0.5540680877356171,0.4337734462826143,0.5380697013005983,0,Default series,1,1,2e-06
2961,161.959442,149.80789199999998,-140.628,0.5163681686940172,0.4385798591143144,0.48319798878385894,0,Default series,1,1,2e-06
2962,216.0,42.514584,-122.0,0.5841975705930538,0.3039098782934446,0.5065790593230501,0,Default series,1,1,2e-06
2963,10.0,386.0,-131.172,0.32563516286955263,0.7350381121714465,0.4950667563927591,0,Default series,1,1,2e-06
2964,175.961853,229.81935099999998,-147.506,0.5339433973449592,0.5390068274857232,0.47456501674345974,0,Default series,1,1,2e-06
2965,19.002151,85.957176,-134.003,0.336934278584361,0.35843716560057914,0.4915134060225395,0,Default series,1,1,2e-06
2966,114.54353300000001,35.696754,-122.022,0.45685374347344243,0.29535242906893244,0.506551445862031,0,Default series,1,1,2e-06
2967,255.58776899999998,48.0,-124.0,0.6338864485981108,0.31079493833385735,0.5040687446849579,0,Default series,1,1,2e-06
2969,121.95225500000001,19.388185999999997,-164.017,0.46615285511652044,0.27488261058057106,0.4538411142486892,0,Default series,1,1,2e-06
2970,25.978867,19.899901999999997,-171.726,0.34569115473466716,0.27552489466324404,0.44416510647616264,0,Default series,1,1,2e-06
2971,179.995224,103.977409,-94.24700000000001,0.5390059124760376,0.3810553929414456,0.5414134403985371,0,Default series,1,1,2e-06
2972,238.0,64.0,-129.084,0.6118110316120684,0.33087745543859526,0.4976875248749274,0,Default series,1,1,2e-06
2973,208.0,23.059078,-94.0,0.5741563120406847,0.2794901575417989,0.5417234642563415,0,Default series,1,1,2e-06
2974,224.0,78.0,-110.346,0.5942388291454227,0.34844965790524096,0.5212066627192136,0,Default series,1,1,2e-06
2975,133.961044,33.815506,-161.826,0.48122577452275095,0.29299116687279153,0.45659116393471927,0,Default series,1,1,2e-06
2976,156.955872,157.764771,-136.017,0.5100879011871576,0.4485669940279288,0.48898551918198063,0,Default series,1,1,2e-06
2977,122.147232,59.77278100000001,-102.01700000000001,0.46639758192511604,0.3255716305715345,0.5316608680295487,0,Default series,1,1,2e-06
2979,83.946373,128.79255700000002,-100.01899999999999,0.41844949415741717,0.4122023075768584,0.5341686723530029,0,Default series,1,1,2e-06
2980,85.002342,17.703276000000002,-108.022,0.41977490137645296,0.27276778346213704,0.5241236483286768,0,Default series,1,1,2e-06
2981,43.959972,33.810421000000005,-164.877,0.368260270279954,0.2929847843978242,0.4527616789543095,0,Default series,1,1,2e-06
2983,65.169014,33.691784000000006,-120.023,0.3948809545762106,0.29283587629896457,0.5090605053428043,0,Default series,1,1,2e-06
2984,117.382622,117.63016499999999,-132.02700000000002,0.4604172468112157,0.3981917495599964,0.49399359688497463,0,Default series,1,1,2e-06
2986,189.53833,28.0,-156.0,0.5509840118183705,0.2856917919529349,0.46390371047548196,0,Default series,1,1,2e-06
2988,131.946915,49.748554,-135.079,0.4786977257668979,0.31298964868470475,0.49016285674724586,0,Default series,1,1,2e-06
2989,129.922318,224.45788599999997,-146.011,0.4761565380242291,0.5322773454501635,0.4764414769354337,0,Default series,1,1,2e-06
2990,183.996841,83.985016,-158.53,0.544028571341607,0.3559617945422492,0.4607281624582953,0,Default series,1,1,2e-06
2991,154.660278,81.87384,-108.009,0.5072065695764993,0.3533119365340546,0.5241399653738243,0,Default series,1,1,2e-06
2992,175.99203500000002,81.962296,-156.863,0.5339812805031626,0.3534229627298682,0.4628205097091452,0,Default series,1,1,2e-06
2993,160.386505,213.292664,-147.586,0.5143938853060688,0.5182632353380887,0.474464604157936,0,Default series,1,1,2e-06
2994,69.336685,179.849579,-158.011,0.40011203733523687,0.4762869024288572,0.4613795891068802,0,Default series,1,1,2e-06
2995,191.23289499999998,75.998047,-158.0,0.5531109574807199,0.3459368919449046,0.4613933958373897,0,Default series,1,1,2e-06
2996,179.94671599999998,282.522827,-128.019,0.5389450273048053,0.6051579811262948,0.4990242674197115,0,Default series,1,1,2e-06
2997,37.95293,10.726624000000001,-134.017,0.36072048754783653,0.26401098764189934,0.4914958338200729,0,Default series,1,1,2e-06
2998,95.494293,335.851288,-132.011,0.43294395046517625,0.6720935892639105,0.4940136794020794,0,Default series,1,1,2e-06
2999,137.942276,98.74655200000001,-128.02,0.4862228470063716,0.374489844493012,0.49902301226239243,0,Default series,1,1,2e-06
3001,129.96168500000002,3.8185599999999997,-160.476,0.476205949802408,0.25534028055186025,0.4582856263154315,0,Default series,1,1,2e-06
3002,39.957237,5.3845410000000005,-166.015,0.3632362081485019,0.2573058330654975,0.45133330992523507,0,Default series,1,1,2e-06
3003,147.963943,102.451645,-162.013,0.4988016156904646,0.3791403190897085,0.45635644951605764,0,Default series,1,1,2e-06
3004,225.999985,42.0,-76.5411,0.5967491249561552,0.30326399441958063,0.5636371303738359,0,Default series,1,1,2e-06
3005,157.974182,79.401451,-116.009,0.5113660404367155,0.3502086993851755,0.5140987068214554,0,Default series,1,1,2e-06
3006,10.0,166.0,-163.058,0.32563516286955263,0.4589035019812997,0.45504481011765446,0,Default series,1,1,2e-06
3007,210.0,48.0,-85.2235,0.576666626678777,0.31079493833385735,0.5527393524669498,0,Default series,1,1,2e-06
3008,274.0,2.0,-153.017,0.6569966950977288,0.2530577016577358,0.46764784475819654,0,Default series,1,1,2e-06
3009,101.944702,29.738077,-103.23200000000001,0.44104022853236724,0.28787335202055064,0.5301358518869077,0,Default series,1,1,2e-06
3010,53.955109,57.787383999999996,-163.421,0.3808057396403727,0.32307964499577224,0.4545891880108407,0,Default series,1,1,2e-06
3011,135.937073,213.70195,-154.342,0.4837060017847484,0.5187769536565718,0.4659847613104604,0,Default series,1,1,2e-06
3012,71.93854499999999,38.896736,-166.02200000000002,0.4033777809573702,0.2993689098970483,0.4513245238240017,0,Default series,1,1,2e-06
3013,26.517415999999997,175.991943,-144.001,0.3463671184536822,0.4714449623692414,0.4789643431467164,0,Default series,1,1,2e-06
3014,31.989667999999998,107.95106499999999,-165.07,0.3532356556031469,0.3860429563532171,0.45251943359173363,0,Default series,1,1,2e-06
3015,141.959991,89.810501,-162.244,0.491265711394463,0.36327369467699255,0.456066508175358,0,Default series,1,1,2e-06
3016,141.955582,88.411331,-112.016,0.4912601774058433,0.3615175162109028,0.5191105499964066,0,Default series,1,1,2e-06
3017,55.982079000000006,171.915131,-162.904,0.3833499058713596,0.46632792194906636,0.45523810434478756,0,Default series,1,1,2e-06
3018,272.0,98.0,-100.75299999999999,0.6544863804596366,0.37355280428616344,0.5332473868808231,0,Default series,1,1,2e-06
3019,71.893417,181.80685400000002,-110.014,0.4033211382178763,0.4787435904704932,0.5216233749491369,0,Default series,1,1,2e-06
3022,205.981018,353.910126,-160.329,0.5716221720063623,0.6947602719530787,0.4584701344413313,0,Default series,1,1,2e-06
3023,177.92361499999998,395.63818399999997,-104.634,0.5364057172774858,0.7471355493613597,0.5283761213256051,0,Default series,1,1,2e-06
3024,206.0,84.321014,-148.0,0.5716459974025925,0.356383524891134,0.47394496902785094,0,Default series,1,1,2e-06
3025,266.0,230.0,-154.785,0.6469554365453598,0.5392335704002515,0.465428726618123,0,Default series,1,1,2e-06
3026,0.0,78.0,-90.9811,0.31308358967909145,0.34844965790524096,0.5455126586868099,0,Default series,1,1,2e-06
3027,123.93318899999998,183.643753,-154.023,0.4686392389251677,0.4810491876946917,0.46638515649523615,0,Default series,1,1,2e-06
3028,201.05397,46.0,-104.0,0.5654379516478708,0.3082846236957651,0.5291718910658803,0,Default series,1,1,2e-06
3029,220.0,150.0,-99.0136,0.5892181998692382,0.4388209848765618,0.5354306075215719,0,Default series,1,1,2e-06
3030,139.51944,55.784409,-136.016,0.4882024359443077,0.32056559626465586,0.48898677433929966,0,Default series,1,1,2e-06
3031,109.93615700000001,168.004593,-158.02200000000002,0.45107076176544497,0.46141958155695834,0.46136578237637066,0,Default series,1,1,2e-06
3033,39.97287,65.87150600000001,-165.11599999999999,0.36325583002287054,0.33322648989213405,0.4524616963550575,0,Default series,1,1,2e-06
3034,175.96676599999998,203.845871,-148.407,0.5339495639328676,0.5064060239626251,0.47343411999899915,0,Default series,1,1,2e-06
3035,35.96133,3.816841,-115.87899999999999,0.3582207162312243,0.2553381229364288,0.5142618772729314,0,Default series,1,1,2e-06
3036,242.0,260.0,-126.785,0.6168316608882529,0.5768882899716352,0.5005731315514144,0,Default series,1,1,2e-06
3037,59.963699,158.495483,-128.013,0.38834746535602,0.4494841525428437,0.49903179836362577,0,Default series,1,1,2e-06
3038,284.0,48.0,-153.911,0.66954826828819,0.31079493833385735,0.46652573411496934,0,Default series,1,1,2e-06
3039,246.0,312.0,-145.779,0.6218522901644373,0.6421564705620335,0.4767326734334524,0,Default series,1,1,2e-06
3040,280.0,126.86190800000001,-118.0,0.6645276390120055,0.4097790393539993,0.5115996885992345,0,Default series,1,1,2e-06
3041,105.941696,37.723869,-106.56,0.44605708480565065,0.2978967772977306,0.5259586883291222,0,Default series,1,1,2e-06
3042,20.0,236.0,-158.637,0.3381867360600138,0.5467645143145282,0.46059386062515734,0,Default series,1,1,2e-06
3043,228.0,82.0,-108.76299999999999,0.5992594584216072,0.3534702871814255,0.5231935767552637,0,Default series,1,1,2e-06
3044,39.996361,222.153198,-116.001,0.3632853149234523,0.5293845994388457,0.5141087480800078,0,Default series,1,1,2e-06
3045,177.235001,47.983707,-156.001,0.5355413983753882,0.3107744880556581,0.46390245531816293,0,Default series,1,1,2e-06
3046,118.929123,153.667038,-152.025,0.4623583488602779,0.443423694461482,0.4688929608186903,0,Default series,1,1,2e-06
3047,198.0,16.0,-131.017,0.5616047388502236,0.2706299041243815,0.4952613057772112,0,Default series,1,1,2e-06
3049,233.155502,178.09085100000001,-114.29700000000001,0.6057304244902642,0.47407942210744586,0.5162475361516624,0,Default series,1,1,2e-06
3051,27.976305,15.887773999999999,-172.331,0.348198253659708,0.2704890428390942,0.4434057362981398,0,Default series,1,1,2e-06
3052,3.314024,57.993258999999995,-112.0,0.3172432111581859,0.3233380505088309,0.5191306325135113,0,Default series,1,1,2e-06
3053,236.0,24.0,-110.757,0.6093007169739761,0.2806711626767504,0.5206907930610857,0,Default series,1,1,2e-06
3054,65.927582,28.662645,-142.025,0.39583307675340473,0.2865235156746142,0.4814445340091515,0,Default series,1,1,2e-06
3055,276.0,46.0,-155.722,0.659507009735821,0.3082846236957651,0.46425264421017676,0,Default series,1,1,2e-06
3058,111.954727,369.78558300000003,-117.88600000000001,0.4536043846749519,0.7146864679998307,0.5117427765336059,0,Default series,1,1,2e-06
3060,296.0,78.0,-152.22299999999998,0.6846101561167435,0.34844965790524096,0.4686444396695192,0,Default series,1,1,2e-06
3061,135.643311,224.38006600000003,-115.23200000000001,0.48333728426039074,0.5321796691075954,0.5150739640583543,0,Default series,1,1,2e-06
3062,19.988083,49.943562,-165.208,0.33817177835024276,0.31323441440317723,0.45234622188170526,0,Default series,1,1,2e-06
3063,51.938373999999996,16.842257999999998,-134.02200000000002,0.3782744199445462,0.2716870704176066,0.4914895580334776,0,Default series,1,1,2e-06
3064,33.995201,173.977264,-108.485,0.3557529150266855,0.46891622327686283,0.5235425104899585,0,Default series,1,1,2e-06
3065,26.239078999999997,75.918976,-144.006,0.34601776173097076,0.34583764540053036,0.47895806736012114,0,Default series,1,1,2e-06
3067,222.0,36.0,-77.31,0.5917285145073304,0.29573305050530385,0.5626720399112213,0,Default series,1,1,2e-06
3068,45.956084999999995,15.792010000000001,-169.012,0.37076570612154713,0.27036884395359306,0.4475716034400538,0,Default series,1,1,2e-06
3069,177.999359,17.996969,-161.564,0.5365007879134596,0.2731364143806397,0.45692001515230934,0,Default series,1,1,2e-06
3070,190.0,38.0,-157.57399999999998,0.5515634802978545,0.2982433651433961,0.4619280928553034,0,Default series,1,1,2e-06
3071,219.562973,44.0,-122.0,0.5886696622315675,0.3057743090576729,0.5065790593230501,0,Default series,1,1,2e-06
3072,5.032389,61.98568,-148.001,0.31940002956472857,0.32834916694769434,0.4739437138705319,0,Default series,1,1,2e-06
3073,41.983456,149.16485600000001,-144.006,0.3657794317563422,0.43777274777250436,0.47895806736012114,0,Default series,1,1,2e-06
3074,228.0,17.610188,-86.0,0.5992594584216072,0.2726509433776217,0.5517647228087105,0,Default series,1,1,2e-06
3075,257.162628,36.0,-156.0,0.6358631443984265,0.29573305050530385,0.46390371047548196,0,Default series,1,1,2e-06
3076,237.56294300000002,175.72851599999998,-108.944,0.6112624563196781,0.47111432004215703,0.5229663932805163,0,Default series,1,1,2e-06
3077,210.46908599999998,98.0,-134.0,0.5772554034049391,0.37355280428616344,0.49151717149449664,0,Default series,1,1,2e-06
3078,129.948395,87.755562,-105.725,0.47618926876163786,0.3606944229509492,0.5270067446905258,0,Default series,1,1,2e-06
3079,44.398338,13.741725,-138.019,0.3688104885732749,0.2677954137297126,0.48647269422925027,0,Default series,1,1,2e-06
3080,117.948479,75.755989,-99.2573,0.4611274863662992,0.345633071074571,0.5351247256829204,0,Default series,1,1,2e-06
3081,234.000015,34.0,-122.637,0.6067904211632437,0.29322273586721165,0.5057795241108177,0,Default series,1,1,2e-06
3082,270.0,50.0,-157.13299999999998,0.6519760658215443,0.31330525297194955,0.46248161723300274,0,Default series,1,1,2e-06
3083,33.96249,-0.177668,-166.618,0.3557118575756221,0.2503243857290832,0.45057645006185026,0,Default series,1,1,2e-06
3084,81.934601,81.690262,-110.96700000000001,0.4159244038073651,0.3530815172637388,0.520427210024086,0,Default series,1,1,2e-06
3085,19.989349,69.949554,-155.548,0.3381733673794087,0.3383450816867554,0.4644710415836908,0,Default series,1,1,2e-06
3087,270.0,78.696823,-128.0,0.6519760658215443,0.34932428039377067,0.49904811540877336,0,Default series,1,1,2e-06
3088,45.947113,8.935644,-158.019,0.3707544448500806,0.26176302598663403,0.46136954784832784,0,Default series,1,1,2e-06
3089,280.0,186.0,-148.44899999999998,0.6645276390120055,0.4840066483622222,0.47338140339159923,0,Default series,1,1,2e-06
3090,87.96859,292.591614,-140.011,0.4234980092637589,0.6177958928232612,0.4839724208497104,0,Default series,1,1,2e-06
3091,103.93710300000001,43.702084,-165.37099999999998,0.44354100522999207,0.3054003776098119,0.45214163123870077,0,Default series,1,1,2e-06
3092,258.0,26.0,-158.116,0.6369141779929908,0.28318147731484267,0.46124779758838036,0,Default series,1,1,2e-06
3093,167.08428999999998,15.976145,-160.002,0.5228006591702161,0.2705999623465356,0.4588805708846594,0,Default series,1,1,2e-06
3094,250.0,28.690351,-146.0,0.6268729194406218,0.2865582910632957,0.4764552836659432,0,Default series,1,1,2e-06
3095,139.942368,156.07962,-154.02,0.48873327711893716,0.44645186441658097,0.4663889219671933,0,Default series,1,1,2e-06
3099,26.120642,390.0,-134.0,0.3458691046635749,0.740058741447631,0.49151717149449664,0,Default series,1,1,2e-06
3100,111.93611899999999,21.697433,-154.161,0.45358102870755906,0.2777810788541063,0.4662119447852078,0,Default series,1,1,2e-06
3101,127.9319,105.677452,-141.47,0.47365825030356795,0.3831892143555887,0.4821411463212221,0,Default series,1,1,2e-06
3102,268.0,123.012947,-112.0,0.6494657511834521,0.40494798778412616,0.5191306325135113,0,Default series,1,1,2e-06
3103,125.943481,105.85174599999999,-162.02,0.4711624716423876,0.38340798074535454,0.4563476634148243,0,Default series,1,1,2e-06
3104,195.999985,77.11979699999999,-112.0,0.5590944053847715,0.34734486466754466,0.5191306325135113,0,Default series,1,1,2e-06
3105,213.171463,16.0,-106.0,0.5806473116753109,0.2706299041243815,0.5266615764277881,0,Default series,1,1,2e-06
3106,11.991492,27.959709000000004,-169.62900000000002,0.3281347986291744,0.2856412204093932,0.44679717137420233,0,Default series,1,1,2e-06
3108,69.944176,59.735606999999995,-107.036,0.4008745341101415,0.32552497135335623,0.5253612334452563,0,Default series,1,1,2e-06
3109,166.603165,337.633545,-124.025,0.52219677160509,0.6743306021818817,0.5040373657519817,0,Default series,1,1,2e-06
3111,81.944435,41.736839,-100.76700000000001,0.4159367470244406,0.3029336859643431,0.5332298146783564,0,Default series,1,1,2e-06
3112,5.997209,62.476967,-156.001,0.3206110304492907,0.32896580942149656,0.46390245531816293,0,Default series,1,1,2e-06
3113,182.592941,157.911346,-140.007,0.5422664559813981,0.44875096871196807,0.4839774414789866,0,Default series,1,1,2e-06
3114,229.99928300000002,146.052505,-102.794,0.6017688731119017,0.4338662576354138,0.53068561079265,0,Default series,1,1,2e-06
3115,20.002533,95.963913,-146.003,0.33818991537350296,0.37099719478589877,0.47645151819398607,0,Default series,1,1,2e-06
3116,270.0,76.0,-156.559,0.6519760658215443,0.34593934326714876,0.46320207753413517,0,Default series,1,1,2e-06
3117,196.0,47.77256,-106.0,0.5590944242121313,0.3105094653532135,0.5266615764277881,0,Default series,1,1,2e-06
3119,286.0,42.0,-153.839,0.6720585829262823,0.30326399441958063,0.46661610544194065,0,Default series,1,1,2e-06
3120,270.045258,52.0,-136.0,0.6520328717314897,0.3158155676100418,0.4890068568564044,0,Default series,1,1,2e-06
3121,204.50444,172.339844,-125.93299999999999,0.5697688343225199,0.4668610035795104,0.5016425255872418,0,Default series,1,1,2e-06
3122,225.999985,14.181070000000002,-92.0,0.5967491249561552,0.2683468608220489,0.5442337788944338,0,Default series,1,1,2e-06
3123,165.987671,85.941559,-98.0881,0.5214242298061611,0.3584175638087276,0.5365922556203491,0,Default series,1,1,2e-06
3124,276.0,83.172905,-122.0,0.659507009735821,0.3549424674767213,0.5065790593230501,0,Default series,1,1,2e-06
3125,129.940643,115.71888700000001,-156.34,0.4761795387821006,0.39579279498956466,0.4634769569870063,0,Default series,1,1,2e-06
3126,35.976242,61.88746999999999,-165.722,0.3582394331371659,0.32822589794739077,0.45170107101971557,0,Default series,1,1,2e-06
3127,175.960388,209.84046899999998,-147.32399999999998,0.5339415585394868,0.5139301875170643,0.47479345537552614,0,Default series,1,1,2e-06
3128,69.958809,132.619232,-100.014,0.4008929008271911,0.4170053867107192,0.5341749481395981,0,Default series,1,1,2e-06
3129,284.0,386.0,-154.84799999999998,0.66954826828819,0.7350381121714465,0.46534965170702314,0,Default series,1,1,2e-06
3130,97.926529,174.06135600000002,-130.026,0.43599678928222374,0.4690217719661361,0.4965051666803859,0,Default series,1,1,2e-06
3131,27.983028000000004,77.919624,-152.067,0.348206692082364,0.34834877338056536,0.46884024421129034,0,Default series,1,1,2e-06
3132,107.931526,121.67566699999999,-157.171,0.4485546344938082,0.40326949100451215,0.462433921254879,0,Default series,1,1,2e-06
3133,250.0,6.0,-156.64600000000002,0.6268729194406218,0.25807833093392024,0.46309287884737815,0,Default series,1,1,2e-06
3134,177.997375,41.987564,-155.326,0.5364982976813386,0.30324838528316095,0.46474968650851906,0,Default series,1,1,2e-06
3136,134.884781,151.660934,-126.025,0.4823852097791747,0.4409057183431143,0.5015270511138895,0,Default series,1,1,2e-06
3138,41.948219,12.381597,-136.018,0.365735203777891,0.26608823911567303,0.48898426402466155,0,Default series,1,1,2e-06
3139,97.945976,23.744137,-101.584,0.4360211983266072,0.2803500143596273,0.5322043511486957,0,Default series,1,1,2e-06
3140,256.932098,342.0,-146.0,0.6355737929816668,0.6798111901334172,0.4764552836659432,0,Default series,1,1,2e-06
3141,64.827927,53.717342,-116.021,0.3944528367317291,0.31797110199064715,0.5140836449336269,0,Default series,1,1,2e-06
3143,51.950588,31.311802,-164.017,0.3782897504360411,0.2898486244724665,0.4538411142486892,0,Default series,1,1,2e-06
3144,165.995987,13.962860999999998,-168.00099999999998,0.5214346676944264,0.26807297419861714,0.4488405674896095,0,Default series,1,1,2e-06
3145,296.845459,112.0,-114.0,0.6856713401685469,0.39112500675280915,0.5166203178754191,0,Default series,1,1,2e-06
3146,286.0,32.0,-154.214,0.6720585829262823,0.2907124212291194,0.4661454214472983,0,Default series,1,1,2e-06
3147,89.933006,171.68270900000002,-123.455,0.42596366038381017,0.466036195774659,0.504752805423838,0,Default series,1,1,2e-06
3149,73.93379200000001,15.686410999999998,-113.705,0.40588212983272504,0.2702363005958591,0.5169905892845377,0,Default series,1,1,2e-06
3150,183.420898,155.148438,-111.663,0.5433056722698035,0.44528308451391696,0.5195536205300298,0,Default series,1,1,2e-06
3151,137.950989,89.627708,-112.01700000000001,0.48623378319209243,0.36304426070517215,0.5191092948390875,0,Default series,1,1,2e-06
3152,254.0,180.752609,-160.0,0.6318935487168064,0.4774203471426754,0.4588830811992975,0,Default series,1,1,2e-06
3153,271.321686,46.0,-146.0,0.6536349896779251,0.3082846236957651,0.4764552836659432,0,Default series,1,1,2e-06
3154,23.987309,87.93989599999999,-141.509,0.3431914361346623,0.3609257911201983,0.48209219518577934,0,Default series,1,1,2e-06
3155,232.0,69.00664499999999,-128.0,0.6042800876977916,0.33716158255421097,0.49904811540877336,0,Default series,1,1,2e-06
3156,235.999542,303.997864,-150.783,0.6093001421119241,0.6321125309936311,0.4704518662089456,0,Default series,1,1,2e-06
3157,242.0,11.082961,-160.0,0.6168316608882529,0.2644582466354962,0.4588830811992975,0,Default series,1,1,2e-06
3158,69.997314,357.987305,-141.113,0.40094123065976095,0.6998777730159897,0.4825892374841216,0,Default series,1,1,2e-06
3160,69.99754300000001,361.988342,-139.804,0.40094151809078704,0.7048997038903142,0.48423223841475294,0,Default series,1,1,2e-06
3162,290.0,395.196259,-160.0,0.6770792122024667,0.7465808639631403,0.4588830811992975,0,Default series,1,1,2e-06
3163,147.967529,65.004456,-156.011,0.4988061166846107,0.3321382057386551,0.46388990374497246,0,Default series,1,1,2e-06
3164,214.0,102.0,-133.641,0.5816872559549615,0.3785734335623479,0.4919677729720342,0,Default series,1,1,2e-06
3165,157.969025,115.85336299999999,-105.898,0.5113595675904212,0.39596158352520067,0.5267896024743308,0,Default series,1,1,2e-06
3166,19.985909,35.933258,-167.138,0.33816904963823113,0.2956492787955161,0.44992376825594627,0,Default series,1,1,2e-06
3167,95.935707,129.769867,-104.023,0.43349799447800563,0.4134289853763353,0.5291430224475422,0,Default series,1,1,2e-06
3168,191.982834,211.91879300000002,-148.75799999999998,0.554052248905408,0.5165388110970136,0.472993559780014,0,Default series,1,1,2e-06
3169,149.955276,147.788147,-101.086,0.5013010518800727,0.4360447613949577,0.5328294194935808,0,Default series,1,1,2e-06
3170,66.546227,31.6924,-118.023,0.39660957355304605,0.2903263348377808,0.5115708199808965,0,Default series,1,1,2e-06
3172,98.52379599999999,3.643465,-142.026,0.43674645332869844,0.25512050878108183,0.48144327885183247,0,Default series,1,1,2e-06
3173,89.97328900000001,337.87350499999997,-112.835,0.42601422188609334,0.6746317897321599,0.5180825761521078,0,Default series,1,1,2e-06
3174,163.978745,75.89933,-132.997,0.518902711633839,0.3458129865798404,0.4927760942854999,0,Default series,1,1,2e-06
3175,101.946259,21.745462,-103.081,0.441042182812313,0.27784136280498284,0.5303253806420837,0,Default series,1,1,2e-06
3177,187.998825,77.99440799999999,-158.982,0.5490516908499125,0.34844263906551287,0.46016083135008645,0,Default series,1,1,2e-06
3178,23.997416,135.987762,-160.93,0.3432041220096859,0.42123342179464557,0.4577157848925846,0,Default series,1,1,2e-06
3179,177.99963400000001,11.998271,-162.757,0.5365011330817223,0.2656071046811923,0.4554226124706873,0,Default series,1,1,2e-06
3180,139.958054,85.92887900000001,-106.015,0.48875296551664377,0.3584016484139221,0.5266427490680023,0,Default series,1,1,2e-06
3181,187.994263,137.972824,-97.1976,0.5490459648222229,0.42372498689270593,0.5377099732129597,0,Default series,1,1,2e-06
3182,270.0,78.997345,-126.0,0.6519760658215443,0.34970148278160507,0.5015584300468656,0,Default series,1,1,2e-06
3183,64.739548,39.681232,-150.024,0.39434190718302914,0.30035357579321065,0.4714045306141016,0,Default series,1,1,2e-06
3184,254.530167,64.0,-110.0,0.6325589917071731,0.33087745543859526,0.5216409471516036,0,Default series,1,1,2e-06
3185,236.96499599999999,24.0,-140.0,0.6105119387662263,0.2806711626767504,0.4839862275802199,0,Default series,1,1,2e-06
3188,144.486404,157.701157,-120.022,0.49443675716234625,0.448487148450235,0.5090617605001233,0,Default series,1,1,2e-06
3189,244.0,28.320284,-154.0,0.6193419755263452,0.2860937987597083,0.4664140251135742,0,Default series,1,1,2e-06
3190,174.290253,149.884232,-146.009,0.5318452763704417,0.4386756778240504,0.47644398725007175,0,Default series,1,1,2e-06
3191,54.996773,209.923798,-110.006,0.38211319183395953,0.5140347785213031,0.5216334162076893,0,Default series,1,1,2e-06
3193,268.0,63.096584,-138.0,0.6494657511834521,0.3297435262340519,0.4864965422183122,0,Default series,1,1,2e-06
3194,87.940125,47.716393,-103.404,0.4234622812106722,0.3104389669320746,0.5299199648280318,0,Default series,1,1,2e-06
3195,114.54938500000002,27.730106,-114.02,0.4568610886540735,0.2853530325234683,0.5165952147290381,0,Default series,1,1,2e-06
3196,47.943157,18.867319000000002,-146.02,0.3732597940858187,0.27422884055327146,0.47643018051956226,0,Default series,1,1,2e-06
3197,286.0,170.0,-109.055,0.6720585829262823,0.4639241312574842,0.5228270708181021,0,Default series,1,1,2e-06
3198,106.341141,43.641521000000004,-136.02700000000002,0.44655845112095705,0.3053243615170985,0.4889729676087901,0,Default series,1,1,2e-06
3199,171.974274,145.878189,-110.72399999999999,0.5289383583778345,0.433647463632187,0.5207322132526142,0,Default series,1,1,2e-06
3200,238.0,30.0,-127.785,0.6118110316120684,0.2882021065910272,0.4993179742323683,0,Default series,1,1,2e-06
3201,143.951599,103.770775,-149.067,0.4937654927523338,0.3807960347639818,0.4726057161684287,0,Default series,1,1,2e-06
3202,240.0,41.202068,-122.0,0.6143213462501607,0.3022624642296795,0.5065790593230501,0,Default series,1,1,2e-06
3203,141.962677,66.797119,-110.01299999999999,0.49126908274702197,0.33438827982368824,0.521624630106456,0,Default series,1,1,2e-06
3204,87.945091,31.739948,-100.068,0.4234685143219186,0.2903860150579868,0.5341071696443697,0,Default series,1,1,2e-06
3205,110.935608,37.678135,-152.024,0.4523252300031229,0.2978393739329014,0.46889421597600933,0,Default series,1,1,2e-06
3206,211.99781800000002,205.98967,-149.668,0.5791742025635991,0.5090968289680389,0.471851366619682,0,Default series,1,1,2e-06
3207,55.96999399999999,161.32103,-138.011,0.3833347372951589,0.4530306585402025,0.48648273548780263,0,Default series,1,1,2e-06
3211,225.999985,102.122612,-142.0,0.5967491249561552,0.3787273309115508,0.48147591294212766,0,Default series,1,1,2e-06
3212,177.99501,79.564987,-104.00200000000001,0.5364953292342791,0.35041396279250303,0.5291693807512422,0,Default series,1,1,2e-06
3214,196.595016,6.0,-152.0,0.5598412628994808,0.25807833093392024,0.4689243397516665,0,Default series,1,1,2e-06
3215,33.991318,131.958893,-161.421,0.3557480412508156,0.4161765573818175,0.45709950264893295,0,Default series,1,1,2e-06
3216,217.66923500000001,54.0,-90.0,0.5862927231205117,0.3183258822481341,0.546744093532526,0,Default series,1,1,2e-06
3217,162.134918,229.596954,-152.683,0.5165884186797342,0.5387276842634393,0.46806706730275793,0,Default series,1,1,2e-06
3218,35.985989000000004,105.933655,-164.84,0.3582516671555547,0.3835107894262003,0.45280811977511426,0,Default series,1,1,2e-06
3219,134.81286599999999,153.709778,-154.02200000000002,0.48229494514057547,0.443477339885298,0.4663864116525552,0,Default series,1,1,2e-06
3220,149.941742,160.272766,-136.02,0.5012840645809167,0.4517149223083099,0.48898175371002345,0,Default series,1,1,2e-06
3221,264.0,56.0,-148.77,0.6444451219072675,0.32083619688622633,0.47297849789218543,0,Default series,1,1,2e-06
3222,87.95657299999999,261.794312,-115.536,0.4234829260382559,0.5791404338110875,0.5146923962333643,0,Default series,1,1,2e-06
3223,228.0,100.812271,-122.0,0.5992594584216072,0.37708264681495457,0.5065790593230501,0,Default series,1,1,2e-06
3225,-0.001395,55.377483,-124.0,0.31308183873463136,0.32005484011744567,0.5040687446849579,0,Default series,1,1,2e-06
3226,225.999985,10.579413,-142.0,0.5967491249561552,0.2638262146778052,0.48147591294212766,0,Default series,1,1,2e-06
3227,180.229523,63.976509,-136.002,0.5392999945807327,0.33084797053801357,0.4890043465417663,0,Default series,1,1,2e-06
3228,191.87738000000002,162.16186499999998,-110.71600000000001,0.5539198875454854,0.4540860387445626,0.5207422545111665,0,Default series,1,1,2e-06
3229,179.997864,45.989872,-155.167,0.5390092260913598,0.3082719114624378,0.4649492565222474,0,Default series,1,1,2e-06
3230,280.0,98.546387,-102.0,0.6645276390120055,0.3742386059282451,0.5316822057039725,0,Default series,1,1,2e-06
3231,117.86368600000002,230.966309,-109.9,0.46102105781174535,0.5404464402140616,0.5217664628835081,0,Default series,1,1,2e-06
3232,109.944901,51.739014000000005,-102.912,0.4510817368610427,0.3154879891219733,0.5305375022290024,0,Default series,1,1,2e-06
3233,296.891388,182.0,-158.0,0.6857289882890534,0.47898601908603766,0.4613933958373897,0,Default series,1,1,2e-06
3234,16.992626,85.964561,-132.003,0.33441200857280484,0.35844643493738026,0.49402372066063177,0,Default series,1,1,2e-06
3235,224.0,2.0,-150.776,0.5942388291454227,0.2530577016577358,0.47046065231017886,0,Default series,1,1,2e-06
3236,235.966965,20.0,-110.0,0.6092592528519415,0.27565053340056594,0.5216409471516036,0,Default series,1,1,2e-06
3237,161.986496,43.936039,-156.656,0.5164021257201268,0.30569402794038936,0.4630803272741877,0,Default series,1,1,2e-06
3238,138.58021499999998,89.75153399999999,-120.01799999999999,0.48702356081132653,0.36319968181536033,0.5090667811293995,0,Default series,1,1,2e-06
3239,282.0,197.23603799999998,-122.0,0.6670379536500978,0.4981096436950025,0.5065790593230501,0,Default series,1,1,2e-06
3240,87.935898,121.696396,-155.87,0.42345697566068463,0.40329550916057866,0.46406688092695797,0,Default series,1,1,2e-06
3241,47.992249,221.96331800000002,-107.867,0.37332141226892535,0.5291462701671054,0.5243181977131289,0,Default series,1,1,2e-06
3242,125.94081899999999,89.719696,-110.493,0.4711591304136043,0.36315972011663655,0.5210221545933138,0,Default series,1,1,2e-06
3243,195.291412,36.0,-142.0,0.5582050347977431,0.29573305050530385,0.48147591294212766,0,Default series,1,1,2e-06
3245,95.925224,0.697596,-150.026,0.4334848366638301,0.2514229797447808,0.4714020202994635,0,Default series,1,1,2e-06
3247,229.74003599999998,72.0,-120.0,0.6014434773424109,0.3409187139909643,0.5090893739611424,0,Default series,1,1,2e-06
3248,272.0,46.0,-157.518,0.6544863804596366,0.3082846236957651,0.46199838166516993,0,Default series,1,1,2e-06
3249,109.940262,15.717075,-162.10299999999998,0.45107591418623966,0.2702747887398903,0.4562434853573435,0,Default series,1,1,2e-06
3250,59.978249,167.511856,-94.0076,0.3883657278950121,0.4608011191050435,0.5417139250607168,0,Default series,1,1,2e-06
3251,77.98143,301.91204799999997,-139.371,0.4109625522932742,0.6294945037750475,0.4847757215338999,0,Default series,1,1,2e-06
3252,51.944443,15.736858999999999,-119.363,0.3782820374943155,0.2702996207722903,0.5098889091733747,0,Default series,1,1,2e-06
3253,262.0,84.0,-105.735,0.6419348072691753,0.35598060181951774,0.5269941931173353,0,Default series,1,1,2e-06
3255,129.952484,83.774986,-102.098,0.47619440109991545,0.3556981738505299,0.531559200286706,0,Default series,1,1,2e-06
3256,81.94929499999999,157.2603,-102.01799999999999,0.41594284708901114,0.4479338035600323,0.5316596128722297,0,Default series,1,1,2e-06
3257,1.9999470000000001,102.14606500000001,-140.0,0.31559383779384576,0.37875676811615444,0.4839862275802199,0,Default series,1,1,2e-06
3259,153.264771,83.869469,-106.01,0.5054549887516692,0.3558167648795053,0.5266490248545976,0,Default series,1,1,2e-06
3260,67.44013199999999,39.662079,-144.025,0.39773156495632794,0.300329535765079,0.4789342193710593,0,Default series,1,1,2e-06
3261,139.97108500000002,15.863035,-161.55200000000002,0.48876932147166824,0.2704579915021783,0.45693507704013786,0,Default series,1,1,2e-06
3262,45.626667,21.797451000000002,-168.015,0.3703522347078215,0.2779066171788427,0.4488229952871428,0,Default series,1,1,2e-06
3263,173.994003,83.971497,-96.6959,0.5314734360146742,0.35594482607045297,0.5383396856399251,0,Default series,1,1,2e-06
3264,234.000015,24.0,-83.6653,0.6067904211632437,0.2806711626767504,0.5546951386014874,0,Default series,1,1,2e-06
3265,169.98727399999999,77.236153,-114.00399999999999,0.5264443607848899,0.3474909097525596,0.5166152972461429,0,Default series,1,1,2e-06
3266,242.0,53.126087,-100.0,0.6168316608882529,0.3172289839499745,0.5341925203420648,0,Default series,1,1,2e-06
3267,232.0,62.000004000000004,-131.07399999999998,0.6042800876977916,0.32836714582113236,0.4951897618100256,0,Default series,1,1,2e-06
3268,187.995407,117.978256,-104.427,0.5490474007221959,0.39862865852634055,0.5286359388906476,0,Default series,1,1,2e-06
3269,75.42009,21.688957000000002,-166.023,0.40774766764570863,0.27777044014067015,0.4513232686666827,0,Default series,1,1,2e-06
3272,187.925125,73.989738,-132.001,0.5489591857554987,0.3434161482046485,0.4940262309752698,0,Default series,1,1,2e-06
3273,65.989494,265.950256,-154.236,0.3959107860533415,0.5843567973402333,0.46611780798627933,0,Default series,1,1,2e-06
3274,183.99761999999998,75.988716,-159.488,0.5440295491091585,0.3459251800719606,0.4595257217466491,0,Default series,1,1,2e-06
3275,37.96645,19.841091,-170.861,0.36073745727479,0.2754510776061536,0.4452508175571376,0,Default series,1,1,2e-06
3276,112.02613799999999,238.884109,-103.416,0.45369401671426224,0.550384524834805,0.5299049029402032,0,Default series,1,1,2e-06
3278,-0.0006580000000000001,55.727524,-112.0,0.3130827637855755,0.3204941966405619,0.5191306325135113,0,Default series,1,1,2e-06
3279,237.126114,12.0,-156.0,0.6107141672031564,0.26560927484819696,0.46390371047548196,0,Default series,1,1,2e-06
3280,238.0,24.748295000000002,-138.0,0.6118110316120684,0.281610390622806,0.4864965422183122,0,Default series,1,1,2e-06
3282,298.0,138.0,-153.845,0.6871204707548357,0.4237590970480083,0.46660857449802634,0,Default series,1,1,2e-06
3284,171.26946999999998,93.95689399999999,-96.0032,0.5280537184787416,0.36847807019858414,0.5392091331148283,0,Default series,1,1,2e-06
3285,123.932709,96.246628,-148.024,0.4686386364496546,0.3713520465873529,0.47391484525219385,0,Default series,1,1,2e-06
3286,68.968048,47.660755,-134.025,0.39964933990661566,0.31036913248915754,0.4914857925615205,0,Default series,1,1,2e-06
3287,1.9971439999999998,29.986471,-168.02599999999998,0.3155903195878804,0.28818512556765774,0.4488091885566333,0,Default series,1,1,2e-06
3288,189.97882099999998,221.899719,-148.099,0.5515368973209944,0.5290664434167713,0.4738207084532654,0,Default series,1,1,2e-06
3289,265.114288,72.0,-140.0,0.6458437286459928,0.3409187139909643,0.4839862275802199,0,Default series,1,1,2e-06
3290,29.964157,4.694142,-124.01299999999999,0.35069332064668846,0.2564392737075853,0.5040524276398103,0,Default series,1,1,2e-06
3291,67.943413,-0.268032,-106.295,0.39836326178701487,0.2502109646931049,0.5262913050186695,0,Default series,1,1,2e-06
3292,214.0,54.65460600000001,-106.0,0.5816872559549615,0.31914751576012557,0.5266615764277881,0,Default series,1,1,2e-06
3293,33.963604,-0.17238499999999998,-114.545,0.35571325582087554,0.25033101672519975,0.5159362571365389,0,Default series,1,1,2e-06
3294,99.932579,5.115588,-160.024,0.43851469762209616,0.25696825473906804,0.45885295742364035,0,Default series,1,1,2e-06
3295,53.936886,21.756184,-142.02200000000002,0.3807828669085477,0.2778548206017576,0.4814482994811086,0,Default series,1,1,2e-06
3296,63.950694999999996,125.44785300000001,-126.01700000000001,0.3933517725664276,0.4080041778712155,0.5015370923724418,0,Default series,1,1,2e-06
3297,125.951103,54.898403,-108.01700000000001,0.4711720384514734,0.3194535193490371,0.524129924115272,0,Default series,1,1,2e-06
3298,117.52899199999999,41.713547,-118.021,0.4606009641880045,0.3029044508400679,0.5115733302955346,0,Default series,1,1,2e-06
3300,256.0,6.0,-155.582,0.6344038633548986,0.25807833093392024,0.46442836623484324,0,Default series,1,1,2e-06
3301,139.95877099999998,64.63179000000001,-114.014,0.4887538654644415,0.3316704512811955,0.5166027456729524,0,Default series,1,1,2e-06
3302,155.971375,68.544823,-136.01,0.5088522025720287,0.3365819232908145,0.48899430528321397,0,Default series,1,1,2e-06
3303,106.616722,37.646392999999996,-140.026,0.4469043486300971,0.29779953272928017,0.4839535934899247,0,Default series,1,1,2e-06
3304,149.940567,162.493179,-124.021,0.5012825897710668,0.4545018899365651,0.5040423863812579,0,Default series,1,1,2e-06
3305,239.99671899999998,387.490082,-154.001,0.6143172280789968,0.7369083994997254,0.46641276995625514,0,Default series,1,1,2e-06
3306,238.266052,150.759064,-101.87299999999999,0.6121449687271152,0.4397737296117862,0.5318416106834915,0,Default series,1,1,2e-06
3307,165.990158,39.953285,-154.963,0.5214273513824136,0.30069504510732914,0.4652053086153328,0,Default series,1,1,2e-06
3310,14.0,382.0,-134.78,0.33065579214573715,0.730017482895262,0.49053814878564067,0,Default series,1,1,2e-06
3311,143.885956,249.22496,-110.545,0.4936831004604396,0.5633639196526204,0.5209568864127234,0,Default series,1,1,2e-06
3312,192.895355,166.634872,-114.12700000000001,0.5551976063173414,0.45970036621875715,0.5164609128959002,0,Default series,1,1,2e-06
3313,177.965576,241.83694500000001,-153.159,0.5364583849337502,0.5540907985521479,0.467469612418892,0,Default series,1,1,2e-06
3314,208.0,54.0,-100.62200000000001,0.5741563120406847,0.3183258822481341,0.5334118124896181,0,Default series,1,1,2e-06
3316,208.0,125.667473,-112.0,0.5741563120406847,0.4082798355216244,0.5191306325135113,0,Default series,1,1,2e-06
3317,219.35317999999998,52.0,-82.0,0.5884063390121328,0.3158155676100418,0.556785352084895,0,Default series,1,1,2e-06
3318,69.694992,41.661289000000004,-128.025,0.4005617689887523,0.30283885882888917,0.4990167364757972,0,Default series,1,1,2e-06
3319,196.0,62.000004000000004,-104.33200000000001,0.5590944242121313,0.32836714582113236,0.528755178835957,0,Default series,1,1,2e-06
3320,80.68547099999999,27.712807,-106.021,0.414356549145425,0.2853313195570061,0.5266352181240881,0,Default series,1,1,2e-06
3321,160.343857,226.639938,-149.467,0.5143403553567262,0.5350161639885027,0.4721036532408103,0,Default series,1,1,2e-06
3322,295.619019,302.0,-152.0,0.6841319650261759,0.6296048973715723,0.4689243397516665,0,Default series,1,1,2e-06
3323,180.915253,87.968742,-150.002,0.5401606936091222,0.3609619973882235,0.4714321440751206,0,Default series,1,1,2e-06
3324,211.96066299999998,375.921051,-116.014,0.5791275671934099,0.7223874455658039,0.5140924310348602,0,Default series,1,1,2e-06
3325,67.935524,35.694603,-160.276,0.3983533598509249,0.29534972922553915,0.45853665777924074,0,Default series,1,1,2e-06
3326,39.996773,201.984695,-96.4725,0.3632858320482677,0.5040699552841921,0.538620087785,0,Default series,1,1,2e-06
3327,91.756111,65.696526,-106.023,0.42825194396794974,0.33300686246444733,0.52663270780945,0,Default series,1,1,2e-06
3328,6.0,174.0,-162.937,0.3206145335933681,0.4689447605336687,0.455196684153259,0,Default series,1,1,2e-06
3329,-0.000144,50.169338,-100.0,0.3130834089364375,0.3135177988020422,0.5341925203420648,0,Default series,1,1,2e-06
3330,169.99221799999998,49.963131,-157.533,0.5264505662826753,0.3132589765767537,0.4619795543053843,0,Default series,1,1,2e-06
3331,215.99395800000002,245.97138999999999,-133.577,0.5841899869325321,0.5592801774540915,0.49204810304045316,0,Default series,1,1,2e-06
3332,107.56278999999999,19.664213,-134.025,0.4480918128046124,0.2752290678898754,0.4914857925615205,0,Default series,1,1,2e-06
3334,147.95903,119.80598400000001,-103.331,0.49879544910255613,0.40092274470276607,0.5300115913123221,0,Default series,1,1,2e-06
3335,131.946884,57.748451,-124.506,0.478697686857021,0.3230307779558698,0.5034336350815205,0,Default series,1,1,2e-06
3336,114.907547,363.761627,-110.01799999999999,0.45731063830977764,0.7071254555368188,0.5216183543198607,0,Default series,1,1,2e-06
3337,41.991219,173.510025,-156.003,0.36578917554261,0.4683297648262691,0.4638999450035248,0,Default series,1,1,2e-06
3339,205.996826,187.98498500000002,-150.625,0.5716420135332618,0.48649811681316896,0.4706501810653549,0,Default series,1,1,2e-06
3340,93.933235,125.683777,-155.586,0.4309845770910207,0.4083002996065541,0.46442334560556703,0,Default series,1,1,2e-06
3341,284.0,82.0,-154.52200000000002,0.66954826828819,0.3534702871814255,0.4657588329930321,0,Default series,1,1,2e-06
3342,274.0,161.22671499999998,-152.0,0.6569966950977288,0.45291227837765663,0.4689243397516665,0,Default series,1,1,2e-06
3343,73.989571,325.950592,-137.404,0.4059521412528241,0.6596666582158598,0.48724461598046365,0,Default series,1,1,2e-06
3344,96.582413,337.839996,-126.012,0.43430971224717674,0.6745897306655559,0.5015433681590371,0,Default series,1,1,2e-06
3345,268.0,130.112457,-130.0,0.6494657511834521,0.4138589897222673,0.4965378007706811,0,Default series,1,1,2e-06
3346,137.969299,11.854606,-160.787,0.4862567651226042,0.26542678250495155,0.4578952723892082,0,Default series,1,1,2e-06
3348,290.0,86.49215699999999,-136.0,0.6770792122024667,0.35910865091827976,0.4890068568564044,0,Default series,1,1,2e-06
3349,202.0,46.787239,-116.0,0.566625368126408,0.30927273248845366,0.5141100032373268,0,Default series,1,1,2e-06
3350,108.52969399999999,23.676178,-126.024,0.4493054294370274,0.28026471512338225,0.5015283062712085,0,Default series,1,1,2e-06
3352,49.982239,158.70701599999998,-158.006,0.3758191627822539,0.44974965973601344,0.46138586489347544,0,Default series,1,1,2e-06
3354,95.940552,61.718479,-101.829,0.43350407571521643,0.3280137876568879,0.5318968376055294,0,Default series,1,1,2e-06
3355,4.0,153.36248799999998,-160.0,0.31810421895527585,0.4430414362999665,0.4588830811992975,0,Default series,1,1,2e-06
3356,297.597809,90.0,-146.0,0.6866156577775312,0.36351154573379446,0.4764552836659432,0,Default series,1,1,2e-06
3357,13.992835999999999,65.651886,-154.003,0.3306468001987035,0.3329508322417251,0.4664102596416171,0,Default series,1,1,2e-06
3360,245.600281,46.0,-100.0,0.6213505799360256,0.3082846236957651,0.5341925203420648,0,Default series,1,1,2e-06
3361,110.314659,45.662804,-148.025,0.45154584132101855,0.30786138966841203,0.47391359009487477,0,Default series,1,1,2e-06
3362,63.932404000000005,30.665661,-152.024,0.393328814483905,0.2890376158671807,0.46889421597600933,0,Default series,1,1,2e-06
3363,270.084412,52.0,-146.0,0.6520820161611596,0.3158155676100418,0.4764552836659432,0,Default series,1,1,2e-06
3364,56.931973,175.870499,-138.01,0.3845421722777776,0.47129253104378716,0.4864839906451217,0,Default series,1,1,2e-06
3365,139.97349499999999,1.874454,-160.632,0.48877234640080713,0.2529001216769588,0.4580898217736603,0,Default series,1,1,2e-06
3366,252.0,134.0,-149.496,0.6293832340787141,0.41873846777182383,0.47206725367855795,0,Default series,1,1,2e-06
3367,189.999847,48.258774,-144.0,0.5515632882587848,0.3111197404139362,0.4789655983040354,0,Default series,1,1,2e-06
3370,224.0,65.335228,-120.0,0.5942388291454227,0.33255337663539064,0.5090893739611424,0,Default series,1,1,2e-06
3372,232.0,100.042969,-120.0,0.6042800876977916,0.37611705177909777,0.5090893739611424,0,Default series,1,1,2e-06
3373,163.989578,33.950634,-155.547,0.5189163087530763,0.2931607737709996,0.46447229674100987,0,Default series,1,1,2e-06
3375,90.692734,53.71029300000001,-104.021,0.42691723854349445,0.3179622543867052,0.5291455327621803,0,Default series,1,1,2e-06
3377,39.959244,-0.19303599999999999,-111.8,0.3632387272492412,0.2503050964714041,0.5193816639773206,0,Default series,1,1,2e-06
3378,42.937283,9.802118,-170.015,0.366976634696496,0.2628505871694973,0.4463126806490506,0,Default series,1,1,2e-06
3380,67.939041,38.37484,-164.021,0.398357774239216,0.2987138483128674,0.453836093619413,0,Default series,1,1,2e-06
3381,113.948051,73.799355,-98.0182,0.45610631988278216,0.3431771875887765,0.5366799911169504,0,Default series,1,1,2e-06
3382,266.0,376.0,-153.392,0.6469554365453598,0.7224865389809854,0.46717716076355426,0,Default series,1,1,2e-06
3383,138.16925,226.46890299999998,-138.486,0.48650773508370476,0.5348014881564397,0.48588653576125573,0,Default series,1,1,2e-06
3386,232.0,20.0,-85.1014,0.6042800876977916,0.27565053340056594,0.5528926071756053,0,Default series,1,1,2e-06
3387,47.400265000000005,103.87365,-162.009,0.3725783792185671,0.3809251590731787,0.45636147014533385,0,Default series,1,1,2e-06
3388,151.441833,222.185501,-130.596,0.5031669147788019,0.5294251447857229,0.49578972700852963,0,Default series,1,1,2e-06
3389,68.39117399999999,85.697937,-130.02200000000002,0.39892527228334823,0.35811177987234694,0.49651018730966207,0,Default series,1,1,2e-06
3390,233.470825,176.601151,-108.069,0.6061262044615776,0.47220961424926283,0.5240646559346817,0,Default series,1,1,2e-06
3391,260.0,2.0,-155.259,0.639424492631083,0.2530577016577358,0.46483378204889514,0,Default series,1,1,2e-06
3392,99.41107199999999,87.64209699999999,-118.027,0.43786012429411236,0.36055200652574365,0.5115657993516204,0,Default series,1,1,2e-06
3393,258.0,68.0,-145.287,0.6369141779929908,0.3358980847147798,0.4773502108344231,0,Default series,1,1,2e-06
3394,97.92556,14.139957,-128.026,0.43599557303478154,0.2682952575391909,0.49901548131847817,0,Default series,1,1,2e-06
3395,250.0,114.288002,-130.0,0.6268729194406218,0.3939968092091013,0.4965378007706811,0,Default series,1,1,2e-06
3396,135.939468,154.30831899999998,-154.02100000000002,0.4837090078865275,0.44422860300219724,0.4663876668098742,0,Default series,1,1,2e-06
3397,246.685654,30.0,-98.0,0.6227128938008706,0.2882021065910272,0.536702834980157,0,Default series,1,1,2e-06
3399,200.000015,43.59446,-130.0,0.5641150723156756,0.3052652925585069,0.4965378007706811,0,Default series,1,1,2e-06
3401,139.970291,19.859297,-161.561,0.4887683248767569,0.2754739290003042,0.4569237806242665,0,Default series,1,1,2e-06
3403,122.68766000000001,131.636429,-134.02700000000002,0.46707590408473354,0.41577181433208865,0.49148328224688237,0,Default series,1,1,2e-06
3404,67.932335,31.679522,-156.778,0.3983493571542344,0.2903101709218261,0.4629271980812641,0,Default series,1,1,2e-06
3406,244.0,36.0,-129.079,0.6193419755263452,0.29573305050530385,0.4976938006615226,0,Default series,1,1,2e-06
3407,91.938835,59.7103,-103.57600000000001,0.42848129133391516,0.3254932070870831,0.5297040777691558,0,Default series,1,1,2e-06
3408,145.956314,141.793106,-97.118,0.49628172545718535,0.42852004180582604,0.5378098837355557,0,Default series,1,1,2e-06
3410,188.370911,185.925995,-150.005,0.549518717316127,0.48391376044482615,0.47142837860316344,0,Default series,1,1,2e-06
3411,296.0,378.0,-156.405,0.6846101561167435,0.7249968536190776,0.46339537176126827,0,Default series,1,1,2e-06
3412,262.970551,52.0,-132.0,0.6431530014603328,0.3158155676100418,0.4940274861325889,0,Default series,1,1,2e-06
3413,28.863365,79.92549100000001,-158.006,0.3493116535111411,0.35086645202664846,0.46138586489347544,0,Default series,1,1,2e-06
3414,3.9999949999999997,108.306198,-154.0,0.3181042126794893,0.38648870413740194,0.4664140251135742,0,Default series,1,1,2e-06
3415,225.999985,105.162628,-130.0,0.5967491249561552,0.3825430292439681,0.4965378007706811,0,Default series,1,1,2e-06
3416,119.902901,223.91249100000002,-139.98,0.46358059344410396,0.5315927889241424,0.48401133072660085,0,Default series,1,1,2e-06
3417,280.0,120.0,-102.617,0.6645276390120055,0.4011662653051781,0.530907773638121,0,Default series,1,1,2e-06
3418,109.941948,41.725048,-107.833,0.45107803038147953,0.30291888640439424,0.5243608730619765,0,Default series,1,1,2e-06
3419,64.814819,85.71374499999999,-136.02100000000002,0.39443638412959103,0.3581316213992464,0.4889804985527044,0,Default series,1,1,2e-06
3423,71.996315,353.982544,-143.395,0.4034502913956915,0.6948511679358094,0.4797249684820583,0,Default series,1,1,2e-06
3424,91.96060899999999,151.813431,-83.2593,0.42850862112938004,0.4410971260687969,0.5552047324730202,0,Default series,1,1,2e-06
3425,177.428558,155.904465,-152.007,0.5357843428605907,0.4462320173363634,0.46891555365043314,0,Default series,1,1,2e-06
3426,89.924927,86.352005,-120.02600000000001,0.4259535199678296,0.35893273810970083,0.5090567398708471,0,Default series,1,1,2e-06
3427,75.935799,116.71701000000002,-140.023,0.4083949635715566,0.39704559637832293,0.48395735896188186,0,Default series,1,1,2e-06
3428,177.96409599999998,233.829971,-148.83100000000002,0.5364565273009181,0.5440407865326359,0.4729019332957236,0,Default series,1,1,2e-06
3429,46.487995,17.739241,-148.019,0.3714333368511209,0.2728129251951166,0.47392112103878903,0,Default series,1,1,2e-06
