337263.275	6708945.66	534.638122
337296.693	6708292.04	528.841487
337347.756	6707082.97	541.155325
337413.701	6705768.65	537.464886
337478.049	6704446.07	541.006479
337499.394	6703338.82	610.692555
337546.507	6702232.61	634.447406
337621.745	6701134.86	607.79572
337723.226	6700039.7	535.884802
337811.501	6698705.75	533.914462
337909.637	6697361.69	535.094137
337974.483	6696312.29	580.193183
338099.019	6695084.09	556.109378
338177.086	6694073.93	609.427131
338253.213	6692900.92	732.70648
338408.5	6691828.64	698.812635
338643.005	6690550.14	601.336083
338800.819	6689481.68	626.836642
338993.582	6688415.07	599.610181
339230.337	6687047.28	601.715977
339425.068	6685857.67	619.473879
339568.197	6684758.48	683.445098
339683.008	6683852.65	716.404937
339850.718	6682623.68	710.946557
340052.183	6681192.19	653.52008
340188.388	6679813.08	652.345516
340247.772	6678875.02	679.012626
340370.658	6677797.36	595.726876
340394.468	6676563.59	652.530564
340432.136	6675182.17	653.571082
340441.334	6674100.93	653.894264
340428.761	6672719.77	652.955187
340429.529	6671488.35	596.352305
340327.065	6670406.91	679.267457
340314.393	6669321.76	597.087828
340184.526	6668090.86	653.743793
340089.318	6666864.27	626.892154
339940.501	6665637.77	654.818322
339763.176	6664325.11	687.573194
339591.949	6663081.37	697.524952
339490.08	6662339.98	690.129667
339334.939	6661032.49	617.522873
339129.878	6659790.73	628.962892
338967.763	6658714.99	603.105877
338739.961	6657360.17	602.024312
338513.131	6656083.01	620.016666
338292.518	6654977.62	685.28472
338154.443	6653882.38	610.428201
338072.553	6652962.28	488.215678
337857.72	6651719.73	530.29679
337666.513	6650510.09	541.294578
337474.933	6649240.29	537.076689
337242.159	6647993.39	620.768432
337082.293	6646995.17	641.97232
337062.607	6645883.72	378.518977
337066.385	6644833.46	101.648455
337079.915	6643584.14	-226.391896
337085.903	6642429.85	-500.876992
337079.955	6641104.4	-775.723343
337104.348	6640569.24	-927.970847
337218.787	6709068.73	608.735397
337285.757	6708208.13	557.389808
337347.61	6707037.68	545.635361
337413.792	6705769.9	537.163551
337477.539	6704603.44	526.837218
337534.038	6703289.52	548.12424
337561.741	6702328	593.948277
337653.165	6701194.48	537.937859
337722.013	6700004.75	542.575882
337809.098	6698710.13	538.100535
337908.552	6697460.74	522.002958
338017.491	6696216.43	507.958816
338111.375	6695264.33	493.393823
338178.516	6694046.3	612.388566
338254.52	6692881.02	734.99607
338404.963	6691838.62	703.237591
338641.507	6690550.97	603.67733
338801.309	6689472.75	628.333902
338994.606	6688401.65	602.160689
339245.641	6687196.95	523.50498
339424.926	6685852.69	621.356007
339567.162	6684757.86	685.577306
339738.661	6683564.99	690.791815
339852.883	6682609.91	710.549458
340051.667	6681191.65	654.843363
340207.927	6679965.18	598.358603
340319.398	6678582.89	597.551888
340370.351	6677788.67	597.270653
340434.591	6676406.09	598.098874
340446.565	6675331.02	626.907393
340458.996	6673951.76	626.972529
340428.385	6672726.28	654.038434
340428.947	6671495.67	597.943804
340394.68	6670700.75	597.850883
340313.194	6669318.39	598.850999
340183.741	6668089.41	655.084369
340089.003	6666867.14	628.104337
339941.661	6665498.68	628.356303
339764.07	6664334.14	688.162015
339591.197	6663089.93	700.799146
339490.519	6662343.94	690.459999
339335.704	6661038.26	617.940648
339130.009	6659797.59	630.874057
338965.41	6658711.23	606.180054
338817.806	6657603.94	537.243469
338514.136	6656099.04	623.089192
338296.313	6655030.68	694.332024
338195.903	6654041.03	580.169429
338035.756	6652903.57	540.404074
337843.738	6651661.16	539.747331
337671.187	6650497.49	528.715562
337488.764	6649270.31	519.463441
337308.135	6648161.98	543.359016
337158.678	6647038.89	509.854374
337074.686	6645728.79	314.048622
337064.57	6644749.02	83.6067178
337077.225	6643553.24	-228.872988
337083.601	6642427.29	-497.431831
337078.367	6641115.67	-770.692195
337102.751	6640537.14	-931.846316
337220.517	6709197.93	594.013922
337292.846	6708139.03	549.945697
337373.39	6706884.55	510.09266
337421.734	6705769.48	521.83504
337481.739	6704643.94	514.661963
337517.035	6703378.23	572.079141
337485.708	6702256.34	749.989259
337645.872	6701106.75	562.084624
337725.555	6699960.49	540.967108
337811.332	6698713.41	533.181406
337902.931	6697507.25	525.894412
337993.815	6696289.35	542.413797
338092.712	6695231.95	537.08887
338214.24	6693884.38	574.066581
338279.436	6692724.28	722.863418
338401.609	6691849.71	706.960368
338696.802	6690450.17	518.010554
338800.955	6689463.14	631.49422
338996.394	6688378.86	606.386553
339246.472	6687175.44	529.266024
339450.48	6685697.16	623.09068
339565.835	6684757.04	688.318559
339733.231	6683703.24	665.837204
339925.966	6682408.45	628.293044
340084.169	6681044.07	628.491836
340206.891	6679966.18	600.303213
340317.783	6678592.41	599.45353
340370.067	6677777.85	599.034765
340433.77	6676403.13	599.907555
340446.094	6675326.31	628.143997
340458.435	6673954.68	628.209007
340465.597	6672879.01	600.470162
340428.329	6671504.66	599.756121
340428.144	6670408.34	521.148154
340311.903	6669315.33	600.865613
340205.463	6667945.52	602.237318
340088.78	6666871.28	629.490006
339991.248	6665793.87	603.251701
339828.153	6664472.78	613.144696
339590.364	6663103.55	705.394989
339491.855	6662352.33	690.42979
339361.712	6660922.96	545.040376
339187.386	6659987.75	586.522607
339028.429	6658810.9	525.438716
338811.188	6657583.3	542.761302
338519.923	6656128.22	621.500148
338333.928	6655210.32	680.258601
338209.644	6654144.48	585.21008
338021.152	6652785.83	532.962533
337873.313	6651579.37	459.571781
337683.151	6650371.06	469.193163
337511.269	6649291.41	482.74794
337428.064	6648292.17	353.128763
337246.026	6647037.8	345.054507
337145.679	6645670.34	167.052766
337100.021	6644555.07	-29.6470449
337073.53	6643492.4	-236.636058
337081.119	6642413.84	-496.130987
337076.372	6641129.42	-764.499599
337125.481	6640368.18	-1004.45302
337327.549	6709248.58	384.847393
337384.225	6708039.45	383.718795
337400.392	6706856.45	460.64321
337439.057	6705767.58	488.514591
337505.018	6704670.01	466.947053
337574.047	6703482.14	450.621526
337593.726	6702278.49	535.266314
337674.604	6701065.4	509.901662
337759.49	6699812.18	491.659814
337822.763	6698713.09	510.401387
337912.976	6697540.56	500.44375
338003.119	6696431.64	497.812388
338008.834	6695147.07	722.96871
338213.652	6693854.83	581.378206
338284.029	6692704.97	718.185384
338401.671	6691854.89	705.343022
338685.54	6690492.87	527.363062
338842.953	6689355.67	579.009066
338998.199	6688338.83	616.489781
339286.237	6687002.17	511.978534
339451.553	6685687.03	624.255015
339564.183	6684755.61	691.844672
339796.058	6683442.63	619.244591
339926.337	6682400.77	629.964657
340068.113	6681323.8	604.254888
340205.925	6679964.82	602.622344
340342.301	6678870.69	526.036438
340430.534	6677495.99	525.587643
340432.808	6676400.8	602.011934
340445.619	6675320.88	629.559674
340457.85	6673958.12	629.637551
340464.485	6672879.05	602.672806
340427.653	6671515.1	601.826004
340424.786	6670412.19	527.081594
340310.584	6669314.12	603.22837
340204.868	6667956.3	605.137451
340088.46	6666876.82	631.453452
339989.336	6665790.64	606.217891
339825.931	6664469.82	616.311701
339589.457	6663126.82	712.370566
339494.864	6662369.07	689.733513
339362.105	6660969.09	556.866388
339232.979	6660068.48	531.492502
339009.838	6658753.98	541.459575
338810.875	6657565.43	537.895224
338556.251	6656294.94	607.803584
338348.936	6655250.84	664.964843
338250.115	6654134.86	506.216442
338093.223	6652788.43	396.914732
337976.565	6651375.52	203.584187
337750.995	6650364.55	338.097331
337655.22	6649438.51	251.91933
337563.999	6648384.32	122.095231
337378.772	6647079.46	107.368051
337228.775	6645667.84	12.7534532
337178.363	6644434.19	-202.004934
337076.254	6643441.59	-253.49399
337078.917	6642376.14	-500.749097
337074.184	6641143.97	-757.89175
337119.562	6640302	-1008.10302
337444.898	6709292.93	157.268045
337489.954	6707956.78	188.929258
337524.241	6706726.43	234.809363
337575.404	6705769.13	225.256885
337590.864	6704802.4	287.951551
337681.687	6703562.73	233.155373
337724.724	6702222.22	284.901055
337813.148	6700890.44	257.29067
337824.313	6699792	365.911627
337841.855	6698709.72	472.776313
337999.367	6697788.75	289.003995
338081.834	6696506.56	325.460138
338111.907	6695148.3	512.028404
338274.546	6693777	473.346443
338338.443	6692592.31	634.333844
338411.304	6691839.8	689.820858
338684.278	6690534.25	516.537051
338856.666	6689246.53	586.499689
339025.166	6688178.47	617.961425
339288.354	6686951.76	525.006551
339455.398	6685666.97	623.267253
339562.43	6684752.01	696.176145
339789.736	6683468.2	624.609828
339926.013	6682392.81	633.331513
340068.303	6681302.07	608.962973
340205.174	6679957.48	605.69817
340339.256	6678859.74	532.76923
340426.309	6677503.15	532.226183
340431.542	6676401.33	604.604895
340483.524	6675180.53	573.267885
340492.37	6674099.36	575.154732
340517.054	6673011.53	522.72021
340480.051	6671775.35	533.249333
340421.132	6670418.97	533.76534
340335.662	6669068.4	536.381569
340204.07	6667976.48	609.938184
340087.094	6666883.13	635.609175
339985.536	6665778.69	610.876472
339824.742	6664466.06	617.637633
339605.025	6663291.32	724.67775
339500.818	6662229.02	645.5885
339378.677	6661077.38	557.911493
339174.802	6659896.01	584.852632
339009.822	6658707.58	527.931301
338817.534	6657441.81	488.074676
338625.569	6656349.31	498.548683
338450.498	6655343.93	507.351834
338301.122	6654119.35	406.14278
338190.293	6652750.18	201.701257
338042.986	6651398.63	84.1055804
337901.723	6650344.36	45.7602679
337794.047	6649439.76	-11.1374028
337703.689	6648384.75	-141.622242
337517.61	6647070.71	-154.723757
337358.409	6645636.92	-234.112943
337263.429	6644322.31	-382.444521
337177.588	6643320.84	-463.123734
337111.706	6642241.91	-588.181282
337109.26	6641233.67	-800.099062
337127.341	6640124.41	-1057.59456
337543.796	6709292.93	-30.8752289
337605.034	6707878.79	-23.5544567
337661.839	6706727.48	-29.0154321
337712.261	6705770.7	-37.9615741
337727.575	6704803.48	23.9724098
337786.183	6703636.36	23.6093339
337836.107	6702222.22	67.5982496
337919.797	6700808.08	57.4915656
337964.613	6699529.34	121.113251
337980.701	6698849.59	178.415399
338085.758	6697882.08	102.411044
338149.691	6696500.42	189.984869
338213.527	6695152.08	304.558904
338308.555	6693795.23	399.726052
338407.274	6692468.35	524.073838
338450.932	6691969.77	571.048575
338705.901	6690555.56	465.08191
338887.404	6689351.72	486.373612
339077.338	6688065.68	552.115496
339295.63	6686887.68	532.628454
339464.542	6685637.02	615.263464
339561.668	6684742.95	700.174863
339783.423	6683501.88	628.03146
339969.574	6682285.05	582.429182
340066.969	6681262.75	620.376795
340221.371	6680162.17	547.226448
340336.772	6678841.06	539.516069
340421.957	6677514.07	538.745785
340482.926	6676296.26	526.875578
340480.011	6675192.29	579.716534
340488.879	6674086.36	581.90375
340510.605	6672977.73	532.828763
340475.2	6671757.58	540.370023
340418.064	6670430.99	539.939931
340332.571	6669113.58	546.965492
340201.226	6668015.45	621.21321
340127.1	6666991.25	590.384738
340036.404	6665841.16	540.880718
339827.707	6664462.46	612.105305
339601.391	6663379.82	751.833154
339549.098	6662391.97	605.601801
339416.92	6661180.82	520.950776
339247.06	6659814.77	437.346424
339044.493	6658690.83	462.241278
338843.194	6657432.09	439.46249
338733.158	6656501.91	352.327543
338563.861	6655455.94	335.732441
338411.667	6654123.83	202.802103
338283.108	6652778.65	34.938289
338201.736	6651411.64	-213.323423
338101.464	6650387.7	-320.642026
338029.122	6649514.24	-434.899104
337888.076	6648470.4	-464.876901
337702.792	6647070.71	-499.351252
337549.86	6645656.57	-579.270654
337391.725	6644245.03	-632.068384
337253.202	6643186.5	-627.745677
337200.828	6642407.21	-708.665667
337193.8	6641345.45	-922.74679
337145.061	6640033.97	-1106.3685
337683.894	6709292.93	-296.489393
337744.06	6707878.79	-288.126945
337799.923	6706728.54	-292.750638
337849.64	6705772.28	-301.1392
337911.658	6704853.36	-334.338416
337922.492	6703636.36	-239.581831
337971.565	6702222.22	-195.471055
338045.161	6700866.82	-193.804088
338144.011	6699503.77	-228.724174
338186.745	6698859.3	-230.10997
338197.431	6697829.02	-111.090642
338257.68	6696504.34	-26.6950238
338328.387	6695177.96	67.8378661
338389.755	6693818.94	229.002195
338506.976	6692445.4	325.438539
338593.947	6691794.79	327.487062
338775.607	6690677.98	282.479867
338972.377	6689428.06	286.042547
339162.788	6688063.65	381.382281
339415.411	6686735.91	349.803461
339480.997	6685618.45	589.582727
339564.378	6684745.78	694.202453
339786.001	6683531.09	616.15467
339975.673	6682180.16	597.272109
340081.231	6681261.21	600.039694
340241.111	6679979.94	544.023423
340337.158	6678812.23	542.566967
340419.72	6677529	541.246466
340474.948	6676343.55	538.074865
340517.932	6675116.92	521.21755
340477.735	6674059.95	602.15851
340501.365	6672922.1	547.162313
340476.073	6671614.44	531.337529
340418.344	6670450.08	541.161245
340350.024	6669287.33	539.019788
340219.732	6668016.52	594.318506
340080.157	6666943.55	662.441555
340031.48	6665785.37	539.000629
339840.971	6664463.87	590.407292
339622.394	6663376.68	715.809463
339599.651	6662462.55	538.163796
339484.684	6661186.11	406.520139
339334.253	6659819.48	288.2403
339188.757	6658481.4	151.513739
338991.699	6657433.8	177.490757
338880.158	6656503.21	90.1143258
338701.77	6655474.49	92.0587171
338536.761	6654111.98	-31.2026136
338398.227	6652743.72	-190.7484
338285.339	6651402.66	-373.967497
338217.305	6650244.97	-581.134181
338149.698	6649507.8	-664.341149
338022.222	6648465.48	-718.284937
337844.603	6647070.71	-761.987334
337694.241	6645656.57	-841.77141
337588.153	6644347.79	-959.346703
337468.795	6643309.33	-981.612137
337342.706	6642429.19	-952.021707
337318.183	6641342.89	-1137.52608
337251.034	6640031.63	-1286.84627
337824.354	6709292.93	-561.83823
337882.89	6707878.79	-551.434017
337969.457	6706675.34	-610.017994
337987.558	6705773.86	-564.274316
338070.537	6704954.44	-647.275405
338058.223	6703636.36	-500.455552
338102.595	6702204.15	-447.020179
338167.027	6700881.34	-432.31652
338248.76	6699496.5	-432.233413
338270.435	6698876.61	-396.326583
338284.252	6697823.99	-281.218675
338358.847	6696507.39	-227.524831
338454.229	6695178.32	-183.415931
338508.299	6693798.26	-6.13591993
338653.872	6692556.33	-1.25834292
338795.823	6691659.37	-47.0268535
338866.405	6690792.9	59.6336405
339072.26	6689465.96	69.1807283
339257.568	6688088.7	182.190759
339466.284	6686746.29	246.993704
339559.764	6685556.36	458.219709
339592.332	6684924.51	589.855103
339820.13	6683647.97	523.276418
340015.527	6682285.63	502.364898
340108.271	6681121.21	581.160763
340250.147	6679913.88	539.194817
340345.805	6678781.8	531.428289
340425.299	6677542.68	530.353839
340473.753	6676399.3	537.193576
340476.617	6675204.27	590.090751
340459.099	6674056.89	637.530467
340498.209	6672857	551.086804
340482.664	6671591.1	519.028769
340427.518	6670471.01	527.719544
340361.854	6669343.26	526.075079
340262.437	6668148.78	543.599833
340172.128	6666984.29	517.719168
340063.98	6665762.31	480.804311
339926.244	6664503.99	457.937075
339728.39	6663503.86	567.750521
339655.539	6662488.63	451.203097
339546.225	6661190.08	302.924888
339464.348	6659822.51	66.0711295
339323.282	6658497.04	-77.5778608
339198.207	6657368.59	-203.344013
339028.103	6656504.47	-171.991392
338877.182	6655454.1	-231.2194
338677.745	6654120.08	-287.208016
338534.106	6652737.45	-445.695452
338376.715	6651368.58	-555.831578
338297.787	6650228.88	-737.281519
338272.225	6649585.23	-872.86449
338149.813	6648455.41	-959.69538
338026.639	6647084.27	-1093.74469
337890.275	6645687.84	-1188.54214
337735.819	6644348.34	-1221.09199
337618.408	6643310.84	-1243.58768
337553.421	6642379.34	-1327.8357
337396.945	6641362.12	-1268.65408
337357.639	6640026.84	-1467.99111
337965.174	6709292.93	-826.917969
338021.045	6707878.79	-812.440298
338095.171	6706694.98	-850.082294
338114.454	6705768.99	-804.960678
338186.741	6704917.69	-864.946495
338218.98	6703673.87	-811.651822
338235.114	6702205.35	-702.073712
338269.626	6700890.56	-631.582135
338348.786	6699498.54	-626.096441
338351.588	6698882.55	-554.632968
338383.811	6697879.86	-483.708294
338481.15	6696514.29	-468.935403
338584.426	6695173.93	-440.645777
338693.811	6693783.69	-374.713106
338805.367	6692602.2	-319.107775
338925.503	6691660.61	-310.870306
338996.626	6690793.23	-206.29185
339202.343	6689456.96	-192.780898
339382.127	6688060.21	-56.8658496
339551.741	6686760.49	75.5577416
339633.825	6685549.33	319.449781
339684.146	6684953.49	407.895444
339947.29	6683614.44	297.815432
340097.273	6682295.63	351.979115
340231.192	6681061.48	373.853713
340347.581	6679807.71	385.608669
340366.522	6678764.79	497.547974
340452.732	6677658.49	472.094263
340521.281	6676541.9	448.229961
340562.427	6675290.82	443.15542
340559.544	6673990.58	469.07643
340553.044	6672725.35	456.823253
340504.317	6671570.43	481.752552
340448.337	6670484.61	494.230231
340494.063	6669593.4	336.884507
340412.864	6668253.72	310.538703
340312.599	6666900.73	272.967543
340161.066	6665655.58	301.108791
340005.073	6664502.55	326.666074
339917.714	6663509.5	253.540552
339774.332	6662595.1	280.386213
339657.67	6661175.52	111.853433
339566.673	6659812.94	-110.539156
339444.445	6658505.21	-284.137105
339343.863	6657529.99	-407.285887
339250.4	6656643.59	-519.275316
339069.753	6655555.56	-542.183677
338869.727	6654141.41	-630.307471
338673.75	6652734.67	-705.295411
338489.48	6651351.71	-772.015128
338383.757	6650215.08	-902.272511
338333.424	6649437.37	-1029.09999
338255.563	6648429.06	-1163.60789
338161.48	6647090.08	-1338.73021
338031.966	6645698.61	-1439.98039
337908.515	6644315.83	-1532.30846
337769.078	6643312.35	-1505.45763
337705.707	6642380.97	-1589.43055
337653	6641316.84	-1713.46281
337503.611	6640000	-1718.46464
338106.385	6709292.93	-1091.68232
338189.233	6707838.33	-1125.63337
338206.434	6706732.71	-1063.4034
338221.972	6705775.29	-1009.05868
338283.483	6704895.32	-1045.98817
338322.414	6703673.42	-1008.13357
338351.962	6702204.36	-924.803072
338373.685	6700887.16	-830.640043
338459.452	6699508.31	-839.746672
338443.08	6699019.63	-748.699353
338503.137	6697909.36	-719.189294
338604.413	6696565.66	-718.146303
338716.713	6695151.52	-696.840647
338851.361	6693822.8	-696.016712
338937.024	6692603.15	-583.662209
339055.945	6691661.86	-574.654641
339218.816	6690776.06	-651.528922
339368.849	6689458.45	-531.301526
339499.976	6688077.13	-298.796151
339635.051	6686769.79	-89.8312686
339741.033	6685509.62	128.449137
339897.612	6684745.1	67.5056119
340050.175	6683726.79	79.7326985
340204.282	6682361.58	144.181651
340353.709	6681020.03	164.413429
340501.501	6679616.13	148.661413
340524.204	6678479.22	261.157502
340531.784	6677670.42	335.075278
340634.809	6676662.42	248.081116
340651.633	6675296.71	291.738022
340681.612	6673939.39	264.611329
340670.223	6672618.35	258.638223
340594.19	6671412.08	323.383876
340601.941	6670790.34	265.962295
340608.591	6669702.68	160.553814
340505.787	6668247.79	156.024957
340412.075	6666907.26	109.777445
340311.875	6665499.12	25.3911335
340163.052	6664503.93	65.5800116
340091.606	6663569.15	-20.917251
339921.917	6662604.13	37.581163
339794.897	6661174.1	-117.354004
339683.634	6659808.07	-308.020343
339537.021	6658502.77	-443.105732
339465.221	6657312.33	-684.491635
339406.398	6656690.99	-776.262129
339280.503	6655522.19	-925.550741
339061.928	6654152.4	-973.638388
338864.193	6652727.27	-1058.24519
338612.648	6651295.75	-1018.31405
338521.354	6650247.46	-1149.77438
338446.274	6649497.53	-1221.86833
338345.9	6648444.2	-1325.85808
338260.938	6647058.31	-1527.52552
338166.776	6645711.73	-1676.57576
338048.26	6644340.95	-1770.92394
338006.755	6643421.65	-1892.37775
337892.239	6642478.02	-1887.94801
337849.177	6641382.74	-2030.1968
337702.395	6640000	-2049.66998
338247.378	6709292.93	-1355.25715
338296.704	6707839.83	-1326.80959
338299.538	6706749.34	-1239.70884
338325.912	6705781.68	-1205.22788
338383.566	6704930.54	-1237.33635
338442.157	6703674.92	-1234.14171
338502.3	6702222.22	-1211.31327
338496.202	6700871.69	-1062.33513
338595.805	6699667.56	-1118.36702
338650.311	6698718.86	-1107.79978
338717.438	6697743.39	-1108.63178
338794.311	6696565.66	-1085.48336
338886.197	6695151.52	-1027.52915
338986.063	6693823.26	-961.423988
339069.59	6692604.13	-848.061093
339199.817	6691716.85	-877.469391
339338.04	6690752.65	-884.496947
339477.186	6689450.86	-747.684464
339578.249	6688086.08	-458.3391
339744.791	6686761.59	-300.046664
339878.317	6685623.15	-170.335832
340038.573	6684751.46	-198.880284
340192.797	6683727.23	-183.31508
340372.653	6682423.37	-173.091606
340498.751	6681023.29	-93.9105089
340640.608	6679624.53	-96.0417704
340676.783	6678303.15	19.8681528
340718.101	6677691.78	11.9279756
340703.691	6676669.08	130.20504
340767.049	6675353.54	95.6760416
340780.593	6673939.39	98.3536226
340771.534	6672525.25	88.2505691
340755.172	6671408.25	55.4940003
340719.138	6670649.71	59.4114306
340739.899	6669704.34	-56.090739
340652.842	6668239.34	-87.3500635
340562.542	6666915.16	-136.32586
340466.41	6665514.43	-225.724825
340415.039	6664570.39	-334.281693
340250.44	6663571.03	-281.769057
340182.263	6662522.54	-412.77033
339989.756	6661212.12	-428.947221
339815.153	6659773.94	-535.894163
339631.949	6658487.08	-607.555454
339537.995	6657321.05	-806.59368
339503.705	6656667.06	-951.898718
339399.468	6655542.49	-1128.06878
339206.261	6654155.81	-1231.11953
339008.004	6652727.27	-1321.27719
338863.875	6651417.9	-1448.59393
338731.328	6650375.94	-1503.11239
338582.729	6649516.56	-1468.75998
338470.424	6648461.18	-1548.69783
338365.294	6647046.59	-1716.72855
338277.539	6645706.82	-1872.72035
338210.716	6644332.58	-2053.71494
338169.643	6643302.79	-2194.74705
338103.479	6642482.35	-2245.29578
337997.319	6641372.33	-2280.05445
337858.571	6640000	-2307.83749
338353.141	6709292.93	-1551.16395
338412.128	6707839.33	-1541.37099
338402.237	6706710.17	-1428.07563
338487.75	6705937.09	-1521.1175
338504.194	6704963.27	-1465.91779
338565.003	6703636.36	-1460.90864
338641.611	6702222.22	-1473.68429
338688.157	6700808.08	-1418.48257
338734.131	6699669.29	-1380.99993
338788.482	6698720.43	-1370.95185
338855.577	6697744.13	-1372.39754
338932.482	6696565.66	-1350.48398
339024.131	6695151.52	-1294.26009
339160.303	6693737.37	-1284.0026
339326.935	6692483.25	-1327.47906
339364.335	6691700.08	-1200.70486
339449.029	6690721.34	-1097.09741
339561.693	6689466.08	-923.071263
339721.228	6688094.67	-746.122194
339868.225	6686744.78	-533.337201
340063.641	6685685.88	-545.439941
340178.979	6684752.83	-462.009266
340362.839	6683799.18	-513.980167
340515.56	6682423.07	-430.496355
340641.75	6681029.47	-348.330592
340766.451	6679645.84	-319.160721
340793.482	6678297.98	-180.694784
340810.391	6677710.78	-148.194592
340831.587	6676672.02	-87.6903087
340887.448	6675353.54	-107.33972
340901.831	6673939.39	-104.370513
340899.355	6672525.25	-124.051496
340872.99	6671407.08	-139.312272
340820.293	6670641.19	-108.556388
340851.466	6669705.23	-239.318989
340786.955	6668235.99	-307.675808
340707.539	6666919.21	-372.776048
340615.374	6665542.31	-464.21964
340571.7	6664576.93	-588.426977
340520.253	6663654.49	-702.305507
340390.47	6662602.15	-732.000199
340197.392	6661212.12	-769.599763
339965.214	6659779.08	-782.309282
339812.41	6658402.19	-932.430953
339626.059	6657228.59	-983.836516
339586.952	6656636.14	-1103.61893
339509.198	6655488.56	-1336.01174
339382.508	6654128.71	-1552.76851
339201.015	6652728.46	-1671.36943
339040.206	6651355.7	-1790.30674
338874.063	6650377.56	-1765.84075
338781.378	6649448.81	-1851.03106
338607.177	6648468.27	-1794.44752
338531.164	6647083.32	-2000.74571
338395.148	6645700.93	-2077.32306
338305.114	6644319.32	-2217.2784
338262.386	6643331.45	-2345.12562
338225.873	6642477.99	-2451.0314
338138.917	6641351.17	-2518.87426
338015.368	6640000	-2564.90885
338492.196	6709292.93	-1808.02101
338530.111	6707878.79	-1762.84384
338525.978	6706686.22	-1655.97076
338687.603	6705781.9	-1879.09895
338674.469	6704927.91	-1780.26919
338704.865	6703636.36	-1722.23841
338781.703	6702222.22	-1735.9829
338855.627	6700892.23	-1741.80178
338873.745	6699670.39	-1644.27908
338927.592	6698722.01	-1634.028
338994.668	6697744.88	-1635.99485
339071.523	6696565.66	-1615.05074
339198.679	6695151.18	-1628.82045
339292.081	6693734.77	-1538.93732
339441.464	6692479.7	-1550.03965
339508.23	6691669.43	-1475.44277
339530.784	6690665.14	-1242.3951
339659.081	6689474.82	-1120.02418
339853.64	6688089.78	-1007.12426
340066.299	6686721.81	-907.889536
340202.175	6685687.47	-808.785881
340408.948	6684654.49	-859.787783
340571.312	6683783.91	-891.710083
340655.816	6682422.46	-682.089645
340774.519	6681043.18	-585.519679
340849.931	6679702.6	-474.440207
340907.523	6678474.6	-399.624341
340883.011	6677843.32	-284.794618
340964.202	6676667.57	-312.264603
341034.693	6675353.54	-354.563717
341053.079	6673939.39	-356.239823
341041.552	6672525.25	-359.157166
341007.868	6671413.6	-361.035771
340958.271	6670646.51	-334.598472
340969.974	6669704.06	-432.980158
340900.193	6668231.59	-492.701183
340828.165	6666910.86	-570.233448
340745.307	6665589.14	-667.144878
340737.022	6664461.42	-879.784316
340661.437	6663651.35	-931.818602
340542.136	6662593.89	-980.287178
340404.391	6661214.87	-1105.70269
340174.532	6659797.98	-1119.41149
339961.988	6658397.52	-1180.25346
339803.392	6657370.64	-1235.42479
339686.187	6656650.13	-1265.84337
339581.923	6655349.73	-1505.31905
339504.919	6654128.85	-1767.4804
339335.222	6652780.71	-1896.4389
339182.831	6651370.33	-2046.44719
339017.861	6650379.19	-2028.45852
338926.187	6649450.16	-2113.49321
338847.51	6648387.57	-2244.45796
338676.086	6647070.71	-2256.96456
338536.037	6645690.67	-2320.63064
338413.163	6644290.35	-2404.73703
338357.926	6643295.42	-2510.70865
338320.858	6642466.17	-2610.39477
338257.477	6641285.12	-2726.12331
338170.963	6640000	-2817.89454
338634.076	6709292.93	-2069.02006
338670.043	6707878.79	-2020.9627
338783.356	6706736.23	-2135.916
338829.747	6705783.53	-2141.89081
338867.278	6704809.83	-2127.52177
338902.545	6703636.36	-2089.25527
338922.603	6702222.22	-1998.29017
338996.956	6700892.71	-2005.31509
339059.346	6699804.9	-2006.32201
339067.672	6698723.61	-1897.02555
339157.514	6697862.7	-1957.31951
339258.335	6696585.35	-1970.4179
339337.23	6695151.01	-1891.72138
339417.328	6693733.74	-1779.19283
339539.723	6692478.06	-1739.13015
339577.806	6691681.94	-1613.33206
339639.525	6690841.61	-1507.74692
339772.599	6689510.51	-1356.88643
339987.895	6688087.44	-1271.52538
340222.951	6686757.2	-1223.92913
340341.206	6685689.05	-1072.07023
340547.216	6684640.52	-1111.51382
340701.546	6683749.32	-1119.62124
340781.305	6682420.89	-906.154662
340870.031	6681051.79	-755.103347
340973.697	6679639.04	-676.681011
341063.629	6678479.76	-667.927862
341004.468	6677829.95	-490.543077
341109.488	6676663.45	-557.409379
341187.933	6675353.54	-610.921156
341207.372	6673939.39	-612.208322
341193.703	6672525.25	-609.711973
341156.146	6671424.22	-603.594043
341181.677	6670637.12	-700.567076
341110.77	6669702.42	-662.026029
341043.325	6668237.61	-723.582389
340958.478	6666915.34	-779.700778
340846.465	6665564.03	-834.653349
340820.436	6664588.39	-988.535841
340785.478	6663614.1	-1139.97001
340686.452	6662576.12	-1217.36394
340559.19	6661215.92	-1355.08558
340388.248	6659827.16	-1458.04914
340175.276	6658489	-1502.79515
340070.179	6657447.37	-1651.97938
339852.832	6656401.55	-1622.28139
339701.896	6655409.16	-1687.71796
339600.896	6654120.14	-1935.46564
339463.432	6652777.73	-2126.01695
339322.008	6651397.39	-2290.43144
339246.942	6650503.03	-2408.21867
339072.39	6649451.53	-2375.8056
338995.865	6648387.84	-2505.8771
338826.584	6647070.71	-2517.17028
338679.985	6645656.57	-2571.65154
338530.866	6644309.08	-2595.95624
338485.122	6643272.21	-2724.13105
338407.832	6642611.58	-2724.28607
338354.445	6641307.8	-2878.92823
338300.57	6640000	-3026.86042
338820.347	6709292.93	-2409.99277
338875.339	6707878.79	-2397.6113
338926.44	6706737.34	-2398.78481
338972.564	6705785.17	-2404.62696
339009.96	6704810.65	-2390.31753
339044.947	6703636.36	-2352.03348
339089.104	6702222.22	-2306.31883
339173.46	6700808.08	-2323.2826
339227.337	6699670.39	-2302.95145
339271.089	6698835.63	-2288.29979
339319.27	6697873.61	-2260.00405
339390.443	6696590.3	-2217.8921
339471.952	6695150.53	-2144.96334
339521.078	6693732.89	-1976.02568
339634.092	6692481.22	-1918.97932
339653.165	6691861.34	-1803.38247
339759.51	6690866.69	-1746.2269
339953.021	6689494.95	-1704.12251
340167.486	6688080.81	-1621.26333
340410.134	6686666.67	-1547.55405
340640.718	6685454.14	-1550.06509
340697.167	6684750.48	-1422.74898
340793.996	6683629.21	-1256.1567
340874.264	6682421.45	-1071.49325
341005.526	6681032.55	-987.445488
341116.294	6679622.54	-919.089817
341223.656	6678631.89	-962.097977
341289.575	6677701	-961.514089
341260.334	6676661.12	-811.047282
341342.376	6675353.54	-868.2502
341362.504	6673939.39	-868.506725
341391.454	6672625.95	-933.074202
341377.635	6671571.54	-958.284883
341342.225	6670638.45	-961.432566
341261.331	6669696.97	-906.16513
341196.506	6668247.7	-968.938463
341107.464	6666909.52	-1019.63576
340972.377	6665525.95	-1042.84018
340922.652	6664450.73	-1179.14919
340870.453	6663575.8	-1284.43771
340806.424	6662498.7	-1429.08796
340709.484	6661218.21	-1594.98301
340543.245	6659837.61	-1704.17832
340436.728	6658468.86	-1929.84464
340231.078	6657449.48	-1912.60649
340105.486	6656511.64	-2001.87928
339903.097	6655518.25	-1985.3172
339728.119	6654113.94	-2152.04691
339555.403	6652767.84	-2290.84199
339485.588	6651430.52	-2573.01967
339381.542	6650384.12	-2680.86172
339365.332	6649654.62	-2843.20059
339182.57	6648514.17	-2801.43115
339021.859	6647070.71	-2850.39102
338890.235	6645656.57	-2922.89264
338716.864	6644352.6	-2895.04479
338705.098	6643321.28	-3073.55292
338585.702	6642481.43	-3036.1177
338496.22	6641357.18	-3096.84691
338452.287	6640000	-3266.95256
338964.506	6709292.93	-2672.66785
339019.294	6707878.79	-2660.37803
339070.151	6706738.46	-2661.54995
339116.069	6705786.81	-2667.306
339179.687	6704871.05	-2705.82643
339187.317	6703636.36	-2613.39909
339232.407	6702222.22	-2569.67922
339306.548	6700868.09	-2574.18813
339361.658	6699662.59	-2549.33541
339447.975	6698845.44	-2615.54471
339438.872	6697863.27	-2479.37287
339510.206	6696593.25	-2440.02384
339566.407	6695149.84	-2320.89997
339620.384	6693733.73	-2161.45756
339748.829	6692484.77	-2134.25355
339770.083	6691878.51	-2028.52555
339889.969	6690877.84	-1997.49647
340090.109	6689494.95	-1968.59901
340304.834	6688080.81	-1888.04915
340596.921	6686702.87	-1917.04398
340743.968	6685476.33	-1750.04917
340783.415	6684888.61	-1625.6834
340862.679	6683770.38	-1418.77064
341005.915	6682422.68	-1304.49551
341151.813	6681024.69	-1240.08267
341264.532	6679615.26	-1171.80569
341377.404	6678633.54	-1223.6359
341444.581	6677702.6	-1223.02038
341448.796	6676555.99	-1120.73686
341497.552	6675353.54	-1125.80116
341571.182	6673939.39	-1211.75324
341550.048	6672626.43	-1192.0311
341538.265	6671572.99	-1219.13128
341503.48	6670639.79	-1222.21214
341452.476	6669592.84	-1226.63573
341353.402	6668282.83	-1215.37001
341255.458	6666868.69	-1261.73366
341118.167	6665506.54	-1278.21017
341061.711	6664434.38	-1402.8241
341003.413	6663641.29	-1479.79834
340901.588	6662542.9	-1568.32713
340814.357	6661190.51	-1769.78906
340677.677	6659822.93	-1923.3037
340579.674	6658485.29	-2153.63095
340412.085	6657511.32	-2183.6443
340266.797	6656512.45	-2262.47007
340059.379	6655528.21	-2237.55475
339867.798	6654105.31	-2386.89442
339701.455	6652729.51	-2550.57534
339568.007	6651413.41	-2722.0792
339491.032	6650384.42	-2874.52624
339473.268	6649641.7	-3034.46369
339323.353	6648416.44	-3064.64889
339175.392	6647070.71	-3108.71617
339102.028	6645694.15	-3264.78653
338930.966	6644463.37	-3223.5706
338867.398	6643322.64	-3334.2786
338765.249	6642390.55	-3340.48419
338650.757	6641375.28	-3338.68962
338613.288	6640000	-3519.82235
339109.089	6709292.93	-2935.03853
339221.458	6707863.61	-3026.6176
339212.775	6706736.92	-2920.93928
339260.276	6705788.46	-2929.92636
339346.534	6704967.81	-3017.60851
339329.305	6703636.36	-2872.49044
339394.518	6702199.26	-2863.60404
339434.353	6700886.59	-2809.65756
339511.468	6699655.96	-2821.99213
339534.66	6698866.04	-2776.3391
339546.283	6697866.64	-2676.08
339613.136	6696594.3	-2628.04606
339694.33	6695150.83	-2554.10747
339743.129	6693734.74	-2387.79589
339917.441	6692627.7	-2476.09897
340006.042	6691671.63	-2418.17187
340113.443	6690686.73	-2364.0581
340280.693	6689458.33	-2318.924
340486.274	6688072.56	-2233.44054
340713.066	6686714.38	-2140.55882
340831.766	6685603.26	-1958.28785
340860.856	6684930.12	-1780.44221
340970.238	6683815.98	-1624.04898
341149.098	6682423.18	-1556.43431
341300.737	6681020.82	-1496.9164
341444.784	6679693.52	-1494.67172
341531.833	6678635.2	-1485.1077
341600.248	6677704.2	-1484.44977
341646.699	6676662.47	-1456.84307
341707.507	6675353.54	-1472.71593
341727.149	6673939.39	-1467.09015
341707.233	6672624.99	-1447.72725
341699.601	6671574.43	-1479.91758
341665.451	6670641.13	-1482.90504
341658.378	6669659.09	-1548.65451
341566.136	6668282.83	-1554.79813
341471.695	6666868.69	-1604.91053
341367.793	6665663.1	-1647.20722
341297.497	6664513.12	-1759.08019
341159.623	6663656.03	-1721.99417
341047.225	6662583.74	-1786.5342
340930.116	6661175.37	-1954.88413
340795.242	6659819.1	-2110.09362
340707.375	6658494.35	-2353.03532
340573.221	6657516	-2438.36966
340507.975	6656637.41	-2606.84023
340300.575	6655555.56	-2617.87493
340020.258	6654113.03	-2634.62953
339850.119	6652728.71	-2799.33756
339670.207	6651359.53	-2912.06979
339591.176	6650221.5	-3088.76599
339566.19	6649614.87	-3199.36216
339493.702	6648435.79	-3348.97327
339351.71	6647068.08	-3402.43986
339254.554	6645703.95	-3510.84755
339155.292	6644307.19	-3611.47417
339031.355	6643323.96	-3594.847
338929.84	6642391.4	-3600.77346
338810.955	6641384.79	-3588.76727
338775.609	6640000	-3772.47815
339254.102	6709292.93	-3197.07763
339356.771	6707859.53	-3270.86602
339365.549	6706717.55	-3195.93682
339390.435	6705784.97	-3165.58973
339468.8	6704918.16	-3234.78185
339466.511	6703636.36	-3121.36913
339529.028	6702201.73	-3107.80122
339540.596	6700900.45	-3003.71664
339620.645	6699661.87	-3019.70725
339612.146	6698865.42	-2916.01152
339657.3	6697877.86	-2878.03548
339740.383	6696590.59	-2856.931
339836.049	6695151.09	-2810.13923
339942.238	6693737.37	-2749.71205
340076.985	6692751.76	-2793.74088
340148.857	6691673.23	-2680.9479
340255.385	6690687.4	-2627.09552
340420.169	6689494.95	-2591.7735
340623.134	6688068.71	-2490.96872
340807.057	6686740.37	-2326.16773
340896.418	6685543.42	-2054.29286
340955.568	6684955.93	-1960.22139
341087.875	6683797.41	-1826.71529
341349.749	6682424.24	-1907.04461
341499.865	6681010.1	-1837.08959
341644.747	6679595.96	-1815.31287
341686.968	6678636.88	-1746.51183
341778.082	6677778.51	-1789.2213
341799.341	6676666	-1710.38673
341861.673	6675353.54	-1726.16177
341882.279	6673939.39	-1719.97439
341861.731	6672621.71	-1698.00216
341868.797	6671425.32	-1758.33879
341822.666	6670650.46	-1734.23207
341812.626	6669645.56	-1796.46023
341726.846	6668282.83	-1809.79317
341688.559	6666882.46	-1945.10993
341532.203	6665664.03	-1905.39647
341464.029	6664514.3	-2019.29017
341343.291	6663583.31	-2025.73146
341203.994	6662597.3	-2027.32026
341078.762	6661171.61	-2186.54724
340902.936	6659806.79	-2280.85982
340810.98	6658485.13	-2517.58776
340733.858	6657403.65	-2724.98301
340674.729	6656676.47	-2856.34403
340522.132	6655537.86	-2975.9157
340283.689	6654144.8	-3048.82058
340004.551	6652728.33	-3052.87996
339796.635	6651339.97	-3128.53104
339664.54	6650351.06	-3177.77803
339650.721	6649603.21	-3342.51782
339594.077	6648419.84	-3517.45652
339490.342	6647065.2	-3629.36749
339402.096	6645714.1	-3745.42326
339308.008	6644333.01	-3848.85325
339215.77	6643387.32	-3873.57229
339168.543	6642531.06	-3949.17977
339055.108	6641414.14	-3963.8514
338990.763	6640000	-4104.23572
339399.519	6709292.93	-3458.65187
339480.192	6707855.69	-3492.57329
339480.478	6706726.73	-3403.80905
339502.192	6705792.2	-3367.72916
339562.247	6704868.32	-3398.77084
339583.337	6703636.36	-3331.68586
339625.151	6702198.88	-3279.85757
339648.563	6700891.22	-3196.53314
339741.403	6699667.6	-3236.08821
339710.556	6698996.49	-3106.95293
339808.635	6697867.45	-3147.52386
339879.336	6696585.32	-3104.33443
339980.917	6695151.52	-3069.09954
340111.67	6693827.63	-3070.33303
340222.96	6692753.46	-3056.20974
340293.589	6691674.88	-2943.56336
340464.058	6690872.92	-3055.70037
340601.664	6689445.86	-2910.9521
340775.123	6688096.41	-2783.27813
340888.348	6686769.13	-2486.67996
341007.807	6685629.56	-2286.4042
341179.589	6684751.28	-2295.65075
341356.378	6683730.62	-2282.0929
341499.671	6682424.24	-2167.12294
341697.999	6681001.38	-2174.05137
341790.352	6679583.42	-2059.4479
341836.319	6678628.53	-1995.67434
341922.231	6677765.59	-2027.86458
341947.13	6676671.39	-1954.93266
342011.6	6675353.54	-1971.62998
342031.884	6673939.39	-1962.87881
342007.794	6672616.46	-1933.6034
341989.802	6671565.37	-1946.78716
341967.547	6670663.11	-1964.55839
341958.682	6669616	-2031.82212
341887.523	6668282.83	-2063.39635
341846.611	6666888.56	-2192.02259
341752.563	6665454.14	-2283.46131
341631.608	6664515.45	-2279.4007
341511.062	6663584.1	-2285.75287
341397.227	6662503.47	-2349.56286
341231.759	6661214.81	-2410.22697
341042.35	6659799.85	-2497.12648
340913.543	6658474.03	-2678.24214
340818.755	6657469.89	-2836.75951
340783.528	6656663.42	-3029.3971
340661.21	6655526.39	-3197.05484
340442.754	6654145.96	-3300.09129
340221.219	6652759.09	-3391.79124
339983.467	6651423.09	-3410.5395
339852.248	6650244.75	-3511.83423
339774.823	6649613.5	-3540.54829
339690.498	6648388.66	-3677.36888
339605.483	6647061.15	-3813.4612
339532.561	6645711.15	-3952.11475
339446.868	6644377.66	-4058.24243
339426.623	6643388.3	-4201.62547
339352.834	6642565.95	-4227.60486
339280.685	6641446.01	-4306.18615
339153.565	6640012.9	-4351.14114
339535.885	6709292.93	-3703.33744
339584.895	6707855.39	-3679.73601
339588.349	6706732.19	-3597.41684
339611.502	6705797.42	-3563.8234
339667.296	6704941.82	-3592.18896
339717.128	6703636.36	-3570.31755
339787.29	6702222.22	-3570.56343
339777.719	6700871.49	-3424.56051
339880.827	6699677.46	-3484.27702
339908.556	6698840.16	-3440.02545
339951.971	6697864.58	-3401.10049
340078.866	6696565.66	-3454.00336
340170.079	6695151.52	-3403.49666
340259.406	6693828.22	-3331.94056
340370.74	6692755.19	-3318.46332
340455.832	6691751.03	-3249.67519
340603.007	6690856.54	-3299.31306
340726.032	6689447.44	-3136.28678
340862.576	6688100.38	-2943.21385
340998.353	6686739.68	-2674.4136
341178.289	6685759.82	-2640.03146
341328.952	6684763.76	-2564.57245
341505.957	6683731.03	-2543.39359
341704.367	6682395.84	-2512.86817
341846.77	6680998.06	-2426.01887
341928.95	6679580.17	-2291.982
341979.755	6678616.98	-2233.32605
342058.8	6677692.97	-2246.41864
342074.787	6676675.64	-2165.31762
342092.882	6675353.54	-2104.33912
342110.619	6673939.39	-2090.28373
342131.453	6672615.77	-2132.01628
342112.376	6671564.16	-2142.48282
342091.261	6670661.86	-2161.36636
342076.509	6669527.32	-2227.88563
342042.347	6668282.83	-2306.58111
341998.197	6666904.15	-2426.2663
341903.085	6665454.01	-2516.79308
341801.904	6664369.49	-2569.76989
341755.474	6663730.28	-2629.45651
341692.072	6662641.11	-2767.81573
341499.399	6661212.12	-2818.95763
341250.878	6659772.94	-2821.27773
341031.146	6658389.7	-2880.01434
340930.686	6657377.41	-3034.0653
340874.531	6656644.42	-3174.09518
340780.792	6655493.48	-3391.53457
340601.23	6654148.16	-3545.6282
340437.912	6652767.97	-3730.10446
340208.525	6651532.18	-3739.3494
340093.41	6650390.34	-3859.87332
339942.718	6649492.61	-3835.68445
339834.549	6648407.23	-3900.17855
339750.214	6647058.92	-4038.31212
339655.625	6645708.79	-4141.96121
339556.673	6644380.89	-4226.67318
339532.54	6643387.8	-4364.70016
339485.291	6642543	-4433.963
339427.434	6641449.59	-4528.71503
339314.217	6640018.22	-4593.84396
339652.309	6709292.93	-3909.54069
339703.582	6707858.37	-3890.65784
339703.308	6706727.8	-3801.48225
339784.172	6705949.35	-3882.60987
339797.335	6704978.67	-3825.81464
339861.559	6703636.36	-3826.37347
339934.632	6702222.22	-3831.08238
339917.097	6700857.12	-3669.50664
340076.815	6699815.93	-3844.01989
340082.886	6698735.21	-3735.1667
340151.164	6697750.71	-3736.70535
340227.784	6696565.66	-3714.56033
340319.049	6695151.52	-3663.95158
340447.435	6693783.23	-3651.98716
340612.633	6692541.79	-3697.11847
340639.573	6691739.42	-3570.39922
340735.559	6690808.54	-3519.67628
340824.328	6689462.36	-3315.33875
340985.244	6688114	-3163.46461
341127.195	6686724.72	-2898.21702
341343.564	6685700	-2911.91397
341478.151	6684765.18	-2826.8487
341680.289	6683759.57	-2852.26287
341851.529	6682385.06	-2761.72021
341989.753	6680992.32	-2666.22983
342079.918	6679659.87	-2560.22325
342112.52	6678632.58	-2456.24221
342129.672	6677737.36	-2368.07453
342204.188	6676673.13	-2376.95003
342230.703	6675353.54	-2328.02309
342254.453	6673939.39	-2321.79381
342272.056	6672621.47	-2356.55397
342239.088	6671565.42	-2343.63779
342217.291	6670658.64	-2360.91972
342179.699	6669598.27	-2382.3966
342172.955	6668282.83	-2510.27947
342107.463	6666928.86	-2592.51108
342035.306	6665453.84	-2720.54184
342017.788	6664507.47	-2874.99858
341921.143	6663769.72	-2873.94311
341847.763	6662644.66	-3003.55123
341664.046	6661235.77	-3062.27427
341475.234	6659797.98	-3151.48968
341186.93	6658388.28	-3114.55231
341076.557	6657368.78	-3255.05539
340986.542	6656639.95	-3342.80938
340873.784	6655443.95	-3547.37798
340735.116	6654116.56	-3761.55255
340588.107	6652763.42	-3963.20428
340422.476	6651341.47	-4124.34692
340261.21	6650391.62	-4120.05906
340125.251	6649460.38	-4127.5357
339991.682	6648423.66	-4138.90887
339898.112	6647036.88	-4267.65592
339809.155	6645700.74	-4375.63814
339680.804	6644335.71	-4421.78584
339613.376	6643379.35	-4487.41197
339608.449	6642525.48	-4622.4426
339525.678	6641369.56	-4690.70615
339465.811	6640025.52	-4820.5383
339796.522	6709292.93	-4164.52795
339838.988	6707862.48	-4130.14132
339872.639	6706744.71	-4102.221
339994.882	6705796.82	-4241.87779
339977.755	6704878.42	-4135.78364
340008.693	6703636.36	-4085.56968
340083.003	6702222.22	-4091.62764
340162.125	6700896.83	-4103.28976
340226.919	6699817.54	-4105.9732
340233.104	6698736.93	-3997.31859
340301.522	6697751.49	-3998.17552
340433.146	6696531.08	-4065.31879
340469.146	6695151.52	-3923.65194
340590.21	6693798.54	-3901.55985
340738.941	6692570.74	-3919.89214
340796.307	6691718.49	-3836.62975
340825.072	6690732.6	-3655.1514
340931.608	6689458.76	-3497.70013
341121.467	6688120.35	-3400.65907
341342.061	6686709.92	-3269.15608
341493.444	6685701.51	-3174.06777
341720.919	6684713.48	-3229.58176
341883.824	6683746.71	-3198.42273
341990.842	6682369.68	-2994.2925
342103.864	6680991.35	-2857.55757
342182.182	6679668.71	-2731.47585
342216.564	6678634.59	-2627.94549
342253.643	6677779.15	-2575.96568
342351.798	6676668.2	-2617.04068
342385.086	6675353.54	-2577.65594
342410.326	6673939.39	-2571.73566
342426.753	6672626.43	-2602.54762
342388.03	6671578.17	-2578.74167
342407.759	6670651.64	-2660.49399
342322.892	6669639.39	-2602.00461
342333.042	6668282.83	-2758.49024
342240.889	6666895.49	-2801.99331
342149.478	6665453.84	-2895.07545
342106.844	6664490.18	-3013.47639
342033.655	6663761.18	-3046.86851
341970.525	6662568.4	-3207.26315
341868.999	6661208.55	-3376.51875
341699.565	6659843.59	-3474.22992
341473.702	6658602.61	-3482.67236
341330.375	6657459.31	-3604.23386
341133.516	6656513.86	-3598.71698
340999.837	6655494.59	-3716.27597
340835.972	6654116.38	-3912.43373
340729.686	6652763.7	-4176.379
340643.675	6651455.83	-4427.10242
340450.717	6650317.88	-4423.51696
340380.066	6649542.27	-4493.40941
340273.383	6648389.45	-4570.78623
340108.336	6647070.71	-4575.75358
339966.506	6645656.57	-4617.79879
339830.681	6644309.64	-4649.26058
339730.368	6643241.56	-4683.97089
339734.945	6642540.11	-4807.31352
339643.058	6641362.9	-4865.93417
339578.59	6640023.46	-4988.58515
339943.204	6709292.93	-4422.67852
339978.874	6707878.79	-4377.23565
340097.596	6706746.62	-4497.47382
340144.428	6705798.52	-4504.04728
340180.993	6704817.25	-4487.25245
340214.589	6703636.36	-4445.69321
340264.703	6702222.22	-4408.47695
340350.031	6700808.08	-4420.42787
340378.101	6699819.16	-4367.80117
340384.5	6698738.68	-4259.36805
340509.184	6697978.23	-4383.96764
340578.581	6696519.94	-4312.98023
340648.579	6695117.34	-4225.13627
340722.277	6693824.14	-4131.45438
340812.821	6692787.99	-4089.31185
340844.867	6691840.44	-3944.76046
340936.381	6690844.37	-3869.42137
341060.179	6689499.26	-3725.721
341269.301	6688112.63	-3648.63885
341526.429	6686762.47	-3605.71377
341765.057	6685582.8	-3595.58411
341870.884	6684715.36	-3485.82294
342000.239	6683735.67	-3392.83585
342081.595	6682404.51	-3157.19202
342201.609	6681039.42	-3031.56366
342290.736	6679582.69	-2893.33604
342395.774	6678778.09	-2943.95843
342471.232	6677786.9	-2931.97879
342506.937	6676665.24	-2868.36359
342542.537	6675353.54	-2831.13033
342568.832	6673939.39	-2824.78736
342586.326	6672629.7	-2855.1725
342619.572	6671726.25	-2937.99316
342653.468	6670649.4	-3045.15725
342478.511	6669656.28	-2842.54895
342497.405	6668282.83	-3012.04513
342400.739	6666885.38	-3047.83738
342283.495	6665454.01	-3098.33121
342195.513	6664348.69	-3173.75072
342140.148	6663747.29	-3210.36194
342083.576	6662559.64	-3378.69957
342014.383	6661205.61	-3593.08342
341853.928	6659834.44	-3704.6959
341698.482	6658403.28	-3864.76199
341508.225	6657460.09	-3863.33243
341376.841	6656523.63	-3949.85648
341146.792	6655500.02	-3926.38183
340968.851	6654101.88	-4108.62183
340842.428	6652751.36	-4345.28779
340711.237	6651476.47	-4521.59378
340679.368	6650477.53	-4724.18392
340585.641	6649677.99	-4767.45892
340482.969	6648441.55	-4867.59839
340330.308	6647070.71	-4901.74567
340200.986	6645656.57	-4961.92282
340042.136	6644358.56	-4952.2943
339912.424	6643391.24	-4926.50385
339887.562	6642563.32	-5026.60796
339781.689	6641360.46	-5069.41538
339726.235	6640018.85	-5205.01033
340136.653	6709292.93	-4761.29994
340194.552	6707878.79	-4754.4583
340247.536	6706747.8	-4759.26584
340294.761	6705800.21	-4766.14962
340331.175	6704818.11	-4748.64139
340363.941	6703636.36	-4705.26323
340415.636	6702222.22	-4669.8251
340498.945	6700808.08	-4676.99675
340605.697	6699642.08	-4739.15701
340587.912	6698894.49	-4625.72609
340646.348	6697977.74	-4618.06117
340716.405	6696506.13	-4544.90778
340787.429	6695185.28	-4470.51302
340829.107	6693849.87	-4315.52842
340890.104	6692719.08	-4203.82987
340963.54	6691898	-4153.66861
341075.576	6690867.9	-4104.78692
341211.751	6689498.07	-3976.05434
341474.851	6688080.81	-3979.48497
341721.466	6686701.54	-3910.08758
341956.031	6685543.05	-3901.7502
342014.094	6684839.88	-3766.85879
342096.041	6683748.89	-3557.16053
342189.93	6682420.38	-3341.51253
342379.506	6680999.34	-3315.29343
342435.092	6679585.37	-3130.74425
342634.581	6678647.24	-3313.39839
342660.849	6677713.8	-3231.9558
342715.646	6676562.46	-3197.85177
342756.75	6675353.54	-3174.16239
342784.989	6673939.39	-3168.11566
342797	6672734.42	-3187.67612
342785.94	6671727.92	-3198.58706
342737.843	6670651.58	-3175.8665
342707.517	6669497.05	-3214.06432
342662.732	6668282.83	-3265.73643
342565.58	6666880.79	-3299.18356
342437.116	6665454.14	-3329.95184
342334.868	6664366.75	-3379.38011
342254.387	6663744.67	-3381.62085
342196.013	6662550.44	-3547.47988
342124.973	6661200.34	-3756.98881
342000.188	6659829.83	-3919.67462
341924.372	6658512.63	-4162.8003
341790.754	6657533.77	-4247.9179
341601.073	6656636.54	-4235.85505
341341.199	6655418.32	-4230.13067
341128.891	6654104.66	-4334.61313
340974.884	6652749.61	-4531.34495
340808.395	6651484	-4659.8395
340798.315	6650497.92	-4890.53893
340733.245	6649644.28	-4986.36748
340643.794	6648424.48	-5101.90769
340494.52	6647040.29	-5144.47559
340370.001	6645704.95	-5198.36716
340311.205	6644420.14	-5331.00303
340182.373	6643481.43	-5303.74613
340136.568	6642396.55	-5415.38719
339999.02	6641414.14	-5374.66097
339891.576	6640012.86	-5445.63929
340285.644	6709292.93	-5020.80437
340344.026	6707878.79	-5014.5103
340335.896	6706880.16	-4923.56121
340457.91	6705916.7	-5058.05805
340502.147	6704934.24	-5053.8134
340564.328	6703592.84	-5047.40566
340567.13	6702222.22	-4930.33147
340628.828	6700771.07	-4896.04272
340731.994	6699666.9	-4956.43542
340758.211	6698732.93	-4896.82455
340767.274	6697977.14	-4822.53134
340829.625	6696508.3	-4735.40719
340906.322	6695189.7	-4668.39238
340944.975	6693825.69	-4502.53072
341015.095	6692691.67	-4402.98479
341129.787	6691757.48	-4394.01996
341226.292	6690878.58	-4351.87231
341482.581	6689464.04	-4404.32101
341683.4	6688071.47	-4315.43616
341922.623	6686683.59	-4236.66663
342058.893	6685560.56	-4077.99437
342094.448	6684810.81	-3891.22271
342196.744	6683765.11	-3727.92786
342371.096	6682394.95	-3632.25451
342532.758	6681010.1	-3568.57488
342691.584	6679698.18	-3570.98825
342795.499	6678649	-3574.2906
342822.46	6677714.4	-3492.77327
342904.08	6676665.21	-3507.35958
342968.828	6675332.1	-3511.20397
342945.905	6673939.39	-3422.5351
342991.231	6672629.23	-3491.66553
342882.545	6671588.11	-3353.91315
342929.912	6670782.27	-3464.92481
342926.7	6669597.69	-3540.9725
342881.362	6668282.83	-3599.45365
342789.83	6666868.69	-3640.01759
342710.87	6665670.05	-3707.75339
342606.691	6664669.66	-3729.03949
342452.733	6663463.39	-3734.67148
342331.705	6662554.81	-3745.87658
342210.607	6661193.55	-3883.01037
342116.29	6659819.55	-4090.12027
341987.861	6658519.8	-4251.96074
341945.892	6657548.95	-4463.77281
341845.336	6656786.36	-4535.94937
341664.701	6655570.53	-4636.43428
341355.45	6654144.62	-4636.39365
341126.642	6652711.09	-4750.06681
340972.865	6651361.44	-4916.41358
340880.911	6650476.43	-5008.22028
340816.619	6649379.12	-5161.4262
340786.057	6648388.86	-5308.75775
340659.34	6647032.13	-5379.80786
340538.482	6645714.28	-5437.4254
340515.372	6644324.37	-5637.28563
340379.2	6643391.15	-5599.46744
340317.251	6642397.31	-5673.53792
340254.299	6641414.14	-5740.45903
340062.136	6640000	-5692.75075
340435.078	6709292.93	-5279.99028
340492.843	6707878.79	-5272.21323
340543.922	6706742.84	-5272.4084
340603.063	6705928.08	-5309.35689
340645.932	6704938.81	-5301.40533
340702.625	6703579.49	-5283.20834
340706.238	6702254.14	-5171.24433
340756.009	6700770.37	-5112.18797
340808.69	6699819.01	-5102.59567
340857.169	6698742.47	-5063.83455
340873.577	6697977.17	-5000.13199
340952.043	6696516.06	-4938.58503
341055.012	6695189.7	-4911.60825
341086.184	6693799.44	-4728.09253
341211.61	6692825.66	-4746.74463
341376.811	6691688.02	-4775.81768
341480.354	6690690.37	-4713.2423
341642.338	6689456.02	-4655.62747
341839.156	6688067.76	-4561.93468
342042.254	6686715.05	-4439.97944
342143.157	6685585.55	-4223.30608
342203.117	6684864.15	-4084.14782
342322.617	6683776.9	-3936.55131
342523.644	6682452.21	-3896.40556
342690.568	6681010.1	-3825.67754
342899.718	6679601.88	-3888.44922
342957.289	6678650.76	-3835.11359
342991.65	6677694.79	-3761.92949
343061.983	6676668.32	-3759.68399
343123.835	6675324.3	-3756.59176
343106.97	6673939.39	-3676.03808
343149.731	6672626.02	-3738.9852
343172.761	6671418.22	-3809.76348
343161.314	6670797.79	-3821.45725
343089.809	6669601.43	-3790.43884
343042.374	6668255.41	-3847.31191
342958.329	6666868.69	-3893.43905
342943.086	6665490.42	-4079.87903
342782.239	6664670.81	-3988.80276
342720.173	6663589.56	-4101.45903
342480.932	6662552.19	-3963.84002
342408.645	6661171.94	-4173.30482
342250.481	6659821.58	-4280.55306
342088.283	6658514.88	-4395.69599
342068.885	6657573.16	-4629.83517
342016.485	6656797.84	-4770.30244
341897.868	6655512.57	-4974.28642
341635.477	6654129.12	-5022.09305
341302.49	6652714.7	-4985.51731
341140.313	6651345.17	-5143.18171
341005.404	6650323.76	-5208.12144
340914.119	6649517.65	-5262.71927
340899.701	6648363.1	-5468.90307
340805.974	6647036.83	-5584.30711
340699.788	6645717.96	-5663.71703
340644.181	6644460.19	-5797.29987
340557.688	6643391.23	-5852.2
340516.782	6642434.09	-5949.67832
340422.346	6641437.74	-5975.52714
340327.798	6640002.89	-6070.71382
340584.984	6709292.93	-5538.7352
340639.165	6707878.79	-5524.26106
340691.417	6706569.69	-5512.24767
340753.479	6705949.78	-5569.23205
340780.992	6704944.48	-5532.6015
340820.676	6703575.69	-5483.91146
340830.331	6702250.41	-5381.50875
340870.203	6700770.88	-5304.36687
340902.401	6699815.14	-5258.59768
340949.328	6698910.67	-5235.53023
340997.874	6697977.77	-5205.37711
341098.491	6696528.03	-5179.75167
341204.485	6695151.52	-5147.71084
341312.472	6693784.1	-5088.76944
341469.412	6692768.89	-5146.78944
341541.618	6691690.13	-5036.66021
341709.313	6690903.59	-5123.64421
341847.52	6689464.79	-4978.31149
341974.228	6688099.97	-4783.22463
342124.421	6686825.82	-4606.89555
342245.991	6685592.24	-4389.11113
342340.424	6684870.24	-4306.2089
342459.027	6683843.48	-4175.43289
342733.915	6682424.24	-4229.00751
342948.425	6681010.95	-4242.69295
343053.262	6679603.71	-4136.03771
343111.83	6678640.72	-4081.28618
343190.66	6677851.58	-4097.69345
343215.323	6676673.32	-4003.68581
343271.372	6675311.17	-3988.91331
343293.7	6673988.18	-3970.81218
343298.833	6672621.02	-3970.59914
343303.161	6671405.74	-4011.29159
343294.06	6670815.64	-4024.11074
343246.364	6669607.34	-4028.52192
343201.221	6668245.46	-4088.54944
343113.367	6666921.74	-4119.32298
343105.849	6665504.79	-4318.44179
342966.32	6664550.33	-4280.02033
342897.894	6663590.41	-4360.24995
342817.209	6662626.26	-4433.61775
342576.956	6661180.98	-4411.84129
342398.314	6659781.2	-4498.7541
342257.967	6658414.6	-4657.54549
342125.608	6657431.93	-4746.40924
342065.449	6656659.69	-4878.59214
341968.421	6655501.3	-5073.44334
341806.573	6654154.97	-5243.78023
341628.443	6652738.35	-5407.61951
341295.472	6651453.71	-5317.88715
341211.696	6650472.72	-5443.68059
341104.84	6649539.24	-5509.14591
340982.069	6648409.79	-5569.3322
340936.755	6647025.98	-5762.35864
340858.812	6645675.46	-5891.28687
340779.881	6644485.31	-5981.91577
340743.207	6643386.74	-6112.70515
340671.214	6642428.76	-6167.08577
340587.281	6641442.41	-6206.92116
340497.001	6640003.62	-6309.28789
340734.684	6709292.93	-5795.93976
340773.592	6707878.79	-5754.57388
340814.753	6706567.25	-5722.76888
340840.585	6705963.34	-5718.63895
340908.415	6704945.21	-5748.57199
340887.894	6703580.97	-5597.65409
340966.218	6702258.07	-5609.72074
341000.255	6700772.93	-5521.26751
341026.79	6699797.9	-5462.60399
341094.092	6698899.05	-5472.62178
341140.682	6697978.26	-5439.10359
341248.956	6696565.66	-5428.83692
341364.746	6695151.52	-5404.91433
341507.012	6693833.52	-5407.09047
341552.171	6692770.3	-5277.69005
341714.556	6691805.59	-5331.6267
341852.928	6690802.05	-5321.40339
341989.419	6689463.17	-5195.41384
342088.344	6688097.05	-4958.20216
342243.856	6686726.14	-4757.6007
342381.787	6685717.23	-4644.08036
342579.066	6684776.19	-4656.5697
342743.202	6683732.99	-4600.52754
342948.369	6682408.66	-4569.64585
343058.041	6681011.29	-4418.57867
343199.512	6679606.89	-4370.78701
343258.576	6678460.94	-4288.28097
343308.291	6677864.2	-4286.19577
343356.054	6676678.81	-4226.59629
343386.099	6675309.23	-4169.17106
343415.173	6673985.79	-4160.03817
343435.754	6672620.57	-4182.25919
343410.165	6671405.25	-4175.43579
343399.643	6670818.09	-4185.36812
343384.788	6669611.14	-4238.14411
343341.536	6668241.67	-4300.14894
343268.78	6666921.85	-4350.76843
343258.489	6665540.14	-4537.76385
343177.974	6664388.45	-4617.22299
343091.084	6663764.81	-4606.50877
342984.151	6662644.9	-4670.22138
342860.652	6661229.45	-4802.89212
342569.376	6659784.93	-4737.31343
342421.878	6658405.01	-4885.52213
342268.813	6657392.15	-4952.50816
342174.293	6656646.74	-5029.84737
342087.322	6655483.39	-5237.96308
341980.225	6654147.07	-5473.88505
341812.635	6652743.57	-5643.12207
341688.686	6651483.96	-5812.48364
341532.149	6650492.61	-5848.17043
341308.308	6649406.82	-5798.39694
341154.448	6648434.37	-5791.40467
341105.845	6647034.02	-5985.62875
340983.839	6645712.43	-6052.11968
340903.871	6644460.28	-6155.0772
340834.805	6643375.19	-6240.9431
340829.625	6642418.76	-6388.09489
340737.77	6641445.03	-6416.15649
340636.909	6640005.64	-6504.90689
340852.105	6709292.93	-5996.45187
340898.535	6707878.79	-5967.04584
340924.465	6706573.24	-5909.17866
340940.942	6705950.19	-5887.01671
341047.365	6704940.35	-5981.8136
341024.937	6703593.26	-5828.59138
341112.92	6702255.5	-5853.67318
341204.196	6700808.08	-5861.37576
341251.419	6699783.99	-5829.3158
341323.237	6698749.52	-5828.96941
341393.39	6697757.01	-5820.44889
341467.204	6696560.86	-5778.54504
341569.841	6695151.52	-5730.8004
341707.751	6693709.17	-5699.97178
341820.4	6692729.54	-5686.90659
341913.051	6691967.39	-5673.15975
341982.742	6690800.45	-5519.92042
342104.659	6689474.48	-5372.67931
342209.961	6688112.37	-5144.1556
342382.513	6686717.9	-4965.09949
342614.955	6685711.03	-5001.66024
342744.952	6684778.08	-4916.92207
342941.902	6683778.67	-4926.49976
343104.481	6682402.15	-4816.42257
343214.55	6681012.09	-4668.41869
343324.323	6679611.71	-4570.43771
343398.088	6678463.18	-4509.86025
343401.917	6677871.11	-4435.06409
343455.261	6676767.68	-4389.13747
343522.073	6675318.81	-4381.86501
343562.46	6673990.44	-4388.49581
343584.664	6672626.76	-4411.31346
343563.975	6671414.05	-4410.25668
343538.819	6670807.42	-4397.34239
343533.013	6669606.95	-4461.98413
343459.672	6668236.72	-4477.17294
343395.362	6666918.51	-4538.58247
343366.384	6665774.11	-4662.37957
343302.242	6664380.13	-4798.73762
343278.385	6663786.54	-4871.52658
343145.937	6662649.06	-4900.59376
343028.923	6661233.37	-5038.824
342879.092	6659834.04	-5155.31228
342661.016	6658515.1	-5184.53332
342471.127	6657540.67	-5185.39379
342306.937	6656649.56	-5206.20696
342208.983	6655476.85	-5399.55128
342113.866	6654129.78	-5651.23784
341989	6652758	-5862.50984
341858.387	6651503.19	-6019.31766
341732.652	6650504.82	-6096.6252
341664.469	6649567.34	-6215.58403
341426.745	6648431.45	-6142.45383
341288.234	6647044.54	-6222.72433
341154.232	6645705.36	-6279.94699
341057.536	6644436.86	-6365.22912
340961.054	6643383.38	-6410.02241
340949.27	6642411.59	-6551.74461
340869.042	6641444.29	-6596.69403
340799.893	6640011.01	-6730.63446
340996.48	6709292.93	-6241.0057
341040.488	6707878.79	-6206.94348
341088.994	6706748.59	-6200.23439
341137.392	6705928.58	-6214.9392
341196.955	6704936.42	-6231.44272
341225.857	6703636.36	-6166.83297
341301.764	6702222.22	-6162.62227
341394.303	6700901.27	-6182.68299
341419.263	6699692.56	-6093.34235
341484.582	6698751.39	-6090.11953
341554.791	6697757.92	-6079.61293
341684.555	6696559.44	-6124.1724
341730.734	6695133.94	-5981.0608
341859.559	6693704.59	-5935.13643
341999.254	6692575.57	-5931.39659
342029.274	6691975.25	-5852.53024
342088.62	6690809.95	-5682.16831
342226.696	6689478.08	-5553.43773
342362.607	6688113.14	-5369.62052
342545.126	6686703.45	-5205.34188
342785.061	6685712.03	-5261.6698
342928.013	6684809.71	-5209.27888
343097.94	6683755.77	-5164.94971
343255.429	6682386.88	-5051.15073
343346.357	6681014.44	-4878.08199
343431.736	6679610.36	-4739.8565
343508.201	6678648.14	-4710.84441
343550.481	6677859.35	-4666.95346
343606.005	6676767.68	-4625.27584
343679.989	6675330.12	-4627.94564
343710.043	6673939.39	-4614.06478
343707.47	6672525.25	-4598.18744
343727.669	6671596.31	-4653.68788
343686.853	6670791.94	-4622.1481
343653.773	6669696.97	-4634.98622
343612.954	6668247.55	-4703.76887
343541.96	6666920.74	-4753.85225
343421.489	6665541.45	-4775.37323
343406.631	6664371.5	-4950.33886
343392.078	6663773.71	-5036.77407
343330.369	6662571.07	-5178.94304
343180.846	6661203.14	-5258.29742
343053.66	6659845.8	-5392.54037
342943.167	6658578.42	-5551.20128
342765.79	6657614.78	-5560.62189
342533.402	6656502.03	-5544.60991
342361.841	6655492.06	-5593.07523
342262.002	6654139.25	-5834.1881
342108.281	6652793.49	-6002.51235
342027.785	6651560.34	-6213.59438
341914.327	6650528.93	-6315.77372
341848.476	6649575.42	-6442.84721
341707.317	6648463.94	-6492.80848
341569.694	6647063.67	-6582.7927
341398.765	6645656.57	-6608.50053
341214.803	6644424.76	-6576.14763
341126.153	6643400.22	-6627.88109
341060.055	6642557.3	-6676.50672
341019.224	6641441.35	-6800.74034
340931.306	6640007.76	-6909.78639
341147.853	6709292.93	-6496.32566
341190.432	6707878.79	-6459.03183
341256.567	6706889.78	-6492.2238
341301.052	6705956.31	-6490.51092
341351.468	6704934.89	-6488.07941
341381.474	6703636.36	-6424.24751
341457.79	6702222.22	-6418.71225
341592.593	6700808.08	-6495.1994
341580.022	6699693.99	-6353.46202
341663.266	6698793.21	-6381.56762
341737.501	6697869.47	-6385.4005
341841.556	6696556.88	-6371.17387
341890.065	6695127.74	-6228.58306
342041.255	6693786.48	-6229.25254
342106.152	6692603.54	-6098.72626
342126.056	6691987.43	-6000.63243
342197.849	6690817	-5845.73978
342367.986	6689517.31	-5770.054
342578.315	6688115.86	-5685.03941
342884.451	6686688.18	-5704.83385
343068.82	6685652.61	-5672.33686
343165.792	6684778.83	-5563.91262
343284.973	6683745.8	-5453.63306
343370.989	6682372.02	-5228.94222
343457.407	6681012.42	-5051.59683
343566.054	6679605.83	-4949.75702
343698.6	6678653.92	-5009.83923
343696.215	6677846.52	-4893.1654
343765.418	6676767.68	-4873.82631
343842.01	6675353.54	-4879.77969
343874.968	6673939.39	-4867.68244
343911.858	6672634.81	-4911.30298
343899.026	6671597.91	-4913.41609
343876.701	6670661.87	-4916.27639
343819.76	6669696.97	-4883.46828
343776.191	6668256.86	-4944.2687
343752.878	6666868.69	-5068.26677
343565.945	6665505.54	-4989.52777
343536.032	6664383.12	-5133.47939
343509.266	6663765.71	-5204.7382
343444.939	6662563.24	-5341.47556
343331.867	6661205.6	-5467.38089
343219.188	6659859.72	-5615.10998
343124.684	6658466.36	-5820.71728
342966.472	6657602.01	-5828.48742
342740.377	6656529.89	-5806.58157
342618.843	6655493.92	-5920.35031
342423.793	6654119.26	-6039.85085
342268.27	6652748.66	-6206.8267
342101.737	6651467.9	-6324.4893
342047.33	6650558.26	-6471.52418
341998.545	6649696.73	-6601.73151
341890.227	6648453.82	-6722.9803
341717.294	6647061.82	-6771.2462
341655.068	6645642.66	-6943.21597
341466.963	6644483.02	-6897.81245
341407.759	6643348.9	-7009.61156
341280.053	6642434.04	-6990.14618
341188.703	6641436.82	-7029.00514
341097.924	6640005.01	-7135.32758
341300.995	6709292.93	-6753.39848
341372.779	6707968.92	-6771.28543
341413.151	6706891.41	-6753.31269
341458.363	6705957.87	-6751.8841
341508.442	6704935.35	-6747.70017
341596.006	6703610.38	-6774.43807
341660.3	6702222.22	-6749.03209
341744.21	6700791.74	-6738.52954
341738.592	6699690.97	-6607.96932
341869.669	6698925.5	-6726.61131
341907.853	6698012.95	-6673.69586
341992.684	6696550.44	-6606.44456
342039.125	6695125.32	-6458.73906
342152.053	6693794.3	-6398.38822
342211.597	6692773.17	-6289.62435
342252.311	6691978.68	-6185.53231
342320.673	6690902	-6045.97853
342533.869	6689512.19	-6008.93262
342804.388	6688072	-5999.50976
343049.531	6686695.18	-5949.99644
343202.935	6685644.8	-5870.99201
343295.491	6684780.96	-5761.638
343384.915	6683747.47	-5607.34294
343498.425	6682395.55	-5431.37706
343608.587	6681011.46	-5287.06769
343717.644	6679603.18	-5185.88049
343864.75	6678655.86	-5268.96928
343893.974	6677722.81	-5186.93423
343971.969	6676667.21	-5186.52423
344056.603	6675353.54	-5210.57176
344097.923	6673939.39	-5208.89194
344080.724	6672635.38	-5167.80188
344071.124	6671599.49	-5173.07931
344049.696	6670663.05	-5175.65538
344021.942	6669599.4	-5193.39091
343943.407	6668282.83	-5187.54629
343924.242	6666868.69	-5317.50229
343727.392	6665491.23	-5223.9574
343765.146	6664556.11	-5431.30725
343657.7	6663608.72	-5443.50312
343579.973	6662557.45	-5530.80341
343464.356	6661199	-5650.73579
343333.693	6659823.71	-5779.13084
343266.162	6658485.51	-6003.77864
343146.835	6657629.24	-6057.69736
343131.275	6656725.85	-6259.16168
342897.557	6655583.25	-6249.20734
342609.613	6654125.41	-6266.72998
342390.483	6652740.64	-6354.93535
342251.93	6651396.01	-6519.74687
342157.151	6650523.47	-6610.24836
342122.187	6649676.3	-6755.31403
342050.442	6648421.18	-6926.95796
341912.526	6647054.94	-7018.23399
341835.923	6645638.62	-7175.38202
341718.32	6644348.01	-7246.21605
341623.215	6643468.33	-7271.06786
341577.99	6642498.12	-7373.02579
341362.148	6641414.14	-7263.26903
341269.647	6640003.78	-7365.86279
341499.935	6709292.93	-7085.59035
341570.381	6707878.79	-7092.42651
341570.488	6706893.04	-7014.32021
341616.46	6705959.44	-7013.16943
341698.128	6705050.51	-7069.31431
341751.008	6703602.14	-7026.99774
341818.105	6702222.22	-7004.531
341891.601	6700787.74	-6974.8123
341947.767	6699812.17	-6955.56112
341998.477	6698903.84	-6927.95336
342041.504	6698015.43	-6883.6307
342101.66	6696517.86	-6771.15503
342158.688	6695125.46	-6640.7582
342276.506	6693800.07	-6585.36701
342348.436	6692760.36	-6488.93224
342403.345	6691965.63	-6403.94505
342481.977	6690903.72	-6281.25323
342830.549	6689460.21	-6421.12982
342978.87	6688068.96	-6249.25728
343207.228	6686709.14	-6184.53567
343317.625	6685678.27	-6050.84244
343383.227	6684808.02	-5900.80276
343495.562	6683787.51	-5785.5384
343656.901	6682406.3	-5677.50982
343767.203	6681011.07	-5532.81629
343934.506	6679806.33	-5562.26066
343980.25	6678656.74	-5448.23014
344061.81	6677724.39	-5447.02231
344249.34	6676772.54	-5622.62546
344222.659	6675353.54	-5465.34311
344264.507	6673939.39	-5462.62679
344247.845	6672633.45	-5420.66415
344243.962	6671601.05	-5432.68121
344287.713	6670808.95	-5522.97643
344239.407	6669696.97	-5507.17494
344220.498	6668270.47	-5595.18989
344096.455	6666868.69	-5566.90404
344001.646	6665680.54	-5592.14797
343952.58	6664540.41	-5699.41633
343844.276	6663603.74	-5706.30962
343729.876	6662544.98	-5740.55653
343628.38	6661193.42	-5875.42258
343455.679	6659811.96	-5945.2546
343384.318	6658476.3	-6161.06619
343294.154	6657474.12	-6286.63358
343274.431	6656717.75	-6443.97489
343147.839	6655524.49	-6577.02916
342923.436	6654119.39	-6649.85861
342585.98	6652737.13	-6588.12989
342435.25	6651370.35	-6740.67974
342316.129	6650503.38	-6801.32204
342258.041	6649700.72	-6910.47817
342163.009	6648415.89	-7064.25789
342078.447	6647041.85	-7227.55563
342005.231	6645633.75	-7390.67557
341867.231	6644330.9	-7441.813
341890.988	6643636.72	-7590.38504
341804.235	6642631.9	-7646.15412
341708.761	6641367.1	-7728.74028
341563.561	6640000	-7757.28036
341697.495	6709291.7	-7413.74384
341725.001	6707878.79	-7348.24064
341788.072	6706753.06	-7361.41255
341856.321	6705922.23	-7403.87504
341819.025	6704941.03	-7257.8835
341902.349	6703588.69	-7271.62862
341958.561	6702264.21	-7235.16548
342024.52	6700784.55	-7186.4584
342089.687	6699820.5	-7181.07498
342095.163	6698898.9	-7079.34616
342164.027	6698016.15	-7073.95616
342186.518	6696551.55	-6905.1501
342309.227	6695129.31	-6868.17973
342410.564	6693823.25	-6788.31933
342513.379	6692742.06	-6727.2524
342662.388	6691842.03	-6753.32481
342769.811	6690694.7	-6644.84936
342999.011	6689451.77	-6659.09412
343186.611	6688100.97	-6554.78846
343341.558	6686755.79	-6393.2243
343401.794	6685726.58	-6188.74829
343488.5	6684820.72	-6061.07916
343558.89	6683807.49	-5886.11992
343821.412	6682411.46	-5930.02893
343986.386	6681010.86	-5870.1891
344160.109	6679702.41	-5889.84654
344231.292	6678584.18	-5823.84568
344230.418	6677726	-5706.99053
344404.125	6676773.92	-5860.19106
344388.797	6675353.54	-5719.07987
344429.981	6673939.39	-5713.58426
344411.089	6672629.4	-5666.60418
344408.399	6671592	-5678.96754
344449.791	6670819.86	-5763.33741
344405.939	6669696.97	-5752.92042
344384.786	6668265.97	-5835.24941
344268.944	6666868.69	-5815.63576
344254.977	6665484.39	-5978.11729
344136.283	6664541.36	-5957.93143
344029.163	6663604.23	-5964.18504
343936.396	6662530.79	-6027.66475
343792.487	6661228.4	-6089.58277
343611.367	6659802.43	-6154.422
343510.781	6658452.49	-6330.93459
343395.061	6657449.3	-6421.85556
343396.027	6656698.97	-6602.38665
343298.786	6655509.88	-6767.64333
343093.221	6654149.77	-6847.88877
342937.84	6652716.6	-7007.23493
342707.813	6651445.62	-7040.1107
342512.262	6650505.51	-7028.94811
342397.566	6649573.17	-7101.71755
342339.732	6648452.54	-7267.39586
342208.448	6647044.23	-7384.75113
342143.121	6645632	-7563.55581
342006.734	6644327.64	-7620.80177
342022.278	6643508.44	-7781.25397
341970.619	6642615.05	-7864.27976
341883.576	6641353.08	-7959.34998
341732.595	6640037.55	-7974.57318
341849.676	6709291.17	-7665.24516
341877.565	6707878.79	-7599.34308
341935.19	6706744.57	-7601.74895
341986.146	6705942.25	-7617.67211
341966.07	6704946.96	-7497.66422
342038.173	6703576.08	-7489.86713
342089.351	6702255.4	-7443.82729
342140.623	6700784.71	-7369.97408
342195.26	6699828.64	-7346.74264
342236.135	6698929.42	-7301.39747
342299.541	6698014.83	-7282.07768
342341.509	6696557.38	-7141.40576
342468.794	6695133.78	-7107.59678
342605.406	6693837.2	-7078.69912
342706.619	6692777.42	-7016.70692
342841.374	6691844.31	-7012.33946
343074.765	6690812.25	-7110.28111
343151.96	6689466.62	-6880.02923
343330.156	6688097.39	-6757.71343
343404.74	6686833.48	-6506.82529
343519.758	6685694.07	-6350.92658
343612.914	6684927.54	-6274.77712
343783.132	6683791.81	-6217.46807
344039.257	6682424.24	-6263.69077
344209.485	6681010.1	-6211.38664
344358.41	6679665.39	-6186.44573
344461.056	6678593.11	-6177.58071
344441.176	6677882.68	-6048.34867
344479.704	6676775.88	-5975.98607
344551.79	6675353.54	-5966.94762
344586.986	6673939.39	-5950.76963
344563.01	6672624.32	-5894.50626
344548.046	6671590.97	-5887.17557
344594.527	6670824.49	-5977.43295
344562.449	6669696.97	-5982.90592
344543.478	6668256.05	-6066.72196
344480.25	6666927.93	-6113.05792
344421.385	6665498.62	-6211.78319
344320.114	6664541.28	-6215.40882
344332.664	6663880.8	-6336.28146
344246.981	6662605.03	-6438.10011
344075.765	6661200.39	-6476.3893
343840.963	6659797.98	-6457.70329
343663.399	6658436.3	-6531.46835
343524.578	6657441.33	-6588.62412
343486.894	6656815.37	-6688.0391
343423.21	6655491.08	-6925.03106
343267.144	6654140.98	-7058.48754
343185.847	6652777.88	-7282.75836
343031.33	6651433.84	-7416.18336
342849.738	6650457.23	-7430.29472
342615.264	6649435.85	-7384.30877
342535.818	6648463.47	-7496.86982
342387.081	6647054.82	-7598.33717
342237.951	6645634.05	-7679.67675
342134.084	6644318.98	-7783.09327
342141.364	6643503.66	-7933.11226
342074.477	6642455.8	-8025.23667
342041.259	6641333.42	-8166.8835
341902.403	6640039.3	-8197.0128
341997.88	6709289.8	-7909.00898
342021.025	6707878.79	-7834.23924
342067.352	6706742.27	-7816.78483
342079.861	6705961.25	-7771.62026
342100.353	6704949.88	-7714.80304
342147.884	6703582.16	-7666.01912
342218.228	6702268.42	-7648.71313
342272.677	6700787.75	-7577.08782
342328.712	6699827.69	-7553.4226
342377.744	6698947.4	-7521.46929
342489.188	6697871.51	-7551.54309
342505.066	6696559.79	-7388.47156
342686.262	6695151.52	-7433.35034
342861.168	6693837.52	-7453.13198
342965.463	6692636.87	-7363.04873
343031.882	6691962.86	-7312.99211
343219.515	6690804.41	-7314.10933
343296.075	6689471.97	-7085.16258
343443.183	6688106.91	-6919.94866
343536.465	6686804.01	-6687.13057
343678.71	6685812.28	-6615.75547
343897.212	6684788.12	-6654.45868
344085.39	6683668.6	-6639.38998
344204.705	6682389.1	-6506.07508
344363.575	6680974.44	-6439.39642
344505.498	6679684.82	-6414.49083
344593.611	6678625.22	-6384.60611
344619.189	6677737.65	-6302.95909
344605.303	6676777.34	-6167.57348
344684.216	6675353.54	-6167.47453
344719.163	6673939.39	-6149.44338
344704.426	6672625.7	-6105.74833
344678.238	6671591.82	-6080.35341
344725.345	6670823.31	-6170.43491
344703.618	6669696.97	-6189.34929
344664.178	6668245.64	-6242.41065
344624.785	6666920.49	-6320.19309
344570.711	6665538.67	-6417.16519
344535.038	6664525.17	-6517.31349
344488.55	6663888.03	-6550.62321
344418.268	6662596.3	-6673.00714
344255.719	6661195.92	-6717.97686
344098.709	6659797.98	-6795.90739
343885.519	6658503.37	-6802.57609
343703.112	6657481.64	-6805.35778
343632.45	6656837.46	-6864.96853
343487.419	6655492.08	-7003.0125
343418.494	6654134.45	-7240.07772
343277.928	6652766.6	-7392.30021
343201.203	6651440.08	-7609.66023
343062.752	6650451.22	-7676.73269
342984.282	6649531.15	-7791.45224
342825.139	6648426.4	-7843.89142
342577.082	6647060	-7825.09235
342417.538	6645639.11	-7898.5591
342314.872	6644329.55	-8005.7978
342256.561	6643329.78	-8106.29794
342171.178	6642484.06	-8142.93549
342107.068	6641318.75	-8253.94538
342063.628	6640027.56	-8409.26138
342107.855	6709287.53	-8089.13707
342150.225	6707878.79	-8044.37649
342188.458	6706747.28	-8012.97986
342169.306	6705953.16	-7914.9719
342239.348	6704945.61	-7937.16448
342288.291	6703596.2	-7890.34087
342368.555	6702267.02	-7884.94172
342422.178	6700791.55	-7810.07461
342495.815	6699838.91	-7812.56728
342569.554	6698904.67	-7809.67927
342656.524	6697869.68	-7804.5588
342791.03	6696542.86	-7813.37104
342908.546	6695124.37	-7756.20133
343065.056	6693804.17	-7743.35549
343126.636	6692741.4	-7616.80553
343250.878	6691830.62	-7596.21982
343341.351	6690810.46	-7487.92283
343411.409	6689481.04	-7249.62128
343590.681	6688116.56	-7130.22571
343762.595	6686696.65	-6979.63147
343959.814	6685725.36	-6998.36143
344074.012	6684788.62	-6913.46267
344278.383	6683756.68	-6946.28627
344407.675	6682406.11	-6815.18003
344552.565	6681020.49	-6735.4705
344632.759	6679708.17	-6612.03959
344651.083	6678791.88	-6497.64475
344700.12	6677891.34	-6443.5095
344724.635	6676776.19	-6348.26074
344844.495	6675353.54	-6408.77131
344880.424	6673939.39	-6390.7118
344858.885	6672631.64	-6335.5096
344869.258	6671596.01	-6362.75488
344873.673	6670819.14	-6388.34977
344860.028	6669696.97	-6416.96786
344818.439	6668261.48	-6462.4987
344739.323	6666868.69	-6487.72226
344673.786	6665542.99	-6561.03589
344655.192	6664513.8	-6685.5664
344623.431	6663893.35	-6735.28448
344573.557	6662573.63	-6887.69079
344430.379	6661188.44	-6951.88415
344280.617	6659783.46	-7036.31543
344176.183	6658503.63	-7173.73654
344002.106	6657631.57	-7148.17192
343881.241	6656571.26	-7235.86532
343723.237	6655482.64	-7291.15438
343592.759	6654137.57	-7445.11671
343404.622	6652761.26	-7540.33036
343341.124	6651435.6	-7770.84552
343231.053	6650440.1	-7872.4136
343173.232	6649522.18	-8011.39927
343026.208	6648430.19	-8078.1809
342885.389	6647049.67	-8194.20056
342607.291	6645642.82	-8128.3336
342533.082	6644486.73	-8247.02402
342455.412	6643478.09	-8328.70573
342328.774	6642499.03	-8338.39191
342254.249	6641333.39	-8438.85625
342206.956	6640027.12	-8593.7342
342245.272	6709290.5	-8312.1684
342293.978	6707878.79	-8276.61238
342358.063	6706753.54	-8286.04951
342281.569	6706080.87	-8105.57465
342391.687	6704941.47	-8179.43276
342442.171	6703606.57	-8134.3832
342571.125	6702222.22	-8196.87331
342576.753	6700808.08	-8050.86921
342664.879	6699840.82	-8072.26267
342740.307	6698906.38	-8069.65161
342861.105	6697963.3	-8125.77464
342959.212	6696535.69	-8062.22025
343072.413	6695118.5	-7995.25808
343200.051	6693780.69	-7933.63337
343270.112	6692762.76	-7826.69008
343360.943	6691858.39	-7758.65398
343382.315	6690819.55	-7547.78227
343559.294	6689483.47	-7456.80231
343748.077	6688069.14	-7338.38324
343936.445	6686689.13	-7225.26883
344139.069	6685727.9	-7257.357
344313.222	6684784.35	-7261.78682
344422.024	6683758.68	-7158.99419
344555.428	6682407.15	-7036.04026
344622.977	6681026.47	-6842.64974
344751.941	6679715.77	-6793.31109
344761.201	6678751.97	-6657.6139
344852.638	6677884.8	-6673.11731
344868.404	6676774.14	-6564.89714
345011.01	6675353.54	-6658.54559
345047.852	6673939.39	-6640.27341
345024.227	6672636	-6580.45176
345047.931	6671752.6	-6623.32102
345040.32	6670810.57	-6632.29535
345028.885	6669696.97	-6661.73251
344949.619	6668269.69	-6649.60684
344908.873	6666868.69	-6727.50941
344814.748	6665499.98	-6762.66733
344756.338	6664359.63	-6847.7035
344700.861	6663760.91	-6863.43495
344668.378	6662490.21	-7031.22394
344589.589	6661177.5	-7165.00457
344458.379	6659778.52	-7268.08347
344371.502	6658485.19	-7426.23805
344209.382	6657628.65	-7408.31188
344196.902	6656678.79	-7599.24762
343916.534	6655499.38	-7520.49889
343760.619	6654114.41	-7648.06724
343617.096	6652711.89	-7797.12171
343468.002	6651428.63	-7917.48144
343359.473	6650419.28	-8024.18387
343363.209	6649640.9	-8203.64184
343262.995	6648453.64	-8347.97256
343056.373	6647077.91	-8390.8077
342954.498	6645718.42	-8532.29837
342839.972	6644580.5	-8604.30555
342675.154	6643503.71	-8596.04482
342516.956	6642500.3	-8573.16068
342429.533	6641354.51	-8656.839
342391.25	6640000	-8833.24668
342401.745	6709291.48	-8565.02715
342448.797	6707878.79	-8525.47048
342533.122	6706903.15	-8578.3856
342499.196	6705925.64	-8438.52878
342550.37	6704939.11	-8430.55492
342658.938	6703636.36	-8477.45387
342733.365	6702222.22	-8448.89852
342821.24	6700808.08	-8426.94448
342913.48	6699730.84	-8437.61425
342911.949	6698908.15	-8329.50055
343025.593	6697957.66	-8371.68009
343124.107	6696524.05	-8304.0263
343230.428	6695114.81	-8224.78545
343326.143	6693797.25	-8117.84232
343382.389	6692793.51	-7992.64041
343441.781	6691985.47	-7900.87847
343565.015	6690903.98	-7824.12912
343718.149	6689514.72	-7686.58761
343918.272	6688118.7	-7590.99892
344285.715	6686702.07	-7725.15009
344388.421	6685666.06	-7598.45022
344463.974	6684927.39	-7516.28938
344551.127	6683759.3	-7348.76932
344671.735	6682414.4	-7210.27586
344778.778	6681066.94	-7083.15635
344893.524	6679694.25	-7001.8927
344908.46	6678745.68	-6878.12018
345014.095	6677876.4	-6914.90386
345026.334	6676772.65	-6802.01313
345178.181	6675353.54	-6908.29404
345216.628	6673939.39	-6890.85206
345228.272	6672749.82	-6883.97634
345225.008	6671754.24	-6882.99675
345280.946	6670672.21	-6988.2628
345201.786	6669696.97	-6911.3605
345121.681	6668273.04	-6894.87843
345084.66	6666868.69	-6975.09874
344979.415	6665485.29	-6992.92889
344925.476	6664541	-7053.30705
344835.27	6663749.89	-7048.30018
344759.866	6662581.26	-7136.8946
344707.255	6661174.11	-7320.63297
344609.539	6659775.11	-7464.10871
344519.874	6658484.15	-7613.86041
344520.439	6657651.23	-7790.43714
344379.596	6656704.43	-7817.43617
344291.467	6655574.61	-7954.1746
344080.492	6654161.81	-8013.23616
343815.696	6652716	-8025.36599
343604.858	6651328.58	-8096.76142
343490.34	6650425.28	-8172.31131
343450.046	6649591.45	-8313.96207
343398.139	6648426.53	-8509.72562
343244.936	6647071.98	-8613.95687
343123.373	6645695.49	-8739.08698
343058.927	6644472.86	-8889.90451
342976.715	6643476.3	-8970.10244
342834.46	6642505.05	-8966.47886
342616.533	6641368.53	-8889.21996
342590.018	6640000	-9085.17476
342560.974	6709292.93	-8821.21043
342607.35	6707878.79	-8779.07938
342696.724	6706904.83	-8838.74825
342749.34	6705971	-8839.24394
342751.567	6704829.4	-8737.57351
342881.79	6703636.36	-8825.26562
342947.527	6702202.38	-8777.70384
342986.102	6700808.08	-8679.05579
343109.801	6699582.09	-8716.03831
343158.475	6698914.58	-8701.42274
343183.284	6697946.32	-8605.14449
343277.152	6696510.24	-8526.66569
343365.503	6695122.05	-8421.91396
343440.409	6693807.83	-8282.55006
343495.053	6692775.61	-8147.56863
343586.831	6691976.08	-8101.84162
343730.148	6690905.33	-8054.34756
343950.765	6689494.95	-8005.15773
344217.531	6688080.61	-8000.25399
344370.352	6686715.61	-7848.89331
344546.828	6685528.41	-7789.97297
344581.079	6684937.65	-7687.95149
344660.242	6683771.74	-7511.14292
344810.514	6682417.19	-7415.70357
344934.068	6681059.39	-7312.77295
345051.919	6679671.98	-7234.58144
345175.581	6678671.43	-7267.03624
345258.445	6677736.24	-7264.29324
345321.696	6676670.93	-7235.02821
345401.555	6675353.54	-7240.658
345386.092	6673939.39	-7141.62968
345453.8	6672637.69	-7212.52992
345402.76	6671755.92	-7142.60847
345459.635	6670673.66	-7246.83582
345416.799	6669603.12	-7227.21328
345393.141	6668282.83	-7279.59873
345328.674	6666868.69	-7317.16974
345205.512	6665596.15	-7292.89635
345194.168	6664695.28	-7399.7242
345061.543	6663598.66	-7378.6739
344927.824	6662598.95	-7358.2019
344877.897	6661190.09	-7541.07474
344743.988	6659775.13	-7636.69121
344646.115	6658475.38	-7774.32333
344559.814	6657480.43	-7874.91503
344550.332	6656723.9	-8021.42725
344450.329	6655508.69	-8158.50368
344269.608	6654167.44	-8233.78883
344101.619	6652767.15	-8344.0968
343762.9	6651447.94	-8250.74937
343671.354	6650452.28	-8372.71312
343610.014	6649634.53	-8487.01287
343511.889	6648391.89	-8647.81355
343405.422	6647066.93	-8802.48256
343283.517	6645689.49	-8931.07138
343244.796	6644339.75	-9138.96738
343170.094	6643646.13	-9174.95034
343075.705	6642637.94	-9240.37661
342977.269	6641372.69	-9338.83484
342824.627	6640000	-9380.38092
342763.081	6709292.93	-9144.82284
342802.387	6707973.77	-9097.91937
342861.048	6706906.52	-9099.04862
342914.651	6705972.78	-9099.71569
342987.488	6704979.25	-9120.70804
343032.953	6703668.94	-9063.42437
343105.488	6702196.94	-9019.84096
343202.831	6700890.82	-9018.41503
343251.917	6699585.45	-8930.19876
343298.447	6698919.52	-8911.13242
343317.157	6697920.92	-8799.88119
343395.248	6696515.59	-8699.83057
343469.089	6695168.71	-8578.31479
343556.488	6693832.97	-8451.67768
343691.242	6692897.16	-8448.03856
343787.318	6691821.3	-8345.86846
344057.008	6690744.66	-8467.66173
344188.928	6689469.71	-8329.42977
344388.166	6688080.52	-8239.18978
344567.619	6686709.61	-8127.34193
344650.083	6685603.25	-7957.36286
344682.963	6684953.19	-7838.32902
344781.799	6683780.58	-7689.89014
344955.841	6682452.68	-7636.54737
345097.508	6681049.76	-7553.07272
345251.751	6679706.58	-7538.59067
345349.551	6678673.48	-7526.60771
345432.31	6677738.06	-7523.46364
345520.816	6676713.69	-7534.68974
345568.477	6675353.54	-7487.96147
345555.659	6673939.39	-7391.67988
345609.089	6672634.87	-7439.48855
345588.961	6671605.07	-7414.005
345566.657	6670817.22	-7395.95217
345590.421	6669606.47	-7475.55905
345562.405	6668251.61	-7521.72907
345501.262	6666916.05	-7554.31433
345481.575	6665572.81	-7675.93968
345383.949	6664696.4	-7658.25449
345255.905	6663610.57	-7638.59896
345106.662	6662606.55	-7594.93257
345066.112	6661199.34	-7784.95678
344912.529	6659780.31	-7851.07325
344777.547	6658469.88	-7939.80946
344663.518	6657458.25	-8007.17406
344678.082	6656713.29	-8179.28999
344599.444	6655506.82	-8337.18103
344449.425	6654172	-8443.42607
344302.887	6652781.14	-8573.28228
344189.39	6651519.61	-8722.85522
343881.155	6650467.32	-8608.61987
343859.664	6649525.42	-8795.89171
343696.762	6648417.24	-8854.44062
343558.572	6647033.48	-8986.46786
343416.961	6645683.34	-9090.07924
343379.261	6644338.41	-9300.63205
343301.73	6643521.02	-9357.93584
343248.988	6642617.42	-9456.14488
343159.496	6641357.82	-9566.96421
343009.177	6640037.23	-9605.17383
342924.816	6709292.93	-9402.65528
343004.055	6707878.79	-9409.15647
343115.299	6706685.79	-9479.48781
343078.777	6705977.09	-9357.37935
343139.176	6704956.57	-9355.02839
343187.19	6703672.96	-9302.12164
343256.926	6702191.84	-9250.79083
343338.808	6700899.19	-9224.58495
343335.769	6699713.04	-9072.41892
343355.611	6698928.14	-8996.78554
343422.457	6697937.18	-8956.90459
343539.464	6696525.39	-8909.74047
343668.498	6695123.25	-8854.69499
343717.274	6693814.38	-8674.84107
343870.693	6692884.92	-8696.34985
344066.594	6691850.94	-8741.21443
344259.939	6690834.03	-8771.0751
344364.237	6689458.95	-8569.83227
344549.432	6688080.32	-8464.70414
344640.079	6686915.32	-8284.3577
344749.46	6685731.44	-8132.17367
344821.412	6684940.87	-8033.95799
344915.092	6683853.54	-7899.82192
345119.814	6682447.52	-7875.5809
345327.117	6681010.1	-7883.66394
345476.905	6679642.63	-7860.52356
345529.777	6678699.03	-7797.84674
345614.09	6677880.53	-7809.84826
345681.101	6676693.98	-7770.65234
345717.654	6675391.05	-7711.72099
345723.99	6673939.39	-7638.99605
345771.703	6672630.52	-7676.44287
345796.701	6671602.47	-7715.32753
345788.233	6670694.22	-7719.3489
345758.626	6669612.05	-7715.13942
345729.967	6668243.47	-7758.65334
345671.746	6666926.33	-7790.70761
345641.453	6665537.61	-7899.77426
345583.716	6664673.45	-7932.19423
345564.104	6663655.13	-8045.37147
345455.899	6662656.78	-8049.94548
345300.693	6661212.12	-8087.33483
345094.897	6659784.57	-8082.4767
344967.668	6658491.66	-8173.43956
344870.826	6657476.18	-8259.61916
344813.657	6656702.94	-8346.16693
344729.641	6655498.87	-8494.22667
344601.014	6654138.65	-8627.78373
344489.014	6652799.08	-8784.26726
344385.438	6651540.7	-8942.63693
344231.769	6650547.22	-8990.5072
344199.112	6649601.43	-9166.04166
343898.504	6648434.8	-9081.55004
343739.801	6647039.16	-9194.92226
343578.374	6645681.55	-9279.88479
343425.095	6644320.69	-9358.62685
343421.09	6643507.9	-9504.07129
343373.394	6642513.78	-9626.35412
343320.19	6641332.3	-9769.20611
343189.799	6640042.3	-9829.42179
343086.724	6709292.93	-9659.60684
343161.234	6707878.79	-9656.85471
343204.647	6706835.56	-9633.04144
343220.53	6705982.74	-9579.39315
343275.147	6704928.99	-9563.26106
343328.959	6703671.28	-9519.8933
343380.24	6702196.36	-9438.94085
343463.858	6700904.34	-9412.42492
343434.818	6699721.08	-9220.46976
343548.148	6699075.51	-9300.60971
343565.065	6697954.02	-9167.40149
343703.122	6696535.95	-9146.78179
343833.656	6695151.52	-9094.08584
344009.522	6693842.21	-9090.66355
344071.221	6692795.44	-8957.54462
344261.1	6691729.45	-8982.52999
344410.849	6690835.97	-8979.96557
344559.751	6689475.97	-8844.89097
344645.567	6688116.63	-8608.63957
344762.883	6686757.19	-8415.19282
344890.782	6685836.82	-8360.42649
344977.716	6684925.66	-8253.90753
345160.78	6683838.38	-8250.8456
345403.205	6682424.24	-8283.62655
345551.557	6681041.8	-8220.16327
345639.503	6679659.23	-8103.84033
345712.094	6678533.05	-8042.82556
345754.722	6677748.96	-8002.41299
345825.192	6676663.81	-7980.93905
345868.825	6675386.79	-7933.89078
345877.02	6673939.39	-7863.1099
345925.866	6672627.98	-7900.33821
345932.187	6671604.47	-7910.62378
345925.193	6670697.3	-7915.56017
345907.381	6669617.59	-7926.27339
345882.688	6668247.02	-7973.05711
345829.392	6666930	-8009.03172
345798.213	6665527.97	-8115.21055
345747.715	6664692.35	-8151.60848
345730.088	6663647.91	-8268.14361
345630.914	6662661.55	-8280.23483
345495.24	6661219.11	-8338.0665
345433.147	6659797.39	-8508.97631
345153.507	6658507.32	-8401.63832
345139.736	6657500.25	-8583.80688
344970.386	6656699.42	-8536.84944
344885.606	6655492.58	-8681.4249
344762.732	6654134.16	-8818.23839
344608.199	6652761.36	-8930.07236
344547.534	6651434.82	-9151.72087
344507.912	6650724.6	-9265.52193
344354.975	6649616.88	-9340.10983
344197.668	6648490.55	-9411.68986
343996.697	6647084.7	-9481.93194
343747.741	6645628.52	-9488.20875
343576.682	6644303.49	-9542.00627
343567.606	6643482.91	-9683.62124
343514.276	6642609.72	-9778.77032
343449.819	6641316.08	-9930.39125
343353.049	6640023.38	-10035.6381
343247.032	6709292.93	-9912.89904
343308.508	6707878.79	-9887.83989
343347.502	6706907.34	-9862.91804
343347.952	6705989.21	-9777.89871
343389.838	6704930.19	-9740.23463
343450.809	6703673.91	-9705.8924
343520.653	6702195.45	-9650.05828
343606.887	6700900.66	-9624.65585
343602.609	6699730.98	-9469.51053
343711.119	6699066.92	-9537.98295
343726.192	6697961.46	-9402.36323
343869.922	6696565.66	-9390.41019
344067.272	6695151.52	-9424.2497
344236.85	6693719.94	-9384.43811
344365.748	6692632.98	-9331.6688
344467.996	6692010.63	-9334.483
344547.236	6690824.28	-9165.21628
344671.874	6689481.36	-9001.30799
344778.85	6688130.74	-8797.85032
344924.71	6686719.18	-8632.89295
345115.568	6685823.52	-8675.02495
345239.463	6684798.15	-8597.28217
345417.708	6683764.92	-8604.90541
345564.448	6682447.16	-8523.18995
345714.471	6681050.95	-8460.59183
345790.153	6679694.39	-8331.95237
345872.023	6678525.07	-8277.29839
345875.812	6677928.99	-8203.0795
345941.181	6676661.43	-8151.4307
345992.447	6675389.57	-8115.29261
346016.598	6673939.39	-8066.51104
346070.291	6672632.16	-8109.29369
346069.257	6671605.31	-8107.45143
346039.97	6670830.94	-8074.91032
346019.187	6669696.97	-8079.77946
346007.186	6668239.17	-8147.89264
345958.156	6666928.26	-8187.06759
345938.529	6665523.24	-8306.90318
345865.939	6664706.37	-8309.19864
345836.895	6663757.93	-8394.19539
345794.283	6662664.14	-8494.73672
345686.088	6661224.5	-8583.34791
345618.732	6659797.18	-8743.6209
345488.903	6658376.77	-8841.62767
345283.644	6657646.18	-8731.61263
345205.025	6656552.82	-8850.62032
345057.072	6655572.68	-8868.69784
344950.336	6654127.67	-9039.57097
344745.635	6652743.91	-9092.98304
344673.44	6651419.1	-9299.60745
344569.327	6650589.83	-9366.02195
344569.468	6649638.37	-9579.88795
344394.452	6648492.57	-9635.89061
344249.344	6647087.6	-9772.13861
344111.358	6645689.16	-9899.69353
343852.778	6644496.47	-9830.66161
343756.374	6643479.33	-9908.67565
343699.838	6642634.12	-9996.81495
343541.907	6641345.52	-10036.9213
343494.081	6640037.49	-10206.0848
343382.403	6709292.93	-10125.9522
343442.651	6707878.79	-10096.9359
343423.141	6706865.74	-9976.11829
343475.415	6705995.16	-9974.98639
343517.325	6704957.52	-9938.17055
343601.994	6703673.38	-9934.80653
343681.436	6702201.34	-9891.54968
343684.892	6700888.55	-9738.72408
343876.773	6699854.68	-9887.35638
343964.475	6698919.95	-9885.68119
344004.247	6697768.65	-9773.32827
344166.574	6696548.3	-9810.14041
344242.537	6695132.95	-9667.44683
344401.982	6693716.09	-9613.66651
344559.25	6692608.62	-9594.6511
344589.904	6692013.44	-9503.43848
344660.849	6690838.71	-9325.11954
344757.845	6689496.7	-9123.61104
344989.044	6688080.57	-9076.86409
345095.804	6686704.09	-8869.39434
345320.199	6685735.61	-8941.96129
345420.349	6684800.46	-8855.73807
345652.061	6683768.48	-8942.58416
345712.666	6682403.75	-8729.77733
345864.249	6681060.7	-8681.17251
345908.159	6679775.02	-8519.41721
345971.285	6678534.17	-8424.29932
346022.032	6677928.56	-8417.56228
346074.887	6676691.47	-8349.92971
346151.798	6675389.22	-8347.96535
346182.819	6673939.39	-8307.96437
346235.511	6672638.19	-8347.62021
346229.598	6671616.36	-8337.07889
346205.184	6670822.92	-8310.54757
346185.421	6669696.97	-8314.6992
346168.413	6668243.76	-8372.45599
346111.218	6666924.81	-8397.99583
346029.38	6665418.64	-8440.56785
345976.7	6664686.04	-8460.47077
345972.441	6663745.91	-8576.27925
345935.701	6662663.07	-8680.28101
345857.375	6661233.51	-8802.27162
345794.376	6659796.75	-8965.14514
345669.095	6658375.03	-9064.68258
345588.145	6657796.44	-9075.36088
345549.777	6656818.09	-9213.85946
345428.655	6655550.17	-9315.38283
345122.559	6654159.02	-9234.8011
344918.595	6652731	-9296.28491
344816.687	6651378.54	-9473.18932
344694.015	6650560.71	-9515.24625
344662.499	6649746.84	-9661.89538
344606.02	6648428.65	-9891.14592
344427.021	6647089.13	-9975.99411
344311.292	6645702.45	-10129.1405
344226.347	6644432.1	-10281.6742
344088.932	6643437.62	-10310.3034
343818.747	6642510.36	-10161.451
343726.839	6641366.52	-10257.0014
343666.835	6640000	-10423.607
343532.017	6709292.93	-10359.1571
343592.106	6707878.79	-10328.4749
343556.701	6706837.77	-10179.2839
343624.242	6705987.64	-10202.3662
343666.351	6704979.83	-10167.4252
343754.558	6703636.36	-10160.8674
343844.864	6702222.22	-10137.5579
343962.003	6700909.86	-10150.6143
344053.917	6699856.63	-10146.3324
344087.186	6698920.94	-10064.2144
344242.687	6697965.86	-10146.858
344336.328	6696542.05	-10049.8619
344414.964	6695126.88	-9908.26931
344595.442	6693801.95	-9899.31987
344672.975	6692625.51	-9755.02156
344700.02	6692033.37	-9659.4323
344786.173	6690857.41	-9501.64907
344965.626	6689468.61	-9402.62133
345106.871	6688080.64	-9240.52328
345399.393	6686776.29	-9313.88085
345532.245	6685586.63	-9204.85949
345723.237	6684948.97	-9321.07565
345792.93	6683764.53	-9143.47721
345857.066	6682412.64	-8940.38253
345938.611	6681067.88	-8790.7902
346023.908	6679711.11	-8677.1743
346096.464	6678544.56	-8608.78234
346179.866	6677752.81	-8626.69086
346232.564	6676712.3	-8582.01278
346311.456	6675353.54	-8577.18439
346354.656	6673939.39	-8556.76462
346408.201	6672642.49	-8595.85171
346407.607	6671622.32	-8591.32785
346401.945	6670682.56	-8594.29837
346359.628	6669696.97	-8560.09907
346338.757	6668252.4	-8608.70915
346279.646	6666915.7	-8629.85451
346187.115	6665421.74	-8653.469
346174.978	6664674.61	-8728.11701
346114.59	6663767.55	-8761.90408
346085.686	6662662	-8876.35282
345976.578	6661232.4	-8955.34385
345881.124	6659796.15	-9074.42831
345797.967	6658481.33	-9205.03559
345804.604	6657661.19	-9364.84378
345728.887	6656825.25	-9428.66239
345621.515	6655548.3	-9545.06163
345434.112	6654141.08	-9603.77927
345259.712	6652734.15	-9691.34582
345035.816	6651515.21	-9695.70183
344924.029	6650541.05	-9783.77729
344800.618	6649744.93	-9820.13238
344734.822	6648422.98	-10039.3231
344597.377	6647069.61	-10175.6706
344498.047	6645728.15	-10340.1837
344401.63	6644451.78	-10483.1879
344311.545	6643590.18	-10543.6038
344216.712	6642616.38	-10616.4415
344008.172	6641378.44	-10593.5162
343873.092	6640000	-10675.1488
343693.878	6709292.93	-10610.6042
343713.078	6707974.55	-10524.0339
343769.175	6706972.76	-10517.8597
343864.317	6705837.93	-10553.6005
343867.161	6704941.92	-10467.7748
343922.36	6703636.36	-10412.9386
344067.067	6702222.22	-10467.4452
344179.432	6700859.51	-10463.561
344234.84	6699871.65	-10411.5713
344265.726	6698922.01	-10322.1661
344407.345	6697960.36	-10381.5541
344501.112	6696528.98	-10280.4482
344573.514	6695123.89	-10129.4654
344711.417	6693810.64	-10061.1621
344730.562	6692787.13	-9869.04182
344823.972	6692047.53	-9832.51425
344936.649	6690869.06	-9710.54766
345140.756	6689475.2	-9645.15012
345406.378	6688096.03	-9659.93992
345621.392	6686728.09	-9612.11365
345751.402	6685687.38	-9539.26213
345845.703	6684950.01	-9494.74212
345911.942	6683773.22	-9315.36623
345971.424	6682416.31	-9105.91475
346082.674	6681062.23	-8998.5001
346177.126	6679666.57	-8892.39288
346312.164	6678706.84	-8946.79803
346349.767	6677743.16	-8873.15335
346399.371	6676724.92	-8825.92879
346486.198	6675353.54	-8830.84458
346593.334	6673939.39	-8901.03492
346585.205	6672643.94	-8849.47835
346589.404	6671624.04	-8850.14418
346584.401	6670683.8	-8852.31233
346618.753	6669696.97	-8923.77435
346563.994	6668282.83	-8918.46545
346449.122	6666868.69	-8865.54031
346395.754	6665575.38	-8919.05342
346375.743	6664710.52	-8992.21249
346336.541	6663653.3	-9070.74284
346257.322	6662657.99	-9100.52097
346142.897	6661225.41	-9169.23993
346013.778	6659796.67	-9240.9454
345941.971	6658478.22	-9383.42249
345912.167	6657641.69	-9499.59632
345883.825	6656832.13	-9614.21175
345800.439	6655544.6	-9758.47865
345625.046	6654140.91	-9827.71154
345464.904	6652736.6	-9929.09378
345349.848	6651468.62	-10068.1101
345150.256	6650693.43	-10009.3117
344987.139	6649742.58	-10033.9121
344817.953	6648413.43	-10136.2636
344764.433	6647061.1	-10368.604
344641.719	6645743.28	-10503.1508
344579.652	6644518.47	-10677.6027
344483.024	6643446.61	-10773.4783
344404.833	6642602.36	-10842.1565
344283.753	6641359.18	-10927.8987
344104.26	6640007.33	-10954.4469
343856.785	6709292.93	-10862.6425
343876.872	6707977.3	-10776.1268
343950.534	6706916.93	-10790.0987
344035.743	6705839.88	-10813.7896
344094.548	6704836.79	-10799.6908
344206.453	6703635.89	-10837.5434
344238.557	6702222.22	-10720.8914
344343.855	6700874.5	-10705.8552
344421.59	6699711.21	-10660.0166
344473.655	6698928.77	-10621.8773
344556.314	6697948.83	-10591.9741
344636.444	6696514.35	-10468.527
344699.119	6695124.74	-10304.1466
344766.126	6693817.7	-10137.7781
344942.641	6692794.63	-10160.7143
345011.565	6692007.36	-10079.5211
345146.218	6690807.36	-9982.32757
345433.073	6689491.01	-10050.9082
345583.29	6688101.81	-9906.57744
345757.474	6686715.73	-9799.88235
345870.1	6685707.85	-9711.35718
345900.254	6685097.3	-9605.88618
346027.615	6683781.65	-9481.85656
346159.147	6682451.44	-9382.15198
346244.833	6681049.8	-9230.43447
346342.208	6679646.77	-9128.52053
346501.772	6678828.08	-9239.97514
346527.722	6677744.81	-9131.95853
346731.666	6676717.35	-9307.15107
346704.94	6675353.54	-9147.27976
346767.723	6673939.39	-9151.7451
346760.974	6672642.07	-9100.56317
346771.78	6671625.7	-9108.92008
346830.393	6670825.71	-9195.53788
346795.85	6669696.97	-9171.54259
346740.399	6668282.83	-9162.4074
346764.997	6666844.18	-9298.52488
346676.181	6665576.35	-9296.0946
346569.578	6664711.48	-9250.43572
346554.25	6663621.13	-9361.53426
346429.817	6662626.26	-9329.10591
346323.341	6661221.07	-9400.35413
346186.955	6659797.12	-9457.99377
346095.768	6658487.15	-9571.52008
346023.142	6657624.24	-9638.11455
345972.761	6656711.42	-9744.064
345878.999	6655538.29	-9853.03891
345804.94	6654140.54	-10038.7972
345664.241	6652741.43	-10159.7148
345553.813	6651470.32	-10302.9607
345386.843	6650487.86	-10326.5471
345265.932	6649490.82	-10408.8442
345075.585	6648490.22	-10413.6135
344925.587	6647088.88	-10547.0857
344793.114	6645713.47	-10683.8215
344692.822	6644512.02	-10810.584
344620.226	6643454.4	-10933.188
344553.342	6642568.45	-11023.8052
344467.008	6641346.66	-11148.9747
344316.905	6640025.32	-11207.638
344020.214	6709292.93	-11114.517
344123.289	6707977.52	-11153.3587
344121.126	6706917.32	-11049.7733
344224.613	6705939.71	-11109.298
344286.945	6704944.61	-11100.03
344370.906	6703635.71	-11082.0606
344397.01	6702186.89	-10949.817
344497.488	6700898.14	-10932.5054
344559.628	6699697.61	-10857.2886
344595.815	6699108.92	-10824.1372
344669.861	6697940.89	-10751.6928
344724.166	6696531.55	-10594.0466
344856.041	6695128.63	-10521.9163
344912.523	6693813.68	-10338.0169
345135.077	6692800.59	-10425.0939
345285.146	6691866.3	-10420.2488
345454.185	6690872.01	-10418.9603
345606.91	6689489.63	-10289.1669
345753.736	6688113.24	-10145.3928
345879.627	6686760.33	-9981.75187
345963.023	6685738.49	-9849.44545
345979.491	6684979.71	-9690.57623
346154.097	6683858.19	-9677.90396
346330.204	6682444.46	-9625.57486
346476.993	6681041.14	-9563.19991
346582.235	6679822.65	-9506.35315
346680.927	6678830.43	-9499.52532
346706.178	6677746.5	-9390.63749
346896.853	6676702.85	-9544.54896
346880.292	6675353.54	-9400.02276
346940.89	6673939.39	-9399.91993
346932.354	6672637.99	-9344.57669
347008.484	6671769.65	-9444.67602
346965.03	6670835.56	-9385.08471
346969.731	6669696.97	-9414.09941
346918.763	6668282.83	-9408.31296
346937.067	6666839.21	-9532.80527
346895.217	6665557.15	-9591.95204
346763.942	6664712.5	-9508.57571
346858.681	6663870.63	-9728.591
346703.588	6662626.26	-9684.12393
346564.534	6661212.12	-9709.05955
346372.329	6659797.35	-9689.97907
346272.387	6658497.47	-9787.26615
346242.54	6657495.83	-9928.56607
346117.656	6656698.15	-9921.3788
346013.926	6655543.43	-10012.7381
345929.291	6654139.83	-10184.7738
345842.444	6652755.77	-10363.9903
345742.981	6651474.72	-10520.3476
345686.563	6650639.57	-10637.2664
345612.078	6649682.5	-10762.3566
345455.001	6648449.78	-10855.5126
345111.252	6647085.51	-10760.0951
344984.667	6645695.73	-10907.8784
344770.861	6644450.54	-10913.275
344720.379	6643437.41	-11053.4712
344696.339	6642533.55	-11198.8367
344592.898	6641377.42	-11293.2821
344507.657	6640036.61	-11434.9985
344178.161	6709263.42	-11354.4533
344319.113	6707944.45	-11448.7295
344310.491	6706772.74	-11322.3522
344439.739	6706090.94	-11448.6595
344449.919	6704949.13	-11344.077
344529.432	6703635.3	-11316.793
344556.232	6702187.58	-11183.407
344625.929	6700926.79	-11122.2501
344693.814	6699703.14	-11050.7032
344747.789	6699114.75	-11040.7656
344804.647	6697956.06	-10943.9434
344889.426	6696543.76	-10826.4654
345024.884	6695133.38	-10755.7478
345198.761	6693845.2	-10736.8148
345323.493	6692803.27	-10682.9638
345491.892	6691929.42	-10716.873
345629.695	6690856.11	-10654.5799
345778.009	6689486.09	-10522.9279
345894.436	6688140.07	-10346.6971
345984.749	6686774.35	-10131.8114
346095.015	6685883.54	-10069.4491
346167.237	6684950.44	-9948.80887
346318.855	6683854.29	-9910.61904
346505.357	6682424.24	-9871.37301
346716.25	6681010.1	-9900.72671
346864.19	6679651.76	-9883.09652
346955.115	6678547.18	-9853.90992
346931.978	6677896.34	-9734.0535
347051.721	6676681.96	-9765.80871
347042.214	6675382.03	-9635.38219
347106.513	6673939.39	-9636.6101
347092.579	6672632.95	-9571.99729
347151.095	6671768.73	-9645.89989
347148.429	6670840.45	-9641.91121
347131.003	6669696.97	-9638.46492
347099.129	6668282.83	-9656.21813
347098.41	6666835.64	-9751.831
347053.479	6665577.41	-9801.67467
347000.677	6664561.18	-9838.43433
347026.053	6663872	-9947.91842
346875.036	6662559.1	-9915.06544
346789.95	6661233.29	-9992.93232
346720.544	6659804.44	-10123.9707
346513.625	6658636.56	-10060.7694
346461.41	6657652.08	-10166.6405
346279.914	6656820.2	-10094.121
346191.771	6655547.82	-10223.8102
346122.886	6654141.09	-10412.8094
345962.446	6652753.91	-10504.2555
345882.228	6651491.03	-10677.6576
345845.856	6650613.31	-10826.1914
345716.102	6649546.54	-10911.5405
345633.738	6648482.23	-11052.3523
345432.241	6647054.79	-11133.5524
345102.465	6645686.07	-11045.2412
344954.822	6644433.65	-11129.7475
344889.269	6643438.77	-11249.8941
344846.381	6642575.03	-11366.7687
344727.309	6641371.8	-11453.5147
344618.268	6640023.25	-11570.3445
344280.225	6709255.49	-11509.9987
344436.784	6708053.48	-11637.8862
344467.957	6706764.2	-11559.1167
344571.405	6706089.65	-11646.0872
344570.47	6704858.96	-11513.8468
344618.876	6703634.31	-11448.9576
344683.499	6702188.38	-11368.9244
344748.646	6700917.96	-11297.6595
344819.954	6699716.98	-11232.0808
344893.506	6699102.24	-11244.9693
344967.841	6697963.77	-11174.1685
345062.735	6696549.6	-11068.259
345260.465	6695151.52	-11083.3785
345518.178	6693759.9	-11156.1739
345596.799	6692700.05	-11033.2659
345670.518	6691913.3	-10956.5669
345794.982	6690814.05	-10869.7001
345896.208	6689453.74	-10677.088
346012.761	6688131.1	-10507.5622
346183.224	6686760.99	-10404.1908
346259.817	6685860.4	-10294.352
346460.656	6684808.98	-10328.8235
346627.158	6683682.08	-10310.6288
346728.696	6682424.24	-10189.736
346879.648	6681051.58	-10142.7672
347022.069	6679675.88	-10114.1009
347077.49	6678673.32	-10048.1146
347080.924	6678067.59	-9969.25911
347120.743	6676667.6	-9863.78001
347186.974	6675376.87	-9842.42387
347245.476	6673939.39	-9834.59393
347241.493	6672633.56	-9782.89454
347228.703	6671618.45	-9753.81754
347285.813	6670840.6	-9834.15796
347277.286	6669696.97	-9841.36182
347252.59	6668282.83	-9866.54182
347232.539	6666835.83	-9933.19837
347155.207	6665688.81	-9927.94692
347151.066	6664560.67	-10036.8393
347112.947	6663761.47	-10075.4777
347044.527	6662549.41	-10135.26
346963.69	6661231.38	-10213.6968
346907.586	6659807.13	-10356.8865
346834.903	6658493.91	-10478.5274
346760.724	6657638.92	-10533.8414
346618.523	6656660.3	-10531.9213
346384.863	6655549.96	-10453.5428
346301.773	6654141.2	-10623.846
346134.252	6652741.09	-10707.6384
346013.277	6651477.36	-10832.4755
345897.811	6650457.44	-10920.0317
345863.034	6649616.01	-11064.5109
345805.767	6648461.65	-11253.3546
345616.859	6647051.54	-11345.2
345472.424	6645647.95	-11477.9541
345298.357	6644629.47	-11486.5262
345092.637	6643447.08	-11484.6653
344993.234	6642478.25	-11557.2679
344807.75	6641380.44	-11546.8344
344722.979	6640088.73	-11683.0055
344399.968	6709193.57	-11687.4306
344532.612	6708158.01	-11793.1044
344580.359	6706912.13	-11743.2559
344653.161	6705978.23	-11756.3663
344626.419	6704856.32	-11596.3074
344690.443	6703635.23	-11553.5597
344779.474	6702185.56	-11507.3802
344857.082	6700986.67	-11462.4429
344978.117	6699733.84	-11458.7362
345085.775	6698925.92	-11489.185
345055.168	6697967.75	-11297.0364
345237.494	6696552.82	-11310.932
345501.493	6695161.02	-11416.1468
345688.371	6693768.49	-11389.9884
345758.836	6692696.48	-11253.1518
345817.67	6691868.91	-11146.6407
345912.347	6690739.32	-11011.4704
346012.784	6689485.41	-10843.931
346177.88	6688109.52	-10729.4857
346355.207	6686733.73	-10636.2446
346547.63	6685751.01	-10670.1731
346644.269	6684809.25	-10586.8134
346828.343	6683764.72	-10611.9857
346933.728	6682411.69	-10479.4918
347041.227	6681062.28	-10375.7517
347156.907	6679735.55	-10317.4982
347185.313	6678672.9	-10202.7387
347214.097	6678071.5	-10160.8487
347242.702	6676680.5	-10039.8203
347334.248	6675387.7	-10053.6339
347408.626	6673939.39	-10066.2537
347401.543	6672639.28	-10009.0606
347430.23	6671619.51	-10036.8957
347445.918	6670833.64	-10057.5919
347443.98	6669696.97	-10071.9257
347430.473	6668282.83	-10109.6758
347321.962	6666835.36	-10053.8966
347293.724	6665681.18	-10113.2225
347243.365	6664712.25	-10142.8034
347244.387	6663759.11	-10247.0815
347188.444	6662544.93	-10321.4252
347124.378	6661231.87	-10417.126
347082.184	6659813.48	-10573.5153
347012.065	6658484.85	-10697.5526
346956.397	6657808.29	-10743.4759
346865.149	6656796.48	-10804.6766
346757.365	6655524.63	-10902.2891
346477.565	6654141.18	-10831.2605
346329.353	6652736.58	-10936.7144
346190.47	6651471.52	-11039.4264
346087.011	6650466.83	-11136.7936
345990.148	6649608.28	-11212.2506
345908.712	6648389.86	-11386.8688
345777.616	6647076.91	-11523.292
345649.381	6645718.59	-11665.8445
345510.204	6644762.11	-11703.1642
345245.02	6643542.85	-11642.503
345055.063	6642353.27	-11653.0932
344916.493	6641171.62	-11713.8033
344838.756	6640155.1	-11808.6912
344477.135	6709093.34	-11795.729
344553.448	6708192.98	-11827.8943
344627	6706899.05	-11811.7823
344667.128	6705950.59	-11774.0908
344715.196	6704721.65	-11712.3097
344808.474	6703577.23	-11718.8422
344893.384	6702249.26	-11680.0661
344958.401	6701091.09	-11621.4222
345074.138	6699893.24	-11617.7009
345205.606	6698782.52	-11635.2491
345317.053	6697666.09	-11611.0316
345431.547	6696452.86	-11560.536
345616.178	6695165.42	-11574.1781
345771.118	6693788.08	-11506.7487
345889.43	6692710.09	-11433.6918
345934.712	6691872.58	-11306.348
346041.261	6690840.05	-11210.6711
346182.011	6689489.39	-11075.7935
346352.913	6688100.5	-10967.9782
346519.27	6686892.08	-10902.3909
346734.976	6685764.96	-10934.7253
346885.065	6684833.28	-10930.1662
346973.072	6683778.4	-10819.3987
347093.664	6682413.19	-10706.7327
347177.333	6681067.43	-10570.8355
347260.067	6679764.33	-10469.8032
347295.54	6678692.3	-10363.1281
347352.034	6678065.94	-10357.4847
347389.787	6676700.97	-10251.9429
347495.863	6675386.77	-10283.7484
347582.334	6673939.39	-10312.3029
347573.329	6672643.87	-10251.1146
347614.568	6671778.51	-10296.3238
347621.068	6670825.08	-10301.3674
347621.154	6669696.97	-10316.405
347608.204	6668282.83	-10352.0229
347489.111	6666840.01	-10278.6837
347452.629	6665670.21	-10325.515
347466.2	6664563	-10451.3103
347361.667	6663874.52	-10386.0701
347335.79	6662543.16	-10511.3469
347272.577	6661238.53	-10603.9378
347207.812	6659824.42	-10728.3542
347119.972	6658363.31	-10849.2786
347097.351	6657672.03	-10937.1224
347042.655	6656790.39	-11019.766
346947.234	6655512.75	-11130.9676
346777.376	6654120.42	-11189.1656
346615.346	6652727.27	-11273.3555
346387.422	6651472.25	-11268.1642
346275.238	6650486.45	-11350.2394
346151.274	6649658.69	-11386.6528
346007.049	6648440.4	-11488.3089
345946.644	6647070.25	-11717.9486
345787.996	6645776.54	-11812.384
345641.039	6644942.13	-11816.7356
345271.43	6643557.08	-11670.2991
345075.819	6642336.96	-11680.4391
344900.723	6641113.71	-11705.8576
344784.575	6640284.3	-11720.1648
344496.16	6708884.91	-11805.3022
344547.209	6708245.83	-11823.411
344629.644	6706922.21	-11818.0271
344674.965	6705922.13	-11782.6618
344723.639	6704658.5	-11717.5221
344822.148	6703445.29	-11722.7917
344914.073	6702354.12	-11722.9212
344982.112	6701120.03	-11659.1125
345099.711	6700008.91	-11670.166
345229.896	6698764.74	-11666.5536
345363.927	6697635.91	-11671.1339
345576.047	6696374.63	-11745.1776
345763.938	6695224.51	-11787.7183
345864.959	6693905.71	-11658.5865
345985.407	6692711.42	-11564.0024
346072.679	6691928.28	-11505.9933
346126.015	6690865.08	-11331.5756
346355.742	6689490.9	-11313.0152
346597.853	6688058.46	-11294.3161
346805.151	6686655.66	-11240.9259
346937.013	6685596.44	-11176.8435
347034.201	6684971.79	-11169.6639
347107.328	6683775.73	-11007.8342
347216.26	6682418.88	-10881.2942
347308.258	6681073.43	-10758.0418
347409.029	6679688.83	-10669.3445
347434.721	6678711.46	-10564.3866
347534.75	6677894.34	-10597.4199
347553.387	6676716.23	-10486.6202
347710.17	6675353.54	-10585.0608
347757.982	6673939.39	-10560.4535
347785.527	6672765.58	-10553.9437
347799.938	6671780.3	-10555.296
347804.699	6670824.59	-10556.2831
347801.215	6669696.97	-10564.2684
347785.404	6668282.83	-10593.0902
347733.023	6666868.69	-10603.9301
347659.583	6665701.01	-10598.324
347651.571	6664576.55	-10693.4286
347512.995	6663874.57	-10583.67
347505.955	6662553.38	-10728.7361
347441.017	6661239.77	-10816.9385
347359.77	6659810.93	-10919.6153
347229.679	6658476.3	-10966.3706
347226.136	6657665.91	-11094.7039
347183.815	6656767.37	-11194.0258
347118.158	6655486.05	-11339.876
346965.015	6654112.08	-11412.4202
346875.558	6652774.1	-11569.1293
346648.312	6651678.56	-11529.1343
346523.817	6650600.01	-11613.2229
346295.32	6649547.64	-11576.6858
346101.823	6648344.73	-11617.9041
346044.275	6647076.66	-11828.267
345836.307	6645783.85	-11866.1574
345666.682	6645008.58	-11832.4929
345281.021	6643566.27	-11679.5782
345069.335	6642302.09	-11679.5166
344872.336	6641055.62	-11683.0852
344777.433	6640346.99	-11699.9981
344495.038	6708811.17	-11796.6052
344538.453	6708282.98	-11813.6464
344628.666	6706938.06	-11818.1314
344677.192	6705901.46	-11783.7507
344747.785	6704473.81	-11732.7025
344806.094	6703375.48	-11690.6871
344921.043	6702357.17	-11732.1474
344971.171	6701169.61	-11650.0775
345103.177	6700026.29	-11677.5667
345240.099	6698737.93	-11676.6261
345402.042	6697472.59	-11696.4777
345660.777	6696222.89	-11833.3616
345866.019	6695220.91	-11926.3729
345919.328	6693983.94	-11748.3979
346051.442	6692856.64	-11684.9893
346194.493	6691789.67	-11638.8054
346268.057	6690774.86	-11502.6585
346467.35	6689491.66	-11465.2447
346738.076	6688115.94	-11500.9102
347029.686	6686738.22	-11571.4737
347124.426	6685577.54	-11432.929
347151.919	6684972.81	-11334.2579
347222.282	6683787.47	-11171.6919
347363.089	6682420.51	-11088.9321
347467.021	6681062.35	-10981.0977
347519.359	6679770.93	-10840.0498
347703.034	6678695.93	-10944.1082
347787.027	6677757.29	-10940.3785
347886.06	6676745.37	-10961.9762
347938.945	6675353.54	-10909.0963
347934.253	6673939.39	-10808.9564
348006.04	6672645.48	-10857.7618
347985.778	6671782.12	-10814.2313
347989.298	6670826.28	-10811.8798
348059.229	6669654.42	-10919.9402
348019.594	6668282.83	-10911.0411
347990.569	6666868.69	-10949.2262
347849.707	6665704.15	-10850.256
347848.096	6664577.68	-10950.9092
347778.474	6663632.75	-10956.8634
347687.387	6662565.91	-10959.9841
347615.487	6661236.44	-11037.9478
347471.718	6659806.19	-11059.7454
347389.329	6658486.23	-11161.0213
347365.112	6657647.99	-11266.9554
347263.031	6656673.97	-11305.894
347185.97	6655437.93	-11429.6616
347116.354	6654143.04	-11585.4706
346975.771	6652773.01	-11686.7505
346838.454	6651835.4	-11718.4967
346559.625	6650615.61	-11651.3287
346347.512	6649423.26	-11664.1814
346171.461	6648247.28	-11718.9218
346004.137	6647178.48	-11760.12
345877.673	6645944.04	-11879.3455
345680.056	6645067.08	-11835.7637
345278.667	6643567.7	-11676.5536
345056.947	6642271.87	-11670.8124
344945.996	6641166.65	-11748.1196
344776.521	6640384.59	-11691.9154
344495.059	6708766.87	-11792.4411
344531.96	6708305.17	-11805.898
344627.016	6706946.12	-11816.4584
344677.033	6705889.59	-11782.2396
344746.633	6704430.55	-11726.0859
344842.445	6703469.3	-11754.3639
344912.546	6702373.5	-11721.5704
344968.532	6701338.08	-11668.412
345097.986	6700045.33	-11672.9573
345240.558	6698714.95	-11673.626
345400.564	6697398.72	-11681.6546
345663.335	6696054.05	-11804.8982
345820.71	6695201.63	-11860.1087
345951.328	6694145.71	-11824.6814
346069.149	6692869.35	-11711.6748
346224.127	6691762.12	-11672.5109
346435.741	6690575.06	-11682.3076
346685.772	6689313.69	-11719.9338
346867.359	6688172.92	-11692.1452
347085.112	6686750.76	-11651.1257
347192.163	6685740.39	-11564.8426
347262.77	6684996.87	-11493.9791
347353.446	6683799.46	-11357.9036
347511.064	6682455.82	-11303.8674
347636.527	6681050.68	-11218.7861
347738.324	6679877.61	-11168.5076
347885.222	6678698.1	-11202.9964
347968.711	6677759.2	-11198.3515
348059.405	6676738.29	-11207.0758
348054.998	6675353.54	-11073.0864
348110.288	6673939.39	-11056.564
348219.672	6672505.28	-11150.8025
348242.04	6671615.73	-11167.4885
348166.418	6670836.6	-11056.5303
348229.772	6669638.73	-11154.0669
348181.153	6668322.23	-11128.858
348172.312	6666868.69	-11192.3416
348131.167	6665699.12	-11222.8297
348063.821	6664640.72	-11227.5341
348051.319	6663766.52	-11295.4994
348036.492	6662585.34	-11404.2248
347791.248	6661212.12	-11263.1939
347659.238	6659804.02	-11293.4491
347568.166	6658496.86	-11379.1511
347543.078	6657510.72	-11506.7766
347420.567	6656671.91	-11496.8164
347286.274	6655419.8	-11553.0656
347196.602	6654140.09	-11681.0828
347095.657	6652831.61	-11815.9095
346961.02	6652014.83	-11824.5218
346582.217	6650630.44	-11674.3216
346358.982	6649401.66	-11682.1209
346140.288	6648185.26	-11696.6965
346015.407	6647120.5	-11785.1064
345880.674	6646014.39	-11867.7533
345684.985	6645100.2	-11834.5745
345376.457	6643811.21	-11740.5264
345149.121	6642466.8	-11739.9237
344943.764	6641164.46	-11745.7404
344776.402	6640407.92	-11687.4299
344494.967	6708738.64	-11789.629
344584.613	6708180.72	-11872.8731
344625.53	6706949.66	-11814.5813
344676.14	6705883.21	-11780.2279
344745.334	6704649.58	-11748.0053
344842.67	6703459.73	-11753.3766
344959.011	6702237.63	-11770.4166
345035.294	6701156.73	-11737.8517
345091.337	6700059.43	-11665.5679
345237.299	6698701.08	-11666.8556
345418.576	6697604.44	-11740.1288
345671.47	6695967.3	-11799.6811
345801.073	6695204.55	-11833.402
345945.954	6694210.93	-11830.6589
346072.808	6692882.57	-11719.5003
346236.852	6691729.97	-11682.3049
346448.81	6690506.16	-11683.6011
346722.104	6689261.65	-11756.8574
346937.811	6688173.8	-11789.0116
347149.543	6686868.67	-11768.3097
347287.054	6685760.49	-11701.106
347310.589	6685009.97	-11563.4776
347424.622	6683807.17	-11459.008
347619.269	6682450.93	-11455.0768
347741.544	6681042.69	-11365.6742
347925.755	6679832.01	-11426.2912
348075.93	6678742.83	-11479.3333
348158.519	6677896.67	-11483.1026
348228.215	6676724.45	-11444.5655
348227.492	6675353.54	-11316.3968
348283.667	6673939.39	-11299.8696
348368.852	6672502.28	-11358.5415
348368.367	6671785.25	-11345.688
348333.43	6670847.85	-11286.7199
348383.33	6669611.09	-11364.8569
348346.551	6668321.19	-11352.5576
348279.79	6666868.69	-11335.8781
348269.699	6665572.77	-11414.965
348312.606	6664636.78	-11552.3659
348236.065	6663777.62	-11533.5608
348139.768	6662572.11	-11537.9703
347966.251	6661251.93	-11479.43
347861.746	6659964.2	-11523.9094
347789.886	6658774.33	-11610.6425
347671.87	6657672.93	-11637.7374
347511.244	6656656.36	-11608.8743
347391.787	6655340.9	-11693.7724
347355.262	6654146.13	-11868.3163
347122.156	6652859.08	-11841.9747
346980.891	6652077.16	-11834.9452
346588.225	6650638.61	-11679.542
346348.373	6649367.46	-11677.3756
346128.678	6648009.62	-11721.6529
346013.477	6647134.68	-11779.7347
345882.862	6646058.63	-11860.8098
345685.604	6645116.51	-11831.9123
345377.563	6643829.6	-11738.0169
345147.808	6642472.42	-11737.1734
344942.54	6641164.52	-11744.1803
344819.651	6640566.55	-11710.2351
344494.655	6708720.1	-11787.3988
344584.119	6708176.39	-11871.6316
344624.319	6706951.02	-11812.8988
344675.12	6705879.76	-11778.3425
344743.92	6704643.11	-11745.1503
344842.823	6703455.09	-11752.9388
344958.601	6702232.5	-11768.9855
345033.424	6701157.37	-11735.0755
345168.558	6699793.1	-11734.4305
345233.246	6698693.48	-11659.9673
345417.002	6697598.78	-11736.7695
345713.254	6696066.15	-11873.781
345858.921	6695078.05	-11886.2306
345941.158	6694254.31	-11832.9812
346070.115	6693064.19	-11755.0915
346239.457	6691707.6	-11680.6737
346479.296	6690323.59	-11681.1566
346727.688	6689240.77	-11759.2188
346970.986	6688127.79	-11823.9799
347167.839	6687007.53	-11826.8336
347298.834	6685927.09	-11755.9984
347441.129	6684807.74	-11701.1433
347590.946	6683657.04	-11661.5587
347754.862	6682390.54	-11634.5341
347919.938	6681222.28	-11650.8364
348035.89	6679954.3	-11602.1492
348264.302	6678582.98	-11722.9276
348303.282	6677771.6	-11672.9657
348356.679	6676617.81	-11616.1536
348380.784	6675384.97	-11535.2624
348409.215	6673996.52	-11479.7744
348460.082	6672608.21	-11490.133
348482.125	6671792.96	-11503.1496
348473.401	6670849.11	-11479.492
348445.144	6669596.25	-11449.6886
348444.174	6668309.73	-11484.7338
348405.008	6666930.01	-11500.0554
348379.145	6665685.83	-11551.3627
348436.461	6664637.95	-11713.8417
348337.975	6663661.24	-11677.7368
348272.203	6662477.78	-11718.7621
348143.771	6661162.94	-11715.3617
348000.817	6660056.04	-11684.8937
347858.958	6658914.68	-11674.3857
347697.773	6657685.27	-11667.3659
347539.25	6656634.75	-11646.4902
347399.608	6655300.48	-11710.5255
347265.6	6654265.14	-11740.5904
347165.501	6653018.4	-11862.0967
346988.358	6652122.92	-11834.3051
346684.411	6650862.54	-11744.0117
346335.555	6649340.76	-11668.4466
346200.374	6648265.26	-11748.2837
346047.029	6647195.76	-11804.8393
345927.235	6646227.38	-11875.6265
345684.46	6645124.27	-11828.9893
345474.085	6643993.23	-11815.4583
345218.469	6642627.81	-11788.5672
345003.987	6641323.51	-11786.0517
344819.788	6640579.9	-11707.9333
344494.184	6708707.64	-11785.5014
344583.761	6708172.25	-11870.6363
344645.738	6707194.32	-11868.7996
344674.165	6705877.86	-11776.7199
344758.416	6704947.32	-11799.7494
344842.743	6703452.95	-11752.4985
344958.279	6702228.43	-11767.8821
345085.4	6701007.08	-11787.3941
345168.295	6699782.08	-11732.2874
345270.572	6698830.53	-11732.586
345415.187	6697598.9	-11734.1289
345716.072	6696050.37	-11874.5427
345858.708	6695063.36	-11882.7413
345937.988	6694280.5	-11834.0117
346066.187	6693078.21	-11752.8268
346237.812	6691696.18	-11675.8197
346487.094	6690530.23	-11740.2171
346725.254	6689195.78	-11745.0268
346960.238	6688141.89	-11812.8192
347161.294	6687049.95	-11827.9275
347303.504	6685934.33	-11764.1386
347454.384	6684768.89	-11711.1146
347640.524	6683466.29	-11691.6957
347880.089	6682350.29	-11803.7693
347977.428	6681244.03	-11735.8031
348071.258	6679974.77	-11655.4353
348344.957	6678702.89	-11853.7502
348367.344	6677767.55	-11762.777
348413.868	6676592.55	-11694.4055
348461.859	6675389.38	-11649.5169
348506.225	6674073.15	-11620.7284
348564.713	6672730.29	-11641.0226
348601.596	6671782.08	-11667.8497
348593.49	6670712.44	-11644.8851
348538.978	6669547.43	-11578.9842
348554.072	6668315.8	-11632.8008
348524.988	6667012.9	-11656.4061
348497.312	6665816.97	-11698.5956
348476.774	6664639.46	-11766.6473
348399.821	6663640.13	-11759.4354
348365	6662388.99	-11847.8694
348291.089	6661248.63	-11889.9905
348029.289	6660109.43	-11713.1866
347874.322	6658961.69	-11686.3945
347707.93	6657694.83	-11678.245
347543.049	6656481.52	-11677.6648
347372.746	6655243	-11688.8001
347287.829	6654189.17	-11782.1127
347168.312	6653072.26	-11855.0502
346989.615	6652147.57	-11830.7359
346685.986	6650881.8	-11741.8576
346434.371	6649542.2	-11739.2163
346198.959	6648265.25	-11746.6794
346048.951	6647206.12	-11804.7548
345928.673	6646249.67	-11872.5139
345682.735	6645127.88	-11826.2601
345579.258	6644322.24	-11870.3128
345219.292	6642638.91	-11787.2843
345004.06	6641328.48	-11785.1465
344819.642	6640589.12	-11706.0603
344493.623	6708699.1	-11783.8386
344583.46	6708168.72	-11869.8018
344645.208	6707200.54	-11868.6108
344673.323	6705876.8	-11775.3554
344757.635	6704954.29	-11799.3368
344842.49	6703452.06	-11751.9787
344957.909	6702225.39	-11766.8801
345085.357	6700999.1	-11786.1129
345168.002	6699772.97	-11730.4179
345344.836	6698689.84	-11811.356
345413.373	6697601.19	-11731.8992
345717.437	6696042.43	-11874.8271
345858.713	6695052.98	-11880.5011
345935.867	6694296.32	-11834.3531
346062.842	6693087.9	-11750.4115
346234.859	6691691.08	-11670.6541
346485.853	6690523.48	-11736.836
346772.017	6689123.24	-11791.8408
346954.291	6688152.42	-11807.305
347154.659	6687078.3	-11825.5426
347302.294	6685943.25	-11764.5162
347457.911	6684741.22	-11710.0076
347638.219	6683393.08	-11673.6886
347871.167	6682186.7	-11762.1249
347983.842	6681145.69	-11728.72
348142.531	6679930.05	-11750.6509
348351.467	6678699.78	-11862.4902
348425.873	6677790.97	-11849.2493
348467.73	6676532.92	-11764.6023
348599.11	6675348.41	-11839.2457
348596.931	6674178.21	-11754.7095
348594.032	6672765.67	-11683.2222
348621.462	6671780.99	-11695.2533
348620.139	6670683.4	-11681.5976
348630.667	6669454.38	-11706.2109
348724.594	6668275.22	-11864.3613
348597.381	6667128.01	-11747.3398
348518.203	6665861.08	-11723.1531
348498.236	6664778.08	-11782.4116
348446.245	6663655.58	-11818.913
348358.232	6662339.62	-11845.0923
348261.409	6661419.02	-11833.7916
348060.673	6660095.65	-11755.4929
347875.32	6659011.61	-11680.3078
347706.512	6657698.23	-11675.9812
347532.76	6656452.03	-11670.2579
347438.458	6655343.56	-11751.1103
347286.238	6653966.38	-11822.7864
347170.147	6653106.53	-11850.609
346988.467	6652159.98	-11826.8617
346686.392	6650896.57	-11739.2826
346506.012	6649692.53	-11789.8185
346262.872	6648421.14	-11786.0153
346069.189	6647053.25	-11860.4833
345929.482	6646264.52	-11870.272
345680.916	6645129.41	-11823.8523
345584.018	6644344.94	-11871.1414
345219.777	6642647.25	-11786.1663
345003.93	6641331.91	-11784.3089
344819.329	6640595.64	-11704.487
