391893.246	6709292.93	143.117974
392209.495	6709150.17	543.207076
392156.409	6708308.2	550.127355
392071.467	6707122.12	549.626673
391994.574	6705830.21	570.746592
391913.745	6704568.16	586.467246
391884.042	6703346.37	661.008053
391825.437	6702287.31	676.045022
391756.849	6701360.74	657.223856
391699.577	6700049.48	651.142416
391684.927	6698676.98	656.618833
391726.75	6697259.74	672.685626
391774.622	6696033.14	643.417198
391883.385	6694885.97	636.459465
392026.937	6693656	611.493624
392248.417	6692359.33	629.48274
392417.856	6691279.15	601.476431
392660.048	6689964.09	610.663498
392932.804	6688743.12	695.752624
393079.728	6687852.88	684.125318
393254.931	6686539.58	613.92243
393470.629	6685282.3	630.270875
393624.218	6684201.95	603.35127
393833.242	6682844.67	603.340154
394091.425	6681550.78	697.716004
394250.791	6680588.76	725.080134
394374.736	6679467.64	671.819314
394486.863	6678386.55	614.536469
394648.167	6677024.59	578.180047
394835.702	6675756.94	603.661661
394930.257	6674650.97	530.088588
395171.007	6673194.36	605.414901
395406.757	6672062.74	736.738154
395527.395	6671099.64	736.171336
395580.627	6670234.4	659.01587
395695.432	6668842.05	580.498033
395819.779	6667595.88	544.156374
395957.345	6666326.43	525.167556
396158.723	6665098.21	605.415682
396304.096	6664015.89	632.171932
396483.089	6662633.13	658.916008
396637.598	6661519.11	696.188141
396781.846	6660274.53	700.055935
396862.944	6659220.91	647.64417
396965.785	6658044.31	608.110901
397102.659	6656857.66	615.995855
397256.145	6655559.95	631.609671
397354.333	6654479.97	604.956409
397500.526	6653112.89	603.525923
397562.432	6652013.23	527.077858
397817.028	6650691.44	685.519225
397982.77	6649459.48	735.917479
398081.258	6648476.95	731.229901
398169.959	6647301.11	687.17207
398213.993	6646162.05	588.800862
398310.685	6645079.48	572.138464
398422.629	6643630.72	528.491722
398592.395	6642453.7	602.835398
398751.322	6641227.98	657.468031
398703.61	6640493.35	495.95829
391875.974	6709292.93	121.928136
392103.293	6709232.62	405.274658
392131.011	6708252.1	523.515803
392057.45	6707090.47	534.998055
391990.616	6705837.01	565.146884
391905.098	6704728.15	560.894191
391831.375	6703270.7	602.098178
391782.902	6702149.93	634.182784
391757.472	6701316.73	661.109358
391701.768	6700018.78	655.232811
391687.267	6698666.19	659.720914
391728.201	6697266.55	675.054177
391775.209	6696046.87	645.763161
391882.974	6694887.39	636.841525
392026.73	6693661.84	613.085037
392247.929	6692367.58	631.184522
392418.874	6691282.11	603.811083
392661.779	6689966.81	614.023912
392933.445	6688757.2	700.490108
393078.213	6687862.57	684.267535
393254.575	6686547.95	615.335038
393406.121	6685487.5	582.344196
393626.613	6684199.41	606.237987
393749.661	6683095.68	535.400824
394092.487	6681557.92	700.846129
394250.065	6680615.76	729.736408
394371.574	6679253.64	622.571576
394473.728	6678241.1	565.948173
394582.1	6677283.4	532.975282
394757.533	6676003.77	537.908287
394934.771	6674653.54	537.051242
395110.313	6673302.37	538.431288
395372.798	6671951.54	667.85082
395527.6	6671105.78	737.488176
395585.722	6670200.43	660.288387
395700.201	6668822.44	583.874463
395824.469	6667589.69	549.731305
395961.661	6666334.52	532.591704
396160.71	6665103.87	609.099319
396306.798	6664011.78	635.247866
396462.873	6662658.61	634.732178
396577.057	6661627.69	628.993467
396783.905	6660272.45	702.593635
396864.084	6659225.47	649.940248
396974.391	6657818.65	585.23426
397104.417	6656858.04	618.467366
397258.083	6655559.62	634.211378
397357.858	6654470.78	608.430675
397502.203	6653115.6	606.224789
397567.772	6652009.6	533.901242
397776.477	6650569.4	611.817527
397976.352	6649206.31	690.731433
398081.364	6648475.29	731.113364
398169.813	6647295.3	686.133473
398217.75	6646145.58	591.664271
398315.236	6645067.56	576.73777
398426.653	6643631.25	534.063241
398594.777	6642449.02	605.441911
398727.741	6641084.99	606.358744
398710.868	6640471.59	502.993104
391852.857	6709292.93	93.5964967
391965.991	6709292.93	231.488058
391956.535	6707963.14	332.845424
392026.408	6707060.31	498.998373
391970.364	6705825.95	540.762733
391891.521	6704753.42	541.3446
391856.382	6703358.43	626.171847
391800.231	6702155.79	656.703896
391725.787	6701132.01	632.865296
391704.398	6699965.96	660.786462
391689.573	6698646.24	662.772006
391729.614	6697275.98	677.525199
391775.454	6696068.92	648.569097
391866.228	6694870.58	613.6141
391969.035	6693807.51	565.111969
392179.31	6692583	586.099552
392421.016	6691280.42	606.590389
392662.777	6689970.92	616.641171
392933.996	6688781.77	707.891232
393075.436	6687879.44	684.309565
393228.603	6686437.26	547.372259
393414.324	6685470.75	590.389251
393557.04	6684298.54	525.238023
393756.373	6683080.31	541.874553
394091.705	6681572.28	702.836173
394248.363	6680657.99	736.181759
394324.314	6679419.72	587.606155
394481.027	6678239.14	576.044932
394591.433	6677113.78	513.252943
394766.31	6675976.11	545.243381
394938.126	6674657.63	542.636919
395112.4	6673338.41	548.019638
395371.296	6672004.56	675.238845
395500.741	6671010.25	682.120044
395578.533	6670026.92	619.837758
395706.505	6668788.9	587.027392
395828.588	6667579.93	553.896729
395964.91	6666350.36	539.806684
396162.95	6665121.49	615.093809
396323.76	6663779.59	621.228479
396467.693	6662659.38	641.529194
396589.01	6661584.8	638.810125
396786.308	6660264.12	704.620561
396864.373	6659233.15	651.537956
396974.406	6657847.73	589.734827
397069.44	6656743.52	552.330239
397184.984	6655593.18	537.986177
397364.337	6654450.62	614.335925
397432.812	6653343.23	544.040775
397573.451	6652003.44	540.821778
397775.912	6650595.84	614.857896
397950.166	6649361.93	676.959755
398081.707	6648472.68	731.170328
398127.974	6647533.24	661.964766
398223.357	6646117.43	595.444478
398320.961	6645049.25	582.071832
398430.853	6643633.05	540.046041
398550.582	6642321.27	527.870702
398729.837	6641095.19	610.523461
398721.898	6640437.21	513.512569
391826.075	6709292.93	60.8115025
391851.783	6709292.93	91.2185823
391837.074	6707849.32	195.344209
391911.474	6706899.43	370.244735
391882.035	6705961.28	417.675028
391821.539	6704758.14	452.321458
391791.656	6703473.82	534.264407
391859.733	6702163.09	734.250152
391743.957	6701033.5	663.32868
391687.704	6699774.45	646.001984
391690.564	6698611.22	664.066027
391730.055	6697287.4	678.80322
391774.624	6696104.01	651.357295
391842.688	6694806.22	575.292425
391952.742	6693633.09	508.552261
392122.054	6692787.14	554.274689
392353.451	6691366.64	527.52547
392661.476	6689975.96	616.011904
392935.824	6688825.45	722.344811
393070.652	6687743.24	641.203333
393205.488	6686541.16	538.282334
393374.685	6685525.86	543.578446
393573.424	6684245.35	537.124813
393760.19	6683059.07	542.727858
394086.145	6681596.87	700.023821
394244.726	6680713.85	742.667827
394338.738	6679472.18	619.422262
394477.97	6678387.23	601.179796
394611.207	6677056.53	530.528814
394766.199	6675869.17	524.778218
394936.175	6674662.13	540.679077
395110.384	6673387.78	554.181418
395367.415	6672101.03	687.047819
395517.266	6671051.03	712.707879
395596.361	6669960.22	633.412381
395711.368	6668739.32	585.378063
395828.097	6667566.29	550.89793
395963.054	6666375.14	541.323452
396123.693	6665072.08	551.669395
396305.298	6663930.64	619.810597
396438.545	6662740.43	613.776346
396602.851	6661525.82	648.689227
396787.771	6660242.97	703.314079
396861.746	6659244.95	649.714967
396971.854	6657891.3	592.905015
397081.32	6656789.04	575.731512
397209.939	6655587.29	571.566367
397312.54	6654509.04	551.473103
397444.436	6653295.55	553.00545
397577.171	6651993.26	544.452762
397772.504	6650634.96	615.820092
397956.03	6649408.54	691.672866
398051.529	6648374.79	675.754871
398119.801	6647356.01	625.924487
398232.168	6646069.55	600.87506
398327.368	6645021.4	587.031135
398433.664	6643637.09	544.434069
398555.193	6642349.6	537.930159
398733.522	6641118.13	618.510981
398741.509	6640380.79	532.832474
391643.437	6709292.93	-161.927578
391692.62	6709292.93	-103.447111
391689.696	6707848.69	14.0149818
391737.102	6706894.73	154.265156
391782.097	6705790.49	308.277304
391738.005	6704768.06	346.241826
391715.824	6703487.17	436.737532
391704.182	6702193.87	532.711988
391678.811	6700915.58	587.246104
391679.506	6699696.76	638.360318
391686.415	6698563.94	658.496806
391706.409	6697317.99	649.64469
391769.908	6696151.04	650.173932
391848.651	6694873.66	595.514884
391993.068	6693671.04	576.096457
392153.899	6692593.8	553.459858
392363.948	6691318.91	530.515934
392654.256	6689979.93	606.089196
392957.84	6688918.45	780.653365
393021.716	6687903.73	608.295682
393258.287	6686657.12	646.617477
393404.173	6685366.37	548.802433
393575.41	6684191.46	527.398386
393752.832	6683038.58	527.186896
394072.207	6681624.68	685.553767
394181.944	6680834.9	676.140483
394297.761	6679572.59	580.20418
394472.34	6678176.86	550.563931
394602.745	6677010.39	509.13229
394754.262	6675837.18	501.431105
394922.7	6674662.22	521.343804
395093.579	6673420.98	536.205459
395341.642	6672177.42	664.003881
395520.022	6671110.83	726.87089
395564.75	6669841.15	567.815157
395684.968	6668579.11	520.653286
395815.458	6667552.06	530.658111
395947.353	6666398.89	523.16322
396110.397	6665124.77	541.635425
396325.868	6663862.26	637.358595
396441.552	6662808.39	628.748703
396584.755	6661389.79	601.926017
396783.811	6660206.89	692.09968
396852.772	6659259.07	639.41332
396929.976	6658042.15	558.00682
397092.668	6656843.4	599.735747
397356.583	6655582.96	773.732381
397328.198	6654332.25	546.686264
397444.494	6653137.19	529.761871
397572.758	6651979.23	536.319996
397711.577	6650716.01	543.762442
397963.39	6649462.87	709.542619
398074.377	6648415.12	712.731086
398154.235	6647267.02	660.625852
398225.645	6645887.72	566.822089
398330.257	6644850.76	567.725227
398430.397	6643643.22	540.797067
398556.617	6642392.33	545.553998
398699.982	6641076.49	567.143605
398788.148	6640279.57	583.090493
391458.772	6709292.93	-386.072836
391580.861	6709292.93	-238.994017
391534.966	6707850.68	-175.352943
391604.343	6706875.01	-7.73542317
391625.705	6705773.26	115.375927
391613.577	6704842.36	184.28391
391591.761	6703553.97	274.541444
391577.364	6702182.58	371.526077
391569.825	6700862.19	449.778514
391585.831	6699574.64	520.044417
391652.063	6698396.29	611.636389
391695.669	6697305.36	634.467903
391725.89	6696287.24	605.283963
391830.742	6694922.23	579.103272
391988.693	6693746.16	587.699728
392104.652	6692371.22	425.971561
392351.458	6691280.1	501.142426
392561.642	6690146.09	510.585668
392877.092	6688998.3	679.120471
392948.978	6687996.3	521.853728
393144.419	6686656.75	474.582093
393321.025	6685272.77	401.322542
393542.283	6684158.93	470.411845
393732.705	6682895.66	465.628391
393971.732	6681794.21	574.42101
394090.929	6680915.97	559.794107
394239.564	6679573.31	495.145477
394390.077	6678185.26	432.467094
394509.977	6676905.92	354.400363
394668.896	6675683.14	349.042817
394897.74	6674656.16	484.373373
394979.564	6673547.75	396.446037
395203.694	6672282.38	486.353285
395399.781	6671103.61	554.833075
395516.043	6669728.66	479.080379
395602.479	6668479.26	386.953569
395789.981	6667383.49	466.458264
395915.199	6666417.14	480.920409
395948.866	6665355.48	352.865477
396114.746	6664034.74	369.960383
396348.131	6662726.77	485.153123
396535.15	6661375.99	530.607639
396726.534	6660203.15	611.866838
396807.342	6659265.52	577.242034
396869.129	6658043.66	473.762976
396954.81	6656948.4	424.746897
397164.93	6655568.56	506.218466
397243.991	6654220.69	413.654273
397419.672	6653099.24	489.914482
397553.972	6651964.89	508.348586
397689.97	6650725.51	515.412227
397927.14	6649504.09	665.616487
398015.438	6648475.18	640.255715
398101.633	6647172.76	575.244847
398207.938	6645839.58	535.879894
398312.197	6644684.14	520.336721
398413.018	6643648.51	517.758142
398540.957	6642428.19	528.938437
398700.533	6641151.55	577.710952
398952.984	6640041.37	776.401036
391269.109	6709292.93	-615.225732
391388.148	6709292.93	-472.367441
391439.54	6707855.41	-291.959589
391432.942	6706853.84	-216.045716
391455.478	6705754	-93.2168192
391489.355	6704726.26	39.7756718
391405.674	6703542.74	41.3217128
391454.384	6702182.15	214.81465
391454.015	6700853.73	300.344804
391442.492	6699483.64	335.079555
391519.69	6698249.1	434.585889
391610.742	6697438.17	526.7856
391687.082	6696286.72	551.678941
391718.236	6695001.41	434.784632
391887.966	6693742.22	442.315969
392036.117	6692372.03	324.353936
392313.949	6691253.24	437.072205
392544.699	6689994.68	443.113416
392794.194	6689000.7	553.77375
392903.279	6687985.69	449.803565
393045.81	6686654.99	325.321961
393227.635	6685273.84	261.592213
393377.523	6683918.03	169.057566
393646.647	6682874	333.030185
393794.577	6681927.77	342.888072
394028.547	6680914.43	467.979819
394165.338	6679559.07	384.123653
394279.98	6678204.86	276.285841
394399.515	6676845.59	183.219323
394570.427	6675555.45	183.247691
394708.068	6674543.61	191.907973
394936.866	6673539.57	333.899477
395066.952	6672376.88	308.742294
395244.133	6671136.38	339.812876
395407.282	6669747.63	328.688141
395536.504	6668509.75	298.980897
395613.93	6667209.55	189.169146
395750.875	6666557.49	273.347619
395809.764	6665463.13	175.588565
395996.24	6664032.92	203.938706
396184.893	6662626.26	241.313482
396397.717	6661285.11	324.86447
396614.547	6660049.74	432.116249
396700.842	6659230.43	423.939213
396786.834	6658099.94	368.333277
396882.076	6656940.97	322.825758
397009.999	6655578.21	293.440444
397124.743	6654143.32	237.587697
397312.58	6652961.26	321.991156
397524.85	6651953.04	466.521365
397571.018	6650853.28	370.362736
397774.926	6649625.8	474.021254
397917.163	6648468.08	504.489967
398025.091	6647110.9	461.67263
398118.991	6645724.99	398.271503
398245.855	6644651.93	425.115914
398377.697	6643654.18	470.257608
398501.421	6642445.64	477.284302
398542.118	6641347.31	387.484973
398783.147	6640019.29	542.159687
391082.105	6709292.93	-840.358377
391128.466	6709292.93	-785.568546
391163.657	6707888.29	-629.432868
391138.945	6706732.41	-564.478621
391160.625	6705586.03	-441.408039
391204.758	6704708.72	-311.138823
391210.733	6703533.72	-202.34728
391277.566	6702186.39	-10.3854992
391270.985	6700842.3	64.4070119
391294.928	6699393.94	144.030839
391340.39	6698247.69	194.561775
391463.188	6697106.92	307.07128
391579.545	6696392.27	415.188354
391621.043	6695057.65	307.81369
391776.496	6693733.71	280.107861
391947.792	6692371.29	192.47101
392134.742	6690945.72	80.9622884
392374.525	6689979.17	180.114469
392594.7	6688985.48	246.493222
392772.907	6687978.67	250.338706
392933.975	6686644.18	154.268803
393082.488	6685268.68	43.2011048
393232.807	6683911.6	-47.0890634
393472.584	6682858.02	72.3880289
393619.752	6681910.51	82.2260595
393813.52	6680672.24	102.732988
394020.096	6679551.15	171.354683
394142.285	6678204.53	77.353449
394273.877	6676856.58	4.48416057
394409.967	6675584.62	-41.4942125
394525.539	6674676.13	-44.854821
394679.373	6673656.86	-11.8733873
394836.363	6672525.25	7.85546584
395074.945	6671111.11	95.7817663
395240.194	6669732.32	90.297844
395404.666	6668356.99	87.7947933
395510.024	6667187.84	39.6869518
395582.217	6666249.31	-14.2512811
395704.321	6665365.13	11.8097397
395878.702	6664029.39	39.2178055
396052.766	6662626.26	57.1383885
396267.715	6661199.88	130.804398
396420.271	6660064.07	164.593218
396560.561	6659047.19	201.074659
396658.154	6658120.19	193.299799
396787.132	6656889.88	183.841093
396885.513	6655584.63	122.45021
397018.457	6654144.19	91.1461643
397163.411	6652699.4	78.2522099
397320.661	6651898.72	177.772933
397475.605	6650838.12	237.207062
397617.11	6649738.26	273.610447
397770.289	6648427.98	297.56423
397911.717	6647103.82	305.585595
398033.891	6645648.9	271.496082
398165.876	6644501.34	295.392087
398173.104	6643649.49	190.259676
398316.225	6642587.75	243.677215
398398.015	6641435.62	202.816476
398586.431	6640000	272.070819
390893.45	6709292.93	-1066.73779
390935.694	6709292.93	-1017.25277
390879.512	6707891.02	-973.236726
390933.167	6706717.07	-813.519372
390950.226	6705567.81	-697.750358
390954.891	6704560.27	-607.394787
390917.717	6703527.5	-567.709191
390952.836	6702222.22	-424.530261
391034.279	6700808.08	-238.814848
391024.377	6699393.94	-211.876583
391152.589	6698240.87	-57.060851
391199.6	6697244.99	-43.7984923
391419.624	6696388.37	193.744708
391470.743	6695067.85	96.9151487
391655.98	6693725.25	102.212335
391806.893	6692357.69	-22.0296381
391974.849	6690961.42	-157.906557
392184.03	6690054.24	-89.3409881
392409.379	6689018.11	-26.4960883
392627.615	6688075.66	55.1769974
392795.974	6686634.76	-55.2998068
392962.347	6685258.41	-138.489915
393098.605	6683905.41	-247.052452
393239.21	6682561.56	-335.983988
393464.617	6681744.94	-179.958683
393637.814	6680757.31	-135.290431
393801.931	6679595.96	-135.599488
393969.322	6678194.9	-173.794054
394146.128	6676826.54	-184.340687
394288.724	6675658.4	-201.139032
394385.56	6674500.5	-276.719483
394478.53	6673681.25	-292.953864
394658.719	6672525.25	-243.981412
394843.672	6671111.11	-230.872855
395067.768	6669696.97	-158.556655
395240.904	6668327.86	-146.863615
395415.841	6667053.77	-114.39108
395466.557	6666214.72	-181.681054
395567.825	6665367.47	-178.520023
395705.147	6664021.54	-204.081402
395874.621	6662615	-192.509818
396010.183	6661212.12	-224.639411
396161.264	6660177.69	-176.661971
396365.646	6659072.11	-64.8224292
396496.999	6658146.01	-25.416341
396640.962	6656882.74	-18.9981166
396760.838	6655584.17	-49.4355557
396862.08	6654146.76	-123.872129
397000.103	6652695.77	-146.778328
397086.169	6651755.58	-165.088585
397193.126	6650741.26	-164.213773
397398.721	6649669.35	-35.5467302
397603.471	6648484.85	77.2793907
397737.689	6647093.14	66.1999193
397885.085	6645650.88	68.6795307
398025.428	6644483.87	101.410164
398116.48	6643525.22	96.3303756
398165.763	6642565.2	35.6619334
398305	6641440.64	76.846582
398435.421	6640000	66.8332658
390702.34	6709292.93	-1295.24349
390743.951	6709292.93	-1247.17298
390688.262	6707896.37	-1203.93206
390733.62	6706695.86	-1053.66312
390750.329	6705536.55	-939.397589
390693.768	6704692.57	-939.919858
390778.107	6703417.93	-733.554996
390833.632	6702222.22	-575.230009
390850.885	6700808.08	-475.24109
390842.407	6699438.19	-451.839879
390925.779	6698104.48	-363.352074
391010.271	6697225.68	-303.217902
391169.198	6696126.36	-186.688042
391304.496	6695084.95	-136.148424
391471.498	6693697.69	-174.446807
391700.454	6692345.48	-185.565098
391823.036	6691009.17	-375.756809
391978.05	6689916.21	-441.228374
392153.781	6688991.7	-422.032968
392388.79	6687857.98	-360.667062
392651.085	6686617.02	-276.852655
392810.064	6685255.49	-365.118122
392985.633	6683889.53	-417.171594
393111.454	6682559.36	-523.40588
393217.826	6681748.28	-539.767183
393336.603	6680896.83	-544.410172
393552.328	6679595.96	-496.002905
393793.529	6678181.82	-428.818172
393983.135	6676807.17	-420.827161
394150.237	6675454.63	-435.850849
394283.94	6674473.53	-426.280724
394336.829	6673640.14	-501.297364
394446.972	6672480.82	-551.331128
394609.935	6671132.91	-556.397649
394831.963	6669707.91	-487.923257
395065.776	6668314.9	-394.162117
395261.254	6667046.39	-331.5341
395343.847	6666036.69	-381.913117
395435.973	6665356.53	-363.95385
395564.986	6663993.21	-403.776665
395693.612	6662607.26	-444.999522
395845.794	6661280.72	-441.781523
395911.396	6659998.95	-549.644056
396179.53	6659052.66	-324.969524
396301.672	6658015.29	-314.881533
396479.236	6656887.88	-241.074482
396602.916	6655581.68	-266.973387
396749.767	6654145.79	-278.280227
396854.131	6652694	-347.38357
396938.85	6651751.91	-367.655367
397002.931	6650863.12	-407.377298
397153.924	6649781.19	-354.646717
397278.167	6648496.29	-365.807518
397559.62	6647070.71	-180.059416
397711.509	6645652.58	-167.689083
397857.232	6644483.2	-127.818009
397974.215	6643460.14	-106.000114
398027.494	6642541.68	-155.568668
398156.007	6641442.95	-125.473404
398251.649	6640000	-182.6802
390515.203	6709292.93	-1518.02776
390529.5	6709292.93	-1502.87136
390514.654	6707913.66	-1413.64777
390546.624	6706672.48	-1277.5025
390570.231	6705510.94	-1156.57703
390533.1	6704685.15	-1136.27288
390569.208	6703416.87	-993.433095
390644.297	6702222.22	-814.091965
390665.473	6700804.76	-713.817672
390613.802	6699421.6	-752.959706
390706.898	6698082.41	-656.53673
390905.64	6697065.72	-457.577788
390985.228	6696109.78	-445.434913
391131.01	6695098.02	-380.725519
391305.249	6693705.03	-418.261613
391530.275	6692312.39	-452.609994
391721.448	6691052.07	-518.523663
391846.24	6689789.95	-676.474135
391966.059	6689146.63	-666.634165
392177.19	6687962.74	-653.299535
392422.344	6686624.52	-616.469474
392651.268	6685233.36	-605.193108
392863.648	6683883.73	-597.25788
393001.745	6682543.72	-686.615462
393052.767	6681727.89	-783.666273
393144.306	6680921.08	-817.314725
393382.255	6679618.07	-736.540474
393580.771	6678181.82	-733.152065
393812.885	6676767.68	-670.79281
393992.672	6675415.31	-666.407277
394141.349	6674333.09	-653.198468
394258.96	6673466.82	-642.424184
394314.118	6672466.55	-741.109386
394492.485	6671139.9	-720.261475
394655.072	6669710.15	-735.491594
394802.375	6668287.08	-766.77003
394963.243	6667285.07	-707.780555
395175.75	6666192.29	-590.314165
395283.908	6665339.89	-577.863079
395450.505	6664016.77	-558.689647
395544.001	6662611.38	-651.766807
395641.426	6661239.41	-730.821138
395802.974	6659902.72	-713.988433
395915.303	6658927.8	-708.322811
396044.505	6657932.36	-681.571009
396272.246	6656866.96	-528.896564
396433.529	6655576.82	-500.2997
396584.959	6654143.69	-504.502151
396717.969	6652693.88	-533.876694
396822.348	6651730.8	-530.150619
396881.203	6650678.21	-600.272679
397020.11	6649673.44	-552.754064
397099.591	6648500.12	-608.979866
397299.743	6647060.39	-535.8376
397529.953	6645656.57	-414.314818
397677.826	6644481.41	-372.120541
397817.046	6643433.93	-323.084782
397886.863	6642533.3	-347.670919
398022.701	6641442.12	-306.550712
398090.893	6640000	-400.736162
390328.741	6709292.93	-1739.03557
390359.485	6709292.93	-1704.03605
390400.322	6707919.97	-1550.65757
390389.897	6706662.53	-1465.08049
390411.281	6705495.81	-1348.05874
390428.933	6704549.95	-1253.40007
390413.136	6703410.65	-1185.93128
390477.469	6702222.22	-1023.963
390475.509	6700790.11	-957.04519
390476.529	6699428.55	-933.10485
390552.312	6698090.45	-864.127957
390597.909	6697036.52	-880.71999
390728.382	6696153.93	-798.83952
390868.99	6695095.82	-757.123396
391136.226	6693710.73	-667.117418
391365.457	6692316.57	-702.341142
391598.024	6690964.34	-731.609819
391747.425	6689776.03	-830.354562
391848.879	6689003.77	-880.768908
391979.484	6688023.45	-934.709122
392185.805	6686634.29	-965.239361
392483.817	6685236.89	-850.98493
392725.77	6683824.59	-811.788114
392888.789	6682529.68	-853.231879
392989.389	6681522.31	-917.918832
393023.136	6680897.5	-996.686172
393218.553	6679623.1	-970.460845
393399.526	6678198.1	-988.491413
393569.881	6676785.74	-1012.32884
393821.155	6675397.73	-911.904664
393984.267	6674316.51	-877.448639
394147.392	6673472.45	-798.615938
394195.561	6672450.76	-910.331919
394336.787	6671141.81	-938.265224
394478.101	6669714.85	-982.132348
394626.715	6668288.35	-1011.41692
394779.249	6667269.05	-966.276886
394989.018	6666168.99	-853.470179
395065.826	6665187.93	-904.383962
395290.639	6664026.19	-778.404449
395403.046	6662592.74	-849.018384
395514.624	6661230.03	-907.179153
395653.068	6659929.6	-916.37666
395744.087	6658764.67	-968.656453
395863.96	6657925.36	-930.75324
395956.052	6656978.17	-946.37593
396195.524	6655555.56	-829.708134
396408.04	6654142.89	-746.806366
396560.391	6652697.23	-748.77563
396728.318	6651574.4	-680.984962
396793.33	6650633.65	-726.644414
396872.938	6649657.32	-755.888252
396933.987	6648504.89	-834.006988
397121.648	6647058.02	-778.643661
397273.844	6645656.57	-762.599999
397393.122	6644520.83	-753.518108
397546.843	6643321.74	-704.698687
397743.121	6642244.21	-580.593312
397869.882	6641438.92	-514.10682
397937.586	6640000	-608.173729
390138.402	6709292.93	-1963.68215
390165.063	6709292.93	-1933.12992
390220.208	6707895.44	-1762.35815
390244.465	6706564.18	-1630.87848
390244.999	6705483.43	-1547.60469
390292.185	6704517.43	-1417.33422
390241.231	6703391.5	-1396.49887
390314.657	6702222.22	-1227.90171
390329.634	6700772.35	-1143.34849
390360.227	6699422.31	-1085.35194
390414.801	6698085.1	-1049.08456
390493.335	6697014.85	-1027.07512
390572.597	6696117.43	-1021.5754
390702.036	6695075.78	-999.94938
390902.862	6693718.64	-1011.24446
391196.563	6692318.92	-958.991314
391443.683	6690943.8	-972.252534
391647.093	6689723.33	-996.394475
391731.292	6688811.7	-1107.43108
391847.232	6687994.53	-1139.88269
392018.18	6686622.8	-1216.00256
392225.025	6685252.53	-1226.54715
392555.373	6683828.08	-1058.79484
392706.953	6682543.72	-1112.95041
392823.203	6681509.39	-1159.48802
392964.678	6680741.36	-1111.99486
393034.301	6679543.2	-1249.2501
393224.557	6678206.21	-1235.6178
393394.168	6676790.44	-1260.10418
393552.846	6675376.5	-1293.77844
393808.917	6674301.15	-1126.52319
393949.279	6673330.97	-1101.35542
394083.269	6672412.3	-1073.98098
394209.071	6671141.65	-1116.58532
394310.555	6669721.87	-1214.61972
394456.682	6668290.93	-1247.43027
394550.021	6666982.29	-1330.53802
394803.553	6666149.6	-1113.63358
394861.167	6665042.19	-1210.71338
395119.476	6664029.99	-1014.18273
395240.298	6662599.43	-1072.16576
395391.459	6661172.26	-1085.36363
395527.234	6659914.2	-1091.6644
395606.163	6658760.89	-1158.70573
395690.351	6657924.08	-1169.09692
395785.513	6656980.56	-1179.74776
395947.032	6655536.92	-1172.52589
396171.394	6654141.41	-1070.41409
396387.509	6652702.57	-983.932836
396573.134	6651549.2	-896.240449
396679.426	6650513.18	-898.88672
396733.388	6649637.54	-948.757978
396796.489	6648506.85	-1020.82326
396933.138	6647047.79	-1036.30547
397092.564	6645656.57	-1008.76699
397219.011	6644303.25	-1018.77978
397357.723	6643304.06	-963.331226
397459.016	6642349.5	-951.568055
397670.088	6641303.71	-802.067989
397757.593	6640000	-851.45905
389941.484	6709292.93	-2195.17637
389968.033	6709292.93	-2164.7154
390018.35	6707888.49	-2000.6039
390044.858	6706563	-1868.7519
390069.659	6705340.96	-1746.86081
390111.267	6704474.43	-1633.70784
390047.639	6703368.05	-1632.83943
390128.203	6702222.22	-1460.76577
390160.362	6700767.41	-1359.324
390264.96	6699411.87	-1209.77542
390267.886	6698073.26	-1246.76507
390380.899	6696854.04	-1194.65602
390433.639	6695920.23	-1245.35974
390552.114	6695037.88	-1222.76843
390733.201	6693710.08	-1264.73956
390955.221	6692329.89	-1322.60236
391279.086	6690934.04	-1224.54851
391496.837	6689571.65	-1262.16847
391647.837	6688771.3	-1242.47709
391738.912	6687943.09	-1313.68224
391859.882	6686603.18	-1453.57681
392056.117	6685234.07	-1476.76765
392242.197	6683838.38	-1509.22563
392602.16	6682427.79	-1287.31039
392753.648	6681369.57	-1287.16136
392846.001	6680568.82	-1315.63074
392917.681	6679529.29	-1417.42978
393065.415	6678210.26	-1460.22857
393220.445	6676799.02	-1503.5024
393376.965	6675383.91	-1539.41993
393539.321	6674373.9	-1491.61695
393770.918	6673327.19	-1351.31823
393925.42	6672425.46	-1292.04485
394054.74	6671138.71	-1331.7796
394178.153	6669718	-1398.85548
394311.436	6668296.75	-1447.99452
394394.834	6666965.5	-1547.85602
394473.516	6666280.32	-1549.01439
394638.077	6665124.16	-1505.35163
394819.274	6663944.99	-1441.17279
395070.02	6662605.04	-1305.41446
395221.433	6661175.74	-1318.20612
395385.325	6659882.29	-1291.03529
395492.97	6658745.5	-1316.07349
395585.118	6657740.23	-1340.81096
395632.687	6656982.97	-1388.46285
395769.027	6655527.56	-1417.05405
395993.433	6654141.41	-1313.30259
396052.753	6652774.95	-1429.55264
396313.993	6651445.55	-1263.80322
396443.915	6650504.58	-1220.28708
396585.621	6649627.92	-1150.98379
396727.826	6648504.9	-1114.30643
396818.115	6647036.21	-1194.07886
396936.947	6645709.12	-1212.8357
397045.79	6644328.73	-1250.07218
397161.145	6643143.16	-1250.51609
397358.203	6642193.24	-1108.33001
397458.47	6641182.61	-1103.79713
397646.607	6640000	-1001.32046
389620.376	6709273.58	-2570.16294
389696.084	6709281.63	-2482.65032
389807.868	6707884.96	-2248.57624
389793.549	6706464.65	-2159.74083
389754.331	6705357.87	-2126.03682
389881.577	6704337.25	-1901.64029
389917.093	6703218.35	-1784.00602
389934.817	6702222.22	-1701.55689
389928.297	6700808.08	-1655.25701
390031.716	6699426.44	-1513.39883
390099.152	6698057.61	-1473.55346
390216.57	6696850.01	-1420.95279
390326.873	6695940.07	-1392.18885
390432.64	6694975.8	-1407.78403
390572.825	6693690.98	-1506.93823
390801.852	6692329.95	-1555.15041
391036.139	6690952.2	-1585.97248
391296.202	6689624.49	-1548.17403
391476.136	6688631.25	-1532.22054
391637.223	6687936.57	-1465.60218
391730.047	6686567.97	-1651.56288
391889.256	6685224.37	-1720.79204
392073.675	6683825.96	-1754.21343
392312.439	6682647.26	-1656.76908
392411.254	6681490.71	-1749.58421
392646.625	6680420.59	-1627.2701
392784.089	6679520.32	-1607.69674
392940.561	6678209.87	-1635.98444
393058.928	6676807.89	-1728.84143
393205.302	6675400.22	-1776.75762
393300.627	6674103.23	-1871.73113
393572.972	6673262.46	-1638.66453
393693.189	6672272.34	-1641.3993
393887.84	6671134.51	-1564.02715
394014.861	6669712.17	-1625.59147
394193.648	6668292.78	-1611.25384
394311.483	6666849.05	-1681.33651
394348.498	6666119.32	-1746.81636
394471.724	6665116.89	-1735.53927
394598.565	6663979.98	-1738.85131
394766.926	6662626.26	-1717.86985
394988.045	6661212.12	-1632.18742
395218.699	6659860.37	-1522.29016
395346.82	6658723.97	-1518.96259
395467.282	6657710.83	-1506.209
395541.445	6656878.89	-1528.55753
395607.158	6655501.83	-1641.58253
395782.274	6654112.78	-1605.18008
395880.066	6652784.09	-1663.10622
396027.843	6651466.68	-1649.5602
396245.069	6650422.24	-1501.96155
396351.848	6649465.87	-1490.79871
396570.929	6648501.22	-1327.62362
396677.713	6647036.02	-1384.17935
396794.219	6645622.34	-1417.81997
396895.056	6644370.51	-1448.46997
396999.514	6643110.16	-1473.4296
397072.017	6642485.41	-1457.0907
397162.384	6641348.84	-1481.99458
397389.659	6640000	-1347.92762
389442.95	6709272.22	-2777.28252
389495.773	6709276.5	-2716.33353
389543.22	6707878.79	-2559.26679
389544.12	6706551.04	-2461.76522
389516.143	6705215.62	-2400.48719
389667.906	6704317.59	-2158.4531
389638.673	6703340.24	-2131.50945
389688.229	6702121.76	-2004.65449
389738.915	6700808.08	-1895.58997
389786.928	6699393.94	-1831.51164
389927.167	6697979.8	-1705.851
390039.562	6696847.55	-1664.17717
390168.896	6695939.97	-1613.91661
390284.705	6694903.34	-1636.15778
390453.063	6693603.32	-1708.57415
390646.935	6692318.73	-1791.99321
390802.362	6690961.97	-1933.1936
391080.415	6689739.21	-1838.35028
391313.126	6688630.44	-1772.18842
391487.44	6687821.66	-1712.30911
391610.732	6686565.31	-1824.99932
391744.172	6685215.02	-1932.14815
391906.889	6683821.72	-1993.65029
392078.095	6682417.23	-2036.30244
392285.885	6681474.27	-1929.74911
392368.016	6680525.41	-1999.56438
392640.989	6679502.63	-1812.14437
392786.413	6678206.79	-1852.31086
392932.488	6676799.67	-1906.80984
393045.147	6675479.52	-1986.20551
393143.184	6674094.03	-2092.05999
393304.636	6673396.61	-1988.26592
393349.165	6672397.36	-2096.73989
393560.873	6671104.51	-2020.95976
393846.801	6669708.9	-1857.90943
394030.388	6668288.59	-1836.64483
394177.294	6666849.77	-1865.70505
394232.347	6666089.01	-1911.09591
394327.767	6665102.01	-1935.60112
394432.247	6663956.02	-1970.62209
394597.598	6662664.81	-1943.82529
394748.155	6661235	-1956.6252
394999.256	6659891.88	-1817.26829
395178.459	6658714.64	-1749.9019
395339.489	6657548.66	-1704.52706
395414.968	6656865.24	-1702.86418
395505.537	6655439.69	-1789.02993
395615.827	6654114.84	-1831.31491
395714.958	6652792.62	-1886.08552
395851.363	6651462.88	-1889.54913
396055.742	6650404.14	-1761.19667
396162.706	6649448.93	-1749.37467
396401.101	6648498.24	-1558.05072
396511.223	6647045.97	-1607.98638
396631.307	6645617.65	-1638.52364
396776.044	6644341.96	-1612.97674
396867.901	6643084.01	-1654.5709
396942.987	6642328.22	-1651.59351
396993.503	6641319.14	-1713.47666
397205.028	6640000	-1596.67606
389274.31	6709271.31	-2973.48107
389302.109	6709263.36	-2941.06858
389337.38	6707878.79	-2800.38483
389391.071	6706464.65	-2636.00802
389333.433	6705213.7	-2618.21484
389382.53	6704137.89	-2490.47648
389413.214	6703195.92	-2398.24416
389492.097	6702120.31	-2247.75648
389547.804	6700808.08	-2137.47671
389602.193	6699393.94	-2071.41082
389656.677	6697979.8	-2066.77355
389777.995	6696965.13	-2009.84878
389988.583	6695930.7	-1867.79637
390125.312	6694928.78	-1857.75426
390332.867	6693678.49	-1862.17513
390480.459	6692320.95	-2039.75808
390658.012	6690948.09	-2151.17055
390834.047	6689595.24	-2236.7186
391040.607	6688732.32	-2145.74973
391307.59	6687694.13	-2003.5025
391456.768	6686597.65	-2038.98274
391624.727	6685206.76	-2103.94054
391758.557	6683817.52	-2205.55236
391861.903	6682507.61	-2323.76755
392046.531	6681318.1	-2297.20202
392276.662	6680369.56	-2157.74209
392412.192	6679364.57	-2158.57977
392619.601	6678202.48	-2085.65889
392767.955	6676790.6	-2136.86826
392948.523	6675418.2	-2130.80858
393021.055	6674089.48	-2261.83972
393107.143	6673068.99	-2317.33905
393186.196	6672400.41	-2321.1221
393381.061	6671102.19	-2269.15841
393560.468	6669696.97	-2253.50507
393852.287	6668286.73	-2081.47652
394022.974	6666852.86	-2076.6933
394127.174	6665907.23	-2083.62426
394209.072	6665087.07	-2100.3974
394291.436	6663915.56	-2169.49472
394427.362	6662667.78	-2175.91809
394576.399	6661241.08	-2189.99601
394697.311	6659803.99	-2241.72875
394954.073	6658791.2	-2044.01597
395004.835	6657681.97	-2139.66153
395256.93	6656848.45	-1920.14481
395344.155	6655513.5	-1997.17869
395469.023	6654113.64	-2030.68544
395566.995	6652787.81	-2087.37452
395685.196	6651465.64	-2114.27546
395783.536	6650383.9	-2132.40916
395969.295	6649417.91	-2015.27186
396095.538	6648376.54	-1987.94948
396337.791	6647051.52	-1841.47092
396409.806	6645656.57	-1932.05347
396624.792	6644305.41	-1821.70324
396698.5	6642950.45	-1900.14467
396823.44	6642302.24	-1816.07166
396884.45	6641148.79	-1882.15531
396974.107	6640045.78	-1901.65672
389110.527	6709271.18	-3163.3949
389175.74	6709147.17	-3080.21535
389174.882	6707878.79	-2990.72736
389211.695	6706464.65	-2847.38537
389186.3	6705235.72	-2794.74293
389216.942	6704122.21	-2688.71132
389241.124	6703183.07	-2606.9318
389306.598	6702121.03	-2477.03223
389357.993	6700808.08	-2376.96887
389417.416	6699393.94	-2310.60255
389473.105	6697979.8	-2310.66815
389518.935	6696747.34	-2385.21623
389789.976	6695842.34	-2159.58895
389951.95	6694939.99	-2101.65851
390174.081	6693702.57	-2085.88499
390347.693	6692308.1	-2236.88232
390522.262	6690942.41	-2352.25044
390686.013	6689602.85	-2450.48164
390858.355	6688599.94	-2439.37964
391059.694	6687627.4	-2374.86505
391288.603	6686615.97	-2274.74266
391463.946	6685221.51	-2328.17939
391636.418	6683816.75	-2377.47314
391773.864	6682413.15	-2465.73516
391891.15	6681286.81	-2520.99237
391987.734	6680662.33	-2505.76318
392109.26	6679593.36	-2537.13125
392377.302	6678177.6	-2426.32688
392596.656	6676784.86	-2374.80485
392792.553	6675386.39	-2351.54202
392904.033	6674082.67	-2424.07259
392988.785	6673034.5	-2486.08881
393105.955	6672277.34	-2452.32881
393208.197	6671098.06	-2507.348
393383.702	6669677.64	-2498.95909
393537.337	6668282.83	-2513.07353
393851.52	6666856.13	-2310.51522
393951.118	6665907.45	-2324.03173
394072.713	6665075.76	-2288.09495
394168.896	6663900.42	-2338.90402
394278.223	6662569.61	-2394.14785
394412.175	6661247.47	-2412.61964
394524.291	6659806.14	-2476.56134
394710.237	6658646.39	-2396.7217
394815.491	6657662.37	-2399.39751
395018.264	6656561.79	-2286.00796
395167.625	6655528.35	-2234.13414
395291.596	6654108.81	-2271.40195
395486.262	6652779.8	-2197.71357
395579.448	6651464.29	-2257.53428
395648.84	6650340.89	-2320.48314
395771.355	6649570.07	-2261.79148
395867.385	6648415.93	-2290.42628
396017.689	6647070.71	-2270.49869
396227.101	6645656.57	-2178.14178
396450.288	6644286.62	-2059.09307
396545.222	6642954.14	-2105.71538
396700.116	6642271.67	-1985.87382
396781.627	6641103.58	-2026.19514
396823.071	6640044.37	-2104.73451
388943.29	6709271.97	-3356.68934
389071.774	6709262.59	-3207.99933
389054.1	6707878.79	-3130.54768
389041.735	6706464.65	-3046.72222
389093.644	6705124.14	-2896.70714
389056.785	6704106.33	-2879.71264
389100.438	6703020.12	-2770.70658
389150.585	6702117.15	-2668.83863
389192.435	6700808.08	-2585.20162
389229.018	6699393.94	-2553.57224
389295.529	6697979.8	-2545.57291
389352.147	6696755.32	-2610.56372
389595.895	6695700.5	-2455.12732
389788.143	6694722.71	-2389.09863
390007.058	6693712	-2324.205
390194.522	6692298.11	-2460.14176
390409.476	6690927.88	-2519.31312
390554.091	6689595.84	-2642.28187
390647.674	6688424.66	-2781.31339
390766.29	6687658.21	-2784.88314
390981.325	6686558.34	-2721.70816
391292.144	6685229.97	-2567.67265
391473.545	6683823.54	-2603.38953
391647.865	6682413.48	-2641.04931
391769.32	6681261.24	-2695.48864
391862.44	6680508.47	-2708.84806
391943.205	6679592.56	-2767.31815
392122.802	6678176.1	-2778.22356
392369.314	6676767.68	-2690.88796
392616.979	6675375.37	-2594.77786
392796.142	6673967.02	-2591.49384
392893.413	6672860.89	-2645.83985
392955.139	6672262.92	-2661.41943
393057.567	6671090.18	-2714.97895
393208.21	6669668.16	-2740.39337
393369.644	6668254.02	-2746.52868
393495.649	6666932.91	-2783.35707
393769.04	6665900.58	-2573.11547
393840.307	6664909.18	-2629.95671
394016.626	6663938.39	-2540.03994
394135.882	6662558.17	-2589.14109
394272.545	6661222.64	-2606.39848
394363.325	6659811.11	-2694.18272
394528.662	6658480.94	-2667.28303
394619.86	6657626.14	-2669.57787
394747.266	6656614.07	-2644.92808
394986.278	6655534.98	-2478.38495
395163.776	6654109.16	-2443.98159
395317.561	6652770.17	-2426.85251
395478.858	6651377.11	-2405.35197
395561.438	6650165.86	-2462.65744
395594.794	6649568.72	-2500.10995
395701.012	6648385.01	-2518.86424
395849.033	6647112.1	-2492.06545
395989.088	6645666.57	-2497.01106
396190.698	6644242.42	-2413.82902
396422.669	6642826.69	-2286.7613
396488.4	6641943.79	-2312.24716
396645.122	6641166.66	-2201.36096
396707.109	6640000	-2265.7072
388765.491	6709273.48	-3561.57969
388887.7	6709274.08	-3421.13651
388859.373	6707878.79	-3356.50377
388840.496	6706464.65	-3282.03193
388916.51	6705091.04	-3103.88172
388897.366	6703948.26	-3060.31627
388947.161	6703145.14	-2962.36733
388977.344	6702106.2	-2881.1313
389027.324	6700808.08	-2791.82213
389056.154	6699393.94	-2774.98883
389142.301	6697979.8	-2747.277
389246.971	6696736.53	-2754.53923
389306.529	6695677.79	-2858.93368
389485.622	6694767.09	-2802.57655
389663.629	6693706.95	-2815.3421
390037.705	6692333.18	-2673.48201
390263.595	6690921.86	-2727.9453
390443.943	6689579.98	-2802.59953
390522.221	6688405.87	-2962.78421
390610.355	6687632.44	-3009.72509
390762.309	6686597.11	-3019.11075
391045.378	6685252.53	-2906.66948
391299.08	6683828.2	-2844.40334
391494.19	6682416.13	-2852.66732
391603.771	6681128.39	-2948.52282
391724.833	6680312.43	-2935.71856
391841.96	6679476.86	-2928.54605
391947.862	6678173.43	-3019.11096
392136.427	6676758.3	-3011.92374
392364.162	6675353.54	-2944.48461
392626.281	6673958.94	-2824.91686
392744.629	6672862.73	-2848.49123
392828.212	6672237.72	-2838.59572
392939.025	6671088.93	-2876.80949
393048.775	6669648.86	-2960.86048
393200.065	6668249.93	-2977.99236
393323.356	6666945.22	-3015.55541
393509.135	6665803.55	-2941.13401
393634.856	6664779.17	-2928.90571
393906.688	6663842.15	-2704.04341
393969.828	6662556.41	-2814.30314
394119.685	6661234.1	-2811.27673
394244.947	6659818.76	-2853.32438
394373.307	6658464.66	-2879.86351
394453.933	6657624.44	-2894.17209
394530.811	6656732.05	-2920.18422
394711.841	6655555.56	-2845.93893
394935.176	6654141.41	-2747.64415
395084.683	6652727.27	-2746.73679
395319.835	6651348.94	-2623.43675
395422.581	6650158.97	-2650.52939
395477.333	6649393.72	-2682.2402
395562.536	6648325.22	-2713.31283
395680.149	6647114.21	-2718.85025
395813.089	6645670.81	-2732.87115
395939.495	6644216.5	-2754.37771
396115.964	6643074.67	-2666.06645
396212.696	6642075.26	-2664.92353
396427.361	6641042.51	-2508.87435
396533.421	6640000	-2498.30111
388585.715	6709292.93	-3769.4566
388691.43	6709278.83	-3647.34138
388594.434	6707878.79	-3663.12313
388632.467	6706464.65	-3524.65786
388719.306	6705078.02	-3335.60629
388674.548	6704083.33	-3334.20298
388734.557	6702968.66	-3210.94043
388820.932	6701969.54	-3070.94415
388838.588	6700808.08	-3027.19463
388871.406	6699393.94	-3010.44799
388974.825	6697979.8	-2966.07618
389146.387	6696712.21	-2892.49755
389244.545	6695502.44	-2976.10656
389329.639	6694739.29	-3026.84781
389490.138	6693695.68	-3063.16054
389750.487	6692323.22	-3079.36949
390099.205	6690890.37	-2966.39111
390320.352	6689571.34	-2976.88958
390418.647	6688383.54	-3111.74608
390504.007	6687450.66	-3197.32514
390622.704	6686611.47	-3210.54155
390803.367	6685208.92	-3249.88983
391065.734	6683838.38	-3163.58264
391320.545	6682418.31	-3090.4569
391504.047	6681006.79	-3107.3234
391627.34	6680271.83	-3076.50054
391712.929	6679472.55	-3106.19026
391792.343	6678168.13	-3232.81883
391960.839	6676753.66	-3252.40895
392119.536	6675335.41	-3281.02284
392324.894	6674160.81	-3201.34483
392544.885	6673013.37	-3094.7966
392669.808	6672200.37	-3059.81109
392790.887	6671096.45	-3076.56703
392932.114	6669634.94	-3121.41205
393041.314	6668252.37	-3193.16161
393160.818	6666955.56	-3234.2049
393310.253	6665670.91	-3230.95445
393445.105	6664759.44	-3188.67876
393652.026	6663654.67	-3077.49109
393801.791	6662626.26	-3030.70251
393936.448	6661226.45	-3059.84599
394099.536	6659808.33	-3050.88478
394234.361	6658455.17	-3068.71411
394331.159	6657611.45	-3061.79966
394402.889	6656562.46	-3117.30707
394549.619	6655471.74	-3076.60257
394692.642	6654159.75	-3071.63136
394841.048	6652727.27	-3074.39887
395142.233	6651337.75	-2863.78641
395240.628	6650022.82	-2913.60045
395416.787	6649358.75	-2768.30604
395442.764	6648323.33	-2874.37443
395535.023	6647112.04	-2913.93871
395645.287	6645678.69	-2956.95242
395767.752	6644212.16	-2985.1032
395871.771	6642924.98	-3012.32717
396008.784	6641951.74	-2953.47133
396210.938	6640960.49	-2808.89907
396351.335	6640000	-2741.8295
388243.121	6709292.93	-4162.3373
388348.556	6709200.18	-4035.79083
388384.523	6707878.79	-3905.36263
388357.285	6706484.7	-3846.08853
388377.744	6705149.57	-3741.87429
388459.526	6704066.21	-3588.81472
388520.878	6702948.79	-3467.65942
388590.655	6701827.36	-3350.02567
388644.251	6700808.08	-3268.62291
388685.388	6699393.94	-3246.47269
388788.252	6697979.8	-3208.47336
388997.16	6696635.37	-3099.98693
389108.922	6695484.68	-3162.93011
389196.913	6694677.42	-3225.22188
389325.781	6693672.64	-3298.14097
389569.916	6692323.21	-3329.52274
389862.417	6690909.09	-3288.7864
390099.849	6689496.23	-3297.03865
390321.658	6688257.95	-3271.95718
390402.077	6687406.77	-3346.79752
390493.623	6686571.4	-3396.42846
390648.295	6685235.55	-3457.53387
390844.65	6683869.3	-3460.08181
390984.798	6682470.73	-3537.5687
391336.458	6681007.49	-3335.03674
391430.849	6680117.98	-3371.61511
391571.947	6679459.01	-3300.27022
391673.272	6678166.2	-3394.96406
391794.068	6676741.06	-3481.34092
391948.377	6675330.9	-3514.01377
392088.706	6674029.62	-3543.18671
392247.333	6673084.93	-3485.87674
392478.635	6672039.65	-3345.32726
392620.687	6671100.48	-3306.08837
392770.138	6669659.84	-3336.19623
392910.561	6668250.62	-3370.12829
393017.298	6666950.22	-3428.95984
393142.678	6665701.11	-3452.77859
393254.355	6664767.31	-3444.99429
393387.252	6663770.14	-3417.22542
393454.508	6662620.65	-3499.75296
393753.99	6661212.12	-3307.72078
393920.459	6659804.17	-3292.47259
394087.629	6658457.13	-3265.82385
394215.737	6657575.51	-3222.34851
394281.805	6656456.21	-3295.69938
394389.241	6655457.03	-3294.46573
394514.615	6654166.28	-3309.98115
394659.273	6652717.95	-3319.78983
394789.778	6651313.13	-3340.08989
395000.71	6650176.74	-3214.11139
395109.598	6649198.47	-3201.98315
395331.191	6648255.6	-3033.09705
395386.831	6646991.93	-3128.40671
395521.541	6645676.73	-3123.01843
395608.623	6644210.03	-3198.35094
395709.985	6642937.99	-3226.94992
395823.282	6641928.3	-3204.42037
396019.296	6640943.05	-3067.19477
396073.292	6640000	-3113.14995
388047.315	6709292.93	-4386.20158
388142.464	6709198.84	-4271.7237
388188.898	6707829.5	-4127.67673
388161.58	6706492.69	-4073.72605
388175.654	6705140.89	-3978.23281
388221.896	6703908.76	-3862.92303
388306.601	6702928.79	-3724.39009
388313.274	6701946.42	-3689.33294
388358.87	6700808.08	-3621.71047
388497.488	6699393.94	-3483.85601
388599.511	6697979.8	-3452.18719
388821.885	6696611.52	-3334.08422
388962.548	6695482.15	-3358.97918
389131.69	6694526.94	-3352.26922
389189.894	6693586.22	-3508.42439
389392.64	6692323.2	-3571.48762
389627.924	6690925.43	-3604.12857
389918.975	6689495.9	-3541.75196
390161.776	6688250	-3490.30368
390289.484	6687265.76	-3528.68175
390382.741	6686399.44	-3582.20026
390504.929	6685218.9	-3655.80469
390687.081	6683841.65	-3679.62289
390810.794	6682479.38	-3771.26786
390994.859	6681197.83	-3761.48992
391156.506	6680251.82	-3717.54625
391390.041	6679295.38	-3575.50256
391524.757	6678171.66	-3594.18326
391682.288	6676724.62	-3635.35338
391789.571	6675327.01	-3729.31194
391924.17	6674035.09	-3764.25776
392011.098	6672941.22	-3828.13008
392193.142	6671951.24	-3744.64397
392361.135	6670871.77	-3693.01428
392591.742	6669671.26	-3574.6117
392737.293	6668257.24	-3602.34568
392880.23	6666938.96	-3615.1254
393015.591	6665776.2	-3612.5663
393115.7	6664576.07	-3660.92244
393189.8	6663929.37	-3659.00267
393353.587	6662618.54	-3635.80731
393521.482	6661212.12	-3620.17374
393797.271	6659802.2	-3458.27877
393975.951	6658359.32	-3429.90401
394099.758	6657404.51	-3402.78724
394186.215	6656511.39	-3415.98479
394249.36	6655443.3	-3484.16867
394353.028	6654170.63	-3526.17456
394480.956	6652713.27	-3559.47924
394623.375	6651387.78	-3552.72677
394775.759	6650108.55	-3524.49531
394917.725	6649178.65	-3461.40615
395132.112	6648132.68	-3316.06305
395219.472	6646989.57	-3352.43758
395359.758	6645671.64	-3339.7393
395476.981	6644210.38	-3374.16509
395565.644	6642936.39	-3419.83914
395625.877	6641760.81	-3489.19192
395836.759	6640937.43	-3311.57843
395888.098	6640000	-3360.11626
387858.193	6709292.93	-4601.87637
387952.57	6709199.47	-4488.73892
387996.521	6707826.41	-4348.57944
387983.753	6706503.5	-4280.40532
388020.458	6705050.51	-4154.30376
388027.576	6703886.87	-4091.84014
388117.744	6702905.07	-3950.01851
388157.844	6701944.67	-3877.2655
388206.202	6700714.43	-3812.88807
388307.426	6699393.94	-3722.95953
388352.088	6697958.96	-3772.53377
388635.918	6696599.44	-3578.68903
388791.134	6695480.15	-3585.56051
388927.955	6694534.58	-3620.78588
389087.37	6693592.83	-3643.36964
389235.253	6692323.18	-3783.25302
389443.841	6690932.67	-3848.92103
389648.464	6689544.94	-3893.12065
389934.76	6688376.04	-3767.30222
390112.841	6687416.62	-3733.3271
390245.605	6686415.21	-3762.60499
390384.524	6685202.75	-3820.59583
390520.345	6683836.94	-3905.41009
390643.263	6682487.02	-3994.87979
390782.019	6681093.62	-4065.99412
390950.891	6680164.36	-4008.78318
391194.879	6679142.98	-3865.15809
391352.402	6678174.55	-3824.88465
391515.271	6676749.2	-3854.87381
391663.443	6675326.57	-3898.91406
391803.227	6673991.11	-3934.49159
391858.719	6672943.54	-4032.48093
392013.138	6671934.75	-3989.23633
392173.279	6670864.03	-3946.54862
392409.213	6669677.02	-3818.74684
392549.899	6668269.18	-3852.09226
392713.378	6666926.42	-3840.77775
392896.125	6665667.82	-3789.28983
393001.45	6664541.96	-3819.59439
393042.444	6663929.02	-3856.88168
393181.369	6662614.81	-3867.63176
393337.567	6661185.2	-3870.80995
393485.458	6659797.98	-3876.9194
393713.118	6658383.84	-3778.35678
393848.597	6657273.99	-3757.98471
393982.422	6656383.56	-3707.05906
394105.072	6655437.32	-3678.16933
394222.276	6654169.94	-3701.25279
394317.757	6652704.52	-3779.14864
394453.416	6651272.84	-3795.81747
394556.909	6649999.14	-3831.87378
394717.493	6649036.02	-3748.07535
394919.745	6648060.14	-3609.58316
395053.524	6647070.71	-3563.08767
395178.455	6645667.03	-3582.16271
395312.546	6644212.75	-3593.0132
395427.953	6642922.65	-3605.04691
395519.676	6641747.71	-3632.32412
395618.087	6640774.16	-3623.46915
395710.02	6640000	-3597.27043
387808.156	6709292.93	-4658.83106
387828.529	6709094.57	-4623.46171
387846.108	6707821.06	-4520.58117
387854.426	6706499.77	-4429.63314
387852.791	6705050.51	-4350.1358
387836.786	6703872.59	-4316.18733
387952.843	6702882.9	-4146.52029
387949.091	6701933.03	-4130.23307
388020.585	6700715.53	-4041.03437
388116.245	6699393.94	-3962.30189
388175.548	6697955.31	-3997.92303
388278.2	6696642.25	-4036.13007
388554.93	6695578.09	-3876.68501
388775.627	6694386.99	-3855.4444
388968.359	6693556.67	-3809.03818
389114.856	6692323.19	-3940.68751
389270.09	6690942.36	-4075.79798
389469.325	6689559.2	-4126.83255
389635.507	6688421.15	-4153.85824
389830.491	6687356.96	-4119.78647
390029.162	6686297.07	-4073.06808
390261.15	6685171.5	-3989.90476
390379.603	6683831.29	-4093.7779
390513.344	6682446.25	-4176.45402
390617.915	6681119.46	-4280.02114
390763.512	6680154.57	-4260.64765
391004.045	6679125.22	-4123.35609
391141.078	6678066.63	-4125.96093
391333.711	6676755.46	-4096.07964
391496.041	6675332.68	-4121.29477
391677.878	6673979.87	-4104.0499
391782.681	6672812.54	-4155.37292
391805.063	6671920.12	-4270.22127
391962.17	6670887.29	-4225.30938
392143.86	6669696.97	-4170.86326
392334.794	6668282.83	-4137.76731
392542.441	6666868.69	-4078.22685
392734.127	6665633.52	-4011.16322
392833.224	6664533.26	-4045.85105
392955.119	6663772.5	-3997.4928
393039.683	6662609.69	-4058.20665
393159.695	6661170.73	-4110.99385
393312.439	6659843.65	-4101.75569
393438.036	6658435.76	-4138.59659
393630.466	6657396.46	-4031.79607
393793.651	6656373.36	-3960.6411
393944.356	6655446.34	-3891.56656
394067.218	6654167.03	-3908.60995
394203.888	6652702.18	-3931.43316
394300.021	6651274.46	-4000.37241
394398.805	6650032.5	-4038.22605
394533.569	6649007.86	-3997.2435
394649.935	6648184.6	-3952.71962
394691.807	6647043.27	-4048.76813
394995.347	6645656.57	-3827.39275
395130.645	6644220.38	-3834.13632
395348.357	6642907.14	-3712.91001
395428.59	6641614.1	-3770.20871
395474.139	6640746.13	-3818.36907
395546.421	6640000	-3814.81103
387612.149	6709292.93	-4881.62574
387636.797	6709072.01	-4840.06214
387667.103	6707814.92	-4724.75491
387665.554	6706483.99	-4646.23217
387666.143	6705050.51	-4567.43937
387716.987	6703751.78	-4451.76743
387790.424	6702864.55	-4339.55298
387854.994	6701776.22	-4243.34796
387862.358	6700711.43	-4234.66271
387941.911	6699393.94	-4179.54602
388006.784	6697953.7	-4211.76506
388105.516	6696648.49	-4256.11196
388280.602	6695379.4	-4265.67855
388551.345	6694456.17	-4128.35082
388790.16	6693561.5	-4037.17635
389008.045	6692250.22	-4096.10694
389126.573	6690904.9	-4270.48416
389263.3	6689535.6	-4400.85698
389433.835	6688305.74	-4441.26032
389610.074	6687443.73	-4390.17301
389811.619	6686236.93	-4370.70582
390091.935	6685187.33	-4209.74913
390226.541	6683799.76	-4300.69015
390385.904	6682436.35	-4346.8007
390477.505	6681132.28	-4463.58294
390560.812	6680021.11	-4553.40283
390733.885	6679164.63	-4475.22326
390903.677	6677956.35	-4460.85823
391149.09	6676758.24	-4340.82384
391308.514	6675341.77	-4369.11306
391476.867	6673903.39	-4383.68158
391649.16	6672779.82	-4338.46079
391717.378	6671875.42	-4394.50837
391808.215	6670855.37	-4435.73356
391978.179	6669735.16	-4386.18534
392137.23	6668292.82	-4399.60109
392284.722	6666868.69	-4421.91227
392555.668	6665616.32	-4251.76691
392750.975	6664396.56	-4176.07604
392823.795	6663581.45	-4201.35535
392915.109	6662612.48	-4223.99603
393013.601	6661155.21	-4308.3875
393137.197	6659842.99	-4335.75539
393261.885	6658452.83	-4371.11873
393371.233	6657265.59	-4396.18257
393583.747	6656279	-4254.11704
393696.36	6655291.96	-4244.08333
393894.806	6654162.62	-4138.92584
394035.929	6652713.02	-4153.52773
394160.356	6651272.66	-4186.54887
394267.834	6650037.49	-4211.90647
394342.783	6648828.81	-4275.44827
394407.218	6648206.44	-4272.97584
394512.501	6647031.71	-4288.77746
394746.016	6645656.57	-4158.99226
394942.79	6644242.42	-4080.98545
395100.084	6642828.28	-4052.83789
395267.557	6641596.56	-3986.20554
395323.709	6640718.18	-4021.46314
395385.748	6640000	-4028.0608
387271.878	6709292.93	-5267.36488
387426.971	6709050.41	-5076.86299
387403.347	6707878.79	-5029.41351
387443.056	6706469.81	-4901.31455
387462.364	6705050.51	-4804.18626
387518.534	6703751.66	-4685.13025
387621.45	6702703.95	-4535.62947
387625.754	6701754.53	-4519.69061
387689.29	6700700.7	-4445.71985
387781.941	6699393.94	-4377.24725
387863.381	6697960.55	-4391.22521
387976.706	6696602.29	-4428.46492
388105.005	6695398.66	-4485.44712
388257.741	6694385.29	-4516.97656
388461.118	6693434.87	-4486.34876
388768.908	6692323.21	-4378.91414
389019.75	6690890.13	-4407.90884
389139.471	6689522.77	-4561.98004
389269.384	6688182.81	-4678.8625
389374.293	6687297.47	-4725.3753
389531.668	6686327.38	-4715.7246
389727.221	6685228.29	-4676.62137
390054.243	6683801.74	-4525.37132
390220.272	6682428.38	-4565.0476
390344.828	6681106.03	-4642.33436
390451.748	6680071.34	-4688.1762
390571.526	6678992.73	-4720.06266
390692.315	6677976.84	-4736.42084
390895.686	6676797.72	-4669.57777
391109.499	6675353.54	-4630.78297
391300.581	6673908.72	-4616.02866
391494.492	6672750.96	-4548.08195
391652.857	6671737.19	-4501.96275
391676.478	6670818.65	-4616.50372
391777.165	6669658.08	-4665.72507
391949.342	6668301.05	-4648.13928
392101.859	6666863.95	-4665.90495
392276.199	6665562.74	-4631.6245
392391.309	6664506.59	-4637.90346
392506.678	6663552.74	-4627.2207
392759.164	6662616.62	-4430.83388
392882.954	6661151.65	-4482.61632
392993.033	6659773.53	-4537.98413
393102.14	6658474.96	-4580.58411
393178.744	6657117.13	-4673.42125
393390.974	6656259.07	-4513.47277
393501.362	6655254.05	-4508.76316
393636.705	6654141.41	-4485.0227
393854.725	6652717.99	-4393.69402
393991.568	6651274.49	-4410.51658
394130.707	6650000.25	-4399.06029
394231.397	6648807.07	-4426.30102
394297.712	6648052.69	-4438.9542
394424.145	6647005.21	-4409.67659
394572.853	6645605.4	-4395.62068
394706.685	6644263.42	-4391.73022
394828.812	6642828.28	-4412.63229
395044.137	6641721.03	-4266.78132
395146.014	6640708.82	-4258.11488
395311.03	6640000	-4127.07888
387067.895	6709292.93	-5498.06635
387039.15	6709119.09	-5520.3153
387193.573	6707878.79	-5268.22206
387237.146	6706464.65	-5137.07781
387257.02	6705050.51	-5042.29942
387311.569	6703749.48	-4927.81454
387315.565	6702690.86	-4898.68787
387408.683	6701581.96	-4779.89705
387494.758	6700689.26	-4682.09465
387591.615	6699393.94	-4611.29933
387686.961	6697967.7	-4609.85993
387843.323	6696592.69	-4597.0095
387964.049	6695425.51	-4657.54132
388079.989	6694389.4	-4737.93268
388214.574	6693560.95	-4760.98742
388399.504	6692322.29	-4836.15827
388795.605	6690928.14	-4678.13815
388990.93	6689505.72	-4751.38134
389148.177	6688165.33	-4836.2876
389242.419	6687297.85	-4894.32897
389397.239	6686323.3	-4889.59385
389539.631	6685219.27	-4920.63522
389747.187	6683822.24	-4918.98505
390044.435	6682394.77	-4799.67912
390262.389	6681080.58	-4754.2471
390368.373	6679873.72	-4831.34468
390426.395	6678925.99	-4922.27584
390534.626	6677951.92	-4947.90392
390716.61	6676803.67	-4904.45961
390890.826	6675363.04	-4917.30553
391041.025	6673948.73	-4951.39328
391282.868	6672772.26	-4824.0824
391443.651	6671714.12	-4781.83607
391600.276	6670694.47	-4737.06407
391649.579	6669647.59	-4836.13442
391782.662	6668307.48	-4868.17867
391921.562	6666861.83	-4905.37582
392075.298	6665424.74	-4918.80255
392180.396	6664454.89	-4925.09474
392405.91	6663396.06	-4784.20126
392586.333	6662618.93	-4659.85688
392716.91	6661168.49	-4700.40503
392838.938	6659756.82	-4744.58672
392973.652	6658465.49	-4752.53482
393073.973	6657003.12	-4828.66081
393147.322	6656250.01	-4838.31859
393257.784	6655382.7	-4814.08609
393373.027	6654085.32	-4842.73787
393613.052	6652727.27	-4713.01589
393819.373	6651313.13	-4633.54019
393964.968	6649972.21	-4622.53627
394098.422	6648802.87	-4603.05591
394196.243	6648000.53	-4580.2876
394269.357	6646841.56	-4636.70378
394400.081	6645596.83	-4625.85945
394522.31	6644270.94	-4635.13259
394650.722	6642813.95	-4650.37317
394847.981	6641677.48	-4532.06911
394952.068	6640688.9	-4517.3272
395131.775	6640000	-4364.47157
386903.831	6709251.63	-5681.13831
386891.613	6708980.93	-5678.76386
386984.046	6707878.79	-5506.38923
386978.063	6706464.65	-5433.71501
387053.254	6705050.51	-5278.15377
387006.054	6703741.49	-5285.19716
387093.229	6702697.8	-5161.51168
387194.231	6701561.63	-5036.60103
387305.728	6700437.8	-4920.88655
387395.155	6699393.94	-4851.64565
387515.863	6697963.06	-4821.36765
387702.744	6696522.72	-4779.94174
387825.523	6695381.86	-4836.65675
387950.691	6694402.08	-4894.77891
388086.219	6693423.1	-4953.0819
388205.375	6692321.96	-5072.77729
388544.105	6690909.09	-4991.14087
388824.905	6689532.85	-4950.28942
389011.82	6688132.59	-5013.20141
389162.326	6687130.35	-5028.18839
389246.33	6686313.63	-5084.04941
389361.073	6685201.06	-5152.7142
389556.938	6683815.21	-5164.8118
389748.328	6682424.24	-5176.18266
390083.581	6681063.14	-4989.29982
390209.246	6679822.63	-5046.80444
390369.895	6678802.35	-5017.032
390397.988	6677921.75	-5131.41377
390511.678	6676736.57	-5184.44952
390698.559	6675373.91	-5167.52214
390855.422	6673951.51	-5194.77598
391091.678	6672764.9	-5076.65697
391261.227	6671694.47	-5024.91284
391445.44	6670699.11	-4940.26336
391526.2	6669601.49	-5005.57189
391656.334	6668307.03	-5034.83708
391761.32	6666857.42	-5118.0596
391906.025	6665421.14	-5143.23711
392002.847	6664456.34	-5159.75533
392114.507	6663440.92	-5162.92549
392329.248	6662378.45	-5035.88991
392538.847	6661179.22	-4934.50579
392666.772	6659758.59	-4972.14473
392824.548	6658442.37	-4953.13756
392950.529	6657004.87	-4991.85686
393016.87	6656064.95	-5037.22166
393117.798	6655371.69	-5001.1911
393197.332	6654067	-5077.92367
393374.441	6652757.77	-5024.83357
393509.183	6651320.48	-5043.19435
393784.587	6649954.46	-4863.61155
393968.055	6648662.89	-4794.17904
394036.392	6647821.79	-4815.51301
394143.992	6646896.71	-4795.20703
394258.525	6645591.39	-4813.95231
394349.798	6644276.59	-4862.72208
394476.197	6642810.02	-4881.74492
394596.785	6641525.31	-4883.20239
394740.104	6640574.45	-4811.57429
394839.824	6640000	-4750.45807
386729.169	6709250.63	-5878.11455
386712.204	6708957.3	-5880.03726
386783.081	6707878.79	-5734.47874
386774.52	6706464.65	-5666.39637
386851.989	6705050.51	-5510.7275
386898.254	6703731.01	-5410.60456
386877.034	6702534.18	-5413.98979
386963.829	6701661.63	-5310.04185
387025.228	6700550.94	-5254.25983
387110.866	6699393.94	-5197.56688
387342.719	6697962.69	-5033.60839
387515.705	6696526.99	-5009.41349
387676.233	6695345.4	-5025.23059
387843.828	6694347.03	-5036.36705
387939.542	6693416.56	-5132.59907
388052.689	6692243.86	-5275.79936
388283.872	6690925.68	-5302.89627
388567.087	6689520.73	-5268.04002
388859.227	6688148.94	-5197.54824
389012.948	6687085.58	-5223.20976
389108.24	6686293.84	-5261.79685
389209.994	6685141.95	-5355.97638
389372.602	6683801.92	-5402.4567
389561.95	6682406.06	-5418.30296
389730.202	6681010.1	-5453.30799
390049.627	6679798.98	-5256.91868
390151.695	6678793.37	-5300.46383
390253.702	6677915.43	-5319.35295
390383.419	6676726.7	-5352.85382
390524.742	6675382.32	-5393.11831
390672.688	6673957.58	-5432.88225
390831.147	6672518.04	-5457.2
390969.615	6671596.61	-5422.83226
391202.836	6670554.49	-5281.43871
391357.951	6669605.76	-5225.90081
391493.76	6668302.36	-5249.12308
391639.324	6666858.82	-5278.26063
391755.888	6665419.92	-5341.40066
391850.82	6664450.59	-5361.26705
391934.243	6663421.1	-5403.75337
392140.164	6662371.72	-5286.59268
392196.869	6661229.94	-5378.57383
392494.449	6659797.98	-5193.93185
392648.572	6658425.63	-5187.87316
392804.163	6656993.52	-5186.65337
392871.774	6656037.36	-5232.64336
392961.556	6655240.06	-5226.27165
393042.153	6654040.96	-5286.60272
393190.827	6652763.52	-5266.69054
393333.018	6651322.23	-5275.73409
393513.48	6649898.99	-5229.29752
393659.183	6648911.71	-5169.08771
393856.025	6647812.74	-5054.92985
393974.885	6646905.43	-5017.32984
394109.414	6645582.22	-5012.02425
394222.078	6644273.76	-5031.75479
394321.238	6642806.27	-5086.92476
394434.564	6641529.38	-5096.86058
394495.963	6640409.42	-5154.20829
394654.766	6640000	-4994.77971
386561.357	6709251.14	-6067.09905
386605.929	6708930	-5998.25048
386643.136	6707791.94	-5888.56369
386660.84	6706464.65	-5796.26453
386663.838	6705050.51	-5727.83098
386708.954	6703718.59	-5630.8881
386705.884	6702371.5	-5613.89803
386738.922	6701663.28	-5577.79461
386828.199	6700549.69	-5490.60072
386957.27	6699307.84	-5391.09364
387040.844	6697949.77	-5403.34495
387251.963	6696565.66	-5323.79945
387538.592	6695215.03	-5214.08072
387715.402	6694169.77	-5228.93683
387823.553	6693394.77	-5276.36783
387914.503	6692236.04	-5442.21374
388106.311	6690886.86	-5524.49696
388311.903	6689525.49	-5575.89897
388576.423	6688130.42	-5546.5712
388838.095	6687058.7	-5444.01533
389038.819	6686123.43	-5381.31873
389098.495	6685151.69	-5493.62215
389214.133	6683763.27	-5610.4719
389379.171	6682398.29	-5652.30819
389552.935	6680983.18	-5684.87555
389682.066	6679946.62	-5702.76229
389944.464	6678935.72	-5542.35359
390159.137	6677794.51	-5461.96907
390256.724	6676681.02	-5523.7705
390396.763	6675381.66	-5559.19298
390503.701	6673983.23	-5649.0832
390659.005	6672516.15	-5682.11297
390775.283	6671574.64	-5679.95308
390892.322	6670597.43	-5680.68274
391114.536	6669473.28	-5565.25263
391317.668	6668298.16	-5480.43139
391467.82	6666862.99	-5502.39241
391614.244	6665419.57	-5527.41705
391729.348	6664426.81	-5524.57897
391789.32	6663379.76	-5600.72715
391917.342	6662382.04	-5578.51227
392015.631	6661234.81	-5616.48869
392200.283	6659791.11	-5582.51193
392468.035	6658383.84	-5431.71011
392630.871	6656986.3	-5415.92272
392699.17	6656030.67	-5460.91638
392873.897	6655081.41	-5363.94346
392984.206	6654017.49	-5366.28571
393077.899	6652763.19	-5415.78912
393198.854	6651326.38	-5452.22973
393342.102	6649869.56	-5459.34987
393446.582	6648865.07	-5455.55466
393661.546	6647792.86	-5314.07049
393793.702	6646902.93	-5256.49586
393941.55	6645586.16	-5232.82428
394057.948	6644272.89	-5248.10407
394191.618	6642806.11	-5257.78376
394287.664	6641521.43	-5291.47577
394345.973	6640412.05	-5351.60078
394406.644	6640044.69	-5316.49278
386385.883	6709253.19	-6264.45209
386412.662	6708946.06	-6216.78139
386459.835	6707780.67	-6095.42379
386494.484	6706464.65	-5985.80464
386485.424	6705050.51	-5933.10619
386538.228	6703715.42	-5829.32546
386590.277	6702372.29	-5749.80572
386615.137	6701507.54	-5725.76338
386657.981	6700539.67	-5694.33933
386766.45	6699308.97	-5621.1246
386853.019	6697939	-5632.20681
386992.984	6696617.39	-5631.07688
387142.359	6695193.67	-5692.75664
387530.382	6694144.53	-5453.75252
387625.938	6693377.78	-5511.8148
387784.23	6692220.12	-5598.16672
387942.71	6690886.69	-5718.32072
388133.493	6689528.73	-5788.87844
388291.449	6688143.18	-5888.92747
388604.758	6687090.68	-5723.12574
388807.268	6685948.46	-5700.25529
388978.603	6685085.59	-5655.13966
389097.335	6683759.54	-5757.22365
389213.284	6682395.02	-5862.91674
389374.692	6680978.85	-5912.16302
389526.273	6679703.97	-5943.21208
389711.665	6678798.57	-5863.86496
389913.662	6677656.63	-5800.43984
390085.018	6676685	-5743.99025
390232.395	6675378.59	-5771.50288
390394.066	6673969.43	-5793.11304
390507.726	6672514.16	-5879.02389
390614.1	6671557.69	-5892.50752
390687.033	6670741.24	-5925.61779
390808.879	6669636.19	-5938.29805
391063.066	6668282.83	-5815.12439
391286.714	6666864.88	-5738.84146
391447.943	6665423.25	-5744.43659
391629.326	6664281.14	-5677.02715
391703.689	6663344.99	-5718.2749
391785.473	6662359.62	-5755.01191
391847.745	6661239.54	-5836.30639
392016.369	6659788.27	-5824.607
392210.098	6658383.84	-5770.88992
392391.039	6657091.73	-5716.34084
392513.756	6656025.06	-5705.37955
392720.058	6655046.01	-5571.104
392811.662	6653931.26	-5605.35525
392941.201	6652764.6	-5595.49403
393027	6651340.5	-5676.77785
393170.612	6649865.92	-5685.69421
393225.678	6648734.9	-5763.58805
393370.122	6647814.38	-5694.8245
393569.195	6646793.25	-5566.48453
393765.072	6645594.49	-5464.05141
393882.845	6644266.87	-5479.27833
394027.461	6642811.4	-5473.04245
394142.528	6641510.57	-5483.7364
394254.797	6640432.96	-5469.0469
394256.408	6640045.59	-5514.01864
386089.166	6709292.93	-6599.65456
386258.084	6708927.37	-6389.23837
386256.019	6707770.15	-6325.21922
386292.903	6706464.65	-6215.22463
386271.808	6705050.51	-6178.44093
386343.672	6703716.94	-6055.1265
386483.729	6702239.54	-5872.94978
386531.485	6701466.16	-5825.52145
386565.451	6700388.2	-5811.39473
386601.298	6699306.47	-5819.53027
386681.75	6697932.49	-5839.50075
386812.005	6696618.83	-5848.3494
386948.111	6695208.61	-5920.84514
387164.459	6694232.52	-5865.28096
387416.14	6693200.64	-5797.62037
387624.961	6692212.08	-5783.81439
387806.739	6690873.06	-5879.29661
387974.192	6689499.48	-5984.9593
388108.944	6688159.96	-6104.01582
388315.963	6686900.49	-6110.35124
388494.847	6685962.88	-6078.84461
388795.821	6685084.55	-5880.33658
388922.215	6683797.21	-5967.01719
389086.764	6682387.14	-6022.30047
389215.455	6680977.76	-6113.49711
389358.674	6679716.18	-6153.71538
389516.252	6678796.68	-6113.16357
389568.907	6677807.2	-6214.71707
389865.379	6676664.61	-6028.72966
390054.214	6675373.45	-6001.07084
390223.594	6673953.89	-6014.9162
390373.687	6672514.39	-6052.1668
390484.199	6671533.22	-6064.79361
390557.222	6670599.86	-6116.34036
390634.239	6669608.89	-6169.35372
390810.772	6668228.36	-6151.81477
390989.986	6666890.16	-6121.64785
391267.378	6665429.01	-5979.13284
391466.26	6664258.21	-5893.51326
391585.235	6663218.02	-5891.63153
391642.99	6662337.7	-5944.77746
391704.489	6661240.68	-6023.75738
391833.82	6659780.08	-6065.13249
391977.853	6658352.93	-6079.96433
392078.499	6657045.67	-6132.73073
392318.917	6656007.49	-5963.48472
392429.23	6655051.27	-5952.09605
392642.406	6653941.59	-5826.05482
392778.497	6652765.07	-5809.0296
392895.773	6651329.61	-5850.40033
393021.022	6649865.43	-5882.40775
393076.616	6648735.78	-5959.29463
393140.708	6647637.66	-6019.51398
393381.021	6646787.51	-5814.65735
393411.058	6645640.37	-5923.39038
393644.173	6644242.42	-5795.94031
393846.073	6642816.36	-5710.68131
393947.699	6641515.11	-5739.04072
394122.923	6640369.68	-5649.87528
394146.994	6640000	-5663.08765
385882.299	6709292.93	-6831.48365
385941.359	6708807.67	-6738.33761
386063.159	6707760.11	-6542.26226
386003.271	6706464.65	-6544.33407
386068.686	6705050.51	-6411.26712
386100.523	6703636.36	-6334.3164
386276.55	6702374.26	-6116.53943
386302.903	6701437.45	-6094.99775
386336.404	6700365.32	-6084.5818
386416.81	6699295.67	-6040.68019
386542.139	6697923.84	-6007.76036
386649.826	6696602.84	-6044.22426
386766.447	6695241.08	-6129.75868
386901.761	6694078.78	-6202.29997
387078.726	6693130.6	-6202.39779
387548.318	6692217.73	-5870.34472
387638.748	6690861.2	-6074.85575
387808.481	6689493.54	-6179.47616
387976.919	6688128.57	-6268.05848
388132.518	6686915.41	-6328.14039
388276.145	6685902.09	-6355.37687
388453.575	6684929.81	-6327.80407
388731.792	6683809.79	-6198.8915
388908.829	6682397.37	-6241.0266
389074.692	6680976.16	-6289.79109
389246.015	6679670.43	-6304.37985
389302.367	6678663.08	-6407.15549
389390.467	6677789.02	-6444.28829
389537.808	6676701.72	-6439.67122
389802.609	6675353.54	-6325.76625
390038.793	6673948.67	-6252.6734
390213.197	6672516.87	-6258.00956
390354.722	6671341.31	-6261.82106
390445.134	6670579.52	-6264.49398
390522.172	6669446.48	-6339.78185
390632.263	6668216.42	-6385.10626
390814.258	6666893.5	-6349.47401
390929.491	6665463.64	-6413.38585
391198.158	6664162.58	-6256.77902
391338.145	6663205	-6215.47147
391493.538	6662334.71	-6140.17792
391557.992	6661239.16	-6215.0907
391712.26	6659718.44	-6233.20992
391809.609	6658352.62	-6300.17717
391910.308	6657060.03	-6350.73169
392051.815	6655749.98	-6348.95855
392233.641	6655032.78	-6210.79422
392459.736	6653948.16	-6064.4544
392540.371	6652727.27	-6126.09607
392724.751	6651323.44	-6075.24664
392877.502	6649864.87	-6070.59671
392992.436	6648610.92	-6086.01713
393017.227	6647603.09	-6185.98905
393202	6646785.07	-6049.97989
393230.504	6645633.08	-6161.16944
393456.102	6644242.42	-6042.68384
393536.24	6642855.51	-6112.09679
393759.981	6641513.37	-5985.37989
393985.831	6640215.03	-5848.47571
393973.792	6640000	-5890.25433
385675.091	6709292.93	-7063.49544
385719.421	6708796.51	-6986.74812
385778.563	6707637.5	-6857.26303
385793.746	6706470.19	-6782.37058
385869.777	6705050.51	-6638.96451
385895.113	6703636.36	-6571.8982
385969.483	6702365.7	-6475.09036
386074.341	6701440.07	-6363.87275
386117.066	6700196.78	-6351.75692
386235.014	6699285.03	-6257.74926
386362.072	6697929.31	-6221.55457
386493.493	6696601.23	-6229.75196
386627.675	6695271.88	-6287.47293
386734.063	6694079.64	-6395.75694
386877.863	6693113.71	-6435.78685
387089.39	6692135	-6412.01463
387460.208	6690843.27	-6282.22146
387631.537	6689484.7	-6384.79871
387844.509	6688110.32	-6427.4796
387982.702	6686925.57	-6504.97223
388091.857	6685905.89	-6576.5797
388207.96	6685053.11	-6601.68261
388351.439	6683805.45	-6664.13898
388715.065	6682405.48	-6478.32443
388899.397	6680980.45	-6506.53604
389115.273	6679652	-6471.40912
389185.801	6678654.01	-6555.46252
389232.575	6677745.05	-6651.11002
389359.917	6676679.01	-6668.74488
389549.111	6675389.31	-6642.50106
389733.48	6673959.76	-6640.49849
390031.085	6672519.05	-6490.78706
390226.966	6671216.78	-6445.10977
390322.369	6670542.06	-6428.15224
390414.859	6669389.85	-6486.98556
390474.664	6668206.94	-6590.22006
390638.619	6666896.38	-6576.60631
390749.344	6665466.73	-6646.49429
390910.567	6664156.59	-6631.03871
391133.56	6663118.85	-6494.057
391267.937	6662189.89	-6454.71945
391476.13	6661235.52	-6322.14252
391598.633	6659778.71	-6372.28052
391707.007	6658356.94	-6433.59629
391831.695	6657063.29	-6452.99969
391882.561	6655752.41	-6569.74641
392046.542	6655024.95	-6456.50151
392071.744	6654000.55	-6564.62559
392352.154	6652727.27	-6372.19361
392549.203	6651320.83	-6305.17338
392707.015	6649869.44	-6292.99644
392845.833	6648588.41	-6280.81071
392939.833	6647454.34	-6306.57953
392992.097	6646633.29	-6344.64417
393069.705	6645616.86	-6373.85701
393221.158	6644194.97	-6356.4398
393362.509	6642858.8	-6339.20507
393450.141	6641403.19	-6404.50155
393679.058	6640422.13	-6224.99565
393791.676	6640000	-6128.74548
385478.378	6709292.93	-7283.52277
385526.742	6708779.23	-7201.785
385569.443	6707636.6	-7092.85848
385593.345	6706472.57	-7009.65849
385670.709	6705050.51	-6866.60181
385690.422	6703636.36	-6808.28884
385757.933	6702332.94	-6721.29021
385772.892	6701277.26	-6719.88598
385900.479	6700175.93	-6608.30891
386074.488	6699159.11	-6458.75901
386167.025	6697939.15	-6451.65454
386288.502	6696585.61	-6473.79445
386478.865	6695218.97	-6469.23056
386643.944	6694104.82	-6494.63304
386710.867	6693077.29	-6633.75415
386889.149	6692115.01	-6643.07577
387081.007	6690882.38	-6703.76835
387459.618	6689456.93	-6587.22212
387678.772	6688093.31	-6623.47134
387856.923	6686752.1	-6688.44536
387959.278	6685909.61	-6734.59469
388070.082	6684904.21	-6796.66248
388245.866	6683791.92	-6794.74306
388398.557	6682403.77	-6866.02918
388708.239	6680987.95	-6741.10673
388961.581	6679636.94	-6665.18537
389055.461	6678601.94	-6727.05785
389166.537	6677586.42	-6761.31686
389260.169	6676546.49	-6816.94331
389386.108	6675335.67	-6857.96356
389559.801	6673961.8	-6861.04221
389672.365	6672540.62	-6944.53209
390017.627	6671373.17	-6688.54478
390096.622	6670363.27	-6744.78104
390273.832	6669455.71	-6657.83363
390331.944	6668195.46	-6775.47518
390469.077	6666892.29	-6796.28363
390576.377	6665474.33	-6869.03786
390704.184	6664018.99	-6918.30528
390836.941	6663224.87	-6863.00765
391052.55	6662145.23	-6740.77673
391271.413	6661099.48	-6607.82488
391425.529	6659785.9	-6596.25848
391534.254	6658354.4	-6658.57619
391693.79	6657050.51	-6634.4962
391749.193	6655790.59	-6738.3687
391819.022	6654855.12	-6776.75517
391900.445	6654000.02	-6788.10394
392088.85	6652676.92	-6722.73731
392309.294	6651313.13	-6619.38621
392524.921	6649875.42	-6529.98153
392677.015	6648567.7	-6503.99978
392790.165	6647440.81	-6503.74794
392843.607	6646606.68	-6542.02925
392951.069	6645601.07	-6530.96851
393051.073	6644189.04	-6579.5924
393193.552	6642859.66	-6560.07652
393273.854	6641400.57	-6635.21975
393466.345	6640276.5	-6520.72316
393486.34	6640000	-6527.94873
385294.159	6709292.93	-7489.34734
385422.15	6708607.77	-7309.64576
385397.175	6707626.92	-7286.23215
385423.053	6706475.18	-7202.63337
385470.979	6705050.51	-7094.74816
385489.424	6703636.36	-7040.02535
385557.255	6702321.27	-6954.63746
385577.029	6701249.21	-6949.52915
385677.529	6700307.36	-6864.01542
385731.078	6699282.47	-6854.32017
385883.836	6697979.8	-6781.09716
386081.712	6696565.66	-6719.06186
386367.267	6695194.5	-6602.63043
386514.329	6693940.1	-6674.35512
386650.232	6692931.67	-6734.31171
386710.988	6692065.19	-6854.96645
386877.864	6690869.95	-6935.50434
387133.608	6689488.73	-6951.81332
387499.322	6688120.97	-6824.6126
387706.415	6686715.69	-6871.85869
387842.64	6685861.42	-6881.94879
387927.803	6684868.99	-6973.88836
388061.81	6683761.79	-7022.66965
388257.314	6682394.32	-7039.58513
388451.33	6681010.1	-7052.50686
388715.679	6679595.96	-6975.81718
388925.1	6678435.18	-6917.1167
389033.687	6677592.68	-6925.62726
389119.743	6676515.41	-6998.35889
389230.662	6675328.61	-7055.24269
389393.403	6673959.81	-7072.31462
389488.724	6672545.8	-7176.82354
389720.784	6671364.22	-7068.17873
389881.963	6670369.8	-7017.84036
390048.14	6669335.36	-6964.93731
390248.373	6668195.12	-6882.5632
390359.394	6666896.69	-6936.35404
390452.813	6665572.14	-7014.46277
390542.706	6664015.44	-7127.2141
390652.777	6663074.37	-7122.93014
390846.972	6662060.51	-7019.0855
390984.619	6661093.72	-6980.28855
391245.662	6659788.87	-6829.12623
391354.764	6658357.12	-6891.06374
391535.707	6657036.53	-6841.79474
391643.074	6655754.92	-6881.14638
391710.055	6654658.14	-6945.68161
391813.08	6653883.75	-6917.86355
391911.887	6652657.13	-6955.92023
392074.598	6651350.8	-6920.24246
392199.724	6649913.39	-6948.77804
392451.713	6648593.21	-6794.46557
392585.784	6647578.75	-6752.20564
392681.054	6646585.18	-6756.63394
392852.948	6645526.55	-6668.46596
392910.831	6644181.55	-6763.4907
393053.965	6642850.91	-6743.57393
393179.234	6641396.88	-6759.23758
393243.448	6640249.83	-6814.96799
393302.278	6640000	-6768.18978
385104.482	6709292.93	-7701.03497
385249.725	6708587.98	-7501.67745
385230.189	6707615.09	-7473.37282
385279.599	6706474.61	-7364.86218
385310.054	6705050.51	-7278.32548
385321.285	6703636.36	-7233.5889
385380.935	6702310.47	-7159.3289
385406.223	6701226.64	-7149.43159
385456.796	6700137.74	-7131.47353
385546.963	6699286.26	-7070.77609
385678.985	6697979.8	-7022.26597
385833.39	6696574.73	-7008.31893
386164.054	6695182.03	-6839.83805
386328.027	6693910.38	-6892.2195
386482.706	6692895.61	-6931.13096
386638.161	6691840.91	-6987.48395
386696.721	6690837.39	-7146.14393
386934.779	6689486.02	-7177.61149
387146.067	6688087.21	-7236.79482
387542.004	6686733.96	-7059.05159
387711.976	6685684.42	-7069.3184
387819.591	6684870.35	-7101.55289
387916.231	6683616.94	-7224.89919
388066.078	6682377.86	-7274.17738
388260.334	6680988.81	-7289.79328
388340.184	6679665.12	-7425.04758
388696.475	6678467.7	-7194.45053
388859.984	6677578.08	-7143.49845
388973.903	6676527.02	-7178.12071
389097.68	6675318.18	-7223.55315
389219.091	6673951.62	-7293.87982
389312.862	6672558.15	-7397.31253
389483.974	6671222.83	-7390.88417
389697.884	6670208.75	-7276.86427
389822.394	6669252.28	-7265.57122
390075.888	6668205.47	-7101.54894
390187.446	6666895.29	-7156.69954
390344.551	6665472.06	-7167.62741
390476.624	6664013.85	-7212.58224
390539.381	6662922.75	-7291.04011
390597.131	6662049.32	-7343.35295
390755.746	6661118.38	-7272.43241
390910.116	6659821.39	-7258.64273
391177.551	6658359.89	-7120.08361
391356.525	6657022.51	-7075.9876
391480.245	6655724.8	-7096.33513
391582.191	6654632.01	-7115.06763
391668.185	6653869.28	-7108.06619
391760.022	6652625.32	-7157.64613
391897.838	6651353.17	-7149.83066
392020.832	6649918.34	-7180.84534
392169.354	6648586.95	-7162.72427
392382.414	6647520.83	-7024.51617
392487.279	6646563.66	-7011.64072
392683.356	6645519.48	-6890.18529
392812.28	6644176.16	-6892.43663
392894.779	6642850.42	-6950.95147
393030.587	6641394.18	-6953.42166
393087.153	6640239.42	-7019.93588
393125.948	6640000	-6997.97765
385015.26	6709292.93	-7800.53515
385062.386	6708567.98	-7710.21272
385026.36	6707590.52	-7701.29494
385103.328	6706472.26	-7563.91379
385108.719	6705050.51	-7507.69146
385127.444	6703636.36	-7456.32397
385213.917	6702308.93	-7352.92392
385308.926	6701077.13	-7265.80935
385319.411	6700107.28	-7293.67532
385386.009	6699287.96	-7259.57972
385513.292	6697904.87	-7225.65792
385632.69	6696581.14	-7241.57491
385801.096	6695138.94	-7265.68667
386142.489	6693896.39	-7105.39143
386294.998	6692741.57	-7174.23741
386513.611	6691931.43	-7106.33789
386635.251	6690682.89	-7249.74006
386740.712	6689479.01	-7398.07702
386948.828	6688089.61	-7461.27679
387141.695	6686690.02	-7530.2149
387524.377	6685658.47	-7293.37019
387659.82	6684863.17	-7290.48235
387791.262	6683730.38	-7351.54024
387914.87	6682354.88	-7460.43606
388035.46	6681019.54	-7557.49776
388241.542	6679673.82	-7544.15657
388382.214	6678543.51	-7567.88197
388560.641	6677479.41	-7530.17144
388795.755	6676540.9	-7396.7183
388961.63	6675274.24	-7399.95708
389076.248	6673961.1	-7470.88188
389205.475	6672639.97	-7520.19523
389315.33	6671206.5	-7606.76303
389414.848	6670337.52	-7615.94789
389537.54	6669350.42	-7612.33487
389760.585	6668175.96	-7507.82517
389950.586	6666868.69	-7462.89821
390158.078	6665464.07	-7407.38867
390331.147	6664015.28	-7399.01276
390394.091	6662900.34	-7480.8998
390467.114	6662018.39	-7515.27373
390552.078	6660977.34	-7555.27268
390727.977	6659827.24	-7492.85874
390882.495	6658379.02	-7498.56896
391098.688	6656969.7	-7416.70817
391346.781	6655593.69	-7287.01587
391427.144	6654640.06	-7314.56107
391530.319	6653842.21	-7290.23958
391631.732	6652608.63	-7326.20806
391738.422	6651346.71	-7357.69663
391849.883	6649929.23	-7401.44123
391965.357	6648455.22	-7444.85027
392163.611	6647475.43	-7314.70147
392290.439	6646544.89	-7269.89972
392445.131	6645389.21	-7216.41351
392640.877	6644182.14	-7114.59764
392725.278	6642852.71	-7170.95853
392893.072	6641395.72	-7132.10392
392998.284	6640113.17	-7150.72276
393076.652	6640000	-7062.15841
384689.24	6709292.93	-8163.88718
384744.664	6708403.18	-8056.93136
384722.274	6707429.79	-8035.76352
384906.251	6706470.58	-7786.31054
384900.701	6705050.51	-7744.40124
384924.041	6703636.36	-7689.75811
385014.531	6702309.9	-7583.5934
385089.264	6701069.33	-7521.52003
385238.585	6699927.66	-7396.96006
385289.652	6699152.3	-7383.59858
385353.405	6697899.62	-7413.54734
385450.542	6696589.37	-7452.57648
385605.077	6695134.9	-7491.92202
385789.359	6693719.47	-7538.93704
386152.765	6692869.11	-7307.10269
386285.067	6691791.15	-7392.65371
386485.62	6690843.22	-7380.40719
386611.324	6689444.62	-7551.21258
386761.925	6688095.44	-7672.38494
386942.571	6686698.77	-7757.19833
387159.23	6685730.91	-7702.85342
387395.163	6684692.54	-7632.82478
387609.375	6683776.84	-7557.31556
387772.829	6682357.72	-7629.07671
387905.572	6680994.52	-7719.15469
388015.557	6679636.24	-7826.12131
388148.808	6678420.8	-7874.58945
388328.507	6677537.52	-7805.47755
388511.874	6676351.58	-7779.23913
388783.906	6675280.74	-7619.61498
388906.599	6673962.82	-7681.87408
389092.777	6672558.52	-7673.92169
389221.6	6671103.98	-7740.69884
389273.971	6670318.74	-7797.02435
389403.645	6669349.2	-7782.13857
389519.043	6668217.31	-7808.13653
389688.249	6666868.69	-7796.59056
389968.709	6665461.24	-7649.41145
390159.988	6664019.87	-7617.22325
390259.462	6662877.47	-7656.60232
390389.427	6661886.12	-7633.94183
390450.346	6660836.35	-7706.37369
390560.483	6659831.12	-7707.94583
390699.962	6658376.43	-7734.16972
390846.456	6656938.87	-7746.46166
391004.575	6655743.29	-7708.24301
391145.49	6654772.15	-7660.23689
391358.68	6653811.91	-7516.11185
391473.693	6652638.34	-7526.53883
391588.55	6651351.5	-7550.93875
391717.522	6649934.57	-7572.45397
391803.997	6648452.06	-7654.4396
391938.685	6647341.75	-7623.821
392014.196	6646415.53	-7644.87681
392149.071	6645397.13	-7599.6715
392299.79	6644225.56	-7551.82938
392554.598	6642851.63	-7392.63414
392721.888	6641400.62	-7353.78875
392847.483	6640100.68	-7348.11413
392909.674	6640000	-7279.24759
384478.346	6709292.93	-8398.74242
384519.998	6708379.23	-8306.79699
384567.023	6707413.69	-8208.99517
384545.276	6706352.08	-8189.62805
384693.201	6705050.51	-7980.28223
384723.58	6703636.36	-7919.55422
384758.737	6702222.22	-7878.84908
384924.724	6701066.94	-7713.01619
385000.348	6699929.68	-7674.58914
385127.338	6699123.72	-7575.57435
385190.246	6697889.69	-7605.30253
385318.97	6696588.08	-7605.5829
385428.543	6695129.81	-7695.62923
385527.588	6693814.31	-7818.67123
385812.351	6692917.43	-7679.78251
386064.892	6691774.83	-7641.69922
386293.305	6690867.81	-7588.85925
386488.017	6689480.08	-7680.62601
386626.434	6688116.91	-7821.50232
386755.467	6686722.02	-7966.39068
386895.724	6685575.31	-8038.05253
387058.222	6684621.66	-8038.67599
387448.011	6683541.22	-7791.59656
387591.221	6682378.21	-7840.51873
387748.112	6680972.22	-7910.62917
387878.216	6679624.81	-7994.26323
387993.407	6678431.3	-8062.10372
388080.339	6677383.38	-8135.55131
388274.091	6676390.63	-8065.09226
388468.368	6675256.55	-8013.85646
388729.664	6673960.68	-7901.89737
388911.023	6672543.51	-7903.07127
389081.209	6671104.72	-7916.6825
389183.499	6670138.2	-7938.51508
389221.106	6669342.61	-8013.76627
389343.528	6668186.61	-8034.89601
389511.287	6666911	-8014.84749
389665.855	6665476.54	-8032.34605
389974.214	6664024.34	-7853.498
390030.15	6662888.56	-7947.7203
390240.907	6661844.28	-7829.76958
390323.538	6660812.56	-7872.14772
390418.505	6659830.83	-7890.22068
390526.848	6658369.05	-7957.89208
390669.661	6656934.96	-7974.57303
390781.799	6655642.57	-8009.03386
390932.92	6654651.36	-7950.63605
391150.45	6653661.09	-7805.35771
391352.572	6652552.34	-7694.56982
391425.957	6651313.13	-7765.89099
391556.689	6649916.16	-7782.63773
391664.862	6648451.5	-7834.49927
391791.811	6647337.72	-7814.53027
391861.359	6646236.63	-7865.73887
391998.683	6645393.36	-7794.96757
392110.923	6644219.16	-7797.41191
392323	6642828.28	-7695.71996
392537.033	6641404.27	-7593.03912
392647.577	6640108.38	-7606.45489
392736.249	6640000	-7504.32979
384274.627	6709292.93	-8625.48591
384310.201	6708345.44	-8539.43738
384295.734	6707404.79	-8513.27502
384400.75	6706241.39	-8349.15487
384404.98	6705050.51	-8307.64382
384524.981	6703636.36	-8147.00034
384552.253	6702222.22	-8117.12223
384607.3	6701058.71	-8081.52738
384771.314	6700054.41	-7935.18882
384939.765	6699085.1	-7797.18152
385006.606	6697889.05	-7819.47621
385142.227	6696582.59	-7811.24631
385294.439	6695128.83	-7849.77335
385458.524	6693800.97	-7899.28824
385560.097	6692607.97	-8026.13029
385690.968	6691972.62	-8015.22378
385981.638	6690878.41	-7932.69111
386294.862	6689485.34	-7894.55735
386470.187	6688087.87	-8002.68802
386627.985	6686831.39	-8089.24924
386730.535	6685567.89	-8229.54808
386861.985	6684601.03	-8270.06166
387053.126	6683621.84	-8238.15591
387395.895	6682389.71	-8068.766
387568.132	6680977.7	-8123.80716
387728.602	6679616.94	-8175.12185
387906.054	6678311.6	-8188.31108
387942.954	6677394.24	-8301.25853
388095.073	6676362.93	-8289.17272
388234.272	6675278.21	-8298.39697
388415.591	6673962.25	-8290.05668
388718.947	6672537.76	-8142.81516
388912.136	6671106.3	-8127.57724
389028.423	6669952.64	-8161.44762
389168.296	6669181.01	-8105.00673
389197.955	6668120.96	-8228.45809
389332.402	6666804.53	-8257.06865
389482.349	6665483.97	-8263.96492
389620.625	6664044.78	-8300.13628
389834.942	6662881.64	-8197.2191
390054.957	6661824.06	-8069.86527
390165.144	6660803.36	-8075.67731
390263.778	6659829.25	-8088.30664
390414.143	6658361.16	-8103.61249
390505.833	6656935.69	-8184.93009
390614.499	6655657.93	-8221.94942
390688.592	6654485.14	-8287.62606
390952.366	6653642.55	-8062.99658
391009.108	6652477.54	-8147.17316
391237.022	6651313.13	-8009.46896
391384.957	6649906.35	-8005.46337
391581.902	6648452.64	-7941.38682
391648.836	6647314.94	-8002.1339
391741.065	6646200.62	-8025.91438
391856.599	6645428.15	-7974.50831
391929.38	6644206.5	-8033.92068
392075.296	6642828.28	-8016.27985
392209.842	6641441.07	-8012.12414
392457.082	6640106.24	-7853.37433
392555.115	6640000	-7739.037
384089.824	6709292.93	-8831.06233
384133.399	6708326.6	-8735.96939
384186.016	6707237.47	-8629.45706
384177.455	6706237.92	-8601.02951
384248.718	6704979.66	-8483.85748
384326.259	6703636.36	-8374.37124
384347.757	6702222.22	-8352.80484
384438.839	6700925.09	-8279.59292
384542.753	6699888.53	-8209.24569
384709.921	6698931.32	-8077.47937
384784.244	6697871.18	-8080.16857
384943.069	6696578.03	-8042.4947
385109.788	6695136.57	-8060.46815
385274.087	6693712.3	-8124.26743
385412.516	6692585.39	-8196.16653
385532.281	6691828.34	-8223.60791
385730.658	6690799.74	-8228.95245
386006.526	6689487.64	-8214.45528
386263.33	6688085.58	-8234.42023
386467.971	6686709.21	-8295.02151
386644.849	6685515.43	-8338.15951
386703.243	6684555.56	-8462.14713
386861.685	6683597.76	-8465.38645
387021.378	6682365.64	-8513.10041
387376.403	6680985.18	-8349.69286
387565.652	6679559.91	-8379.56273
387752.29	6678280.01	-8379.1571
387896.323	6677253.2	-8381.62855
387917.032	6676305.99	-8516.06075
388056.353	6675260.74	-8519.32475
388226.003	6673968.84	-8522.58604
388394.207	6672537.94	-8544.95232
388724.3	6671107.51	-8361.15879
388775.338	6669982.79	-8472.42618
389038.391	6669144.06	-8273.35708
389122.696	6668021.3	-8338.29361
389179.572	6666799.27	-8450.55833
389308.792	6665490.23	-8482.58069
389437.125	6664046.46	-8532.52653
389612.765	6662748.61	-8498.62618
389753.166	6661867.28	-8447.74171
389981.703	6660803	-8309.43923
390088.662	6659825.41	-8312.2261
390240.936	6658374.83	-8322.83954
390369.407	6656935.85	-8359.61086
390468.073	6655656.79	-8409.88067
390537.404	6654470.93	-8483.64455
390763.774	6653635.5	-8306.48449
390779.825	6652589.75	-8426.87025
390969.053	6651313.13	-8354.24049
391201.591	6649905.71	-8241.59186
391406.013	6648458.05	-8167.37015
391492.157	6647292.49	-8206.9468
391631.726	6646186.07	-8168.77229
391708.167	6645240.31	-8189.89012
391771.588	6644165.88	-8242.89589
391909.898	6642779.46	-8236.08615
392030.491	6641448.58	-8243.0383
392173.944	6640100.04	-8220.19863
392241.694	6640000	-8144.43415
383907.832	6709292.93	-9033.39908
383962.378	6708311.1	-8926.14862
384015.487	6707217.38	-8819.9401
384010.96	6706228.09	-8788.33034
384070.487	6704980.63	-8686.12203
384123.183	6703636.36	-8606.43173
384154.285	6702222.22	-8575.50681
384241.365	6700912.64	-8508.44494
384280.902	6699861.55	-8514.23237
384324.143	6698939.29	-8524.89131
384486.382	6697892.69	-8424.5809
384740.63	6696565.66	-8278.11317
384896.445	6695143.83	-8304.11274
385098.928	6693715.63	-8322.46945
385276.01	6692559.03	-8354.83785
385365.829	6691636.28	-8451.29723
385513.859	6690813.84	-8466.45803
385715.137	6689522.99	-8530.05111
386078.674	6688085.4	-8440.41014
386347.341	6686691.55	-8434.43152
386506.48	6685434.92	-8511.53864
386648.319	6684380.22	-8559.84173
386712.947	6683555.73	-8645.41783
386851.119	6682390.3	-8707.45528
387057.453	6681038.76	-8716.3082
387301.856	6679626.37	-8681.4705
387571.374	6678256.35	-8600.29746
387713.202	6677182.92	-8614.13233
387863.412	6676154.69	-8606.54231
387942.576	6675285.16	-8654.5421
388045.964	6673973.87	-8742.82128
388208.273	6672542.8	-8773.61435
388354.119	6671108.7	-8819.95726
388577.574	6669976.59	-8719.17121
388802.79	6668964.73	-8594.69208
388954.788	6668058.5	-8542.80076
389028.611	6666788.31	-8641.58129
389171.629	6665476.15	-8657.91575
389266.881	6664050.68	-8747.22413
389405.008	6662596.46	-8783.85141
389544.013	6661828.9	-8718.63887
389672.157	6660818.38	-8700.72688
389878.553	6659691.72	-8598.59915
390052.513	6658377.9	-8562.54731
390192.109	6656939.59	-8585.39753
390326.643	6655641.13	-8592.83403
390461.145	6654369.27	-8595.10496
390537.474	6653467.3	-8619.62355
390608.235	6652587.04	-8647.42976
390788.216	6651257.71	-8593.8938
390937.992	6649924.6	-8577.83338
391145.644	6648489.81	-8498.08505
391343.102	6647188.59	-8412.05457
391497.551	6646043.51	-8359.56783
391555.448	6645213.86	-8389.96253
391663.007	6644161.51	-8383.4093
391748.576	6642781.69	-8444.00909
391860.903	6641457.44	-8460.87262
391987.195	6640091.49	-8462.28442
392057.772	6640000	-8381.93621
383703.939	6709292.93	-9259.98529
383794.084	6708165.51	-9106.92985
383835.138	6707194.39	-9021.28939
383821.013	6706206.34	-9001.74768
383889.012	6704968.63	-8891.74781
383941.227	6703636.36	-8814.25914
383992.72	6702222.22	-8761.32179
384074.988	6700903.88	-8701.08456
384111.258	6699838.7	-8711.99122
384179.043	6698764.09	-8707.22151
384297.529	6697897.11	-8643.21115
384463.25	6696521.33	-8604.92243
384675.899	6695146.65	-8556.6406
384900.057	6693720.5	-8547.40224
385142.694	6692438.25	-8529.32691
385307.394	6691591.05	-8526.11236
385372.315	6690788.8	-8629.2434
385545.27	6689457.46	-8732.84493
385756.476	6688114.7	-8792.78776
386138.461	6686683.95	-8670.72917
386336.644	6685412.47	-8708.67697
386466.673	6684370.31	-8768.687
386620.197	6683387.92	-8785.0401
386693.583	6682370.93	-8894.34672
386876.105	6681002.27	-8936.17892
387038.176	6679631.86	-8992.96917
387280.145	6678222.15	-8953.61344
387528.954	6677155.56	-8839.93734
387724.389	6676161.82	-8773.14478
387809.302	6675126.71	-8842.50031
387894.495	6673971.97	-8928.36805
388032.407	6672551.84	-8988.53323
388168.848	6671107.94	-9048.93592
388352.929	6669832.82	-9019.89142
388498.904	6668977.37	-8970.6998
388743.551	6667935.53	-8824.97305
388854.762	6666789.37	-8858.8074
389006.53	6665482.07	-8863.95789
389147.498	6664055.43	-8897.11035
389244.86	6662593.78	-8986.5851
389321.212	6661678.68	-9022.31008
389481.292	6660793.61	-8946.3501
389632.676	6659578.76	-8927.01394
389861.38	6658379.22	-8805.40567
389998.821	6656949.31	-8830.28034
390156.579	6655624.25	-8811.9896
390333.002	6654332.85	-8763.6556
390388.163	6653437.55	-8814.58306
390465.637	6652583.3	-8830.53722
390612.34	6651239.86	-8821.7647
390752.526	6649933.88	-8814.51768
390881.527	6648491.24	-8837.05447
391084.764	6647298.84	-8729.88174
391292.6	6646181.96	-8605.4291
391326.137	6645190.93	-8687.55565
391500.151	6644202.41	-8587.74287
391603.992	6642770.85	-8631.38722
391721.679	6641444.67	-8641.97552
391853.792	6640000	-8645.12003
391880.759	6640000	-8610.14231
383492.011	6709292.93	-9495.41734
383580.255	6708159.22	-9345.26633
383626.102	6707169.18	-9254.70571
383716.28	6706183.45	-9119.30919
383681.909	6704957.88	-9126.36328
383739.143	6703636.36	-9044.898
383796.199	6702222.22	-8987.15859
383897.344	6700903.2	-8906.31266
384019.551	6699681.19	-8826.39491
384045.697	6698727.95	-8864.65386
384129.536	6697898.97	-8837.67111
384269.217	6696503.08	-8831.51756
384431.304	6695185.32	-8831.45525
384605.596	6693778.69	-8871.65491
384949.836	6692440.91	-8745.67345
385107.338	6691430.28	-8785.29231
385236.532	6690769.68	-8784.42205
385393.138	6689442.64	-8904.68854
385580.908	6688079.55	-8995.6156
385772.046	6686721.27	-9073.09874
386130.915	6685401.68	-8943.17809
386371.79	6684229.51	-8904.54704
386485.932	6683394.5	-8937.64455
386558.363	6682350.78	-9054.4672
386697.063	6680997.75	-9146.5292
386855.461	6679636.17	-9207.84303
386989.492	6678234.56	-9297.16733
387281.508	6677205.96	-9127.56121
387470.81	6676011.57	-9103.33884
387646.901	6675124.1	-9039.26869
387735.746	6673972.26	-9121.12254
387900.38	6672542.67	-9152.24795
387998.581	6671106.54	-9258.83116
388180.002	6669793.43	-9240.01343
388286.284	6668939.08	-9240.10047
388426.268	6667932.41	-9220.04515
388670.331	6666797.55	-9087.51595
388817.66	6665476.07	-9101.10169
388984.45	6664047.07	-9102.76415
389101.099	6662593.13	-9167.70171
389194.355	6661670.62	-9183.60593
389261.995	6660627.37	-9247.60833
389422.435	6659590.22	-9191.72336
389598.747	6658399.05	-9136.07493
389763.715	6656969.7	-9126.27609
389979.984	6655555.56	-9046.08442
390163.831	6654313.44	-8981.84472
390232.346	6653410.97	-9016.83029
390384.277	6652457.9	-8951.34402
390465.312	6651221	-9012.39024
390576.485	6649937.63	-9039.48022
390697.741	6648494.07	-9072.2437
390862.151	6647177.92	-9030.82997
390976.35	6646213.51	-9007.23709
391121.416	6645027.27	-8970.87268
391319.638	6644214.87	-8817.99601
391428.653	6642767.95	-8856.97342
391563.136	6641439.79	-8846.30365
391695.695	6640000	-8848.60531
391709.137	6640000	-8831.01136
383279.506	6709292.93	-9731.42291
383295.565	6708142.7	-9662.47562
383290.226	6707080.89	-9627.67526
383470.345	6706031.49	-9392.21333
383519.87	6705050.51	-9310.92309
383536.649	6703636.36	-9275.83154
383665.075	6702222.22	-9137.77699
383695.453	6700903.33	-9139.3142
383833.792	6699673.98	-9041.84773
383959.18	6698714.23	-8965.99446
383970.533	6697890.19	-9022.72133
384109.495	6696480.45	-9019.04393
384237.326	6695192.3	-9052.80945
384403.984	6693790.59	-9098.77941
384541.573	6692498	-9193.54161
384818.519	6691433	-9107.07178
385112.411	6690481.87	-8985.97938
385253.23	6689426.36	-9063.20426
385410.002	6688072.52	-9186.99865
385595.985	6686694.03	-9275.65636
385774.971	6685344.08	-9355.74206
386066.862	6684215.2	-9253.71766
386249.702	6683255.95	-9234.17999
386429.674	6682315.61	-9208.86966
386556.06	6680988.48	-9312.1056
386697.293	6679603.21	-9400.10129
386805.555	6678257.45	-9510.92913
386992.288	6676961.83	-9514.28183
387234.849	6676081.73	-9374.73309
387409.771	6675000.43	-9345.41446
387550.661	6673968.57	-9345.67899
387723.973	6672537.71	-9367.62105
387866.692	6671105.53	-9420.80763
388012.505	6669777.64	-9449.01819
388106.068	6668937.52	-9463.27375
388190.214	6668053.87	-9494.14094
388386.734	6666868.69	-9429.55899
388628.44	6665454.55	-9340.26715
388791.282	6664044.23	-9344.88779
388941.272	6662595.07	-9367.92839
389101.108	6661502.41	-9324.80852
389159.384	6660558.4	-9386.87807
389258.296	6659576.01	-9401.16534
389413.714	6658404.48	-9369.68176
389566.492	6656958	-9377.99911
389704.42	6655555.56	-9396.06489
389931.262	6654428.75	-9261.94457
390049.177	6653403.36	-9250.917
390238.34	6652432.27	-9140.70754
390325.733	6651215.29	-9191.20993
390435.756	6649930.37	-9220.35894
390526.441	6648502.91	-9290.3282
390659.647	6647030.73	-9308.89398
390726.112	6646069.24	-9346.03513
390921.5	6645006.87	-9229.60332
391038.234	6644002.16	-9205.28576
391253.813	6642828.28	-9073.80055
391366.006	6641423.38	-9101.35919
391525.271	6640000	-9067.43431
391536.871	6640000	-9052.30761
383069.91	6709292.93	-9964.14567
383082.279	6708122.81	-9899.45931
383068.137	6706923.38	-9871.19764
383174.749	6706161.77	-9728.25858
383255.897	6704945.99	-9608.75252
383332.469	6703636.36	-9508.55651
383393.469	6702222.22	-9449.48037
383440.752	6700808.08	-9435.63137
383627.754	6699671.43	-9280.32022
383722.444	6698709.97	-9240.54195
383867.147	6697744.16	-9158.41365
383964.615	6696475.91	-9186.95706
384083.973	6695123.13	-9239.03157
384218.071	6693803.64	-9307.91919
384341.62	6692505.53	-9417.27756
384640.618	6691471.5	-9297.4781
384903.407	6690339.8	-9249.69347
385087.654	6689429.19	-9245.89318
385267.193	6688062.8	-9347.28871
385427.705	6686683	-9465.80033
385516.674	6685325.62	-9649.8497
385730.671	6684275.98	-9621.81126
386034.022	6683249.39	-9481.08969
386244.095	6682334.3	-9418.21725
386388.15	6680980.7	-9507.61207
386542.765	6679596.86	-9581.77715
386716.704	6678288.04	-9610.56259
386806.591	6676969.22	-9733.78946
386929.411	6676089.89	-9737.88997
387096.44	6675084.15	-9707.73466
387365.601	6673939.39	-9573.51707
387553.124	6672533.09	-9575.60533
387707.092	6671107.35	-9615.07759
387862.294	6669767.4	-9634.97875
387973.288	6668923.14	-9629.37652
388051.872	6667886.93	-9690.7726
388209.223	6666787.1	-9662.1496
388372.815	6665480.73	-9654.5124
388644.714	6664042.88	-9528.11659
388848.095	6662599.92	-9483.85426
388940.689	6661471.47	-9530.54076
389080.449	6660580.34	-9482.79699
389110.407	6659557.59	-9590.08811
389251.275	6658408.33	-9574.43867
389376.495	6656948.77	-9619.70585
389529.351	6655622.24	-9608.90746
389644.497	6654207.58	-9655.73292
389847.846	6653382.83	-9509.48471
389995.043	6652266.79	-9472.1678
390159.61	6651232.39	-9400.41906
390274.912	6649936.54	-9424.4165
390415.64	6648507.38	-9431.25874
390500.702	6647029.91	-9512.11327
390568.057	6646076.04	-9547.29368
390723.098	6645006.82	-9483.49184
390810.758	6644136.3	-9479.86271
390986.964	6642794	-9419.78375
391167.936	6641414.14	-9356.25505
391336.261	6640000	-9309.7627
391358.7	6640000	-9280.79154
382875.064	6709292.93	-10180.4413
382859.401	6708101.37	-10146.9126
382910.848	6707070.6	-10052.3625
382968.253	6705865.54	-9953.77519
383049.035	6704945.55	-9842.91119
383126.791	6703636.36	-9742.88311
383193.829	6702222.22	-9678.44671
383240.668	6700794.56	-9666.98958
383307.93	6699661.9	-9650.4749
383493.358	6698670.21	-9508.84412
383685.12	6697692.63	-9373.8586
383784.394	6696497.43	-9392.00777
383916.916	6695102.36	-9434.44838
384071.727	6693793.44	-9476.09003
384207.12	6692455.15	-9578.62406
384361.56	6691320.18	-9641.35189
384555.505	6690370.12	-9629.43057
384910.92	6689416.5	-9444.38572
385085.132	6688062.23	-9548.85954
385288.791	6686674.7	-9622.09112
385448.44	6685315.41	-9728.52313
385549.542	6684111.75	-9859.67558
385694.68	6683314.86	-9853.90801
385825.009	6682415.09	-9881.92633
386218.372	6680950.15	-9708.80734
386376.455	6679626.01	-9769.56022
386582.714	6678257.21	-9773.48282
386657.917	6677052.23	-9895.76108
386772.039	6675906.59	-9956.71689
386872.863	6675242.98	-9948.36142
387079.35	6673951.45	-9915.94672
387373.088	6672533.59	-9793.18703
387581.449	6671108.71	-9767.62008
387702.255	6669769.31	-9830.24888
387847.84	6668885.55	-9789.21101
387915.438	6667746.76	-9880.53762
388037.991	6666766.03	-9877.14533
388182.464	6665487.98	-9889.69882
388338.149	6664047.25	-9909.34943
388572.882	6662626.26	-9823.77276
388720.89	6661490.53	-9802.92673
388863.962	6660578.27	-9754.4378
388953.432	6659541.66	-9789.40872
389115.222	6658407.59	-9745.8864
389209.912	6656938.96	-9831.53413
389351.452	6655620.4	-9834.23936
389462.228	6654229.8	-9883.62124
389637.964	6653231.21	-9796.02759
389787.652	6652265.78	-9735.60519
389978.154	6651248.79	-9628.80856
390094.22	6649933.22	-9654.65187
390246.29	6648493.61	-9648.55596
390356.442	6647029.6	-9696.06031
390489.321	6645956.53	-9662.81133
390516.308	6644976.09	-9751.59299
390639.291	6644140.47	-9698.52991
390797.579	6642781.06	-9663.62006
390941.532	6641414.14	-9645.78684
391142.188	6640005.85	-9557.52076
391173.868	6640000	-9517.42679
382703.399	6709292.93	-10371.0046
382745.901	6707984.46	-10268.6154
382795.188	6707076.17	-10182.1845
382870.474	6705992.97	-10066.7473
382864.044	6704944.78	-10052.2338
382927.916	6703636.36	-9969.36022
382990.874	6702222.22	-9910.99545
383045.488	6700790.76	-9892.00215
383080.862	6699630.42	-9914.22416
383272.96	6698648.81	-9765.30686
383360.658	6697604.98	-9758.49059
383586.933	6696513.34	-9617.66544
383723.317	6695104.79	-9656.41002
383905.95	6693782.66	-9666.81561
384075.35	6692462.61	-9725.65018
384186.225	6691346.74	-9831.65184
384315.798	6690499.94	-9867.77133
384489.843	6689452.82	-9902.60491
384904.224	6688037.78	-9754.29307
385088.707	6686671.57	-9844.78752
385310.115	6685300.15	-9886.39057
385403.866	6684092.13	-10027.7661
385514.91	6683323.56	-10055.958
385685.078	6682290.01	-10065.4272
385849.246	6681006.52	-10122.6744
386191.102	6679622.47	-9984.99501
386407.836	6678230.77	-9982.64982
386547.857	6676970.06	-10039.4282
386641.032	6675867.71	-10118.8086
386738.913	6675112.13	-10130.212
386889.213	6673955.13	-10143.3193
387067.8	6672523.02	-10163.0399
387380.074	6671109.42	-10011.8487
387581.854	6669671.62	-9992.06946
387721.33	6668715.27	-9969.88582
387818.578	6667845.22	-9984.18129
387891.757	6666745.12	-10060.5495
388007.388	6665490.81	-10106.0195
388142.871	6664051.64	-10151.2132
388299.771	6662606.86	-10166.9707
388521.091	6661482.31	-10053.566
388663.439	6660567.99	-10006.6777
388854.001	6659403.94	-9933.50347
388952.702	6658403.93	-9950.44941
389087.452	6656932.98	-9986.36349
389194.117	6655518.45	-10046.8804
389297.121	6654265.73	-10087.491
389393.132	6653052.67	-10130.0039
389478.429	6652411.99	-10107.8414
389593.601	6651273.56	-10113.2091
389916.793	6649898.99	-9884.35819
390055.566	6648489.57	-9891.50016
390190.386	6647030.91	-9907.09073
390352.618	6645913.2	-9842.39385
390454.839	6644783.93	-9853.98032
390487.202	6644141.48	-9892.46086
390619.017	6642757.96	-9894.50098
390758.7	6641450.36	-9874.9927
390878.292	6640007.55	-9894.73391
390866.657	6640010.84	-9909.0112
382498.652	6709292.93	-10598.2912
382555.875	6707983.85	-10480.6636
382653.995	6707021.52	-10338.6657
382700.648	6705973.62	-10257.5271
382696.341	6704937.09	-10241.8989
382760.958	6703636.36	-10159.4647
382803.414	6702222.22	-10125.5799
382873.638	6700786.98	-10090.0224
382947.591	6699509.4	-10074.5741
383005.762	6698475.96	-10087.7801
383059.624	6697581.81	-10108.7131
383243.601	6696461.98	-10020.7526
383457.268	6695151.52	-9954.10074
383707.475	6693768.19	-9895.52551
383916.763	6692397.26	-9917.13283
384080.21	6691351.66	-9949.13313
384168.394	6690336.41	-10067.0771
384290.821	6689431.59	-10127.7257
384534.293	6688065.34	-10157.4008
384872.107	6686650.73	-10089.2782
385145.288	6685291.32	-10071.977
385266.549	6684063.63	-10187.6293
385375.903	6683299.42	-10217.771
385503.607	6682291.62	-10271.4856
385646.79	6681005.03	-10354.8153
385870.904	6679594.07	-10360.0709
386210.717	6678216.5	-10214.926
386369.953	6676934.81	-10254.1541
386515.784	6675849.01	-10269.7357
386602.359	6674915.85	-10325.2887
386721.22	6673958.3	-10343.5527
386871.26	6672521.52	-10399.5229
387048.575	6671095.59	-10414.9974
387298.175	6669696.97	-10332.8551
387448.769	6668585.87	-10322.1709
387599.779	6667706.23	-10272.8618
387742.35	6666743.53	-10244.201
387864.781	6665489.96	-10282.028
387964.743	6664063.37	-10370.2145
388117.536	6662602.5	-10394.0821
388205.274	6661451	-10451.4246
388422.261	6660406.6	-10330.724
388594.775	6659371.94	-10262.3546
388772.261	6658400.2	-10177.027
388913.483	6656945.94	-10202.9063
389045.149	6655513.98	-10234.8593
389165.046	6654266.28	-10253.9944
389249.155	6653026.65	-10315.4115
389312.728	6652414.45	-10316.9842
389467.331	6651148.86	-10289.577
389649.419	6649898.99	-10223.2734
389854.586	6648487.17	-10146.9088
390018.559	6647070.71	-10120.1269
390188.604	6645879.56	-10055.1237
390271.108	6644767.67	-10089.6575
390396.541	6644000.01	-10025.4949
390473.809	6642716.7	-10084.6977
390579.593	6641453.91	-10103.0671
390693.172	6640011.04	-10130.6396
390701.09	6640011.88	-10120.2609
382287.959	6709292.93	-10832.1557
382344.772	6707983.09	-10716.189
382527.832	6706857.16	-10474.88
382437.59	6705950.9	-10553.6961
382534.37	6704802.39	-10424.6138
382569.052	6703636.36	-10377.9842
382605.995	6702222.22	-10351.8461
382731.857	6700787.27	-10253.221
382788.37	6699501.96	-10258.8118
382836.307	6698453.2	-10285.3132
382910.266	6697418.23	-10298.6651
383082.14	6696357.2	-10221.0704
383245.652	6695151.89	-10197.0004
383445.677	6693737.37	-10199.2401
383722.018	6692372.02	-10141.8858
383928.659	6691271.88	-10135.5326
384067.491	6690311.35	-10184.8455
384166.317	6689279.19	-10298.9768
384328.171	6688056.92	-10387.0772
384567.819	6686666.89	-10422.7702
384966.195	6685230.1	-10283.9928
385175.547	6683921.75	-10318.4069
385292.806	6683090.33	-10352.9061
385351.597	6682289.15	-10444.2466
385462.242	6681002.3	-10566.1136
385676.394	6679593.33	-10584.2696
385853.152	6678178.26	-10636.9761
386226.754	6676807.95	-10443.6776
386371.5	6675710.71	-10462.7288
386462.735	6674893.19	-10493.9656
386575.962	6673958.18	-10516.3662
386695.186	6672517.76	-10611.2706
386858.014	6671089.91	-10645.5868
387019.723	6669780.25	-10657.1805
387132.063	6668665.13	-10694.7672
387394.887	6667690.84	-10525.0813
387623.93	6666638.03	-10405.2959
387700.075	6665489.43	-10484.4076
387848.151	6664060.26	-10514.4946
387955.621	6662599.44	-10595.2644
388085.126	6661332.55	-10617.587
388220.406	6660399.2	-10583.2743
388361.72	6659496.44	-10535.4895
388448.832	6658283.55	-10597.6456
388725.957	6656952.99	-10436.8337
388865.922	6655516.57	-10459.441
389018.36	6654225.86	-10443.9015
389128.844	6653005.48	-10469.8306
389200.534	6652247.99	-10480.8505
389294.935	6651118.21	-10511.4985
389474.376	6649837.22	-10452.8808
389632.081	6648488.37	-10428.8233
389743.45	6647070.71	-10468.9025
389965.79	6645906.8	-10334.4847
390104.18	6644775.24	-10300.5758
390251.741	6643975.3	-10212.5625
390344.299	6642726.59	-10248.2157
390436.05	6641447.65	-10286.686
390520.921	6640022.64	-10348.8859
390545.165	6640012.6	-10318.8974
382079.712	6709292.93	-11063.2903
382030.182	6707978.74	-11067.082
382121.912	6706894.01	-10931.1728
382202.996	6705776.27	-10814.3344
382323.36	6704782.68	-10663.4627
382363.361	6703636.36	-10612.1228
382407.478	6702222.22	-10579.2076
382551.737	6700792.6	-10460.2793
382622.504	6699492.6	-10450.8197
382719.086	6698430.32	-10422.6013
382795.455	6697355.39	-10437.9416
382943.333	6696459.95	-10367.0972
383041.999	6695152.11	-10430.7514
383235.753	6693729.12	-10440.1161
383514.379	6692358.7	-10379.043
383781.75	6691119.74	-10331.747
383922.248	6690294.23	-10350.4864
384050.91	6689246.35	-10434.0919
384146.407	6688032.03	-10593.3916
384359.63	6686667.07	-10653.067
384581.035	6685267.42	-10704.2568
384933.421	6683945.34	-10583.9653
385163.74	6682905.79	-10534.2006
385280.125	6682143.2	-10553.265
385319.17	6681000.01	-10729.4129
385484.299	6679591.45	-10805.3495
385659.582	6678177.11	-10861.2857
385825.169	6676758.83	-10920.7766
386143.096	6675852.67	-10706.405
386287.428	6674879.23	-10702.6908
386411.649	6673955.55	-10711.3791
386574.438	6672517.67	-10755.3401
386685.743	6671084.68	-10853.5487
386838.193	6669659.89	-10895.4978
386939.177	6668664.57	-10928.7092
387062.698	6667653.63	-10934.8938
387409.221	6666514.29	-10686.2937
387517.17	6665485.47	-10709.0766
387674.414	6664051.75	-10729.2888
387817.256	6662598.89	-10766.2042
387931.673	6661324.85	-10808.9296
388001.966	6660277.82	-10872.1476
388094.655	6659366.67	-10886.3731
388218.5	6658410.09	-10867.0276
388397.293	6656960.77	-10846.52
388684.501	6655555.56	-10681.3274
388840.455	6654200.72	-10670.5104
389017.196	6652878.96	-10626.9743
389088.05	6652046.38	-10649.1397
389179.145	6650915.16	-10684.5876
389299.725	6649829.25	-10674.5557
389424.424	6648502.5	-10689.4425
389559.065	6647051.87	-10704.7448
389669.865	6645897.19	-10710.5582
389883.546	6644893.23	-10565.6577
390015.225	6643789.53	-10535.5079
390176.984	6642760.18	-10456.5538
390275.03	6641455.35	-10490.2603
390410.858	6640024.72	-10488.6958
390394.608	6640012.81	-10510.4013
381874.148	6709292.93	-11291.4434
381913.389	6707969.7	-11196.9738
381877.162	6706740.8	-11201.2564
381975.877	6705755.5	-11069.8472
382041.686	6704771.95	-10981.8972
382154.698	6703636.36	-10849.5749
382206.691	6702222.22	-10809.0826
382351.514	6700797.38	-10690.4306
382401.811	6699497.07	-10705.2393
382562.034	6698279.64	-10616.2863
382708.959	6697374.35	-10535.8973
382727.186	6696342.42	-10632.1315
382870.029	6695152.49	-10628.1175
383023.933	6693722.35	-10682.8593
383223.613	6692307.34	-10717.6011
383522.138	6691232.33	-10599.6799
383747.121	6690132.55	-10580.8039
383872.855	6689297.57	-10620.437
384025.648	6688015.35	-10730.5051
384169.761	6686667.49	-10862.9721
384374.175	6685273.91	-10932.4536
384527.388	6683991.23	-11027.6166
384764.495	6683076.37	-10947.6782
385075.048	6682115.01	-10789.8833
385241.807	6681002.8	-10816.4569
385341.063	6679585.62	-10970.7022
385476.949	6678174.79	-11072.6319
385633.504	6676756.67	-11144.0481
385922.401	6675809.31	-10972.0755
386000.435	6674705.22	-11069.4318
386277.887	6673835.96	-10889.3905
386399.083	6672521.1	-10962.9697
386557.446	6671082.2	-11007.4445
386705.363	6669733.18	-11044.2136
386772.769	6668662.32	-11130.3698
386868.264	6667635.58	-11173.5672
387097.466	6666591.66	-11054.5561
387245.525	6665454.55	-11045.5008
387484.718	6664047.85	-10962.5576
387644.448	6662603.98	-10978.1443
387780.882	6661311.48	-10997.1532
387897.857	6660298.77	-10998.2296
387971.157	6659194.06	-11064.3457
388044.445	6658414.34	-11082.9257
388201.574	6656956.62	-11091.129
388434.975	6655555.56	-10993.3834
388649.687	6654185.67	-10911.4165
388844.409	6652878.2	-10843.8307
388925.463	6652020.75	-10856.6822
389036.237	6651101.62	-10839.4211
389154.892	6649821.39	-10858.1078
389242.372	6648512.31	-10917.9497
389376.871	6647047.12	-10935.6256
389505.645	6645759	-10935.5282
389660.5	6644775.11	-10862.6728
389813.544	6643773.23	-10793.025
389993.992	6642777.85	-10686.3891
390111.175	6641414.14	-10702.9991
390240.26	6640010.13	-10706.9207
390242.085	6640012.48	-10704.1061
381717.177	6709292.93	-11465.6237
381706.08	6707958.1	-11427.84
381773.102	6706717.44	-11317.1178
381773.928	6705732.21	-11296.9368
381831.947	6704765.9	-11219.2983
381893.002	6703540.23	-11148.7953
382002.45	6702222.22	-11042.8511
382077.752	6700808.08	-11004.7592
382246.178	6699393.94	-10890.5748
382356.556	6698276.46	-10853.9405
382477.512	6697369.05	-10803.9059
382577.974	6696441.92	-10790.914
382736.655	6695152.36	-10781.4504
382843.059	6693713.18	-10890.7769
383026.808	6692303.2	-10940.9377
383137.229	6691012.71	-11076.0428
383407.984	6690172.63	-10949.8935
383645.673	6689161.52	-10902.1956
383839.116	6688050.91	-10929.0438
384047.703	6686667.66	-10997.8555
384181.737	6685294.31	-11141.5106
384379.372	6683890.11	-11213.2828
384619.683	6682957.41	-11133.3823
384744.443	6681953.6	-11192.5533
385058.813	6681004.88	-11023.0942
385223.263	6679591.67	-11103.4798
385337.601	6678172.1	-11233.7572
385458.092	6676753.78	-11347.9852
385568.707	6675621.15	-11417.5399
385760.073	6674819.75	-11331.4129
385943.331	6673661.37	-11312.4598
386204.021	6672522.35	-11193.7933
386375.017	6671092.36	-11223.214
386524.45	6669658.45	-11272.87
386684.763	6668535.4	-11256.135
386727.182	6667471.65	-11369.4588
386872.468	6666608.23	-11325.3831
386966.923	6665480.81	-11381.1063
387169.49	6664040.11	-11349.3208
387453.502	6662610.17	-11211.7222
387607.81	6661297.23	-11212.3968
387766.125	6660213.1	-11173.0753
387846.966	6659159.07	-11223.0848
387945.602	6658314.54	-11219.7721
388016.495	6656946.67	-11322.8137
388217.692	6655537.78	-11267.0487
388292.121	6654200.43	-11356.2649
388525.225	6653119.08	-11211.1347
388733.805	6652012.52	-11098.0032
388858.738	6651117.36	-11060.0206
388998.05	6649814.11	-11056.1822
389109.939	6648514.19	-11084.3495
389216.313	6647044.58	-11138.5574
389337.151	6645761.46	-11148.0198
389407.898	6644616.73	-11201.6999
389519.357	6643763.82	-11166.2834
389604.98	6642805.47	-11175.3832
389920.854	6641414.14	-10944.142
390050.566	6640005.62	-10947.9341
390213.96	6640011.75	-10739.851
381525.152	6709273.52	-11678.0398
381566.736	6708019.45	-11585.5473
381590.457	6706698.26	-11521.5205
381597.319	6705708.15	-11495.5631
381670.138	6704619.45	-11402.3381
381707.076	6703540.85	-11360.3016
381795.258	6702222.22	-11279.9246
381871.559	6700808.08	-11241.8433
381958.04	6699361.09	-11225.6705
382031.259	6698358.3	-11222.9184
382261.768	6697358.85	-11054.1989
382451.239	6696300.64	-10956.0686
382559.407	6695152.08	-10985.3426
382716.249	6693708.61	-11036.5554
382856.407	6692299.85	-11134.3487
382969.556	6691010.75	-11264.3525
383102.986	6690157.69	-11293.6318
383399.878	6689051.16	-11198.9747
383729.225	6688060.55	-11048.472
383856.774	6686667.11	-11208.7995
384058.423	6685302.65	-11276.3362
384189.153	6683939.53	-11414.752
384343.774	6682797.57	-11474.0098
384521.877	6681847.5	-11463.378
384860.576	6681006.04	-11246.6683
385033.887	6679593.12	-11318.488
385199.156	6678176.7	-11391.2822
385384.656	6676752.07	-11433.3012
385480.308	6675469.31	-11546.757
385578.209	6674825.98	-11543.1365
385692.221	6673775.94	-11588.2509
386090.54	6672522.96	-11327.8073
386207.858	6671101.6	-11420.5371
386422.703	6669660.66	-11394.1037
386536.596	6668505.95	-11438.8293
386647.302	6667477.26	-11465.3645
386709.681	6666577.01	-11527.3159
386871.753	6665485.67	-11496.1165
387027.231	6664039.97	-11522.9927
387318.407	6662614.78	-11376.6789
387470.614	6661313.82	-11378.6161
387589.735	6660183.64	-11394.5322
387712.275	6659147.9	-11390.8469
387795.674	6658303.74	-11406.9038
387923.684	6656895.64	-11445.3933
388050.881	6655535.97	-11475.0561
388189.867	6654210.67	-11482.4387
388301.786	6653003.51	-11505.7648
388529.522	6651991.82	-11356.4388
388645.865	6650977.94	-11345.0042
388823.929	6649818.88	-11274.0043
388941.595	6648511.41	-11296.1008
389079.46	6647043.54	-11310.8418
389186.454	6645752.19	-11339.1482
389252.356	6644618.59	-11397.7921
389335.585	6643758.4	-11398.9525
389479.402	6642686.46	-11348.5937
389651.741	6641414.14	-11284.5742
389851.555	6640002.91	-11200.248
389916.919	6640000	-11117.3738
381369.853	6709222.81	-11848.7882
381449.579	6708110.18	-11719.6217
381456.147	6706809.29	-11675.1192
381427.56	6705687.44	-11686.6655
381502.442	6704600.75	-11592.26
381571.609	6703440.23	-11516.1015
381632.09	6702169.61	-11468.4197
381708.12	6700808.08	-11429.6145
381766.036	6699357.35	-11447.4049
381833.425	6698354.22	-11451.5598
382021.564	6697266.29	-11341.4559
382128.551	6696260.75	-11333.5592
382363.004	6695151.93	-11211.2355
382530.028	6693720.19	-11247.3437
382710.264	6692299.65	-11299.9533
382825.157	6690996.36	-11429.1884
382942.719	6689979.93	-11509.4926
383102.61	6689200.47	-11496.7576
383426.379	6688085.06	-11378.2078
383711.191	6686666.97	-11369.5565
383942.003	6685272.77	-11411.347
384089.835	6684030.96	-11506.2102
384175.08	6682799.25	-11662.1166
384292.691	6681969.56	-11696.1356
384625.136	6680655.35	-11579.266
384888.653	6679520.23	-11496.9282
385052.398	6678178.45	-11558.5373
385257.533	6676830.13	-11565.8216
385368.883	6675576.52	-11657.4897
385443.57	6674662.34	-11728.555
385545.795	6673648.35	-11781.5053
385879.016	6672257.19	-11621.3237
386032.206	6671104.31	-11628.4347
386262.541	6669737.22	-11573.1129
386415.222	6668599.58	-11569.742
386493.263	6667425.48	-11658.2439
386616.188	6666409.25	-11666.0633
386761.404	6665395.63	-11643.7878
386863.421	6663988.91	-11730.2604
387104.239	6662722.84	-11623.0756
387322.147	6661413.16	-11546.5848
387405.215	6660304.47	-11604.0182
387531.08	6659144.92	-11614.4629
387665.92	6658164.94	-11586.6906
387839.914	6656877.56	-11551.5169
387920.464	6655533.85	-11637.4163
388045.104	6654278.09	-11653.7294
388128.836	6653104.82	-11707.8991
388324.966	6651971.04	-11614.7843
388466.772	6650865.78	-11583.9599
388665.498	6649694.07	-11488.8523
388830.562	6648506.76	-11435.9222
388969.763	6647049.36	-11447.8154
389072.63	6645834.3	-11472.082
389157.469	6644621.77	-11516.931
389259.331	6643585.77	-11516.3525
389308.337	6642676.58	-11565.7048
389476.718	6641350.41	-11513.3309
389639.917	6640004.07	-11467.8447
389878.643	6640000	-11165.799
381433.272	6709033.19	-11771.4625
381406.172	6708144.63	-11769.3679
381419.126	6706829.67	-11717.2646
381403.643	6705674.47	-11713.4832
381404.949	6704429.48	-11702.7279
381439.519	6703307.68	-11668.8881
381510.958	6702096.27	-11609.7417
381559.056	6700837.76	-11599.8478
381627.159	6699425.89	-11603.5328
381660.096	6698346.46	-11652.1889
381815.599	6697254.26	-11580.348
381824.034	6696254.88	-11685.3982
382176.443	6694957.47	-11456.4832
382392.188	6693725.9	-11403.935
382597.844	6692305.34	-11426.3358
382773.141	6690985.06	-11489.8426
382824.385	6689943.41	-11649.0476
382914.73	6689204.33	-11704.6677
383224.601	6687886.91	-11644.0894
383561.104	6686602.44	-11549.022
383772.338	6685226.64	-11608.5364
383977.95	6684061.65	-11623.8411
384073.212	6682887.67	-11757.6643
384203.781	6681789.58	-11831.2424
384491.035	6680684.37	-11724.3279
384793.702	6679506.94	-11607.0459
384913.115	6678231.2	-11707.6936
385119.77	6676928.43	-11706.446
385266.352	6675701.97	-11754.1079
385363.241	6674778.21	-11802.1757
385489.943	6673631.97	-11849.6561
385827.215	6672224.14	-11687.7317
385913.206	6671054.05	-11777.3016
386111.893	6669818.78	-11739.4761
386332.94	6668611.2	-11666.1327
386458.596	6667426.25	-11699.7105
386555.348	6666247.04	-11764.1705
386671.102	6665273.93	-11771.6892
386743.533	6663995.17	-11875.2758
386908.225	6662763.59	-11856.4127
387189.976	6661522.96	-11692.6879
387343.596	6660365.55	-11671.093
387499.95	6659136.13	-11654.031
387626.186	6657979.6	-11661.6387
387739.488	6656782.22	-11688.9574
387821.893	6655465.99	-11768.6112
387931.609	6654328.32	-11788.0387
388031.809	6653086.03	-11831.2672
388231.749	6651992.33	-11728.2046
388427.005	6650718.18	-11653.0699
388552.736	6649565.29	-11646.7625
388694.579	6648435.17	-11615.5642
388819.794	6647111.61	-11628.0833
388991.35	6645833.29	-11574.2428
389060.903	6644581.98	-11643.065
389107.789	6643555.89	-11710.7368
389211.023	6642567.25	-11701.7133
389344.518	6641266.88	-11690.1997
389465.199	6640043.11	-11683.706
389717.339	6640042.22	-11364.795
381464.907	6708923.82	-11732.3849
381437.464	6708240.71	-11737.8851
381413.085	6706872.33	-11725.1746
381389.149	6705676	-11729.8754
381387.298	6704397.72	-11722.7504
381405.314	6703255.93	-11708.7381
381398.795	6701981.99	-11742.3861
381434.536	6700908.73	-11740.5054
381560.366	6699425	-11680.6729
381606.602	6698335.45	-11714.7966
381642.094	6697225.13	-11783.6181
381729.548	6696254.77	-11794.1651
382044.542	6694841.1	-11626.3249
382223.545	6693672.54	-11606.2142
382427.461	6692371.11	-11607.7491
382651.528	6691083.42	-11607.2277
382741.342	6689916.64	-11747.904
382852.341	6689025.18	-11812.4048
383153.536	6687775	-11746.9033
383446.037	6686509.85	-11695.7953
383537.285	6685338.99	-11844.466
383892.464	6684079.37	-11714.7335
384050.565	6682899.71	-11780.3127
384181.119	6681761.42	-11862.2081
384466.792	6680665.65	-11755.1134
384733.651	6679293.02	-11714.7701
384879.911	6678179.15	-11754.8278
385100.56	6676977.04	-11719.6493
385250.838	6675736.17	-11765.9862
385339.044	6674585.97	-11863.1688
385494.645	6673611.11	-11847.6303
385758.735	6672248.26	-11764.0948
385886.022	6671097.43	-11802.0349
386140.557	6669885.69	-11694.4636
386319.603	6668653.94	-11675.3209
386442.326	6667440.11	-11717.0796
386548.083	6666226.78	-11775.9871
386630.085	6665093.32	-11848.5711
386753.828	6663894.76	-11877.6181
386904.144	6663026.42	-11822.5416
387183.535	6661585.45	-11691.4496
387329.534	6660392	-11684.557
387485.77	6659128.6	-11672.5495
387615.721	6657936.9	-11680.512
387730.802	6656730.67	-11706.7992
387819.89	6655338.27	-11788.6543
387918.447	6654389.41	-11795.9824
388015.386	6653114.58	-11847.8732
388212.031	6652012.64	-11750.0955
388411.026	6650693.5	-11676.2709
388532.265	6649519.37	-11678.3099
388627.551	6648313.87	-11715.0614
388682.706	6647175.74	-11791.7192
388865.597	6645969.48	-11714.9677
388997.861	6644717.54	-11705.4731
389092.54	6643538.96	-11731.9704
389158.987	6642420.41	-11784.9901
389258.719	6641165.31	-11810.5264
389326.495	6640119.04	-11849.5801
389692.154	6640045.95	-11396.1808
381474.369	6708861.77	-11719.6403
381385.608	6708164.9	-11794.5036
381421.684	6706917.13	-11716.6862
381387.635	6705690.65	-11731.7942
381382.276	6704370.32	-11728.4547
381383.097	6703074.38	-11736.9743
381401.676	6701896.72	-11742.2155
381378.516	6700737.13	-11814.3311
381469.61	6699520.8	-11779.8364
381525.766	6698452.66	-11798.5083
381596.453	6697038.12	-11856.923
381688.748	6696144.78	-11855.7951
382003.764	6694805.73	-11678.7268
382110.612	6693593.01	-11749.5568
382252.451	6692429.74	-11795.8534
382555.036	6691130.17	-11707.0636
382722.54	6689938.48	-11764.3914
382844.105	6688993.58	-11828.3358
383133.94	6687752.06	-11773.5464
383391.961	6686541.7	-11748.5599
383638.636	6685468.75	-11704.8459
383885.206	6684136.22	-11710.8675
384039.076	6682932.52	-11786.3861
384152.316	6681939.67	-11859.1133
384467.513	6680636.84	-11759.7364
384690.991	6679318.87	-11757.5043
384938.328	6678179.28	-11687.8361
385111.206	6677037.69	-11696.3716
385246.13	6675774.95	-11764.5715
385337.506	6674572.08	-11867.3205
385512.026	6673477.84	-11849.4643
385773.474	6672205.27	-11753.649
385907.96	6671095.34	-11776.1159
386119.979	6669859.85	-11722.9475
386286.74	6668829.9	-11687.1372
386438.26	6667455.65	-11719.5469
386548.257	6666210.14	-11778.3113
386634.363	6665028.81	-11853.0794
386787.895	6663823.98	-11846.5911
386914.827	6662910.26	-11826.3051
387141.99	6661534.04	-11749.7678
387329.496	6660427.65	-11679.4732
387485.179	6659124.51	-11673.8542
387619.636	6657765.2	-11699.7115
387733.818	6656547.35	-11728.5276
387825.89	6655470.99	-11762.8111
387890.546	6654372.02	-11832.9629
388003.09	6653292.89	-11839.206
388204.775	6652036.39	-11755.9728
388411.774	6650665.55	-11679.0064
388546.261	6649456.62	-11668.9394
388616.505	6648337.74	-11725.6795
388764.95	6647279.8	-11675.2647
388869.807	6646044.06	-11700.2579
388985.556	6644749.38	-11716.9525
389068.142	6643500.39	-11767.388
389154.135	6642361.97	-11798.1412
389263.403	6641081.32	-11814.6099
389321.288	6640308.32	-11833.6452
389675.94	6640049.4	-11416.2566
