377887.321	6709251.79	193.734376
378144.489	6708993.02	447.786225
378455.071	6708330.41	607.987866
378881.142	6707098.56	696.088365
379079.848	6706327.27	656.264306
379432.468	6704985.82	606.259782
379837.036	6703692.84	661.375742
380192.101	6702549.04	711.955686
380395.336	6701755.76	690.705224
380687.483	6700305.79	540.460224
381110.505	6698854.23	620.226708
381442.858	6697667.08	684.378535
381610.628	6696714.43	583.141642
381833.561	6695606.11	536.167902
382096.631	6694387.34	534.655142
382364.167	6693120.74	537.715636
382707.473	6691894.9	700.91148
382875.109	6690937.89	649.93228
383094.641	6689549.9	553.216067
383283.908	6688352.88	500.365085
383500.767	6687121.37	509.163307
383697.36	6685979.17	526.485715
384058.965	6684780.8	816.497346
384103.991	6683790.67	647.789339
384347.973	6682452.76	735.505291
384401.902	6681107.48	535.12505
384546.297	6679983.75	533.054736
384699.436	6678794.46	536.599473
384856.781	6677523.47	536.955862
385070.888	6676219.43	619.288331
385284.089	6675087.55	733.227665
385387.429	6673907.69	680.444354
385468.643	6672684.19	592.395696
385575.217	6671495.64	549.81759
385702.955	6670287.37	536.399784
385849.466	6669038.98	544.613988
386004.303	6667727.92	555.808091
386181.047	6666600.63	627.02552
386382.448	6665221.61	693.156863
386509.202	6664249.09	718.859024
386641.044	6663055.3	718.03471
386717.006	6661883.34	644.089455
386811.606	6660634.02	585.210273
386930.056	6659329.2	551.425143
387077.309	6658210.51	585.008385
387253.079	6656972.2	638.861161
387355.908	6655865.62	613.174772
387501.341	6654516.94	609.064414
387656.767	6653220.93	626.000123
387829.464	6652054.81	684.914649
387945.605	6650791.77	653.300565
388047.441	6649598.24	612.925142
388152.153	6648687.1	618.177427
388280.716	6647278.06	581.36688
388437.775	6646036.81	606.494959
388505.858	6644930.13	533.027172
388658.609	6643558.14	532.084455
388922.24	6642265.8	688.688573
389091.647	6641057.04	732.336647
389096.509	6640445.99	647.719302
377886.857	6709252.23	193.261445
378140.092	6709019.17	452.540757
378452.369	6708344.18	609.932444
378879.139	6707119.23	701.987723
379075.929	6706344.4	657.706939
379361.952	6705142.6	568.040468
379755.315	6703801.39	583.242698
380205.157	6702532.11	724.780947
380407.108	6701573.17	630.895588
380677.426	6700348.43	542.126438
381021.241	6699085.51	568.348756
381440.752	6697901.31	774.726395
381618.206	6696686.64	584.997999
381828.904	6695567.99	512.768609
382087.237	6694376.18	513.497398
382347.47	6693140.95	515.121206
382619.859	6692023.47	590.235791
382816.126	6690891.87	526.529438
383040.379	6689544.38	454.36436
383253.458	6688322.33	437.321098
383481.093	6687089.65	466.46433
383678.765	6685974.88	494.173648
383927.069	6684803.89	605.14118
384041.366	6683745.33	535.50803
384206.55	6682404.7	499.557124
384342.072	6681090.59	437.669473
384506.122	6679837.92	443.33474
384682.817	6678647.44	484.634219
384839.131	6677522.01	510.257247
385045.861	6676257.83	589.026928
385217.262	6675177.41	651.051289
385352.425	6673943.5	635.428129
385439.898	6672562.38	530.642923
385569.307	6671447.38	533.368703
385693.385	6670261.64	518.601122
385840.54	6669046.94	533.236746
385998.199	6667779.6	555.347558
386156.144	6666593.99	591.159292
386379.254	6665269.85	696.304965
386542.001	6664173.6	752.592082
386643.604	6662982.54	710.40933
386716.728	6661862.9	640.594128
386807.635	6660646.81	581.687064
386910.025	6659414.98	537.039157
387051.235	6658173.05	543.755349
387265.559	6656969.44	655.413135
387369.196	6655825.89	625.256837
387438.692	6654708.78	553.105301
387660.768	6653207.79	629.425282
387831.555	6652075.52	690.800151
387944.521	6650826.24	656.957987
388049.579	6649625.85	619.90761
388135.47	6648544.66	574.986013
388216.321	6647390.72	512.360107
388441.117	6646030.09	609.957947
388512.729	6644918.46	540.418519
388663.346	6643566.73	539.637139
388880.236	6642155.65	616.745681
389093.037	6641070.87	736.247076
389103.193	6640410.01	651.166972
377884.628	6709252.57	190.252341
378061.179	6709137.28	390.63689
378446.776	6708363.05	609.892229
378874.921	6707153.6	710.50969
379072.048	6706367.54	661.729026
379337.65	6705206.59	558.529546
379774.652	6703769.39	598.46972
380231.741	6702484.83	745.235166
380394.003	6701576.49	611.427383
380601.28	6700525.03	494.851254
380984.237	6699129.13	525.454805
381305.598	6697930.66	558.231
381561.121	6696616.83	457.174731
381757.834	6695226.18	250.567581
382081.644	6694226.11	445.491381
382239.739	6693278.14	371.923039
382493.033	6692157.48	410.667912
382761.767	6690875.18	422.625594
382950.484	6689540.94	292.848621
383134.846	6688142.37	173.585577
383400.622	6686936.85	285.916089
383589.046	6685959.02	341.744597
383781.811	6684929.2	398.38471
383938.748	6683816.26	387.225771
384088.478	6682439.21	319.642293
384229.757	6681039.14	252.782132
384366.814	6679626.28	189.491868
384601.36	6678613.08	354.366839
384812.919	6677510.8	469.006497
384887.897	6676387.9	379.447782
385056.791	6675253.1	429.83145
385261.41	6673903.66	496.423113
385381.558	6672546.99	443.6086
385489.079	6671315.91	397.207806
385663.732	6670241.64	473.164293
385818.059	6669041.33	500.510516
385940.995	6667903.54	494.225401
386108.132	6666618.16	527.667125
386261.932	6665350.91	545.838061
386499.058	6664101.49	682.237264
386600.734	6662804.37	624.127896
386709.661	6661834.68	626.557857
386792.145	6660656.14	561.803012
386897.847	6659452.51	526.018009
387070.442	6658235.53	579.319649
387288.372	6656931	681.015367
387342.787	6655826.89	589.92864
387446.986	6654539.65	539.445666
387659.243	6653189.57	624.665529
387830.856	6652097.86	693.179162
387940.859	6650873.97	659.117501
388014.063	6649779.76	595.365229
388156.603	6648535.4	601.882451
388240.45	6647334.37	536.174253
388377.278	6646104.59	536.340406
388518.993	6644898.83	545.818825
388666.561	6643579.23	545.755745
388878.475	6642203.89	621.616094
389061.434	6641002.64	684.390644
389115.262	6640349.91	658.120962
377879.956	6709252.72	183.723744
377964.203	6709261.13	306.07638
378336.962	6708564.11	538.329884
378865.903	6707198.83	716.718985
379016.324	6706460.65	619.516658
379396.359	6705094.16	597.997321
379747.365	6703751.05	548.956352
380194.227	6702392.8	647.819999
380306.726	6701675.66	515.704367
380466.567	6700605.39	311.26844
380788.657	6699305.29	278.849564
381186.646	6697931.48	358.785253
381511.591	6696590.23	360.341856
381639.924	6695264.69	56.3924807
381913.467	6694281.83	165.178672
382168.935	6693262.79	238.249793
382403.039	6692168.96	252.389994
382644.405	6690869.12	209.170994
382829.257	6689506.84	65.7760092
383005.487	6688139.78	-51.0001795
383204.587	6686817.35	-78.7851312
383432.185	6685937.54	75.5523966
383622.967	6684922.48	137.918109
383854.622	6683824.36	254.588
384001.066	6682436.43	182.716012
384130.428	6681057.45	102.547904
384280.521	6679642.93	61.5432792
384378.774	6678345.95	-27.3848921
384639.642	6677488	206.934986
384764.651	6676498.71	217.685156
384952.792	6675253.14	278.340228
385139.487	6673915.87	322.482092
385285.406	6672493.14	297.003527
385396.672	6671209.8	248.722532
385529.791	6669979.73	241.31889
385626.499	6669064.45	233.750861
385810.731	6668027.86	330.954889
385913.958	6666782.78	282.792984
386143.584	6665350.53	381.431921
386357.646	6664044.64	478.270503
386510.565	6662691.06	482.791254
386653.329	6661658.58	522.540941
386716.571	6660654.52	457.894537
386826.254	6659462.18	429.623366
386951.595	6658333.98	432.271938
387124.457	6656973.6	464.845677
387310.153	6655776.74	538.237585
387430.304	6654490.74	509.677095
387643.71	6653172.44	601.237192
387820.902	6652093.54	679.157784
387897.911	6650994.07	619.376408
388019.495	6649805.16	606.414039
388328.751	6648481.09	824.163744
388277.692	6647255.21	574.084505
388386.122	6646044.59	539.198937
388518.728	6644871.52	541.409361
388663.097	6643591.55	542.992313
388872.094	6642271.54	623.268445
389080.278	6641094.94	723.079756
389145.393	6640244.17	682.110378
377872.393	6709252.62	173.018646
377962.556	6709262.8	304.331231
378322.565	6708570.36	520.384238
378757.588	6707357.27	627.893556
378985.378	6706441.11	565.512119
379291.439	6705046.05	420.530889
379562.435	6703713.61	255.172181
380119.561	6702253.6	473.5846
380265.706	6701383.7	325.10035
380359.318	6700702.49	181.909468
380648.872	6699407.14	94.5421338
381037.002	6697967.38	123.890771
381388.821	6696582.63	146.251581
381551.295	6695267.84	-99.0789854
381741.715	6694143.47	-196.324487
382024.913	6693244.15	-28.7179244
382218.552	6692098.32	-106.804157
382515.109	6690865.63	-24.7636163
382708.47	6689485.03	-154.529844
382887.968	6688135.93	-254.525522
383045.814	6686807.86	-348.180193
383203.173	6685821.71	-330.129635
383442.731	6684816.41	-179.054606
383702.208	6683827.89	12.971615
383851.685	6682432.73	-50.0016803
384009.902	6681036.4	-85.3651966
384127.063	6679736.72	-153.171888
384228.983	6678337.47	-251.452346
384465.203	6677465.1	-55.0606869
384588.451	6676484.18	-42.9639289
384814.607	6675342.62	93.2027885
384966.813	6673922.85	75.5330542
385124.883	6672496.55	68.9490022
385306.436	6671152.6	111.312109
385405.125	6670012.51	70.5563746
385475.707	6669033.66	17.0032229
385635.315	6668021.59	84.4612885
385770.476	6666880.52	98.3102861
385951.034	6665444.86	129.940509
386239.158	6664043.07	314.653761
386399.559	6662601.78	317.316272
386563.894	6661490.26	374.966176
386623.584	6660628.94	326.572883
386719.407	6659555.87	298.045038
386814.056	6658420.1	258.347585
386990.118	6656975.38	283.017762
387135.044	6655540.53	267.201265
387381.906	6654456.97	439.476091
387613.747	6653157.78	558.800479
387724.963	6652208.6	567.4216
387874.468	6650928.66	578.043727
387910.997	6649872.24	471.180594
388094.173	6648506.61	514.202951
388190.371	6647152.44	442.504585
388343.54	6645891.51	460.12224
388502.48	6644845.68	515.9991
388645.681	6643592.2	520.001384
388849.365	6642317.36	600.017189
389092.433	6641153.35	747.861539
389208.984	6640057.39	738.275339
377862.048	6709252.24	158.285114
377928.604	6709262.3	255.9848
378289.26	6708535.19	458.200993
378660.856	6707389.42	502.087584
378910.534	6706379.61	430.926348
379168.338	6705047.14	238.179725
379467.138	6703664.63	91.2461057
379977.35	6702240.93	250.668556
380191.445	6701077.34	79.4462156
380243.979	6700491.36	-90.7023615
380436.577	6699365.72	-265.58752
380829.438	6697994.7	-207.930147
381198.481	6696555.45	-188.927016
381462.168	6695215.81	-275.96219
381627.193	6694071.21	-430.075847
381709.192	6693471.49	-512.581805
382072.638	6692086.84	-374.531349
382313.634	6690874.9	-383.046165
382560.127	6689484.01	-415.049679
382790.657	6688115.92	-426.573392
382922.993	6686811.07	-551.196824
383048.624	6685800.29	-586.99099
383202.672	6684863.52	-550.578187
383430.91	6683732.14	-434.597236
383694.299	6682430.82	-292.84521
383839.681	6681023.86	-345.031092
384036.586	6679654.73	-302.398755
384111.718	6678335.53	-424.495197
384195.62	6677290.46	-479.764331
384342.388	6676489.81	-400.762698
384471.772	6675339.55	-401.953618
384791.013	6673926.35	-174.978682
384950.241	6672504.74	-177.097662
385108.292	6671181.77	-162.140381
385280.799	6669952.9	-112.684582
385376.862	6668845.34	-150.163202
385432.096	6668018.76	-198.500538
385598.136	6666884.23	-140.185944
385768.863	6665441.14	-121.875239
385994.985	6664040.4	-21.0108219
386227.358	6662606.54	82.6456061
386411.703	6661463.01	163.304953
386509.959	6660605.79	168.744155
386586.97	6659521.28	112.811777
386729.94	6658421.86	144.412291
386863.373	6656978.74	112.107316
387025.678	6655537.48	119.319333
387201.146	6654241.34	164.978493
387435.671	6653159.65	320.031359
387646.412	6652030.56	435.799002
387751.253	6651098.15	438.602444
387813.001	6649816.32	332.296054
387944.212	6648513.95	315.115842
388066.256	6647090.84	268.31306
388236.149	6645741.14	295.239868
388465.28	6644690.48	443.890992
388616.44	6643580.8	479.565192
388730.984	6642453.01	463.781065
388915.121	6641224.8	524.45185
389079.755	6640023.36	562.417803
377793.83	6709292.93	81.4235361
377873.02	6709260.24	176.588684
378114.765	6708527.84	206.765118
378484.702	6707520.37	305.725977
378776.153	6706387.43	240.643411
379023.731	6705043.41	23.4575867
379246.889	6703659.9	-238.904149
379636.362	6702267.92	-252.529651
380072.554	6701043.51	-117.762552
380182.396	6700460.16	-199.07843
380314.266	6699339.98	-471.253092
380619.079	6697985.43	-556.376862
381041.776	6696558.4	-452.356223
381341.651	6695195.84	-493.086488
381547.604	6693922.84	-629.793132
381594.306	6693283.58	-789.788154
381761.744	6692260.41	-872.242118
382161.438	6690909.09	-643.405805
382397.845	6689498.21	-692.87117
382671.331	6688108.03	-630.053697
382827.031	6686807.03	-709.977395
382891.556	6685649.25	-874.829691
383049.508	6684836.84	-799.375291
383215.155	6683777.05	-759.573777
383403.244	6682424.24	-737.718722
383662.142	6681018.71	-612.007305
383884.582	6679626.27	-531.733767
384037.646	6678231.07	-549.89831
384082.525	6677250.67	-650.242588
384198.643	6676491.48	-607.927565
384302.951	6675333.44	-644.490662
384487.425	6673911.37	-608.101479
384769.142	6672525.25	-428.983196
384946.768	6671111.11	-398.845324
385130.181	6669909.9	-328.698312
385277.234	6668828.61	-290.715898
385341.176	6667858.04	-349.013211
385444.588	6666887.61	-351.624488
385588.556	6665433.79	-370.543031
385814.173	6664040.4	-268.433035
385964.873	6662626.26	-271.524518
386210.051	6661477.86	-108.706358
386360.04	6660432.16	-60.0979436
386448.316	6659515.69	-75.4829513
386591.841	6658421.5	-42.2218771
386698.612	6656984.49	-109.276449
386850.158	6655532.31	-117.37951
386990.359	6654220.95	-120.579936
387174.522	6653073.67	-41.9396448
387377.391	6652019.26	74.7875817
387581.428	6651112.87	214.177628
387730.797	6649812.78	222.376118
387848.577	6648515.93	188.330332
387956.495	6647116.37	125.999174
388109.802	6645635.49	112.273435
388215.926	6644656.62	108.441632
388406.751	6643490.95	189.105445
388550.604	6642561.13	241.811711
388761.102	6641305.98	333.57179
388893.775	6640000	314.205524
377775.964	6709292.93	56.44181
377730.563	6709257.94	-23.9574625
377876.407	6708566.64	-113.601587
378191.264	6707563.11	-93.3398228
378618.223	6706404.18	22.1082952
378908.709	6705024.69	-150.818132
379100.549	6703671.3	-449.679186
379384.4	6702374.34	-583.898804
379779.396	6701272.63	-465.157529
380054.177	6700248.1	-485.803252
380258.45	6699145.97	-642.858273
380465.066	6697984.08	-806.556987
380833.637	6696588.61	-787.665579
381205.005	6695146.63	-747.953487
381459.388	6693835.82	-819.906525
381545.634	6693071.75	-957.438033
381644.891	6692237.39	-1091.15146
381947.836	6690903.62	-1025.63767
382211.703	6689494.95	-1014.93854
382478.866	6688067.5	-962.74731
382681.718	6686702.91	-969.862253
382809.085	6685673.25	-1000.47556
382911.958	6684789.61	-1025.34155
383057.592	6683754.27	-1007.2623
383230.631	6682424.24	-998.007917
383417.296	6681010.1	-976.536441
383713.571	6679615.98	-783.846139
383894.054	6678212.06	-760.385188
383993.675	6677079.48	-805.622135
384049.534	6676477.06	-823.238664
384153.802	6675321.73	-858.344489
384309.955	6673898.63	-859.998226
384554.251	6672525.25	-730.378731
384687.319	6671146.51	-754.078706
384959.619	6669885.93	-568.10434
385150.606	6668681.43	-487.400446
385219.095	6667832.03	-520.722993
385312.28	6666887.78	-533.009577
385422.671	6665412.16	-600.57523
385597.275	6664011.23	-568.256981
385709.045	6662688.02	-609.561112
385919.229	6661499.35	-498.691715
386088.736	6660318.99	-442.513248
386358.574	6659387.23	-215.355532
386438.676	6658420.16	-248.286419
386578.022	6656983.79	-271.103544
386687.388	6655528.25	-336.124708
386822.25	6654222.69	-344.865013
386972.031	6652946.38	-330.27125
387182.824	6651997.19	-187.616619
387314.665	6650885.79	-174.134143
387564.015	6649823.04	2.29765691
387684.605	6648516.76	-28.7642807
387842.401	6647099.86	-27.3491408
387956.991	6645632.52	-90.3275532
388057.369	6644639.45	-103.603157
388205.628	6643629.82	-56.067492
388358.961	6642550.03	-12.4661454
388602.053	6641396.35	137.785692
388748.483	6640000	123.345581
377612.46	6709292.93	-170.772111
377593.583	6709256.68	-214.392666
377803.016	6708276.03	-338.599425
377903.55	6707606.93	-479.593225
378359.466	6706417.68	-339.178459
378757.761	6705028.49	-365.284204
378987.985	6703656.4	-620.306283
379230.673	6702299.01	-843.633437
379591.895	6701188.06	-781.822489
379953.584	6700099.27	-703.052034
380171.912	6699200.01	-753.447221
380329.904	6697966.44	-1030.49776
380633.448	6696588.58	-1118.62155
380983.249	6695151.52	-1123.76659
381344.723	6693805.92	-1032.85949
381501.166	6692811.87	-1134.03925
381550.867	6692182.79	-1279.21265
381739.46	6690901.27	-1394.97596
382051.651	6689494.95	-1288.43757
382319.967	6688080.81	-1220.9898
382532.519	6686689.57	-1210.28871
382728.314	6685488.39	-1165.79112
382795.841	6684591.75	-1245.97619
382891.533	6683607.99	-1289.06797
383073.955	6682363.89	-1243.0185
383243.705	6681032.14	-1227.74855
383401.627	6679613.52	-1236.24902
383727.633	6678202.73	-1000.32661
383850.806	6677080.14	-1008.43322
383989.472	6676288.17	-938.520253
384073.3	6675225.93	-987.364912
384149.684	6673874.9	-1087.90687
384376.084	6672525.25	-978.787678
384508.485	6671154.31	-1000.17949
384734.246	6669928.07	-872.480275
384897.013	6668812.29	-815.440083
385007.243	6667668.65	-833.919247
385164.906	6666885.27	-734.029451
385315.708	6665382.64	-750.37732
385432.367	6664013.36	-791.632612
385542.274	6662695.67	-833.442177
385687.141	6661372.49	-829.373506
385897.789	6660296.7	-702.093436
386013.418	6659332.27	-686.226657
386243.138	6658275.59	-531.106136
386416.956	6656979.37	-486.616385
386562.191	6655525.76	-503.38198
386668.518	6654212.87	-550.919265
386804.421	6652964.82	-550.492507
386910.763	6651851.62	-569.823522
387121.366	6650864.77	-433.387141
387349.103	6649728.88	-296.200581
387510.53	6648513.23	-259.302777
387669.905	6647085.68	-256.847923
387821.224	6645632.5	-269.240633
387973.557	6644492.19	-235.347962
388008.037	6643480.71	-338.137312
388144.463	6642570.17	-291.476749
388331.953	6641445.22	-210.1023
388499.339	6640000	-203.315199
377445.624	6709292.93	-400.558672
377522.316	6709258.45	-311.608269
377736.936	6708112.71	-499.357532
377778.848	6707574.16	-667.234906
378086.299	6706458.38	-706.745628
378536.319	6705023.1	-681.180798
378864.136	6703642.84	-803.069784
379095.443	6702323.93	-1031.20167
379329.835	6701200.9	-1165.31755
379657.542	6700287.52	-1069.32227
379980.917	6699217.32	-1036.20489
380244.18	6697878.69	-1203.10222
380481.39	6696591.3	-1365.9631
380754.496	6695200.44	-1487.72574
381159.69	6693862.22	-1331.84223
381403.615	6692767.36	-1322.95936
381478.897	6692097.95	-1437.09172
381628.197	6690828.29	-1612.16765
381848.498	6689518.92	-1625.22219
382105.104	6688080.81	-1570.72369
382371.12	6686683.02	-1465.31236
382586.543	6685456.45	-1390.57184
382689.062	6684614.31	-1402.79566
382777.69	6683554.69	-1469.73397
382920.477	6682349.34	-1472.9031
383072.372	6681040.33	-1475.73914
383227.242	6679618.19	-1485.8914
383443.242	6678388.31	-1375.85296
383656.296	6677221.19	-1259.92415
383712.328	6676104.18	-1355.33304
383949.77	6675218.02	-1160.98152
384028.362	6673843.47	-1261.03147
384192.112	6672502.49	-1236.38797
384333.864	6671164.24	-1238.83503
384472.551	6669714.62	-1261.08528
384668.715	6668743.24	-1136.31858
384814.281	6667639.07	-1100.08814
384998.285	6666882.44	-960.116611
385150.714	6665425.56	-966.331057
385289.187	6664015.12	-984.369256
385390.984	6662689.98	-1037.5027
385517.338	6661378.45	-1056.12028
385701.217	6660126.66	-988.986609
385819.275	6659305.74	-949.074702
386029.17	6658152.04	-834.390565
386239.236	6656976.84	-723.309823
386391.723	6655533.42	-728.38223
386527.448	6654099.41	-754.097755
386667.613	6652976.11	-730.111815
386759.617	6651811.79	-775.646355
386936.402	6650855.6	-679.274043
387015.832	6649884.07	-713.461047
387264.329	6648484.85	-587.755567
387487.121	6647080.61	-498.01099
387657.992	6645636.8	-482.930609
387829.303	6644470.53	-427.91106
387905.638	6643482.98	-472.198079
387989.413	6642529.83	-500.806219
388156.087	6641450.08	-439.992472
388307.798	6640002.39	-453.624923
377273.898	6709292.93	-635.01553
377352.226	6709263.33	-542.288508
377648.929	6708041.32	-650.038153
377749.132	6707386.01	-787.787852
377857.002	6706386.01	-1056.79086
378286.134	6705055.5	-1018.50626
378708.341	6703619.27	-1033.152
378993.323	6702293.22	-1191.82423
379158.051	6701084.07	-1466.49393
379401.556	6700215.96	-1478.01014
379824.041	6699245.26	-1260.0776
380114.132	6697866.52	-1407.53933
380336.076	6696578.89	-1605.32058
380543.85	6695211.18	-1832.71922
380926.216	6693856.15	-1733.97075
381138.482	6692905.42	-1731.42173
381372.811	6692176.73	-1594.66687
381533.514	6690814.67	-1779.88103
381705.905	6689485.77	-1871.25764
381901.196	6688118.34	-1889.7645
382126.296	6686666.67	-1848.67454
382386.607	6685573.06	-1670.67581
382550.858	6684463.18	-1638.92123
382652.12	6683574.77	-1651.3118
382792.132	6682334.32	-1663.03342
382908.972	6681044	-1710.74295
383054.615	6679626.88	-1730.24205
383201.465	6678181.08	-1747.73474
383412.483	6677059.48	-1625.70212
383526.766	6676080.39	-1616.2963
383790.447	6675206.56	-1383.30692
383946.97	6673870.34	-1368.63985
384046.711	6672492.28	-1437.03207
384170.865	6671165.92	-1461.40926
384299.385	6669722.49	-1495.28593
384417.098	6668584.56	-1499.76412
384624.001	6667614.89	-1360.46944
384745.203	6666612.31	-1340.66122
384971.227	6665435.22	-1205.76687
385107.358	6664014.24	-1227.579
385310.14	6662680.44	-1146.86082
385397.423	6661431.07	-1208.92545
385540.282	6660085.56	-1209.49386
385618.366	6659454.59	-1195.30827
385723.827	6658329.48	-1213.81707
385978.833	6656969.7	-1069.22081
386206.722	6655541.04	-971.905815
386357.204	6654100.4	-978.466298
386536.812	6652930.98	-908.922364
386642.367	6651769.39	-936.348419
386763.708	6650845.53	-908.309463
386839.779	6649877.57	-946.109245
387007.325	6648443.37	-931.38999
387244.142	6647070.71	-818.126009
387475.691	6645641.76	-720.936536
387595.756	6644357.5	-749.644098
387781.827	6643282.41	-662.91524
387901.439	6642351.73	-642.114266
387998.128	6641451.89	-646.312469
388122.836	6640003.72	-694.962098
376824.125	6709287.15	-1245.11391
376998.038	6709292.93	-1009.46324
377410.565	6708208.61	-904.59266
377643.693	6707343.46	-950.373798
377801.172	6706352.98	-1147.92206
378044.787	6705023.1	-1367.85759
378532.15	6703624.37	-1278.18649
378875.106	6702269.2	-1369.42954
379098.772	6700998.08	-1588.31492
379244.264	6700212.04	-1710.00288
379581.258	6699125.44	-1674.56169
379967.31	6697878.99	-1624.32337
380238.306	6696566.55	-1764.38082
380406.742	6695217.83	-2053.18815
380729.443	6693825.61	-2074.48062
380985.207	6692810.99	-2028.60908
381202.427	6691925.68	-1973.24366
381433.412	6690799.21	-1953.02789
381577.839	6689475.43	-2084.25512
381757.898	6688095.17	-2121.5758
381891.716	6686735.49	-2194.01491
382122.658	6685513.95	-2077.85641
382281.986	6684523.32	-2022.67431
382496.557	6683597.03	-1873.67725
382654.393	6682330.06	-1861.88617
382779.622	6681042.14	-1895.07388
382892.985	6679640.57	-1956.20326
383032.808	6678180.83	-1982.97545
383228.944	6677042.8	-1882.58312
383339.916	6676056.55	-1877.08292
383544.87	6674944.7	-1760.38567
383782.307	6673891.61	-1590.65295
383886.678	6672481	-1655.6782
384036.761	6671155.88	-1644.51842
384145.964	6669744.43	-1699.62413
384262.229	6668531.72	-1716.01393
384347.584	6667728.43	-1715.37164
384510.404	6666660.55	-1647.77876
384787.284	6665439.65	-1450.80582
384969.42	6664013.77	-1411.17447
385138.106	6662670.98	-1376.83523
385305.857	6661297.14	-1348.78542
385408.451	6660056.72	-1388.56187
385488.481	6659296.82	-1389.85912
385593.246	6658186.68	-1407.07063
385788.738	6656969.7	-1320.22483
385969.112	6655555.56	-1282.81895
386183.21	6654141.41	-1201.17015
386426.017	6652801.41	-1072.51789
386550.96	6651632.19	-1075.69467
386617.951	6650813.82	-1104.28736
386689.682	6649867.45	-1144.52452
386826.77	6648426.18	-1170.31769
387011.206	6647106.79	-1117.82217
387140.334	6645680.92	-1153.17344
387407.167	6644354.46	-996.011111
387615.769	6643243.46	-884.898293
387736.121	6642203.48	-879.121771
387820.533	6641343.02	-893.827367
387963.296	6640005.74	-902.565623
376670.324	6709286.82	-1450.6767
376819.126	6709288.48	-1252.05159
377231.819	6708197.1	-1150.46415
377532.454	6707211.86	-1155.83689
377701.607	6706286.79	-1311.96349
377879.299	6705013.88	-1599.50735
378240.363	6703647.92	-1672.98789
378717.183	6702257.7	-1595.10017
379006.848	6700944.56	-1742.28418
379077.774	6700082.37	-2004.77681
379352.755	6699216.17	-1969.82657
379809.472	6697893.14	-1853.66955
380097.369	6696513.13	-2001.46653
380289.209	6695204.31	-2246.94001
380511.925	6693846.78	-2426.42314
380831.251	6692792.83	-2293.12554
381032.69	6691850.79	-2283.46856
381309.87	6690801.79	-2156.41782
381470.79	6689460.42	-2258.35863
381611.536	6688086.18	-2351.60032
381752.895	6686707.83	-2408.20293
381901.189	6685472.45	-2412.38278
382122.041	6684354.64	-2285.4655
382244.66	6683392.57	-2270.6279
382497.601	6682342.41	-2082.69551
382625.056	6681043.79	-2111.06465
382773.205	6679632.11	-2124.29787
382880.89	6678180.4	-2193.16394
383031.185	6676895.62	-2175.18008
383142.475	6676004.62	-2154.26481
383356.755	6674924.27	-2019.56714
383521.022	6673902.63	-1943.37605
383718.886	6672480.78	-1881.98126
383866.994	6671147.38	-1873.58253
384032.426	6669736.04	-1852.83977
384128.973	6668504.84	-1898.19414
384201.178	6667726.45	-1911.44391
384335.332	6666633.14	-1885.18537
384512.15	6665454.55	-1814.69836
384683.935	6664040.4	-1785.56616
384899.985	6662626.26	-1697.98095
385144.208	6661257.1	-1567.69652
385230.415	6659917.32	-1642.37703
385368.071	6659265.37	-1553.27979
385433.501	6658126.49	-1626.17828
385543.821	6656894.83	-1652.99371
385727.337	6655575.89	-1597.39965
385927.449	6654141.41	-1536.38043
386245.73	6652781.3	-1311.47874
386348.135	6651491.3	-1360.46592
386468.38	6650785.55	-1303.85396
386609.392	6649761.13	-1264.88208
386670.937	6648399.19	-1377.67889
386831.625	6647108.45	-1351.83114
386960.787	6645687.43	-1386.04704
387087.485	6644237.95	-1428.14892
387343.429	6643277.68	-1234.18014
387566.05	6642199.03	-1100.61811
387681.778	6641292.27	-1081.06674
387837.326	6640005.22	-1066.13623
376521.002	6709286.57	-1648.37735
376644.7	6709286.92	-1485.5489
376928.22	6708222.2	-1546.80713
377318.935	6707077.28	-1498.37615
377577.991	6706198.31	-1516.05666
377747.52	6704994.75	-1787.04023
378062.401	6703652.05	-1915.32353
378546.462	6702219.57	-1847.20329
378893.248	6700905.84	-1917.56492
379013.234	6699919.5	-2165.05105
379091.26	6699261.95	-2327.72623
379467.785	6697963.78	-2325.03994
379942.062	6696517.17	-2232.43478
380188.49	6695195.79	-2404.81878
380385.505	6693860.32	-2625.18996
380655.266	6692729.89	-2603.13348
380875.509	6691831.39	-2546.9977
381088.622	6690815.09	-2508.45441
381337.434	6689462.3	-2465.28536
381490.86	6688079.76	-2535.99798
381615.361	6686698.63	-2613.5731
381745.6	6685477.21	-2637.32051
381842.575	6684415.29	-2674.07919
382062.323	6683371.75	-2531.70519
382292.159	6682245.32	-2386.84817
382456.598	6681040.22	-2345.07235
382611.215	6679621.57	-2347.83677
382759.094	6678180.33	-2359.55195
382900.567	6676844.92	-2361.26545
382979.874	6676002.1	-2375.56602
383062.947	6675090.72	-2392.04911
383294.723	6673834.4	-2258.47248
383480.294	6672525.25	-2194.8943
383685.508	6671138.89	-2116.94142
383871.794	6669717.65	-2068.80902
383996.195	6668253.34	-2108.52408
384101.625	6667550.39	-2068.38993
384178.78	6666579.19	-2100.44367
384326.71	6665454.55	-2059.98711
384492.705	6664050.22	-2036.54587
384651.384	6662626.26	-2025.08488
384961.399	6661242.37	-1810.02885
385070.715	6659919.94	-1851.19364
385242.486	6659228.5	-1723.20431
385338.639	6658040.92	-1762.8581
385386.283	6656881.63	-1861.1047
385536.139	6655583.85	-1846.27441
385739.905	6654136.22	-1782.22044
385882.523	6652727.27	-1792.769
386119.109	6651621.41	-1640.45445
386237.332	6650610.35	-1629.27063
386456.466	6649749.96	-1465.50428
386541.284	6648381.99	-1548.70782
386661.068	6647101.99	-1574.65198
386788.665	6645697.71	-1608.17161
386909.61	6644236.79	-1658.91368
387146.603	6643256.47	-1492.40819
387359.422	6642147.2	-1375.98485
387496.594	6641279.94	-1322.76026
387675.281	6640003.65	-1276.03065
376373.736	6709286.48	-1841.41285
376493.176	6709284.66	-1687.25432
376715.308	6707999.51	-1919.93907
377005.8	6707085.39	-1911.15494
377442.298	6706228.09	-1684.48568
377641.393	6704956.7	-1945.06205
377897.647	6703631.72	-2147.95462
378216.302	6702247.26	-2286.90512
378744.172	6700882.86	-2132.74723
378959.761	6699730	-2317.44652
379023.068	6699066.57	-2504.90511
379230.158	6697991.77	-2655.51726
379718.29	6696560.36	-2542.41869
380034.551	6695118.93	-2665.3239
380284.173	6693843.59	-2790.87141
380412.107	6692612.69	-3032.92169
380712.394	6691711.02	-2840.4559
380860.162	6690662.89	-2905.50633
381125.981	6689446.86	-2789.38426
381306.229	6688056.29	-2811.53226
381496.426	6686687.76	-2787.56034
381577.178	6685372.05	-2892.37338
381686.359	6684406.64	-2895.92643
381855.752	6683392.9	-2816.24131
382015.822	6682307.54	-2759.60999
382215.212	6681003.76	-2681.04819
382434.675	6679613.78	-2588.83727
382602.962	6678180.85	-2569.73033
382724.24	6676729.96	-2613.92469
382863.229	6675987.54	-2534.97678
382939.159	6674909.5	-2584.07369
383079.347	6673980.09	-2526.04202
383224.346	6672526.14	-2535.62241
383448.772	6671111.11	-2434.62334
383689.011	6669710.56	-2311.35329
383839.001	6668256.05	-2315.1672
383931.5	6667352.92	-2319.15571
384095.228	6666390.98	-2237.24988
384189.186	6665359.31	-2254.72086
384308.418	6664055.21	-2278.00305
384466.693	6662606.84	-2269.79467
384606.587	6661212.12	-2278.09038
384893.121	6659927.75	-2081.72717
385025.27	6658900.74	-2052.08077
385196.692	6658143.67	-1933.48556
385243.646	6656867.99	-2048.75083
385420.627	6655585.59	-1996.71045
385552.086	6654133.9	-2027.17083
385711.044	6652691.15	-2020.795
385815.077	6651662.77	-2029.47769
386039.833	6650585.57	-1888.96607
386259.565	6649594.02	-1743.08236
386380.25	6648407.04	-1753.69612
386511.071	6647021.96	-1780.06019
386640.691	6645694.96	-1800.37214
386817.613	6644234.94	-1778.28155
386941.897	6643100.72	-1779.18173
387057.001	6642221.31	-1756.15618
387278.478	6641133.6	-1625.89781
387495.58	6640002.75	-1508.16193
376356.831	6709286.58	-1863.37139
376363.478	6709285.33	-1856.50424
376571.77	6708031.86	-2095.66622
376817.655	6707074	-2163.67383
377200.837	6706098.06	-2057.91768
377500.403	6704975.9	-2123.51089
377751.637	6703624.67	-2347.28218
377982.269	6702237.84	-2606.27926
378388.16	6700845.04	-2630.19569
378838.616	6699691.25	-2499.29745
378932.393	6699020.93	-2649.02938
379085.601	6697869.57	-2908.11607
379415.981	6696558.38	-2976.21396
379869.372	6695153.69	-2891.68732
380179.807	6693820.8	-2955.1698
380357.242	6692517.8	-3149.18329
380427.227	6691847.54	-3245.05115
380644.474	6690714.28	-3216.67809
380956.261	6689455.62	-3038.06659
381131.462	6688060.96	-3061.18906
381303.867	6686633.29	-3066.91737
381445.398	6685352.98	-3077.73228
381595.301	6684319.16	-3036.41363
381700.466	6683356.85	-3036.32469
381801.043	6682455.75	-3031.18414
381954.884	6681001.35	-3034.33888
382198.833	6679595.96	-2908.4355
382422.021	6678181.18	-2811.32819
382567.624	6676731.93	-2821.54059
382700.663	6675803.59	-2776.06123
382820.407	6674844.95	-2751.37387
382920.294	6673981.92	-2736.99613
383041.692	6672526.59	-2777.04531
383212.233	6671084.36	-2749.99419
383422.933	6669696.97	-2662.61799
383616.872	6668399.94	-2586.42634
383813.121	6667319.06	-2478.32931
383940.031	6666289.56	-2454.27088
384045.828	6665347.21	-2444.06441
384148.203	6664059.83	-2486.97969
384283.988	6662599.11	-2509.21816
384432.941	6661279.26	-2495.29404
384594.932	6659968.56	-2463.84006
384741.295	6659026.27	-2403.66155
384972.777	6658005.95	-2243.34311
385168.834	6656866.87	-2145.89081
385284.281	6655586.94	-2173.25401
385382.041	6654127.99	-2248.84668
385535.066	6652688.49	-2249.20703
385609.667	6651539.35	-2312.1506
385829.1	6650448.64	-2180.35823
386049.826	6649454.19	-2034.20462
386198.919	6648426.97	-1985.03467
386330.241	6647015.78	-2014.13969
386524.885	6645683.37	-1951.27468
386669.196	6644233.08	-1970.22837
386743.696	6643077.8	-2038.08862
386870.746	6642211.44	-1997.77554
386992.778	6641026.81	-2009.34165
387218.636	6640000	-1865.17398
376202.868	6709286.87	-2062.79142
376192.057	6709288	-2077.19546
376463.861	6708000.46	-2248.92938
376623.276	6706952.46	-2466.75406
376834.932	6706253.85	-2472.87721
377333.927	6704990.59	-2335.24722
377630.87	6703605.53	-2513.8128
377823.443	6702248.65	-2812.91934
378117.294	6700945.24	-2951.78537
378636.205	6699729.17	-2757.0615
378815.471	6698870.76	-2868.51577
378976.754	6697833.68	-3072.60478
379247.263	6696590.55	-3200.20884
379578.996	6695179.11	-3293.2799
380032.094	6693802.73	-3174.86721
380265.313	6692460.93	-3304.80572
380332.335	6691647.34	-3441.31972
380485.021	6690688.23	-3457.38849
380628.761	6689441.28	-3509.81276
380903.312	6688080.81	-3376.45533
381126.625	6686640.37	-3309.54982
381369.83	6685332.61	-3183.58019
381460.732	6684128.53	-3245.8631
381537.511	6683157.04	-3287.66828
381644.985	6682458.56	-3241.4499
381773.489	6680997.02	-3277.76985
381964.02	6679566.73	-3225.13759
382165.168	6678181.82	-3150.86502
382348.901	6676872.76	-3089.9929
382576.662	6675624.1	-2963.26667
382706.061	6674713.78	-2920.19227
382775.59	6673823.5	-2948.91198
382881.113	6672527.31	-2987.94417
383032.973	6671076.59	-2985.69621
383171.893	6669752.08	-2983.3214
383286.578	6668309.64	-3028.02771
383552.213	6667334.59	-2816.12032
383770.714	6666281.79	-2675.2578
383854.571	6665224.84	-2709.75258
384017.875	6664058.7	-2656.29199
384117.852	6662597.05	-2725.50309
384259.305	6661278.88	-2720.49469
384371.009	6659865.04	-2767.59334
384636.947	6658865.7	-2560.52317
384750.926	6657899.36	-2545.16331
384962.89	6656762.93	-2426.78377
385117.684	6655584.14	-2388.71686
385250.905	6654130.29	-2417.35208
385379.897	6652689.94	-2449.40044
385494.588	6651443.55	-2473.56066
385584.045	6650269.9	-2521.08588
385768.372	6649578	-2379.66483
385873.84	6648360.49	-2413.00542
386153.982	6647070.71	-2232.94186
386326.587	6645672.1	-2207.84976
386531.461	6644234.53	-2147.08228
386611.532	6642901.12	-2232.89326
386682.501	6642070.17	-2260.03235
386820.182	6640997.99	-2235.30353
386949.927	6640035.85	-2205.4602
376039.899	6709287.29	-2271.89166
376003.686	6709289.58	-2318.50874
376345.721	6707964.76	-2415.10401
376503.107	6706834.4	-2669.44365
376596.379	6706255.37	-2781.76489
377054.495	6705004.79	-2692.03374
377470.374	6703612.06	-2719.44881
377706.328	6702234.65	-2972.29729
377951.793	6700861.37	-3203.05169
378234.868	6699743.55	-3280.46354
378709.611	6698724.13	-3068.04877
378868.157	6697815.42	-3224.20686
379089.331	6696579.58	-3420.9809
379400.92	6695145.41	-3551.3377
379869.715	6693746.22	-3423.10011
380148.936	6692420.01	-3482.2928
380279.172	6691461.34	-3567.19137
380340.057	6690630.64	-3675.76185
380534.77	6689422.8	-3644.35304
380713.661	6688080.81	-3635.84191
380886.366	6686680.55	-3627.14818
381121.695	6685252.53	-3527.8248
381304.008	6684070.2	-3462.123
381440.76	6682987.94	-3439.74152
381511.215	6682205.23	-3457.22252
381611.43	6680987.6	-3493.75209
381779.887	6679558.57	-3468.69797
381922.728	6678223.75	-3463.49925
382029.017	6676780.6	-3518.7592
382360.374	6675647.37	-3242.59821
382496.506	6674713.15	-3192.59209
382604.492	6673810.86	-3173.26285
382754.598	6672527.28	-3152.4529
382864.199	6671072.86	-3205.92299
382999.138	6669753.59	-3207.28276
383105.687	6668318.91	-3260.75603
383354.586	6667313.12	-3074.79852
383577.437	6666268.59	-2927.1154
383689.544	6665325.58	-2908.82245
383854.971	6664054.7	-2867.01144
383990.219	6662586.95	-2891.21124
384104.148	6661265.84	-2922.61588
384202.836	6659906.39	-2978.81501
384343.757	6658683.55	-2962.89283
384551.416	6657873.98	-2805.68458
384717.325	6656724.46	-2748.20845
384939.481	6655580.07	-2618.56812
385075.156	6654134.79	-2642.41521
385231.159	6652687.83	-2640.69711
385356.074	6651435.6	-2652.60307
385437.569	6650248.14	-2712.30268
385578.4	6649423.56	-2645.37447
385686.188	6648355.68	-2654.64141
385885.629	6647070.71	-2577.21006
386141.811	6645669.93	-2445.01191
386356.383	6644237.06	-2371.0955
386503.029	6642786.89	-2387.70997
386627.98	6641905.02	-2353.14488
386670.34	6640951.41	-2434.01303
386777.621	6640039.73	-2425.67363
375572.865	6709292.93	-2862.88036
375743.002	6709292.93	-2649.30583
376187.168	6707944.28	-2625.03904
376404.701	6706763.1	-2823.37567
376499.61	6706097.79	-2969.0978
376773.705	6705033.76	-3041.76016
377298.982	6703605.92	-2941.75246
377616.905	6702221.19	-3091.85316
377803.784	6700900.88	-3379.53827
378010.177	6699729.91	-3576.88825
378421.394	6698750.51	-3433.85233
378722.889	6697830.43	-3407.04889
378978.91	6696477.58	-3608.18371
379231.647	6695180.52	-3767.00168
379526.119	6693777.12	-3876.76204
379997.738	6692397.71	-3693.62005
380115.102	6691454.9	-3789.80798
380267.811	6690442	-3816.18091
380377.004	6689396.09	-3864.38731
380537.987	6688117.46	-3866.59479
380699.683	6686682.84	-3874.97871
380845.834	6685252.53	-3889.38845
381144.423	6684043.12	-3674.11719
381291.591	6682986.16	-3634.02541
381376.184	6682010.98	-3659.99439
381489.577	6680983.21	-3653.25769
381604.102	6679550.87	-3698.8732
381750.555	6678224.22	-3687.08807
381930.326	6676784.6	-3645.95185
382081.695	6675762.47	-3588.04713
382302.511	6674703.86	-3444.3876
382491.361	6673661.43	-3340.15805
382595.514	6672526.68	-3357.34363
382729.349	6671064.46	-3380.72466
382840.588	6669740.8	-3413.66434
382934.796	6668341.88	-3477.61051
383146.406	6667151.97	-3363.95804
383261.29	6666300.15	-3329.95919
383471.317	6665184.43	-3208.84718
383675.446	6664051.66	-3098.01311
383816.762	6662595.66	-3112.42295
383955.983	6661263.95	-3112.75334
384076.941	6659946.69	-3135.01144
384157.298	6658654.9	-3206.11802
384296.179	6657874.08	-3133.5821
384390.395	6656775.55	-3160.37915
384591.89	6655555.56	-3067.20241
384893.556	6654136.6	-2874.67719
385054.207	6652691.34	-2866.60573
385208.977	6651406.9	-2844.62528
385330.02	6650229.16	-2852.5266
385441.409	6649253.14	-2844.49732
385513.566	6648352.41	-2876.10724
385700.328	6647019.58	-2821.47926
385861.836	6645656.57	-2804.70286
386165.582	6644238.64	-2614.78307
386301.025	6642937.39	-2624.58122
386455.543	6641848.4	-2581.33377
386587.917	6640778.58	-2564.00869
386624.282	6640040.46	-2621.47675
375389.303	6709292.93	-3093.29497
375505.823	6709265.12	-2960.43928
376012.74	6707884.53	-2869.18062
376295.083	6706721.36	-2978.00533
376420.666	6705921.75	-3139.15487
376612.717	6705013.17	-3255.07365
376883.717	6703637.54	-3455.87041
377447.793	6702220.78	-3306.6103
377695.904	6700860.96	-3532.49459
377860.549	6699618.13	-3811.13608
378101.747	6698732.71	-3848.48143
378629.665	6697725.41	-3568.58143
378846.699	6696469.34	-3779.41939
379067.955	6695163.42	-3988.50622
379281.549	6693768.21	-4197.87576
379590.725	6692571.79	-4169.92107
379950.265	6691301.85	-4037.13692
380124.213	6690487.39	-3992.47269
380243.783	6689369.02	-4044.02175
380365.18	6688118.7	-4092.95792
380510.085	6686688.37	-4120.98425
380662.841	6685237.97	-4128.11981
380882.574	6684095.11	-4006.22618
381103.977	6682978.02	-3876.67248
381215.663	6682121.37	-3849.98454
381333.796	6680993.52	-3851.05322
381462.252	6679541.81	-3882.12733
381620.325	6678213.5	-3856.82634
381746.459	6676793.43	-3881.30951
381873.176	6675614.05	-3874.44918
382066.363	6674574.34	-3764.48403
382230.251	6673508.51	-3695.45498
382415.31	6672526.32	-3587.91099
382553.944	6671067.86	-3604.19152
382693.676	6669736.16	-3601.93793
382813.782	6668515.87	-3610.71589
382940.402	6666969.53	-3651.68546
383008.462	6666295.6	-3654.31193
383182.576	6665082.93	-3591.61871
383358.298	6663944.82	-3517.77218
383630.746	6662603.42	-3348.87809
383789.253	6661212.12	-3332.16705
383935.086	6659875.17	-3325.20135
384071.093	6658503.55	-3336.00454
384166.826	6657701.81	-3322.10165
384217.72	6656743.48	-3385.14713
384444.181	6655467.08	-3268.0326
384579.766	6654156.59	-3272.34672
384867.363	6652698.02	-3103.97268
385034.2	6651383.71	-3070.48861
385224.091	6650093.15	-3005.858
385291.99	6649217.57	-3039.9687
385371.857	6648347.98	-3057.56502
385521.447	6646998.57	-3052.69781
385680.175	6645693.76	-3031.24646
385827.032	6644261.37	-3043.16935
386106.962	6642934.08	-2872.32122
386282.696	6641816.15	-2805.94576
386457.495	6640776.84	-2730.32387
386471.938	6640039.97	-2815.50658
375208.646	6709292.93	-3318.01204
375331.077	6709264.95	-3179.87443
375551.303	6707958.48	-3417.98018
376141.856	6706621.41	-3208.94251
376333.159	6705733.4	-3322.81462
376450.449	6704849.88	-3524.14938
376698.662	6703633.85	-3689.02789
377206.564	6702207.24	-3613.96635
377553.877	6700832.11	-3720.40398
377749.321	6699705.65	-3917.17985
377931.111	6698719.39	-4067.60572
378168.866	6697680.02	-4164.51057
378683.096	6696475.39	-3980.99058
378960.923	6695152.8	-4127.49866
379117.57	6693774.27	-4401.0587
379343.43	6692437.54	-4514.39903
379654.12	6691381.89	-4387.5635
379939.317	6690344.58	-4250.82733
380065.995	6689278	-4284.24251
380196.807	6688056.48	-4316.36012
380329.868	6686696.09	-4349.60828
380480.818	6685233.94	-4359.97534
380622.663	6683944.72	-4355.03361
380782.595	6682986.65	-4283.16037
381010.06	6681960.58	-4133.54277
381210.811	6680892.23	-4021.22144
381354.237	6679539.12	-4018.82663
381455.784	6678205.97	-4066.82976
381583.064	6676831.53	-4085.22467
381687.026	6675433.43	-4134.3314
381811.058	6674422.85	-4109.11957
382001.349	6673629.79	-3970.66686
382099.538	6672418.78	-4003.41652
382366.562	6671075.9	-3840.84863
382512.537	6669696.97	-3836.72699
382735.701	6668338.17	-3731.91586
382790.718	6666955.02	-3843.65451
382878.993	6666138.21	-3839.6719
383007.406	6665054.15	-3818.35085
383133.494	6664078.85	-3785.74301
383304.796	6662621.99	-3760.51795
383592.325	6661212.12	-3582.61309
383755.18	6659846.63	-3557.23164
383923.54	6658501.52	-3523.58497
384041.469	6657663.92	-3486.52239
384109.547	6656550.31	-3549.08615
384239.719	6655471.54	-3527.43496
384391.176	6654162.02	-3511.38041
384554.995	6652712.63	-3498.94865
384852.501	6651313.13	-3310.86384
385051.997	6650078.05	-3226.52468
385133.606	6649186.03	-3245.39976
385235.156	6648338.03	-3232.56941
385374.597	6646970.26	-3243.46997
385500.276	6645696.93	-3259.58899
385641.4	6644268.46	-3278.1465
385785.208	6642812.48	-3297.92476
386054.64	6641844.86	-3091.84897
386212.391	6640624.3	-3063.08312
386324.026	6640000	-3008.72099
375178.288	6709292.93	-3355.58366
375178.278	6709281.32	-3364.83606
375381.723	6707969.12	-3623.84038
375741.375	6706812.61	-3630.41938
376190.961	6705718.84	-3504.23673
376367	6704834.85	-3633.06836
376535.929	6703615.24	-3897.75536
376906.503	6702227.67	-3977.04404
377374.265	6700823.77	-3943.70779
377690.744	6699484.62	-4071.89752
377777.956	6698556.07	-4317.57761
377944.167	6697721.4	-4422.53263
378501.754	6696488.3	-4197.26014
378793.477	6695093.66	-4349.48066
378983.732	6693758.63	-4568.24729
379174.017	6692442.48	-4715.03635
379426.06	6691259.01	-4685.54032
379734.375	6690327.93	-4501.67991
379883.79	6689286.15	-4502.85735
380054.601	6688007.57	-4494.89431
380195.601	6686695.51	-4514.29826
380317.566	6685230.07	-4564.5571
380449.988	6683947.27	-4570.01255
380525.808	6682827.14	-4624.88136
380807.326	6681937.65	-4391.013
380968.84	6680765.1	-4341.71
381176.769	6679547.31	-4240.51974
381269.597	6678207.27	-4299.49563
381466.835	6676800.27	-4234.74864
381575.341	6675314.11	-4289.74683
381654.356	6674429.36	-4306.17176
381735.041	6673494.29	-4324.65303
381914.928	6672441.61	-4233.67664
382027.416	6671090.28	-4266.17315
382303.513	6669696.97	-4100.64525
382559.211	6668313.62	-3957.81399
382639.586	6666951.97	-4034.51328
382758.226	6666103.7	-3996.59279
382856.075	6665004.99	-4016.354
382959.087	6664082.47	-4005.90204
383108.654	6662619.92	-4008.78337
383349.927	6661212.12	-3889.58679
383644.794	6659832.42	-3698.76101
383752.517	6658503.54	-3739.41297
383919.501	6657471.94	-3666.13198
384014.554	6656558.65	-3668.1231
384086.191	6655460.27	-3723.45522
384211.682	6654168.34	-3737.99313
384377.355	6652709.8	-3724.38145
384568.982	6651313.13	-3670.00464
384819.262	6650196.63	-3505.27133
384948.331	6649173.76	-3481.62425
385141.387	6648190.84	-3371.67192
385237.082	6646968.29	-3417.9141
385351.525	6645690.36	-3449.16204
385467.065	6644282.29	-3497.31586
385605.227	6642808.99	-3526.43443
385776.698	6641670.32	-3468.24044
385987.559	6640703.67	-3336.84088
386133.555	6640000	-3250.12916
374995.719	6709292.93	-3580.13799
375000.933	6709283.5	-3581.36464
375289.614	6707968.1	-3737.82149
375507.647	6706588.22	-4002.55109
375933.582	6705603.76	-3863.83595
376243.458	6704845.84	-3779.14126
376450.213	6703447.65	-4068.21676
376714.72	6702227.55	-4211.24925
377102.712	6700820.61	-4273.48613
377546.733	6699441.47	-4261.18929
377703.417	6698433.54	-4452.40814
377798.276	6697690.63	-4608.59823
378103.786	6696539.22	-4653.92433
378605.738	6695096.26	-4568.72227
378899.486	6693747.91	-4667.25379
379027.408	6692440.78	-4885.03651
379208.809	6691109.02	-4968.16481
379403.047	6690257.46	-4903.36684
379682.923	6689290.39	-4738.89317
379870.312	6688008.4	-4714.60339
380019.82	6686690.39	-4725.24065
380179.365	6685229.77	-4732.40418
380291.683	6683937.76	-4765.343
380362.449	6682838.24	-4824.7263
380610.957	6681924.6	-4636.71057
380628.332	6680885.01	-4748.00058
380907.995	6679555.14	-4572.92071
381047.745	6678181.82	-4577.25009
381288	6676784.71	-4458.88116
381423.306	6675314.28	-4479.20137
381537.129	6674408.4	-4455.41809
381610.54	6673311.98	-4504.36386
381738.589	6672444.92	-4454.44497
381904.341	6671080.7	-4421.56691
382069.553	6669696.97	-4393.52582
382365.19	6668303.65	-4202.65425
382529.811	6666843.22	-4185.65896
382637.971	6665913.91	-4171.72337
382773.785	6664839.38	-4141.77844
382859.86	6663980.99	-4144.60532
382924.396	6662615.27	-4241.37389
383162.488	6661203.26	-4127.39829
383290.289	6659849.42	-4143.40797
383517.639	6658627.78	-4018.80888
383730.815	6657464.96	-3904.8962
383854.547	6656578.4	-3866.92294
383935.007	6655448.77	-3915.5015
384066.22	6654168.12	-3921.65545
384208.052	6652707.45	-3938.62165
384316.878	6651387.61	-3978.3599
384458.31	6650090.01	-3975.25699
384745.649	6649148.61	-3741.03522
384896.69	6648019.62	-3704.02005
385068.483	6646993.4	-3627.29016
385191.156	6645696.8	-3650.5653
385340.719	6644276.13	-3658.01461
385440.434	6642805.15	-3735.23034
385602.442	6641665.97	-3689.16539
385691.002	6640615.11	-3724.01282
385829.642	6640000	-3634.28492
374807.072	6709292.93	-3810.06991
374831.087	6709267.66	-3793.51048
375155.583	6707928.52	-3917.06139
375346.303	6706609.38	-4190.25832
375598.588	6705653.21	-4250.33544
376050.028	6704729.74	-4058.22057
376343.068	6703502.05	-4175.86532
376530.98	6702217.73	-4436.40506
376830.511	6700840.39	-4591.12794
377368.81	6699426.52	-4476.90219
377605.44	6698215.21	-4645.34428
377723.857	6697507.24	-4761.67485
377849.908	6696564.61	-4941.98648
378260.446	6695171.79	-4937.23413
378717.987	6693745.43	-4871.30834
378906.233	6692425.75	-5021.33374
379067.115	6691230.04	-5105.36653
379151.972	6690073.91	-5220.96002
379440.642	6689222.42	-5032.09694
379494.491	6688082.18	-5140.34362
379829.585	6686684.98	-4949.87201
379999.222	6685235.72	-4945.38054
380135.393	6683927.23	-4954.22368
380258.276	6682890.75	-4944.71826
380324.846	6681747.93	-5009.91051
380448.728	6680885.35	-4967.66262
380634.514	6679539.14	-4910.9964
380855.485	6678181.82	-4813.27934
381092.846	6676778.94	-4700.17559
381250.422	6675317.34	-4692.11419
381362.175	6674358.43	-4677.70885
381487.872	6673271.89	-4661.69305
381581.736	6672443.98	-4649.76537
381716.101	6671060.07	-4658.94638
381866.443	6669696.97	-4646.10005
382016.868	6668311.31	-4636.22156
382298.671	6666979.23	-4456.73041
382439.996	6665913.88	-4418.86429
382640.298	6664839.77	-4308.41879
382707.666	6663813.77	-4356.86249
382839.402	6662606.37	-4349.35006
382959.888	6661190.04	-4383.1259
383103.907	6659857.62	-4376.21263
383236.455	6658396.27	-4401.36323
383438.834	6657588.46	-4255.11938
383598.773	6656424.23	-4208.2176
383765.35	6655450.04	-4128.21531
383907.509	6654166.66	-4120.88784
384059.087	6652715.65	-4125.29995
384217.476	6651380.49	-4104.47408
384279.743	6650101.08	-4198.38315
384470.32	6648980.61	-4110.25903
384683.046	6647876.12	-3992.70285
384884.099	6647011.13	-3856.9667
385010.097	6645594.81	-3892.45222
385174.026	6644264.54	-3869.26506
385302.793	6642804.01	-3908.78543
385444.701	6641649.63	-3890.31009
385516.684	6640602.99	-3945.52441
385638.529	6640000	-3875.16579
374334.168	6709286.48	-4382.26086
374657.358	6709263.67	-4004.70762
375031.502	6707856.23	-4093.47401
375215.473	6706602.18	-4350.3185
375411.323	6705525.38	-4522.41117
375703.75	6704675.96	-4492.54002
376203.761	6703496.22	-4343.4485
376401.036	6702190.05	-4600.71043
376657.205	6700827.15	-4800.71521
376877.53	6699507.02	-5019.4219
377444.064	6698182.64	-4841.63687
377627.689	6697463.62	-4887.02078
377783.537	6696407.69	-5069.77669
377986.595	6695134.79	-5253.3844
378449.28	6693723.68	-5170.94917
378745.478	6692343.98	-5210.65071
378909.893	6691117.64	-5295.14288
379007.016	6690030.55	-5387.17146
379166.037	6689250.34	-5337.6706
379290.147	6688082.7	-5372.06247
379492.695	6686640.07	-5344.61926
379799.253	6685241.22	-5178.52349
379922.32	6683930.38	-5204.89786
380149.174	6682671.17	-5100.51431
380257.709	6681546.17	-5116.20128
380293.271	6680884.59	-5155.47818
380448.685	6679517.91	-5139.47421
380607.326	6678219.41	-5111.23104
380753.127	6676767.36	-5116.52995
381018.879	6675453.17	-4958.48817
381260.983	6674190.13	-4822.52688
381356.96	6673106.65	-4843.21421
381429.298	6672431.63	-4839.20784
381563.119	6670970	-4860.37702
381691.599	6669653.57	-4868.41541
381827.388	6668320.61	-4869.97311
381967.767	6666849.07	-4883.59698
382239.033	6665899.6	-4670.31566
382373.992	6664832.63	-4640.14041
382503.215	6663790.42	-4614.00132
382706.496	6662614.73	-4513.5331
382802.866	6661184.79	-4579.8035
382927.834	6659858.35	-4596.15104
383052.69	6658400.94	-4630.3317
383229.618	6657425.7	-4537.81533
383338.857	6656414.93	-4534.29148
383598.367	6655306.93	-4356.32657
383723.885	6654162.24	-4350.98426
383888.447	6652714.51	-4338.60785
384066.536	6651369.76	-4295.22742
384173.584	6650052.53	-4337.87269
384290.34	6648796.78	-4360.89445
384376.425	6648158.28	-4339.23215
384489.114	6647023.7	-4350.93995
384831.806	6645656.57	-4107.58354
384979.831	6644253.96	-4114.50945
385141.224	6642807.41	-4110.99584
385294.469	6641628.14	-4082.00323
385388.073	6640620.28	-4104.96868
385457.497	6640000	-4102.73905
374158.734	6709285.88	-4591.63911
374339.668	6709289	-4375.9705
374845.383	6707854.23	-4316.52441
375101.9	6706575.4	-4495.08655
375278.56	6705524.08	-4680.8986
375506.893	6704658.41	-4732.40817
375927.658	6703513.53	-4662.0132
376240.891	6702205.33	-4781.01069
376499.746	6700822.07	-4986.2965
376694.887	6699519.65	-5223.43569
377060.118	6698366.42	-5210.69362
377489.707	6697320.51	-5090.41079
377670.932	6696391.27	-5200.60744
377806.687	6695120.41	-5452.89086
378165.275	6693748.55	-5467.924
378526.584	6692343.41	-5437.77942
378814.905	6691080.88	-5400.19867
378872.337	6689999.32	-5533.69217
378967.66	6689058.77	-5583.34042
379103.594	6688083.41	-5579.22381
379285.026	6686629.48	-5580.8397
379531.968	6685252.53	-5484.94585
379673.112	6683863.08	-5501.34268
379966.586	6682630.36	-5319.7966
380049.269	6681519.51	-5364.95934
380201.881	6680743.58	-5283.00478
380291.57	6679490.04	-5331.80692
380421.449	6678222.64	-5335.11413
380564.583	6676767.24	-5344.78073
380724.482	6675446.23	-5316.64686
380949.012	6674348.72	-5183.23409
381170.196	6673253.54	-5052.2603
381215.858	6672252.49	-5122.30236
381440.99	6671034.6	-5001.37785
381537.755	6669657.28	-5057.50262
381650.808	6668332.68	-5086.24863
381784.754	6666845.25	-5109.80691
381950.423	6665718.88	-5049.5739
382161.475	6664757.74	-4912.64016
382305.966	6663768.1	-4860.82025
382532.209	6662618.68	-4728.95937
382641.323	6661167.33	-4781.86525
382784.092	6659847.16	-4776.3139
382888.91	6658411.26	-4832.86552
382995.192	6657395.36	-4833.84335
383143.548	6656399.03	-4779.70108
383296.969	6655294.55	-4733.62792
383537.559	6654141.41	-4585.79935
383721.226	6652712.44	-4547.10895
383895.301	6651270.6	-4522.11766
384049.452	6650015.55	-4497.85233
384148.594	6648766.48	-4542.34172
384234.581	6648004.09	-4537.67899
384365.337	6646888.17	-4524.49847
384554.218	6645656.57	-4455.1343
384778.122	6644242.42	-4368.63809
385023.182	6642813.12	-4257.96637
385130.406	6641613.33	-4289.45385
385313.264	6640442.95	-4223.13839
385285.563	6640000	-4318.23092
374126.272	6709285.37	-4630.41854
374141.299	6709286.48	-4613.06986
374517.944	6707910.11	-4683.07324
374941.956	6706551.1	-4691.68059
375151.644	6705357.51	-4890.87831
375279.64	6704651.85	-5001.85606
375519.992	6703591.18	-5107.4059
376064.072	6702193.1	-4988.49612
376362.975	6700806.61	-5147.83813
376549.979	6699510.38	-5390.62236
376798.061	6698113.58	-5585.02417
377221.218	6697179.72	-5430.29635
377519.822	6696396.72	-5362.64853
377668.23	6695089.66	-5608.16448
377913.08	6693752.27	-5726.93617
378123.882	6692331.73	-5848.27742
378601.548	6691064.73	-5621.41552
378767.394	6689851.85	-5665.51415
378886.305	6688873.94	-5697.89428
378992.69	6687992.78	-5714.47599
379087.574	6686610.25	-5802.88334
379337.045	6685274.99	-5704.88584
379465.777	6683870.21	-5738.30512
379717.379	6682734.81	-5595.65784
379867.846	6681521.1	-5575.35627
380046.146	6680712.57	-5469.61776
380147.288	6679481.06	-5503.57259
380262.704	6678217.52	-5525.55619
380384.952	6676766.97	-5560.75532
380575.139	6675353.54	-5507.31314
380655.961	6674150.86	-5561.05811
380862.283	6673207.18	-5431.10887
380992.675	6672087.28	-5413.7313
381263.453	6671067.31	-5213.12536
381377.258	6669640.23	-5254.9234
381517.822	6668322.27	-5250.67779
381617.519	6666841.74	-5315.43955
381773.456	6665716.38	-5267.5533
381854.47	6664781.67	-5287.31909
382079.588	6663618.18	-5159.21779
382345.35	6662620.5	-4959.28259
382464.713	6661169.11	-4999.46909
382614.566	6659843.87	-4985.98118
382763.741	6658412.75	-4987.61709
382906.725	6657236.9	-4963.90191
382918.646	6656396.5	-5059.25637
383075.496	6655310.38	-5006.33929
383259.883	6654166.13	-4927.72589
383544.162	6652713.7	-4766.91251
383651.088	6651313.13	-4819.81904
383889.016	6649969.77	-4703.50651
383991.586	6648748.08	-4740.27313
384103.214	6647974.83	-4705.5576
384192.82	6646843.7	-4745.92654
384297.129	6645585.46	-4785.74936
384538.052	6644258.81	-4666.13359
384755.66	6642828.28	-4589.98196
384962.207	6641517.32	-4512.63826
385154.05	6640391.45	-4429.23056
385225.43	6640000	-4393.39116
373963.61	6709285.11	-4822.48348
373985.279	6709236.36	-4816.87992
374271.868	6707905.38	-4974.2488
374763.661	6706478.73	-4926.19141
375082.461	6705189.59	-5031.8171
375194.555	6704384.71	-5197.64533
375345.665	6703569.17	-5316.30814
375685.745	6702225.33	-5407.25771
376126.283	6700806.87	-5413.89869
376443.68	6699509.48	-5509.18693
376625.77	6698131.81	-5766.35933
376854.176	6697176.92	-5824.46113
377300.189	6696274.12	-5633.58556
377595.105	6695085.78	-5684.22077
377724.293	6693726.34	-5924.48191
377983.189	6692335.64	-5987.46806
378145.756	6691032.79	-6081.96849
378551.228	6689849.2	-5884.49545
378713.65	6688848.53	-5878.81198
378838.179	6687976.19	-5879.94368
378997.444	6686585.08	-5905.0849
379117.558	6685274.92	-5950.38835
379261.475	6683883.27	-5968.27131
379396.977	6682661.13	-5971.74875
379630.038	6681646.18	-5834.27169
379780.758	6680532.7	-5800.03566
379972.014	6679504.31	-5705.36451
380095.689	6678222.13	-5721.08268
380255.578	6676766.31	-5715.85028
380338.621	6675311.24	-5795.83114
380471.666	6674162.69	-5780.5745
380741.32	6673181.47	-5580.01853
380780.779	6672064.43	-5671.68971
381072.129	6671079.32	-5442.95442
381193.149	6669639.01	-5478.01062
381348.74	6668313.97	-5456.73432
381474.724	6666840.99	-5489.54391
381614.988	6665700.97	-5463.29851
381687.846	6664602.9	-5514.1378
381879.594	6663607.6	-5405.91564
381961.556	6662610.52	-5431.84195
382279.223	6661174.64	-5226.65186
382427.038	6659834.31	-5217.83087
382600.06	6658400.28	-5190.54438
382752.412	6657054.54	-5178.05126
382856.01	6656249.52	-5155.93646
382909.203	6655280.12	-5215.99244
383074.077	6654171.42	-5157.16134
383226.685	6652709.74	-5160.74712
383453.142	6651313.13	-5065.08706
383702.085	6649947.96	-4938.22772
383830.314	6648750.18	-4939.95801
383970.515	6647938.14	-4875.29016
384077.627	6646693.46	-4909.9123
384205.172	6645572.98	-4901.95609
384339.652	6644268.77	-4911.81795
384493.274	6642819.93	-4918.09002
384731.15	6641414.14	-4814.50137
384971.634	6640366.79	-4660.02072
385042.717	6640000	-4621.45546
373801.758	6709285.25	-5011.68676
373873.768	6709224.12	-4952.1697
374076.569	6707903.42	-5202.58868
374369.876	6706518.78	-5366.73367
374921.87	6705156.54	-5227.50873
375104.776	6704300.14	-5330.18754
375203.923	6703504.09	-5501.10711
375494.124	6702173.3	-5640.94578
375938.11	6700795.29	-5625.30188
376327.837	6699396.74	-5672.76392
376484.167	6698121.22	-5921.40621
376652.947	6697170.8	-6038.57754
376921.433	6696244.12	-6036.02104
377411.363	6695106.14	-5865.37181
377602.586	6693708.26	-6046.32578
377771.417	6692355.42	-6191.24132
377944.76	6691022.43	-6280.26349
378075.629	6689806.83	-6365.65292
378388.674	6688828.5	-6212.26258
378638.252	6687956.67	-6089.79059
378836.556	6686596.89	-6074.46938
378953.534	6685282.93	-6128.05837
379076.242	6683908.87	-6172.49575
379229.917	6682397.52	-6192.8207
379331.057	6681462.64	-6197.91889
379451.054	6680419.19	-6192.54296
379844.082	6679405.64	-5866.60636
379919.231	6678181.82	-5930.79657
380053.537	6676767.51	-5952.32005
380254.023	6675313.14	-5895.93002
380319.407	6674180.03	-5959.64033
380407.96	6672997.16	-6001.91728
380559.015	6672206.76	-5919.54508
380672.569	6671046.48	-5927.00816
380929.166	6669696.97	-5788.14706
381152.838	6668301.06	-5694.93005
381307.122	6666844.18	-5691.68979
381460.897	6665678.73	-5653.10651
381560.775	6664566.41	-5673.72457
381692.503	6663599.29	-5635.39894
381771.857	6662603.3	-5664.51392
381946.584	6661165.33	-5634.84608
382179.283	6659797.98	-5525.89117
382408.368	6658394.57	-5426.23372
382569.217	6657212.16	-5382.54691
382740.87	6656190.82	-5305.19843
382810.559	6655113.26	-5359.72247
382907.747	6654174.19	-5362.06611
383034.075	6652698.91	-5399.94023
383193.68	6651313.13	-5385.48962
383332.247	6649941.03	-5396.15586
383720.074	6648622.85	-5093.09551
383747.917	6647599.53	-5195.9294
383930.525	6646837.85	-5072.27568
384058.979	6645560.19	-5085.12179
384161.868	6644273.25	-5132.06061
384301.303	6642816.28	-5157.13362
384487.03	6641504.01	-5105.87739
384559.913	6640354.22	-5173.57043
384727.451	6640000	-5013.69738
373631.333	6709285.77	-5209.006
373722.1	6709214.04	-5131.72431
373909.168	6707884.1	-5403.44856
374186.139	6706519.84	-5577.11202
374538.801	6705248.65	-5629.70064
374985.926	6704118.09	-5529.43558
375148.32	6703304.07	-5634.90467
375314.768	6702161.17	-5845.4245
375577.981	6700832.82	-6006.43289
376135.468	6699385.22	-5883.65998
376355.07	6698095.36	-6065.09594
376493.444	6697171.04	-6204.74608
376709.248	6696242.49	-6253.68294
376998.891	6695116.39	-6274.98143
377390.647	6693720.85	-6247.48252
377635.088	6692341.6	-6322.52032
377795.381	6690953.23	-6437.02598
377967.351	6689770.44	-6477.74377
378131.202	6688951.7	-6449.49014
378274.351	6687795.18	-6483.5151
378637.253	6686616.59	-6280.70071
378768.288	6685202.16	-6335.97306
378939.265	6683893.64	-6324.7242
379055.862	6682394.95	-6387.8202
379151.049	6681449.46	-6402.9313
379315.955	6680387.5	-6350.00612
379467.171	6679342.71	-6307.97968
379624.516	6678167.38	-6272.90697
379883.737	6676767.46	-6148.9143
380077.22	6675311.82	-6103.17774
380227.108	6674057.42	-6082.8306
380330.014	6672813.47	-6116.82886
380389.008	6672204.85	-6122.1328
380527.782	6670908.81	-6117.48838
380723.949	6669696.97	-6033.70013
380913.424	6668282.68	-5984.86309
381189.546	6666850.13	-5832.40127
381290.393	6665661.06	-5860.9064
381475.768	6664430.29	-5793.35571
381534.773	6663569.79	-5830.7001
381607.682	6662589.8	-5865.95249
381755.325	6661152.55	-5869.35093
381940.167	6659825.54	-5814.26149
382047.283	6658380.03	-5868.75054
382371.356	6657207.46	-5625.15953
382522.443	6656155.59	-5577.01783
382680.333	6655096.51	-5521.59724
382760.013	6654173.94	-5543.54107
382863.566	6652666.51	-5614.13462
383023.848	6651274.25	-5599.93948
383144.273	6649951.9	-5626.26522
383318.105	6648613.23	-5589.93372
383549.594	6647586.3	-5442.26904
383786.707	6646706.87	-5267.58455
383901.346	6645555.31	-5280.65484
384023.735	6644273.89	-5302.81871
384128.259	6642809.47	-5372.6303
384280.529	6641372.81	-5379.79984
384440.386	6640227.39	-5339.07781
384534.053	6640000	-5253.67019
373447.221	6709286.51	-5420.40225
373543.964	6709220.8	-5334.49589
373807.955	6707858.33	-5527.91228
374019.074	6706520.54	-5766.95944
374207.731	6705231.3	-6008.32695
374769.538	6704256.48	-5721.93205
375021.658	6703389.08	-5745.9685
375178.273	6702139.33	-6003.46851
375371.436	6700834.14	-6229.21754
375768.601	6699422.24	-6261.34628
376277.089	6698073.22	-6152.58135
376383.262	6696995.37	-6368.49504
376517.019	6696238.05	-6448.50515
376684.238	6695087.83	-6589.85523
377157.159	6693725.85	-6468.85392
377424.374	6692332.65	-6520.45247
377650.885	6690944.89	-6574.92611
377794.464	6689737.8	-6651.41931
377863.017	6688791.38	-6740.4175
378052.629	6687791.2	-6708.07342
378320.703	6686589.38	-6611.66112
378506.746	6685252.53	-6604.82957
378752.363	6683872.44	-6528.65303
378897.649	6682394.79	-6561.93548
379006.614	6681426.32	-6567.07862
379081.366	6680343.41	-6620.80649
379257.77	6679337.18	-6546.59072
379414.221	6678161.29	-6514.56474
379645.698	6676767.44	-6422.86763
379878.773	6675316.22	-6333.27611
380058.407	6674019.02	-6284.69566
380160.735	6672795.26	-6317.78161
380277.667	6672027.23	-6276.26786
380372.151	6670864.2	-6307.80987
380462.766	6669741.56	-6339.25829
380697.675	6668282.58	-6242.45176
380911.664	6666868.69	-6162.90793
381113.739	6665562.26	-6085.01694
381306.964	6664406.9	-5999.36024
381374.116	6663539.13	-6028.30954
381520.983	6662491.93	-5983.69208
381584.35	6661141.21	-6078.08966
381759.573	6659824.28	-6033.97668
381858.41	6658379	-6098.45849
382067.286	6657196.56	-5996.86851
382228.259	6656029.23	-5951.93025
382449.614	6654941.49	-5823.37818
382596.389	6654171.61	-5743.85799
382746.731	6652658.55	-5758.24229
382849.981	6651283.34	-5812.36697
382967.221	6649965.94	-5841.87498
383130.012	6648597.09	-5823.38981
383342.404	6647563	-5700.2959
383460.356	6646594.47	-5684.65605
383726.004	6645564.33	-5495.57064
383853.526	6644271.62	-5512.92371
384003.786	6642808.86	-5526.24966
384117.791	6641374.27	-5580.83989
384228.958	6640134.99	-5613.16104
384345.308	6640000	-5487.31729
373115.409	6709292.93	-5796.70246
373166.552	6709205.22	-5771.16002
373656.438	6707824.95	-5711.34666
373886.392	6706496.97	-5924.98899
374057.502	6705235.56	-6174.34975
374303.864	6704302.85	-6221.91816
374803.278	6703113.81	-6080.87893
375042.307	6702118.14	-6158.27779
375253.858	6700809.66	-6363.63065
375494.624	6699405.39	-6554.21972
375984.06	6697996.91	-6477.01382
376303.273	6696795.69	-6505.83328
376434.073	6696055.21	-6580.59122
376507.586	6695062.82	-6767.31563
376763.327	6693721.21	-6840.20137
377185.038	6692327.99	-6742.64496
377443.315	6690928.23	-6770.5395
377641.031	6689718.59	-6800.6639
377728.79	6688738.36	-6879.66922
377852.904	6687790.61	-6907.25006
377993.741	6686609.38	-6942.6571
378285.947	6685252.53	-6835.17303
378541.271	6683859.94	-6755.42274
378712.424	6682398.34	-6762.19248
378892.375	6681268.96	-6711.41811
379014.368	6680158.74	-6718.89719
379062.568	6679330.52	-6766.94036
379212.492	6678149.29	-6745.34111
379388.131	6676724.34	-6723.06006
379538.6	6675382.23	-6716.90496
379862.698	6673996.68	-6514.55023
379988.417	6672796.13	-6518.21237
380137.531	6671989.85	-6444.94488
380231.349	6670810.19	-6480.56485
380368.171	6669741.52	-6451.29525
380485.151	6668282.25	-6494.7565
380649.058	6666834.45	-6480.35916
380777.155	6665514.96	-6492.51953
381014.584	6664392.04	-6350.91156
381125.068	6663363.59	-6348.77698
381376.66	6662483.79	-6158.24664
381436.426	6661128.57	-6257.87197
381570.098	6659821.11	-6263.78456
381737.438	6658376.94	-6245.44073
381910.731	6657073.53	-6202.42208
381995.666	6655945.64	-6244.91547
382231.564	6654898.72	-6094.22765
382378.183	6654015.53	-6030.01763
382569.32	6652693.42	-5969.79737
382704.318	6651276.54	-5991.09275
382818.031	6649962.45	-6025.04155
382955.314	6648579.71	-6039.87609
383130.683	6647388.9	-5983.11251
383244.685	6646514.39	-5960.0457
383465.117	6645416.65	-5836.38076
383668.907	6644267.21	-5740.52796
383824.627	6642816.95	-5745.49656
383967.781	6641372.76	-5765.81152
384088.147	6640139.32	-5786.24625
384165.122	6640000	-5709.75452
372816.366	6709253.81	-6149.9066
372954.304	6709248.47	-5996.38127
373400.775	6707873.93	-5981.4292
373726.477	6706490.35	-6105.14846
373971.085	6705196.56	-6283.24273
374160.64	6704000.23	-6481.74039
374443.202	6703114.4	-6471.29655
374870.489	6702131.53	-6338.51082
375139.161	6700727.51	-6511.6252
375295.843	6699409.61	-6759.24863
375563.425	6698068.39	-6883.20556
376067.909	6696926.02	-6701.74055
376311.939	6695863.68	-6751.19181
376422.872	6694919.82	-6882.94595
376558.369	6693705.94	-7034.63713
376866.01	6692324.76	-7035.80912
377204.381	6690921.26	-6991.86885
377483.177	6689616.23	-6965.50763
377616.632	6688383.62	-7044.25604
377729.401	6687642.02	-7052.82202
377854.255	6686479.08	-7102.90153
377997.883	6685198.54	-7140.32529
378215.777	6683860.74	-7098.61956
378502.454	6682406.42	-6986.26629
378704.341	6681243.95	-6919.29955
378884.298	6680145.31	-6863.81351
378974.654	6679174.24	-6885.12095
379042.053	6678115.06	-6941.99645
379190.281	6676713.96	-6948.99051
379341.241	6675389.46	-6941.75603
379477.923	6673924.72	-6966.38796
379872.78	6672664.07	-6668.03768
379894.331	6671653.92	-6768.56212
380081.792	6670847.01	-6650.42083
380213.892	6669742.19	-6632.46689
380306.318	6668281.41	-6706.3721
380454.731	6666831.26	-6711.12029
380584.539	6665529.42	-6719.63397
380692.879	6664328.64	-6741.89761
380911.438	6663337.58	-6606.85494
381195.459	6662471.02	-6376.76409
381262.623	6661129.2	-6465.92906
381449.282	6659828.14	-6407.82409
381570.895	6658373.46	-6447.26499
381716.081	6657061.67	-6439.38651
381802.641	6655941.31	-6479.24072
382021.287	6654872.98	-6352.54136
382142.75	6653873.23	-6334.46829
382376.337	6652703.85	-6202.88863
382511.169	6651277.28	-6225.92495
382666.82	6649949	-6210.94656
382855.083	6648482.85	-6174.94814
382947.058	6647510.46	-6191.97868
383030.07	6646645.33	-6205.39682
383191.313	6645530	-6156.53298
383316.756	6644260.86	-6173.12939
383632.84	6642820.82	-5980.3534
383787.414	6641375.18	-5986.95754
383941.829	6640101.72	-5971.18047
383988.265	6640000	-5927.4329
372642.474	6709252.21	-6345.6447
372714.075	6709143.43	-6304.60058
373055.923	6707866.41	-6369.4944
373538.372	6706454.37	-6325.31072
373854.422	6705112.69	-6439.54493
374008.248	6703989.97	-6650.58514
374227.71	6703105.52	-6706.17099
374520.909	6702028.45	-6743.64798
374962.572	6700728.06	-6695.78826
375159.59	6699397.45	-6903.63257
375369.067	6698068.34	-7078.14896
375586.063	6696894.95	-7183.08154
376041.522	6695718.87	-7047.91447
376261.449	6694899.14	-7040.29249
376397.549	6693682.81	-7188.36892
376589.366	6692321.89	-7287.92926
376808.003	6690929.41	-7352.78968
377208.506	6689570.62	-7229.13164
377410.035	6688381.95	-7240.68701
377568.795	6687597.42	-7215.20483
377707.262	6686352.36	-7269.25631
377866.891	6685187.92	-7275.79922
378048.054	6683848.54	-7276.51323
378195.756	6682427.67	-7309.64712
378456.688	6681257.49	-7184.53124
378721.345	6679996.93	-7059.61816
378797.856	6679142.44	-7084.04554
378912.992	6678127.3	-7083.79866
379017.236	6676712.05	-7144.31819
379155.905	6675394.66	-7151.78128
379281.973	6673921.31	-7190.77099
379514.027	6672781.93	-7066.96454
379667.303	6671780.47	-7015.13416
379929.732	6670724.7	-6842.32863
380024.635	6669597	-6871.13794
380179.669	6668281.84	-6854.24626
380283.774	6666840.28	-6911.87106
380406.606	6665543.01	-6928.40043
380577.011	6664171.98	-6898.7233
380696.999	6663311.59	-6864.82818
380912.826	6662198.76	-6748.40351
381164.142	6661140.99	-6581.94612
381270.224	6659829.57	-6621.76691
381426.895	6658376.07	-6619.48131
381554.804	6656925.47	-6651.08442
381639.735	6655954.86	-6674.1729
381745.218	6654861.58	-6687.67547
381900.096	6654013.05	-6609.84749
381995.472	6652687.07	-6666.14416
382318.837	6651313.13	-6454.26579
382533.718	6649933.64	-6374.5649
382710.948	6648483.17	-6350.33549
382811.689	6647476.8	-6361.46457
382890.076	6646483.09	-6398.21108
383024.043	6645411.54	-6377.03204
383122.998	6644265.97	-6409.33924
383318.034	6642815.13	-6366.43591
383602.175	6641414.14	-6208.47035
383764.113	6640073.23	-6192.86278
383805.847	6640000	-6151.29875
372603.556	6709251.72	-6389.27844
372608.286	6709008.47	-6470.83863
372854.1	6707862.15	-6595.03782
373183.185	6706470.53	-6709.16603
373689.859	6705081.09	-6628.64374
373886.53	6703968.86	-6788.44341
374032.564	6703111.33	-6912.53779
374141.241	6702165.74	-7099.0148
374764.263	6700730.58	-6900.55393
375050.118	6699387.87	-7016.532
375205.169	6698054.14	-7245.31947
375444.007	6696770.13	-7354.57982
375652.04	6695778.25	-7403.15676
376052.561	6694746.5	-7271.13595
376320.491	6693674.7	-7260.72882
376423.746	6692313.39	-7440.15189
376593.913	6690928.65	-7547.94528
376806.215	6689681.25	-7581.94406
377047.067	6688471.79	-7566.9504
377371.145	6687554.33	-7410.82559
377535.327	6686459.95	-7421.01284
377698.01	6685177.1	-7447.82659
377818.512	6683868.71	-7510.31353
377980.438	6682429.13	-7536.44899
378122.419	6681239.86	-7543.87381
378384.938	6680072.57	-7413.19746
378528.416	6679109.98	-7382.05048
378777.849	6678044.33	-7243.54024
378856.368	6676699.18	-7324.74807
378999.742	6675363.2	-7333.28314
379099.738	6673917.01	-7398.29886
379264.203	6672756.27	-7355.67306
379349.169	6671665.76	-7394.2058
379700.478	6670571.8	-7126.15877
379821.155	6669585.66	-7108.44902
379997.198	6668282.23	-7066.34365
380131.918	6666827.98	-7090.54277
380257.041	6665534.42	-7105.4009
380401.46	6664153.96	-7108.45529
380503.793	6663295.77	-7095.59211
380615.006	6662245.84	-7095.62536
380830.211	6661105.72	-6983.81804
381020.646	6659797.98	-6922.9185
381237.158	6658379.15	-6845.61911
381393.893	6656924.35	-6843.94407
381524.187	6655934.12	-6815.64999
381617.777	6654661.09	-6867.01734
381724.153	6654014.03	-6821.95214
381887.354	6652670.35	-6798.82284
382053.144	6651313.13	-6775.398
382327.644	6649923.4	-6625.56215
382532.653	6648483.66	-6566.51801
382583.84	6647333.42	-6656.7684
382753.129	6646340.74	-6583.71705
382818.233	6645260.51	-6648.23478
382944.048	6644270.76	-6626.91601
383117.653	6642809.22	-6611.83396
383335.429	6641414.14	-6534.57834
383576.296	6640000	-6432.42805
383615.06	6640000	-6384.7996
372426.201	6709252.86	-6585.90457
372539.277	6709092.15	-6517.63552
372683.092	6707849.26	-6788.06926
372980.334	6706472.79	-6929.37558
373491.499	6705070.33	-6845.63684
373787.151	6703776.54	-6956.53045
373941.6	6702936.07	-7065.07396
374041.473	6702019.25	-7249.4741
374362.52	6700793.75	-7293.28824
374841.804	6699388.49	-7226.21985
375069.367	6698046.18	-7380.6875
375240.507	6696835.43	-7534.16381
375422.928	6695773.32	-7620.97931
375664.731	6694805.93	-7617.9651
376094.872	6693553.25	-7492.5287
376319.3	6692303.69	-7536.45136
376430.06	6690918.07	-7698.96502
376582.243	6689552.03	-7811.51133
376803.353	6688464.05	-7796.70845
376989.484	6687452.61	-7790.16869
377401.709	6686349.89	-7567.69285
377514.329	6685168.32	-7631.65869
377665.215	6683872.08	-7665.77558
377786.397	6682433.57	-7738.89507
377954.798	6680969.79	-7756.15553
378051.673	6680020.27	-7778.00048
378291.564	6678942.13	-7659.59359
378575.832	6678036.54	-7465.59617
378662.393	6676697.82	-7538.76395
378818.512	6675373.95	-7532.95743
378950.939	6673915.59	-7566.32108
379088.696	6672739.47	-7557.12759
379162.384	6671636.88	-7611.07054
379367.903	6670629.22	-7501.18676
379451.966	6669678.8	-7521.72352
379800.013	6668282.39	-7294.55498
379943.002	6666831.95	-7309.64468
380096.252	6665518.86	-7294.94727
380252.514	6664141.98	-7284.8957
380357.445	6663269.38	-7271.66952
380428.337	6662216.34	-7319.97378
380625.259	6661102.17	-7227.0148
380742.299	6659803.55	-7252.56485
381042.971	6658380.52	-7076.50668
381208.271	6656927.07	-7064.96422
381410.397	6655774.92	-6971.69616
381489.95	6654623.66	-7025.01363
381609.619	6653869.5	-6978.66136
381702.302	6652635.49	-7026.23776
381847.881	6651313.13	-7022.65182
382013.692	6649913.76	-7005.88841
382335.926	6648483.99	-6804.40957
382388.552	6647328.85	-6893.55107
382617.218	6646136.68	-6775.22729
382706.729	6645228.11	-6787.81648
382791.061	6644271.91	-6812.73067
382923.018	6642794.25	-6850.85275
383137.093	6641414.14	-6776.46325
383283.874	6640053.46	-6782.12994
383424.284	6640000	-6617.78831
372117.825	6709292.93	-6910.99103
372373.084	6709119.18	-6691.77198
372551.847	6707821.84	-6940.68058
372805.971	6706446.79	-7127.20477
373010.174	6705103.07	-7349.32127
373592.302	6703808.68	-7151.61747
373771.74	6702871.77	-7263.38612
373899.965	6701940.69	-7420.04573
374144.176	6700786.04	-7518.3159
374500.787	6699390.19	-7566.45564
374890.886	6697986.9	-7570.57345
375121.216	6696662.37	-7691.60175
375249.913	6695770.26	-7784.38886
375432.705	6694801.38	-7833.99514
375683.762	6693655.16	-7847.56823
376039.717	6692270.85	-7796.23532
376323.579	6690911.78	-7796.56028
376504.478	6689542.51	-7884.75989
376598.608	6688467.68	-7987.27546
376746.43	6687428.86	-8024.45532
377050.283	6686334.31	-7909.02151
377305.701	6685175.26	-7836.34241
377472.412	6683873.65	-7859.31166
377654.724	6682432.74	-7874.64765
377771.401	6680969.07	-7949.14278
377865.394	6680019.06	-7976.44262
378052.068	6678945.07	-7916.79115
378205.068	6677918.84	-7883.43093
378456.443	6676683.51	-7766.06096
378643.289	6675372.33	-7726.62912
378842.482	6673918.63	-7686.73833
378982.402	6672623.72	-7690.75476
379059.38	6671520.99	-7742.39949
379166.948	6670618.43	-7731.79465
379302.296	6669555.46	-7709.02337
379432.841	6668228.31	-7724.02177
379691.834	6666868.69	-7595.50999
379901.887	6665502.34	-7522.66897
380094.544	6664142.96	-7468.98952
380217.794	6663231.63	-7440.0653
380285.848	6662099.57	-7502.51577
380429.951	6661100.55	-7457.54602
380543.59	6659805.97	-7487.14403
380724.972	6658355.86	-7456.65123
380938.731	6656969.7	-7379.52996
381227.16	6655744.7	-7193.87615
381329.551	6654466.91	-7236.34411
381476.855	6653842.22	-7141.16467
381556.937	6652541.2	-7213.08566
381678.627	6651252.61	-7234.1682
381816.557	6649921.08	-7242.16186
381971.586	6648462.98	-7246.47859
382183.783	6647319.55	-7141.74827
382405.377	6646255.31	-7015.46973
382521.226	6645210.71	-7014.36743
382688.412	6644173.59	-6950.46568
382825.98	6642749.04	-6974.99133
382951.622	6641386.24	-7006.07219
383093.693	6640067.88	-7011.77682
383233.366	6640000	-6850.49838
371790.364	6709274.13	-7275.6215
372154.572	6709006.65	-6970.08154
372387.362	6707827.93	-7116.73234
372642.778	6706462.28	-7298.55425
372822.548	6705108.6	-7546.21835
373247.916	6703842.12	-7501.33558
373704.003	6702703.04	-7386.24364
373834.816	6701803.64	-7528.44453
373990.458	6700698.48	-7699.73786
374204.944	6699382.73	-7860.66119
374660.595	6697984.24	-7794.26278
374940.924	6696591.41	-7879.80042
375144.898	6695576.06	-7926.71737
375237.366	6694794.06	-8015.90443
375407.535	6693601.48	-8109.60775
375704.893	6692313.51	-8091.24775
376073.489	6690908.53	-8023.78806
376337.206	6689522.16	-8041.49116
376446.948	6688452.63	-8130.85976
376547.366	6687387.24	-8219.22164
376699.733	6686255.78	-8258.70291
376986.783	6685285.39	-8132.20147
377257.754	6683867.63	-8074.60293
377454.361	6682428.32	-8079.06438
377602.314	6680968.76	-8124.93984
377722.054	6680004.82	-8129.5795
377805.903	6678900.5	-8186.08192
377965.943	6678075.85	-8120.67799
378151.032	6676738.05	-8091.85899
378395.497	6675353.54	-8000.80742
378637.451	6673924.62	-7913.50723
378806.886	6672612.33	-7888.6496
378939.342	6671485.31	-7881.83857
379013.415	6670436.31	-7928.85453
379120.893	6669550.59	-7916.61066
379231.697	6668213.1	-7956.09418
379436.929	6666890.26	-7886.30006
379628.02	6665454.55	-7844.94977
379904.802	6664144.43	-7688.97109
380010.588	6662926.63	-7718.79691
380179.467	6662025.69	-7635.941
380299.845	6660978.35	-7626.25455
380364.13	6659809.32	-7698.0823
380535.992	6658350.21	-7680.55012
380667.507	6657022.7	-7693.9122
380825.06	6655684.19	-7678.41324
381145.538	6654469.73	-7454.57343
381268.35	6653648.6	-7414.45836
381391.863	6652509.14	-7414.36862
381524.058	6651247.82	-7419.87581
381635.066	6649930.68	-7458.74965
381783.071	6648458.45	-7473.6382
381915.697	6647168.61	-7483.88714
382074.791	6646195.47	-7421.6358
382309.599	6645176.77	-7274.15268
382512.262	6644155.1	-7165.71617
382685.663	6642786.4	-7139.53184
382791.819	6641389.18	-7199.55795
382920.781	6640078.77	-7220.38493
383046.036	6640000	-7078.28744
371597.772	6709271.94	-7485.7318
371701.982	6709132.34	-7420.0558
372200.543	6707825.1	-7318.74756
372467.12	6706441.91	-7491.52015
372727.511	6705095.23	-7650.80797
372904.624	6703808.36	-7869.48218
373275.514	6702690.11	-7829.77338
373688.811	6701809.65	-7674.64369
373864.287	6700684.69	-7830.48114
373997.438	6699377.34	-8065.9997
374295.669	6698004.2	-8140.35902
374742.085	6696612.72	-8061.73103
375021.441	6695385.55	-8085.18249
375173.399	6694626.82	-8110.23539
375252.054	6693497.15	-8271.37275
375462.32	6692307.83	-8311.89721
375731.535	6690905.7	-8334.01597
376124.892	6689507.11	-8237.81893
376316.749	6688299.25	-8277.69331
376467.8	6687263.1	-8314.88081
376539.093	6686082.83	-8440.36745
376730.701	6685186.03	-8396.16471
376955.548	6683849.61	-8376.72915
377224.947	6682426.31	-8311.5612
377404.532	6680971.12	-8328.05408
377605.233	6679846.11	-8271.57683
377734.584	6678708.63	-8286.6174
377825.229	6677940.4	-8289.51142
377942.301	6676720.46	-8319.90234
378126.363	6675307.33	-8300.66935
378284.254	6673966.02	-8297.29005
378576.857	6672619.05	-8143.55815
378759.996	6671445.15	-8087.11597
378917.593	6670403.54	-8040.71069
378982.622	6669541.72	-8074.42822
379050.939	6668196.42	-8163.94829
379273.538	6666898.42	-8072.46314
379422.677	6665444.2	-8082.7424
379663.225	6664041.86	-7980.49474
379806.167	6662920.05	-7956.52484
380030.129	6661867.35	-7829.40942
380137.304	6660957.25	-7818.73339
380221.517	6659810.04	-7865.07447
380350.659	6658346.47	-7899.17266
380482.791	6657024.88	-7911.47365
380589.897	6655575.35	-7969.92427
380844.827	6654588.41	-7795.79285
381063.389	6653478.98	-7679.64062
381204.947	6652531.9	-7633.49818
381359.095	6651235.73	-7617.97614
381505.039	6649926.07	-7614.86745
381610.624	6648455.25	-7680.75656
381736.96	6647175.87	-7697.37878
381855.714	6646030.42	-7706.5711
382098.505	6645153.22	-7531.32545
382270.01	6643999.2	-7478.45521
382503.524	6642801.8	-7357.21242
382617.835	6641374.16	-7411.53495
382779.416	6640065.8	-7393.34294
382864.142	6640000	-7298.84466
371419.552	6709270.13	-7678.88063
371534.503	6709017.39	-7639.32443
371889.953	6707802.65	-7658.63692
372278.48	6706429.86	-7694.55584
372594.999	6705078.65	-7794.88751
372726.673	6703729.82	-8076.77904
372931.826	6702683.56	-8181.18261
373472.08	6701666.42	-7936.22774
373700.32	6700679.8	-7995.0423
373914.914	6699364.45	-8150.14909
374075.91	6697998.27	-8352.14339
374311.477	6696648.96	-8457.47416
374780.793	6695517.52	-8277.48816
375002.481	6694578.92	-8276.73508
375101.429	6693475.71	-8412.37403
375254.106	6692295.2	-8502.78035
375476.946	6690900.18	-8565.55089
375727.037	6689489.81	-8603.25518
376119.321	6688266.73	-8465.47788
376269.381	6687079.93	-8530.5011
376385.409	6686034.17	-8593.859
376508.68	6685185.7	-8611.01334
376726.781	6683854.6	-8601.42419
376942.644	6682419.45	-8596.66158
377186.228	6680977.42	-8550.1686
377408.738	6679812.98	-8479.61351
377590.513	6678691.41	-8440.00205
377672.728	6677914.96	-8454.69847
377764.664	6676656.49	-8519.34522
377922.411	6675296.53	-8523.34002
378080.804	6673973.38	-8519.14804
378225.004	6672512.88	-8545.09559
378634.039	6671300.27	-8245.05905
378658.327	6670225.67	-8352.69443
378835.565	6669531.81	-8240.87393
378977.861	6668180.77	-8248.64257
379079.361	6666902.18	-8293.50718
379217.562	6665440.03	-8318.39629
379377.093	6664123.31	-8299.87666
379475.917	6662964.61	-8331.89795
379824.377	6661845.06	-8070.57592
379938.548	6660932.65	-8052.87325
380054.988	6659807.5	-8059.24325
380197.123	6658341.28	-8079.58952
380309.205	6657014.7	-8116.8553
380487.653	6655585.27	-8089.21423
380621.983	6654428.77	-8079.27075
380738.95	6653554.26	-8053.69426
381079.427	6652403.13	-7799.1358
381174.639	6651235.03	-7837.13582
381328.37	6649921.18	-7825.60421
381470.644	6648455.08	-7847.91455
381575.206	6647169.5	-7891.70623
381644.407	6646023.94	-7960.66921
381895.498	6645139.98	-7776.89126
381922.33	6644107.4	-7881.62094
382311.752	6642808.38	-7587.18084
382437.408	6641373.55	-7628.9781
382610.783	6640051.18	-7598.7674
382681.994	6640000	-7519.06813
371250.697	6709269.58	-7860.23587
371393.558	6708982.66	-7802.49596
371595.327	6707861.98	-7953.45961
371931.889	6706475.21	-8043.74347
372408.725	6705076.48	-7988.72875
372604.272	6703750.87	-8195.52635
372765.301	6702667.62	-8354.50316
372988.782	6701775.34	-8387.9087
373506.827	6700686.7	-8184.60731
373756.534	6699350.56	-8307.45442
373900.889	6697982.8	-8523.06246
374105.014	6696643.76	-8651.3792
374349.85	6695309.24	-8721.12643
374702.376	6694397.93	-8588.02071
374917.166	6693443.6	-8585.78807
375102.478	6692293.05	-8640.45274
375261.953	6690890.02	-8762.11585
375487.384	6689487.64	-8821.42414
375718.768	6688073.47	-8867.78279
376149.803	6687049.27	-8646.32139
376219.534	6686017.94	-8752.28486
376345.134	6685169.65	-8769.80348
376530.517	6683859.05	-8793.03468
376694.445	6682408.18	-8845.39299
376891.124	6680974.16	-8850.55456
377101.773	6679786.25	-8798.43399
377421.265	6678548.74	-8634.47438
377508.655	6677711.72	-8653.36663
377639.127	6676677.29	-8649.96387
377744.537	6675293.49	-8715.60536
377891.164	6673978.54	-8725.13839
378022.779	6672509.81	-8767.50899
378264.805	6671361.29	-8646.59836
378442.421	6670213.77	-8594.1419
378685.026	6669371.09	-8429.67569
378812.909	6668179.96	-8434.38365
378930.166	6666904.26	-8462.07943
379034.297	6665433.52	-8528.48332
379186.912	6664120.69	-8518.14433
379248.132	6662834.38	-8609.73934
379493.863	6661888.8	-8446.61544
379713.882	6660777.02	-8332.67087
379862.078	6659805.33	-8283.22566
380068.91	6658337.43	-8229.14106
380198.784	6657007.54	-8246.874
380318.008	6655619.81	-8284.38655
380424.517	6654403	-8314.93765
380535.652	6653543.97	-8294.81496
380756.379	6652442.65	-8176.11986
380894.156	6651313.13	-8158.88903
381131.741	6649915.15	-8059.65551
381290.085	6648460.24	-8061.83083
381422.833	6647157.29	-8074.85913
381554.205	6646083.21	-8060.82826
381648.976	6644967.18	-8095.07511
381736.959	6644106.55	-8103.80354
381938.704	6642778.05	-8039.19695
382187.045	6641414.14	-7924.3386
382418.858	6640037.44	-7831.66369
382494.438	6640000	-7745.19592
371192.444	6709270.93	-7921.91562
371273.797	6708806.21	-7988.48145
371426.73	6707812.81	-8147.92109
371714.422	6706479.84	-8269.55328
372127.969	6705044.32	-8288.32005
372531.71	6703667.01	-8294.50821
372690.671	6702507.04	-8476.51609
372802.162	6701754.44	-8579.64492
373020.45	6700636.88	-8675.45638
373559.613	6699355.02	-8496.41726
373806.731	6697982.79	-8611.4348
373930.341	6696626.14	-8818.12814
374144.238	6695299.57	-8911.62009
374309.487	6694284.32	-8969.37652
374797.864	6693409.33	-8700.52316
374948.159	6692212.88	-8795.34698
375126.639	6690881.94	-8886.1508
375275.51	6689483.18	-9014.69394
375487.256	6688071.39	-9080.36208
375787.258	6687024.73	-8987.0236
375989.429	6686011.46	-8968.91679
376231.226	6684869.2	-8925.13094
376370.03	6683858.2	-8948.79288
376493.832	6682390.92	-9046.90036
376675.659	6680970.54	-9068.47138
376828.285	6679684.39	-9091.98547
377037.882	6678681.26	-9014.13683
377222.219	6677537.25	-8975.44082
377495.54	6676610.7	-8810.53077
377578.23	6675280.74	-8894.67019
377727.802	6673946.46	-8907.42922
377834.531	6672505.53	-8973.69167
378007.76	6671335.66	-8932.57598
378097.102	6670251.33	-8971.52666
378339.414	6669215.91	-8833.64321
378625.028	6668194.25	-8642.9473
378748.524	6666904.16	-8666.40332
378901.627	6665431.69	-8678.71723
379016.859	6664108.39	-8713.68351
379152.909	6662862.45	-8715.35705
379283.374	6661715.19	-8710.43867
379406.082	6660890.56	-8673.10026
379621.665	6659687.96	-8576.09356
379881.058	6658343.37	-8446.38046
380001.445	6657004.62	-8476.8698
380194.491	6655593.47	-8431.93177
380257.111	6654220.93	-8534.51712
380325.721	6653400.13	-8560.2045
380474.582	6652315.01	-8524.79001
380605.119	6651340.45	-8496.56933
380795.454	6649883.96	-8461.3124
381085.775	6648469.35	-8302.8598
381329.401	6647145.33	-8187.37118
381434.945	6645889.46	-8227.83389
381530.625	6644764.13	-8263.34716
381643.178	6643986.46	-8232.1205
381747.336	6642756.29	-8271.22169
381931.45	6641453.09	-8225.68919
382089.006	6640014.26	-8230.81179
382300.234	6640000	-7978.71603
370996.466	6709273.77	-8129.38481
371100.425	6708788.01	-8177.37901
371330.793	6707586.59	-8321.33953
371532.313	6706432.22	-8473.87688
371782.227	6705076.87	-8632.63059
372341.193	6703645.38	-8493.5718
372551.49	6702468.84	-8626.34876
372670.192	6701540.65	-8770.62059
372856.576	6700500.08	-8871.66901
373149.062	6699343.37	-8893.97824
373548.071	6697957.41	-8861.79637
373815.185	6696569	-8938.12226
373947.939	6695299.92	-9091.53937
374094.326	6694249.98	-9172.19228
374301.368	6693304.43	-9171.01603
374659.301	6692310.45	-9038.37584
374903.335	6690897.59	-9085.38471
375133.474	6689481.43	-9143.97603
375279.741	6688068.53	-9270.82562
375434.998	6686914.98	-9332.15601
375708.153	6685944.19	-9243.12655
376014.046	6684846.31	-9134.59924
376171.439	6683854.45	-9140.51562
376360.043	6682387.17	-9178.58216
376485.559	6680974.12	-9258.75812
376628.425	6679700.83	-9293.18082
376737.374	6678512.78	-9346.06266
376980.367	6677508.86	-9230.59548
377308.091	6676606.26	-9007.9366
377379.18	6675279.01	-9105.8185
377540.838	6673960.51	-9105.13557
377682.801	6672503.77	-9138.77714
377824.808	6671317.65	-9135.1871
377975.39	6670095.8	-9125.16124
378119.045	6669201.8	-9079.58415
378203.955	6668276.93	-9101.30699
378551.493	6666900.18	-8887.59752
378713.182	6665440.52	-8889.73204
378854.066	6663994.67	-8912.34413
379011.985	6662884.92	-8873.4082
379067.485	6661519.43	-8982.28308
379217.405	6660893.57	-8889.62621
379320.272	6659609.57	-8933.39781
379605.015	6658383.84	-8760.35758
379757.701	6656969.7	-8763.7157
380010.702	6655575.81	-8647.98705
380145.715	6654101.32	-8679.45222
380264.517	6653239.19	-8652.38521
380308.481	6652280.18	-8724.26232
380477.937	6651244.74	-8658.92264
380655.615	6649876.54	-8627.18547
380829.957	6648484.85	-8603.26167
381060.713	6647070.71	-8515.39537
381254.67	6645845.59	-8447.45071
381391.893	6644734.23	-8432.16709
381482.598	6643966.14	-8426.27135
381583.293	6642715.16	-8472.65371
381739.158	6641456.29	-8455.26946
381904.29	6640017.07	-8451.75531
381963.403	6640000	-8382.63527
370550.829	6709282.53	-8597.08348
370885.052	6708652.41	-8447.92167
371154.581	6707686.58	-8473.20387
371378.441	6706420.25	-8636.90288
371567.218	6705079.4	-8850.82819
371937.62	6703665.62	-8893.22181
372378.22	6702448.43	-8803.72859
372542.15	6701383.47	-8939.12022
372668.661	6700475.65	-9060.37127
372845.334	6699319.77	-9189.29871
373240.362	6697980.59	-9145.25196
373602.79	6696567.57	-9134.6733
373847.503	6695209.42	-9202.76664
373923.911	6694200.2	-9337.20383
374133.333	6693272.3	-9329.62791
374208.382	6692270.66	-9454.13604
374660.971	6690901.07	-9304.19471
374890.075	6689491.76	-9362.75404
375114.242	6688067.29	-9422.27013
375252.423	6686886.07	-9505.90626
375377.062	6686092.81	-9527.30178
375533.639	6684925.07	-9575.85957
375948.064	6683851.22	-9355.03609
376149.17	6682403.62	-9381.60669
376322.019	6680971.11	-9421.55894
376457.396	6679695.81	-9466.91809
376552.643	6678491.88	-9538.13478
376753.124	6677494.79	-9467.75852
376852.728	6676611.82	-9482.67764
377167.866	6675285.91	-9327.63271
377375.816	6673961.87	-9280.4107
377567.827	6672507.13	-9261.85274
377714.335	6671205.03	-9269.2778
377792.798	6670137.17	-9320.61624
377909.873	6669191.39	-9311.5575
378053.645	6668152.36	-9284.02325
378179.38	6666818.98	-9312.57391
378507.795	6665445.58	-9119.49624
378659.32	6663996.66	-9131.60151
378862.046	6662813.85	-9052.12191
378928.238	6661492.17	-9144.14593
379006.274	6660741.24	-9150.53538
379132.741	6659579.52	-9152.34621
379332.006	6658425.14	-9069.80012
379492.254	6656969.91	-9070.3974
379807.76	6655569	-8884.25325
379966.174	6654104.23	-8887.93772
380079.403	6653178.88	-8875.75979
380211.509	6652102.41	-8860.85565
380312.76	6651244.71	-8852.75106
380455.527	6649860.32	-8864.75539
380616.647	6648484.85	-8854.60357
380770.007	6647110.94	-8853.61306
381075.212	6645826.97	-8662.27093
381240.569	6644577.49	-8632.15536
381332.83	6643935.11	-8608.13811
381450.233	6642689.05	-8634.49453
381564.519	6641452.9	-8664.12422
381729.059	6640019.45	-8661.01998
381810.886	6640028.2	-8561.60239
370347.927	6709280.58	-8810.93419
370518.018	6708632.34	-8837.50449
371047.421	6707578	-8618.66346
371232.561	6706399.39	-8793.03745
371443.649	6705059.5	-8982.30903
371645.958	6703643.24	-9190.8612
372142.049	6702309.8	-9076.13035
372434.288	6701226.63	-9086.46382
372544.348	6700455.29	-9185.62961
372667.314	6699311	-9360.96761
372933.099	6697961.77	-9436.7876
373360.291	6696566.78	-9358.56594
373644.628	6695183.28	-9393.41688
373856.933	6694060.51	-9426.02841
373979.119	6693072.12	-9507.92056
374076.018	6692129.27	-9600.82582
374329.761	6690936.89	-9597.34362
374647.061	6689490.75	-9583.23881
374999.421	6688070.56	-9526.29142
375155.084	6686752.19	-9619.31499
375291.152	6685907.95	-9638.71613
375418.783	6684921.76	-9684.97792
375571.078	6683681.99	-9741.18793
375915.651	6682409.93	-9607.20325
376103.13	6680980.9	-9636.16499
376285.362	6679676.54	-9642.09591
376457.694	6678391.97	-9648.31267
376558.712	6677461.55	-9672.44771
376686.543	6676479.87	-9673.40994
376860.022	6675290.08	-9650.53745
377113.529	6673939.39	-9561.09117
377358.551	6672512.62	-9485.29853
377534.465	6671195.41	-9465.0667
377670.206	6670088.56	-9460.13809
377776.499	6668992.05	-9483.795
377867.944	6668153.75	-9488.9316
377972.966	6666801.48	-9543.71013
378182.171	6665483.61	-9478.34064
378390.111	6664042.78	-9427.80946
378669.244	6662784.8	-9273.27495
378803.986	6661344.26	-9303.07243
378919.488	6660703.44	-9253.79344
378977.895	6659529.57	-9335.60423
379142.612	6658427.88	-9286.82006
379294.152	6656970.01	-9298.52919
379520.359	6655555.56	-9218.18058
379722.662	6654252.05	-9151.39674
379940.226	6653144.09	-9041.94713
380069.101	6652086.59	-9028.64312
380154.579	6651232.75	-9039.10803
380291.965	6649782.24	-9067.07397
380429.194	6648447.15	-9079.97444
380573.915	6647121.8	-9083.26464
380718.689	6645652.6	-9105.9889
380918.131	6644861.18	-8975.94711
381141.407	6643753.33	-8858.94074
381339.263	6642628.96	-8774.34336
381406.003	6641348.79	-8866.45437
381573.807	6640007.32	-8848.19629
381645.415	6640029.03	-8758.99348
370164.876	6709278.56	-9003.01394
370258.733	6708612.73	-9113.85497
370534.845	6707554.77	-9154.23173
371051.249	6706403.33	-8977.02596
371319.055	6705047.33	-9111.79076
371455.232	6703665.56	-9374.16756
371706.043	6702305.91	-9504.06047
372212.871	6701208.33	-9305.72602
372451.715	6700302.66	-9313.72501
372609.096	6699295.68	-9419.87396
372722.413	6697958.02	-9634.24606
372995.366	6696571.71	-9693.26616
373406.004	6695231.43	-9601.04279
373657.479	6694049.21	-9609.33637
373826.708	6693033.63	-9653.45703
373901.033	6692094.59	-9765.89165
374131.496	6690872.52	-9789.0959
374344.966	6689526.54	-9850.32504
374673.254	6688104	-9817.14191
374956.592	6686753.27	-9801.47543
375123.862	6685863.61	-9801.68303
375181.94	6684785.01	-9929.91363
375348.317	6683655.45	-9957.28026
375601.991	6682374.66	-9915.72611
375852.723	6680994	-9880.20137
376166.514	6679657.76	-9763.12098
376298.288	6678354.57	-9814.27761
376424.457	6677252.14	-9838.85512
376514.122	6676476.6	-9852.17951
376652.712	6675264.42	-9870.36795
376833.039	6673979.41	-9851.71194
376999.977	6672533.62	-9864.38852
377299.821	6671201.56	-9716.55991
377487.981	6670034.61	-9664.0327
377628.835	6668957.78	-9649.20151
377716.632	6668147.55	-9655.84737
377788.472	6666775.59	-9750.7088
377965.548	6665489.88	-9718.24531
378178.097	6664043.28	-9664.96752
378422.416	6662669.46	-9564.89449
378616.637	6661344.6	-9514.43441
378783.807	6660501.05	-9433.10065
378890.125	6659409.28	-9450.90717
378979.545	6658426.81	-9473.30999
379103.629	6656970.26	-9517.30663
379262.947	6655520.13	-9519.49377
379376.789	6654214.49	-9555.60196
379645.548	6653167.9	-9380.35021
379878.252	6652077.52	-9251.39459
379976.225	6651213.95	-9249.05346
380166.695	6649839.84	-9205.56241
380269.511	6648457.65	-9265.9946
380392.02	6647132.41	-9295.67167
380528.229	6645651.53	-9330.40158
380699.374	6644701.87	-9254.98319
380924.97	6643733.85	-9117.35273
381151.438	6642638.08	-8995.46227
381299.02	6641341.63	-8994.17815
381407.032	6640016.48	-9044.76969
381482.678	6640029.01	-8952.67062
370000.851	6709277.94	-9173.76517
370134.893	6708432.56	-9297.13707
370319.464	6707544.93	-9378.1287
370748.876	6706402.11	-9284.72635
371119.065	6704991.17	-9328.71969
371376.287	6703659.93	-9454.08088
371519.199	6702315.71	-9683.45152
371719.738	6701289.06	-9759.97561
372161.107	6700275.93	-9596.78237
372443.49	6699281.16	-9579.88788
372640.178	6697948.55	-9713.01596
372763.707	6696573.01	-9905.87662
372981.164	6695188.74	-9996.73308
373345.482	6693995.23	-9903.41382
373656.798	6692887.67	-9835.47564
373840.525	6691902.21	-9857.27896
373950.857	6690858.5	-9955.36728
374151.025	6689484.61	-10033.9849
374345.838	6688121.14	-10111.8975
374670.968	6686692.94	-10074.1136
374966.007	6685687.18	-9977.6667
375167.388	6684744.58	-9950.14314
375205.949	6683488.25	-10119.4491
375379.611	6682356.96	-10132.353
375576.67	6681044.41	-10141.9188
375760.874	6679624.25	-10169.9404
376109.067	6678336.56	-10007.0724
376283.623	6677078.42	-10005.076
376372.717	6676451.52	-10000.5718
376478.351	6675223.82	-10056.8265
376628.547	6673983.14	-10065.8281
376794.009	6672536.85	-10082.2683
377033.765	6671111.11	-10012.622
377358.479	6669889.31	-9822.04423
377470.442	6668788.48	-9842.1655
377636.119	6667994.19	-9763.59637
377681.218	6666666.16	-9882.87291
377825.991	6665492.17	-9872.54692
377964.435	6664044.71	-9902.89873
378133.745	6662588.52	-9898.5931
378242.266	6661565.19	-9907.32215
378487.244	6660490.28	-9768.87393
378716.877	6659414.53	-9646.32914
378809.167	6658428.08	-9666.76253
378967.572	6656970.53	-9673.04222
379081.202	6655522.22	-9727.98593
379190.623	6654228.96	-9768.05979
379353.066	6652885.87	-9754.21258
379651.713	6652030.77	-9519.95233
379766.84	6651036.73	-9514.9591
379982.216	6649865.31	-9416.85463
380107.37	6648434.31	-9457.91094
380248.499	6647120.9	-9465.39446
380356.37	6645649.99	-9532.46114
380453.11	6644667.67	-9549.24168
380611.913	6643648.7	-9497.68502
380776.338	6642565.89	-9448.13901
381034.818	6641414.14	-9296.82948
381233.897	6640015.94	-9249.82934
381316.627	6640028.23	-9149.81898
369819.478	6709279.8	-9360.62655
370069.975	6708274.2	-9412.34082
370130.296	6707530.69	-9575.5011
370333.249	6706406.77	-9703.23294
370844.23	6705039.8	-9588.74345
371216.852	6703632.42	-9618.74196
371364.526	6702299.97	-9837.81126
371527.21	6701259.11	-9952.77498
371747.579	6700351.9	-9971.66514
372247.686	6699283.5	-9763.82192
372471.799	6697932.89	-9872.93013
372626.452	6696565.68	-10034.0347
372778.357	6695191.93	-10180.7189
373007.94	6693967.29	-10215.1128
373287.882	6692981.15	-10151.8709
373641.367	6691893.91	-10039.2574
373785.393	6690841.76	-10108.4301
373955.558	6689482.64	-10211.5573
374131.068	6688129.32	-10305.7098
374326.556	6686721.65	-10384.4999
374618.543	6685590.01	-10315.1754
374993.689	6684700.75	-10119.4451
375082.395	6683502.04	-10233.6726
375195.338	6682339.55	-10311.5559
375362.239	6681053.3	-10349.0131
375535.625	6679633.94	-10390.7768
375715.905	6678213.49	-10417.3476
376058.795	6677235.6	-10210.9961
376283.435	6676269.9	-10116.4915
376380.769	6675114.68	-10172.5258
376451.113	6673979.88	-10251.5509
376601.537	6672542.39	-10284.8185
376745.212	6671079.47	-10324.2795
376920.228	6669911.73	-10289.4331
377167.912	6668786.18	-10169.1209
377412.792	6667960.78	-10010.5935
377518.989	6666663.01	-10060.4194
377670.279	6665493.71	-10043.7618
377768.085	6664051.67	-10120.109
377935.95	6662585.62	-10119.6511
378008.691	6661438.02	-10184.8232
378261.879	6660463.37	-10025.6551
378511.777	6659409	-9878.45729
378602.506	6658281.37	-9919.44295
378786.092	6656970.12	-9879.13829
378926.842	6655528.5	-9903.81957
379101.204	6654231.15	-9870.56532
379167.076	6652871.61	-9970.2486
379339.011	6652157.28	-9864.80651
379442.707	6650974.71	-9898.04955
379784.253	6649874.54	-9645.3723
379918.27	6648434.87	-9677.79839
380079.952	6647112.22	-9663.05055
380214.306	6645649.34	-9698.85882
380362.88	6644511.22	-9675.64121
380427.593	6643637.93	-9715.92812
380546.84	6642580.83	-9716.29036
380743.789	6641432.83	-9637.8046
381050.029	6640013.68	-9467.47935
381170.033	6640000	-9326.82727
369717.421	6709282.6	-9464.82602
369896.178	6708247.42	-9597.9194
370057.461	6707387.22	-9692.37666
370246.791	6706387.48	-9795.95082
370462.151	6705062.68	-9961.76202
370990.615	6703626.63	-9842.38128
371299.676	6702279.07	-9906.10922
371440.273	6701097.8	-10077.5657
371621.649	6700171.35	-10135.7971
371748.778	6699201.97	-10250.7644
372268.65	6697931.35	-10061.6527
372494.563	6696556.73	-10156.304
372612.521	6695179.68	-10334.2145
372777.987	6693825.87	-10451.4676
372919.674	6692933.88	-10494.6391
373274.696	6691848.56	-10380.0738
373593.093	6690840.38	-10282.9191
373783.359	6689470.31	-10369.9457
373963.575	6688087.65	-10465.7777
374104.609	6686744.42	-10583.4348
374305.72	6685577.18	-10606.5392
374686.872	6684516.06	-10435.867
374878.662	6683504.6	-10424.6063
375022.568	6682327.87	-10477.781
375207.999	6681004.48	-10506.4236
375328.8	6679649.14	-10591.8551
375494.263	6678185.04	-10642.1222
375702.664	6677221.55	-10571.482
375998.935	6676084.13	-10430.9585
376202.595	6675131.79	-10352.9688
376325.927	6673907.67	-10391.147
376446.904	6672537.96	-10448.5045
376552.737	6671076.94	-10528.6368
376717.606	6669910.57	-10506.1447
376910.468	6668653.94	-10463.0406
377065.424	6667787.32	-10408.1901
377320.584	6666670.53	-10275.1639
377486.205	6665496.04	-10244.9236
377645.926	6664048.6	-10254.9504
377759.473	6662587.11	-10315.616
377877.377	6661341.52	-10343.3193
377975.459	6660149.62	-10386.6382
378172.65	6659474.84	-10251.6501
378388.164	6658233.44	-10167.4795
378655.243	6656969.99	-10027.3492
378759.844	6655529.73	-10093.5288
378949.302	6654216.69	-10046.2406
379019.708	6652861.33	-10140.7831
379174.578	6651828.17	-10096.7745
379245.19	6650960.78	-10127.8398
379427.506	6649794.68	-10068.7916
379651.441	6648484.85	-9980.67222
379880.905	6647097.5	-9896.55818
380049.354	6645651.04	-9890.91906
380202.15	6644488.78	-9866.63755
380300.122	6643515.51	-9881.92327
380445.83	6642425.29	-9855.97354
380548.854	6641437.69	-9866.66041
380787.062	6640000	-9779.52851
380825.9	6640000	-9733.26907
369288.382	6709280.91	-9905.41571
369685.964	6708233.45	-9815.81086
369932.153	6707338.06	-9833.44311
370097.834	6706351.27	-9955.97254
370253.478	6705052.27	-10171.1187
370647.008	6703640.08	-10174.5495
371112.748	6702267.74	-10089.2302
371302.071	6701073.69	-10215.2653
371392.096	6699997.97	-10394.9475
371575.399	6699054.95	-10446.7262
371843.016	6697892.03	-10464.3539
372260.783	6696556.38	-10370.6219
372522.248	6695167.65	-10418.7798
372613.53	6693815.72	-10602.5994
372814.624	6692789.69	-10617.507
372958.029	6691941.54	-10649.3597
373269.905	6690782.49	-10586.7634
373579.867	6689460.47	-10556.2504
373763.362	6688079.33	-10649.2487
373923.462	6686766.08	-10745.1004
374119.821	6685458.22	-10798.6167
374297.934	6684402.11	-10816.6229
374637.958	6683486.19	-10653.234
374864.297	6682247.07	-10640.876
375043.582	6680995.33	-10665.7977
375170.73	6679640.87	-10748.0885
375294.546	6678186.37	-10840.1172
375467.082	6677186.22	-10812.4687
375628.533	6676045.34	-10810.8835
375927.78	6675006.14	-10650.8774
376159.751	6673857.73	-10568.7785
376287.315	6672536.76	-10614.2987
376451.217	6671079.3	-10635.663
376537.695	6669898.79	-10699.1187
376698.777	6668630.03	-10693.2664
376840.645	6667773.93	-10652.1236
376994.082	6666655.56	-10630.5719
377211.313	6665454.55	-10549.5983
377454.215	6664044.57	-10465.6469
377599.959	6662585.51	-10492.015
377722.313	6661340.68	-10515.8601
377810.334	6660120.48	-10574.8285
377975.352	6659340.13	-10490.2569
378074.317	6658217.68	-10522.7419
378371.961	6656969.7	-10347.4403
378568.708	6655527.44	-10310.4897
378768.7	6654201.94	-10253.8457
378883.893	6652854.43	-10296.8513
379007.278	6651796.51	-10292.8859
379070.734	6650938.8	-10331.481
379260.886	6649699.68	-10273.6376
379371.066	6648509.03	-10301.8727
379632.166	6647070.71	-10188.7744
379852.377	6645652.71	-10119.7323
380010.756	6644484.13	-10090.4164
380193.053	6643451.98	-10015.4618
380262.832	6642388.57	-10075.5294
380373.679	6641441.32	-10071.9231
380584.954	6640000	-10017.4608
380630.274	6640000	-9963.678
369076.631	6709277.97	-10122.6834
369321.702	6708209.68	-10191.7434
369757.899	6707160.77	-10060.9079
369957.094	6706329.25	-10102.8671
370153.632	6705005.93	-10282.5272
370398.609	6703645.4	-10414.6374
370802.522	6702250.53	-10392.1885
371151.867	6700961.3	-10386.355
371273.754	6699969.82	-10512.7791
371386.888	6698999.86	-10635.1946
371609.042	6697937.81	-10670.2182
371894.774	6696558.83	-10705.2998
372301.118	6695159.52	-10621.617
372545.655	6693790.1	-10669.1828
372653.398	6692768.35	-10767.7282
372774.811	6691793.41	-10843.5334
372978.486	6690733.86	-10860.0853
373180.424	6689466.98	-10917.2341
373561.236	6688067.63	-10834.9232
373833.083	6686734.05	-10833.4925
373933.204	6685569.84	-10950.6608
374085.678	6684364.31	-11020.2477
374271.076	6683405.11	-11010.4694
374583.846	6682357.98	-10888.2893
374832.05	6680989.59	-10869.3169
374979.073	6679624.61	-10936.6506
375137.56	6678187.67	-10995.016
375309.374	6676862.44	-11016.0222
375403.42	6676188.73	-11017.4033
375570.996	6674981.16	-11017.6837
375859.84	6673939.39	-10865.798
376092.351	6672535.06	-10816.499
376265.007	6671077.96	-10830.8318
376427.028	6669791.48	-10829.9919
376524.341	6668617.95	-10881.3268
376646.744	6667605.31	-10882.5389
376773.743	6666714.59	-10861.18
376907.434	6665398.85	-10886.7679
377245.498	6664043.05	-10694.0337
377404.904	6662588.8	-10706.0515
377561.889	6661310.68	-10697.0859
377677.124	6660093.84	-10726.333
377753.971	6659324.06	-10739.8646
377878.73	6658192.62	-10745.2516
378092.586	6656905.15	-10670.5744
378254.567	6655573.23	-10659.6104
378566.937	6654188.1	-10484.7386
378751.236	6652747.56	-10461.4072
378839.872	6651765.92	-10488.1035
378982.748	6650804.1	-10450.1822
379085.514	6649679.99	-10478.0771
379172.302	6648515.52	-10530.253
379422.757	6647066.56	-10431.8993
379644.564	6645656.57	-10360.3038
379805.179	6644479.48	-10330.0744
380049.325	6643268.51	-10207.2038
380125.845	6642363.5	-10238.8279
380221.065	6641441.54	-10250.5833
380388.172	6640000	-10248.6456
380437.303	6640000	-10190.3863
368887.866	6709274.45	-10315.9441
369097.268	6708190.26	-10423.9708
369365.949	6707268.05	-10421.5589
369781.373	6706354.37	-10270.4627
370029.848	6704981.6	-10410.915
370151.974	6703617.13	-10661.252
370409.079	6702240.38	-10770.9697
370886.368	6700911.62	-10649.9624
371158.094	6699807.56	-10659.7216
371334.226	6698881.49	-10711.2311
371410.319	6697892.85	-10863.3418
371649.626	6696553.44	-10930.5998
371923.655	6695151.86	-10966.7243
372345.79	6693771.94	-10854.0186
372479.035	6692719.25	-10935.1834
372622.821	6691771.32	-10985.4869
372757.416	6690705.34	-11065.8692
372939.763	6689453.81	-11137.9072
373295.103	6688060.83	-11078.0059
373617.575	6686711.62	-11034.2112
373801.088	6685449.79	-11093.4199
373922.339	6684315.87	-11180.025
374053.004	6683376.9	-11218.8929
374201.965	6682335.22	-11252.2641
374460.023	6681013.72	-11220.7866
374783.688	6679613.66	-11127.2749
375042.216	6678185.89	-11088.6513
375126.36	6676848.21	-11199.9694
375248.294	6676031.72	-11195.8674
375405.759	6674951.83	-11188.9745
375587.783	6673836.77	-11158.2555
375730.11	6672533.24	-11190.538
376057.977	6671082.9	-11046.1028
376244.522	6669776.6	-11024.1553
376383.84	6668598.64	-11032.7996
376464.29	6667576.1	-11081.3609
376557.515	6666591.14	-11109.8805
376698.068	6665381.1	-11115.4089
376906.343	6664068.83	-11060
377131.08	6662626.52	-11001.0839
377368.184	6661285.41	-10913.6293
377559.122	6659958.93	-10873.815
377629.718	6659111.3	-10904.9581
377751.627	6658026.73	-10909.1365
377896.561	6656893.11	-10892.1793
378053.186	6655580.28	-10885.6364
378212.844	6654124.57	-10893.6474
378550.459	6652741.5	-10690.3087
378639.592	6651757.03	-10717.3055
378845.867	6650764.38	-10611.6343
378926.026	6649655.73	-10664.1641
379071.996	6648517.56	-10645.4817
379201.662	6647053.3	-10688.6881
379372.136	6645719.05	-10667.5964
379503.752	6644300.81	-10702.9963
379827.542	6643382.74	-10450.0327
379951.936	6642350.41	-10443.0786
380102.046	6641328.43	-10404.9431
380224.5	6640000	-10440.3315
380246.695	6640000	-10413.7136
368731.42	6709273.4	-10474.8133
368919.932	6708182.27	-10604.5386
369137.14	6707256.06	-10653.2605
369492.18	6706079.69	-10633.5975
369845.429	6704917.93	-10608.7858
370076.528	6703616.77	-10734.3639
370209.527	6702249.78	-10958.94
370442.931	6700884.48	-11074.3489
370928.852	6699787.41	-10878.622
371160.144	6698853.09	-10879.0212
371318.286	6697806.91	-10966.606
371437.374	6696540.56	-11127.2767
371674.612	6695152.11	-11193.1134
371925.303	6693743.7	-11241.1674
372312.065	6692558.8	-11117.2917
372548.148	6691580.18	-11089.4737
372656.987	6690566.15	-11183.2986
372766.96	6689348.01	-11314.5516
372987.72	6688054.67	-11358.2662
373383.991	6686698.52	-11249.5927
373642.767	6685312.29	-11263.2921
373807.868	6684177.2	-11309.6371
373965.926	6683182.58	-11332.7552
374033.867	6682231.58	-11427.6831
374226.643	6681015.47	-11442.6322
374443.561	6679585.6	-11459.4027
374824.818	6678184.46	-11301.454
374958.331	6676846.7	-11366.5429
375103.12	6675990.24	-11346.754
375196.725	6674885.37	-11409.6374
375345.355	6673985.31	-11384.5187
375511.235	6672536.75	-11415.0574
375775.735	6671111.11	-11335.5232
376035.714	6669761.11	-11245.1435
376270.595	6668464.89	-11169.6811
376365.883	6667541.93	-11190.2317
376411.335	6666579.51	-11267.8458
376565.733	6665271.08	-11272.644
376752.939	6664075.84	-11225.5584
376914.844	6662626.57	-11237.3058
377164.853	6661212.12	-11146.0645
377368.487	6659953.91	-11084.7527
377450.1	6659077.48	-11107.9934
377646.123	6658037.49	-11025.0163
377727.983	6656883.76	-11081.9407
377862.266	6655586.63	-11099.4006
378017.526	6654120.61	-11114.5434
378151.917	6652809.44	-11132.8435
378425.059	6651745.55	-10962.3749
378662.173	6650730.14	-10825.2554
378760.002	6649643.49	-10855.3615
378921.277	6648517.33	-10818.3093
379022.219	6647036.49	-10897.5985
379177.629	6645615.31	-10905.954
379306.404	6644319.04	-10929.0461
379498.653	6643285.77	-10844.5575
379657.848	6642165.39	-10809.696
379894.514	6641163.93	-10668.8217
380036.008	6640000	-10660.2941
380055.108	6640000	-10637.5783
368537.723	6709277.56	-10668.8364
368811.57	6708087.06	-10740.4809
368915.303	6706968.17	-10954.7432
369094.606	6706200.3	-10991.395
369545.739	6705016.05	-10874.2725
369894.614	6703597.1	-10914.589
370060.043	6702238.92	-11104.0239
370249.949	6700889.57	-11254.4358
370432.533	6699842.49	-11328.5246
370939.07	6698830.42	-11088.7625
371115.479	6697822	-11149.7576
371296.502	6696534.35	-11257.2449
371457.928	6695152.73	-11390.0068
371686.21	6693746.2	-11457.5637
371980.649	6692464.61	-11435.8227
372258.645	6691534.61	-11360.5919
372513.197	6690566.16	-11313.6668
372621.159	6689223.08	-11470.3573
372783.438	6688080.83	-11538.7838
373012.076	6686695.64	-11588.8901
373413.992	6685371.36	-11462.2061
373597.408	6684163.79	-11506.2061
373803.05	6683149.17	-11489.9424
373865.876	6682212.94	-11588.4286
374062.862	6680947.63	-11609.1613
374294.33	6679579.28	-11603.8639
374638.816	6678258.9	-11471.637
374856.21	6676851	-11466.3657
374950.925	6675801.76	-11524.4243
375129.51	6674737.61	-11498.0384
375213.819	6673875.34	-11533.5866
375381.781	6672541.67	-11547.1688
375570.114	6671086.81	-11551.9256
375783.67	6669846.89	-11496.7173
376062.074	6668447.83	-11391.5342
376094.023	6667368.2	-11500.6463
376302.136	6666415.02	-11405.8309
376401.285	6665245.02	-11452.6147
376553.104	6664078.24	-11441.4193
376695.392	6662626.74	-11476.1502
376869.984	6661175.17	-11473.8701
376984.479	6660142.41	-11482.5204
377235.928	6659063.05	-11346.0464
377468.938	6658037.61	-11221.2475
377562.62	6656871.9	-11267.5
377706.126	6655583.21	-11274.8297
377834.567	6654116.66	-11320.9927
377960.36	6652813.05	-11348.607
378115.24	6651517.52	-11342.7529
378340.604	6650605.05	-11207.0433
378570.393	6649643.63	-11071.2311
378743.414	6648514.33	-11021.9473
378890.799	6647034.2	-11048.3717
379008.182	6645622.41	-11100.2723
379126.354	6644346.63	-11133.3412
379234.225	6643111.66	-11173.7834
379438.702	6642138.86	-11067.3398
379574.622	6641100.52	-11048.9666
379833.135	6640000	-10896.555
379859.749	6640000	-10865.2437
368312.474	6709282.21	-10893.8239
368704.721	6707905.32	-10898.9531
368802.127	6706950.15	-11071.3612
368917.021	6706172.86	-11173.2777
369110.992	6705019.01	-11295.5878
369679.63	6703592.2	-11122.309
369958.395	6702224.45	-11203.9634
370088.021	6700874.03	-11410.046
370324.039	6699677.62	-11467.8036
370451.812	6698734	-11560.7607
370907.876	6697816.19	-11341.8286
371130.722	6696476.22	-11420.2674
371365.994	6695153.11	-11473.5257
371498.941	6693810.42	-11614.9303
371663.818	6692682.94	-11681.3679
372099.753	6691509.03	-11509.5324
372251.044	6690549.15	-11554.6219
372505.287	6689235.86	-11573.0503
372667.122	6688047.21	-11650.686
372856.765	6686680.64	-11733.198
373167.919	6685541.98	-11656.5247
373531.52	6684164.12	-11566.962
373623.853	6682992.37	-11682.5417
373799.928	6682181.25	-11655.4134
373939.172	6680872.72	-11738.6673
374104.623	6679523.4	-11794.8856
374487.471	6678254.63	-11619.1393
374620.904	6677106.85	-11659.8059
374804.868	6675923.93	-11651.4893
374962.573	6674739.01	-11664.64
375102.813	6673578.3	-11687.4195
375252.28	6672481.8	-11688.1482
375380.116	6671054.99	-11752.7688
375615.955	6669925.24	-11661.0128
375813.56	6668674.33	-11622.1563
375973.858	6667361.2	-11627.982
376126.178	6666521.18	-11578.4355
376329.858	6665233.58	-11530.3494
376436.703	6664018.33	-11574.7767
376534.846	6662627.54	-11650.4017
376708.736	6661247.04	-11640.8167
376872.469	6660144.36	-11604.8932
377006.192	6659035.78	-11602.3443
377261.079	6658018.71	-11453.2851
377438.892	6656768.79	-11418.3743
377596.912	6655583.63	-11396.3077
377718.706	6654121.18	-11450.6568
377862.1	6652806.26	-11460.2508
377919.935	6651528.39	-11562.0429
378113.177	6650729.44	-11448.3745
378258.956	6649455.36	-11450.0533
378514.281	6648383.03	-11300.4323
378703.818	6647048.22	-11260.1908
378848.548	6645614.73	-11284.2879
378981.611	6644344.52	-11300.3187
379074.953	6643081.24	-11361.7569
379239.284	6642291.26	-11277.7493
379323.405	6641215.14	-11324.6207
379626.64	6640000	-11136.5527
379668.008	6640000	-11088.2114
368006.458	6709274.72	-11202.3955
368512.986	6707879.46	-11096.4693
368704.427	6706743.52	-11224.9546
368818.982	6705992.18	-11318.0033
369017.606	6704992.84	-11392.9272
369292.39	6703615.92	-11486.8437
369726.401	6702219.13	-11425.0831
370018.538	6700856.71	-11479.2477
370153.448	6699645.57	-11633.5871
370257.524	6698715.73	-11743.9187
370579.379	6697593.32	-11690.1176
371023.054	6696463.54	-11521.0584
371181.265	6695116.18	-11648.5989
371400.235	6693801.19	-11706.3045
371587.422	6692656.58	-11755.703
371817.364	6691690.34	-11731.1516
372188.569	6690378.41	-11643.6717
372413.584	6689215.63	-11660.0711
372576.204	6687889.07	-11762.8535
372661.137	6686689.9	-11909.6785
372967.633	6685654.24	-11819.2056
373377.6	6684310.68	-11682.8752
373592.812	6683003.24	-11709.5041
373745.545	6681843.41	-11761.8538
373905.714	6680822.23	-11778.271
373974.364	6679475.81	-11927.2186
374203.224	6678463.57	-11863.0135
374571.525	6677127.54	-11705.1721
374770.758	6675927.21	-11684.7675
374930.539	6674727.66	-11698.1996
375047.421	6673404.76	-11767.5585
375174.517	6672373.02	-11782.4537
375222.483	6671058.02	-11914.5798
375433.663	6670004.21	-11839.6112
375758.807	6668682.63	-11678.4161
375936.243	6667371.55	-11666.2849
376077.434	6666336.8	-11654.2188
376221.301	6665108.93	-11662.7104
376325.937	6663922.84	-11706.2334
376457.448	6662588.98	-11739.0705
376555.078	6661298.77	-11801.5605
376690.109	6660276.03	-11787.2363
376967.978	6659021.9	-11646.1306
377133.679	6657852.09	-11615.5547
377289.025	6656642.31	-11600.9463
377456.439	6655509.12	-11562.3703
377533.188	6654128.52	-11656.6607
377741.277	6652751.24	-11603.4613
377781.304	6651674.23	-11699.488
377864.617	6650392.21	-11773.6964
378023.851	6649593.03	-11698.3612
378305.66	6648160.48	-11567.3491
378581.362	6647054.33	-11399.0392
378717.326	6645618.85	-11433.8662
378900.712	6644313.92	-11397.1674
378981.355	6642947.58	-11487.1398
379091.961	6642102.28	-11473.4194
379170.533	6641064.98	-11521.9321
379420.302	6640000	-11375.8781
379480.878	6640000	-11305.3459
367790.867	6709269.07	-11419.3899
368191.196	6707925.22	-11401.5719
368526.618	6706703.87	-11409.9161
368698.145	6705946.95	-11447.9269
368854.972	6704923.39	-11568.3449
369086.115	6703648.46	-11675.6913
369480.115	6702220.14	-11657.6688
369860.222	6700928.49	-11610.2774
370050.927	6699732.94	-11708.6725
370142.961	6698815.48	-11827.6332
370530.361	6697586.17	-11736.5707
370896.853	6696341.85	-11660.6967
371043.941	6695040.46	-11788.1652
371261.246	6693859.02	-11821.1471
371439.37	6692736.59	-11874.6761
371786.022	6691701.85	-11757.39
372160.215	6690358.35	-11673.1943
372368.648	6689064.34	-11729.4189
372560.927	6687844.33	-11785.0841
372697.118	6686744.75	-11866.4659
372943.61	6685751.45	-11823.3568
373360.817	6684345.46	-11692.1588
373579.434	6683008.82	-11720.9603
373742.338	6681801.99	-11771.6654
373872.934	6680632.65	-11839.6581
374049.145	6679395.1	-11867.8601
374217.167	6678660.7	-11818.6817
374572.988	6677190.44	-11694.2479
374759.586	6675949.49	-11692.5523
374927.21	6674583.49	-11721.6664
375046.221	6673349.56	-11776.4687
375162.052	6672199.94	-11819.074
375264.161	6671039	-11873.9996
375430.928	6670144	-11823.2656
375720.547	6668803.33	-11702.5729
375919.539	6667386.32	-11681.9155
376064.068	6666185.47	-11688.1214
376190.49	6664952.84	-11716.0298
376306.136	6663879.24	-11733.0957
376389.707	6662504.77	-11823.0833
376507.942	6661306.95	-11851.5455
376652.108	6660314.34	-11823.7878
376941.045	6659019.18	-11676.0577
377094.945	6657747.32	-11671.8617
377232.985	6656580.54	-11671.0298
377343.994	6655403.3	-11701.1195
377409.19	6654084.61	-11800.2953
377624.972	6652821.58	-11724.6182
377741.241	6651636.92	-11749.2069
377795.21	6650357.83	-11856.3648
377929.746	6649459.3	-11822.5113
378247.884	6648127.43	-11637.3048
378429.481	6646979.9	-11582.0639
378521.686	6645668.66	-11650.8834
378748.475	6644373.29	-11563.8214
378873.549	6643058.05	-11596.3345
378950.828	6642063.29	-11641.199
379021.445	6641011.77	-11701.3515
379256.763	6640055.43	-11557.9807
379453.38	6640000	-11337.2331
367654.91	6709265.42	-11556.0797
367908.67	6708084.47	-11636.2912
368368.565	6706750.78	-11552.0575
368534.583	6705781.6	-11650.9193
368779.983	6704795.54	-11673.8028
368934.578	6703541.04	-11847.0968
369370.635	6702249.22	-11753.7412
369767.907	6700930.86	-11695.9235
369978.864	6699758.16	-11769.9514
370131.736	6698788.64	-11843.8555
370504.237	6697575.18	-11762.8154
370885.064	6696299.35	-11680.0041
371116.363	6694962.58	-11737.5354
371290.646	6693945.66	-11777.6059
371435.848	6692831.88	-11859.6398
371770.95	6691732.92	-11765.1556
372164.487	6690216.12	-11696.3083
372378.664	6689011.93	-11730.2454
372574.046	6687663.02	-11807.0143
372680.544	6686702.19	-11889.0708
372890.737	6685957.22	-11834.2302
373361.441	6684380.96	-11685.2641
373579.455	6683010.05	-11720.7224
373748.907	6681767.99	-11771.134
373882.746	6680558.69	-11842.211
374010.272	6679444.49	-11896.6394
374162.49	6678627.07	-11876.36
374526.374	6677116.28	-11750.8294
374761.1	6675972.86	-11687.6242
374928.441	6674573.93	-11721.7931
375053.656	6673305.15	-11775.2033
375175.916	6672124.25	-11815.4112
375283.853	6671037.34	-11853.7731
375382.222	6670128.55	-11875.8566
375695.735	6668634.55	-11750.9484
375919.974	6667403.16	-11679.1887
376065.028	6666167.64	-11689.4523
376197.907	6664902.97	-11714.6885
376308.705	6663696.83	-11754.4543
376447.358	6662410.1	-11773.3061
376478.657	6661459.21	-11863.606
376616.502	6660472.68	-11842.2548
376932.826	6659032.86	-11683.2905
377088.771	6657724.02	-11681.6854
377233.628	6656440.34	-11688.4699
377363.084	6655342.29	-11687.878
377445.525	6654113.37	-11756.153
377600.863	6652845.9	-11748.2663
377689.206	6651742.75	-11793.9328
377782.54	6650348.93	-11871.8347
377910.872	6649458.79	-11843.9207
378221.102	6648084.21	-11673.3902
378343.15	6646868.58	-11695.1092
378286.897	6645628.21	-11923.9241
378603.132	6644453.3	-11719.4821
378792.29	6643081.98	-11686.1561
378883.109	6642042.68	-11721.5953
378973.093	6640895.72	-11772.7185
379194.805	6640058.75	-11629.1914
379431.355	6640000	-11362.7666
367524.732	6709233.76	-11694.487
367720.231	6708156.38	-11802.0617
368092.608	6707048.03	-11740.6766
368509.279	6705659.52	-11708.2553
368717.41	6704699.75	-11758.5817
368897.401	6703509.94	-11890.2432
369227.493	6702390.35	-11853.7967
369716.323	6701027.59	-11721.5832
369963.44	6699806.4	-11773.2579
370128.378	6698812.53	-11841.7423
370502.852	6697556.37	-11768.0112
370916.125	6696248.23	-11661.9514
371070.206	6695022.09	-11767.2442
371255.454	6693893.62	-11819.289
371434.718	6692914.57	-11844.8444
371767.287	6691760.8	-11763.1788
372172.605	6690200.16	-11691.974
372392.367	6688973.4	-11725.1006
372590.616	6687604.3	-11802.9392
372683.834	6686720	-11882.642
372884.07	6685756.76	-11876.157
373366.469	6684402.7	-11676.7613
373584.29	6683008.59	-11716.476
373755.657	6681746.9	-11768.3053
373888.784	6680513.49	-11843.7315
374019.461	6679430.34	-11889.7982
374157.203	6678658.96	-11876.4226
374530.69	6677125.6	-11745.121
374766.116	6675988.01	-11680.4407
374933.155	6674566.79	-11718.0993
375060.102	6673278.45	-11772.4566
375183.781	6672078.02	-11813.7837
375268.5	6670920.91	-11885.3383
375378.916	6670159.04	-11875.0736
375699.968	6668644.91	-11745.0932
375926.33	6667413.6	-11671.0765
376071.737	6666155.73	-11683.9146
376207.222	6664868.73	-11709.2731
376323.995	6663443.63	-11771.1465
376385.195	6662487.74	-11830.1978
376479.568	6661516.41	-11855.1171
376617.947	6660520.5	-11834.4274
376862.474	6659128.1	-11747.8819
377094.274	6657705.91	-11677.9696
377248.209	6656388.53	-11679.0807
377394.836	6655285.2	-11660.0939
377481.498	6654106.6	-11716.9404
377570.108	6653007.04	-11761.811
377684.796	6651793.32	-11792.2283
377778.645	6650360.58	-11874.6913
377909.777	6649440.02	-11847.6287
378225.38	6647921.83	-11689.9512
378290.832	6646804.43	-11763.3043
378425.159	6645754.91	-11749.4648
378618.805	6644526.8	-11691.7327
378742.981	6643236.76	-11722.1404
378870.389	6642049.53	-11735.2717
378961.749	6640856.89	-11790.9723
379111.936	6640151.01	-11712.5712
379302.753	6640086.5	-11500.3735
367199.451	6709292.93	-12000
367600.475	6708204.82	-11906.5236
368060.154	6707095.55	-11759.4549
368491.7	6705668.41	-11722.9083
368729.848	6704519.85	-11793.2343
368928.106	6703440.57	-11878.2038
369153.918	6702592.55	-11873.2483
369673.472	6701208.67	-11718.4586
369957.399	6699846.37	-11769.7596
370128.623	6698837.12	-11836.1509
370511.199	6697538.29	-11764.1383
370824.652	6696352.97	-11723.4614
371079.334	6695009.34	-11761.32
371253.883	6693911.41	-11817.1908
371433.875	6692963.9	-11836.1708
371768.997	6691778.14	-11758.3337
372182.42	6690188.63	-11685.2617
372402.378	6688950.27	-11720.3935
372511.551	6687854.27	-11827.7121
372685.163	6686731.13	-11879.2853
372883.088	6685765.33	-11875.4099
373322.068	6684234.51	-11746.6864
373589.756	6683006.29	-11711.7921
373760.876	6681734.79	-11765.4255
373888.497	6680340.79	-11871.3571
374024.695	6679422.13	-11885.9036
374154.439	6678674.32	-11876.6495
374502.963	6676990.08	-11792.0479
374728.866	6675753.21	-11751.0489
374938.002	6674561.86	-11713.9586
375064.779	6673263.34	-11769.8666
375167.049	6672009.82	-11840.4048
375272.978	6670912.14	-11881.8377
375377.474	6670171.81	-11874.7955
375703.678	6668646.01	-11741.0418
375877.682	6667279.49	-11740.3573
376078.872	6666148.56	-11677.2979
376214.408	6664848.8	-11704.2419
376332.587	6663403.04	-11767.2629
376386.042	6662471.77	-11831.3448
376479.371	6661555.37	-11850.2229
376620.239	6660550.04	-11828.0663
376862.398	6659153.41	-11744.6417
377102.441	6657694.85	-11670.4008
377168.096	6656585.75	-11742.0114
377330.371	6655362.52	-11721.4247
377462.921	6653969.11	-11755.7435
377574.681	6653044.08	-11751.8553
377683.94	6651832.4	-11788.055
377779.07	6650376.97	-11872.0498
377915.544	6649420.08	-11843.73
378155.537	6648107.17	-11744.8265
378308.107	6646762.02	-11749.2673
378414.724	6645652.11	-11775.1651
378638.064	6644591.86	-11661.0163
378742.649	6643284.79	-11716.087
378867.391	6641876.47	-11761.9675
378959.895	6640830.07	-11796.7169
379117.482	6640187.86	-11701.1397
379293.983	6640090.08	-11510.0445
