362573.373	6640100.05	474.168588
362517.34	6640142.25	599.772871
362223.805	6640926.29	608.1245
361688.672	6642382.8	600.985844
361249.242	6643505.01	692.028464
361077.951	6644096.27	543.738874
360403.051	6645919.27	608.417198
359951.79	6647167.62	631.882847
359667.576	6648063.3	530.074444
359256.917	6649258.37	526.106704
358753.689	6650629.28	678.561191
358581.266	6651238.85	556.91349
358047.514	6652847.47	604.021857
357619.681	6654174.76	628.066567
357286.931	6655284.15	561.023289
356927.423	6656479.06	498.769933
356573.151	6657596.98	522.297803
356166.977	6658785.95	682.327049
355917.307	6659659.1	617.86705
355485.445	6661112.42	621.860009
355105.426	6662477.93	569.639164
354777.055	6663594.91	619.793956
354490.5	6664731.18	518.281193
354184.751	6665862.89	510.813036
353817.303	6667138.73	599.20644
353470.748	6668263.35	763.861309
353214.642	6669525.78	514.122704
352897.493	6670750.67	514.927968
352530.72	6672072.14	601.803775
352268.477	6673026.48	659.453004
352025.495	6674173.14	504.897869
351640.53	6675591.43	588.877035
351300.582	6676811.97	689.308201
350992.39	6678080.74	655.870036
350774.035	6679127.45	523.461951
350468.885	6680346.09	527.102508
350151.119	6681613.92	533.194398
349801.001	6682810.71	689.127766
349612.414	6683772.78	539.243567
349238.486	6685166.7	623.345899
348977.393	6686334.57	540.149142
348539.608	6687844.09	725.610926
348378.277	6688536.37	696.09716
348050.603	6690080.3	539.139351
347756.628	6691267.01	540.678556
347402.685	6692589.03	617.735743
347147.212	6693636.22	606.927677
346904.551	6694703.79	546.113913
346574.197	6696083.54	515.356286
346205.859	6697433.19	611.738161
345922.71	6698466.2	688.346391
345794.454	6699288.81	475.435828
345351.525	6700915.78	587.332397
345063.985	6702083.55	581.037175
344680.628	6703482.55	680.791631
344495.611	6704293.7	634.255684
344176.029	6705722.65	534.915113
343846.689	6707033.22	543.398548
343484.25	6708314.74	662.181623
343308.535	6709150.39	571.378187
362621.778	6640046.07	387.111786
362529.286	6640080.59	634.967655
362207.915	6641033.34	532.790535
361737.206	6642334.34	500.507667
361242.088	6643508.17	711.724083
361073.32	6644168.49	471.422758
360454.64	6645747.34	641.399837
359967.865	6647127.75	625.140854
359665.238	6648086.08	509.550933
359219.537	6649398.51	484.979723
358761.133	6650617.74	664.636265
358589.695	6651287.46	460.142686
358071.019	6652830.61	530.434602
357632.562	6654227.26	506.637165
357298.658	6655276.03	523.243937
356927.284	6656500.25	472.020735
356580.834	6657589.7	500.064404
356202.367	6658759.59	571.613588
355939.364	6659742.86	427.323243
355509.62	6661170.87	460.061209
355111.765	6662582.06	432.304387
354784.872	6663635.81	547.516383
354496.175	6664733.82	495.082917
354199.577	6665842.51	477.574421
353884.152	6667033.76	464.675873
353528.803	6668257.71	570.389524
353231.155	6669607.74	387.734897
352900.024	6670784.2	478.228635
352535.332	6672082.68	578.172163
352289.162	6673042.5	580.161358
352145.939	6673930.18	318.966113
351695	6675495.28	494.462798
351335.915	6676852.57	548.249162
350998.202	6678112.53	613.33642
350779.117	6679233.74	427.573301
350471.856	6680358.22	508.996446
350160.001	6681601.65	515.701701
349839.244	6682734.98	631.40823
349608.575	6683784.66	541.837885
349250.775	6685152.68	597.6065
348967.802	6686388.29	529.208729
348526.113	6687974.46	670.997082
348382.817	6688545.52	676.286317
348060.078	6690057.31	528.169225
347769.551	6691214.69	540.730951
347406.92	6692470.56	689.703933
347130.458	6693659.97	638.023585
346880.523	6694857.85	506.365028
346570.234	6696113.55	505.514953
346211.142	6697426.35	601.589611
345925.749	6698433.54	702.617337
345781.521	6699305.66	500.129637
345334.027	6700870.7	667.914849
345043.522	6702120.83	612.402204
344670.57	6703489.01	704.392174
344493.442	6704313.22	626.766056
344179.606	6705714.51	530.591676
343891.563	6706877.79	526.356325
343495.447	6708250.01	675.928351
343286.429	6709182.56	610.351586
362627.136	6640044.75	371.957585
362537.359	6640072.61	618.829766
362210.384	6641119.48	423.6878
361737.682	6642353.37	476.129263
361309.635	6643404.02	614.211632
361084.254	6644170.93	431.615596
360527.912	6645702.77	443.417639
359994.135	6647129.98	528.764683
359664.015	6648247.82	309.071124
359221.42	6649418.69	451.751862
358843.365	6650471.5	535.492489
358602.677	6651292.74	401.940673
358135.293	6652777.96	338.092223
357663.152	6654216.81	394.610855
357316.755	6655286.69	434.980261
356929.848	6656522.64	432.59707
356658.803	6657447.06	361.900348
356255.631	6658663.71	473.219687
355970.226	6659735.92	312.093515
355548.966	6661212.12	260.077103
355131.798	6662664.23	268.537487
354794.133	6663749.03	396.677593
354573.272	6664602.91	345.806018
354233.173	6665839.15	362.980196
353914.115	6667020.96	372.678716
353553.444	6668320.44	430.633192
353264.222	6669603.26	281.558051
352917.461	6670908.03	317.0624
352581.941	6672075.57	434.630935
352328.003	6672991.19	497.863841
352166.441	6673930.42	253.857327
351735.593	6675492.68	369.775487
351401.832	6676804.93	381.984664
351011.378	6678151.1	543.134098
350799.084	6679340.68	285.935797
350452.031	6680512.75	453.430177
350169.855	6681602.26	485.680848
349884.338	6682699.98	522.957656
349642.547	6683786.79	439.365195
349291.823	6685207.94	436.052565
348977.863	6686500.19	419.183206
348538.301	6688093.75	549.687945
348377.488	6688813.89	498.918798
348111.229	6689922.27	476.711824
347791.448	6691194.84	491.777702
347479.917	6692424.06	513.471509
347155.929	6693663.33	562.604259
346906.078	6694946.83	370.903523
346573.021	6696142.41	477.362209
346286.183	6697262.29	504.297706
345968.458	6698382.22	617.91259
345792.015	6699388.42	413.010206
345362.929	6700907.11	561.472051
345084.949	6702090.19	517.971404
344658.328	6703600.58	661.084639
344495.531	6704420.15	546.937278
344185.992	6705711.62	514.823622
343905.024	6706847.07	510.241561
343553.446	6708119.78	605.411051
343229.314	6709245.76	724.826871
362633.944	6640043.3	352.438468
362572.029	6640068.04	515.200258
362218.203	6641203.31	299.928325
361741.526	6642374.19	438.679537
361348.192	6643380.97	514.204044
361104.206	6644226.35	297.512853
360573.664	6645705.79	282.32586
360029.64	6647126.11	407.722561
359691.258	6648224.44	239.309461
359248.909	6649433.31	331.049832
358922.55	6650310.03	440.77688
358637.193	6651362.63	175.402131
358198.413	6652727.27	148.763404
357724.64	6654170.5	202.257103
357336.761	6655376.86	236.017253
356938.748	6656673.75	201.080708
356685.298	6657457.5	240.489255
356268.114	6658738.66	330.118479
356021.283	6659779.18	56.5312873
355592.148	6661212.12	92.8815805
355163.208	6662658.61	156.726292
354798.058	6663882.66	244.98104
354656.368	6664649.32	0.661848078
354308.435	6665719.09	211.41059
353991.612	6666932.83	186.939088
353595.705	6668339.38	271.418582
353305.151	6669628.63	124.534989
352944.31	6671015.11	140.792198
352614.405	6672228.87	203.975582
352333.275	6673116.93	379.108932
352218.308	6673978.79	52.2021744
351815.191	6675424.7	175.98909
351448.567	6676798.47	242.918888
351061.57	6678170.14	375.455912
350828.13	6679318.31	214.892902
350488.442	6680529.8	330.471108
350250.447	6681470.13	342.984213
349917.344	6682678.22	440.83473
349686.694	6683828.16	278.465009
349337.51	6685238.76	279.22712
349022.112	6686590.81	224.705265
348560.708	6688096.42	482.703493
348427.237	6688816.81	352.419447
348260.912	6689636.26	248.872428
347883.755	6691099.07	294.95589
347524.943	6692422.37	385.748425
347189.357	6693724.78	423.69514
346933.886	6695014.07	244.920266
346582.344	6696168.81	432.452469
346294.608	6697269.69	475.283029
346023.01	6698312.51	512.822548
345818.822	6699393.27	334.127477
345467.492	6700785.4	353.033885
345122.652	6702165.07	360.684901
344697.205	6703613.02	544.075303
344504.431	6704669.45	349.688864
344194.625	6705715.73	487.962428
343923.82	6706831.45	468.866412
343623.016	6708029.37	475.413363
343288.134	6709275.08	541.577753
362700.493	6640009.38	186.243779
362618.571	6640057.07	382.339274
362250.975	6641180.46	222.634087
361738.154	6642532.14	261.682169
361401.02	6643364.01	362.122979
361151.709	6644293.49	57.8416049
360648.895	6645656.57	86.7590024
360094.94	6647116.36	190.144473
359749.954	6648260.49	-19.4077986
359313.362	6649447.11	72.6805414
358984.39	6650334.49	173.308085
358649.949	6651447.66	15.4126066
358235.808	6652727.27	-1.93684024
357788.147	6654141.41	-20.4566766
357357.694	6655488.97	4.85349741
357073.777	6656594	-251.870828
356745.458	6657468.07	-19.3661246
356335.981	6658669.05	140.328239
356065.147	6659786.29	-126.486764
355633.538	6661212.12	-66.6829193
355233.006	6662626.26	-69.1345194
354827.859	6664001.28	16.7532672
354736.589	6664573.81	-212.09933
354378.386	6665729.25	-43.2972792
354074.848	6666868.69	-39.2677511
353649.74	6668344.37	85.8792996
353374.213	6669616.06	-92.1580906
352978.754	6671111.11	-49.3409332
352691.438	6672240.3	-50.809129
352378.89	6673221.77	149.747722
352263.881	6674000.99	-108.231179
351890.586	6675353.54	-1.70428346
351526.442	6676767.68	27.9264653
351122.275	6678199.9	168.305529
350925.19	6679384.18	-126.790598
350570.137	6680546.43	73.1399305
350332.428	6681486.98	86.1023691
349988.941	6682656.11	244.788847
349724.899	6683887.85	122.088527
349407.149	6685234.66	78.2673676
349065.674	6686666.67	43.9361122
348631.33	6688096.62	278.115647
348428.711	6689095.56	149.533814
348330.466	6689673.56	22.0004244
347961.806	6691007.76	136.169929
347605.863	6692364.53	195.792499
347229.908	6693765.36	279.644822
347009.105	6694996.71	43.709025
346626.041	6696310.67	209.500484
346381.117	6697289.65	217.11586
346058.384	6698269.53	443.169
345855.861	6699436.39	200.12226
345520.688	6700782.63	205.853921
345167.911	6702172.46	229.041602
344726.769	6703624.79	453.517259
344561.186	6704657.12	200.3329
344241.911	6705730.31	346.704388
344027.409	6706715.45	262.115437
343664.665	6708011.48	372.553268
343356.603	6709270.49	355.436148
362779.008	6640000	-44.8953666
362699.53	6640039.4	151.160783
362348.052	6641152.17	-51.2140672
361814.596	6642541.42	5.0107619
361390.625	6643572.59	144.151629
361189.519	6644317.75	-96.4521498
360691.467	6645656.57	-57.4236451
360163.472	6647129.58	-65.8170072
359809.998	6648229.05	-196.21842
359378.291	6649460.82	-185.301108
359062.028	6650375.9	-176.054879
358658.264	6651584.56	-193.599648
358302.046	6652693.93	-223.986778
357846.522	6654141.41	-259.424644
357387.643	6655514.42	-151.364815
357151.248	6656491.77	-438.934708
356764.505	6657634.27	-308.197391
356446.654	6658579.1	-197.887418
356096.848	6659861.18	-339.02372
355694.462	6661212.12	-300.373731
355299.429	6662626.26	-315.09882
354867.385	6664017.58	-141.515193
354746.581	6664820.46	-480.435442
354449.042	6665739.7	-298.550404
354147.413	6666868.69	-286.062997
353713.733	6668381.95	-159.920297
353459.247	6669611.71	-366.63789
353055.304	6671111.11	-294.820633
352753.387	6672251.44	-255.113492
352432.397	6673313.15	-92.0654296
352297.853	6674144.64	-325.714065
351971.212	6675336.26	-237.275769
351606.848	6676767.68	-217.273143
351228.838	6678200.68	-153.940618
350976.638	6679330.23	-240.954043
350657.783	6680583.16	-215.090164
350414.951	6681504.11	-171.22997
350077.52	6682595.88	27.2520655
349765.08	6683912.21	-13.3936192
349492.316	6685212.94	-154.429591
349110.555	6686666.67	-86.238814
348805.877	6687969.19	-134.65022
348434.749	6689274.04	5.25266734
348427.121	6689626.11	-221.535205
348000.026	6691012.26	23.6989464
347694.588	6692323.23	-27.6407579
347293.622	6693781.16	87.7102292
347076.84	6694984.84	-139.622849
346696.901	6696321.89	1.92146239
346429.237	6697309.4	68.1855396
346132.651	6698232.96	259.751531
345909.376	6699467.87	28.1320981
345577.767	6700794.76	37.9742015
345224.82	6702222.22	36.170118
344802.18	6703628.67	241.070221
344623.947	6704615.74	54.3466042
344367.713	6705613.98	77.8674207
344065.4	6706723.18	151.754408
343705.831	6707996.9	268.880303
343410.563	6709268.58	208.126997
362862.82	6640000	-301.871308
362802.953	6640020.33	-145.577026
362398.835	6641205.68	-272.699746
361891.52	6642550.73	-251.007209
361496.595	6643457.53	-62.2046152
361200.515	6644427.56	-264.694827
360763.242	6645656.57	-298.661326
360259.727	6647101.48	-363.31085
359860.316	6648271.33	-429.561664
359410.616	6649608.49	-492.952399
359126.026	6650389.92	-434.521672
358688.543	6651616.57	-352.102393
358363.551	6652699.1	-476.661511
357904.92	6654141.41	-498.186498
357426.563	6655574.79	-389.591311
357199.058	6656540.19	-698.082176
356823.599	6657648.83	-567.741528
356530.044	6658481.61	-415.620589
356120.507	6659903.83	-480.993385
355759.256	6661191.03	-524.901158
355366.077	6662626.26	-559.980639
354913.267	6664053.28	-340.871115
354750.444	6664935.16	-601.451315
354520.445	6665750.41	-554.343976
354220.79	6666868.69	-533.566462
353810.873	6668361.35	-462.82124
353498.352	6669657.04	-531.269984
353142.282	6671056.53	-528.450318
352832.188	6672260.26	-510.025323
352497.969	6673368.85	-341.204145
352286.164	6674304.34	-413.762423
352049.361	6675332.26	-474.00715
351666.186	6676767.68	-397.003211
351309.49	6678196.2	-392.766637
350977.562	6679437.51	-323.071102
350758.535	6680729.09	-619.65069
350425.265	6681667.07	-320.846535
350179.117	6682660.02	-318.260353
349817.844	6683990.74	-224.286695
349592.163	6685209.2	-441.775766
349194.083	6686666.67	-327.654511
348891.137	6687973.81	-382.809942
348472.278	6689331.22	-142.664784
348467.873	6689672.8	-371.047274
348085.707	6691016.84	-224.047104
347779.492	6692323.23	-268.694097
347375.694	6693769.37	-136.443827
347134.424	6695063.4	-356.607883
346818.8	6696389.99	-387.998641
346480.538	6697473.99	-190.261839
346215.195	6698317.27	-30.5752272
345919.367	6699684.94	-150.209025
345664.461	6700790.27	-200.750892
345286.099	6702222.22	-134.336266
344926.237	6703645.78	-114.858216
344608.035	6704812.85	-36.9065879
344477.124	6705682.75	-272.035472
344136.964	6706733.67	-53.3469718
343853.694	6707878.79	-57.3198231
343477.131	6709289.86	10.5344024
362947.244	6640000	-558.575886
362879.66	6640027.58	-388.271067
362422.024	6641276.93	-427.836625
361985.598	6642580.75	-581.833798
361599.316	6643499.56	-443.107076
361211.86	6644562.28	-462.958403
360840.307	6645622.74	-514.705795
360333.442	6647070.71	-577.36578
359892.996	6648340.6	-632.537364
359511.33	6649507.01	-729.123274
359190.604	6650404.18	-693.261911
358729.649	6651663.7	-571.215356
358427.644	6652674.63	-699.714481
357963.912	6654141.41	-738.995503
357473.12	6655585.67	-595.292592
357243.542	6656519.09	-853.866085
356854.735	6657662.39	-710.501907
356596.709	6658506.05	-713.057921
356158.725	6659973.34	-708.74115
355839.554	6661178.91	-816.303889
355432.997	6662626.26	-803.831693
355012.15	6664057.86	-694.301778
354790.344	6664962.74	-765.764928
354641.019	6665597.04	-829.607277
354248.158	6666967.21	-711.841788
353888.44	6668326.42	-686.845265
353550.173	6669691.13	-726.754878
353263.926	6671014.26	-879.588576
352911.366	6672269.08	-764.203162
352647.726	6673244.64	-706.850579
352336.004	6674313.4	-573.279977
352158.91	6675337.25	-811.950066
351744.132	6676767.68	-631.978769
351392.658	6678181.82	-630.394075
351015.855	6679556.61	-524.758443
350830.628	6680693.18	-805.66914
350508.411	6681686.22	-579.061035
350262.636	6682670.95	-570.263197
349882.992	6683978.93	-405.245235
349659.405	6685209.49	-636.539136
349277.165	6686666.67	-566.795018
348930.527	6688080.81	-570.452309
348565.24	6689295	-382.956103
348476.741	6689854.38	-523.551004
348263.537	6690914.13	-657.28174
347865.356	6692323.23	-511.61017
347487.59	6693749.29	-438.331279
347179.357	6695060.35	-480.964291
346910.87	6696331.48	-605.549747
346567.948	6697492.2	-447.407725
346330.428	6698433.92	-433.454926
345976.55	6699583.88	-239.693296
345778.499	6700794.11	-520.654645
345372.805	6702222.22	-374.887851
345014.498	6703636.36	-352.517757
344645.256	6704973.98	-250.445642
344535.811	6705791.86	-508.293648
344225.589	6706746.3	-306.326511
343942.097	6707878.79	-300.501473
343557.832	6709290.67	-211.538859
362959.815	6640000	-596.631447
362959.641	6640000	-598.972709
362443.927	6641340.84	-569.482124
362094.394	6642536.82	-869.054568
361675.879	6643514.41	-703.76168
361251.868	6644579.67	-612.659935
360948.065	6645621.18	-867.974102
360401.969	6647070.71	-809.542628
359906.545	6648431.32	-793.064758
359587.76	6649541.65	-1046.50561
359175.705	6650565.56	-843.699118
358776.207	6651647.39	-727.891741
358511.699	6652661.35	-1015.27093
358012.93	6654141.41	-938.757769
357556.196	6655611.97	-971.041232
357284.964	6656572.8	-1093.36567
356915.345	6657674.03	-971.361173
356658.415	6658510.71	-966.027939
356209.634	6659955.61	-886.575209
355900.105	6661176.81	-1041.80372
355500.286	6662626.26	-1046.87765
355130.389	6663934.08	-991.10349
354791.986	6665132.43	-925.701721
354749.216	6665531.59	-1136.94958
354322.09	6666971.83	-961.143203
353962.031	6668321.71	-921.877646
353605.327	6669715.51	-922.071532
353339.525	6670990.34	-1097.8294
352944.177	6672401.54	-968.846095
352728.687	6673259.34	-966.979424
352385.638	6674303.5	-717.589547
352214.814	6675380.79	-1013.69767
351822.282	6676767.68	-866.311995
351473.327	6678181.82	-870.102818
351068.419	6679575.05	-693.313217
350896.829	6680658.46	-974.441035
350592.008	6681705.58	-837.329396
350346.805	6682682.22	-823.129505
349998.699	6683953.85	-722.244023
349715.686	6685274.86	-844.968594
349364.692	6686637.16	-797.176236
349016.329	6688080.81	-815.023368
348632.993	6689342.94	-609.315542
348472.182	6690148.65	-716.454965
348335.624	6690956.95	-890.938588
347911.452	6692323.23	-641.645325
347577.307	6693747.02	-688.904738
347213.589	6695148.89	-637.810262
346986.295	6696309.61	-801.273794
346655.535	6697510.21	-704.039927
346418.406	6698451.57	-690.415313
346077.185	6699659.42	-571.336308
345852.379	6700795.84	-726.709833
345455.996	6702222.22	-605.03297
345102.336	6703636.36	-594.978095
344696.314	6705001.3	-409.80582
344599.363	6705796.95	-686.596357
344314.673	6706759.29	-560.159391
343987.782	6707974.42	-491.51885
343641.411	6709292.93	-441.989953
363045.208	6640000	-853.775733
363035.118	6640000	-826.336674
362484.4	6641417.16	-781.486772
362166.68	6642507.19	-1059.34025
361753.189	6643529.43	-964.450764
361301.439	6644633.35	-835.220276
361019.342	6645614	-1091.95321
360470.402	6647070.71	-1039.36927
359944.197	6648504.04	-1013.84713
359650.719	6649572.89	-1309.53594
359240.616	6650581.52	-1102.98662
358825.441	6651698.72	-980.744194
358563.227	6652703.5	-1272.5664
358073.213	6654141.41	-1183.28362
357617.352	6655586.66	-1189.83965
357329.095	6656545.11	-1239.21773
356976.16	6657685.71	-1232.21009
356670.811	6658644.35	-1172.63494
356264.324	6659996.28	-1142.50197
355966.179	6661192.82	-1304.7287
355568.091	6662626.26	-1289.50135
355201.404	6663938.44	-1241.75092
354823.653	6665281.22	-1167.1276
354791.763	6665554.28	-1300.72902
354396.893	6666976.62	-1211.15495
354043.242	6668282.83	-1150.92253
353675.869	6669716.22	-1145.49391
353408.273	6670973.63	-1299.08456
353017.095	6672406.88	-1196.91114
352770.064	6673277.84	-1108.47313
352444.459	6674389.64	-962.057661
352262.362	6675405.3	-1175.15433
351901.397	6676767.68	-1102.24077
351552.67	6678181.82	-1104.55772
351167.779	6679612.42	-1011.86993
350946.635	6680749.94	-1185.43343
350678.579	6681759.46	-1127.0317
350431.638	6682693.83	-1076.84817
350088.727	6683903.88	-945.940462
349755.894	6685310.6	-985.430791
349478.635	6686624.83	-1113.93997
349100.422	6687988.5	-990.050007
348813.915	6689209.25	-1028.26043
348524.909	6690145.36	-862.995192
348402.512	6690971.12	-1089.46329
347996.887	6692323.23	-882.04183
347659.683	6693737.37	-912.517738
347281.375	6695159.18	-834.110781
347058.502	6696381.41	-1051.47124
346715.398	6697525.98	-881.059329
346458.56	6698467.95	-812.888863
346108.835	6699638.45	-644.70659
345899.336	6700850.85	-894.259028
345540.179	6702198.58	-821.390222
345189.796	6703636.36	-835.762069
344755.085	6705058.93	-610.746006
344589.36	6706028.89	-816.888818
344509.344	6706505.73	-921.059059
344076.734	6707978.91	-738.200416
343763.58	6709292.93	-775.812172
363131.221	6640000	-1110.5829
363111.729	6640000	-1055.5662
362540.45	6641424.58	-959.904904
362253.231	6642437.26	-1244.70801
361831.295	6643544.55	-1225.14946
361357.189	6644613.62	-988.484593
361085.452	6645648.46	-1346.23
360539.002	6647070.71	-1267.95201
359993.934	6648510.2	-1191.4943
359728.842	6649498.76	-1492.35492
359306.209	6650597.71	-1362.29966
358900.625	6651622.44	-1166.60004
358607.117	6652710.02	-1452.47164
358131.654	6654141.41	-1419.09115
357681.47	6655555.56	-1413.02199
357337.585	6656688.42	-1457.9623
357037.253	6657697.4	-1493.03493
356733.377	6658651.8	-1428.64819
356322.563	6659975.57	-1342.659
356031.102	6661185.94	-1537.03017
355609.38	6662626.26	-1436.24493
355272.956	6663942.73	-1491.53996
354861.82	6665320.3	-1328.856
354835.099	6665689.56	-1560.74107
354472.606	6666981.58	-1461.88694
354118.703	6668282.83	-1392.1804
353742.849	6669747.84	-1380.4215
353468.822	6670964.99	-1480.00495
353097.825	6672411.33	-1446.90314
352823.122	6673447.1	-1396.3023
352533.064	6674322.35	-1178.912
352296.826	6675549.77	-1384.62843
352016.251	6676752.69	-1431.89048
351630.911	6678181.82	-1334.57636
351246.097	6679615.96	-1242.79202
350982.531	6680754.42	-1292.91241
350793.764	6681681.03	-1404.1731
350451.097	6682836.46	-1234.30969
350172.465	6683894.82	-1179.76892
349818.89	6685316.17	-1168.84102
349555.656	6686619.16	-1329.03
349186.318	6687993.31	-1236.59557
348901.574	6689219.48	-1282.34596
348532.089	6690412.34	-1068.23979
348441.284	6691076.14	-1270.76812
348082.922	6692323.23	-1123.27279
347741.012	6693737.37	-1139.42098
347359.992	6695159.1	-1052.80149
347123.546	6696348.73	-1209.96015
346835.956	6697571.26	-1246.16058
346548.229	6698482.78	-1071.36066
346244.812	6699580.01	-980.714492
345938.848	6700879.35	-1022.62284
345648.068	6702189.2	-1112.17024
345276.849	6703636.36	-1074.80318
344880.861	6705070.79	-963.492795
344617.212	6706218.05	-1021.59007
344566.704	6706599.22	-1141.37239
344158.974	6707984.11	-966.507619
343815.148	6709292.93	-916.399828
363217.864	6640000	-1367.0438
363191.111	6640000	-1291.28103
362606.178	6641436.69	-1171.46346
362312.412	6642497.98	-1494.3666
361871.324	6643562.04	-1368.2759
361416.376	6644670.57	-1242.01949
361136.826	6645676.68	-1544.19024
360604.09	6647070.71	-1482.77896
360053.282	6648517.24	-1401.00731
359779.834	6649482.16	-1650.53815
359372.572	6650614.09	-1621.61007
359025.277	6651524.69	-1504.86189
358640.201	6652780.73	-1671.0366
358189.968	6654141.41	-1653.00201
357741.989	6655555.56	-1660.90063
357350.535	6656816.97	-1675.10148
357158.749	6657578.94	-1839.87867
356796.545	6658659.36	-1685.07287
356394.774	6659924.11	-1560.72439
356077.183	6661207.91	-1727.6466
355711.029	6662584.76	-1755.06847
355299.921	6664040.4	-1670.345
354905.341	6665402.59	-1545.73347
354847.799	6665792.17	-1689.70547
354597.883	6666848.31	-1756.34061
354195.072	6668282.83	-1634.20556
353810.903	6669744.89	-1589.62986
353517.216	6671049.68	-1694.00258
353205.774	6672350.43	-1729.30462
352905.773	6673460.62	-1654.95266
352619.452	6674375.47	-1477.78434
352325.319	6675605.23	-1509.88469
352094.87	6676757.16	-1666.6804
351708.48	6678181.82	-1561.56755
351328.991	6679612.12	-1480.61628
351013.354	6680853.85	-1452.22923
350861.407	6681679.81	-1598.18046
350536.215	6682852.94	-1490.00898
350268.276	6683932.94	-1480.32809
349892.09	6685311.64	-1373.55772
349631.278	6686615.44	-1540.6097
349282.262	6688030.96	-1532.76315
348937.693	6689230.79	-1391.8068
348595.092	6690425.12	-1253.6853
348474.172	6691168.96	-1426.72902
348213.02	6692307.52	-1476.09207
347823.439	6693737.37	-1368.76261
347441.952	6695165.18	-1284.4096
347160.256	6696382.43	-1334.60222
346928.335	6697633.32	-1543.10616
346609.801	6698653.18	-1357.51061
346348.862	6699616.02	-1291.97906
345986.936	6700910.44	-1175.85275
345725.634	6702188.13	-1324.54023
345363.641	6703636.36	-1312.51789
345018.022	6704946.63	-1254.51288
344653.864	6706285.47	-1167.199
344616.293	6706639.24	-1303.99866
344248.515	6707989.81	-1214.45677
343902.705	6709292.93	-1154.69857
363305.145	6640000	-1623.15015
363274.481	6640000	-1536.56573
362715.988	6641462.47	-1528.30509
362367.443	6642490.1	-1652.06947
361901.511	6643732.25	-1656.95667
361507.638	6644584.97	-1426.91145
361178.83	6645697.77	-1702.13422
360676.929	6647070.71	-1717.81291
360154.166	6648541.01	-1767.10656
359827.627	6649541.53	-1888.48797
359407.939	6650629.64	-1768.96001
359101.646	6651549.77	-1817.46731
358652.796	6652865.24	-1827.01298
358248.784	6654141.41	-1887.25272
357802.536	6655555.56	-1907.82847
357361.567	6656912.17	-1841.15278
357205.814	6657626.19	-2083.56106
356846.172	6658668.44	-1890.43487
356506.783	6659863.44	-1915.58886
356108.752	6661280.24	-1912.4575
355780.366	6662593.19	-2003.49684
355373.58	6664040.4	-1918.03392
355016.39	6665304.75	-1826.97703
354839.522	6666037.46	-1867.43253
354667.517	6666854.88	-1984.89814
354272.467	6668282.83	-1877.27063
353885.838	6669725.07	-1805.42027
353553.527	6671076.3	-1825.03142
353283.941	6672391.38	-1994.47941
352942.729	6673474.82	-1776.72463
352705.557	6674415.19	-1763.42279
352388.948	6675561.43	-1665.32135
352169.985	6676756.51	-1886.36922
351785.573	6678181.82	-1786.33481
351454.001	6679595.96	-1829.62165
351051.727	6680953.47	-1632.80349
350924.315	6681796.54	-1859.76048
350621.924	6682869.83	-1746.32872
350354.224	6683938.01	-1727.98673
349969.708	6685302.92	-1587.00996
349696.909	6686624.78	-1732.26357
349367.368	6688022.87	-1766.10981
349025.344	6689242.43	-1645.29984
348705.417	6690346.59	-1508.34822
348507.428	6691191.19	-1534.64402
348293.036	6692321.19	-1708.0821
347907.555	6693737.37	-1602.09219
347560.755	6695151.52	-1603.60633
347198.93	6696528.92	-1540.87979
346968.437	6697711.54	-1706.21913
346656.83	6698673.64	-1500.53362
346449.114	6699650.77	-1590.91243
346058.003	6700968.02	-1409.83169
345808.81	6702223.93	-1576.4543
345455.146	6703600.57	-1538.51893
345107.416	6704952.01	-1501.9195
344693.711	6706405.33	-1356.67141
344662.023	6706804.29	-1539.91887
344388.984	6707890.44	-1528.99511
343990.646	6709292.93	-1393.50275
363393.07	6640000	-1878.89474
363331.783	6640000	-1703.72659
362799.744	6641440.44	-1750.81495
362411.412	6642548.07	-1849.6448
361981.727	6643746.48	-1916.43941
361588.494	6644619	-1716.68588
361206.709	6645820.47	-1932.26374
360776.374	6647046.21	-2006.76027
360230.138	6648514.99	-1985.96763
359878.961	6649548.99	-2073.05705
359477.234	6650643.13	-2029.79605
359173.871	6651583.49	-2121.96448
358691.336	6652916.88	-2037.28378
358337.739	6654091.34	-2173.14141
357863.208	6655555.56	-2153.61108
357394.324	6656929.96	-1995.81384
357199.006	6657836.86	-2305.94874
356909.672	6658678.39	-2146.31044
356588.269	6659797.98	-2147.88991
356149.954	6661298.63	-2076.74448
355852.598	6662568.3	-2229.20744
355447.801	6664040.4	-2164.75075
355150.439	6665181.27	-2159.61206
354857.773	6666170.46	-2036.36962
354760.34	6666902.72	-2317.27655
354350.935	6668282.83	-2121.42031
353990.885	6669696.97	-2105.17805
353597.164	6671125.13	-1993.53663
353363.746	6672357.5	-2207.86245
353025.246	6673491.25	-2034.09144
352788.306	6674432.55	-2020.30839
352457.151	6675630.35	-1915.40774
352226.832	6676800.82	-2083.58777
351870.065	6678176.14	-2027.13016
351500.055	6679595.96	-1961.85455
351118.187	6680966.81	-1831.8223
350971.944	6681882.09	-2054.88134
350754.048	6682739.44	-2030.75482
350440.922	6683943.25	-1976.67182
350048.902	6685340.46	-1836.33647
349738.584	6686650.17	-1866.70221
349457.332	6687982.29	-1990.12044
349113.073	6689253.83	-1897.78091
348866.631	6690243.71	-1887.18162
348559.067	6691287.03	-1743.41195
348366.307	6692325.21	-1914.18658
347993.691	6693737.37	-1840.23217
347644.407	6695151.52	-1834.27277
347252.986	6696551.98	-1705.07785
347043.44	6697677.01	-1888.98251
346747.504	6698689.93	-1760.41767
346486.78	6699661.09	-1700.92326
346134.525	6700951.56	-1607.94384
345885.782	6702226.68	-1788.51103
345541.42	6703597.01	-1771.30198
345190.321	6704957.17	-1730.84041
344761.123	6706419.07	-1548.94025
344665.793	6707032.47	-1703.82233
344516.342	6707868.92	-1860.26257
344079.185	6709292.93	-1633.38264
363476.018	6640000	-2118.75599
363443.863	6640000	-2028.34555
362882.83	6641445.44	-2000.04474
362435.488	6642687.54	-2078.02218
362107.318	6643676.93	-2212.76504
361694.223	6644675.1	-2105.42517
361241.777	6645838.34	-2060.99673
360856.608	6647018.25	-2227.57578
360309.702	6648484.85	-2208.71275
359883.179	6649680.85	-2247.57797
359576.759	6650670.89	-2406.24812
359200.591	6651592.44	-2229.5369
358739.916	6652961	-2273.33107
358396.668	6654085.36	-2395.71256
357924.15	6655555.56	-2398.14289
357435.182	6656994.23	-2238.96049
357245.152	6657898.08	-2555.29987
356926.663	6658831.53	-2376.37341
356656.018	6659797.98	-2395.97594
356204.141	6661293.13	-2261.91082
355918.884	6662557.83	-2445.06469
355522.596	6664040.4	-2410.42176
355226.819	6665191.88	-2413.73019
354885.516	6666317.49	-2243.73103
354806.265	6666923.45	-2477.52468
354430.476	6668282.83	-2366.55687
354069.68	6669696.97	-2344.28783
353666.632	6671125.79	-2202.30322
353464.361	6672333.35	-2488.65616
353108.273	6673507.58	-2290.84114
352871.766	6674450.27	-2277.58882
352529.61	6675605.44	-2108.54432
352271.841	6676833.73	-2237.46128
351962.509	6678162.57	-2282.44403
351585.254	6679595.96	-2205.35174
351190.609	6681006.23	-2065.26469
350978.169	6682071.84	-2203.53867
350888.039	6682641.08	-2341.03596
350478.52	6683948.4	-2086.03284
350180.273	6685252.53	-2143.77103
349795.962	6686715.7	-2071.78992
349538.021	6687966.55	-2204.29023
349200.874	6689264.95	-2149.21482
348880.773	6690408.04	-2037.84918
348627.807	6691252.64	-1910.4609
348447.992	6692397.75	-2188.9804
348082.994	6693715.56	-2071.72958
347728.195	6695151.52	-2064.68188
347317.577	6696591.82	-1909.06231
347133.08	6697657.9	-2121.58592
346838.462	6698706.28	-2020.27169
346577.059	6699671.41	-1954.58541
346220.08	6700925.04	-1823.49892
345924.272	6702285.88	-1933.12821
345630.59	6703570	-1995.70925
345239.039	6705050.51	-1925.39339
344951.084	6706185.34	-1907.1667
344659.985	6707257.1	-1838.97906
344575.344	6707930.27	-2061.01476
344168.439	6709292.93	-1874.64585
363557.369	6640000	-2351.90711
363523.427	6640011.96	-2269.82864
362971.543	6641414.14	-2222.72045
362469.262	6642739.77	-2235.4165
362195.894	6643735.39	-2540.26112
361775.076	6644688.63	-2363.94592
361292.964	6645899.81	-2288.04282
360930.595	6647033.11	-2475.61207
360385.628	6648484.85	-2452.66301
359903.573	6649803.25	-2463.38072
359644.697	6650704.8	-2677.94124
359270.131	6651601.19	-2485.40424
358799.341	6652931.83	-2454.58652
358458.145	6654098.75	-2649.22771
357985.566	6655555.56	-2641.5019
357516.857	6657004.29	-2572.36511
357288.411	6657881.51	-2701.90255
356992.783	6658842.61	-2635.46417
356681.311	6659899.12	-2589.13564
356264.499	6661335.3	-2511.35412
355999.465	6662556.02	-2714.27802
355597.983	6664040.4	-2654.99816
355289.881	6665202.08	-2621.07121
354964.89	6666268.94	-2455.02063
354841.26	6667070.7	-2699.33649
354511.779	6668264.28	-2601.26332
354151.399	6669696.97	-2589.85147
353745.304	6671160.23	-2462.06094
353515.461	6672307.57	-2620.36436
353217.932	6673607.14	-2681.94739
352920.122	6674616.81	-2536.46085
352620.674	6675540.65	-2326.15549
352311.813	6676861.33	-2371.7126
352047.363	6678144.07	-2511.81988
351670.285	6679595.96	-2446.99537
351321.813	6681034.09	-2455.23633
350987.909	6682248.85	-2352.99244
350983.415	6682601.98	-2581.7752
350565.675	6683953.31	-2334.03036
350266.541	6685252.53	-2384.53964
349865.729	6686678.92	-2240.7443
349640.861	6687957.83	-2483.9486
349232.481	6689383.57	-2316.44805
348969.53	6690426.16	-2295.30085
348707.601	6691319.11	-2175.88011
348458.621	6692442.36	-2248.31036
348170.219	6693710.21	-2307.76095
347797.701	6695151.52	-2255.33397
347398.259	6696588.99	-2127.67941
347142.664	6697798.59	-2242.14049
346990.715	6698617.43	-2376.04866
346667.906	6699681.79	-2209.04228
346362.544	6700874.6	-2177.00597
345977.542	6702301.07	-2087.88966
345742.707	6703607.17	-2324.41787
345329	6705050.51	-2168.95215
345041.635	6706198.94	-2161.03357
344705.126	6707297.19	-1987.80983
344626.947	6707959.16	-2219.68162
344258.417	6709292.93	-2117.30312
363637.496	6640000	-2579.35887
363604.174	6640016.14	-2504.50425
363055.619	6641414.14	-2464.77604
362516.699	6642822.79	-2465.63158
362258.563	6643799.47	-2794.62275
361857.024	6644702.37	-2622.94735
361351.766	6645957.73	-2531.94433
361004.518	6647024.7	-2694.43398
360461.865	6648484.85	-2694.078
359924.999	6649878.56	-2623.51541
359710.507	6650749.14	-2950.71541
359340.958	6651610.17	-2741.6923
358859.002	6652966.22	-2713.01697
358519.61	6654089.45	-2870.97458
358047.734	6655555.56	-2884.02951
357578.486	6656993.42	-2797.48696
357323.384	6657934.07	-2893.56878
357036.569	6658854.81	-2812.8917
356750.673	6659902.91	-2839.51216
356362.675	6661306.76	-2820.14261
356050.129	6662610.63	-2929.26811
355682.621	6663990.84	-2886.68589
355323.743	6665330.88	-2830.25962
355029.076	6666329.62	-2703.02296
354838.884	6667162.87	-2762.91853
354590.704	6668260.36	-2837.52532
354204.936	6669696.97	-2749.35155
353855.621	6671122.93	-2759.53429
353534.505	6672434.68	-2767.22125
353300.238	6673683.91	-2973.73974
352966.839	6674634.36	-2684.49703
352725.898	6675611.67	-2679.32564
352363.976	6676945.38	-2579.59516
352148.938	6678148.64	-2803.53518
351754.739	6679595.96	-2685.65821
351409.153	6681010.1	-2683.7023
351029.585	6682297.29	-2502.86521
350983.17	6682786.24	-2706.92292
350653.569	6683958.28	-2582.92502
350353.815	6685252.53	-2627.01115
349973.049	6686705.13	-2556.1057
349679.208	6688012.48	-2626.68095
349395.386	6689350.41	-2742.99729
349058.5	6690444.17	-2552.19273
348742.392	6691457.34	-2364.5772
348494.858	6692588.95	-2446.17858
348290.846	6693701.54	-2632.29468
347885.506	6695151.52	-2494.99818
347526.053	6696586.83	-2474.43415
347176.509	6697854.74	-2371.82881
347057.301	6698714.45	-2621.4295
346738.601	6699695.25	-2410.26083
346463.621	6700808.08	-2406.40308
346043.308	6702305.21	-2268.67745
345792.524	6703600.38	-2454.62978
345418.7	6705050.51	-2411.17391
345132.184	6706211.19	-2413.3189
344789.31	6707264.98	-2193.41389
344664.54	6708132	-2436.18992
344348.659	6709285.89	-2355.52683
363687.984	6640023.87	-2748.66326
363669.446	6640052.11	-2728.25764
363138.34	6641414.14	-2700.68311
362574.495	6642850.43	-2662.15203
362318.512	6643774.38	-2941.34611
361910.792	6644719.6	-2799.90866
361431.37	6645911.17	-2717.20003
361098.326	6647024.4	-2980.55461
360538.184	6648484.85	-2932.26816
359971.827	6649889.21	-2787.14251
359735.321	6650807.31	-3099.96976
359413.202	6651619.37	-2998.40475
358922.38	6652943.46	-2908.64413
358575.488	6654127.43	-3126.39335
358111.019	6655555.56	-3126.37982
357682.483	6656969.7	-3162.65773
357334.087	6658040.86	-3049.95744
357169.702	6658718.02	-3156.54351
356815.086	6659907.48	-3070.20954
356440.567	6661263.41	-3042.22856
356092.773	6662623.48	-3080.84132
355800.643	6663952.91	-3229.9503
355403.321	6665336.29	-3081.18345
355142.16	6666362.15	-3073.33332
354874.874	6667265.16	-2949.2274
354703.176	6668266.22	-3179.54448
354285.067	6669696.97	-2986.39758
353940.317	6671111.11	-2998.27463
353563.224	6672491.46	-2891.30059
353373.835	6673652.15	-3162.77491
353052.018	6674654.03	-2942.73875
352811.589	6675623.58	-2932.1366
352430.047	6676930.58	-2756.86113
352216.778	6678152.05	-2997.52965
351838.426	6679595.96	-2920.87515
351496.468	6681010.1	-2927.6676
351075.674	6682390.09	-2694.73541
351027.474	6682841.58	-2867.57536
350833.012	6683839.88	-3001.2044
350441.951	6685252.53	-2870.75553
350062.749	6686689.06	-2792.60669
349728.83	6688045.74	-2785.72831
349483.857	6689311.45	-2959.55148
349147.691	6690461.96	-2808.4743
348912.484	6691404.85	-2795.36212
348545.753	6692578.6	-2578.34888
348362.133	6693726.98	-2843.68676
347968.307	6695151.52	-2720.20056
347616.125	6696565.66	-2704.81438
347224.225	6697893.45	-2527.08827
347072.55	6698848.43	-2751.81225
346784.672	6699853.95	-2640.89827
346507.863	6700912.34	-2595.92086
346156.991	6702294.16	-2568.24194
345874.94	6703627.81	-2695.36069
345564.275	6704941.32	-2730.97787
345206.584	6706221.83	-2620.3831
344901.47	6707338.41	-2543.89576
344649.664	6708315.33	-2518.5849
344435.691	6709284.1	-2588.16959
363757.414	6640024.44	-2943.31838
363727.188	6640078.51	-2918.85536
363219.657	6641414.14	-2930.59433
362649.406	6642847.89	-2872.6758
362346.338	6643834.56	-3087.0639
361992.515	6644737.37	-3057.65601
361506.407	6645885.61	-2909.69439
361156.963	6647077.37	-3216.10488
360614.604	6648484.85	-3167.40281
360065.476	6649912.49	-3110.01834
359824.23	6650767.49	-3343.37975
359407.623	6651780.53	-3173.3279
359007.005	6652876.54	-3122.96499
358621.539	6654138.32	-3308.64331
358153.186	6655555.56	-3285.57969
357749.476	6656969.7	-3409.86189
357347.654	6658194.4	-3264.17889
357293.565	6658671.15	-3549.77395
356886.654	6659912.39	-3320.91953
356513.22	6661257.39	-3277.18975
356160.266	6662637.19	-3307.78509
355841.118	6663938.68	-3345.31383
355483.659	6665341.61	-3331.13707
355223.204	6666379.22	-3330.67375
354916.144	6667361.47	-3145.64339
354759.173	6668314.58	-3380.66435
354365.913	6669696.97	-3223.45615
354021.525	6671111.11	-3233.5134
353646.027	6672543.09	-3165.49079
353440.475	6673624.67	-3333.68743
353137.845	6674673.85	-3200.92062
352898.113	6675635.89	-3185.75675
352550.937	6676900.52	-3077.03785
352259.957	6678196.36	-3149.02723
351957.207	6679536.4	-3212.90166
351583.845	6681010.1	-3170.49276
351146.175	6682397.83	-2895.48017
351030.496	6683137.84	-3076.11084
350905.195	6683843.49	-3203.28973
350485.979	6685252.53	-2992.07713
350148.029	6686690.2	-3027.33831
349769.104	6688082.7	-2920.90522
349560.577	6689290.94	-3155.63761
349209.69	6690479.12	-2988.91572
348927.455	6691568.65	-2945.44207
348655.691	6692549.76	-2858.38112
348423.642	6693741.69	-3020.78041
348050.961	6695151.52	-2944.43115
347704.583	6696565.66	-2944.3626
347322.564	6697962.84	-2838.99099
347122.064	6699064.07	-3028.39257
346918.338	6699749.59	-2932.44217
346598.372	6700917.14	-2843.29891
346247.025	6702267.36	-2792.78164
345919.549	6703642.94	-2825.54402
345648.194	6704984.43	-2984.74053
345252.914	6706347.14	-2827.64404
344992.775	6707376.94	-2814.33683
344711.457	6708290.59	-2667.5713
344517.463	6709282.05	-2806.03962
363828.142	6640024.46	-3138.98164
363755.612	6640151.23	-3076.14052
363336.218	6641365.21	-3205.2396
362730.357	6642878.24	-3135.03773
362393.422	6643852.26	-3241.48044
362019.986	6644901.71	-3317.63652
361605.578	6645816.61	-3123.12856
361178.962	6647098.86	-3305.63648
360697.509	6648459.55	-3390.60509
360137.749	6649945.56	-3373.33079
359835.552	6650863.67	-3491.54266
359481.428	6651793.42	-3432.31657
359076.015	6652895.8	-3381.98366
358650.628	6654227.29	-3518.02304
358248.545	6655523.07	-3597.7055
357781.033	6656969.7	-3524.69276
357388.366	6658304.68	-3523.15745
357332.4	6658691.28	-3704.3016
356959.76	6659917.53	-3572.16482
356595.92	6661212.12	-3506.57506
356219.79	6662648.16	-3502.92057
355945.618	6663919.71	-3653.57687
355558.35	6665346.49	-3560.01984
355278.198	6666395.14	-3505.27154
354977.968	6667341.38	-3314.50793
354807.355	6668341.01	-3541.42079
354447.959	6669696.97	-3461.87942
354101.187	6671111.11	-3462.42395
353683.164	6672543.14	-3271.43385
353493.076	6673715.14	-3545.4157
353227.244	6674732.13	-3492.93928
352943.871	6675783.44	-3415.70461
352635.005	6676882	-3299.70391
352311.836	6678269.92	-3343.8137
352033.092	6679536.19	-3423.79927
351671.297	6681010.1	-3412.22096
351382.366	6682163.73	-3390.37878
351048.275	6683275.62	-3217.3412
350956.296	6683925.19	-3398.47244
350573.91	6685252.53	-3233.59705
350235.694	6686666.67	-3251.06581
349864.273	6688110.42	-3198.92962
349631.962	6689357.94	-3394.28207
349258.242	6690626.77	-3218.95283
349017.378	6691589.22	-3203.36459
348745.719	6692502.59	-3071.30036
348468.342	6693860.72	-3220.6277
348165.978	6695107.07	-3226.45167
347792.41	6696565.66	-3181.45459
347401.553	6697989.79	-3069.64402
347160.549	6699056.66	-3127.20237
347079.024	6699660.34	-3305.99771
346681.489	6700922.54	-3070.54404
346335.219	6702260.76	-3025.26448
346005.146	6703645	-3056.46142
345730.986	6704971.25	-3197.89169
345344.242	6706353.14	-3076.10218
345084.111	6707395.88	-3071.09866
344766.433	6708395.19	-2884.16639
344590.089	6709280.66	-2999.36007
363902.123	6640023.83	-3340.91206
363800.735	6640179.99	-3230.82692
363406.358	6641371.34	-3407.12262
362864.685	6642828.28	-3455.92605
362432.461	6643974.54	-3484.47268
362156.003	6644795.01	-3587.87701
361686.11	6645839.88	-3382.13251
361212.624	6647202.32	-3518.73817
360774.371	6648460.62	-3622.36647
360217.42	6649926.8	-3595.01013
359869.402	6650929.1	-3674.36388
359556.914	6651806.67	-3691.59508
359178.232	6652834.08	-3653.32689
358690.318	6654233.14	-3661.53141
358321.515	6655492.93	-3823.69867
357850.784	6656969.7	-3773.13945
357398.281	6658324.41	-3577.70807
357348.791	6658826.19	-3883.11273
356989.581	6660042.83	-3781.26204
356671.694	6661212.12	-3749.28179
356284.881	6662683.46	-3732.35786
356008.288	6663914.98	-3840.98826
355655.455	6665397.52	-3886.66889
355362.386	6666408.53	-3763.68712
355050.648	6667425.67	-3590.19029
354842.049	6668500.56	-3755.54368
354568.921	6669683.98	-3801.15315
354180.341	6671111.11	-3688.24761
353801.383	6672545.4	-3607.49292
353531.369	6673716.45	-3654.2554
353335.005	6674823.12	-3856.33437
353004.168	6675800.23	-3596.20463
352731.413	6676832.19	-3534.29603
352374.62	6678270.34	-3517.71467
352110.558	6679572.23	-3662.15195
351715.423	6681010.1	-3533.73515
351424.238	6682298.86	-3594.83962
351092.779	6683405.15	-3426.10028
351001.326	6683970.52	-3552.06247
350709.794	6685251.74	-3604.33726
350320.866	6686666.67	-3482.98835
349945.792	6688106.59	-3417.70345
349685.945	6689367.44	-3547.18512
349375.681	6690696.36	-3582.62183
349107.671	6691609.95	-3461.35003
348833.897	6692476.01	-3292.0809
348504.128	6693913.31	-3351.91346
348248.484	6695141.89	-3471.72053
347879.799	6696565.66	-3416.64281
347489.393	6697987.92	-3304.36696
347189.068	6699176.7	-3282.71779
347132.384	6699683.73	-3464.66145
346772.602	6700928.72	-3319.05967
346430.905	6702222.22	-3256.04857
346077.452	6703659.55	-3259.21279
345807.806	6704961.29	-3396.71159
345447.436	6706402.55	-3383.91524
345145.424	6707414.13	-3246.58902
344838.037	6708380.25	-3065.34963
344655.784	6709281	-3174.7949
363978.46	6640000	-3522.39868
363897.378	6640171.86	-3485.92307
363476.614	6641385.23	-3616.07671
362951.775	6642828.28	-3696.84896
362439.618	6644125.61	-3666.51088
362306.166	6644687.87	-3894.26662
361798.549	6645894.93	-3764.68836
361265.707	6647194.46	-3662.81201
360858.179	6648447.73	-3855.49312
360344.548	6649898.99	-3943.84595
359876.643	6651050.79	-3835.72156
359720.93	6651709.28	-4093.70182
359253.48	6652838.42	-3902.95838
358742.125	6654282.92	-3893.15278
358388.74	6655507.72	-4073.8748
357922.081	6656969.7	-4020.51074
357481.635	6658373.01	-3907.24262
357350.097	6659003.16	-4049.51162
357162.716	6659784.46	-4120.50952
356749.09	6661212.12	-3992.61826
356354.661	6662678.95	-3941.61246
356062.097	6663991.08	-4060.11191
355747.683	6665296.58	-4085.80831
355402.605	6666566.08	-3994.63604
355160.235	6667489.51	-3952.92765
354866.814	6668566.27	-3873.07938
354648.722	6669694.99	-4036.13154
354260.088	6671111.11	-3914.23603
353886.851	6672541.27	-3844.59652
353566.125	6673808.52	-3813.62414
353404.451	6674806.62	-4038.08646
353092.122	6675817.9	-3852.47479
352831.58	6676873.45	-3839.7176
352449.729	6678262.06	-3718.96467
352193.852	6679568.45	-3888.54454
351853.045	6680972.39	-3885.82771
351505.931	6682304.52	-3821.31921
351159.166	6683412.65	-3612.00103
351029.246	6684194.36	-3776.27702
350796.344	6685251.54	-3839.61492
350407.322	6686666.67	-3717.46843
350030.085	6688101.2	-3642.24311
349724.511	6689391.24	-3667.12329
349473.081	6690627.76	-3800.29207
349198.345	6691630.73	-3719.3427
348954.507	6692597.59	-3697.61211
348570.339	6693886.87	-3512.36125
348333.452	6695139.89	-3698.82003
347967.369	6696565.66	-3651.61071
347626.693	6697889.09	-3607.6531
347225.151	6699306.71	-3464.73819
347175.631	6699850.08	-3689.37567
346863.983	6700934.59	-3567.37684
346520.641	6702222.22	-3495.85328
346150.91	6703662.37	-3456.82723
345872.305	6704961.06	-3568.72189
345546.883	6706359.15	-3620.20479
345238.668	6707428.77	-3504.46935
344920.052	6708464.85	-3339.77446
344726.659	6709282.41	-3364.1995
364067.379	6640000	-3762.36074
363975.344	6640214.41	-3741.76008
363579.212	6641381.14	-3891.03658
363039.285	6642828.28	-3936.50404
362481.108	6644160.75	-3818.64006
362346.396	6644779.83	-4102.84997
361869.08	6645905.36	-3973.68485
361361.898	6647243.5	-3989.00124
360965.265	6648426	-4141.22414
360427.199	6649898.99	-4186.08681
359898.082	6651186.37	-4054.57777
359833.541	6651620	-4337.1816
359330.801	6652842.94	-4153.10668
358803.968	6654268.83	-4080.47284
358455.588	6655497.05	-4289.26939
357995.004	6656969.7	-4266.64718
357546.433	6658390.83	-4136.86165
357370.319	6659130.91	-4226.95554
357229.847	6659803.12	-4349.76752
356828.236	6661212.12	-4236.70054
356432.747	6662657.42	-4159.67461
356099.684	6664012.1	-4186.98635
355828.363	6665338.29	-4349.27322
355487.851	6666578.79	-4248.72417
355247.768	6667379.05	-4126.03625
354933.359	6668512	-4023.80435
354724.419	6669697.06	-4251.61003
354344.339	6671111.11	-4150.95608
354012.427	6672525.25	-4182.95486
353609.624	6673898.3	-3994.80933
353424.731	6675024.95	-4239.34087
353180.863	6675835.95	-4109.28445
352920.694	6676879.1	-4088.29212
352530.518	6678250.06	-3932.21926
352259.202	6679591.73	-4082.74763
351943.727	6680901.29	-4086.38624
351596.307	6682309.53	-4069.93185
351277.649	6683327.38	-3877.68212
351061.09	6684213.74	-3875.31325
350872.895	6685288.9	-4071.39312
350495.406	6686666.67	-3955.36309
350146.793	6688080.81	-3943.3859
349761.715	6689482.57	-3826.98799
349549.493	6690603.68	-3990.07551
349249.241	6691648.82	-3867.65884
348977.989	6692742.63	-3855.9432
348646.556	6693955.23	-3761.64472
348411.329	6695144.86	-3910.70981
348059.057	6696546.13	-3884.20109
347672.515	6697979.8	-3789.03185
347292.259	6699326.73	-3656.85581
347167.229	6700117.03	-3841.9015
347004.761	6700816.8	-3865.50467
346611.016	6702222.22	-3736.70477
346229.689	6703697.88	-3689.86175
345912.16	6705000.4	-3700.53518
345635.494	6706339.71	-3842.96248
345286.955	6707584.18	-3734.68317
345045.958	6708539.18	-3723.03841
344805.893	6709283.91	-3575.36569
364161.69	6640000	-4015.28156
364011.991	6640197.78	-3822.93877
363661.234	6641372.21	-4103.36469
363088.138	6642828.28	-4069.32883
362535.196	6644246.3	-4057.35517
362385.463	6644896.28	-4331.78024
361955.85	6645917.36	-4227.0192
361401.35	6647226.71	-4081.47427
361046.904	6648446.08	-4393.96764
360470.058	6649898.99	-4310.12537
359953.811	6651272.42	-4314.73035
359822.884	6651788.4	-4491.01872
359410.34	6652847.63	-4403.78839
358870.042	6654305.64	-4333.43664
358537.028	6655492.42	-4554.74812
358069.623	6656969.7	-4511.37153
357736.224	6658139.51	-4518.89349
357370.973	6659311.45	-4382.0892
357319.339	6659867.4	-4679.1259
356909.229	6661212.12	-4481.54511
356545.545	6662626.26	-4469.11926
356147.635	6664056.87	-4358.58011
355908.303	6665314.72	-4562.08191
355556.786	6666589.44	-4451.25594
355296.509	6667553.15	-4384.56132
355003.084	6668585.92	-4271.64232
354778.542	6669754.12	-4442.03499
354437.558	6671097.66	-4400.64431
354063.686	6672525.25	-4324.61122
353680.95	6673908.64	-4197.69837
353498.182	6674931.09	-4378.92237
353270.36	6675868.28	-4375.6042
352952.731	6676997.89	-4255.30726
352614.212	6678288.93	-4186.31047
352300.052	6679603.73	-4201.40845
352029.092	6680940.87	-4343.42795
351686.783	6682314.52	-4317.47313
351418.158	6683361.08	-4278.92089
351124.537	6684278.37	-4088.79826
350942.868	6685302.5	-4269.09026
350584.971	6686666.67	-4196.20297
350230.034	6688080.81	-4167.11771
349831.528	6689491.92	-4020.23098
349654.72	6690684.68	-4324.50776
349304.857	6691816.42	-4126.05529
349069.291	6692760.31	-4111.59362
348731.406	6693845.05	-3916.06397
348454.939	6695223.85	-4078.89734
348148.835	6696542.13	-4120.97928
347764.053	6697979.8	-4032.90631
347365.576	6699382.79	-3888.63468
347195.604	6700172.3	-3953.35802
347076.657	6700875.8	-4095.34255
346702.099	6702222.22	-3978.76615
346352.639	6703636.36	-3975.63995
345959.095	6705053.47	-3859.67516
345720.8	6706316.85	-4054.18573
345379.206	6707597.65	-3987.8501
345138.175	6708560.38	-3981.00626
344887.531	6709292.93	-3797.30573
364257.068	6640000	-4268.86759
364155.567	6640141.39	-4147.51681
363719.567	6641429.76	-4319.24047
363225.602	6642783.07	-4392.92002
362599.095	6644271	-4255.83437
362386.853	6645028.97	-4474.18418
361990.353	6645929.56	-4334.66616
361477.574	6647265.48	-4334.84337
361116.572	6648443.23	-4586.17224
360555.611	6649898.99	-4553.83322
360003.443	6651316.94	-4506.06297
359865.745	6651900.38	-4736.43021
359422.956	6652977.97	-4585.86079
358986.706	6654261.21	-4645.88673
358589.787	6655539.93	-4773.91234
358146.02	6656969.7	-4754.55664
357801.485	6658149.26	-4728.87067
357386.813	6659450.83	-4548.94904
357363.323	6659895.8	-4834.08219
356950.891	6661304.29	-4676.50109
356628.809	6662626.26	-4710.55808
356223.021	6664055.83	-4574.03014
356011.592	6665296.13	-4842.1405
355644.803	6666599.3	-4705.35784
355385.502	6667569.19	-4644.46088
355078.02	6668558.97	-4461.96433
354821.989	6669803.73	-4596.3529
354527.315	6671090.35	-4642.57079
354151.985	6672525.25	-4566.88865
353758.717	6673940.88	-4431.64071
353512.353	6675043.93	-4491.83356
353389.666	6675783.06	-4643.70772
353042.419	6677009.36	-4506.42142
352755.852	6678181.82	-4498.47075
352359.557	6679631.28	-4379.93288
352110.493	6680929.19	-4555.43446
351726.179	6682319.83	-4426.98552
351459.356	6683377.93	-4400.78797
351130.154	6684528.94	-4268.06644
350983.528	6685409.72	-4448.0997
350676.24	6686654.31	-4432.71282
350312.491	6688080.81	-4388.41225
349913.073	6689493.77	-4239.15678
349715.952	6690567.56	-4412.09823
349403.391	6691865.84	-4420.58411
349161.132	6692778.37	-4367.93782
348817.611	6693891.82	-4176.49264
348502.052	6695215.59	-4198.67135
348264.712	6696531.72	-4422.16715
347855.366	6697979.8	-4275.41657
347565.039	6699147.05	-4265.01575
347213.866	6700479.34	-4201.77691
347165.757	6700982.86	-4401.39873
346793.897	6702222.22	-4222.05126
346441.504	6703636.36	-4210.85494
346036.624	6705054.9	-4065.76183
345829.482	6706299.75	-4330.55841
345453.387	6707608.78	-4191.04535
345188.05	6708578.78	-4124.64151
344977.924	6709292.93	-4036.09859
364353.051	6640000	-4521.81428
364263.307	6640073.65	-4362.65387
363759.941	6641451.41	-4448.29013
363321.893	6642744.11	-4609.57951
362729.765	6644266.02	-4598.98475
362440.508	6645054.39	-4646.07666
362211.539	6645785.66	-4783.11669
361615.842	6647210.37	-4653.54115
361171.32	6648497.42	-4794.06031
360692.495	6649852.13	-4886.53484
360074.1	6651317.65	-4706.19728
359851.379	6652110.05	-4917.04116
359505.39	6652987.72	-4839.56369
359078.752	6654203.97	-4861.25503
358636.98	6655551.64	-4935.63241
358232.591	6656913.64	-4972.01706
357836.932	6658269.66	-4937.63429
357456.109	6659557.59	-4842.12016
357378.46	6660046.87	-4992.07933
357076.432	6661202.88	-4966.00306
356681.449	6662626.26	-4860.82679
356310.221	6664082.22	-4839.46178
356065.694	6665270.59	-4975.89277
355771.547	6666576.81	-5041.29111
355475.619	6667585.38	-4904.33781
355173.873	6668488.89	-4679.44093
354863.913	6669818.32	-4720.88617
354643.066	6671082.38	-4953.32665
354239.655	6672525.25	-4805.42576
353894.074	6673939.39	-4796.93208
353545.771	6675233.46	-4706.81137
353470.746	6675901.58	-4939.78105
353133.01	6677021.24	-4758.52756
352845.891	6678181.82	-4740.56759
352439.979	6679624.38	-4591.50294
352207.906	6680936.98	-4821.93494
351832.119	6682361.02	-4736.96236
351550.919	6683395.93	-4657.36601
351239.597	6684371.26	-4457.78861
351011.157	6685549.61	-4612.97499
350765.305	6686650.86	-4668.15767
350395.336	6688080.81	-4608.28665
350038.335	6689505.91	-4580.08895
349708.608	6690733.3	-4499.55282
349516.158	6691790.74	-4671.52846
349202.674	6692795.99	-4489.50702
348933.226	6693845.58	-4453.3633
348562.391	6695230.74	-4368.37574
348317.982	6696525.06	-4558.98752
347946.353	6697979.8	-4516.31123
347657.207	6699158.85	-4516.37435
347263.451	6700515.36	-4356.1518
347205.618	6701051.03	-4551.00694
346885.752	6702213.34	-4459.19506
346532.462	6703636.36	-4450.96228
346125.983	6705090.18	-4324.78338
345883.268	6706286.96	-4464.12717
345584.012	6707710.08	-4600.95872
345282.406	6708595.69	-4384.41441
345070.734	6709292.93	-4280.79728
364449.631	6640000	-4774.10807
364368.935	6640100.25	-4667.36487
363820.017	6641513.81	-4669.55678
363407.524	6642767	-4858.36202
362820.181	6644262.27	-4833.79708
362418.63	6645305.88	-4844.95167
362354.075	6645659.12	-5032.39862
361720.854	6647142.89	-4865.21785
361210.883	6648526.69	-4931.52151
360786.907	6649812.57	-5103.88748
360153.699	6651356.8	-4969.28655
359883.849	6652171.52	-5073.09651
359720.211	6652726.48	-5179.99237
359161.623	6654197.07	-5094.34839
358683.734	6655598.66	-5117.95069
358352.63	6656866.41	-5290.01823
357920.498	6658274.87	-5187.66034
357568.73	6659460.57	-5094.22748
357379.725	6660238.57	-5139.33762
357200.283	6661224.31	-5333.93391
356766	6662626.26	-5098.78589
356422.218	6664050.52	-5127.90198
356088.978	6665390.25	-5120.56502
355856.416	6666659.96	-5327.38091
355522.992	6667604.88	-5047.74347
355286.214	6668566.79	-5039.21256
354919.581	6669907.95	-4931.44809
354693.097	6671078.02	-5085.93779
354326.078	6672525.25	-5038.69619
353984.511	6673939.39	-5039.93372
353593.885	6675271.87	-4860.88165
353517.466	6675934.57	-5086.27094
353224.497	6677033.98	-5011.87196
352936.97	6678181.82	-4983.9481
352553.521	6679655.76	-4915.03526
352262.88	6680928.96	-4963.49767
351977.311	6682317.78	-5095.61985
351642.775	6683413.72	-4913.21194
351330.163	6684465.13	-4760.13529
351063.238	6685478.62	-4705.28455
350885.696	6686666.5	-4998.11011
350479.425	6688080.81	-4830.94024
350130.097	6689494.95	-4815.95512
349776.235	6690848.28	-4752.58402
349590.589	6691894.07	-4934.80338
349296.359	6692811.24	-4747.45288
349025.29	6693850.7	-4700.30536
348677.756	6695217.8	-4664.7427
348406.962	6696546.83	-4808.29231
348043.53	6697937.84	-4745.89692
347691.039	6699280.07	-4683.56712
347323.302	6700613.02	-4577.29171
347203.285	6701144.28	-4605.33388
347017.76	6702237.59	-4822.96023
346587.057	6703636.36	-4594.74006
346246.925	6705056.92	-4621.51443
345909.325	6706405.14	-4609.32111
345676.664	6707665.13	-4815.2558
345377.004	6708612.61	-4644.15171
345164.479	6709292.93	-4527.40066
364546.799	6640000	-5025.73723
364462.37	6640105.17	-4915.13877
363893.994	6641507.78	-4855.7412
363492.265	6642756.49	-5069.30574
362916.018	6644242.42	-5063.88637
362439.991	6645385.02	-4981.73022
362406.758	6645713.37	-5226.08732
361829.421	6647070.71	-5078.44129
361281.606	6648571.75	-5165.0342
360870.008	6649802.84	-5317.44886
360359.581	6651205.38	-5371.30752
359883.487	6652418.48	-5324.88857
359827.852	6652730.78	-5484.98965
359261.157	6654141.41	-5320.0081
358741.797	6655613.88	-5297.64429
358431.658	6656839.74	-5496.10173
358006.318	6658280.08	-5436.37257
357723.046	6659333.25	-5435.10326
357432.923	6660245.08	-5291.68443
357274.022	6661229.45	-5542.91507
356851.91	6662626.26	-5336.3351
356509.741	6664040.4	-5359.20674
356122.407	6665445.47	-5248.88609
355933.581	6666631.4	-5517.1494
355613.187	6667625.63	-5305.75454
355376.888	6668580.25	-5292.63689
354988.936	6669891.95	-5107.64014
354784.187	6671111.03	-5352.43921
354414.291	6672498.55	-5258.15244
354075.121	6673939.39	-5281.55294
353649.039	6675348.23	-5057.42958
353516.691	6676071.01	-5172.15695
353411.73	6676812.58	-5366.88653
352983.349	6678270.54	-5165.06319
352643.691	6679614.94	-5127.54545
352301.204	6681006.51	-5114.6378
352019.641	6682298.18	-5195.21349
351667.262	6683560.25	-5071.67274
351424.534	6684525.34	-5049.19733
351163.494	6685567.7	-5027.67576
350947.233	6686719.29	-5194.63192
350564.696	6688080.81	-5056.09914
350220.352	6689494.95	-5054.12002
349845.927	6690864.75	-4946.67037
349654.262	6691970.91	-5151.8856
349390.576	6692826.57	-5005.84922
349118.058	6693855.9	-4948.26376
348764.577	6695263.03	-4922.61495
348456.898	6696559.15	-4947.90155
348174.914	6697914.85	-5076.89855
347784.093	6699285.95	-4932.11081
347520.452	6700336.48	-4917.23447
347248.549	6701234.01	-4782.29316
347094.674	6702244.14	-5029.37961
346677.31	6703636.36	-4831.9506
346340.277	6705066.77	-4872.96917
345967.376	6706426.63	-4775.51462
345755.481	6707636.49	-5003.46806
345398.718	6708787.75	-4814.77968
345258.759	6709292.93	-4774.81573
364643.843	6640000	-5274.99016
364548.793	6640110.7	-5143.51483
363974.145	6641549.72	-5105.01111
363597.206	6642750.43	-5335.17691
363010.126	6644242.42	-5307.50791
362473.226	6645523.47	-5208.46462
362439.887	6645814.04	-5412.75969
361922.031	6647070.71	-5320.99028
361355.577	6648574.39	-5360.64214
360955.017	6649778.3	-5517.94222
360390.208	6651313.13	-5556.81374
359907.71	6652498.77	-5469.99732
359882.671	6652829.66	-5726.96575
359349.793	6654141.41	-5562.51771
358835.312	6655616.42	-5556.58348
358507.009	6656885.84	-5745.38476
358088.04	6658284.72	-5665.27813
357784.061	6659350.26	-5613.22508
357482.781	6660349.34	-5503.17704
357325.246	6661305.43	-5734.03312
356939.584	6662626.26	-5574.53019
356593.694	6664040.4	-5584.63335
356216.052	6665486.6	-5526.34714
356001.402	6666604.94	-5681.45003
355680.286	6667791.88	-5592.10135
355425.734	6668735.35	-5523.86386
355119.922	6669854.4	-5432.16722
354821.647	6671152.27	-5478.42444
354523.749	6672491.29	-5544.82488
354165.918	6673939.39	-5521.84503
353776.461	6675333.9	-5384.50933
353539.971	6676374.9	-5428.28003
353482.418	6676826.12	-5562.66148
353075.042	6678275.76	-5410.78051
352735.891	6679595.96	-5358.4784
352376.149	6681014.5	-5317.14154
352141.193	6682280.29	-5504.54798
351760.402	6683572.9	-5325.39841
351517.273	6684546.52	-5307.0933
351194.915	6685541	-5093.36915
350999.118	6686755.93	-5354.70261
350653.346	6688061.61	-5277.30501
350309.547	6689494.95	-5288.58358
349923.316	6690906.69	-5176.69906
349696.409	6691954.94	-5252.46139
349560.276	6692765.99	-5412.70111
349202.666	6693861.47	-5174.22783
348859.482	6695188.13	-5123.32157
348520.809	6696587.68	-5133.66331
348258.838	6697905	-5290.73583
347877.019	6699291.67	-5179.44872
347613.659	6700355.12	-5173.44031
347298.917	6701344.61	-4985.81427
347146.3	6702326.47	-5217.76815
346767.932	6703636.36	-5069.51032
346428.354	6705050.51	-5092.82539
346043.149	6706496.39	-5019.00465
345823.768	6707609.68	-5164.93994
345493.672	6708803.08	-5073.28976
345353.576	6709292.93	-5023.04414
364737.22	6640000	-5513.3072
364643.495	6640116.61	-5391.55704
364064.714	6641518.66	-5305.58982
363660.472	6642801.81	-5548.14653
363104.728	6644242.42	-5549.7262
362510.773	6645610.91	-5392.5559
362470.752	6645965.42	-5641.46196
362016.279	6647070.71	-5564.38284
361436.047	6648615.13	-5608.61486
361061.068	6649823.25	-5836.85915
360484.367	6651313.13	-5800.3928
359932.93	6652617.06	-5652.93757
359909.084	6652943.63	-5903.16478
359441.51	6654141.41	-5805.6781
358916.424	6655608.61	-5765.02179
358574.094	6656886.09	-5927.96637
358195.056	6658311.29	-5970.03813
357876.499	6659364.48	-5870.89047
357495.303	6660486.17	-5631.87435
357370.96	6661350.34	-5886.38621
357071.902	6662605.73	-5914.31013
356678.108	6664040.4	-5808.48776
356260.287	6665483.87	-5641.60485
356049.94	6666622.32	-5821.09673
355827.734	6667742.04	-5948.88759
355488.589	6668751.2	-5700.70034
355208.6	6669834.49	-5652.92068
354875.921	6671182.37	-5640.48693
354594.485	6672503.52	-5739.84575
354256.973	6673939.39	-5761.01696
353921.045	6675235.79	-5702.69399
353578.934	6676433.96	-5568.21103
353525.222	6676943.78	-5749.82493
353167.707	6678281.16	-5657.6284
352825.115	6679595.96	-5592.62655
352459.052	6681058.29	-5562.31693
352208.362	6682264.62	-5671.0404
351865.755	6683618.22	-5630.08237
351610.466	6684567.84	-5564.95659
351288.169	6685610.33	-5382.63109
351037.404	6686791.95	-5477.91539
350773.401	6688059.7	-5590.8924
350397.895	6689494.95	-5519.97379
350012.766	6690907.21	-5411.00299
349725.219	6692180.47	-5471.50939
349629.941	6692773.72	-5599.95684
349247.454	6693996.28	-5378.05875
348957.984	6695151.52	-5357.58705
348598.928	6696590.77	-5339.76691
348338.636	6697897.54	-5494.72085
347982.046	6699335.29	-5481.55158
347677.978	6700373.31	-5353.04914
347370.872	6701327.59	-5163.0338
347190.941	6702379.71	-5368.75016
346902.33	6703616.17	-5407.97559
346513.727	6705050.51	-5315.74551
346126.016	6706464.5	-5214.59081
345869.7	6707640.49	-5304.8126
345645.14	6708744.15	-5430.65049
345448.935	6709292.93	-5272.08735
364819.736	6640005.3	-5728.02386
364803.541	6640004.75	-5686.81993
364152.946	6641507.98	-5518.92165
363716.305	6642804.59	-5693.24686
363276.744	6644129.2	-5875.28908
362621.703	6645657.81	-5719.16321
362471.244	6646155.71	-5829.60681
362112.652	6647055.19	-5795.49559
361525.359	6648552.08	-5772.29199
361107.235	6649824.58	-5955.91881
360596.084	6651255.16	-6028.99205
359989.271	6652638.67	-5816.49933
359936.262	6653019.41	-6043.11161
359537.143	6654122.81	-6036.14094
359002.723	6655634.83	-6009.88694
358625.631	6656917.65	-6088.08104
358295.711	6658254.18	-6191.31964
357924.779	6659515.87	-6099.33145
357594.53	6660576.99	-5954.12567
357407.389	6661403.54	-6016.10225
357159.532	6662610.28	-6146.57545
356764.792	6664040.4	-6035.44397
356386.598	6665478.66	-5967.9651
356089.607	6666757.91	-6011.08474
355907.66	6667838.97	-6217.01032
355581.775	6668770.33	-5956.87671
355327.042	6669810.4	-5947.64587
354916.889	6671232.83	-5779.8192
354689.316	6672523.46	-6000.16045
354354.015	6673899.11	-5989.06498
354006.687	6675241.79	-5929.61259
353620.02	6676467.74	-5696.7419
353564.294	6677013.5	-5896.01897
353306.045	6678169.25	-5947.93983
352915.39	6679595.96	-5828.25513
352541.569	6681052.61	-5773.79166
352254.056	6682295.68	-5809.97683
351972.981	6683673.18	-5944.06585
351704.126	6684589.16	-5822.72553
351388.967	6685661.49	-5678.63689
351088.891	6686811.93	-5624.65436
350859.744	6688056.45	-5814.30422
350486.239	6689494.95	-5750.56176
350152.824	6690909.09	-5777.17066
349771.484	6692230.56	-5623.79257
349677.113	6692905.84	-5806.6024
349341.721	6694006.85	-5630.9058
349050.147	6695151.52	-5598.05977
348678.052	6696634.32	-5573.73991
348406.21	6697903	-5674.57596
348081.75	6699294.84	-5715.57156
347730.043	6700522.28	-5583.88186
347452.337	6701420.92	-5435.59182
347228.155	6702424.66	-5494.54835
346989.617	6703621.54	-5638.98796
346600.033	6705050.51	-5540.64781
346215.567	6706488.4	-5463.36128
345909.032	6707776.02	-5494.60216
345725.737	6708837.53	-5700.42795
345544.66	6709292.93	-5521.49102
364900.584	6640005.83	-5931.97438
364880.541	6640040.59	-5915.69518
364314.385	6641414.14	-5832.31688
363768.654	6642831.15	-5850.00953
363367.444	6644115.38	-6089.01153
362706.803	6645669.76	-5943.2152
362495.382	6646235.1	-5967.35556
362256.471	6647061.27	-6163.43616
361613.645	6648577.46	-6018.68444
361168.963	6649891.36	-6174.84584
360692.658	6651246.42	-6261.36375
360130.153	6652582.79	-6118.0369
359942.414	6653209.83	-6232.4038
359682.827	6654125.04	-6402.53689
359101.156	6655599.11	-6225.32188
358673.824	6656988.62	-6261.94515
358388.66	6658224.15	-6405.71427
358020.936	6659529.22	-6351.94157
357767.906	6660497.12	-6345.53052
357451.354	6661535.55	-6212.83011
357242.306	6662610.41	-6360.34058
356856.613	6664040.4	-6272.1545
356479.219	6665473.43	-6203.50357
356137.867	6666799.2	-6160.95192
355932.561	6667946.18	-6347.54297
355676.141	6668789.95	-6213.55166
355376.091	6669933.45	-6152.75623
355029.291	6671223.56	-6064.84003
354781.263	6672520.08	-6236.02977
354444.612	6673893.48	-6220.30981
354101.054	6675246.73	-6177.00543
353679.405	6676565.07	-5912.5253
353574.183	6677168.95	-6019.21428
353388.815	6678195.22	-6179.23
353007.102	6679595.96	-6066.30958
352629.278	6681035.52	-5990.68672
352299.175	6682413.92	-6001.45599
352063.869	6683635.23	-6156.20016
351722.159	6684753.68	-5972.9452
351488.087	6685697.75	-5959.34561
351161.982	6686882.04	-5858.93915
350939.711	6688058.4	-6023.48185
350578.716	6689478.85	-5981.00447
350199.187	6690909.09	-5897.60353
349824.963	6692317.18	-5817.45085
349697.326	6693047.28	-5948.68645
349537.048	6693741.49	-5970.13404
349143.021	6695151.52	-5839.57447
348759.738	6696629.94	-5783.13569
348464.658	6697964.87	-5865.74461
348171.405	6699278.29	-5938.12614
347824.212	6700535.53	-5837.06287
347581.691	6701504.31	-5825.29679
347275.843	6702542.16	-5693.62444
347070.652	6703622.44	-5850.40752
346688.877	6705050.51	-5771.64056
346345.488	6706464.65	-5785.6141
345958.5	6707814.13	-5647.5481
345751.158	6708941.7	-5833.3055
345637.538	6709292.93	-5763.04792
364976.711	6640006.23	-6122.17641
364979.155	6640112.67	-6231.52905
364410.603	6641414.14	-6072.1467
363831.857	6642881.04	-6055.30496
363463.409	6644074.3	-6287.8489
362947.893	6645402.04	-6284.38036
362488.467	6646434.14	-6141.28801
362337.273	6647061.61	-6364.50119
361716.811	6648534.63	-6232.12715
361215.458	6649906.96	-6303.08765
360802.685	6651190.48	-6479.39701
360354.791	6652446.05	-6536.24141
359971.14	6653324.41	-6402.87146
359768.586	6654123.99	-6610.11209
359248.037	6655555.56	-6543.12797
358748.72	6657005.54	-6454.25419
358510.373	6658211.14	-6696.93737
358100.903	6659539.83	-6556.35824
357821.791	6660516.25	-6491.26055
357521.289	6661506.37	-6369.24763
357305.22	6662667.25	-6555.5924
356955.062	6664023.77	-6511.44671
356576.181	6665454.55	-6438.47095
356196.338	6666867.76	-6352.26317
356032.893	6667921.26	-6588.56917
355771.975	6668815.64	-6474.85021
355471.824	6669943.6	-6404.64953
355115.924	6671208.95	-6278.08941
354834.48	6672535.84	-6382.59024
354537.621	6673865.46	-6442.43511
354195.633	6675251.65	-6423.14818
353923.043	6676316.24	-6385.45701
353592.491	6677432.37	-6231.07884
353463.853	6678203.85	-6378.675
353100.235	6679595.96	-6306.67983
352746.055	6681010.1	-6276.42683
352355.036	6682397.32	-6134.9139
352179.547	6683609.02	-6438.8366
351816.771	6684772.95	-6229.79628
351582.465	6685716.51	-6215.21498
351241.877	6686861.18	-6052.4348
350989.599	6688107.87	-6183.98275
350673.131	6689474.87	-6222.88041
350292.955	6690909.09	-6140.43815
349901.649	6692321.6	-6018.57399
349702.754	6693334.77	-6143.94105
349607.88	6693935.11	-6276.32363
349236.642	6695151.52	-6082.21497
348849.457	6696605.19	-5999.82448
348509.228	6698011.19	-6010.59047
348257.849	6699259.55	-6150.33387
347918.361	6700548.45	-6089.21477
347675.951	6701525.84	-6083.14592
347345.108	6702513.45	-5854.84319
347163.204	6703681.2	-6127.98292
346783.048	6705031.6	-6003.85075
346435.863	6706464.65	-6019.86313
346017.252	6707878.52	-5841.09321
345848.554	6708925.98	-6075.7983
345718.396	6709257.13	-5950.19202
365050.988	6640006.28	-6305.65117
364989.694	6640149.86	-6293.25509
364508.256	6641414.14	-6313.46977
363905.803	6642880.33	-6236.63906
363546.562	6644122.66	-6537.63682
362971.252	6645534.49	-6465.6684
362536.375	6646558.07	-6376.87133
362396.738	6647113.33	-6558.7438
361871.403	6648484.85	-6560.46629
361287.132	6649959.9	-6524.62781
360947.537	6651154.75	-6794.27294
360395.185	6652459.31	-6644.14983
359978.609	6653561.85	-6626.51449
359835.71	6654173.8	-6808.94269
359305.427	6655555.56	-6676.54134
358859.866	6656988.48	-6703.58032
358551.853	6658276.97	-6838.62062
358243.454	6659628.73	-6951.8142
357923.377	6660534.42	-6750.8431
357604.049	6661473.68	-6552.30155
357357.782	6662698.75	-6706.46158
357051.958	6664017.57	-6749.47172
356672.627	6665454.55	-6681.002
356279.046	6666870.9	-6562.13681
356044.99	6668055.9	-6701.6872
355899.712	6668882.46	-6839.04258
355549.839	6669956.04	-6610.82645
355212.711	6671169.55	-6500.09894
354881.679	6672585.91	-6533.65689
354623.072	6673856.06	-6655.18721
354244.617	6675353.54	-6610.20005
353973.894	6676475.29	-6613.19984
353647.541	6677440.96	-6377.63733
353547.595	6678302.32	-6654.6724
353195.052	6679578.77	-6539.62308
352837.669	6681010.1	-6511.97605
352437.15	6682458.65	-6384.40386
352235.655	6683587.31	-6569.58008
351918.913	6684815.6	-6518.99865
351677.473	6685735.66	-6471.71469
351334.936	6686821.63	-6267.5535
351053.542	6688156.05	-6378.62651
350792.622	6689460.09	-6521.56172
350386.474	6690909.09	-6381.70427
349986.92	6692339.89	-6250.03348
349712.224	6693525.98	-6288.65368
349705.86	6693909.72	-6512.92048
349285.02	6695253	-6271.69638
348982.21	6696565.66	-6317.54443
348580.529	6697980.68	-6175.30626
348368.695	6699247.28	-6429.17024
348021.983	6700595.6	-6386.43763
347728.634	6701544.54	-6231.03117
347424.715	6702481.08	-6040.09211
347194.915	6703736.65	-6245.1074
346876.673	6705025.88	-6242.37956
346496.687	6706464.65	-6177.23314
346098.655	6707880.94	-6053.1304
345871.169	6709037.36	-6205.52066
345798.36	6709256.02	-6156.62063
365085.615	6640037.45	-6421.14318
365033.388	6640290.39	-6534.66602
364609.084	6641397.11	-6544.82706
364024.53	6642872.5	-6519.1044
363623.727	6644112.31	-6715.89491
363071.735	6645540.16	-6714.1466
362521.459	6646730.38	-6502.19875
362449.055	6647230.83	-6793.31698
361922.942	6648484.85	-6683.99646
361376.315	6649948.72	-6726.00377
361030.659	6651141.03	-6977.1102
360498.569	6652473.19	-6896.62666
360013.291	6653585.28	-6727.03904
359894.796	6654293.6	-7038.30514
359408.48	6655555.56	-6911.72851
358965.22	6656986.69	-6939.89751
358610.329	6658294.89	-6988.68608
358346.713	6659584.86	-7166.87992
357987.201	6660708.03	-7009.04584
357701.72	6661561.7	-6843.66229
357401.693	6662835.92	-6896.72963
357181.188	6664013.08	-7065.13891
356767.82	6665454.55	-6916.97179
356369.266	6666884.39	-6795.15558
356080.725	6668111.04	-6824.80256
355996.061	6668834.41	-7050.63799
355646.671	6669969.33	-6862.88511
355364.83	6671111.11	-6847.81872
354953.518	6672594.09	-6720.06659
354727.924	6673861.74	-6924.99709
354349.485	6675292.09	-6839.12948
354050.479	6676486.69	-6814.5064
353726.516	6677551.07	-6647.14222
353555.215	6678356.46	-6707.5007
353287.602	6679574.66	-6773.60718
352912.912	6681010.1	-6703.82402
352526.618	6682453.37	-6609.83816
352257.32	6683719.52	-6706.64296
352022.134	6684878.77	-6822.16496
351721.045	6685754.85	-6595.27514
351441.972	6686869.96	-6572.76461
351093.711	6688222.94	-6523.52737
350877.265	6689451.77	-6733.6315
350479.522	6690909.09	-6620.84768
350184.872	6692213.23	-6679.58514
349756.056	6693581.5	-6436.17526
349748.267	6693971.83	-6660.92533
349425.107	6695142.33	-6562.6271
349075.545	6696565.66	-6557.72055
348675.223	6698010.69	-6438.3924
348406.062	6699300.68	-6559.02592
348127.318	6700654.36	-6694.46233
347787.717	6701712.8	-6489.87776
347516.35	6702567.84	-6331.82095
347219.653	6703854.97	-6384.17163
347001.33	6705015.99	-6557.76773
346590.831	6706464.65	-6420.21135
346233.136	6707893.63	-6408.11402
345910.459	6709101.18	-6347.57245
345874.447	6709256.17	-6353.27458
365160.961	6640036.37	-6603.43224
365026.677	6640490.17	-6707.9186
364706.598	6641393.38	-6778.76728
364119.502	6642890.9	-6766.57965
363685.077	6644182.24	-6929.04383
363209.081	6645477.91	-6986.03035
362661.835	6646660.47	-6774.39247
362485.803	6647301.68	-6946.06217
362075.981	6648455.42	-7020.96538
361505.25	6649929.63	-7010.38908
361103.997	6651205.28	-7202.10162
360612.753	6652517.98	-7192.86774
360107.386	6653690.96	-7027.13897
359937.004	6654371.18	-7192.76152
359567.071	6655536.2	-7250.11165
359083.401	6656988.89	-7198.88486
358653.316	6658340.2	-7114.34107
358435.822	6659562.88	-7359.36363
358055.84	6660726.37	-7181.06667
357786.643	6661668.9	-7113.09411
357456.697	6662848.03	-7035.69927
357233.375	6664010.65	-7190.43222
356860.708	6665454.55	-7144.31976
356515.481	6666868.69	-7145.17496
356129.038	6668163.73	-6976.11927
356048.776	6668862.13	-7198.10477
355744.775	6669983.27	-7116.04666
355419.324	6671203.2	-7040.99206
355039.142	6672586.41	-6930.24628
354776.439	6673909.69	-7076.19371
354498.697	6675250.46	-7190.07906
354148.171	6676497.68	-7067.74467
353809.318	6677552.87	-6857.67855
353594.181	6678508.25	-6899.45463
353416.305	6679586.43	-7107.94904
353002.73	6681010.1	-6931.87036
352656.666	6682446.33	-6936.26291
352288.444	6683783.6	-6825.75592
352113.784	6684959.76	-7105.41787
351792.15	6685920.34	-6879.75347
351547.319	6686910.12	-6867.15616
351165.791	6688215.43	-6703.02839
350944.661	6689471.6	-6918.51906
350577.169	6690870.49	-6847.04688
350226.183	6692218.87	-6788.87747
349859.999	6693545.21	-6680.13963
349739.452	6694142.46	-6745.17386
349561.861	6695169.51	-6930.71955
349127.749	6696565.66	-6691.69216
348801.486	6697982.4	-6745.16493
348456.072	6699345.54	-6715.75413
348219.798	6700617.27	-6908.56078
347882.709	6701732.58	-6746.4847
347645.019	6702675.41	-6731.14847
347273.792	6703852.78	-6522.04386
347079.316	6705037.09	-6771.82832
346681.692	6706464.65	-6654.06855
346327.491	6707878.79	-6641.39842
345969.715	6709155.78	-6534.80346
345921.493	6709292.93	-6497.60251
365244.408	6640004.51	-6774.48544
365097.233	6640472.47	-6861.187
364846.962	6641393.74	-7118.33764
364222.422	6642863.45	-6987.45279
363731.116	6644206.75	-7061.86349
363307.577	6645508.1	-7246.2369
362809.827	6646579.86	-7051.31753
362516.516	6647454.96	-7156.4369
362176.936	6648473.22	-7272.12311
361609.361	6649922.04	-7241.79573
361167.376	6651176.39	-7322.02246
360732.249	6652566.29	-7497.29511
360258.115	6653595.2	-7282.10765
359974.108	6654416.05	-7307.07883
359671.107	6655541.51	-7478.48283
359187.442	6656969.7	-7409.59132
358755.534	6658393.4	-7371.34813
358520.097	6659640.42	-7595.41859
358163.298	6660743.24	-7438.70971
357892.315	6661685.88	-7370.09931
357531.944	6662827.25	-7200.79826
357332.897	6664053.9	-7455.35663
356954.439	6665433.59	-7359.2178
356613.655	6666868.69	-7383.8813
356184.599	6668253.14	-7165.82223
356044.327	6669137.43	-7351.22876
355947.339	6669746.54	-7473.34641
355509.626	6671208.46	-7268.36351
355127.995	6672579.53	-7147.36239
354835.241	6673933.6	-7237.83912
354587.994	6675234.59	-7403.93748
354246.156	6676508.64	-7319.97446
353987.807	6677486.83	-7266.85148
353647.112	6678502.49	-7029.30412
353481.872	6679641.35	-7307.05232
353093.039	6681010.1	-7160.1859
352751.23	6682424.24	-7161.85529
352348.273	6683806.36	-6991.40888
352184.468	6684920.9	-7260.98782
351888.215	6685942.24	-7137.46329
351643.304	6686922.65	-7118.95816
351293.581	6688197.37	-7017.04985
350992.979	6689503.35	-7061.40999
350707.544	6690850.82	-7167.53294
350321.661	6692224.52	-7036.12822
349937.793	6693590.84	-6907.25822
349776.085	6694302.55	-6938.60922
349639.689	6695177.01	-7134.47505
349220.648	6696565.66	-6929.55687
348887.822	6697995.81	-6973.92854
348494.939	6699391.16	-6844.0552
348300.313	6700592.56	-7099.34359
347946.317	6701750.52	-6920.73404
347688.027	6702693.33	-6852.6641
347344.527	6703830.72	-6689.60172
347147.124	6705048.49	-6953.17049
346802.89	6706437.24	-6947.94906
346421.189	6707878.79	-6881.9994
346032.976	6709249.15	-6756.62143
346006.246	6709292.93	-6715.55612
365409.447	6640000	-7166.03808
365160.365	6640460.05	-7001.17406
364918.036	6641427.51	-7319.54234
364327.377	6642828.28	-7203.97309
363791.256	6644232.58	-7227.15688
363417.415	6645457.21	-7457.83879
362967.824	6646597.44	-7434.35471
362564.724	6647550.97	-7353.616
362270.961	6648486.64	-7500.78528
361707.667	6649923.87	-7464.99508
361198.372	6651292.44	-7488.08342
360848.544	6652514.41	-7709.1911
360420.395	6653490.48	-7549.45828
359996.519	6654517.97	-7429.53712
359768.696	6655542.07	-7686.09209
359292.726	6656969.7	-7631.98555
358811.58	6658394.59	-7492.69821
358582.488	6659649.71	-7740.05024
358331.723	6660694.74	-7787.67551
358000.216	6661703.19	-7627.65929
357678.239	6662794.79	-7521.36175
357372.194	6664099.75	-7574.33498
357068.561	6665434.2	-7633.35402
356712.19	6666868.69	-7620.81904
356267.568	6668260.78	-7371.78336
356080.81	6669308.51	-7542.09446
355967.184	6669902.28	-7615.38912
355607.978	6671214.37	-7514.01216
355261.877	6672561.38	-7467.1132
354899.272	6673961.4	-7413.23541
354671.07	6675220.68	-7602.35335
354287.402	6676521.24	-7430.51973
354039.734	6677508.71	-7409.95459
353719.768	6678468.42	-7190.80024
353537.98	6679670.7	-7465.89052
353186.206	6680989.19	-7382.13248
352842.611	6682424.24	-7392.0676
352417.736	6683853.99	-7195.96272
352230.638	6684933.01	-7385.15387
352022.248	6685880.88	-7438.45785
351740.078	6686935.56	-7371.85997
351392.89	6688148.37	-7238.4129
351053.77	6689525.84	-7229.44993
350792.745	6690844.69	-7380.32269
350417.014	6692230.03	-7282.05423
350149.739	6693314.6	-7275.54624
349824.617	6694435.43	-7144.97519
349691.57	6695267.87	-7323.31997
349314.148	6696565.66	-7168.20955
348976.379	6697979.8	-7189.50779
348596.033	6699426.59	-7124.21301
348369.565	6700571.44	-7263.16034
348043.369	6701765.79	-7178.49948
347784.907	6702709.03	-7110.44447
347480.011	6703795.36	-7014.0438
347183.895	6705105	-7082.90593
346887.678	6706424.34	-7157.05271
346514.414	6707878.79	-7120.81868
346119.769	6709259.42	-6985.51543
346094.317	6709292.93	-6941.44065
365513.216	6640000	-7413.18216
365163.885	6640684.04	-7218.00385
364979.002	6641522.25	-7550.55478
364425.891	6642828.28	-7436.46064
363873.065	6644254.3	-7438.219
363507.491	6645435.65	-7648.10481
362981.459	6646761.3	-7610.02542
362635.69	6647536.66	-7503.52234
362390.423	6648533.5	-7812.95712
361814.099	6649898.99	-7680.90576
361250.247	6651332.47	-7635.05998
360945.044	6652491.87	-7898.85607
360480.535	6653660.27	-7807.54407
360124.968	6654483.84	-7674.17535
359884.755	6655603.28	-7966.75085
359406.074	6656949.7	-7854.47524
358958.214	6658400.33	-7805.88617
358632.093	6659661.39	-7855.13812
358368.65	6660934.05	-8004.82373
358031.049	6661877.68	-7798.62085
357719.97	6662772.47	-7604.21536
357433.345	6664128.47	-7732.804
357155.74	6665438.96	-7842.93369
356811.324	6666868.69	-7856.62038
356414.843	6668289.97	-7742.50564
356111.014	6669487.1	-7719.78362
356068.698	6669891.68	-7855.37826
355707.63	6671220.53	-7760.8629
355362.715	6672525.25	-7692.44201
354999.033	6673980.07	-7669.38518
354742.218	6675214.72	-7775.01327
354416.383	6676639.47	-7819.69809
354113.419	6677679.7	-7695.71226
353813.856	6678551.51	-7476.21986
353580.929	6679713.3	-7598.8254
353315.065	6680987.98	-7704.22479
352932.581	6682424.24	-7617.77232
352551.325	6683860.76	-7535.48687
352267.851	6685103.66	-7582.91527
352103.657	6685883.61	-7645.4857
351780.633	6686947.32	-7481.34277
351486.57	6688140.24	-7469.9441
351131.549	6689522.94	-7424.13289
350875.821	6690840.65	-7588.26979
350524.572	6692270.53	-7579.15685
350176.541	6693460.81	-7433.64502
349824.043	6694593.96	-7241.92213
349737.086	6695321.46	-7472.30691
349454.639	6696547.18	-7514.25225
349064.577	6697979.8	-7413.79741
348681.888	6699394.45	-7322.45327
348418.116	6700602.75	-7406.49947
348179.647	6701858.26	-7583.35796
347882.257	6702724.8	-7368.71333
347572.09	6703772.84	-7234.81153
347241.898	6705192.42	-7286.19374
346966.837	6706426.28	-7360.7285
346607.261	6707878.79	-7358.10896
346208.32	6709292.93	-7233.20503
346185.538	6709292.93	-7174.80166
365617.287	6640000	-7659.20553
365232.439	6640768.35	-7458.53991
365024.335	6641574.13	-7704.47017
364525.69	6642828.28	-7670.11881
363970.648	6644283.78	-7691.13002
363627.839	6645497.91	-7979.55676
363088.289	6646774.35	-7864.6115
362665.606	6647616.61	-7641.96193
362451.656	6648558.4	-7971.4119
361917.778	6649898.99	-7909.87677
361372.065	6651350.03	-7911.94687
361033.724	6652476.66	-8074.75415
360558.507	6653681.15	-7983.0214
360150.174	6654590.91	-7802.69575
359902.999	6655640.86	-8028.16055
359521.947	6656944.3	-8086.76073
359072.15	6658395.37	-8039.54143
358688.821	6659720.83	-8009.4646
358459.401	6660904.39	-8187.56484
358142.212	6661897.3	-8057.83918
357865.505	6662879.26	-7998.45733
357513.862	6664114.7	-7909.04239
357267.724	6665427.1	-8096.73565
356915.459	6666842.09	-8086.47878
356562.648	6668181.06	-8031.27243
356122.689	6669538.71	-7778.04102
356110.953	6669963.2	-7999.07316
355856.32	6671105.94	-8052.86543
355459.909	6672525.25	-7928.90052
355083.534	6673977.09	-7873.69188
354808.557	6675290.95	-7982.96135
354511.096	6676618.62	-8040.70248
354213.963	6677696.02	-7953.64517
353918.943	6678615.55	-7775.79864
353629.292	6679839.38	-7794.68335
353404.03	6680985.47	-7924.43775
353021.866	6682424.24	-7840.9702
352646.331	6683856.57	-7770.39239
352315.163	6685152.22	-7730.72291
352181.305	6686001.72	-7911.9976
351865.18	6687097.7	-7786.16768
351596.171	6688176.44	-7768.12387
351213.969	6689572.77	-7662.23406
350948.447	6690850.59	-7777.78615
350624.853	6692236.72	-7811.53103
350273.473	6693473.94	-7686.81687
349953.161	6694544.27	-7538.19418
349774.611	6695374.68	-7600.24955
349542.884	6696559	-7745.33931
349154.765	6697979.8	-7642.57324
348772.89	6699417.08	-7567.66392
348460.217	6700731.28	-7593.6675
348223.831	6701942.36	-7747.84024
347906.081	6702899.88	-7539.05581
347693.542	6703760.31	-7536.42852
347309.723	6705182.77	-7452.69849
347053.756	6706460.03	-7603.60033
346704.837	6707840.15	-7582.68065
346355.647	6709189.62	-7544.0958
346279.42	6709292.93	-7414.37326
365721.633	6640000	-7904.08914
365354.675	6640827.75	-7799.0919
365033.86	6641699.04	-7839.39754
364676.236	6642782.81	-7979.8131
364065.279	6644278.95	-7904.08382
363670.709	6645465.71	-8049.34994
363227.988	6646675.71	-8095.35468
362766.963	6647681.38	-7925.88407
362474.847	6648672.6	-8117.93044
362027.181	6649883.73	-8136.6128
361473.416	6651344.04	-8122.44733
361114.538	6652542.68	-8294.50106
360718.416	6653734.49	-8349.34559
360277.789	6654686.5	-8126.8938
359950.587	6655806.05	-8228.67424
359681.462	6656936.35	-8400.84028
359193.402	6658383.84	-8280.4554
358759.543	6659791.15	-8196.93915
358574.768	6660889.55	-8428.77757
358292.143	6661782.04	-8320.28519
357975.033	6662891.31	-8249.66772
357605.353	6664177.98	-8152.14441
357342.953	6665452.39	-8285.02826
357015.942	6666835.25	-8316.7932
356665.523	6668186.15	-8276.01501
356231.545	6669645.5	-8098.75903
356111.391	6670134.08	-8099.9675
355942.156	6671147.92	-8283.73186
355558.651	6672525.25	-8167.32129
355175.342	6673964.59	-8089.10616
354845.349	6675346.95	-8106.06548
354604.012	6676590.71	-8251.75103
354259.27	6677714.78	-8076.16198
354023.973	6678658.65	-8060.80245
353698.751	6679822.77	-7955.94801
353485.132	6680988.65	-8127.4244
353114.362	6682419.08	-8068.37338
352744.463	6683838.38	-8003.56728
352370.218	6685240.35	-7921.21068
352236.013	6686010.47	-8053.99926
352077.193	6686828.1	-8151.99767
351693.308	6688182.11	-8014.7908
351300.01	6689565.32	-7873.44202
351010.24	6690903.21	-7965.24034
350716.599	6692222.72	-8033.9237
350370.387	6693486.77	-7938.84441
350125.172	6694471.1	-7927.18022
349820.609	6695501.05	-7794.33462
349624.144	6696562.45	-7953.02069
349247.711	6697979.8	-7877.66828
348901.192	6699393.94	-7877.96682
348513.906	6700762.62	-7749.07211
348303.819	6701909.46	-7930.32183
348004.05	6702917.29	-7798.68575
347740.508	6703895.12	-7740.4101
347390.664	6705167.99	-7649.01503
347143.33	6706461.59	-7832.38217
346796.651	6707858.93	-7828.02653
346443.759	6709195.19	-7771.81849
346378.234	6709292.93	-7666.10685
365826.227	6640000	-8147.81511
365512.045	6640713.89	-8062.21732
365069.965	6641753.13	-7971.54663
364774.292	6642819.1	-8237.25793
364162.998	6644264.69	-8114.1835
363704.309	6645533.8	-8184.39826
363354.16	6646806.55	-8486.77081
362871.786	6647728.13	-8198.56992
362490.13	6648808.24	-8263.97948
362180.589	6649883.89	-8467.54571
361581.355	6651332.7	-8340.70262
361161.994	6652567.4	-8410.74851
360841.959	6653803.11	-8644.28041
360442.093	6654647.4	-8426.29255
360015.463	6655798.08	-8350.17893
359779.689	6656964.56	-8610.11278
359309.371	6658383.84	-8512.31958
358860.677	6659795.35	-8407.32246
358588.848	6661029.16	-8537.06423
358436.198	6661864.62	-8676.72646
358063.699	6662904.01	-8451.70118
357704.241	6664160.35	-8363.27823
357392.75	6665468.91	-8407.43309
357150.219	6666828.19	-8622.64444
356723.385	6668282.83	-8465.14475
356374.255	6669554.4	-8382.29116
356154.132	6670406.6	-8359.34553
356019.973	6671163.32	-8478.50251
355658.92	6672525.25	-8407.6033
355303.565	6673939.39	-8383.35057
354907.327	6675327.72	-8244.31105
354724.769	6676569.82	-8533.64084
354359.255	6677734.4	-8332.25099
354123.573	6678679.05	-8316.91672
353781.857	6679798.53	-8145.45814
353534.369	6681046.9	-8284.00132
353220.817	6682407.26	-8323.74085
352841.877	6683838.38	-8245.03679
352450.678	6685246.14	-8124.2621
352247.988	6686296.82	-8256.72561
352153.706	6686889.92	-8379.86397
351736.281	6688187.64	-8125.40278
351394.084	6689538.96	-8092.46959
351058.824	6690945.65	-8112.69566
350804.775	6692207.68	-8245.97519
350467.274	6693499.25	-8189.68613
350222.367	6694493.12	-8184.77389
349891.28	6695467.38	-7951.34722
349715.899	6696634.35	-8228.61799
349344.372	6697961.18	-8110.02551
348992.427	6699393.94	-8108.29804
348578.278	6700818.16	-7946.08907
348401.126	6701894.66	-8167.31188
348137.764	6702791.84	-8059.04909
347837.552	6703905.95	-7993.04892
347478.765	6705150.78	-7861.55815
347189.816	6706515.58	-7984.22067
346891.207	6707808.37	-8036.52223
346539.276	6709199.88	-8017.29219
346477.51	6709292.93	-7918.40423
365929.435	6640000	-8386.91571
365617.044	6640733.68	-8322.28491
365135.1	6641818.46	-8179.76736
364867.856	6642818.36	-8450.65515
364298.322	6644242.42	-8400.87623
363753.931	6645640.2	-8387.21144
363450.454	6646777.01	-8673.94296
363030.905	6647761.83	-8573.48345
362561.49	6648832.38	-8437.43121
362284.694	6649881.1	-8687.17467
361697.004	6651324.38	-8575.91573
361214.403	6652711.35	-8622.80023
360954.754	6653885.21	-8922.58516
360566.856	6654668.51	-8684.24393
360105.327	6655771.89	-8506.91572
359866.039	6656978.17	-8785.28832
359460.704	6658360.19	-8796.72508
358969.663	6659811.78	-8638.07453
358635.139	6661078.91	-8662.23701
358514.286	6661989.3	-8912.11066
358127.341	6663058.7	-8678.2571
357807.131	6664146.13	-8582.62779
357456.127	6665503.86	-8568.95359
357204.081	6666823.34	-8743.05856
356827.195	6668282.83	-8705.19061
356525.251	6669429.81	-8663.64021
356162.416	6670569.88	-8473.09122
356067.075	6671288.52	-8662.71601
355759.98	6672518.54	-8644.38795
355404.799	6673939.39	-8625.44919
354996.802	6675386.02	-8494.14834
354784.39	6676551.36	-8667.00378
354491.909	6677865.61	-8730.41758
354188.521	6678846.37	-8574.2618
353878.327	6679760.24	-8358.57435
353602.076	6681101.21	-8481.95762
353345.904	6682395.11	-8623.85945
352938.913	6683838.38	-8484.4362
352539.448	6685267.29	-8356.41931
352260.342	6686470.58	-8391.96434
352254.854	6686866.77	-8616.40131
351833.854	6688192.98	-8371.48796
351536.341	6689494.95	-8419.79982
351133.788	6690956.71	-8306.31254
350915.998	6692203.63	-8521.68267
350574.047	6693545.9	-8484.84626
350242.198	6694657.44	-8334.90706
349976.326	6695544.39	-8212.20185
349728.834	6696675.43	-8286.38475
349439.323	6697955.97	-8345.61305
349063.698	6699393.94	-8287.81822
348663.795	6700818.55	-8161.73753
348412.758	6702032.96	-8282.39077
348263.862	6702856.44	-8417.41303
347935.224	6703916.85	-8246.628
347627.199	6705111.08	-8211.94306
347244.232	6706529.67	-8130.64626
347011.071	6707850.53	-8366.36152
346591.767	6709292.93	-8208.38425
346577.251	6709292.93	-8171.2691
366031.365	6640000	-8621.49107
365625.597	6640907.52	-8495.69982
365207.965	6641801.74	-8331.77998
364938.037	6642860.09	-8646.19592
364398.384	6644242.42	-8625.90759
363825.01	6645654.9	-8556.9356
363546.376	6646737.89	-8850.73224
363089.127	6647784.67	-8719.56078
362636.089	6648823.19	-8590.08331
362367.945	6649916.11	-8889.55428
361825.511	6651313.13	-8832.77827
361291.302	6652730.71	-8789.95395
361047.458	6653854.65	-9082.09552
360596.444	6654845.99	-8856.86698
360209.548	6655853.4	-8756.32905
359913.09	6657037.85	-8909.3889
359567.436	6658353.71	-9000.88811
359140.212	6659797.98	-8972.23597
358697.873	6661121.59	-8815.48129
358542.256	6662117.13	-9041.34858
358287.896	6662955.2	-8964.6703
357944.941	6664141.76	-8883.57157
357545.819	6665496.58	-8764.39094
357287.854	6666830.2	-8937.20496
356994.819	6668176.71	-9029.11445
356631.606	6669441.2	-8915.75494
356223.17	6670689.48	-8683.90594
356107.176	6671366.98	-8802.32837
355903.544	6672545.84	-8999.53781
355473.42	6673939.39	-8788.31156
355094.498	6675380.19	-8724.34444
354810.63	6676675.98	-8802.59439
354575.788	6677849.12	-8923.29466
354245.219	6678866.63	-8723.65251
353991.803	6679817.09	-8668.78294
353640.692	6681173.84	-8619.37515
353434.134	6682389.07	-8836.06087
353035.054	6683838.38	-8720.53836
352691.352	6685252.53	-8721.13465
352307.375	6686524.11	-8540.14337
352259.756	6687055.46	-8742.09975
352036.204	6688078.88	-8803.43802
351633.367	6689494.95	-8660.32446
351232.824	6690939.48	-8542.15499
350957.339	6692252.74	-8654.35347
350681.251	6693605.91	-8788.14142
350340.055	6694677.29	-8591.39867
350018.454	6695680.04	-8400.78357
349771.018	6696814.48	-8477.31761
349567.784	6697955.02	-8667.22035
349158.875	6699393.94	-8526.64028
348800.312	6700825.69	-8509.03179
348449.554	6702088.26	-8409.21727
348333.798	6702963.76	-8659.68185
348011.775	6703930.89	-8448.33978
347733.838	6705050.51	-8442.96402
347312.558	6706539.47	-8309.12842
347062.548	6707843.74	-8492.21271
346687.264	6709292.93	-8449.86255
346677.46	6709292.93	-8424.7032
366117.849	6640019.17	-8836.4582
365732.24	6640925.53	-8754.38488
365308.915	6641742.93	-8510.00597
364995.462	6642888.85	-8800.55819
364512.213	6644230.38	-8868.96184
363909.886	6645678.8	-8763.67149
363621.701	6646814.61	-9076.87161
363157.511	6647958.66	-9005.35089
362733.705	6648782.1	-8765.30743
362437.6	6649937.13	-9051.25342
361965.74	6651290.64	-9100.08285
361384.23	6652759.96	-8994.69338
361119.632	6653836.96	-9209.46435
360780.012	6654885.82	-9233.47622
360340.023	6655842.62	-8995.32734
359989.464	6657140.4	-9111.76461
359673.209	6658353.44	-9204.92363
359256.509	6659797.98	-9202.61282
358771.146	6661201.16	-9008.6796
358592.799	6662213.51	-9200.78754
358443.916	6662886.75	-9257.40601
358056.398	6664147.47	-9127.92915
357642.569	6665548.17	-9006.41501
357364.849	6666849.94	-9122.19244
357092.348	6668162.44	-9242.28157
356688.923	6669574.2	-9121.41591
356431.186	6670540.71	-9079.59807
356154.839	6671368.35	-8913.90885
355991.647	6672553.17	-9210.31859
355571.001	6673939.39	-9018.80097
355227.713	6675374.28	-9037.32513
354869.594	6676708.54	-8962.27223
354669.29	6677936.35	-9198.38195
354346.379	6678889.54	-8981.16246
354103.764	6679863.16	-8967.23184
353715.196	6681163.85	-8794.14948
353502.934	6682417.57	-9020.73538
353134.113	6683808.38	-8945.05969
352790.147	6685252.53	-8963.07168
352359.692	6686629.08	-8731.56287
352286.396	6687115.49	-8843.65189
352120.95	6688119.7	-9036.82791
351684.019	6689494.95	-8785.49397
351352.025	6690928.48	-8830.56439
351009.992	6692293.73	-8809.87651
350772.93	6693580.85	-9000.65652
350438.065	6694696.87	-8847.2144
350201.413	6695640.39	-8832.96773
349826.306	6696814.47	-8615.29576
349642.348	6697989.7	-8874.87032
349248.567	6699393.94	-8750.99772
348896.852	6700808.08	-8739.91914
348500.985	6702129.62	-8563.78151
348352.794	6703095.21	-8788.53579
348064.527	6704087.58	-8678.31893
347783.957	6705152.25	-8632.63178
347432.122	6706530.26	-8604.34516
347135.534	6707853.59	-8682.50473
346842.115	6709186.63	-8774.29009
346698.413	6709292.93	-8477.61166
366207.216	6640021.45	-9041.72074
365886.67	6640864.11	-9050.14564
365415.469	6641799.31	-8800.14756
365035.655	6643034.74	-9015.00057
364623.517	6644223.41	-9108.49165
364057.644	6645675.87	-9082.73611
363686.425	6646779.82	-9187.83272
363311.68	6647842.52	-9241.07478
362846.736	6648842.19	-9051.10184
362488.533	6650057.29	-9246.72348
362080.362	6651267.19	-9313.74528
361496.651	6652755.34	-9211.44929
361170.479	6653982.63	-9402.81875
360933.434	6654799.08	-9469.0045
360506.852	6655841.61	-9306.80725
360029.171	6657126.85	-9177.57927
359790.849	6658349.35	-9426.63999
359377.567	6659771.31	-9424.73672
358873.641	6661205.72	-9218.19491
358631.648	6662437.46	-9404.29965
358530.604	6662908.7	-9451.97281
358159.636	6664154.61	-9352.7221
357794.351	6665483.69	-9300.97991
357448.788	6666884.93	-9326.53852
357186.066	6668221.94	-9486.31278
356786.007	6669580.95	-9346.2968
356501.117	6670616.77	-9283.87055
356213.293	6671598.85	-9180.61975
356051.293	6672633.03	-9395.09693
355669.537	6673939.39	-9250.13792
355326.078	6675353.54	-9257.33891
354914.405	6676755.63	-9096.32825
354742.323	6677897.37	-9350.36046
354452.875	6678948.13	-9270.37943
354205.298	6679877.18	-9219.62161
353851.616	6681142.92	-9111.05272
353547.245	6682449.89	-9147.22796
353262.065	6683799.54	-9251.37978
352888.831	6685252.53	-9203.6813
352439.245	6686638.13	-8931.69796
352295.587	6687511.83	-9103.14991
352198.94	6688132.36	-9236.02789
351780.773	6689494.95	-9023.95942
351444.038	6690932.38	-9059.5331
351078.039	6692304.89	-8984.69127
350855.558	6693559.72	-9192.60345
350505.954	6694713.93	-9025.96863
350221.948	6695804.3	-8983.81079
349899.125	6696789.87	-8781.49821
349706.365	6698007.08	-9045.12564
349339.363	6699371.17	-8963.76401
348992.136	6700808.08	-8977.98676
348606.99	6702204.83	-8875.14412
348397.996	6703331.93	-9047.65239
348313.599	6703842.28	-9150.73838
347880.812	6705157.27	-8878.87688
347523.804	6706520.35	-8828.35757
347197.664	6707889.68	-8861.41938
346932.253	6709167.2	-8989.02763
346874.937	6709292.93	-8922.47999
366287.517	6640023.68	-9225.02037
366003.145	6640938.88	-9375.90031
365563.557	6641878.46	-9199.34052
365088.308	6643041.89	-9137.6082
364768.192	6644212.94	-9416.85077
364167.379	6645671.34	-9316.08262
363721.511	6646958.87	-9406.91668
363444.248	6647985.43	-9631.12736
362967.888	6648894.68	-9344.47646
362539.693	6650100.78	-9383.50971
362187.053	6651300.51	-9550.60096
361666.479	6652749.08	-9536.92576
361182.254	6654035.8	-9459.83576
361024.738	6654915.87	-9710.68608
360637.832	6655856.89	-9558.78101
360183.475	6657115.39	-9455.29332
359890.903	6658403.98	-9645.97887
359495.388	6659768.13	-9651.7699
359048.573	6661225.96	-9578.60035
358687.617	6662498.39	-9552.07821
358622.369	6663064.43	-9727.7915
358331.236	6664062.03	-9664.54541
357908.258	6665454.55	-9530.7187
357532.485	6666896.64	-9515.78097
357273.306	6668212.03	-9675.54711
356927.302	6669573.96	-9659.92546
356610.092	6670633.86	-9541.67552
356293.919	6671588.51	-9359.49511
356102.52	6672700.55	-9552.10923
355812.821	6673931.64	-9580.09835
355420.655	6675353.54	-9479.40143
355035.321	6676763.78	-9386.08405
354789.597	6677893.82	-9460.75557
354557.368	6679045.9	-9575.94001
354234.181	6680025.3	-9375.74381
353947.477	6681126.71	-9331.57491
353611.783	6682473.64	-9316.68757
353348.37	6683798.48	-9460.02208
352987.425	6685252.53	-9443.03197
352699.236	6686402.3	-9425.59563
352342.677	6687553.94	-9243.19001
352247.346	6688243.2	-9420.73361
351929.354	6689487.8	-9384.30873
351538.781	6690909.09	-9278.15569
351163.395	6692362.88	-9229.87737
350926.406	6693538.04	-9354.64431
350640.499	6694762.54	-9387.84094
350320.433	6695826.64	-9241.34241
350041.659	6696747.35	-9109.2037
349741.114	6698061.52	-9164.52143
349458.608	6699364.44	-9256.6187
349086.71	6700808.08	-9213.63676
348692.055	6702233.82	-9105.0689
348435.475	6703372.63	-9166.35676
348364.158	6703942.01	-9338.40673
347969.886	6705163.08	-9105.52551
347620.767	6706501.6	-9059.66755
347294.381	6707884.92	-9101.00483
347016.466	6709224.45	-9236.03064
346962.088	6709282.93	-9135.45583
366367.641	6640025.3	-9405.94788
366083	6641023.77	-9625.48221
365673.045	6641896.64	-9457.50562
365165.606	6643107.98	-9363.22055
364860.883	6644224.81	-9628.09945
364279.904	6645656.57	-9545.18632
363735.025	6647003.88	-9471.47972
363531.083	6647967.82	-9797.46114
363088.691	6648938.4	-9627.09164
362626.409	6650076.73	-9540.94063
362294.329	6651298.6	-9762.23503
361786.609	6652727.27	-9753.54719
361253.163	6654071.16	-9616.05203
361052.517	6655046.41	-9841.79786
360680.929	6656020.85	-9734.48634
360301.385	6657097.01	-9661.18949
359960.052	6658427.24	-9787.6636
359653.268	6659758.93	-9950.17898
359217.98	6661123.97	-9858.05872
358707.123	6662533.82	-9611.03341
358621.18	6663264.21	-9834.39012
358432.748	6664045.46	-9868.91198
358018.377	6665454.55	-9766.32455
357623.026	6666895.97	-9711.73601
357345.673	6668226.52	-9843.84955
357029.686	6669556.19	-9879.68635
356719.631	6670651.06	-9798.7729
356388.913	6671689.34	-9633.32855
356137.199	6672752.39	-9661.06286
355907.294	6673953.97	-9811.75166
355514.294	6675353.54	-9698.3054
355134.677	6676793.8	-9636.75742
354810.765	6678068.12	-9611.10937
354664.614	6679034.85	-9824.13699
354336.258	6680045.1	-9630.65839
354056.295	6681077.71	-9563.14794
353691.849	6682470.66	-9506.96857
353437.467	6683798.3	-9674.9097
353092.82	6685212.72	-9674.46722
352741.746	6686414.58	-9535.94103
352400.865	6687677.55	-9458.28448
352289.751	6688320.34	-9570.11632
352025.787	6689486.03	-9618.98365
351632.194	6690909.09	-9506.93323
351252.287	6692327.85	-9426.797
350974.049	6693570.17	-9491.31113
350690.078	6694964.9	-9631.38547
350419.272	6695849.15	-9498.97768
350136.415	6696723.03	-9328.6604
349797.544	6698088.07	-9320.46448
349547	6699361.57	-9474.38322
349180.908	6700808.08	-9447.73236
348786.382	6702231.7	-9338.40791
348474.538	6703448.63	-9310.28413
348418.907	6703974.1	-9494.69116
348067.428	6705169.56	-9353.17053
347721.716	6706464.65	-9289.10766
347364.549	6707906.36	-9289.56856
347095.534	6709214.56	-9428.05272
347044.52	6709282.24	-9341.84704
366419.188	6640063.01	-9553.53535
366155.388	6641006.29	-9770.61394
365686.179	6642068.34	-9631.35635
365257.557	6643080.72	-9541.59633
364944.744	6644231.13	-9814.6189
364387.106	6645656.57	-9773.61466
363841.197	6647067.77	-9744.50265
363606.583	6648060.86	-10023.7494
363205.085	6648962.26	-9882.68875
362724.963	6650145.43	-9789.31118
362395.26	6651304.01	-9964.76188
361907.718	6652702.63	-9969.77259
361336.044	6654134.55	-9812.24911
361112.322	6655180.2	-10032.4384
360926.405	6655949	-10143.4894
360424.646	6657080.91	-9877.39017
360007.972	6658439.27	-9882.81436
359759.889	6659752.89	-10149.8378
359289.757	6661212.12	-10046.4661
358847.948	6662618.24	-9940.21139
358655.425	6663394.84	-9975.47032
358566.677	6664129.31	-10193.5295
358130.368	6665454.55	-10003.8115
357722.808	6666892.51	-9925.04228
357385.642	6668268.01	-9954.86799
357129.446	6669534.82	-10089.9115
356769.221	6670669	-9919.91964
356526.311	6671612.97	-9902.14289
356207.999	6672723.88	-9805.83878
355997.765	6673959.87	-10023.5993
355611.336	6675342.69	-9918.07195
355235.931	6676788.78	-9870.3675
354873.443	6678103.46	-9778.71853
354737.773	6679148.93	-10062.2501
354439.113	6680065.41	-9886.35109
354173.532	6681117.69	-9865.93348
353780.071	6682523.83	-9748.84021
353516.065	6683809.76	-9870.54048
353193.434	6685194.71	-9906.22461
352842.718	6686427.41	-9787.58156
352477.62	6687681.74	-9646.57259
352327.602	6688354	-9681.92215
352113.387	6689515.92	-9850.19152
351727.677	6690909.09	-9740.01851
351345.662	6692347.37	-9667.12998
351019.862	6693702.75	-9683.32726
350786.179	6694921.9	-9841.7418
350473.319	6695870.28	-9644.79579
350212.735	6696838.91	-9587.84669
349874.178	6698145.08	-9544.37289
349637.488	6699408.14	-9726.60829
349279.107	6700780.6	-9674.46837
348933.143	6702130.12	-9640.82736
348518.729	6703574	-9496.89917
348460.968	6704028.55	-9632.71757
348217.623	6705038.2	-9646.35228
347817.255	6706464.65	-9527.42736
347442.395	6707909.28	-9485.51166
347162.514	6709224.31	-9601.60594
347123.315	6709281.8	-9538.73663
366508.535	6640019.8	-9714.36107
366224.824	6641048.1	-9958.7233
365797.028	6642089.08	-9891.17962
365353.841	6643056.18	-9730.58429
364992.415	6644275.91	-9953.26497
364496.072	6645634.75	-9987.35291
363937.64	6647070.95	-9947.0571
363643.223	6648126.53	-10148.9518
363322.497	6648996.01	-10145.2918
362827.126	6650127.63	-9980.31275
362452.815	6651370.48	-10123.1138
362061.032	6652697.94	-10259.1282
361509.634	6654155.67	-10148.6139
361163.191	6655331.37	-10216.2604
361026.879	6655958.81	-10332.8079
360592.02	6657086.92	-10187.1786
360111.729	6658426.88	-10067.2631
359840.451	6659778.31	-10316.7664
359479.495	6661108.77	-10357.8976
359017.297	6662500.72	-10213.5438
358688.755	6663592.79	-10151.2193
358632.323	6664166.27	-10348.52
358243.504	6665440.41	-10234.1628
357830.159	6666887.98	-10152.5906
357454.279	6668310.12	-10126.859
357260.637	6669519.6	-10371.7165
356867.694	6670825.76	-10226.8892
356596.951	6671788.62	-10159.969
356292.381	6672811.3	-10046.3574
356071.947	6673978.9	-10204.2186
355722.58	6675349.4	-10178.008
355340.399	6676767.68	-10100.9949
354953.518	6678201.01	-10022.0107
354772.701	6679166.16	-10154.3462
354585.894	6679954.96	-10168.4524
354232.543	6681233.76	-10073.5454
353871.704	6682513.72	-9960.85292
353563.683	6683827.54	-9994.68494
353288.793	6685183.37	-10128.5043
352943.653	6686439.9	-10037.8652
352670.276	6687588.06	-10056.4667
352382.701	6688468.86	-9883.10356
352193.545	6689526.56	-10051.2114
351825.366	6690909.09	-9977.65023
351472.039	6692323.23	-9960.95816
351072.462	6693692.76	-9805.62109
350907.045	6694891.37	-10119.701
350574.592	6695888.3	-9904.36665
350312.652	6696850.54	-9840.6668
349957.508	6698127.87	-9739.07004
349713.708	6699412.08	-9917.16837
349374.095	6700777.36	-9907.35941
348982.892	6702222.22	-9819.80771
348593.1	6703589.34	-9690.58668
348448.203	6704437.56	-9851.68917
348301.887	6705070.75	-9875.86564
347913.545	6706464.65	-9767.04695
347561.628	6707903.41	-9778.71358
347211.349	6709241.37	-9733.89915
347200.099	6709281.66	-9730.26503
366612.995	6640050.82	-9971.51568
366245.836	6641141.78	-10082.883
365958.16	6641997.03	-10165.5468
365474.282	6642996.61	-9941.97303
365021.477	6644393.44	-10110.0172
364626.865	6645631.22	-10260.1764
364043.557	6647083.23	-10175.2851
363683.845	6648156.46	-10254.0413
363489.311	6648901.07	-10411.3309
362953.552	6650071	-10190.498
362512.853	6651378.83	-10244.6818
362177.921	6652695.23	-10478.8859
361634.152	6654152.87	-10377.4639
361219.976	6655398.2	-10359.4926
361100.169	6656090.57	-10541.9604
360649.385	6657217.21	-10365.6588
360222.095	6658488.46	-10304.1457
359909.149	6659794.1	-10455.6823
359591.575	6661162.94	-10604.2254
359190.963	6662391.39	-10497.6664
358747.827	6663747.53	-10353.9796
358641.393	6664341.16	-10461.9958
358408.664	6665461.64	-10590.591
357984.351	6666868.69	-10469.4991
357556.981	6668307.1	-10346.9887
357301.187	6669579.35	-10493.3094
357023.236	6670823.74	-10569.0027
356708.068	6671808.21	-10419.2196
356382.212	6672789.79	-10236.2996
356105.045	6674115.58	-10356.9077
355828.692	6675346.14	-10419.1194
355443.811	6676767.68	-10340.0557
355040.291	6678172.77	-10207.17
354788.062	6679287.4	-10259.806
354730.046	6679901.49	-10475.7262
354317.864	6681246.44	-10282.074
353972.79	6682478.13	-10179.5747
353625.313	6683862.94	-10161.6634
353378.7	6685172.61	-10337.2776
352985.547	6686557.5	-10206.8816
352717.107	6687605.87	-10179.4878
352403.742	6688580.25	-9999.87778
352278.908	6689626.93	-10317.1094
351925.118	6690898.15	-10213.0647
351563.549	6692323.23	-10183.7739
351155.276	6693765.87	-10051.276
350965.116	6694852.48	-10238.2824
350718.831	6695932.2	-10283.4813
350399.546	6697004.1	-10146.4571
350049.857	6698104.86	-9951.98476
349768.316	6699439.14	-10067.7946
349500.799	6700761.2	-10209.8995
349081.003	6702222.22	-10062.1379
348675.389	6703635.97	-9922.57592
348485.598	6704483.86	-9972.60722
348409.282	6705157.28	-10195.2673
348010.656	6706464.65	-10008.1266
347657.007	6707878.79	-10000.4407
347256.905	6709253.7	-9854.79072
347209.304	6709281.86	-9753.31252
366773.834	6640000	-10280.909
366260.881	6641288.73	-10238.0451
366080.509	6642077.39	-10495.6858
365625.831	6643083.99	-10338.1007
365092.051	6644362.41	-10234.4751
364701.584	6645652.2	-10433.7316
364157.805	6647080.65	-10407.7242
363720.996	6648355.43	-10477.5519
363645.377	6648851.52	-10686.1788
363103.029	6650142.28	-10534.2394
362593.982	6651460.25	-10455.7695
362298.631	6652683.31	-10698.6524
361832.917	6654101.89	-10713.6089
361285.392	6655512.07	-10546.361
361162.007	6656128.28	-10676.1267
360976.726	6657020.02	-10849.2377
360338.759	6658477.87	-10512.0425
360001.515	6659817.26	-10639.9369
359700.449	6661153.89	-10808.2207
359260.754	6662515.39	-10701.3021
358889.688	6663689.87	-10606.7994
358682.972	6664437.56	-10598.5473
358508.206	6665466.97	-10799.449
358052.663	6666868.69	-10613.292
357669.839	6668301.49	-10585.7721
357360.014	6669623.69	-10645.9012
357114.767	6670810.06	-10763.2081
356768.625	6671828.2	-10564.58
356510.315	6672749.66	-10501.1835
356161.247	6674093.88	-10471.4997
355957.257	6675363.16	-10721.8118
355545.79	6676767.68	-10574.4721
355195.797	6678181.82	-10571.7313
354829.345	6679380.57	-10409.2391
354741.288	6680074.72	-10601.495
354421.363	6681259.62	-10532.6787
354127.962	6682424.24	-10514.064
353715.109	6683857.8	-10371.4407
353484.52	6685187.52	-10598.0758
353168.551	6686521.09	-10622.4074
352819.125	6687625.99	-10435.7384
352500.594	6688673.56	-10287.898
352284.286	6689713.39	-10381.2122
352022.783	6690894.89	-10447.2284
351650.958	6692323.23	-10395.4604
351245.935	6693735.12	-10252.9699
350983.28	6695010.33	-10376.5436
350831.008	6695858.85	-10512.9748
350444.207	6697023.42	-10267.2628
350144.332	6698088.38	-10173.4241
349812.859	6699497.99	-10212.6932
349587.997	6700752.86	-10419.1527
349178.733	6702222.22	-10302.8778
348888.95	6703388.66	-10299.2027
348511.504	6704662.18	-10145.4325
348460.359	6705199.44	-10347.3187
348108.335	6706446.49	-10239.0326
347752.106	6707878.79	-10236.2044
347370.647	6709286.74	-10157.548
347287.755	6709282.31	-9948.74617
366880.956	6640000	-10514.636
366316.205	6641328.32	-10390.2485
366149.022	6642185.96	-10729.8469
365739.721	6643096.64	-10590.7286
365173.306	6644429.82	-10459.0758
364845.254	6645630.51	-10714.3702
364330.28	6647070.71	-10751.7079
363780.767	6648398.93	-10629.1884
363642.778	6649033.54	-10811.7454
363225.333	6650158.41	-10784.2441
362689.096	6651454.29	-10634.024
362388.201	6652700.2	-10877.4161
361956.527	6654096.24	-10937.9031
361388.78	6655524.25	-10741.7085
361160.301	6656538.14	-10907.5016
361016.174	6657033.84	-10928.7698
360532.994	6658441.76	-10847.3655
360097.269	6659828.53	-10823.5699
359801.881	6661149.36	-10999.2309
359411.064	6662505.28	-10987.4442
359004.592	6663698.98	-10839.9086
358740.988	6664526.62	-10763.1891
358578.907	6665549.28	-10989.7248
358212.543	6666860.16	-10943.2629
357806.967	6668301.06	-10876.9179
357426.822	6669648.33	-10803.5356
357214.941	6670901.37	-11032.545
356878.762	6671853.03	-10821.7984
356631.968	6672813.23	-10808.1379
356235.347	6674085.27	-10632.8142
356012.418	6675365.73	-10848.4066
355648.695	6676738.08	-10793.1687
355300.059	6678181.82	-10811.5084
354888.123	6679531.99	-10632.0181
354804.124	6680242.38	-10843.3899
354630.476	6681021.92	-10883.9904
354230.802	6682424.24	-10755.2294
353840.989	6683856.94	-10667.6777
353543.152	6685147.85	-10714.256
353267.37	6686486.96	-10837.4455
352921.301	6687645.84	-10691.1699
352601.015	6688683.21	-10534.052
352334.495	6689694.04	-10490.2188
352152.959	6690914.87	-10772.6348
351741.831	6692323.23	-10614.486
351386.392	6693759.96	-10607.8736
351014.68	6695084.18	-10497.0151
350852.592	6696118.6	-10720.2539
350545.658	6697039.62	-10524.4592
350270.113	6698088.72	-10481.2708
349886.512	6699498.15	-10392.8849
349658.257	6700767.64	-10600.4488
349282.966	6702174.98	-10530.4451
348970.29	6703400.78	-10506.6064
348565.085	6704793.22	-10357.4105
348476.452	6705357.6	-10483.6185
348251.304	6706458.18	-10599.5326
347849.528	6707878.79	-10477.14
347467.368	6709289.04	-10398.5993
347369.537	6709282.89	-10152.0007
366988.101	6640000	-10747.2179
366379.977	6641394.39	-10581.7277
366211.8	6642196.29	-10871.7099
365767.439	6643247.17	-10769.8677
365265.499	6644415.92	-10641.3714
364942.21	6645627.5	-10912.0465
364452.623	6647021.88	-10963.7167
363849.966	6648473.38	-10821.6933
363699.137	6649183.76	-11028.9148
363427.073	6650058.52	-11107.0971
362857.796	6651433.64	-10942.1634
362455.651	6652718.2	-11015.4843
362080.711	6654073.18	-11152.3778
361502.818	6655561.73	-10971.3147
361211.609	6656606.07	-11039.5279
361148.807	6657149.21	-11235.3847
360670.429	6658383.84	-11066.3732
360201.412	6659829.99	-11016.8907
359877.33	6661182.83	-11161.1545
359527.249	6662489.88	-11204.7115
359175.945	6663597.45	-11124.1568
358831.205	6664634.29	-11001.9247
358640.294	6665598.11	-11141.4676
358324.742	6666857.69	-11175.0577
357911.818	6668282.83	-11088.2593
357516.591	6669729.79	-11040.4724
357292.635	6670867.48	-11183.3023
356995.291	6671922.56	-11115.6416
356696.466	6672968.47	-11037.7826
356378.789	6674066.59	-10942.3097
356082.115	6675380.59	-11014.1861
355779.611	6676729.98	-11086.601
355404.327	6678181.82	-11050.118
354955.974	6679522.9	-10782.9068
354821.143	6680387.63	-10965.8312
354714.699	6681028.77	-11083.7627
354286.363	6682512.24	-10936.1391
353940.793	6683854.9	-10900.602
353587.896	6685254.85	-10881.3314
353355.071	6686559.54	-11087.198
352993.008	6687665.14	-10872.9976
352705.22	6688757.2	-10826.3701
352397.429	6689793.34	-10699.153
352231.707	6690924.41	-10967.1567
351833.612	6692323.23	-10835.2799
351485.585	6693737.37	-10833.7209
351075.401	6695110.21	-10659.4421
350920.204	6696200.72	-10933.1985
350700.966	6697079.93	-10925.8456
350369.895	6698094.17	-10727.5871
350014.416	6699486.83	-10698.0075
349711.536	6700805.53	-10753.6546
349425.597	6702148.26	-10863.8354
349024.961	6703522.61	-10714.3592
348689.536	6704707.63	-10611.4152
348499.239	6705458.11	-10600.9402
348335.887	6706460.28	-10809.3361
347907.768	6707878.79	-10620.8749
347567.258	6709292.93	-10647.9649
347451.188	6709292.93	-10360.2074
367095.973	6640000	-10980.2133
366474.393	6641399.29	-10787.4617
366223.606	6642351.84	-11021.5095
366093.928	6642856.98	-11148.3366
365432.227	6644377.54	-10958.5828
365003.635	6645693.38	-11088.205
364571.751	6646985.4	-11177.234
363950.296	6648477.62	-11023.1184
363687.818	6649444.55	-11189.8467
363594.523	6649911.3	-11331.8271
362913.418	6651420.08	-11038.9551
362528.062	6652753.85	-11172.5465
362194.254	6654065.24	-11356.0889
361752.79	6655341.19	-11297.1072
361220.955	6656792.46	-11163.0219
361208.553	6657219.06	-11383.645
360866.54	6658384.1	-11424.186
360317.801	6659872.12	-11254.8539
359934.315	6661198.02	-11276.9791
359696.437	6662471.45	-11521.1545
359249.815	6663754.83	-11353.6456
358890.029	6664785.43	-11201.5439
358688.84	6665637.05	-11260.6017
358429.678	6666880.34	-11404.2053
357979.009	6668282.83	-11229.5628
357613.682	6669695.76	-11228.2916
357343.203	6670857.83	-11287.5516
357107.017	6672032.67	-11419.7972
356808.837	6672985.74	-11294.6655
356482.584	6674047.68	-11161.8305
356142.602	6675412.77	-11167.6462
355864.448	6676736.13	-11282.4052
355500.986	6678105.22	-11227.6713
355103.802	6679582.72	-11155.8519
354834.051	6680571.7	-11100.0648
354772.639	6681131.68	-11276.7097
354439.138	6682410.64	-11232.8898
354042.143	6683838.38	-11127.8609
353673.02	6685264.24	-11086.5643
353438.338	6686542.86	-11274.1349
353054.242	6687809.79	-11102.0066
352807.828	6688780.37	-11083.808
352475.27	6689770.37	-10871.2638
352275.136	6691017.8	-11126.0452
351963.05	6692309.7	-11137.903
351582.685	6693737.37	-11067.3214
351145.713	6695165.92	-10862.1771
350965.079	6696192.62	-11037.0152
350828.389	6697006.25	-11190.2274
350470.444	6698099.69	-10975.0741
350114.498	6699450.4	-10919.4794
349777.957	6700818.94	-10923.6697
349515.053	6702137.95	-11076.2399
349124.35	6703528.92	-10961.5157
348860.153	6704581.13	-10953.0442
348548.731	6705535.63	-10769.6929
348397.996	6706529.71	-11004.4909
348003.286	6707878.79	-10856.2221
347662.666	6709292.93	-10883.1813
347632.951	6709292.93	-10809.0465
367203.97	6640000	-11212.3476
366637.391	6641419.42	-11150.1562
366236.824	6642496.2	-11163.9574
366171.697	6642933.4	-11370.9527
365558.531	6644316.46	-11172.4856
365064.708	6645726.93	-11237.7861
364680.252	6647022.5	-11422.0247
364060.471	6648495.93	-11253.4442
363735.689	6649507.7	-11326.703
363666.462	6649998.05	-11528.5635
363046.927	6651470.8	-11324.4578
362630.982	6652752.55	-11362.8315
362301.218	6654062.11	-11550.3718
361812.553	6655351.77	-11412.2888
361361.415	6656770.37	-11405.5102
361208.292	6657304.58	-11431.8271
360978.029	6658347.55	-11606.5001
360385.45	6659865.84	-11375.9989
360015.563	6661237.24	-11450.6276
359743.176	6662457.49	-11603.1688
359357.295	6663635.87	-11499.239
359008.043	6664870.59	-11482.0939
358748.752	6665659.16	-11392.4597
358528.946	6666887.24	-11611.8853
358088.536	6668253.02	-11442.723
357676.839	6669722.97	-11377.2396
357371.577	6671031.29	-11443.0803
357218.59	6672023.58	-11657.0806
356883.507	6673007.57	-11469.8744
356541.003	6674118.14	-11330.7945
356191.819	6675457.07	-11302.2209
355958.922	6676743.85	-11499.6689
355566.98	6678121.66	-11386.2492
355257.486	6679360.52	-11382.1172
354918.386	6680587.45	-11302.7064
354824.081	6681183.88	-11425.0139
354485.592	6682407.47	-11338.7311
354095.088	6683871.74	-11270.3684
353764.431	6685263.46	-11299.7928
353501.536	6686553.3	-11429.0686
353189.199	6687886.76	-11464.6748
352910.819	6688803.7	-11341.2534
352577.703	6689846.31	-11159.3948
352313.117	6691060.88	-11241.7799
352055.653	6692317.14	-11363.7551
351641.976	6693737.37	-11209.6434
351286.65	6695175.1	-11206.5047
350998.42	6696414.41	-11249.0563
350903.283	6697016.81	-11377.4377
350512.273	6698231.51	-11155.5122
350211.15	6699443.6	-11149.861
349863.011	6700820	-11130.9459
349599.815	6702130.08	-11278.1717
349237.364	6703575.92	-11265.5087
348959.778	6704600.94	-11208.5629
348623.769	6705634.2	-11013.5601
348451.155	6706566.84	-11157.5921
348143.653	6707855.2	-11186.9325
347753.324	6709292.93	-11106.1972
347736.734	6709292.93	-11064.597
367306.922	6640004.73	-11436.4742
366746.658	6641347.4	-11324.386
366289.497	6642652.43	-11397.546
366239.056	6642962.62	-11534.6262
365626.082	6644448.14	-11412.4926
365151.148	6645732.3	-11416.9491
364780.759	6646965.04	-11581.1283
364233.708	6648284.68	-11443.6851
363736.735	6649691.04	-11454.9155
363730.677	6650040.73	-11680.4915
363129.338	6651520.46	-11510.4417
362690.186	6652805.52	-11505.1125
362392.894	6654075.84	-11726.3607
361951.464	6655265.34	-11615.1351
361386.377	6656778.1	-11455.2592
361258.006	6657409.88	-11582.0288
361020.182	6658346.77	-11682.8107
360441.829	6659863.66	-11478.4692
360116.712	6661229.32	-11635.3568
359787.548	6662454.47	-11686.5107
359498.288	6663514.18	-11706.1513
359114.79	6664748.42	-11627.0847
358782.155	6665751	-11509.1353
358570.809	6666911.99	-11710.8801
358175.25	6668289.59	-11643.2172
357742.726	6669718.46	-11514.0096
357411.099	6671095.06	-11562.8889
357252.796	6672025.68	-11731.8552
356910.356	6673172.09	-11619.2842
356611.003	6674295.35	-11584.3122
356271.274	6675459.16	-11479.5043
356055.305	6676743.54	-11715.3225
355658.209	6678046.66	-11550.989
355347.795	6679256.13	-11528.9587
354933.981	6680753.03	-11431.9776
354862.149	6681386.22	-11627.0888
354537.358	6682508	-11516.3353
354160.813	6683902.95	-11441.3176
353823.464	6685302.5	-11460.0538
353546.32	6686572.27	-11544.9851
353282.389	6687744.05	-11601.8039
353014.201	6688827.01	-11598.6253
352688.221	6689859.25	-11428.7766
352378.905	6691054.32	-11393.8444
352149.028	6692316.8	-11586.2254
351742.347	6693698.74	-11427.3789
351332.551	6695171.41	-11314.4589
351048.529	6696466.3	-11400.1723
350952.611	6697157.52	-11579.7114
350613.713	6698242.65	-11407.2834
350272.432	6699478.3	-11319.2322
349944.493	6700866.25	-11356.1449
349671.099	6702136.08	-11455.2711
349340.343	6703476.18	-11456.4875
349029.265	6704616.74	-11387.5998
348705.81	6705623.8	-11207.7179
348491.783	6706728.8	-11355.4358
348238.558	6707883.79	-11436.9849
347811.334	6709292.93	-11248.6835
347752.329	6709292.93	-11102.9411
367371.754	6640006.31	-11575.9675
366853.14	6641237.29	-11461.4309
366302.223	6642696.28	-11458.5114
366291.917	6643014.17	-11684.3946
365673.068	6644466.99	-11522.554
365208.007	6645784.11	-11570.2046
364841.149	6646973.37	-11707.5048
364365.202	6648188.83	-11634.7091
363820.989	6649696.63	-11621.6344
363700.337	6650362.8	-11835.8924
363146.01	6651647.54	-11623.5924
362734.091	6652804.02	-11585.4191
362435.051	6654109.29	-11823.4817
362003.005	6655250.98	-11700.7239
361576.394	6656515.51	-11650.4328
361283.385	6657682.31	-11783.2617
361056.78	6658453.47	-11809.6324
360498.461	6660007.85	-11663.03
360230.284	6661247.49	-11856.8958
359815.522	6662489.83	-11759.5146
359518.983	6663494.9	-11735.8172
359125.372	6664755.38	-11651.7168
358801.172	6666012.18	-11688.4559
358624.941	6667063.99	-11903.7513
358220.8	6668291.96	-11738.3577
357879.301	6669601.12	-11737.6828
357431.635	6671109.15	-11614.3146
357330.923	6671972.82	-11871.2634
356919.742	6673184.25	-11646.4064
356623.693	6674324.67	-11628.3485
356303.5	6675454.87	-11548.3394
356085.976	6676759.93	-11792.7565
355749.991	6677968.66	-11714.3798
355398.764	6679248.51	-11639.9448
355084.294	6680515.56	-11640.5532
354867.732	6681527.45	-11719.9424
354577.703	6682623.17	-11675.4187
354212.892	6683983.52	-11608.4918
353890.864	6685291.4	-11610.5189
353567.915	6686617.25	-11621.2086
353371.75	6687610.39	-11734.565
353025.206	6688835.57	-11629.489
352738.397	6689945.65	-11598.0785
352414.967	6691132.61	-11525.1421
352203.447	6692325.85	-11720.9214
351836.45	6693665.36	-11632.6657
351469.908	6694979.31	-11530.5286
351066.71	6696494.24	-11460.3074
350978.658	6697293.89	-11723.0908
350709.854	6698226.72	-11629.6531
350331.022	6699576.17	-11519.5081
349993.57	6700864.62	-11473.8197
349724.344	6702172.85	-11606.5069
349381.432	6703459.48	-11546.3844
349075.412	6704628.72	-11507.2158
348836.075	6705703.76	-11573.9039
348535.043	6706764.51	-11482.6861
348324.074	6707854.59	-11628.6823
347873.53	6709292.93	-11401.2848
347766.464	6709292.93	-11137.6792
367448.528	6640008.58	-11741.1215
366975.875	6641149.2	-11650.6274
366388.026	6642679.03	-11624.0698
366278.87	6643246.16	-11835.7076
365675.246	6644599.25	-11628.1633
365240.494	6645788.94	-11639.1014
364923.9	6646985.12	-11880.3765
364394.679	6648167.88	-11677.5183
363847.776	6649697.22	-11673.82
363710.768	6650440.38	-11906.8585
363230.843	6651509.33	-11694.1892
362745.957	6652885.46	-11656.9664
362437.475	6654114.38	-11830.6922
362103.893	6655098.06	-11795.5964
361591.656	6656497.94	-11668.1132
361261.292	6657841.09	-11833.4895
361063.815	6658464.35	-11828.5638
360486.981	6660095.72	-11690.8133
360116.977	6661307.93	-11678.5411
359862.272	6662408.05	-11803.1936
359536.52	6663457.06	-11749.0871
359131.492	6664757.41	-11664.859
358800.77	6666146.5	-11760.2467
358599.638	6667036.23	-11837.0675
358202.974	6668380.83	-11749.6154
357913.296	6669441.46	-11722.244
357435.764	6671116.27	-11626.9684
357327.855	6671951.37	-11852.8058
357001.578	6673021.52	-11734.894
356624.034	6674360.86	-11649.079
356314.752	6675658.18	-11686.6339
356094.23	6676773.17	-11818.3271
355782.144	6677930.31	-11764.9494
355416.829	6679221.41	-11665.5955
355097.588	6680501.38	-11662.8051
354864.145	6681645.28	-11778.3763
354627.758	6682588.34	-11771.1529
354226.275	6684090.44	-11700.7878
353997.408	6685274.43	-11848.0772
353589.741	6686716.03	-11728.9347
353406.572	6687584.86	-11801.2386
353034.846	6688838.35	-11653.7794
352745.318	6689972.42	-11629.9806
352434.628	6691131.25	-11570.8332
352256.229	6692383.81	-11880.2576
351904.311	6693656.32	-11788.738
351554.616	6694886.42	-11678.4117
351129.065	6696435.77	-11575.2638
350990.772	6697345.91	-11782.7561
350709.72	6698376.52	-11718.5408
350350.043	6699694.46	-11636.1962
350034.977	6700861.79	-11572.0958
349751.821	6702249.69	-11718.9944
349464.915	6703352.04	-11684.805
349163.011	6704500.87	-11643.2703
348851.168	6705740.65	-11633.0998
348562.581	6706731.27	-11529.6249
348363.678	6707858.59	-11727.8975
347966.507	6709255.94	-11606.6064
347778.191	6709292.93	-11166.4821
367556.556	6640005.68	-11967.793
367092.475	6641022.67	-11796.0356
366413.943	6642672.02	-11672.5448
366252.76	6643363.47	-11871.9676
365761.284	6644453.85	-11693.6675
365230.663	6645899.59	-11700.7596
364889.878	6646940.02	-11779.8933
364497.935	6647989.92	-11754.4896
363921.905	6649584.16	-11739.5948
363695.274	6650377.52	-11835.9191
363210.454	6651647.72	-11744.3199
362709.314	6653041.27	-11683.6964
362418.081	6654100.63	-11786.866
362127.795	6655019.34	-11793.4585
361600.267	6656474.1	-11670.1398
361263.728	6657853.39	-11844.9143
361045.761	6658595.17	-11869.267
360450.61	6660168.86	-11664.44
360072.553	6661338.5	-11612.3446
359862.504	6662364.71	-11779.4442
359549.578	6663413.59	-11750.5415
359133.37	6664755.85	-11667.6901
358796.21	6666173.83	-11765.9126
358586.766	6667035.25	-11810.2673
358176.533	6668416.61	-11713.8887
357876.31	6669564.15	-11710.9355
357497.95	6670982.49	-11685.7965
357324.412	6671913.07	-11824.2751
357005.018	6673021.84	-11742.5143
356615.195	6674399.26	-11650.9146
356293.646	6675715.98	-11672.084
356075.395	6676768	-11773.4882
355843.49	6677729.09	-11790.4141
355463.035	6679064.73	-11682.4648
355105.325	6680485	-11671.1468
354866.796	6681658.02	-11791.6118
354626.69	6682609.8	-11780.8984
354197.229	6684168.07	-11677.9383
353868.488	6685416.6	-11630.1013
353581.489	6686735.28	-11720.7777
353413.785	6687561.51	-11804.6448
353041.229	6688833.1	-11665.7401
352725.298	6690115.66	-11666.0906
352439.361	6691267.77	-11661.836
352249.378	6692324.71	-11829.4176
351934.925	6693511.62	-11776.7773
351571.081	6694840.86	-11690.8671
351206.698	6696282.28	-11670.3944
350992.359	6697378.26	-11805.6297
350714.514	6698393.09	-11739.9094
350350.941	6699736.55	-11663.4314
350047.93	6700927.93	-11642.9896
349781.722	6702258.32	-11796.3658
349539.944	6703228.53	-11792.7411
349175.441	6704489.95	-11666.8915
348858.155	6705748.7	-11654.9581
348574.067	6706979.24	-11708.019
348391.084	6707933.87	-11840.6799
348043.806	6709199.62	-11761.3931
347786.923	6709292.93	-11187.9213
