399363.479	6663105.55	-11998.8212
398105.201	6664050.44	-11720.8068
397358.765	6664609.27	-11748.5957
396281.817	6665414.93	-11869.4284
395256.641	6666184.59	-11685.0964
394299.851	6666900.34	-11821.3308
392881.838	6667964.32	-11693.8886
392132.2	6668526.55	-11683.8972
390966.531	6669400.37	-11782.9134
390507.68	6669745.47	-11671.1542
389016.417	6670865.07	-11747.5205
388062.393	6671582.49	-11731.831
386740.168	6672577.72	-11713.8278
386153.365	6673019.74	-11778.0055
384966.443	6673914.25	-11935.6599
383896.345	6674723.88	-11694.4748
382909.87	6675469.74	-11802.6498
381444.097	6676581.45	-11651.1845
380926.055	6676974.67	-11736.9084
379811.971	6677821.87	-11661.4311
379116.614	6678351.07	-11701.6075
377673.811	6679451.21	-11850.484
376722.858	6680178.29	-11654.5591
375591.366	6681044.07	-11817.2187
374648.913	6681766.76	-11719.6001
373838.702	6682388.37	-11759.745
372595.355	6683344.29	-11909.668
371643.219	6684077.22	-11697.8156
370354.904	6685070.56	-11781.5043
369977.457	6685361.75	-11730.6168
368567.767	6686450.72	-11707.4837
367576.14	6687218.06	-11935.7816
366400.262	6688128.04	-11787.8938
365387.904	6688912.25	-11719.9957
364672.323	6689466.95	-11782.8523
363491.733	6690382.08	-11669.6563
362489.408	6691160.21	-11926.4445
361102.997	6692235.22	-11687.3336
360589.723	6692633.82	-11780.7275
359360.479	6693587.72	-11748.6848
358760.53	6694053.11	-11667.7939
357357.313	6695143.27	-11925.1429
355958.524	6696228.21	-11654.426
355377.525	6696679.7	-11764.9527
354291.058	6697523.08	-11726.9834
353610.906	6698051.04	-11699.7285
352222.666	6699129.61	-11894.31
351322.627	6699827.45	-11680.9229
350036.959	6700825.78	-11758.7946
349524.96	6701223.13	-11747.6319
348262.74	6702203.53	-11931.5261
347126.62	6703084.91	-11880.8115
346180.104	6703818.55	-11711.5967
344891.929	6704818.1	-11780.9535
344613.232	6705033.77	-11662.5791
343113.092	6706197.3	-11703.5116
342152.973	6706942.45	-11870.2396
340892.433	6707919.02	-11732.686
340125.253	6708513.54	-11720.9614
339205.404	6709226.83	-11822.7905
399341.084	6663125.61	-11640.2289
398105.615	6664050.62	-11666.6671
397333.496	6664628.85	-11676.1312
396315.225	6665391.49	-11685.3776
395370.632	6666100.31	-11551.8924
394301.583	6666900.03	-11700.37
392891.631	6667957.42	-11637.7869
392136.572	6668523.54	-11647.4975
390969.839	6669397.99	-11769.3121
390507.107	6669746.12	-11640.164
389019.387	6670863.3	-11675.8064
388051.187	6671591.36	-11655.4609
386741.898	6672576.69	-11662.6468
385977.276	6673153.26	-11624.5127
385009.903	6673882.48	-11704.7674
383914.563	6674710.34	-11635.9676
382914.045	6675466.96	-11694.8017
381450.11	6676577	-11615.4844
380932.443	6676969.96	-11684.6247
379812.669	6677821.41	-11634.5187
379087.873	6678373.09	-11636.9776
377663.288	6679459.47	-11698.5656
376704.014	6680192.74	-11615.8464
375552.68	6681073.79	-11669.9084
374797.211	6681653.03	-11597.3418
373838.873	6682388.24	-11682.0193
372569.993	6683363.71	-11692.6368
371641.719	6684078.34	-11654.7604
370105.126	6685263.01	-11631.3082
370104.491	6685263.5	-11631.2863
368568.971	6686449.71	-11659.9549
367612.292	6687189.65	-11694.2935
366398.153	6688129.47	-11688.3736
365412.539	6688892.87	-11598.1268
364741.596	6689412.98	-11672.0907
363508.886	6690368.67	-11625.7059
362525.937	6691131.27	-11704.2316
361104.794	6692233.71	-11649.1389
360435.662	6692752.9	-11629.0075
359445.057	6693521.76	-11651.4082
358750.574	6694060.68	-11622.965
357355.389	6695144.02	-11716.2178
355968.995	6696219.93	-11614.0146
355349.147	6696701.27	-11643.9764
354319.272	6697500.79	-11629.3272
353609.639	6698051.84	-11655.6541
352198.845	6699147.33	-11702.421
351242.294	6699889.57	-11622.8034
349973	6700874.93	-11639.4368
349501.659	6701240.69	-11623.2733
348291.037	6702180.62	-11705.9144
347110.611	6703096.51	-11689.0227
346181.46	6703817.28	-11661.8813
344751.951	6704926.26	-11682.7578
344613.053	6705033.79	-11635.2189
343117.317	6706193.82	-11657.8101
342167.507	6706930.39	-11688.8886
340892.605	6707918.62	-11671.4889
339972.123	6708631.68	-11598.8716
339209.854	6709222.81	-11693.7121
399363.636	6663110.83	-11412.8329
398106.15	6664050.9	-11590.5471
397197.024	6664732.5	-11514.6587
396326.465	6665384.54	-11516.045
395380.029	6666094.11	-11451.5864
394303.595	6666899.53	-11577.4515
392929.624	6667930.22	-11473.6918
392137.329	6668523.36	-11596.6221
390981.158	6669391.12	-11541.8368
390507.077	6669746.44	-11597.6708
389052.73	6670839.29	-11512.2174
388003.479	6671628.27	-11484.26
386742.442	6672576.67	-11591.4291
385976.967	6673153.61	-11601.5106
385013.912	6673880.33	-11515.1995
383978.128	6674662.95	-11471.7281
382918.656	6675463.89	-11580.1846
381454.012	6676574.39	-11497.5326
380910.855	6676986.88	-11495.1335
379812.838	6677821.36	-11598.7501
379084.409	6678376	-11505.2408
377652.92	6679467.57	-11575.7946
376616.375	6680259.91	-11457.701
375552.663	6681073.9	-11515.5496
374809.275	6681643.8	-11489.2387
373839.491	6682387.76	-11585.4946
372579.248	6683356.5	-11493.2662
371641.549	6684078.42	-11593.7982
370105.105	6685262.98	-11599.8281
370104.463	6685263.48	-11599.7729
368568.989	6686449.59	-11592.7267
367604.702	6687195.16	-11493.005
366395.043	6688131.66	-11581.9033
365400.449	6688902	-11487.7649
364716.556	6689432.02	-11511.8402
363517.817	6690361.42	-11503.2408
362528.781	6691128.54	-11515.0893
361122.2	6692219.75	-11500.2903
360435.351	6692753.06	-11600.0903
359379.403	6693572.22	-11502.2059
358709.946	6694091.66	-11463.2295
357354.578	6695144.11	-11566.2971
356012.905	6696185.23	-11456.2686
355355.758	6696695.61	-11507.805
354437.823	6697408.19	-11489.2612
353609.475	6698051.72	-11593.6197
352199.904	6699145.74	-11515.4846
351232.304	6699896.82	-11499.68
349975.949	6700872.08	-11506.2517
349507.35	6701235.82	-11514.1345
348306.519	6702168.04	-11572.8822
347123.653	6703085.55	-11491.9964
346181.364	6703817.05	-11591.5974
344614.629	6705032.42	-11600.6816
344612.911	6705033.74	-11598.6967
343117.576	6706193.34	-11593.5642
342152.972	6706940.8	-11493.7421
340892.033	6707918.7	-11589.4481
339959.933	6708640.63	-11487.1212
339195.419	6709233.22	-11515.9748
399363.636	6663112.18	-11266.7606
398107.757	6664051.93	-11344.0713
397069.374	6664829.63	-11344.6209
396301.761	6665404.55	-11344.9908
395465.012	6666032.05	-11264.7159
394305.199	6666900.25	-11345.2306
392930.682	6667930.44	-11344.9833
392138.462	6668524.43	-11344.6905
390836.496	6669501.08	-11343.2574
390508.011	6669747.53	-11343.9716
389017.644	6670866.74	-11344.0191
388002.976	6671629.49	-11345.0352
386743.674	6672577.09	-11343.9974
385977.491	6673154.53	-11343.6791
385019.317	6673876.77	-11404.5141
384035.818	6674620.14	-11280.8559
382920.687	6675463.23	-11345.0841
381483.789	6676552.27	-11344.3617
381000.67	6676919.09	-11344.4482
379813.157	6677821.74	-11343.6135
379057.959	6678396.49	-11344.2099
377649.857	6679470.27	-11344.9905
376613.907	6680261.94	-11344.2814
375578.09	6681054.55	-11344.8266
374932.589	6681549.28	-11343.8628
373839.739	6682387.58	-11344.5198
372576.139	6683358.83	-11345.4088
371641.46	6684078.31	-11344.0151
370104.897	6685262.84	-11343.79
370104.272	6685263.32	-11343.7431
368568.761	6686449.37	-11344.2809
367576.791	6687216.42	-11311.7279
366393.532	6688132.34	-11344.7721
365270.154	6689002.62	-11343.6972
364691.235	6689451.24	-11344.3941
363586.601	6690307.67	-11344.4779
362554.058	6691108.46	-11345.0876
361104.759	6692232.82	-11344.0173
360434.931	6692752.58	-11343.5072
359314.293	6693622.22	-11344.6442
358672.497	6694120.06	-11272.1291
357353.99	6695143.76	-11345.6476
356052.752	6696153.64	-11285.4413
355407.292	6696654.96	-11344.0572
354319.997	6697499.09	-11344.031
353609.046	6698051.05	-11344.0889
352195.99	6699148.32	-11405.1488
351157.953	6699953.88	-11343.9084
350000.802	6700852.11	-11344.8341
349477.96	6701257.9	-11344.2536
348309.676	6702164.62	-11345.3032
347151.446	6703063.19	-11310.6408
346180.719	6703816.48	-11343.8427
344613.955	6705031.82	-11343.8032
344612.134	6705033.23	-11343.728
343117.021	6706192.67	-11344.5142
342155.678	6706938.04	-11345.3778
340891.034	6707918.39	-11344.5156
339826.295	6708743.56	-11343.5522
339172.736	6709250.03	-11345.038
399363.636	6663113.48	-11127.709
398109.393	6664052.96	-11097.6505
397069.927	6664831.48	-11091.5252
396300.181	6665407.72	-11118.845
395545.455	6665973.21	-11101.5787
394305.412	6666902.03	-11112.9779
392965.165	6667905.99	-11170.7039
392139.539	6668525.57	-11092.6532
390983.391	6669392.32	-11144.4967
390508.971	6669748.62	-11090.2752
389053.494	6670840.91	-11175.8924
388002.57	6671631.26	-11106.8525
386745.017	6672577.45	-11096.6443
385978.087	6673155.43	-11085.8433
385014.539	6673881.46	-11174.5403
384090.909	6674579.25	-11107.7934
382919.217	6675465.24	-11109.7262
381483.924	6676552.97	-11095.6441
380911.447	6676987.31	-11193.4128
379813.474	6677822.14	-11088.4894
379057.944	6678397.05	-11099.6631
377653.8	6679467.63	-11114.1499
376534.728	6680322.66	-11178.0126
375579.5	6681053.65	-11110.8595
374932.658	6681549.36	-11090.7676
373839.461	6682387.82	-11103.4745
372608.361	6683333.97	-11166.3778
371641.373	6684078.2	-11094.2304
370104.692	6685262.69	-11087.7452
370104.085	6685263.16	-11087.7101
368568.57	6686449.13	-11095.7983
367574.383	6687218.02	-11166.5224
366394.303	6688131.25	-11107.4438
365269.929	6689002.22	-11089.7248
364715.465	6689432.07	-11176.6294
363586.569	6690307.06	-11098.7802
362527.591	6691128.52	-11174.6099
361121.965	6692218.99	-11187.6303
360434.543	6692752.06	-11086.9373
359378.676	6693571.72	-11186.7936
358672.603	6694119.64	-11174.647
357353.603	6695143.24	-11124.8319
356090.909	6696123.3	-11103.0061
355406.639	6696654.52	-11101.2811
354437.4	6697407.36	-11198.9098
353608.605	6698050.38	-11094.5242
352200.837	6699143.6	-11174.4149
351157.642	6699953.08	-11096.5168
349999.663	6700851.95	-11100.4973
349477.721	6701257.01	-11091.0984
348303.67	6702168.3	-11117.9664
347181.818	6703038.82	-11125.6157
346180.145	6703815.84	-11096.1485
344613.273	6705031.21	-11086.9186
344611.35	6705032.71	-11088.7676
343116.511	6706191.96	-11095.3921
342151.235	6706940.49	-11121.1457
340890.185	6707917.96	-11099.4575
339825.887	6708742.74	-11089.2004
339192.752	6709233.76	-11173.4552
399363.636	6663115.51	-10909.3624
398111.062	6664053.98	-10850.9093
397070.395	6664833.42	-10838.3175
396315.484	6665397.88	-10934.9688
395545.455	6665975.33	-10859.5389
394304.272	6666904.86	-10878.1152
392965.197	6667907.9	-10930.3616
392209.252	6668474.5	-10939.8623
390986.153	6669392.16	-10886.2929
390497.317	6669758.46	-10940.1673
389055.282	6670841.18	-10932.6781
387956.043	6671667.35	-10928.7316
386760.452	6672566.75	-10934.709
385837.352	6673262.24	-10944.7622
384994.334	6673897.85	-10937.4821
384090.909	6674580.31	-10870.6894
382915.551	6675468.95	-10871.7979
381484.114	6676553.65	-10846.814
380911.868	6676987.76	-10940.793
379813.787	6677822.57	-10833.277
379084.585	6678377.13	-10935.6479
377675.925	6679451.05	-10934.6871
376534.866	6680322.85	-10933.3855
375556.721	6681071.24	-10932.5531
374932.81	6681549.4	-10837.6152
373838.923	6682388.26	-10861.0376
372615.397	6683328.48	-10934.1621
371641.301	6684078.09	-10844.23
370104.49	6685262.55	-10831.6097
370103.902	6685263	-10831.5896
368568.388	6686448.87	-10847.0202
367566.213	6687223.92	-10934.8515
366407.883	6688120.38	-10932.7519
365269.578	6689001.91	-10835.7097
364714.166	6689432.49	-10933.0067
363655.866	6690252.88	-10932.1236
362508.551	6691142.62	-10937.1312
361121.66	6692218.45	-10937.8008
360434.185	6692751.51	-10830.3062
359378.203	6693571.24	-10937.6861
358672.618	6694118.77	-10931.9341
357353.93	6695142.15	-10901.6211
356090.909	6696122.36	-10861.8073
355354.249	6696694.53	-10934.1862
354436.899	6697406.72	-10943.3734
353595.144	6698060.18	-10936.8715
352217.252	6699129.86	-10936.6049
351231.587	6699895.01	-10937.7978
349973.072	6700871.89	-10935.9709
349477.557	6701256.04	-10837.8582
348275.74	6702189.18	-10936.9862
347159.733	6703055.12	-10933.3366
346179.598	6703815.16	-10848.2093
344618.183	6705026.77	-10943.5758
344610.559	6705032.19	-10833.7111
343167.448	6706151.76	-10936.8162
342115.17	6706967.61	-10933.0934
340898.944	6707910.42	-10934.257
339959.012	6708638.92	-10943.6311
339183.066	6709240.19	-10934.0218
399363.636	6663117.52	-10695.134
398115.446	6664052.21	-10688.04
396946.394	6664927.65	-10689.0472
396305.565	6665407.52	-10688.0722
395545.455	6665976.21	-10758.651
394299.409	6666910.12	-10688.7887
392965.233	6667909.84	-10689.6699
392210.63	6668475.45	-10688.8896
390988.901	6669392.04	-10628.0425
390498.072	6669759.74	-10687.6759
389056.478	6670841.94	-10688.3465
387955.995	6671668.89	-10689.5288
386761.925	6672567.07	-10688.1089
385837.972	6673263.14	-10687.5943
384960.395	6673924.69	-10687.3204
384036.188	6674622.49	-10688.8248
382899.667	6675481.71	-10688.9147
381454.502	6676576.65	-10688.1583
380912.429	6676988.13	-10688.2201
379910.747	6677749.23	-10687.4637
379084.684	6678377.65	-10688.3032
377681.488	6679447.25	-10688.2951
376534.926	6680323.13	-10688.7783
375558.548	6681070.06	-10688.6418
375055.702	6681455.28	-10688.0026
373830.798	6682394.54	-10688.7273
372622.776	6683322.73	-10687.9474
371588.825	6684118.4	-10688.1439
370107.184	6685260.31	-10687.6632
370100.997	6685265.08	-10687.6156
368613.834	6686413.5	-10688.4252
367555.305	6687231.9	-10687.6234
366408.204	6688119.62	-10688.7267
365399.749	6688900.73	-10687.4203
364713.162	6689432.68	-10688.5303
363655.776	6690252.31	-10689.0376
362482.417	6691162.18	-10687.5457
361121.403	6692217.87	-10688.062
360318.063	6692841.13	-10687.3099
359377.588	6693570.86	-10688.5788
358672.607	6694117.91	-10689.1627
357355.957	6695139.85	-10710.6123
356052.605	6696151.41	-10688.4127
355353.585	6696694.05	-10688.1934
354436.509	6697405.97	-10687.8789
353594.819	6698059.39	-10688.4128
352234.304	6699115.57	-10687.8746
351231.266	6699894.18	-10687.8534
349971.872	6700871.74	-10688.7707
349600.679	6701159.83	-10688.5476
348248.613	6702209.14	-10687.4321
347165.34	6703049.69	-10688.1919
346220.86	6703782.44	-10688.0167
344617.646	6705026.03	-10687.4051
344604.917	6705035.91	-10687.4142
343166.975	6706151	-10688.6798
342109.893	6706970.6	-10688.2846
340897.907	6707910.12	-10688.8624
339958.596	6708638.08	-10687.324
339176.34	6709244.29	-10688.4039
399363.636	6663119.63	-10473.841
398113.367	6664055.28	-10525.4623
397071.242	6664835.52	-10538.807
396297.647	6665415.27	-10487.2038
395545.455	6665978.36	-10516.4472
394305.796	6666906.95	-10500.832
392965.252	6667911.81	-10448.9527
392212.312	6668476.2	-10437.8079
390987.613	6669394.1	-10487.4349
390498.798	6669761.08	-10435.2125
389056.207	6670843.82	-10444.1762
387956.423	6671670.1	-10450.498
386763.44	6672567.38	-10441.5993
385979.47	6673157.3	-10546.7337
385002.986	6673893.82	-10440.5184
384090.909	6674581.98	-10507.3309
382917.181	6675469.21	-10507.3004
381484.182	6676554.7	-10530.2152
380913.132	6676988.42	-10435.603
379814.188	6677823.07	-10541.4645
379084.815	6678378.17	-10440.9891
377674.066	6679453.38	-10443.1469
376534.91	6680323.49	-10444.1596
375582.255	6681052.1	-10504.036
374932.831	6681549.59	-10537.8708
373839.1	6682388.2	-10516.5666
372613.558	6683329.76	-10444.7533
371641.202	6684077.97	-10531.8764
370104.267	6685262.39	-10543.4622
370103.7	6685262.83	-10543.3905
368568.133	6686448.57	-10529.7458
367568.382	6687221.34	-10444.1537
366394.939	6688129.52	-10510.4767
365269.422	6689001.34	-10539.3729
364712.819	6689432.35	-10444.1838
363586.428	6690305.65	-10524.5856
362513.471	6691137.38	-10440.8445
361121.191	6692217.25	-10438.3391
360433.716	6692750.93	-10544.1189
359376.845	6693570.56	-10439.4193
358672.572	6694117.05	-10446.3643
357352.81	6695141.41	-10479.8668
356090.909	6696120.98	-10515.3915
355352.634	6696693.78	-10442.2838
354436.228	6697405.12	-10432.3594
353594.434	6698058.64	-10439.9228
352212.98	6699131.06	-10441.4072
351156.91	6699951.2	-10527.0411
349970.637	6700871.62	-10441.5166
349477.144	6701255.04	-10538.4831
348287.546	6702178.03	-10487.2778
347181.818	6703035.96	-10477.7237
346178.839	6703814.32	-10527.6088
344611.83	6705029.9	-10545.0613
344609.619	6705031.6	-10541.3128
343166.717	6706150.08	-10440.5012
342116.508	6706964.36	-10445.6432
340887.962	6707917.07	-10523.8498
339958.16	6708637.25	-10431.0278
339181.66	6709239.05	-10443.6205
399363.636	6663121.72	-10255.4683
398115.08	6664056.31	-10278.8029
397071.99	6664837.29	-10285.6299
396310.061	6665408.03	-10260.826
395545.455	6665980.52	-10274.421
394308.951	6666906.62	-10266.9742
392930.932	6667938.95	-10276.4655
392143.078	6668529.34	-10284.8193
390987.418	6669396.23	-10229.3543
390511.974	6669752.32	-10285.3942
389021.588	6670871	-10274.9317
388003.797	6671635.65	-10272.6388
386749.707	6672578.68	-10279.5225
385980.003	6673158.34	-10288.8578
385022.032	6673880.69	-10205.0496
384090.909	6674583.11	-10270.3338
382921.564	6675466.89	-10270.1369
381484.231	6676555.55	-10281.4132
380913.973	6676988.64	-10182.8497
379814.584	6677823.5	-10286.2732
379058.159	6678398.89	-10277.3255
377652.755	6679469.99	-10265.9758
376614.165	6680263.18	-10280.0702
375580.222	6681053.9	-10268.2316
374932.764	6681549.83	-10284.7336
373839.71	6682387.81	-10274.4964
372607.577	6683334.32	-10214.4316
371641.128	6684077.88	-10281.9344
370104.076	6685262.25	-10287.3517
370103.522	6685262.68	-10287.294
368567.895	6686448.37	-10281.0469
367575.187	6687215.66	-10214.3733
366392.061	6688131.25	-10271.5099
365269.435	6689000.74	-10285.3696
364687.723	6689451.37	-10273.0123
363586.114	6690305.23	-10278.7602
362548.619	6691109.61	-10262.9015
361121.026	6692216.57	-10188.5563
360433.238	6692750.44	-10287.5012
359375.95	6693570.37	-10190.1458
358672.508	6694116.2	-10203.5572
357351.561	6695141.51	-10257.5041
356090.909	6696120	-10274.212
355403.393	6696653.69	-10275.4793
354436.05	6697404.18	-10176.7484
353607.203	6698048.05	-10281.8255
352198.596	6699141.2	-10205.2907
351156.98	6699950.06	-10279.6059
349995.275	6700851.77	-10277.9973
349476.744	6701254.23	-10285.2664
348301.776	6702165.99	-10263.158
347181.818	6703034.96	-10256.396
346178.122	6703813.75	-10279.7347
344611.138	6705029.27	-10288.1238
344608.799	6705031.08	-10286.2822
343114.722	6706189.67	-10281.9204
342152.333	6706935.73	-10260.0719
340886.873	6707916.79	-10278.2611
339824.845	6708739.89	-10285.5454
339164.746	6709251.33	-10263.4974
399363.636	6663123.82	-10037.1799
398116.817	6664057.33	-10032.5715
397072.653	6664839.15	-10032.4493
396315.095	6665406.33	-10035.7555
395545.455	6665982.71	-10032.5217
394310.628	6666907.39	-10035.2288
392930.96	6667940.97	-10033.8611
392144.279	6668530.5	-10032.628
390987.255	6669397.42	-10089.6567
390512.958	6669753.52	-10031.7314
389021.574	6670872.71	-10032.9473
388004.462	6671636.73	-10034.3521
386751.106	6672579.13	-10032.4066
385980.604	6673159.37	-10031.0241
385026.473	6673877.92	-10094.9019
384090.909	6674584.26	-10033.8665
382923.284	6675466.61	-10034.6902
381484.337	6676556.39	-10032.6461
381004.666	6676920.33	-10032.6077
379814.978	6677823.97	-10031.1892
379058.29	6678399.44	-10032.859
377650.5	6679472.19	-10034.9813
376614.271	6680263.5	-10032.7023
375579.784	6681054.5	-10034.5799
374932.781	6681550.03	-10031.6505
373839.973	6682387.69	-10033.565
372576.194	6683358.43	-10036.2379
371641.065	6684077.8	-10032.1832
370103.887	6685262.12	-10031.3105
370103.347	6685262.53	-10031.2705
368567.675	6686448.15	-10032.5493
367545.455	6687238.32	-10036.8904
366390.821	6688131.7	-10034.151
365269.321	6689000.23	-10031.4226
364687.224	6689451.16	-10033.5873
363585.937	6690304.7	-10033.0335
362552.961	6691105.57	-10035.4163
361103.149	6692229.93	-10032.0215
360432.791	6692749.92	-10030.9655
359375.585	6693570.41	-10124.6097
358636.364	6694143.6	-10034.0754
357350.906	6695141.15	-10036.6796
356090.909	6696119.01	-10033.1372
355402.234	6696653.58	-10032.9144
354317.347	6697495.71	-10031.5074
353606.733	6698047.34	-10032.2468
352195.44	6699143.16	-10095.3202
351156.849	6699949.07	-10032.2856
349993.936	6700851.71	-10033.5195
349476.419	6701253.35	-10032.0734
348304.129	6702163.13	-10035.6564
347181.818	6703033.96	-10036.7761
346177.446	6703813.15	-10032.2105
344610.439	6705028.63	-10031.2425
344607.973	6705030.55	-10031.3557
343114.15	6706188.96	-10032.7245
342155.017	6706932.62	-10036.1102
340885.873	6707916.43	-10033.1134
339824.568	6708738.93	-10031.2369
339165.147	6709249.96	-10035.4122
399363.636	6663125.93	-9818.74884
398118.595	6664058.35	-9786.37183
397073.224	6664841.09	-9779.20751
396312.357	6665410.45	-9811.1685
395545.455	6665984.91	-9790.68148
394310.316	6666909.68	-9803.32201
392965.26	6667916.75	-9860.25809
392145.42	6668531.73	-9780.31192
390990.133	6669397.3	-9831.54345
390500.299	6669764.18	-9880.41661
389056.571	6670847.65	-9864.47628
388004.049	6671638.66	-9795.72051
386752.644	6672579.5	-9785.3383
385981.268	6673160.38	-9773.18135
385020.62	6673883.57	-9864.37349
384090.909	6674585.44	-9797.37564
382921.642	6675468.91	-9798.75825
381484.502	6676557.22	-9783.83338
380914.644	6676989.2	-9881.51375
379815.372	6677824.46	-9776.11167
379058.275	6678400.14	-9788.39159
377655.03	6679469.23	-9803.93652
376534.919	6680324.38	-9866.76153
375581.557	6681053.43	-9800.64281
374932.883	6681550.18	-9778.56402
373839.72	6682387.99	-9792.41474
372608.814	6683333.32	-9856.68512
371641.003	6684077.72	-9782.40583
370103.702	6685261.98	-9775.25463
370103.177	6685262.39	-9775.23534
368567.49	6686447.9	-9783.9886
367573.786	6687216.09	-9856.90979
366391.679	6688130.54	-9796.40686
365269.078	6688999.81	-9777.48038
364711.433	6689431.99	-9865.24225
363585.91	6690304.05	-9787.26081
362525.712	6691126.19	-9864.33622
361120.76	6692215.75	-9875.63019
360432.372	6692749.36	-9774.43712
359375.217	6693569.79	-9875.28373
358672.527	6694114.91	-9863.6932
357350.622	6695140.48	-9815.51223
356090.909	6696118.01	-9792.08273
355401.574	6696653.06	-9790.37318
354435.556	6697403.32	-9886.58271
353606.251	6698046.63	-9782.60965
352201.555	6699137.4	-9864.16404
351156.502	6699948.23	-9784.98318
349967.634	6700871.4	-9871.84284
349476.172	6701252.39	-9778.84629
348296.776	6702167.8	-9808.73591
347181.818	6703032.95	-9817.07895
346176.854	6703812.47	-9784.71903
344609.732	6705027.99	-9774.34867
344607.141	6705030.01	-9776.42855
343113.613	6706188.22	-9783.42827
342149.613	6706935.77	-9812.28131
340884.991	6707915.98	-9787.78167
339824.134	6708738.08	-9776.9436
339184.172	6709234.42	-9863.01663
399363.636	6663128.05	-9599.3778
398120.412	6664059.35	-9539.80557
397073.704	6664843.13	-9525.8474
396321.439	6665405.38	-9624.81459
395545.455	6665987.13	-9548.83308
394308.133	6666913.41	-9568.80192
392965.292	6667918.79	-9619.63589
392217.103	6668479.29	-9628.16942
390993.003	6669397.21	-9573.43542
390501.111	6669765.54	-9627.92628
389058.611	6670847.88	-9621.31397
387956.841	6671675.34	-9618.04454
386768.891	6672568.31	-9622.94262
385840.381	6673267.3	-9632.22024
384998.003	6673901.92	-9626.59081
384090.909	6674586.65	-9560.34583
382918.228	6675472.58	-9560.04032
381484.723	6676558.04	-9534.89587
380915.196	6676989.71	-9628.80809
379815.766	6677824.99	-9520.9396
379085.147	6678380.16	-9623.95646
377676.819	6679453.02	-9623.35822
376535.058	6680324.7	-9622.112
375559.1	6681070.84	-9621.37629
374933.067	6681550.3	-9525.41695
373839.266	6682388.45	-9549.75859
372616.407	6683327.46	-9623.42754
371640.96	6684077.63	-9532.38956
370103.519	6685261.86	-9519.09983
370103.011	6685262.25	-9519.10448
368567.307	6686447.66	-9535.11225
367564.774	6687222.63	-9624.25493
366404.876	6688119.95	-9621.51898
365268.713	6688999.48	-9523.49028
364710.031	6689432.46	-9621.6389
363655.538	6690249.61	-9620.99333
362504.538	6691141.89	-9626.12112
361120.447	6692215.17	-9625.88243
360431.982	6692748.77	-9517.84104
359374.677	6693569.29	-9626.0399
358672.538	6694113.97	-9620.87847
357351.715	6695138.73	-9591.98172
356090.909	6696116.99	-9550.96709
355350.047	6696692.34	-9622.55556
354435.047	6697402.61	-9631.00765
353593.345	6698055.95	-9625.22196
352220.44	6699121.67	-9625.68316
351229.768	6699890.65	-9625.83018
349966.376	6700871.25	-9624.55494
349476.004	6701251.36	-9525.52762
348265.93	6702190.9	-9626.1427
347161.088	6703048.14	-9622.92592
346176.287	6703811.76	-9536.94575
344615.456	6705022.88	-9631.04859
344600.833	6705034.21	-9629.24113
343165.364	6706147.35	-9625.23314
342113.594	6706962.81	-9622.6632
340893.172	6707908.86	-9622.97303
339956.744	6708634.63	-9631.08061
339172.785	6709242.12	-9623.17431
399363.636	6663130.1	-9389.58013
398126.197	6664056.59	-9376.55013
397073.769	6664843.51	-9480.24368
396309.112	6665416.95	-9375.83961
395466.378	6666047.92	-9376.56327
394302.327	6666919.48	-9377.33494
392965.33	6667920.85	-9378.72002
392218.61	6668480.29	-9376.91572
390994.386	6669397.33	-9432.95519
390501.895	6669766.96	-9375.5534
389059.797	6670848.79	-9377.00692
387956.872	6671676.98	-9378.74669
386770.562	6672568.63	-9376.58548
385841.052	6673268.34	-9375.01921
384967.662	6673926.19	-9374.57486
384036.745	6674628.49	-9377.91558
382902.296	6675485.48	-9377.69354
381455.473	6676580.85	-9376.16488
380915.889	6676990.14	-9376.13356
379912.139	6677752.24	-9375.0976
379085.271	6678380.81	-9376.68414
377680.869	6679450.51	-9376.66101
376535.121	6680325.1	-9377.47583
375560.793	6681069.88	-9377.30109
375055.845	6681456.4	-9376.04422
373831.293	6682394.66	-9377.46141
372622.319	6683322.91	-9375.96944
371588.581	6684117.87	-9376.35463
370106.03	6685259.77	-9375.23568
370100.31	6685264.18	-9375.19617
368613.077	6686412.06	-9376.71697
367555.614	6687229.25	-9375.29842
366404.909	6688119.4	-9377.42004
365398.631	6688898.53	-9374.94496
364709.026	6689432.62	-9377.19758
363655.454	6690249	-9377.84805
362481.834	6691158.73	-9375.08926
361120.18	6692214.53	-9376.21739
360316.544	6692837.79	-9374.83374
359373.996	6693568.88	-9376.79045
358672.522	6694113.04	-9378.00779
357354.575	6695135.71	-9397.97442
356052.509	6696146.05	-9377.13747
355349.313	6696691.84	-9376.72356
354434.644	6697401.79	-9375.46607
353592.98	6698055.12	-9376.67479
352236.243	6699108.28	-9375.60204
351229.425	6699889.78	-9375.98447
349965.108	6700871.1	-9377.1484
349599.799	6701154.6	-9376.62975
348239.879	6702209.95	-9374.7455
347166.214	6703043.02	-9376.23183
346216.595	6703779.73	-9376.41973
344614.903	6705022.11	-9374.91407
344599.845	6705033.79	-9375.12022
343164.896	6706146.55	-9376.97651
342108.821	6706965.35	-9376.41496
340892.098	6707908.54	-9377.41982
339956.31	6708633.76	-9374.82159
339166.137	6709246.11	-9376.70438
399363.636	6663132.3	-9166.02202
398122.94	6664060.61	-9213.42969
397074.633	6664845.28	-9226.88445
396311.323	6665417.2	-9174.37115
395545.455	6665990.32	-9204.97698
394310.451	6666915.11	-9189.2686
392965.366	6667922.94	-9137.79622
392220.421	6668481.08	-9125.5384
390994.301	6669399.5	-9174.87595
390502.649	6669768.42	-9123.20445
389059.329	6670850.97	-9133.03917
387957.308	6671678.33	-9139.74314
386772.258	6672568.97	-9130.3553
385982.786	6673162.5	-9234.07697
385013.73	6673892.89	-9129.66614
384090.909	6674588.56	-9196.37897
382920.705	6675472.42	-9197.36822
381484.792	6676559.29	-9218.6665
380916.726	6676990.49	-9123.39933
379816.262	6677825.6	-9228.91508
379085.43	6678381.46	-9129.458
377673.33	6679456.86	-9132.2766
376535.109	6680325.58	-9132.82176
375584.287	6681052.17	-9193.0401
374933.093	6681550.61	-9225.61876
373839.662	6682388.34	-9205.45757
372612.715	6683330.3	-9134.40195
371640.89	6684077.55	-9219.98017
370103.319	6685261.71	-9230.98009
370102.828	6685262.09	-9230.89899
368567.053	6686447.37	-9218.08319
367569.25	6687218.27	-9133.79196
366391.683	6688129.25	-9200.05019
365268.595	6688998.86	-9227.0274
364708.736	6689432.22	-9133.01328
363585.707	6690302.6	-9213.24123
362514.96	6691132.29	-9129.94125
361119.958	6692213.85	-9126.56433
360431.463	6692748.16	-9231.47752
359373.182	6693568.56	-9127.47904
358672.481	6694112.11	-9135.11006
357349.872	6695138.41	-9170.92595
356090.909	6696115.5	-9204.18716
355348.248	6696691.59	-9131.01996
354434.346	6697400.88	-9119.89173
353592.554	6698054.33	-9128.0906
352211.104	6699126.66	-9130.36285
351155.792	6699946.19	-9215.22683
349963.818	6700870.95	-9129.68871
349475.536	6701250.34	-9226.41868
348283.443	6702175.23	-9177.94075
347181.818	6703029.92	-9167.71382
346175.467	6703810.88	-9215.52166
344608.24	6705026.6	-9232.49722
344605.301	6705028.86	-9228.84913
343164.645	6706145.56	-9128.67286
342141.732	6706938.87	-9174.29355
340882.673	6707915.06	-9212.7478
339955.859	6708632.89	-9118.56869
339173.736	6709239.07	-9132.29853
399363.636	6663134.47	-8947.06643
398124.777	6664061.64	-8967.05905
397075.415	6664847.13	-8973.57137
396324.71	6665409.31	-8950.57324
395545.455	6665992.59	-8963.16189
394314.326	6666914.34	-8956.52914
392931.254	6667950.01	-8965.61721
392149.198	6668535.76	-8972.97127
390994.197	6669401.71	-8916.91207
390517.106	6669758.8	-8973.11474
389025.686	6670877.51	-8963.3874
388005.54	6671643.38	-8962.23075
386757.947	6672580.81	-8967.63031
385983.407	6673163.64	-8976.2038
385031.167	6673881.13	-8895.00753
384090.909	6674589.84	-8959.6012
382924.837	6675470.46	-8960.07258
381484.872	6676560.28	-8969.77981
380917.702	6676990.77	-8870.51365
379816.739	6677826.13	-8973.79195
379058.556	6678402.43	-8965.87557
377652.862	6679472.92	-8956.1558
376614.642	6680265.19	-8968.52078
375582.392	6681053.98	-8957.73075
374933.061	6681550.93	-8972.50335
373840.32	6682388	-8963.53007
372607.247	6683334.52	-8904.94593
371640.845	6684077.5	-8970.08389
370103.147	6685261.59	-8974.87462
370102.667	6685261.96	-8974.81613
368566.82	6686447.16	-8969.35701
367575.47	6687213.04	-8904.91924
366389.059	6688130.76	-8961.07501
365268.587	6688998.24	-8973.06422
364683.573	6689451.26	-8961.95335
363585.402	6690302.13	-8967.36776
362548.662	6691105.62	-8953.254
361119.783	6692213.12	-8876.84741
360430.955	6692747.62	-8974.91577
359372.21	6693568.35	-8878.03601
358672.408	6694111.19	-8892.19387
357348.329	6695138.67	-8948.71728
356090.909	6696114.44	-8963.11403
355397.977	6696652.25	-8964.08953
354434.146	6697399.88	-8864.21892
353604.712	6698044.17	-8970.02091
352197.282	6699136.3	-8895.20628
351155.838	6699945	-8967.89965
349988.096	6700851.35	-8966.88763
349475.121	6701249.48	-8973.14015
348296.786	6702163.81	-8953.5417
347181.818	6703028.88	-8947.26702
346174.703	6703810.3	-8967.9039
344607.526	6705025.93	-8975.56381
344604.432	6705028.32	-8973.87238
343111.742	6706185.82	-8970.25122
342152.333	6706929.58	-8950.51933
340881.59	6707914.73	-8967.02861
339823.081	6708735.1	-8973.17839
339157.213	6709251.01	-8953.12919
399363.636	6663136.64	-8728.41327
398126.648	6664062.65	-8721.13489
397076.103	6664849.07	-8720.24678
396329.296	6665408.02	-8726.75333
395545.455	6665994.88	-8721.47397
394315.989	6666915.23	-8725.32245
392931.323	6667952.12	-8722.66732
392150.466	6668537.01	-8720.50969
391136.028	6669297.09	-8717.98362
390518.137	6669760.11	-8719.49821
389025.879	6670879.22	-8721.98492
388006.093	6671644.7	-8723.58993
386759.533	6672581.28	-8720.88886
385984.088	6673164.78	-8718.36795
385034.617	6673879.18	-8785.3164
384090.909	6674591.15	-8723.35025
382926.262	6675470.56	-8724.19813
381485.011	6676561.26	-8720.9139
380917.908	6676990.82	-8822.55208
379817.217	6677826.7	-8718.77175
379058.688	6678403.14	-8721.5277
377651.393	6679474.65	-8724.92557
376614.763	6680265.63	-8721.1196
375582.292	6681054.43	-8724.37819
374933.113	6681551.22	-8719.43872
373840.6	6682387.95	-8722.59817
372576.334	6683358.3	-8727.06816
371640.81	6684077.44	-8720.35514
370102.978	6685261.47	-8718.83022
370102.51	6685261.83	-8718.79805
368566.606	6686446.95	-8720.80536
367576.541	6687211.97	-8772.3344
366388.058	6688131.02	-8723.46813
365268.452	6688997.72	-8719.1531
364682.98	6689451.09	-8722.83189
363585.233	6690301.55	-8721.57658
362551.686	6691102.56	-8725.76595
361101.439	6692226.79	-8720.03539
360430.476	6692747.05	-8718.43089
359371.909	6693568.33	-8813.23104
358672.397	6694110.81	-8795.62523
357347.62	6695138.27	-8727.65067
356090.909	6696113.37	-8722.14281
355396.783	6696652.08	-8721.8295
354434.198	6697399.68	-8829.9621
353604.197	6698043.42	-8720.39247
352194.949	6699137.6	-8785.48318
351155.674	6699943.97	-8720.68246
349986.706	6700851.27	-8722.15173
349474.785	6701248.54	-8719.87823
348298.241	6702161.6	-8726.02539
347181.818	6703027.83	-8728.01108
346173.997	6703809.66	-8720.62593
344606.804	6705025.26	-8718.68044
344603.558	6705027.78	-8718.9916
343111.154	6706185.08	-8720.90191
342154.271	6706927	-8726.90808
340880.586	6707914.32	-8721.66355
339822.776	6708734.12	-8718.93476
339157.215	6709249.92	-8725.95269
399363.636	6663138.82	-8509.41618
398128.578	6664063.64	-8475.2132
397076.691	6664851.1	-8466.85423
396325.297	6665413.17	-8503.58313
395545.455	6665997.19	-8479.84163
394314.918	6666918.19	-8493.92867
392931.545	6667954.15	-8479.49471
392151.67	6668538.34	-8467.90656
390997.404	6669402.65	-8518.59166
390504.212	6669771.81	-8568.04902
389059.973	6670854.95	-8553.09328
388005.7	6671646.77	-8484.49163
386776.584	6672569.59	-8557.19968
385984.824	6673165.91	-8460.51803
385027.825	6673885.7	-8554.10143
384090.909	6674592.49	-8487.01505
382924.512	6675473.1	-8487.61558
381485.21	6676562.24	-8471.98889
380918.467	6676991.46	-8569.63369
379817.698	6677827.3	-8463.75291
379058.672	6678403.99	-8477.16062
377656.414	6679471.46	-8493.58558
376535.17	6680326.74	-8555.52891
375584.467	6681053.17	-8490.52442
374933.25	6681551.46	-8466.3675
373840.391	6682388.31	-8481.30119
372609.314	6683332.98	-8546.9107
371640.778	6684077.39	-8470.57557
370102.813	6685261.35	-8462.76261
370102.357	6685261.7	-8462.76022
368566.425	6686446.71	-8472.16581
367573.129	6687214.19	-8547.22879
366388.963	6688129.8	-8485.28895
365268.192	6688997.28	-8465.24201
364707.15	6689431.93	-8553.86966
363585.209	6690300.85	-8475.72433
362523.66	6691123.73	-8554.00743
361119.485	6692212.25	-8563.63305
360430.022	6692746.45	-8461.94739
359371.464	6693567.69	-8563.76779
358672.439	6694109.78	-8552.73596
357347.534	6695137.38	-8506.08298
356090.909	6696112.29	-8481.18531
355396.119	6696651.5	-8479.54312
354433.582	6697398.99	-8574.25342
353603.671	6698042.66	-8470.68193
352202.452	6699130.69	-8553.88324
351155.29	6699943.09	-8473.4748
349960.678	6700870.7	-8560.62216
349474.532	6701247.52	-8466.57547
348289.465	6702167.32	-8499.44319
347181.818	6703026.78	-8508.60405
346173.392	6703808.94	-8473.34938
344606.073	6705024.58	-8461.77828
344602.678	6705027.22	-8464.10133
343110.586	6706184.31	-8471.42527
342147.842	6706930.9	-8503.50798
340879.672	6707913.84	-8476.0657
339822.32	6708733.24	-8464.70235
339175.042	6709235.27	-8552.64233
399363.636	6663141.04	-8288.04126
398130.555	6664064.61	-8228.86165
397077.179	6664853.23	-8213.33763
396326.957	6665413.76	-8314.62118
395545.455	6665999.51	-8238.19579
394311.303	6666923.09	-8259.99169
392965.426	6667930.34	-8308.87761
392225.461	6668484.42	-8316.42825
391000.384	6669402.63	-8260.59085
390505.051	6669773.3	-8315.69618
389062.287	6670855.14	-8309.96862
387957.724	6671684.11	-8307.3481
386778.418	6672569.92	-8311.20774
385985.61	6673167.04	-8202.60305
385003.648	6673905.38	-8315.35033
384090.909	6674593.86	-8250.06988
382921.442	6675476.68	-8248.07496
381485.466	6676563.2	-8222.92706
380919.161	6676992.03	-8316.82326
379818.184	6677827.93	-8208.63282
379085.819	6678383.93	-8312.26418
377677.592	6679455.84	-8311.92741
376535.313	6680327.19	-8310.84593
375562.394	6681070.36	-8310.18096
375056.042	6681457.68	-8314.47565
373840.043	6682388.78	-8238.40106
372617.428	6683326.79	-8312.51566
371640.767	6684077.34	-8220.53422
370102.651	6685261.23	-8206.58872
370102.209	6685261.57	-8206.61773
368566.241	6686446.47	-8223.19153
367563.195	6687221.43	-8313.50242
366401.752	6688119.52	-8310.26551
365397.69	6688896.68	-8318.44183
364705.637	6689432.45	-8310.27971
363655.192	6690246.13	-8309.85582
362500.087	6691141.23	-8315.00005
361119.162	6692211.6	-8313.97255
360429.594	6692745.81	-8205.38955
359370.851	6693567.16	-8314.37739
358672.445	6694108.76	-8309.81219
357349.854	6695134.6	-8282.56226
356090.909	6696111.19	-8240.16001
355345.524	6696689.99	-8310.95093
354433.064	6697398.2	-8318.63569
353591.365	6698051.47	-8313.55708
352224.252	6699112.63	-8314.66504
351227.839	6699886.02	-8313.87754
349959.352	6700870.54	-8313.10455
349474.36	6701246.43	-8213.17486
348255.697	6702192.64	-8315.04999
347181.818	6703025.7	-8286.7757
346172.807	6703808.19	-8225.7502
344612.648	6705018.78	-8318.5265
344595.531	6705032.05	-8316.86816
343163.196	6706142.75	-8313.62848
342111.828	6706957.89	-8312.11714
340887.25	6707907.17	-8311.65924
339954.392	6708630.18	-8318.53795
339161.587	6709244.53	-8312.29561
399363.636	6663143.1	-8083.56733
398137.759	6664060.85	-8065.12485
397077.289	6664853.59	-8168.42885
396313.18	6665426.53	-8063.07808
395467.467	6666059.55	-8065.26717
394304.738	6666929.85	-8065.73124
392965.472	6667932.52	-8067.72509
392227.095	6668485.46	-8064.8817
391019.123	6669390.33	-8061.77776
390505.858	6669774.84	-8063.45667
389063.43	6670856.24	-8065.68103
387957.824	6671685.86	-8067.9611
386780.303	6672570.25	-8065.11921
385844.499	6673274.15	-8062.43714
384986.632	6673919.78	-8062.52092
384037.381	6674635.33	-8067.02712
382905.316	6675489.85	-8066.49513
381456.659	6676585.77	-8064.15299
380919.999	6676992.53	-8064.0276
379818.22	6677828.05	-8171.59303
379085.969	6678384.72	-8065.08337
377680.13	6679454.64	-8065.11743
376535.38	6680327.72	-8066.16969
375563.94	6681069.63	-8065.9549
375056.07	6681458.05	-8064.08668
373832.264	6682394.9	-8066.19888
372621.529	6683323.71	-8064.14598
371588.436	6684117.54	-8064.56834
370104.999	6685259.29	-8062.80485
370099.693	6685263.38	-8062.77519
368612.336	6686410.64	-8064.9997
367556.553	6687226.09	-8063.17137
366401.524	6688119.15	-8066.13373
365397.463	6688896.21	-8062.47395
364704.637	6689432.57	-8065.87979
363655.112	6690245.47	-8066.64804
362483.107	6691153.56	-8062.75851
361118.884	6692210.9	-8064.38766
360314.893	6692834.18	-8062.36334
359370.096	6693566.73	-8064.97443
358672.423	6694107.75	-8066.83462
357352.959	6695131.31	-8086.15203
356052.413	6696140.27	-8065.88395
355344.708	6696689.47	-8065.29055
354432.647	6697397.31	-8063.04304
353590.958	6698050.61	-8064.91828
352237.192	6699101.39	-8063.29533
351227.472	6699885.1	-8064.13663
349958.021	6700870.38	-8065.48315
349598.868	6701149.09	-8064.69548
348237.427	6702205.58	-8062.5881
347166.825	6703036.25	-8064.19514
346212.12	6703776.9	-8064.8643
344612.081	6705017.97	-8062.43052
344594.487	6705031.61	-8062.84585
343162.734	6706141.89	-8065.24774
342107.972	6706959.67	-8064.45707
340886.146	6707906.82	-8065.94759
339953.939	6708629.27	-8062.32867
339155.447	6709248.08	-8064.86876
399363.636	6663145.38	-7858.44438
398133.31	6664065.82	-7901.34165
397078.195	6664855.42	-7914.9378
396326.891	6665418.24	-7862.9676
395545.455	6666002.86	-7893.53202
394315.05	6666923.93	-7877.70488
392965.526	6667934.72	-7826.57272
392154.282	6668541.36	-7913.80532
391001.519	6669405.27	-7862.34935
390506.634	6669776.44	-7811.23772
389062.715	6670858.76	-7821.95187
387958.256	6671687.38	-7828.95505
386782.187	6672570.61	-7819.20974
385986.491	6673168.29	-7921.41912
385025.926	6673891.77	-7819.08802
384090.909	6674596.04	-7885.41312
382924.649	6675476.22	-7887.49758
381485.54	6676564.66	-7907.13167
380920.984	6676992.96	-7811.15643
379818.785	6677828.67	-7916.35028
379086.161	6678385.52	-7817.9673
377660.191	6679470.41	-7878.08742
376535.372	6680328.34	-7821.46843
375587.187	6681052.23	-7881.98056
374933.503	6681552.1	-7913.35572
373840.657	6682388.64	-7894.41203
372611.915	6683331.18	-7824.17901
371640.728	6684077.31	-7908.10515
370102.475	6685261.11	-7918.49675
370102.046	6685261.44	-7918.4103
368565.99	6686446.18	-7906.41095
367570.066	6687215.21	-7823.55992
366388.388	6688128.91	-7889.61597
365267.729	6688996.24	-7914.68467
364704.405	6689432.09	-7821.88077
363584.942	6690299.35	-7901.89417
362516.298	6691127.03	-7819.15095
361118.649	6692210.16	-7814.81124
360429.019	6692745.15	-7918.83543
359369.202	6693566.39	-7815.49808
358672.375	6694106.75	-7823.82818
357346.705	6695135.15	-7862.10206
356090.909	6696109.58	-7892.98777
355343.515	6696689.24	-7819.81544
354432.33	6697396.34	-7807.41001
353590.49	6698049.77	-7816.23498
352209.067	6699122.03	-7819.45965
351154.605	6699940.88	-7903.42339
349956.68	6700870.21	-7817.80524
349473.835	6701245.39	-7914.34605
348279.365	6702172.09	-7868.97367
347181.818	6703023.6	-7857.95429
346171.921	6703807.29	-7903.45483
344604.538	6705023.11	-7919.93061
344600.728	6705026.05	-7916.38666
343162.492	6706140.85	-7816.81403
342142.227	6706932.12	-7864.1897
340877.282	6707912.88	-7901.60793
339953.477	6708628.37	-7806.12077
339165.747	6709238.9	-7821.05984
399363.636	6663147.62	-7638.71572
398135.266	6664066.84	-7655.32723
397079.008	6664857.34	-7661.48422
396340.425	6665410.32	-7640.90247
395545.455	6666005.23	-7651.94064
394319.698	6666922.68	-7646.15219
392931.676	6667961.66	-7654.70956
392155.681	6668542.63	-7661.07357
391140.776	6669302.72	-7662.10194
390522.442	6669765.9	-7660.83421
389030.126	6670884.6	-7651.90974
388007.417	6671651.86	-7651.77433
386767.266	6672583.02	-7655.76101
385987.204	6673169.55	-7663.54871
385041.406	6673881.66	-7585.04098
384090.909	6674597.49	-7648.88667
382928.51	6675474.64	-7649.97416
381485.656	6676565.81	-7658.14301
380922.109	6676993.32	-7558.11865
379819.352	6677829.31	-7661.30795
379059.02	6678406.79	-7654.42821
377653.274	6679476.42	-7646.32465
376615.259	6680267.83	-7656.97761
375585.437	6681054.04	-7647.23282
374933.509	6681552.52	-7660.26847
373841.358	6682388.35	-7652.58812
372606.962	6683335.07	-7595.52703
371640.716	6684077.28	-7658.24504
370102.324	6685260.99	-7662.39606
370101.905	6685261.32	-7662.34023
368565.76	6686445.98	-7657.65632
367575.708	6687210.42	-7595.5404
366386.01	6688130.21	-7650.59768
365267.698	6688995.61	-7660.76279
364679.163	6689451.16	-7650.93581
363584.644	6690298.83	-7655.96788
362548.503	6691101.49	-7643.61319
361118.462	6692209.36	-7565.16748
360428.477	6692744.56	-7662.3339
359368.147	6693566.16	-7565.87154
358672.293	6694105.75	-7580.79181
357344.867	6695135.56	-7639.92414
356090.909	6696108.44	-7652.0293
355392.144	6696650.7	-7652.73632
354432.106	6697395.27	-7551.67162
353601.986	6698040.08	-7658.20557
352195.967	6699131.05	-7585.23098
351154.626	6699939.65	-7656.21055
349980.565	6700850.87	-7655.73338
349473.406	6701244.47	-7661.00201
348291.55	6702161.52	-7644.00662
347181.818	6703022.51	-7638.23555
346171.109	6703806.69	-7656.11092
344603.804	6705022.41	-7663.00217
344599.81	6705025.5	-7661.46786
343108.643	6706181.81	-7658.55477
342152.289	6706923.21	-7641.06254
340876.205	6707912.5	-7655.75001
339821.256	6708730.12	-7660.82232
339149.442	6709250.66	-7642.96043
399363.636	6663149.87	-7419.50503
398137.274	6664067.83	-7409.78431
397079.719	6664859.36	-7408.01173
396344.375	6665409.59	-7417.84874
395545.455	6666007.61	-7410.47673
394321.221	6666923.77	-7415.53866
392931.784	6667963.88	-7411.39828
392157.013	6668543.97	-7408.33315
391141.978	6669304.13	-7405.42875
390523.513	6669767.34	-7407.2755
389030.574	6670886.26	-7411.1526
388007.88	6671653.42	-7412.74312
386769.06	6672583.51	-7409.46703
385987.968	6673170.81	-7405.71066
385043.885	6673880.52	-7475.73704
384090.909	6674598.97	-7412.88226
382929.666	6675475.12	-7413.58862
381485.832	6676566.95	-7409.16051
380922.269	6676993.43	-7510.79584
379819.925	6677829.99	-7406.365
379059.154	6678407.67	-7410.2239
377652.554	6679477.73	-7414.80431
376615.399	6680268.4	-7409.52986
375585.705	6681054.34	-7414.24696
374933.599	6681552.89	-7407.2291
373841.664	6682388.38	-7411.6087
372576.559	6683358.48	-7417.89445
371640.713	6684077.26	-7408.52854
370102.177	6685260.89	-7406.34821
370101.768	6685261.2	-7406.32663
368565.553	6686445.77	-7409.04989
367576.355	6687209.67	-7463.22099
366385.214	6688130.29	-7412.72057
365267.543	6688995.07	-7406.889
364678.458	6689451.04	-7412.13252
363584.481	6690298.19	-7410.10707
362550.223	6691099.38	-7416.13612
361118.516	6692209.08	-7501.36234
360427.959	6692743.94	-7405.90431
359367.91	6693566.07	-7501.85703
358672.299	6694105.32	-7484.77896
357344.13	6695135.1	-7418.54362
356090.909	6696107.29	-7411.17001
355390.919	6696650.48	-7410.81362
354432.099	6697395.11	-7517.66684
353601.423	6698039.29	-7408.52587
352194.522	6699131.63	-7475.63427
351154.429	6699938.58	-7409.10192
349979.127	6700850.77	-7410.72831
349473.061	6701243.48	-7407.66726
348292.034	6702160.01	-7416.37621
347181.818	6703021.41	-7419.29913
346170.379	6703806.02	-7409.0944
344603.061	6705021.7	-7406.11734
344598.887	6705024.94	-7406.63727
343108.036	6706181.04	-7409.04437
342153.44	6706921.2	-7417.76611
340875.195	6707912.06	-7410.16796
339820.923	6708729.11	-7406.64632
339148.951	6709249.91	-7416.65738
399363.636	6663152.12	-7199.61163
398139.368	6664068.77	-7164.20478
397080.32	6664861.47	-7154.46479
396339.222	6665415.67	-7195.67428
395545.455	6666010.01	-7169.06356
394319.095	6666927.62	-7184.84706
392932.029	6667966.01	-7167.84035
392158.277	6668545.39	-7155.43544
391005.209	6669408.37	-7205.64575
390508.248	6669780.13	-7255.68101
389063.723	6670862.84	-7241.75144
387958.783	6671691.69	-7235.43185
386787.039	6672571.25	-7245.18633
385988.777	6673172.07	-7147.85377
385036.46	6673887.69	-7243.64814
384090.909	6674600.48	-7176.72277
382927.88	6675477.87	-7176.28128
381486.07	6676568.09	-7160.10507
380922.981	6676994.14	-7257.76971
379820.505	6677830.71	-7151.41829
379059.138	6678408.7	-7165.98082
377657.942	6679474.42	-7183.05428
376535.489	6680329.8	-7244.31313
375588.335	6681052.85	-7180.53828
374933.773	6681553.22	-7154.18028
373841.519	6682388.78	-7170.12317
372609.859	6683333	-7237.04577
371640.713	6684077.24	-7158.73655
370102.034	6685260.79	-7150.26945
370101.635	6685261.09	-7150.28438
368565.375	6686445.53	-7160.33041
367572.409	6687212.29	-7237.47475
366386.127	6688129.03	-7174.08586
365267.264	6688994.62	-7153.01058
364702.565	6689431.9	-7242.5111
363584.457	6690297.44	-7164.17057
362521.427	6691121.1	-7243.61876
361118.131	6692208.42	-7251.63872
360427.465	6692743.28	-7149.47017
359367.381	6693565.4	-7252.24501
358672.335	6694104.21	-7241.77488
357344.378	6695133.87	-7196.54377
356090.909	6696106.13	-7170.31706
355341.256	6696688.21	-7244.6334
354431.477	6697394.34	-7261.91991
353600.851	6698038.5	-7158.74214
352203.543	6699123.48	-7243.56372
351154.007	6699937.67	-7161.99415
349953.409	6700869.92	-7249.36832
349472.802	6701242.41	-7154.28512
348281.822	6702166.8	-7189.98838
347181.818	6703020.31	-7200.18236
346169.764	6703805.26	-7162.04414
344602.31	6705020.98	-7149.20758
344597.961	6705024.37	-7151.7882
343161.635	6706138.68	-7250.48805
342145.916	6706925.91	-7194.82354
340874.252	6707911.55	-7164.31395
339820.447	6708728.21	-7152.47768
339165.339	6709236.35	-7242.32248
399363.636	6663154.43	-6975.3989
398147.802	6664064.15	-6999.42871
397080.811	6664863.69	-6900.7886
396333.609	6665421.8	-7004.04302
395468.404	6666069.38	-6998.13393
394313.508	6666934.1	-6951.80952
392965.608	6667942.52	-6998.08115
392234.313	6668489.89	-7004.63248
391025.742	6669394.83	-7005.08993
390509.104	6669781.75	-7003.48127
389066.336	6670862.95	-6998.64374
387958.691	6671693.7	-6996.64297
386789.137	6672571.56	-6999.5147
385989.626	6673173.34	-6889.92732
385012.97	6673907.02	-7003.56903
384090.909	6674602.03	-6939.87248
382925.236	6675481.32	-6935.90454
381486.368	6676569.21	-6910.90051
380923.832	6676994.79	-7004.83386
379821.093	6677831.45	-6896.36425
379086.604	6678388.53	-7000.5751
377678.219	6679459.63	-7000.41049
376535.635	6680330.39	-6999.58443
375566.729	6681069.77	-6998.96972
375056.329	6681459.79	-7002.49023
373833.48	6682395.16	-6998.86897
372618.421	6683326.55	-7001.40888
371640.738	6684077.22	-6908.66004
370101.895	6685260.69	-6894.07659
370101.508	6685260.98	-6894.12901
368565.188	6686445.31	-6911.25769
367561.455	6687220.31	-7002.57281
366398.491	6688119.07	-6998.99651
365396.473	6688894.26	-7005.94522
364700.933	6689432.47	-6998.92865
363654.822	6690242.41	-6998.71171
362495.141	6691140.62	-7003.74689
361117.796	6692207.7	-7002.07234
360426.993	6692742.59	-6892.95488
359366.688	6693564.85	-7002.69619
358672.336	6694103.1	-6998.73365
357348.543	6695129.58	-6973.53814
356090.909	6696104.94	-6929.39001
355340.669	6696687.46	-6999.37684
354430.948	6697393.48	-7006.25542
353589.191	6698046.76	-7001.87474
352228.814	6699102.66	-7003.52388
351225.8	6699881.15	-7001.94244
349952.021	6700869.75	-7001.61593
349628.334	6701120.56	-6926.73163
348245.746	6702193.85	-7003.59575
347181.818	6703019.2	-6978.71673
346169.164	6703804.47	-6914.62708
344609.771	6705014.47	-7006.0101
344589.946	6705029.84	-7004.51091
343160.95	6706137.95	-7002.00095
342109.841	6706952.91	-7001.42718
340881.201	6707905.34	-7000.31467
339951.958	6708625.55	-7006.00428
339149.335	6709247.54	-7001.36012
399363.636	6663156.49	-6777.17554
398150.14	6664064.93	-6753.77157
397209.308	6664769.05	-6750.73265
396325.537	6665430.42	-6750.42624
395468.606	6666071.68	-6754.01992
394306.597	6666941.23	-6753.9509
392965.664	6667944.81	-6756.67862
392236.07	6668490.97	-6752.78315
391027.458	6669395.91	-6749.31666
390509.929	6669783.43	-6751.39112
389067.386	6670864.28	-6754.36703
387958.849	6671695.56	-6757.16547
386791.25	6672571.89	-6753.71925
385848.338	6673280.6	-6749.84676
385008.782	6673911.95	-6751.13652
384038.104	6674643.06	-6756.16336
382908.738	6675494.88	-6755.31646
381458.094	6676591.48	-6752.11845
380924.83	6676995.37	-6751.89646
379821.147	6677831.59	-6858.91619
379086.783	6678389.49	-6753.50742
377679.376	6679459.65	-6753.68208
376535.707	6680331.07	-6754.85563
375568.099	6681069.31	-6754.60088
375056.383	6681460.28	-6752.13201
373833.754	6682395.27	-6754.9401
372620.508	6683325.09	-6752.52635
371588.402	6684117.43	-6752.78305
370101.877	6685260.67	-6862.23661
370101.493	6685260.97	-6862.11413
368611.61	6686409.26	-6753.27334
367557.877	6687222.6	-6751.31546
366398.032	6688118.86	-6754.86779
365396.234	6688893.77	-6750.0075
364699.943	6689432.54	-6754.57829
363654.745	6690241.69	-6755.43768
362485.785	6691146.97	-6750.6569
361117.505	6692206.93	-6752.57508
360313.093	6692830.25	-6749.90044
359365.851	6693564.39	-6753.12668
358672.308	6694102.01	-6755.64003
357350.799	6695126.87	-6775.52204
356052.318	6696134.03	-6754.65584
355339.761	6696686.94	-6753.89871
354430.516	6697392.53	-6750.60792
353588.74	6698045.85	-6753.14141
352236.726	6699095.24	-6751.07063
351225.411	6699880.18	-6752.31169
349950.633	6700869.57	-6753.77173
349628.007	6701120.32	-6829.81317
348237.013	6702199.34	-6750.99662
347167.042	6703029.51	-6752.18606
346207.446	6703773.95	-6753.35379
344609.192	6705013.61	-6749.95529
344588.849	6705029.39	-6750.59337
343160.494	6706137.04	-6753.49201
342107.457	6706953.49	-6752.4939
340880.075	6707904.97	-6754.44355
339951.49	6708624.62	-6749.84698
339144.441	6709250.08	-6752.8968
399363.636	6663158.84	-6550.95532
398144.493	6664070.85	-6589.19862
397081.919	6664865.91	-6602.9644
396344.404	6665418.32	-6553.35603
395545.455	6666015.92	-6582.11691
394319.628	6666933.35	-6566.23685
392932.189	6667971.51	-6587.4484
392161.051	6668548.57	-6602.11871
391009.264	6669411.4	-6549.85909
390510.72	6669785.16	-6499.31888
389066.363	6670867.19	-6510.91923
387959.268	6671697.26	-6518.12165
386793.325	6672572.29	-6508.17725
385990.61	6673174.73	-6608.75937
385039.518	6673890.58	-6508.76144
384090.909	6674604.49	-6574.43468
382929.043	6675480.67	-6577.66665
381486.451	6676570.91	-6595.60841
380925.975	6676995.87	-6498.86765
379821.809	6677832.33	-6603.77055
379059.275	6678411.14	-6587.2379
377659.875	6679475.2	-6568.58058
376535.707	6680331.84	-6510.09395
375591.047	6681052.25	-6570.85895
374934.077	6681554.11	-6601.08232
373842.125	6682389.1	-6583.42562
372611.164	6683332.42	-6514.07332
371640.734	6684077.24	-6596.25021
370101.745	6685260.58	-6606.01247
370101.368	6685260.87	-6605.92415
368564.941	6686445.03	-6594.72913
367570.827	6687212.15	-6513.44677
366385.033	6688128.5	-6579.17067
365266.815	6688993.48	-6602.34375
364699.773	6689431.96	-6510.79193
363584.124	6690295.85	-6590.5462
362517.461	6691121.56	-6508.46634
361117.256	6692206.12	-6503.08381
360426.359	6692741.87	-6606.19308
359364.87	6693564.02	-6503.47129
358672.252	6694100.91	-6512.51409
357343.285	6695131.61	-6553.37975
356090.909	6696103.21	-6581.79659
355338.422	6696686.73	-6508.67759
354430.179	6697391.49	-6494.91263
353599.614	6698036.61	-6596.22368
352206.894	6699117.15	-6508.69913
351153.351	6699935.28	-6591.63186
349949.247	6700869.37	-6505.86374
349472.042	6701240.19	-6602.26405
348275.235	6702168.7	-6560.25893
347181.818	6703016.99	-6548.43366
346168.204	6703803.56	-6591.41174
344608.623	6705012.74	-6493.89082
344595.902	6705023.17	-6603.92628
343160.263	6706135.95	-6504.92298
342142.806	6706925.07	-6554.32946
340871.811	6707910.54	-6590.42656
339819.588	6708726.1	-6602.63932
339157.771	6709238.52	-6509.93891
399363.636	6663161.15	-6330.34992
398146.554	6664071.86	-6343.62219
397082.761	6664867.89	-6349.36651
396357.134	6665411.07	-6331.75179
395545.455	6666018.38	-6340.76173
394325.04	6666931.62	-6335.87797
392932.21	6667973.89	-6343.73675
392162.51	6668549.93	-6349.12099
391147.043	6669310.12	-6349.43475
390511.481	6669786.94	-6247.17138
389034.908	6670892.27	-6340.51659
388009.436	6671661.13	-6341.25949
386777.766	6672585.3	-6343.92771
385991.418	6673176.11	-6350.89203
385052.843	6673882.28	-6275.09061
384090.909	6674606.12	-6338.19769
382932.621	6675479.49	-6339.82187
381486.608	6676572.23	-6346.49863
380927.262	6676996.31	-6245.6566
379822.478	6677833.1	-6348.82382
379059.553	6678412.06	-6342.98875
377654.028	6679480.55	-6336.4693
376616.032	6680271.16	-6345.4371
375589.449	6681054.08	-6336.75444
374934.123	6681554.62	-6348.03076
373842.864	6682388.89	-6341.66046
372606.721	6683335.99	-6286.16885
371640.757	6684077.25	-6346.41606
370101.618	6685260.48	-6349.91625
370101.248	6685260.77	-6349.86605
368564.716	6686444.83	-6345.94432
367575.903	6687207.79	-6286.23407
366382.888	6688129.59	-6340.07537
365266.76	6688992.82	-6348.46512
364674.44	6689451.06	-6339.96349
363583.831	6690295.27	-6344.56028
362548.132	6691097.18	-6333.97741
361117.055	6692205.25	-6253.52239
360425.776	6692741.23	-6349.75616
359363.725	6693563.76	-6253.64634
358672.159	6694099.83	-6269.34535
357341.168	6695132.15	-6331.10932
356090.909	6696101.99	-6340.96184
355385.883	6696649.05	-6341.42856
354429.93	6697390.36	-6239.10526
353599.012	6698035.8	-6346.37903
352194.658	6699125.44	-6275.36148
351153.346	6699934.02	-6344.53973
349972.705	6700850.33	-6344.53002
349471.6	6701239.23	-6348.85036
348286.076	6702159.13	-6334.52079
347181.818	6703015.86	-6329.29385
346167.345	6703802.95	-6344.3601
344599.988	6705018.7	-6350.43875
344594.935	6705022.61	-6349.07031
343105.43	6706177.65	-6346.82845
342152.196	6706916.65	-6331.69296
340870.74	6707910.11	-6344.42505
339819.374	6708724.97	-6348.47932
339141.455	6709250.26	-6332.9968
399363.636	6663163.46	-6110.39702
398148.702	6664072.81	-6098.54919
397083.49	6664869.98	-6095.74261
396360.355	6665410.96	-6108.83711
395545.455	6666020.85	-6099.53404
394326.259	6666933.03	-6105.89733
392932.356	6667976.19	-6100.05112
392163.899	6668551.36	-6096.09514
391148.332	6669311.61	-6092.90576
390511.467	6669787.44	-6195.54598
389035.668	6670893.85	-6100.47487
388009.831	6671662.9	-6101.80657
386779.793	6672585.78	-6098.1706
385992.268	6673177.5	-6093.05237
385054.437	6673881.89	-6166.12821
384090.909	6674607.78	-6102.47451
382933.543	6675480.35	-6102.84356
381486.827	6676573.54	-6097.37996
380927.378	6676996.49	-6199.07287
379823.156	6677833.9	-6093.97362
379059.688	6678413.13	-6098.95678
377654.001	6679481.5	-6104.59498
376616.194	6680271.87	-6097.92878
375590.123	6681054.2	-6104.21686
374934.253	6681555.1	-6095.02467
373843.205	6682389	-6100.58528
372576.868	6683359.02	-6108.71119
371640.788	6684077.26	-6096.7011
370101.495	6685260.39	-6093.86497
370101.134	6685260.67	-6093.85569
368564.516	6686444.62	-6097.28174
367576.126	6687207.37	-6154.05499
366382.265	6688129.5	-6101.9048
365266.582	6688992.26	-6094.63032
364673.603	6689450.99	-6101.49768
363583.671	6690294.57	-6098.62326
362548.563	6691096.01	-6106.5248
361117.087	6692204.96	-6189.25833
360425.213	6692740.54	-6093.38669
359363.55	6693563.6	-6190.48686
358672.182	6694099.35	-6173.93664
357340.448	6695131.59	-6109.34049
356090.909	6696100.76	-6100.22294
355384.636	6696648.77	-6099.87854
354429.868	6697390.24	-6205.37032
353598.401	6698034.97	-6096.6479
352194.165	6699125.25	-6165.76793
351153.116	6699932.91	-6097.54598
349971.222	6700850.21	-6099.24645
349471.247	6701238.19	-6095.4391
348285.542	6702158.36	-6106.66632
347181.818	6703014.72	-6110.63046
346166.596	6703802.25	-6097.62167
344599.228	6705017.95	-6093.55368
344593.965	6705022.04	-6094.29436
343104.806	6706176.84	-6097.15103
342152.524	6706915.24	-6108.67674
340869.725	6707909.63	-6098.63019
339819.018	6708723.94	-6094.37318
339140.372	6709249.94	-6107.51674
399363.636	6663165.78	-5889.27304
398150.978	6664073.68	-5853.38102
397084.099	6664872.17	-5842.03857
396354.477	6665417.66	-5886.82124
395545.455	6666023.34	-5858.3512
394322.71	6666938.03	-5876.11732
392932.626	6667978.43	-5856.10248
392165.22	6668552.86	-5842.89911
391149.723	6669313.04	-5836.40177
390512.367	6669789.15	-5943.31612
389067.842	6670871.29	-5930.46095
387959.766	6671701.99	-5924.98421
386798.763	6672572.92	-5933.20354
385993.151	6673178.9	-5835.18925
385046.891	6673889.33	-5932.92658
384090.909	6674609.48	-5866.51266
382931.804	6675483.26	-5864.74492
381487.111	6676574.84	-5848.17449
380928.258	6676997.29	-5945.91815
379823.846	6677834.74	-5839.11502
379059.67	6678414.36	-5854.86465
377659.604	6679478.2	-5872.29853
376535.881	6680333.62	-5933.11209
375593.277	6681052.45	-5870.7276
374934.466	6681555.54	-5842.00636
373843.146	6682389.44	-5858.87059
372610.445	6683333.42	-5927.07966
371640.825	6684077.29	-5846.88547
370101.378	6685260.31	-5837.775
370101.025	6685260.58	-5837.80789
368564.342	6686444.39	-5848.48189
367571.622	6687210.41	-5927.64184
366383.149	6688128.24	-5862.79658
365266.283	6688991.77	-5840.78678
364697.62	6689431.9	-5931.16708
363583.644	6690293.75	-5852.59631
362519.012	6691118.24	-5933.16334
361116.69	6692204.22	-5939.64716
360424.671	6692739.82	-5837.00692
359362.931	6693562.9	-5940.71287
358672.213	6694098.15	-5930.80759
357341.208	6695129.87	-5886.90123
356090.909	6696099.51	-5859.48261
355336.072	6696685.59	-5932.90235
354429.239	6697389.39	-5949.58093
353597.782	6698034.14	-5846.79283
352204.837	6699115.76	-5933.19232
351152.654	6699931.98	-5850.54375
349945.854	6700869.06	-5938.07718
349470.985	6701237.06	-5841.97399
348273.98	6702166.14	-5880.24273
347181.818	6703013.58	-5891.79887
346165.98	6703801.43	-5850.80876
344607.435	6705010.84	-5949.55885
344592.995	6705021.46	-5839.49074
343159.304	6706133.76	-5938.9654
342143.835	6706920.82	-5886.22051
340868.757	6707909.1	-5852.53181
339818.524	6708723.01	-5840.27008
339155.051	6709237.67	-5932.04103
399363.636	6663168.18	-5661.8687
398160.849	6664068.04	-5687.82825
397213.423	6664776.94	-5694.04327
396346.901	6665425.35	-5692.39445
395469.576	6666081.88	-5686.71329
394307.862	6666951.05	-5689.47968
392965.845	6667955.27	-5687.24102
392243.626	6668495.68	-5692.77694
391034.529	6669400.67	-5692.49134
390513.233	6669790.91	-5691.28642
389070.78	6670871.32	-5687.33918
387959.743	6671704.12	-5685.92831
386801.158	6672573.18	-5687.87383
385994.063	6673180.32	-5577.25207
385027.266	6673905.95	-5691.25941
384038.764	6674650.1	-5684.99122
382911.829	6675499.54	-5687.76129
381459.441	6676596.74	-5691.7526
380929.28	6676998.02	-5692.83565
379824.548	6677835.61	-5584.14303
379087.501	6678394.07	-5688.89429
377678.706	6679464.45	-5688.83302
376536.032	6680334.37	-5688.32427
375572.24	6681069.03	-5687.74417
375056.71	6681462.53	-5690.50272
373835.391	6682395.67	-5687.6341
372619.325	6683326.81	-5690.09415
371640.89	6684077.31	-5596.76266
370101.266	6685260.23	-5581.56284
370100.921	6685260.49	-5581.6388
368564.153	6686444.17	-5599.31117
367559.53	6687219.29	-5691.44122
366395.073	6688118.6	-5687.71713
365395.183	6688891.69	-5693.45179
364695.859	6689432.52	-5687.58585
363654.424	6690238.39	-5687.56
362489.658	6691140.06	-5692.33209
361116.342	6692203.42	-5690.18256
360424.148	6692739.07	-5580.53927
359362.151	6693562.32	-5690.99259
358672.207	6694096.95	-5687.63943
357348.002	6695123.47	-5665.06087
356090.909	6696098.24	-5618.66117
355335.484	6696684.75	-5687.83795
354428.7	6697388.46	-5693.86536
353586.814	6698041.82	-5690.17413
352234.259	6699091.65	-5692.22334
351223.657	6699876.02	-5690.02757
349944.412	6700868.87	-5690.08594
349626.81	6701114.94	-5614.53192
348237.116	6702193.76	-5691.71625
347181.818	6703012.42	-5670.81988
346203.518	6703771.46	-5688.47955
344606.836	6705009.96	-5693.50054
344584.089	6705027.59	-5692.17142
343158.632	6706132.98	-5690.349
342107.593	6706947.9	-5690.55763
340875.054	6707903.37	-5688.93827
339949.453	6708620.78	-5693.47988
339135.847	6709251.3	-5690.33287
399363.636	6663170.21	-5470.45714
398163.332	6664068.77	-5442.49265
397214.394	6664778.91	-5438.23987
396351.798	6665424.34	-5439.11049
395469.789	6666084.26	-5442.82566
394307.953	6666953.54	-5441.99085
392965.914	6667957.67	-5445.57475
392245.499	6668496.8	-5440.61686
391036.329	6669401.82	-5436.89748
390514.066	6669792.72	-5439.36287
389071.666	6670872.92	-5443.06161
387959.945	6671706.11	-5446.3513
386803.511	6672573.52	-5442.3935
385994.293	6673180.34	-5554.03487
385030.956	6673905.15	-5440.19855
384038.921	6674651.77	-5445.32789
382912.573	6675500.67	-5444.15061
381459.823	6676598.05	-5440.05616
380930.451	6676998.69	-5439.73444
379824.618	6677835.77	-5546.20928
379087.709	6678395.2	-5441.96417
377678.72	6679465.53	-5442.36334
376536.111	6680335.21	-5443.52922
375573.375	6681068.9	-5443.2349
375056.793	6681463.13	-5440.18421
373835.806	6682395.78	-5443.68412
372619.352	6683327.02	-5441.13031
371640.893	6684077.32	-5534.5348
370101.251	6685260.22	-5549.73824
370100.909	6685260.48	-5549.61212
368564.117	6686444.1	-5532.18484
367559.371	6687218.92	-5439.7403
366394.415	6688118.52	-5443.62107
365394.931	6688891.16	-5437.54587
364694.889	6689432.52	-5443.29472
363654.35	6690237.61	-5444.21481
362489.194	6691139.44	-5438.81925
361116.036	6692202.58	-5440.78174
360311.123	6692825.95	-5437.446
359361.224	6693561.82	-5441.2429
358672.172	6694095.76	-5444.41984
357347.952	6695122.47	-5466.06661
356090.909	6696097.68	-5511.48491
355334.469	6696684.23	-5442.55234
354428.254	6697387.44	-5438.15882
353586.319	6698040.88	-5441.3438
352234.71	6699089.95	-5439.04683
351223.246	6699875.02	-5440.51304
349942.976	6700868.67	-5442.01138
349626.542	6701114.63	-5517.56755
348236.259	6702193.09	-5439.77828
347181.818	6703011.3	-5460.07634
346202.585	6703770.88	-5441.89145
344606.249	6705009.06	-5437.48916
344582.939	6705027.14	-5438.36564
343158.185	6706132.02	-5441.70794
342107.358	6706946.77	-5440.63394
340873.914	6707902.97	-5442.90639
339948.972	6708619.82	-5437.37641
339133.427	6709251.88	-5440.81907
399363.636	6663172.63	-5243.44324
398156.492	6664075.65	-5277.00234
397085.794	6664876.7	-5290.96152
396386.456	6665400.94	-5198.3791
395545.455	6666029.46	-5270.73744
394324.243	6666943.29	-5254.9771
392932.804	6667984.16	-5276.74336
392168.144	6668556.2	-5290.37876
391037.941	6669403.14	-5181.34049
390514.865	6669794.59	-5187.45477
389070.261	6670876.26	-5199.94786
387960.346	6671707.98	-5207.22963
386805.769	6672573.96	-5197.27311
385995.164	6673181.83	-5296.09764
385054.421	6673889.45	-5198.62544
384090.909	6674613.99	-5263.44568
382933.92	6675485.82	-5267.85461
381487.554	6676578.1	-5284.09374
380931.772	6676999.28	-5186.5254
379825.388	6677836.64	-5291.17677
379059.866	6678417.23	-5275.60451
377659.947	6679480.64	-5259.1016
376536.119	6680336.13	-5198.69255
375595.945	6681052.26	-5259.68139
374934.826	6681556.68	-5288.80068
373844.098	6682389.76	-5272.49066
372610.465	6683334.07	-5204.07492
371640.926	6684077.38	-5284.41503
370101.147	6685260.14	-5293.52675
370100.81	6685260.4	-5293.44103
368563.912	6686443.9	-5283.03694
367571.531	6687209.09	-5203.4432
366381.599	6688127.99	-5268.7099
365265.843	6688990.53	-5290.00465
364694.783	6689431.84	-5199.75275
363583.243	6690292.07	-5279.196
362518.431	6691115.86	-5197.8814
361115.771	6692201.68	-5191.38567
360423.45	6692738.29	-5293.5501
359360.149	6693561.42	-5191.39331
358672.107	6694094.57	-5201.16313
357339.601	6695127.78	-5244.73913
356090.909	6696096.39	-5270.61555
355332.97	6696684.08	-5197.61347
354427.898	6697386.34	-5182.39747
353596.435	6698032.19	-5284.41115
352204.616	6699112.02	-5198.0784
351152.034	6699929.43	-5279.85677
349941.551	6700868.45	-5193.8631
349470.163	6701234.78	-5290.16984
348270.991	6702165.13	-5251.68623
347181.818	6703010.12	-5239.13442
346164.326	6703799.69	-5279.39769
344605.673	6705008.15	-5181.46299
344590.828	6705020.25	-5291.4698
343157.965	6706130.87	-5192.99854
342143.441	6706917.76	-5244.69178
340866.285	6707908.02	-5279.20195
339817.684	6708720.8	-5290.23348
339149.877	6709237.87	-5198.96964
399363.636	6663174.99	-5021.9067
398158.639	6664076.65	-5031.96421
397086.661	6664878.74	-5037.21631
396374.705	6665411.6	-5022.95459
395545.455	6666032	-5029.63078
394330.331	6666941.12	-5025.73418
392932.869	6667986.62	-5032.69274
392169.654	6668557.64	-5037.10967
391153.698	6669317.94	-5036.7913
390515.633	6669796.5	-4935.46904
389040.02	6670900.54	-5029.23047
388011.601	6671671.18	-5030.67633
386789.549	6672587.58	-5032.14773
385996.072	6673183.34	-5038.23402
385065.564	6673882.99	-4965.0634
384090.909	6674615.82	-5027.54366
382937.213	6675485.07	-5029.59555
381487.759	6676579.6	-5034.84232
380933.234	6676999.81	-4933.11906
379826.169	6677837.55	-5036.34293
379060.152	6678418.35	-5031.56477
377655.159	6679485.36	-5026.57462
376616.972	6680275.23	-5033.89492
375594.505	6681054.11	-5026.31986
374934.915	6681557.3	-5035.79309
373844.872	6682389.63	-5030.7362
372576.88	6683360	-5022.39866
371640.988	6684077.43	-5034.59559
370101.049	6685260.07	-5037.43529
370100.717	6685260.32	-5037.39335
368563.694	6686443.71	-5034.22031
367576.055	6687205.16	-4976.99797
366379.673	6688128.88	-5029.50521
365265.763	6688989.84	-5036.17183
364669.347	6689450.97	-5029.04206
363582.954	6690291.42	-5033.14374
362547.538	6691092.64	-5024.34554
361115.553	6692200.73	-4941.91771
360422.82	6692737.58	-5037.18415
359358.91	6693561.13	-4941.35383
358672.003	6694093.4	-4957.84901
357337.236	6695128.42	-5022.25476
356090.909	6696095.09	-5029.91464
355379.198	6696647.29	-5030.1781
354427.623	6697385.16	-4926.51799
353595.785	6698031.34	-5034.54065
352193.362	6699119.5	-4965.59198
351152.005	6699928.12	-5032.89129
349964.549	6700849.74	-5033.27386
349469.711	6701233.77	-5036.68339
348280.384	6702156.63	-5025.04703
347181.818	6703008.95	-5020.43174
346163.423	6703799.08	-5032.65747
344596.095	6705014.81	-5037.87416
344589.815	6705019.68	-5036.68104
343102.116	6706173.34	-5035.06979
342152.052	6706909.91	-5022.40002
340865.222	6707907.55	-5033.05507
339817.443	6708719.66	-5036.1497
339133.276	6709249.82	-5023.2351
399363.636	6663177.36	-4801.04006
398160.931	6664077.54	-4787.46301
397087.404	6664880.88	-4783.4387
396377.231	6665412.08	-4799.47522
395545.455	6666034.54	-4788.65074
394331.045	6666942.99	-4796.40298
392933.054	6667989	-4788.6236
392171.095	6668559.15	-4783.79487
391155.07	6669319.49	-4780.42038
390515.624	6669797.03	-4882.99772
389041.164	6670901.97	-4789.9789
388011.95	6671673.16	-4790.7774
386791.84	6672588.05	-4787.03832
385997.007	6673184.87	-4780.39358
385066.44	6673883.23	-4856.44364
384090.909	6674617.68	-4792.14112
382937.945	6675486.28	-4791.94408
381488.028	6676581.1	-4785.56674
380933.306	6677000.06	-4887.37929
379826.964	6677838.49	-4781.60346
379060.285	6678419.63	-4787.73786
377655.753	6679486.01	-4794.27141
376617.158	6680276.1	-4786.31091
375595.633	6681054.02	-4794.32488
374935.087	6681557.88	-4782.82868
373845.261	6682389.82	-4789.51599
372606.699	6683337.36	-4844.93141
371641.058	6684077.49	-4784.86983
370100.957	6685260	-4781.38086
370100.63	6685260.25	-4781.38476
368563.503	6686443.5	-4785.50022
367575.853	6687205.06	-4844.83402
366379.191	6688128.65	-4791.01746
365265.562	6688989.24	-4782.37894
364668.354	6689450.97	-4790.93683
363582.795	6690290.64	-4787.12329
362546.7	6691092.38	-4796.92767
361115.565	6692200.42	-4877.14836
360422.207	6692736.83	-4780.88081
359358.796	6693560.9	-4879.11729
358672.045	6694092.87	-4863.09539
357336.6	6695127.72	-4800.02428
356090.909	6696093.77	-4789.30563
355377.946	6696646.95	-4789.03838
354427.513	6697385.06	-4893.06921
353595.127	6698030.49	-4784.76023
352193.884	6699118.49	-4855.87646
351151.74	6699926.99	-4786.01715
349963.027	6700849.59	-4787.7045
349469.352	6701232.68	-4783.19243
348278.818	6702156.61	-4796.84542
347181.818	6703007.78	-4801.99186
346162.662	6703798.34	-4786.21285
344595.321	6705014.03	-4780.99021
344588.801	6705019.1	-4781.96444
343101.474	6706172.5	-4785.22054
342151.527	6706909.13	-4799.62953
340864.203	6707907.04	-4787.05369
339817.065	6708718.61	-4782.11593
339131.502	6709250.01	-4798.51152
399363.636	6663179.75	-4578.39591
398163.415	6664078.31	-4542.78284
397088.016	6664883.14	-4529.57553
396392.718	6665402.38	-4622.35957
395545.455	6666037.1	-4547.70777
394325.629	6666949.46	-4567.7586
392933.35	6667991.32	-4544.28142
392172.464	6668560.74	-4530.29813
391156.549	6669320.99	-4524.07083
390516.524	6669798.87	-4630.95952
389072.348	6670880.27	-4619.23111
387960.834	6671713.13	-4614.51361
386811.86	6672574.54	-4621.2721
385997.965	6673186.42	-4522.52527
385059.478	6673890.43	-4621.87512
384090.909	6674619.58	-4556.39984
382936.336	6675489.31	-4552.998
381488.365	6676582.59	-4536.1901
380934.368	6677000.95	-4634.07377
379827.774	6677839.46	-4526.85174
379060.264	6678421.07	-4543.82628
377661.392	6679482.87	-4561.27451
376536.352	6680338.26	-4621.92164
375599.393	6681051.95	-4561.13901
374935.341	6681558.43	-4529.84961
373845.309	6682390.29	-4547.53549
372611.062	6683334.28	-4616.99983
371641.136	6684077.56	-4535.01818
370100.87	6685259.94	-4525.27935
370100.551	6685260.18	-4525.33058
368563.335	6686443.28	-4536.61976
367570.762	6687208.54	-4617.72357
366380.013	6688127.41	-4551.42055
365265.243	6688988.73	-4528.57284
364692.248	6689431.94	-4619.83802
363582.761	6690289.76	-4540.99967
362516.42	6691115.1	-4622.63064
361115.155	6692199.59	-4627.65907
360421.611	6692736.05	-4524.56145
359358.082	6693560.17	-4629.16805
358672.068	6694091.57	-4619.83151
357338.094	6695125.34	-4577.16341
356090.909	6696092.44	-4548.68673
355330.568	6696682.78	-4621.21149
354426.879	6697384.15	-4637.23346
353594.461	6698029.63	-4534.83693
352206.331	6699107.56	-4622.75128
351151.239	6699926.04	-4539.12459
349938.052	6700868.1	-4626.74455
349469.088	6701231.51	-4529.64162
348266.122	6702165.23	-4570.06178
347181.818	6703006.59	-4583.42905
346162.052	6703797.48	-4539.64761
344604.466	6705006.16	-4637.00633
344587.788	6705018.51	-4527.2112
343156.91	6706128.67	-4627.41942
342141.601	6706915.64	-4577.68551
340863.216	6707906.49	-4540.72384
339816.556	6708717.66	-4528.0807
339144.175	6709239.26	-4621.77394
399363.636	6663182.22	-4347.97869
398174.703	6664071.65	-4376.30166
397218.636	6664786.98	-4381.64308
396370.65	6665421.48	-4379.65718
395470.789	6666094.79	-4375.33983
394306.924	6666965.46	-4378.53233
392966.144	6667968.55	-4376.3512
392253.356	6668501.77	-4380.85611
391043.827	6669406.81	-4379.92466
390517.391	6669800.77	-4379.11752
389075.635	6670880.19	-4376.05144
387960.873	6671715.37	-4375.20055
386814.588	6672574.74	-4376.29822
385998.937	6673188	-4264.57863
385045.782	6673902.8	-4378.772
384039.686	6674659.63	-4374.06264
382915.747	6675506.19	-4376.59873
381461.44	6676604.05	-4379.80069
380935.575	6677001.78	-4380.82197
379828.601	6677840.47	-4271.98025
379088.501	6678400.64	-4377.22789
377679.102	6679470.35	-4377.22822
376536.509	6680339.18	-4377.06043
375579.063	6681068.1	-4376.50263
375057.194	6681465.93	-4378.51606
373837.895	6682396.33	-4376.3932
372620.059	6683327.68	-4378.57026
371588.694	6684117.85	-4378.49465
370100.79	6685259.88	-4269.04804
370100.477	6685260.12	-4269.14649
368610.324	6686406.87	-4378.198
367557.393	6687218.39	-4380.0752
366391.491	6688118.11	-4376.43143
365393.811	6688888.94	-4380.96254
364690.348	6689432.61	-4376.2513
363653.994	6690234.04	-4376.40011
362483.682	6691139.43	-4380.71064
361114.793	6692198.71	-4378.30547
360421.031	6692735.23	-4268.14717
359357.209	6693559.55	-4379.26267
358672.056	6694090.28	-4376.52662
357348.402	6695116.14	-4357.12182
356090.909	6696091.1	-4307.97937
355329.988	6696681.87	-4376.33903
354426.331	6697383.15	-4381.46307
353584.232	6698036.7	-4378.4535
352240.676	6699079.57	-4380.71108
351221.421	6699870.68	-4378.13461
349936.564	6700867.9	-4378.51125
349625.209	6701109.11	-4302.31719
348230.529	6702191.81	-4379.51062
347181.818	6703005.4	-4363.09351
346198.495	6703768.33	-4376.84026
344603.861	6705005.25	-4380.99879
344577.972	6705025.32	-4379.85234
343156.25	6706127.84	-4378.67118
342105.035	6706942.93	-4379.46328
340868.839	6707901.26	-4377.52891
339946.885	6708615.87	-4380.96595
339120.874	6709256.03	-4379.16611
399363.636	6663184.21	-4163.4453
398177.317	6664072.34	-4131.28775
397219.637	6664788.99	-4125.72063
396381.531	6665416.04	-4128.69078
395471.012	6666097.24	-4131.68725
394315.496	6666961.24	-4172.37712
392966.229	6667971.03	-4134.40743
392255.334	6668502.93	-4128.38016
391045.702	6669408.03	-4124.52696
390518.222	6669802.71	-4127.37827
389076.259	6670882.14	-4131.75905
387961.11	6671717.5	-4135.50834
386817.178	6672575.08	-4131.14812
385999.188	6673188.02	-4241.36142
385052.764	6673899.72	-4129.55411
384039.839	6674661.51	-4134.52429
382935.539	6675492.67	-4199.03143
381461.896	6676605.54	-4127.96045
380936.934	6677002.54	-4127.53445
379828.687	6677840.65	-4233.47207
379088.739	6678401.96	-4130.46267
377678.28	6679472.25	-4131.16043
376536.596	6680340.18	-4132.18441
375579.856	6681068.38	-4131.85067
375057.305	6681466.65	-4128.24697
373838.45	6682396.46	-4132.4288
372618.137	6683329.48	-4129.95783
371641.248	6684077.65	-4222.69302
370100.781	6685259.87	-4237.23836
370100.469	6685260.11	-4237.11428
368563.118	6686443.01	-4220.48815
367560.899	6687215.2	-4128.4272
366390.672	6688118.12	-4132.39095
365264.799	6688988.16	-4231.54118
364689.409	6689432.52	-4132.03122
363653.922	6690233.18	-4132.97811
362492.815	6691131.3	-4127.2378
361114.47	6692197.77	-4129.01163
360420.967	6692735.13	-4237.33313
359356.188	6693559.02	-4129.31755
358672.012	6694088.99	-4133.17
357344.451	6695118.08	-4157.48411
356090.909	6696090.5	-4200.18121
355328.852	6696681.38	-4131.25488
354425.872	6697382.08	-4125.69417
353583.692	6698035.73	-4129.52512
352231.385	6699085.38	-4127.29664
351220.989	6699869.64	-4128.74164
349935.089	6700867.68	-4130.19995
349625.003	6701108.74	-4205.30155
348234.683	6702187.22	-4128.80583
347181.818	6703004.23	-4149.45289
346161.249	6703796.33	-4214.45992
344603.268	6705004.32	-4125.03339
344576.774	6705024.87	-4126.16461
343155.814	6706126.84	-4129.89481
342107.693	6706939.52	-4128.98434
340867.691	6707900.83	-4131.33524
339946.394	6708614.88	-4124.91816
339122.869	6709253.16	-4128.71528
399363.636	6663186.68	-3935.82597
398169.289	6664080.14	-3964.75659
397089.804	6664887.73	-3978.92613
396407.02	6665399.56	-3888.49464
395545.455	6666043.4	-3959.39831
394328.967	6666953.6	-3944.03281
392933.556	6667997.25	-3965.97603
392175.52	6668564.21	-3978.57937
391159.373	6669324.46	-3980.47301
390519.02	6669804.7	-3875.65236
389074.387	6670885.97	-3889.04543
387961.488	6671719.55	-3896.26618
386819.591	6672575.58	-3886.51038
386000.171	6673189.64	-3983.43332
385070.537	6673888.51	-3888.58204
384090.909	6674624.62	-3952.44869
382939.315	6675491.75	-3958.03847
381488.885	6676586.31	-3972.58306
380938.443	6677003.23	-3874.12263
379829.573	6677841.67	-3978.57177
379060.516	6678424.41	-3963.95916
377660.466	6679486.75	-3949.62636
376536.612	6680341.27	-3887.25737
375601.941	6681052.25	-3948.46271
374935.763	6681559.84	-3976.51304
373846.602	6682390.63	-3961.59657
372609.82	6683336.18	-3894.17451
371641.328	6684077.75	-3972.59919
370100.711	6685259.82	-3981.03929
370100.402	6685260.06	-3980.96111
368562.92	6686442.83	-3971.33039
367572.178	6687206.05	-3893.5413
366378.08	6688127.39	-3958.22831
365264.808	6688987.36	-3977.66787
364689.377	6689431.73	-3888.7711
363582.29	6690287.96	-3967.84385
362519.189	6691109.86	-3887.38981
361114.186	6692196.78	-3879.72309
360420.266	6692734.38	-3980.9076
359355.017	6693558.59	-3879.25724
358671.936	6694087.71	-3889.7696
357335.66	6695123.65	-3936.15505
356090.909	6696089.14	-3959.45242
355327.177	6696681.29	-3886.62981
354425.498	6697380.92	-3869.86348
353593.007	6698027.62	-3972.58651
352202.261	6699106.65	-3887.59135
351150.661	6699923.34	-3968.09966
349933.634	6700867.44	-3881.80248
349468.204	6701229.16	-3978.06246
348266.59	6702161.44	-3943.15944
347181.818	6703003.02	-3930.03228
346160.298	6703795.72	-3967.41734
344602.688	6705003.37	-3869.04796
344585.519	6705017.29	-3979.01806
343155.607	6706125.65	-3881.04123
342144.104	6706910.24	-3935.25091
340860.733	6707905.35	-3967.93261
339815.736	6708715.36	-3977.84035
339142.116	6709236.96	-3888.17938
399363.636	6663189.09	-3713.33158
398171.494	6664081.14	-3720.3789
397090.692	6664889.81	-3725.03165
396392.967	6665411.96	-3714.27711
395545.455	6666046	-3718.55208
394335.549	6666951.13	-3715.73617
392933.665	6667999.77	-3721.57297
392177.073	6668565.73	-3725.0358
391160.714	6669326.13	-3724.17753
390519.786	6669806.73	-3623.84634
389045.443	6670909.36	-3718.07766
388013.913	6671682	-3720.0157
386802.697	6672589.84	-3720.4463
386001.178	6673191.28	-3725.57475
385100.028	6673867.91	-3715.81343
384090.909	6674626.65	-3716.93544
382942.331	6675491.43	-3719.27512
381489.145	6676588.01	-3723.16827
380940.096	6677003.87	-3620.49863
379830.475	6677842.72	-3723.87085
379060.809	6678425.74	-3720.16636
377656.702	6679490.87	-3716.62226
376618.089	6680280.09	-3722.34552
375600.66	6681054.12	-3715.95877
374935.897	6681560.58	-3723.55886
373847.412	6682390.6	-3719.80391
372576.552	6683361.91	-3713.25663
371641.435	6684077.85	-3722.78167
370100.649	6685259.77	-3724.95265
370100.342	6685260.01	-3724.92264
368562.714	6686442.65	-3722.48192
367576.165	6687202.54	-3667.83
366376.36	6688128.09	-3718.88323
365264.703	6688986.65	-3723.88368
364663.821	6689450.89	-3718.17886
363582.002	6690287.23	-3721.71715
362546.707	6691087.83	-3714.71531
361113.95	6692195.73	-3630.36176
360419.582	6692733.59	-3724.61875
359353.682	6693558.25	-3628.98712
358707.142	6694059.51	-3721.80172
357333.098	6695124.37	-3713.33938
356090.909	6696087.76	-3718.89462
355372.122	6696645.45	-3718.99861
354425.2	6697379.7	-3613.90866
353592.312	6698026.75	-3722.69222
352216.301	6699094.78	-3713.50452
351150.606	6699922	-3721.26645
349956.139	6700849.08	-3721.96134
349467.742	6701228.11	-3724.49998
348274.5	6702154.04	-3715.54506
347181.818	6703001.81	-3711.63619
346159.354	6703795.1	-3721.00851
344592.148	6705010.76	-3725.30872
344584.462	6705016.71	-3724.30191
343098.712	6706168.9	-3723.27799
342151.852	6706903.02	-3713.17119
340859.679	6707904.84	-3721.64136
339815.47	6708714.21	-3723.83501
339124.93	6709249.34	-3713.66145
399363.636	6663191.5	-3491.40179
398173.94	6664081.96	-3476.56752
397091.443	6664892	-3471.09896
396394.961	6665412.91	-3489.54828
395545.455	6666048.61	-3477.83058
394335.53	6666953.61	-3487.04106
392933.888	6668002.22	-3477.11412
392178.553	6668567.31	-3471.43082
391162.163	6669327.74	-3467.97926
390519.779	6669807.3	-3570.44584
389047.054	6670910.58	-3479.69368
387961.877	6671722.76	-3542.75064
386805.29	6672590.26	-3476.12176
386002.199	6673192.94	-3467.73492
385080.047	6673884.47	-3546.63663
384090.909	6674628.72	-3481.89997
382942.926	6675492.98	-3480.87467
381489.473	6676589.71	-3473.71369
380940.124	6677004.19	-3575.71065
379831.395	6677843.8	-3469.26284
379060.937	6678427.24	-3476.58136
377657.824	6679491.31	-3483.80733
376536.671	6680342.76	-3555.70563
375602.301	6681053.78	-3484.61246
374936.112	6681561.27	-3470.64562
373847.863	6682390.87	-3478.39085
372606.918	6683338.94	-3535.56941
371641.549	6684077.96	-3473.0318
370100.594	6685259.73	-3468.89495
370100.291	6685259.96	-3468.91474
368562.536	6686442.46	-3473.7048
367575.536	6687202.77	-3535.55558
366375.991	6688127.75	-3480.05576
365264.479	6688986.01	-3470.13531
364662.647	6689450.97	-3480.46341
363581.841	6690286.38	-3475.60548
362544.63	6691088.44	-3487.33612
361113.944	6692195.41	-3565.0322
360418.913	6692732.77	-3468.38851
359353.629	6693557.96	-3567.74209
358671.882	6694085.87	-3552.25034
357332.636	6695123.45	-3490.57982
356090.909	6696086.38	-3478.42409
355370.891	6696645.02	-3478.30798
354425.046	6697379.63	-3580.76021
353591.609	6698025.88	-3472.86482
352193.681	6699111.39	-3545.94913
351150.308	6699920.85	-3474.51749
349931.606	6700867.24	-3563.80464
349467.38	6701226.98	-3470.9267
348271.93	6702154.76	-3486.85938
347181.818	6703000.6	-3493.3666
346158.591	6703794.33	-3474.87362
344591.364	6705009.95	-3468.42709
344583.408	6705016.13	-3469.64991
343098.052	6706168.05	-3473.25258
342150.452	6706902.89	-3490.61046
340858.658	6707904.29	-3475.44275
339815.074	6708713.14	-3469.87544
339122.371	6709250.12	-3489.61079
399363.636	6663193.94	-3267.0385
398176.673	6664082.58	-3232.45425
397092.052	6664894.32	-3217.07617
396411.167	6665402.72	-3311.01089
395471.841	6666105.52	-3307.50723
394327.739	6666961.9	-3259.74833
392934.214	6668004.61	-3232.37849
392261.666	6668506.74	-3321.5748
391051.456	6669412.1	-3322.68605
390520.669	6669809.27	-3318.61727
389077.257	6670889.73	-3308.07125
387961.983	6671725.07	-3304.01841
386826.412	6672576.05	-3309.41985
386003.228	6673194.65	-3209.86306
385074.407	6673890.89	-3310.50898
384090.909	6674630.84	-3246.40296
382941.533	6675496.08	-3241.0386
381489.87	6676591.4	-3224.14394
380941.382	6677005.18	-3322.23102
379832.334	6677844.92	-3214.63873
379060.908	6678428.89	-3232.8824
377663.312	6679488.48	-3249.95516
376536.905	6680343.76	-3310.73577
375606.776	6681051.32	-3251.82909
374936.406	6681561.94	-3217.71527
373848.037	6682391.37	-3236.11298
372611.699	6683335.64	-3306.79133
371641.675	6684078.08	-3223.13101
370100.549	6685259.7	-3212.78262
370100.249	6685259.93	-3212.85228
368562.38	6686442.25	-3224.745
367569.829	6687206.72	-3307.71144
366376.728	6688126.55	-3239.96154
365264.14	6688985.46	-3216.36996
364686.379	6689432.03	-3308.52624
363653.68	6690230.16	-3308.70521
362513.673	6691111.59	-3312.00554
361113.52	6692194.48	-3315.67469
360418.257	6692731.92	-3212.13658
359352.819	6693557.2	-3317.60349
358671.898	6694084.47	-3308.84045
357335.108	6695120.24	-3267.33013
356090.909	6696084.98	-3237.93367
355324.787	6696679.83	-3309.57089
354424.41	6697378.65	-3324.87432
353590.899	6698025	-3222.87749
352208.004	6699098.95	-3312.21721
351219.505	6699866.25	-3315.59311
349930.048	6700867.06	-3315.3667
349624.254	6701103.97	-3243.88794
348258.46	6702163.94	-3259.31443
347181.818	6702999.39	-3275.0358
346157.996	6703793.42	-3228.56485
344601.47	6705001.32	-3324.46025
344572.827	6705023.51	-3321.19177
343154.461	6706123.44	-3315.84805
342139.224	6706910.39	-3269.19458
340857.659	6707903.73	-3228.89559
339814.552	6708712.18	-3215.9101
339132.739	6709241.13	-3311.48639
399363.636	6663196.49	-3034.12645
398189.34	6664074.93	-3064.8521
397223.986	6664797.21	-3069.21631
396398.529	6665414.84	-3066.94762
395472.034	6666108.03	-3064.0176
394303.905	6666981.82	-3067.39023
392966.511	6667982.26	-3065.40544
392263.438	6668508.13	-3068.86566
391053.584	6669413.22	-3067.3979
390521.524	6669811.28	-3066.98088
389080.91	6670889.51	-3064.77379
387962.077	6671727.43	-3064.45353
386829.511	6672576.15	-3064.79842
386004.256	6673196.39	-2951.9087
385066.626	6673899.03	-3066.48002
384040.725	6674670.26	-3063.1578
382920.168	6675513.7	-3065.43564
381463.831	6676612.32	-3067.82816
380942.788	6677006.11	-3068.78636
379833.295	6677846.07	-2959.8893
379089.59	6678408.3	-3065.58497
377679.496	6679477.28	-3065.63245
376537.068	6680344.84	-3065.78623
375587.316	6681066.9	-3065.23856
375057.783	6681470.02	-3066.53542
373841.023	6682397.18	-3065.1471
372620.524	6683329.29	-3066.85741
371589.088	6684118.49	-3066.72179
370102.549	6685258.13	-3068.55032
370098.211	6685261.46	-3068.52707
368609.651	6686405.68	-3066.48212
367555.014	6687217.67	-3068.43473
366387.763	6688117.57	-3065.14265
365392.353	6688885.99	-3068.47789
364684.332	6689432.75	-3064.92543
363653.527	6690229.29	-3065.23106
362477.589	6691138.39	-3068.8123
361113.143	6692193.49	-3066.4434
360307.127	6692817.13	-3068.18711
359351.853	6693556.54	-3067.49827
358671.878	6694083.09	-3065.38818
357349.543	6695107.77	-3049.1436
356090.909	6696083.58	-2997.34653
355324.228	6696678.84	-3064.88451
354423.857	6697377.6	-3069.04569
353581.45	6698031.43	-3066.71197
352247.914	6699066.59	-3068.91208
351219.101	6699865.15	-3066.26687
349928.524	6700866.84	-3066.88893
349495.616	6701202.66	-3042.72014
348225.729	6702188.26	-3067.22204
347181.818	6702998.16	-3055.53194
346193.324	6703765.1	-3065.24664
344600.862	6705000.37	-3068.50604
344571.618	6705023.05	-3067.55595
343153.816	6706122.57	-3066.96585
342102.101	6706938.07	-3068.08443
340862.588	6707899.02	-3066.0856
339944.263	6708610.84	-3068.46336
339104.074	6709262.03	-3067.7944
399363.636	6663198.43	-2856.16224
398192.061	6664075.57	-2820.14862
397225.007	6664799.25	-2813.17559
396409.542	6665409.32	-2818.5262
395472.266	6666110.52	-2820.6076
394317.283	6666974.09	-2858.75717
392934.384	6668008.07	-2900.00257
392265.505	6668509.31	-2816.0726
391055.519	6669414.5	-2812.21335
390522.344	6669813.34	-2815.44381
389081.133	6670891.89	-2820.45332
387962.338	6671729.69	-2824.62493
386832.318	6672576.51	-2819.98233
386004.542	6673196.41	-2928.68391
385074.296	6673895.65	-2819.07524
384040.867	6674672.37	-2823.75575
382941.609	6675499.1	-2889.40547
381464.375	6676614	-2815.82618
380944.346	6677006.97	-2815.28872
379833.395	6677846.28	-2920.70704
379089.858	6678409.83	-2819.01352
377678.163	6679479.75	-2820.06396
376537.162	6680346.01	-2820.81425
375587.588	6681067.74	-2820.43988
375057.923	6681470.87	-2816.32588
373848.698	6682391.8	-2893.93841
372616.915	6683332.49	-2818.99868
371641.841	6684078.24	-2910.88338
370100.508	6685259.67	-2924.736
370100.212	6685259.89	-2924.62133
368562.178	6686442.01	-2908.77414
367562.391	6687211.51	-2817.34932
366386.823	6688117.65	-2821.17356
365263.726	6688984.8	-2919.15266
364683.447	6689432.55	-2820.79035
363653.456	6690228.35	-2821.72591
362496.328	6691122.73	-2815.88943
361112.802	6692192.45	-2817.2692
360417.534	6692730.92	-2924.60485
359350.74	6693555.97	-2817.34245
358671.825	6694081.72	-2821.88321
357340.415	6695113.67	-2849.43425
356090.909	6696082.94	-2888.89195
355322.955	6696678.39	-2820.00871
354423.389	6697376.48	-2813.21138
353580.869	6698030.45	-2817.68549
352227.193	6699081.23	-2815.83302
351218.652	6699864.08	-2817.0004
349927.021	6700866.6	-2818.33576
349623.393	6701102.66	-2893.01352
348232.277	6702181.77	-2817.99562
347181.818	6702996.95	-2839.64279
346157.153	6703792.25	-2902.18262
344600.268	6704999.41	-2812.58884
344570.375	6705022.6	-2813.99264
343153.392	6706121.52	-2818.05168
342125.167	6706918.96	-2845.70305
340856.241	6707903.05	-2903.48253
339943.766	6708609.83	-2812.47285
339113.308	6709253.51	-2816.71825
399363.636	6663200.93	-2628.04715
398182.852	6664084.3	-2652.46905
397093.931	6664898.93	-2666.85644
396427.999	6665398.14	-2578.65401
395545.455	6666057.66	-2648.10547
394333.862	6666964.16	-2633.47965
392934.455	6668010.69	-2655.13851
392183.126	6668572.55	-2666.71553
391166.64	6669332.92	-2667.70658
390523.13	6669815.45	-2563.91798
389053.15	6670914.68	-2645.37827
387962.689	6671731.91	-2585.21944
386834.828	6672577.11	-2575.89929
386005.636	6673198.15	-2670.76658
385087.776	6673887.88	-2578.50619
384090.909	6674636.45	-2641.44769
382945.263	6675498.52	-2648.19376
381490.484	6676595.61	-2661.07152
380946.057	6677007.77	-2561.65116
379834.403	6677847.45	-2665.96125
379061.215	6678432.72	-2652.31112
377661.487	6679493.5	-2640.12595
376537.188	6680347.25	-2575.78134
375609.049	6681052.22	-2637.23016
374936.893	6681563.63	-2664.22334
373849.657	6682391.76	-2650.73166
372609.229	6683338.8	-2584.36338
371641.972	6684078.4	-2660.80208
370100.484	6685259.65	-2668.5497
370100.188	6685259.87	-2668.48459
368561.994	6686441.84	-2659.60707
367572.771	6687203.08	-2583.7341
366374.495	6688126.7	-2647.71659
365263.709	6688983.97	-2665.33506
364658.176	6689451.42	-2645.27431
363581.252	6690283.47	-2656.48951
362519.721	6691103.52	-2576.98523
361112.499	6692191.36	-2568.10174
360416.779	6692730.1	-2668.26722
359349.477	6693555.5	-2567.05632
358671.737	6694080.36	-2578.3267
357331.492	6695119.27	-2627.59486
356090.909	6696081.52	-2648.31349
355321.091	6696678.4	-2575.73159
354423.001	6697375.29	-2557.30903
353589.345	6698022.96	-2660.74835
352199.863	6699101.07	-2577.22779
351149.239	6699917.04	-2656.36376
349925.547	6700866.33	-2569.68305
349623.484	6701101.15	-2639.21304
348262.013	6702157.66	-2634.59897
347181.818	6702995.72	-2621.09929
346156.136	6703791.65	-2655.47653
344599.687	6704998.43	-2556.64625
344579.993	6705014.32	-2666.57305
343153.2	6706120.29	-2569.0503
342144.769	6706902.55	-2625.97492
340855.185	6707902.52	-2656.61887
339813.753	6708709.8	-2665.46098
339111.833	6709253.62	-2627.51525
399363.636	6663203.38	-2404.58077
398185.075	6664085.31	-2408.89894
397094.833	6664901.04	-2412.81193
396411.737	6665412.22	-2405.48119
395545.455	6666060.3	-2407.53045
394340.674	6666961.56	-2405.88183
392934.606	6668013.25	-2410.3732
392184.709	6668574.13	-2412.89711
391168.045	6669334.63	-2411.59967
390502.172	6669832.79	-2410.01959
389051.136	6670918.71	-2407.08786
388016.364	6671693.54	-2409.26878
386817.249	6672592	-2408.86055
386006.738	6673199.92	-2412.91462
385115.032	6673869.11	-2406.439
384090.909	6674638.7	-2406.38829
382948.02	6675498.64	-2408.84035
381490.809	6676597.52	-2411.47019
381046.014	6676933.5	-2412.44718
379835.43	6677848.65	-2411.41662
379061.51	6678434.26	-2408.80787
377658.684	6679497.07	-2406.59224
376619.382	6680285.73	-2410.78148
375607.934	6681054.11	-2405.70689
374937.072	6681564.47	-2411.33202
373850.506	6682391.83	-2408.85078
372576.313	6683364.3	-2404.10439
371642.13	6684078.56	-2410.97237
370100.469	6685259.63	-2412.46797
370100.174	6685259.86	-2412.45409
368561.808	6686441.68	-2410.72693
367576.235	6687199.99	-2358.72828
366372.972	6688127.23	-2408.20311
365263.579	6688983.22	-2411.60317
364657.815	6689450.82	-2407.38588
363580.963	6690282.65	-2410.27901
362545.628	6691082.68	-2405.08278
361112.244	6692190.21	-2318.86176
360416.038	6692729.24	-2412.06401
359348.055	6693555.14	-2316.5412
358706.696	6694052.3	-2410.38622
357328.811	6695120.01	-2404.33991
356090.909	6696080.09	-2407.90785
355364.725	6696643.54	-2407.90644
354422.683	6697374.03	-2301.27715
353588.609	6698022.07	-2410.83367
352215.489	6699087.94	-2404.24823
351149.16	6699915.69	-2409.66789
349947.528	6700848.36	-2410.59002
349465.706	6701222.3	-2412.2984
348268.462	6702151.36	-2405.97287
347181.818	6702994.48	-2402.89211
346155.156	6703791.03	-2409.41955
344588.168	6705006.56	-2412.74293
344578.897	6705013.74	-2411.93481
343095.233	6706164.36	-2411.45087
342151.596	6706896.03	-2403.99208
340854.141	6707901.97	-2410.18757
339813.465	6708708.63	-2411.53587
339116.45	6709248.83	-2404.25102
399363.636	6663205.83	-2181.46931
398187.7	6664086.02	-2165.91044
397095.586	6664903.28	-2158.72408
396413.431	6665413.44	-2178.94334
395545.455	6666062.95	-2167.07655
394339.682	6666964.81	-2177.7707
392934.868	6668015.74	-2165.52301
392186.218	6668575.77	-2159.00402
391169.559	6669336.28	-2155.58848
390523.877	6669818.19	-2257.89812
389053.313	6670919.61	-2169.6479
387963.066	6671735.32	-2232.6168
386839.056	6672577.39	-2241.00597
386007.84	6673201.73	-2155.07762
385095.341	6673885.6	-2236.67903
384090.909	6674640.99	-2171.77349
382948.54	6675500.49	-2169.62204
381491.205	6676599.43	-2161.81319
380947.894	6677008.91	-2264.0589
379836.477	6677849.88	-2156.96367
379061.628	6678435.97	-2165.50401
377660.222	6679497.38	-2173.17996
376537.301	6680348.93	-2244.61135
375610.158	6681053.47	-2175.12495
374937.33	6681565.28	-2158.47966
373851.032	6682392.16	-2167.20095
372607.173	6683341.07	-2226.12871
371642.296	6684078.72	-2161.18347
370100.466	6685259.63	-2156.40752
370100.171	6685259.85	-2156.44527
368561.653	6686441.51	-2161.89461
367575.176	6687200.56	-2226.21635
366372.699	6688126.8	-2169.01932
365263.334	6688982.55	-2157.90354
364656.434	6689451	-2170.09288
363580.796	6690281.71	-2164.06661
362542.352	6691084.12	-2177.7352
361112.222	6692189.87	-2252.90888
360415.31	6692728.35	-2155.91497
359348.064	6693554.77	-2256.34826
358706.573	6694050.92	-2164.15406
357328.634	6695118.81	-2180.99616
356090.909	6696078.66	-2167.58308
355363.553	6696643.03	-2167.70104
354422.492	6697373.98	-2268.43965
353587.866	6698021.19	-2160.96463
352193.554	6699104	-2235.97291
351148.827	6699914.53	-2163.04804
349923.479	6700866.12	-2252.62946
349465.342	6701221.13	-2158.64028
348264.964	6702152.77	-2176.65558
347181.818	6702993.24	-2184.73278
346154.403	6703790.22	-2163.60961
344587.379	6705005.72	-2155.86534
344577.807	6705013.16	-2157.35227
343094.557	6706163.49	-2161.24642
342149.307	6706896.57	-2181.60246
340853.123	6707901.4	-2163.80175
339813.053	6708707.56	-2157.65245
339113.025	6709250.26	-2180.7701
399363.636	6663208.31	-1955.30736
398190.745	6664086.42	-1922.4464
397228.393	6664805.51	-2012.88952
396431.361	6665402.01	-1999.3333
395473.104	6666118.96	-1995.98915
394328.994	6666975.3	-1951.98707
392935.226	6668018.17	-1920.39598
392271.941	6668513.29	-2009.81819
391061.546	6669418.67	-2009.97721
390524.743	6669820.27	-2006.29679
389082.572	6670899.56	-1996.98758
387963.203	6671737.75	-1993.49406
386842.462	6672577.38	-1997.68142
386008.931	6673203.58	-1897.2042
385091.557	6673890.85	-1998.94165
384041.461	6674679.95	-1991.32109
382947.44	6675503.62	-1928.87008
381466.069	6676619.77	-2007.964
380949.359	6677010	-2010.38149
379837.546	6677851.13	-1902.49112
379061.586	6678437.85	-1922.04959
377665.382	6679494.98	-1938.33802
376537.538	6680350.08	-1999.54615
375615.482	6681050.51	-1942.85641
374937.665	6681566.07	-1905.60771
373851.348	6682392.69	-1924.60163
372612.336	6683337.59	-1996.43673
371642.479	6684078.9	-1911.21805
370100.474	6685259.63	-1900.28448
370100.179	6685259.86	-1900.37339
368561.518	6686441.34	-1912.85952
367568.817	6687205.03	-1997.59591
366373.344	6688125.65	-1928.43025
365262.977	6688981.96	-1904.1825
364679.961	6689432.18	-1997.23594
363653.169	6690225.06	-1997.61534
362510.82	6691107.61	-2001.26611
361111.786	6692188.82	-2003.69602
360414.593	6692727.43	-1899.73894
359347.169	6693553.98	-2006.00569
358671.699	6694076.93	-1997.82443
357332.32	6695114.6	-1957.37835
356090.909	6696077.22	-1927.2267
355318.805	6696676.74	-1997.99076
354421.859	6697372.96	-2012.50079
353587.118	6698020.3	-1910.91894
352209.803	6699090.02	-2001.56181
351217.134	6699860.59	-2003.61666
349921.896	6700865.92	-2003.9399
349622.527	6701097.84	-1931.74081
348251.194	6702162.14	-1947.92232
347181.818	6702992	-1966.56674
346153.836	6703789.26	-1917.56376
344598.465	6704996.31	-2011.92194
344566.3	6705021.24	-2008.78384
343151.969	6706118.09	-2004.24967
342136.729	6706905.09	-1960.70902
340852.118	6707900.81	-1917.05166
339812.521	6708706.58	-1903.75827
339120.822	6709243.24	-2001.12963
399363.636	6663210.89	-1720.53025
398204.734	6664077.81	-1753.4788
397229.442	6664807.55	-1756.76288
396425.685	6665408.96	-1754.75793
395473.305	6666121.5	-1752.74959
394297.996	6667000.66	-1755.94174
392935.64	6668020.57	-1674.88869
392273.788	6668514.7	-1756.80272
391063.721	6669419.83	-1754.9194
390525.575	6669822.39	-1754.88311
389086.598	6670899.18	-1753.49469
387963.343	6671740.21	-1753.67891
386845.97	6672577.34	-1753.38222
386151.388	6673098.2	-1756.12925
385088.426	6673895.71	-1754.53667
384041.892	6674682.03	-1752.2804
382925.097	6675522.14	-1754.27164
381466.68	6676621.62	-1755.82875
380950.972	6677011.04	-1756.72022
379838.638	6677852.42	-1647.8864
379090.738	6678417.08	-1753.97609
377680.01	6679485.11	-1754.0786
376537.706	6680351.32	-1754.49361
375597.093	6681065.39	-1753.93766
375058.479	6681474.8	-1754.5656
373844.79	6682398.23	-1753.89584
372620.631	6683331.76	-1755.00809
371589.666	6684119.49	-1754.95263
370102.498	6685258.1	-1756.10472
370098.18	6685261.41	-1756.10108
368609.054	6686404.64	-1754.75118
367552.364	6687217.24	-1756.46896
366383.958	6688117	-1753.85242
365390.816	6688882.86	-1756.00089
364677.769	6689432.94	-1753.60907
363653.017	6690224.11	-1754.05022
362472.86	6691135.72	-1756.53949
361111.395	6692187.72	-1754.60001
360304.625	6692811.64	-1755.70514
359346.125	6693553.29	-1755.68689
358671.67	6694075.48	-1754.21481
357350.02	6695099.56	-1739.16959
356090.909	6696075.77	-1686.76444
355318.279	6696675.68	-1753.47674
354421.305	6697371.87	-1756.61148
353578.485	6698026.08	-1754.94953
352254.731	6699053.73	-1756.71733
351216.716	6699859.47	-1754.42619
349920.35	6700865.69	-1755.21706
349493.266	6701196.99	-1730.08347
348221.892	6702183.78	-1755.06085
347181.818	6702990.76	-1748.02367
346188.034	6703761.8	-1753.70103
344597.859	6704995.34	-1756.02313
344565.053	6705020.78	-1755.28497
343151.34	6706117.18	-1755.23237
342098.715	6706933.43	-1756.34172
340856.337	6707896.64	-1754.60834
339941.601	6708605.71	-1755.97262
339084.949	6709269.7	-1756.12646
399363.636	6663212.79	-1548.62216
398207.514	6664078.43	-1509.0608
397230.476	6664809.61	-1500.60553
396435.329	6665404.47	-1508.3459
395473.543	6666124.01	-1509.58805
394320.078	6666986.46	-1546.48672
392935.397	6668021.7	-1589.41795
392275.927	6668515.9	-1503.69405
391065.697	6669421.16	-1499.96405
390526.371	6669824.55	-1503.56568
389086.227	6670902.11	-1509.13844
387963.618	6671742.59	-1513.68941
386848.931	6672577.73	-1508.88672
386010.338	6673205.48	-1616.00187
385095.696	6673892.82	-1508.64222
384042.012	6674684.38	-1513.02493
382948.299	6675506.39	-1579.83011
381467.326	6676623.49	-1503.64724
380952.737	6677012.01	-1502.98837
379838.75	6677852.67	-1607.92282
379061.531	6678440.5	-1584.34435
377678.462	6679487.91	-1509.0567
376537.807	6680352.64	-1509.41089
375596.55	6681066.99	-1508.99402
375058.648	6681475.77	-1504.42634
373852.255	6682393.11	-1583.06002
372615.717	6683336.07	-1508.23847
371642.707	6684079.15	-1599.10753
370100.498	6685259.65	-1612.23006
370100.202	6685259.87	-1612.13405
368561.347	6686441.14	-1597.03368
367563.811	6687207.99	-1506.48003
366382.949	6688117.13	-1509.96296
365262.597	6688981.22	-1606.77011
364676.979	6689432.61	-1509.57534
363652.945	6690223.07	-1510.45302
362499.561	6691113.81	-1504.74959
361111.037	6692186.57	-1505.55943
360413.794	6692726.36	-1611.87537
359344.938	6693552.7	-1505.30703
358671.608	6694074.04	-1510.55098
357335.99	6695109.23	-1541.64164
356090.909	6696075.11	-1577.62729
355316.853	6696675.32	-1508.81398
354420.832	6697370.72	-1500.70978
353577.868	6698025.09	-1505.82712
352222.558	6699077.22	-1504.62945
351216.252	6699858.38	-1505.28999
349918.831	6700865.43	-1506.41886
349621.723	6701096.44	-1580.70196
348229.146	6702176.72	-1507.28677
347181.818	6702989.51	-1530.47179
346152.945	6703788.09	-1589.93068
344597.267	6704994.35	-1500.15622
344563.772	6705020.34	-1501.85216
343150.932	6706116.1	-1506.17826
342127.037	6706910.23	-1536.28563
340850.712	6707900.1	-1592.20765
339811.932	6708705.4	-1607.02958
339105.15	6709252.66	-1504.97872
399363.636	6663215.31	-1320.06837
398197.116	6664088.08	-1340.1545
397098.151	6664910.24	-1354.75074
396448.898	6665396.97	-1268.62347
395473.825	6666126.49	-1266.51588
394338.96	6666974.81	-1323.34123
392935.505	6668024.34	-1344.22342
392190.897	6668581.14	-1354.78195
391174.169	6669341.62	-1354.96803
390527.135	6669826.75	-1252.2569
389059.059	6670924.37	-1333.40113
387963.941	6671744.95	-1274.08019
386851.427	6672578.48	-1265.4427
386011.536	6673207.33	-1358.09722
385105.997	6673887.64	-1268.25502
384090.909	6674649.52	-1330.45108
382951.801	6675506.18	-1338.29558
381492.4	6676606.06	-1349.55211
380954.653	6677012.92	-1249.10113
379839.874	6677853.98	-1353.35736
379061.941	6678442.12	-1340.67689
377663.045	6679500.8	-1330.56572
376537.842	6680354.04	-1264.2571
375617.227	6681052.2	-1326.0262
374938.217	6681568.02	-1351.93644
373853.269	6682393.16	-1339.88062
372608.693	6683341.98	-1274.63251
371642.898	6684079.37	-1349.02417
370100.534	6685259.67	-1356.05697
370100.235	6685259.9	-1356.01223
368561.19	6686441.01	-1347.85949
367573.313	6687200.28	-1274.01512
366370.923	6688125.93	-1337.15998
365262.557	6688980.37	-1353.01262
364651.778	6689451.37	-1333.98592
363580.12	6690278.56	-1345.12816
362536.545	6691084.3	-1322.16767
361110.718	6692185.37	-1256.52917
360412.988	6692725.46	-1355.63561
359343.606	6693552.2	-1254.78272
358671.51	6694072.63	-1266.82786
357327.172	6695114.7	-1319.01695
356090.909	6696073.66	-1337.2068
355314.791	6696675.45	-1264.92092
354420.436	6697369.5	-1244.73425
353585.477	6698018.25	-1348.89874
352197.453	6699095.32	-1266.97419
351147.779	6699910.59	-1344.65203
349917.347	6700865.13	-1257.50651
349621.814	6701094.9	-1326.8246
348257.264	6702153.86	-1325.94148
347181.818	6702988.25	-1312.30484
346151.861	6703787.52	-1343.58137
344596.69	6704993.34	-1244.25848
344574.272	6705011.35	-1354.13672
343150.756	6706114.83	-1257.02644
342145.411	6706894.76	-1316.83136
340849.67	6707899.53	-1345.26142
339811.745	6708704.14	-1353.09689
339103.837	6709252.65	-1317.8158
399363.636	6663217.78	-1095.62411
398199.316	6664089.11	-1097.56407
397099.062	6664912.37	-1100.55676
396430.825	6665412.41	-1096.38172
395545.455	6666074.8	-1096.56896
394345.683	6666972.31	-1096.14846
392935.699	6668026.92	-1099.09082
392192.493	6668582.77	-1100.69128
391175.625	6669343.37	-1099.06444
390504.766	6669845.19	-1098.16688
389057.046	6670928.48	-1096.28971
388018.934	6671705.69	-1098.42855
386833.154	6672594.01	-1097.44127
386012.722	6673209.22	-1100.25424
385131.298	6673870.48	-1096.7857
384090.909	6674651.99	-1095.92386
382954.327	6675506.74	-1098.27142
381492.798	6676608.18	-1099.73997
381057.01	6676937.07	-1100.61358
379841.017	6677855.31	-1098.99531
379062.235	6678443.85	-1097.5073
377661.11	6679503.87	-1096.46423
376620.84	6680292.1	-1099.19445
375616.284	6681054.09	-1095.60554
374938.441	6681568.98	-1099.11807
373854.16	6682393.33	-1097.86492
372576.163	6683367.23	-1094.93498
371643.116	6684079.59	-1099.16567
370100.584	6685259.7	-1099.98093
370100.281	6685259.94	-1099.98787
368561.038	6686440.89	-1098.95261
367576.269	6687197.62	-1049.6912
366369.597	6688126.31	-1097.46035
365262.409	6688979.61	-1099.33726
364651.338	6689450.77	-1096.68179
363579.829	6690277.64	-1098.82331
362544.286	6691077.14	-1095.44162
361132.27	6692167.78	-1098.15073
360412.197	6692724.54	-1099.52773
359269.541	6693608.58	-1099.51506
358706.19	6694044.75	-1098.92692
357324.47	6695115.43	-1095.23338
356090.909	6696072.2	-1096.96059
355357.114	6696641.59	-1096.91778
354545.843	6697271.28	-1100.15359
353584.707	6698017.37	-1098.96754
352214.711	6699080.91	-1095.01561
351147.676	6699909.23	-1098.09801
349938.778	6700847.58	-1099.15757
349463.613	6701216.35	-1100.07825
348262.32	6702148.6	-1096.29016
347181.818	6702987	-1094.18161
346150.853	6703786.9	-1097.89682
344584.182	6705002.22	-1100.17735
344573.144	6705010.78	-1099.58167
343091.698	6706159.74	-1099.5877
342151.284	6706888.96	-1094.84629
340848.641	6707898.96	-1098.69572
339811.439	6708702.97	-1099.25385
339107.867	6709248.29	-1094.96823
399363.636	6663220.26	-871.250804
398202.168	6664089.66	-855.545577
397099.81	6664914.63	-846.31462
396432.448	6665413.73	-867.684582
395545.455	6666077.47	-856.39
394343.499	6666976.48	-868.521873
392935.998	6668029.43	-853.851198
392194.016	6668584.46	-846.515559
391177.191	6669345.04	-843.254117
390527.856	6669829.61	-945.364348
389059.897	6670928.96	-859.866497
387964.315	6671748.53	-922.432286
386856	6672578.73	-928.823803
386013.888	6673211.15	-842.422053
385112.236	6673886.63	-926.572002
384090.909	6674654.49	-861.789991
382954.838	6675508.87	-858.177166
381493.271	6676610.3	-849.856017
380956.646	6677014.24	-952.40928
379842.178	6677856.67	-844.724
379062.334	6678445.76	-854.52312
377662.942	6679504.11	-862.378566
376538.004	6680355.87	-933.517035
375619.177	6681053.07	-865.903951
374938.74	6681569.9	-846.336428
373854.776	6682393.73	-855.940861
372607.459	6683343.8	-916.599562
371643.345	6684079.83	-849.320368
370100.648	6685259.75	-843.918648
370100.342	6685259.98	-843.976249
368560.919	6686440.76	-850.071545
367574.774	6687198.55	-916.812647
366369.417	6688125.81	-857.915468
365262.15	6688978.92	-845.690296
364649.743	6689451.07	-859.845342
363579.655	6690276.62	-852.500348
362539.873	6691079.34	-868.100977
361110.412	6692183.75	-940.782142
360411.418	6692723.6	-843.470399
359342.2	6693551.39	-944.910297
358706.051	6694043.34	-852.505586
357324.706	6695113.88	-871.268402
356090.909	6696070.75	-856.786683
355356.051	6696640.97	-857.227473
354419.881	6697368.2	-956.10389
353583.931	6698016.48	-849.062201
352193.5	6699096.38	-925.932275
351147.31	6699908.07	-851.610421
349915.256	6700864.91	-941.399321
349463.253	6701215.16	-846.333868
348258.015	6702150.61	-866.191222
347181.818	6702985.74	-876.064992
346150.125	6703786.05	-852.42539
344596.087	6704992.16	-955.323047
344572.024	6705010.2	-845.073524
343091.007	6706158.86	-849.20279
342148.101	6706890.17	-872.584181
340847.631	6707898.36	-852.135435
339811.014	6708701.89	-845.447965
339103.518	6709250.43	-871.930137
399363.636	6663222.77	-643.327924
398217.545	6664080.02	-686.206873
397233.905	6664815.91	-700.519372
396452.44	6665400.77	-687.595814
395474.384	6666132.54	-684.524068
394329.496	6666989.45	-644.246869
392936.388	6668031.88	-608.337788
392282.402	6668520.01	-697.982455
391071.937	6669425.39	-697.307858
390528.688	6669831.78	-694.006892
389088.285	6670909.64	-685.983141
387964.48	6671751.05	-682.932637
386859.969	6672578.42	-686.098815
386015.024	6673213.13	-584.549736
385110.436	6673890.59	-687.337629
384042.717	6674692.67	-680.400628
382954.092	6675512	-616.498441
381469.331	6676629.89	-696.112397
380958.311	6677015.44	-698.508163
379843.359	6677858.04	-590.428184
379062.268	6678447.82	-611.340716
377667.635	6679502.23	-626.459936
376538.242	6680357.17	-688.34231
375625.52	6681049.48	-634.280756
375059.178	6681479.11	-692.707838
373855.242	6682394.27	-613.004159
372612.945	6683340.2	-685.916975
371643.596	6684080.08	-599.272947
370100.727	6685259.81	-587.786443
370100.418	6685260.04	-587.892511
368560.819	6686440.63	-600.968561
367567.725	6687203.58	-687.365938
366369.987	6688124.74	-616.84831
365261.785	6688978.32	-592.017608
364673.032	6689432.42	-685.976087
363652.614	6690219.52	-686.512524
362507.95	6691103.02	-690.382445
361109.971	6692182.6	-691.728865
360410.653	6692722.63	-587.379995
359341.254	6693550.59	-694.352258
358671.472	6694069.1	-686.766933
357329.777	6695108.57	-647.256339
356090.909	6696069.29	-616.567205
355312.731	6696673.56	-686.47972
354419.258	6697367.15	-700.109591
353583.153	6698015.6	-598.965435
352211.639	6699080.92	-690.75349
351214.712	6699854.81	-691.665657
349913.661	6700864.7	-692.460791
349620.744	6701091.61	-619.577565
348230.151	6702171.2	-688.466838
347181.818	6702984.48	-657.947245
346149.597	6703785.05	-606.645944
344595.472	6704991.18	-699.392407
344559.592	6705018.99	-696.397968
343149.447	6706112.65	-692.622671
342134.155	6706899.75	-652.170002
340846.629	6707897.76	-605.1976
339810.475	6708700.9	-591.625989
339108.587	6709245.5	-690.638549
399363.636	6663225.38	-407.27169
398220.861	6664080.24	-442.170286
397234.972	6664817.95	-444.283385
396451.034	6665404.54	-443.02903
395474.59	6666135.09	-441.53702
394287.945	6667022.77	-444.011619
392905.9	6668056.52	-443.450011
392284.302	6668521.42	-444.664879
391074.136	6669426.59	-442.495909
390529.484	6669833.99	-442.831484
389092.668	6670909.07	-442.19547
387964.656	6671753.58	-442.865766
386863.909	6672578.18	-442.047955
386157.173	6673108.09	-443.498719
385110.405	6673893.3	-442.923919
384043.191	6674694.92	-441.436925
382930.534	6675531.6	-443.099227
381470.048	6676631.93	-443.793652
380960.118	6677016.58	-444.603475
379844.561	6677859.43	-335.991324
379091.9	6678426.84	-442.414158
377680.77	6679493.6	-442.59036
376538.414	6680358.54	-443.173413
375608.434	6681063.46	-442.574418
375059.279	6681480.24	-442.613293
373849.196	6682399.51	-442.637971
372620.332	6683335.2	-443.106176
371590.461	6684120.93	-443.185485
370102.856	6685258.25	-443.651297
370098.396	6685261.67	-443.671866
368608.586	6686403.85	-443.004216
367549.434	6687217.23	-444.11561
366380.229	6688116.41	-442.559727
365389.244	6688879.62	-443.537949
364670.742	6689433.22	-442.306288
363652.464	6690218.49	-442.846119
362472.612	6691128.94	-443.897903
361109.574	6692181.4	-442.783473
360301.951	6692805.8	-443.250044
359340.171	6693549.89	-443.810325
358671.437	6694067.64	-442.9928
357349.318	6695092.18	-443.716485
356090.909	6696067.84	-376.231522
355312.252	6696672.46	-442.11561
354418.71	6697366.04	-444.157791
353575.364	6698020.72	-443.166326
352256.546	6699044.6	-444.061778
351214.283	6699853.68	-442.613611
349912.107	6700864.44	-443.49374
349490.853	6701191.23	-417.426969
348218.332	6702178.95	-443.116899
347181.818	6702983.22	-439.666163
346182.659	6703758.45	-442.205195
344594.871	6704990.18	-443.551044
344558.314	6705018.54	-443.041928
343148.838	6706111.71	-443.469582
342094.804	6706929.09	-444.129064
340850.123	6707894.14	-443.096855
339938.914	6708600.51	-443.494696
339062.766	6709279.65	-444.031117
399363.636	6663227.22	-240.835984
398223.619	6664080.88	-197.999973
397236.009	6664820.02	-188.012042
396459.23	6665401.13	-198.021754
395474.834	6666137.62	-198.627991
394324.415	6666997.81	-235.965493
392936.563	6668035.43	-278.75556
392286.488	6668522.62	-191.24657
391076.132	6669427.94	-187.784521
390530.247	6669836.22	-191.748502
389091.447	6670912.71	-197.810459
387964.935	6671756.05	-202.690539
386866.89	6672578.67	-197.836497
386016.515	6673215.14	-303.314155
385116.922	6673891.13	-198.136288
384043.271	6674697.5	-202.33804
382955.622	6675514.61	-270.268609
381470.802	6676633.98	-191.41396
380962.067	6677017.65	-190.610629
379844.678	6677859.72	-295.143201
379062.248	6678450.67	-272.4041
377679.236	6679496.53	-198.116511
376538.52	6680359.99	-197.967095
375630	6681048.16	-247.603152
375059.475	6681481.33	-192.554372
373856.372	6682394.71	-272.222948
372614.563	6683340.29	-197.662356
371643.898	6684080.43	-287.367351
370100.837	6685259.88	-299.719297
370100.52	6685260.12	-299.653045
368560.697	6686440.49	-285.258878
367565.145	6687204.79	-195.793874
366379.216	6688116.57	-198.75306
365261.448	6688977.53	-294.406186
364670.142	6689432.71	-198.394041
363652.393	6690217.38	-199.145476
362502.419	6691104.54	-193.795741
361109.212	6692180.17	-193.89344
360409.805	6692721.52	-299.162822
359338.957	6693549.29	-193.19867
358671.367	6694066.2	-199.164088
357331.351	6695104.83	-233.898304
356090.909	6696067.17	-266.399605
355310.651	6696672.23	-197.668558
354418.24	6697364.87	-188.187481
353582.238	6698014.45	-287.198206
352217.79	6699073.2	-193.644403
351213.807	6699852.58	-193.611718
349910.586	6700864.16	-194.44945
349620.002	6701090.13	-268.366169
348225.416	6702172.01	-196.631386
347181.818	6702981.95	-221.749007
346148.651	6703783.88	-277.7107
344594.286	6704989.17	-187.736258
344557.002	6705018.1	-189.745009
343148.447	6706110.6	-194.27438
342129.168	6706901.21	-227.393067
340845.245	6707897.01	-280.887033
339809.931	6708699.66	-294.593783
339098.43	6709250.61	-193.597006
399363.636	6663229.75	-11.8664592
398212.002	6664091.46	-27.8361974
397237.012	6664822.11	68.3511707
396469.442	6665396.16	41.7480392
395475.124	6666140.1	44.1794727
394344.252	6666985.46	-13.5815987
392936.708	6668038.07	-33.2244107
392198.748	6668589.91	-42.7754762
391181.884	6669350.48	-42.2647915
390530.979	6669838.49	59.3287249
389065.024	6670934.47	-21.5736044
387965.231	6671758.52	37.156547
386869.19	6672579.67	44.8665561
386017.794	6673217.06	-45.4244353
385124.903	6673887.84	42.3080225
384090.909	6674663.74	-19.4824106
382958.946	6675514.79	-28.3093773
381494.668	6676617.61	-38.0015314
380964.149	6677018.64	63.5531439
379845.888	6677861.13	-40.7857244
379062.665	6678452.43	-29.0805684
377665.143	6679508.49	-20.9106664
376538.562	6680361.51	47.3199811
375626.356	6681052.21	-14.9107706
374939.728	6681573	-39.6578677
373857.433	6682394.86	-29.0285049
372608.211	6683345.8	35.0277615
371644.159	6684080.73	-37.2644233
370100.953	6685259.96	-43.5606844
370100.627	6685260.21	-43.5440075
368560.583	6686440.42	-36.0849973
367573.808	6687197.8	35.6215427
366367.525	6688125.13	-26.5401509
365261.399	6688976.7	-40.7138032
364645.082	6689451.33	-22.7682955
363578.9	6690273.28	-33.743105
362536.512	6691077.21	-12.9177479
361108.893	6692178.9	54.9819327
360408.978	6692720.59	-43.0343781
359337.61	6693548.8	57.5684425
358705.739	6694038.57	-33.9668198
357322.818	6695110.09	-10.3731538
356090.909	6696065.72	-26.1419761
355308.391	6696672.52	45.8029002
354417.842	6697363.65	67.8616725
353581.443	6698013.57	-37.03712
352195.063	6699089.44	43.1858437
351146.293	6699904.04	-32.9674072
349909.106	6700863.85	54.7236378
349620.098	6701088.56	-14.4104962
348252.372	6702150.05	-17.136797
347181.818	6702980.69	-3.6163578
346147.499	6703783.36	-31.7393962
344593.716	6704988.15	68.1150559
344568.39	6705008.42	-41.7112488
343088.787	6706155.97	-38.2028417
342146.012	6706886.91	-7.78611745
340844.223	6707896.42	-33.8616249
339809.722	6708698.41	-40.7483522
339095.915	6709251.53	-8.44591303
399363.636	6663231.28	127.090891
398214.135	6664092.54	213.577271
397103.355	6664923.72	211.733479
396450.049	6665412.57	213.124145
395475.436	6666141.15	158.857124
394350.556	6666983.27	213.505962
392936.941	6668040.64	212.274885
392200.342	6668591.56	211.580174
391183.374	6669352.23	213.421805
390507.231	6669857.99	213.621931
389063.101	6670938.56	214.289654
387965.288	6671759.73	148.486558
386850.217	6672595.79	213.747753
386019.04	6673219.03	212.407067
385148.521	6673872.04	213.247892
384043.169	6674701.76	170.157302
382961.259	6675515.75	212.462147
381495.14	6676619.89	212.05283
381069.133	6676941.01	211.307178
379847.109	6677862.55	213.367339
379062.948	6678454.29	213.71403
377663.958	6679511.11	213.778568
376622.436	6680299.09	212.423148
375625.607	6681054.06	214.306684
374939.993	6681574.06	213.078011
373858.368	6682395.13	213.164445
372576.097	6683370.8	214.261463
371644.447	6684081.03	212.641804
370101.085	6685260.06	212.508257
370100.751	6685260.31	212.476374
368560.48	6686440.35	212.840829
367607.061	6687172.02	214.408489
366366.411	6688125.39	213.348005
365261.247	6688975.95	212.900948
364644.612	6689450.76	213.903967
363578.612	6690272.31	212.669446
362542.682	6691071.16	214.214955
361131.091	6692160.79	213.403425
360408.174	6692719.66	212.964612
359262.155	6693606.27	212.168858
358705.64	6694037.15	212.587261
357320.214	6695110.75	213.998739
356052.001	6696094.9	141.002016
355349.442	6696639.65	213.951548
354544.29	6697264.62	212.118346
353580.648	6698012.7	212.903901
352213.972	6699073.75	214.211862
351146.167	6699902.68	213.441127
349929.962	6700846.73	212.337382
349461.48	6701210.34	212.162547
348256.136	6702145.78	213.538705
347150.824	6703003.73	170.195116
346146.475	6703782.73	213.553336
344580.218	6704997.79	212.387309
344567.235	6705007.86	212.755475
343088.127	6706155.06	212.311781
342150.916	6706881.85	214.283906
340843.212	6707895.81	212.829571
339809.4	6708697.24	213.011249
339099.221	6709247.73	214.231309
399363.636	6663232.82	266.598988
398217.302	6664092.84	454.464782
397238.354	6664824.3	355.519944
396475.228	6665395.64	384.171961
395403.313	6666197.03	331.791893
394347.016	6666988.46	440.802983
392907.078	6668064.76	371.492055
392201.861	6668593.28	466.029753
391184.976	6669353.9	469.019343
390531.661	6669841.44	367.145691
389066.744	6670938.49	449.632928
388023.594	6671718.25	341.724739
386874.116	6672579.8	383.128671
386020.242	6673221.05	470.231456
385130.319	6673887.64	383.658539
383994.635	6674740.28	350.107987
382961.798	6675518.07	453.480811
381472.331	6676638.68	363.251227
380966.234	6677020.1	359.293775
379848.343	6677863.98	467.432963
379092.746	6678433.21	377.445125
377665.962	6679511.33	448.590704
376625.386	6680297.6	322.221344
375602.976	6681072.17	385.476545
374936.76	6681576.97	310.094305
373859.08	6682395.59	455.39238
372578.913	6683369.09	362.031241
371644.749	6684081.35	462.563909
370101.235	6685260.16	468.570889
370100.893	6685260.42	468.492947
368560.415	6686440.28	461.760427
367603.562	6687174.51	362.131456
366366.346	6688124.86	453.239616
365388.362	6688877.63	357.364695
364668.841	6689431.43	383.512426
363576.083	6690273.67	329.791303
362537.234	6691074.08	441.59405
361108.583	6692177.23	371.320175
360407.396	6692718.72	468.918573
359336.279	6693547.96	366.609724
358706.585	6694035.71	328.884849
357320.987	6695108.8	438.599283
356010.87	6696125.69	328.69852
355306.695	6696671.82	381.745567
354417.258	6697362.37	356.252233
353579.85	6698011.83	462.838202
352193.508	6699088.62	384.188931
351212.63	6699850.16	371.249064
349907.009	6700863.62	369.890241
349486.91	6701189.6	382.536569
348251.183	6702148.27	444.55984
347122.913	6703024.28	360.688887
346145.788	6703781.85	458.675389
344593.117	6704986.95	357.26068
344566.094	6705007.28	467.184358
343087.423	6706154.18	462.87762
342173.368	6706863.47	384.900558
340842.215	6707895.2	459.551248
339937.295	6708597.29	357.213121
339118.878	6709231.55	384.380265
399331.742	6663258.81	459.095496
398220.133	6664091.77	549.906818
397376.315	6664722.6	494.188513
396494.919	6665382.84	558.456657
395325.032	6666257.37	491.470973
394328.583	6667003.75	575.010252
392903.63	6668068.74	497.110628
392201.379	6668594.08	504.960934
391185.865	6669353.61	502.604385
390557.244	6669823.93	511.976392
389074.456	6670933.97	560.606622
388086.612	6671672.92	506.062927
386857.76	6672593.94	548.853192
386020.159	6673221.38	493.275508
385146.682	6673877.33	556.959076
383943.849	6674780.39	520.347139
382960.298	6675520.29	549.340574
381470.429	6676641.4	483.842159
380986.605	6677006.69	550.479882
379848.493	6677864.25	508.273441
379096.902	6678431.23	510.309912
377669.799	6679509.28	561.622651
376719.477	6680227.46	479.349846
375610.038	6681067.75	550.175414
374807.812	6681675.6	466.384565
373859.221	6682395.87	548.122125
372567.073	6683378.71	559.056509
371644.972	6684081.32	522.811579
370101.253	6685260.18	499.939186
370100.914	6685260.44	500.056066
368560.302	6686440.34	526.781999
367609.298	6687169.84	564.529561
366367.218	6688123.96	552.360038
365400.219	6688868.21	466.674869
364669.47	6689430.37	533.953781
363494.415	6690335.86	488.88878
362517.054	6691088.89	573.785929
361085.527	6692194.15	520.521646
360407.473	6692718.47	500.769542
359411.903	6693488.55	512.922883
358744.44	6694005.44	487.890918
357327.967	6695102.53	580.825787
356006.32	6696128.58	435.73751
355302.062	6696674.54	527.468038
354275.109	6697471.58	547.53029
353579.747	6698011.55	523.074029
352196.627	6699085.07	574.131977
351221.19	6699842.76	499.357702
349883.918	6700880.67	518.802726
349508.059	6701171.91	599.978692
348238.326	6702157.54	566.838862
347137.903	6703011.58	543.560597
346145.951	6703781.25	540.482259
344719.53	6704887.78	549.182726
344566.001	6705007.13	506.271109
343086.508	6706154.56	520.043185
342152.449	6706878.67	565.403766
340841.874	6707895.04	534.53285
340081.977	6708484.07	545.059924
339098.092	6709246.65	566.159678
399296.051	6663287.5	637.692688
398221.67	6664091.53	631.64755
397405.352	6664701.91	588.18203
396442.06	6665423.99	702.230227
395305.856	6666272.22	536.227604
394274.02	6667047.8	865.251087
392896.424	6668074.63	541.36372
392310.066	6668513.88	602.784915
391040.197	6669464.26	652.19445
390560.38	6669821.96	545.156478
389080.775	6670930.52	673.622363
388103.856	6671660.66	563.057058
386858.378	6672594.42	631.81315
386018.686	6673222.69	511.877934
385147.121	6673878.17	660.228932
383930.783	6674791.07	595.839096
382960.474	6675521.03	625.859467
381446.787	6676659.76	535.548901
381009.403	6676990.6	653.207186
379848.749	6677864.34	538.35037
379104.569	6678425.93	565.936363
377672.649	6679507.96	672.461096
376739.375	6680212.64	516.000688
375646.714	6681041.01	726.618816
374661.34	6681787.36	589.337373
373859.561	6682395.91	619.308627
372584.845	6683365.8	754.419934
371646.68	6684080.11	565.337937
370352.6	6685068.36	650.214352
369852.503	6685450.73	649.680869
368558.754	6686441.51	572.66596
367548.932	6687215.78	861.289226
366367.373	6688123.65	635.331995
365550.462	6688752.23	587.903296
364626.994	6689462.54	672.237369
363476.071	6690349.8	530.142482
362479.9	6691116.23	807.838345
361082.363	6692196.35	560.994281
360435.285	6692696.38	600.100535
359317.593	6693560.98	609.87174
358752.938	6693998.62	528.619249
357344.75	6695088.22	797.272393
356079.285	6696071.19	568.159058
355330.1	6696652.02	656.363512
354126.25	6697586.54	649.044978
353579.947	6698011.14	565.618212
352246.618	6699044.81	820.074908
351291.826	6699787.57	559.008678
349976.28	6700808.4	615.958167
349499.156	6701178.7	619.097156
348226.238	6702166.08	710.641884
347169.126	6702985.61	842.615464
346144.803	6703781.79	600.601474
344856.376	6704781.05	648.986194
344452.617	6705094.51	603.658193
343080.727	6706158.82	560.517078
342094.882	6706921.64	859.770186
340841.539	6707895	587.875154
340106.411	6708464.72	617.675989
339036.622	6709292.61	867.941927
