346266.611	6708535.08	630.205414
346591.846	6707656.37	711.120706
347007.476	6706276.39	742.772574
347247.381	6705390.08	736.788699
347352.18	6705007.96	735.997304
347782.777	6703349.19	711.65496
348204.643	6701946.14	753.401998
348450.506	6701030.74	752.043809
348682.631	6700154.32	750.467726
349000.726	6698700.85	680.602505
349392.195	6697431.24	746.421341
349710.162	6696298.44	777.142785
349871.032	6695584.26	757.760724
349978.606	6694597.05	605.718329
350410.002	6693058.23	681.621356
350749.645	6691794.04	739.237496
350960.066	6690847.48	740.411076
351070.409	6690111.46	685.040105
351351.961	6688563.71	636.100671
351502.545	6687352.76	525.50346
351885.207	6686059.64	686.604552
352138.806	6684847.15	732.805931
352282.698	6683893.52	724.427892
352346.813	6682993.1	652.376661
352465.731	6681547.3	589.530744
352569.375	6680477.84	580.951141
352657.678	6679097.07	550.73185
352778.094	6678005.93	596.165988
352896.176	6676785.96	644.076501
352917.895	6675695.68	619.068379
352956.936	6674352.34	617.00364
352898.659	6673246.99	548.318607
352991.692	6672146.61	618.734992
353056.963	6670929.17	669.058971
353026.384	6669706.93	645.863343
353047.348	6668486.36	667.820782
352971.424	6667261.37	621.305038
353052.537	6666164.05	689.449722
353008.736	6665204.98	666.21228
353001.1	6663847.45	667.767968
352978.777	6662617.28	653.634591
352989.983	6661246.24	654.824141
353037.131	6660012.85	667.499073
353133.311	6658607.52	693.187275
353289.201	6657627.62	753.060235
353361.056	6656551.44	753.305883
353529.178	6655362.18	784.809363
353633.712	6654010.34	756.004954
353716.019	6653035.1	729.489143
353860.665	6651825.61	707.680873
354026.601	6650321.87	661.319445
354291.084	6649380.71	708.587688
354625.186	6648100.69	756.598928
354874.595	6646942.15	771.86974
354972.164	6645808.63	713.318389
355058.3	6644849.27	665.633542
355243.34	6643379.27	619.508981
355692.366	6642131.28	724.996628
356001.404	6641191.59	789.728247
356385.651	6640000	868.686869
346264.916	6708540.77	630.096482
346590.62	6707661.36	711.29309
347006.168	6706282.75	743.244281
347245.993	6705395.76	736.968028
347352.219	6705008.33	736.141968
347781.396	6703354.71	711.779385
348203.578	6701951.78	753.887812
348449.351	6701035.97	752.289382
348680.123	6700163.24	750.291374
348856.355	6699046.26	621.751454
349391.306	6697435.48	746.63391
349644.654	6696459.79	749.953232
349765.472	6695906.77	728.458031
349981.017	6694594.69	607.786006
350407.863	6693067.76	681.565235
350749.219	6691797.58	739.588777
350959.869	6690854.28	741.808566
351073.904	6690095.27	685.089107
351250.396	6688849.13	585.549295
351508.112	6687358.06	533.16606
351843.717	6685955.91	614.093701
352139.421	6684869.28	737.10042
352283.25	6683894.3	724.517902
352355.956	6682950.41	655.80771
352471.169	6681529.43	593.030048
352573.367	6680486.31	585.880551
352666.668	6679140.3	562.970466
352793.788	6678028.06	612.059072
352859.817	6676896.26	613.726502
352851.161	6675778.14	561.292659
352881.17	6674454.09	553.18297
352909.243	6673250.59	557.395899
352918.57	6672033.04	555.135439
353011.07	6670810.7	631.312093
353037.542	6669702.71	654.421941
352996.971	6668632.52	628.282286
352978.897	6667261.97	626.838564
352873.345	6666158.81	562.129126
352952.306	6665057.77	628.044259
352985.959	6663967.01	656.26333
352985.256	6662611.03	657.938265
352996.187	6661250.68	658.901836
353042.829	6660023.42	671.374098
353133.578	6658637.41	694.530364
353191.729	6657750.77	704.584595
353367.314	6656548.02	756.823564
353530.189	6655363.99	785.69354
353634.668	6654021.24	757.534831
353717.68	6653029.15	730.144991
353743.838	6651960.8	660.22078
353921.34	6650432.58	618.426493
354222.896	6649277.59	664.406498
354640.97	6648139.18	768.252437
354822.989	6647074.38	758.684219
354921.465	6645972.61	703.391412
355063.421	6644811.99	664.669555
355223.978	6643385.53	610.42418
355643.958	6642199.48	707.363278
355953.015	6641194.15	765.920906
356009.363	6640053.22	685.592876
346158.206	6708710.28	569.351302
346588.941	6707667.92	711.44486
346929.915	6706452.33	713.477407
347109.628	6705890.61	737.238803
347352.151	6705009.08	736.285328
347779.372	6703362.39	711.844659
348201.975	6701959.69	754.453059
348447.721	6701043.13	752.579863
348578.017	6700346.35	692.095979
348857.506	6699046.69	623.107718
349389.427	6697442.86	746.651725
349644.119	6696467.49	751.45784
349767.125	6695903.07	729.270873
349983.829	6694592.36	610.312449
350279.368	6693333.92	604.19136
350747.007	6691807.95	739.603499
350959.506	6690865.46	744.061648
351079.427	6689852.12	631.374301
351258.389	6688832	590.706956
351512.378	6687370.93	541.069402
351835.978	6686022.33	618.966063
352106.295	6684827	688.925573
352232.293	6683966.02	678.253884
352368.803	6682879.43	658.993004
352469.278	6681500.83	587.609419
352567.224	6680505.7	581.518955
352668.492	6679204.65	569.692315
352804.893	6677962.13	617.561752
352930.304	6676909.3	678.389326
352881.43	6675688.06	585.070893
352882.811	6674413.12	553.523656
352907.365	6673251.69	555.802317
352928.581	6672075.29	563.754853
352968.176	6670764.15	595.261642
353075.41	6669697.21	683.651347
352991.754	6668474.87	626.367119
352901.727	6667353.78	570.826583
352885.864	6666148.6	571.114505
352867.143	6664933.57	568.820689
352958.777	6663712.99	640.22142
352997.354	6662604.15	665.99537
353006.972	6661252.79	665.944118
352986.873	6660150.67	640.570288
353024.361	6658803.53	637.527112
353197.04	6657735.55	707.245493
353375.912	6656553.48	762.169726
353531.667	6655371.89	787.364
353576.261	6654158.91	736.822452
353617.088	6653129.39	686.673872
353758.38	6651932.58	665.412403
353901.576	6650597.22	623.132935
354215.039	6649337.57	666.192366
354654.193	6648165.39	777.449725
354968.81	6647072.53	832.24416
354905.168	6645905.72	688.743038
355015.343	6644794.42	638.864262
355167.017	6643375.85	581.03769
355311.604	6642397.5	560.784211
355652.767	6641245.55	621.82818
355739.147	6640116.04	558.132135
346157.993	6708713.65	570.096556
346586.644	6707676.56	711.56305
346928.252	6706460.21	714.015098
347110.18	6705890.47	737.764817
347351.909	6705010.44	736.416949
347776.453	6703373.04	711.820921
348127.912	6702129.14	725.004142
348445.442	6701053.02	752.947331
348578.255	6700349.19	693.159673
348811.223	6699205	618.349302
349385.842	6697455.61	746.308864
349643.214	6696478.57	753.472222
349769.35	6695897.23	730.123659
349986.82	6694590.97	613.292087
350248.251	6693202.56	532.934342
350740.959	6691833.81	739.107039
350959.852	6690883.65	748.814785
351088.163	6689826.11	635.087258
351273.288	6688680.55	571.541314
351509.808	6687398.16	544.377496
351766.159	6686162.34	568.141787
352118.712	6684994.32	733.413768
352261.634	6683903.57	698.530649
352327.136	6682726.19	592.189648
352444.112	6681466.89	557.38688
352539.203	6680530.73	555.271771
352620.863	6679242.15	525.048365
352645.286	6678052.41	469.321784
352745.935	6676846.95	502.907502
352822.755	6675644.63	530.549336
352843.549	6674375.9	518.34891
352874.951	6673245.02	528.051948
352894.976	6672101.76	535.879942
352952.789	6670821.28	582.734368
353146.671	6669651.59	738.904577
352965.68	6668492.72	606.862939
352906.543	6667294.71	574.716825
352883.171	6666129.95	569.32785
352872.833	6664956.11	572.693424
352893.321	6663645.48	596.125167
353035.066	6662601.49	690.972521
353037.661	6661247.75	685.663587
353004.016	6660124.67	651.017044
352931.928	6659027.17	589.280734
353113.739	6657633.49	655.973731
353342.431	6656405.96	738.117691
353473.714	6655303.52	753.149919
353599.748	6654156.59	750.169983
353649.783	6653049.26	698.043572
353760.526	6651898.87	663.701666
353884.419	6650607.84	615.297306
354171.534	6649403.97	650.409141
354571.915	6648174.31	736.721946
354621.021	6647101.49	659.5275
354813.323	6645842.94	636.301528
354949.208	6644762.8	602.722591
354966.024	6643492.99	491.852132
355096.719	6642410.4	455.217291
355370.577	6641320.05	489.289157
355370.933	6640051.65	370.504574
346157.555	6708718.11	570.923625
346583.506	6707688.04	711.630274
346826.345	6706929.9	743.872177
347110.765	6705890.7	738.431716
347351.378	6705012.73	736.517439
347631.193	6703699.62	653.03151
348125.008	6702141.05	725.334561
348352.355	6701209.43	698.220635
348578.165	6700353.92	694.409155
348812.154	6699205.93	619.5942
349379.337	6697477.53	745.353409
349552.487	6696758.97	731.7803
349772.325	6695887.54	730.740258
349988.961	6694593.25	616.307884
350249.098	6693235.47	542.601995
350694.473	6691786.22	672.017686
350908.928	6690987.71	715.023246
351097.696	6689786.02	636.234062
351265.291	6688670.72	559.87726
351466.028	6687562.22	531.023579
351700.173	6686324.14	525.082172
351945.937	6685087.22	555.948546
352136.592	6683847.38	551.11799
352217.394	6682611.62	458.080318
352345.834	6681299.77	435.420309
352348.659	6680535.51	361.811794
352452.217	6679370.16	367.360874
352494.844	6678046.27	324.611617
352531.707	6676803.5	301.488494
352637.444	6675530.81	359.497087
352668.721	6674217.91	362.33606
352817.272	6673233.28	478.760878
352820.329	6672116.7	473.689609
352758.218	6670922.83	426.126704
352897.127	6669646.5	544.301443
352842.863	6668467.27	514.435698
352848.598	6667254.35	532.837072
352844.014	6666110.27	541.66757
352836.413	6664969.68	547.325707
352870.67	6663688.18	580.821274
353053.478	6662548.18	703.835374
353084.943	6661289.24	716.808677
352919.83	6660167.14	602.295229
352926.194	6658995.95	585.175071
353096.753	6657657.68	647.121199
353376.198	6656513.26	762.325645
353498.871	6655397.24	773.212587
353674.881	6654147.91	791.410997
353622.877	6652985.14	679.10978
353717.119	6651879.89	639.58427
353828.953	6650613.33	587.306192
353978.133	6649452.14	556.860991
354207.424	6648269.44	562.203518
354381.441	6647099.38	539.489345
354563.31	6645716.48	500.251441
354658.003	6644745.32	456.131695
354797.739	6643330.14	393.119886
354810.471	6642420.81	314.612532
354889.588	6641121.56	233.173866
355141.542	6640065.45	258.986168
346156.782	6708724.09	571.843262
346474.05	6708027.99	697.022218
346811.944	6706779.42	686.161531
347111.348	6705891.66	739.302915
347350.373	6705016.53	736.551532
347630.079	6703706.8	653.909406
348120.468	6702158.47	725.511409
348353.882	6701214.1	701.167016
348577.313	6700362.19	695.845422
348812.065	6699211.1	620.927896
349368.012	6697515.17	743.540395
349563.077	6696744.97	739.39211
349787.373	6695732	703.897007
349974.181	6694563.41	591.4302
350246.317	6693301.98	557.031215
350679.2	6691975.99	702.79222
350948.072	6690989.76	760.800831
351050.272	6689673.69	552.990721
351226.291	6688534.73	481.687136
351320.026	6687744.52	403.711165
351454.883	6686566.69	293.508083
351703.427	6685220.05	305.997488
351932.238	6683804.24	319.235002
352072.394	6682506.45	289.104888
352163.31	6681292.18	245.023551
352187.352	6680516.2	196.525798
352212.482	6679365.57	131.030118
352318.992	6678112.43	159.148581
352356.18	6676807.41	138.675102
352419.199	6675430.94	160.200512
352443.829	6674318.18	166.543195
352551.86	6673217.91	252.756946
352468.695	6672117.82	184.496467
352621.216	6670930.34	315.60196
352577.469	6669654.92	295.909756
352588.242	6668389.72	322.714257
352641.092	6667111.9	383.096063
352762.628	6665950.14	487.361581
352762.724	6664982.16	496.041024
352768.989	6663702.04	512.329276
352817.201	6662423.27	550.040072
352836.9	6661417.34	561.768774
352832.02	6660136.91	548.576812
352869.654	6658977.54	551.339727
353039.591	6657679.38	614.919499
353278.358	6656462.18	704.781522
353233.709	6655390.71	628.097979
353365.471	6654229.14	631.231303
353474.144	6652853.65	591.373005
353657.099	6651849.24	605.950234
353759.235	6650610.86	551.301693
353771.965	6649460.2	453.064684
353954.691	6648269.15	435.222536
354000.96	6647040.21	344.138411
354175.509	6645708.83	307.329194
354336.299	6644494.18	274.704204
354465.146	6643412.76	237.128327
354621.425	6642384.47	218.466834
354709.835	6641104.71	143.711676
354790.112	6640000	80.4092783
346155.51	6708732.22	572.869613
346326.906	6708346.44	637.55574
346808.888	6706792.05	686.618103
347111.846	6705894.03	740.485977
347348.6	6705022.68	736.456985
347627.96	6703717.84	654.830489
348113.53	6702183.73	725.394839
348355.582	6701222.3	705.2973
348574.761	6700377.34	697.418297
348835.09	6698955.6	572.967664
349270.195	6697709.71	692.02003
349579.086	6696721.77	750.328028
349786.607	6695712.18	697.527487
349958.116	6694602.13	583.88098
350181.638	6693500.77	536.61433
350490.95	6692196.7	542.508362
350815.114	6690904.08	584.142954
350964.835	6689582.7	430.525471
351048.586	6688392.32	240.571439
351156.157	6687621.04	185.819292
351278.393	6686680.5	113.36251
351465.684	6685266.06	46.3397414
351631.043	6683838.38	-5.26362017
351844.03	6682485.46	44.3314268
351957.959	6681304.98	34.6711816
351938.024	6680323.87	-69.9501949
352000.691	6679349.7	-77.8606323
352123.983	6678105.77	-27.0407965
352169.319	6676807.91	-33.4006582
352209.751	6675424.15	-26.6428742
352223.238	6674298.62	-25.0506484
352320.414	6673200.81	56.7094757
352232.023	6672112.89	-10.3062688
352324.338	6670936.02	78.5678591
352369.124	6669647.49	134.264536
352377.244	6668341.6	165.156802
352394.134	6667193.97	200.723316
352483.795	6666071.35	286.451469
352474.213	6664839.75	300.24183
352537.552	6663815.31	356.904881
352551.796	6662475.54	378.316733
352587.043	6661354.35	404.530607
352639.995	6660107.69	430.249714
352659.339	6658825.97	424.018629
352837.03	6657711.46	500.908683
352917.459	6656675.79	511.896147
352940.37	6655415.58	470.069224
353081.708	6654253.45	480.961779
353277.321	6652791.24	484.648949
353372.647	6651835	458.036683
353420.486	6650583.83	376.357394
353522.592	6649475.13	328.375126
353582.468	6648212.18	243.411053
353729.824	6646954.43	201.367418
353934.049	6645726.47	189.809734
353965.173	6644445.94	87.7016683
353971.968	6643447.33	-0.603195339
354297.2	6642493.22	70.5289132
354202.783	6641241	-90.1663759
354315.145	6640046.02	-145.584654
346153.502	6708743.44	574.025872
346324.699	6708356.42	638.145243
346683.151	6707246.98	687.380607
347098.768	6705754.99	687.350557
347276.572	6705183.34	707.735688
347539.772	6704029.74	651.932574
347890.214	6702619.11	615.142284
348357.246	6701237.64	711.424199
348537.084	6700521.73	698.7101
348793.748	6699081.13	564.040097
349095.846	6698142.89	624.551546
349543.406	6696749.14	718.773576
349772.791	6695680.07	673.141976
349918.268	6694646.73	551.199483
350018.85	6693559.96	366.544361
350238.899	6692319.73	284.344739
350607.971	6690927.2	348.603265
350803.229	6689534.05	229.099221
350909.246	6688355.04	68.5614933
350992.363	6687599.06	-9.33359802
351035.477	6686583.57	-185.139078
351164.453	6685272.43	-291.443179
351320.779	6683829	-344.927004
351505.661	6682424.24	-321.287469
351485.96	6681294.02	-448.39698
351687.901	6680318.46	-320.556276
351747.979	6679328.91	-325.321313
351887.838	6678113.71	-250.723704
351924.269	6676803.5	-257.939754
351957.003	6675431.05	-250.615384
352026.462	6674181.98	-195.550806
352090.837	6673187.85	-136.417268
352180.926	6672095.25	-52.2628692
352094.897	6670923.22	-103.946223
352165.2	6669641.25	-23.0962359
352194.819	6668343.07	28.8324295
352226.98	6667074.49	82.3515881
352219.639	6666052.57	100.062453
352313.642	6664964.54	187.850182
352301.118	6663710.53	200.715134
352369.012	6662497.48	260.244908
352394.237	6661306.16	283.170948
352419.649	6659982.29	295.960902
352451.664	6658931.35	303.11379
352490.837	6657697.5	301.522899
352585.312	6656555.75	321.787236
352665.131	6655484.31	323.392873
352814.92	6654161.23	333.681747
352933.929	6652801.36	306.777878
353045.329	6651571.49	270.542581
353047.25	6650526.95	183.408803
353354.097	6649549.78	251.375419
353353.506	6648280.88	136.613275
353453.15	6647028.95	71.4509908
353536.671	6645847.08	5.23131166
353639.196	6644425.87	-73.4601089
353646.862	6643460.17	-157.805352
353768.701	6642215.77	-211.742647
353920.991	6641113.07	-238.73347
354113.979	6640055.39	-242.006445
346081.072	6708905.91	547.180874
346321.289	6708370.63	638.707786
346683.988	6707246.87	688.201229
347096.779	6705776.28	691.374232
347274.681	6705186.68	706.694113
347435.382	6704168.29	582.37534
347892.015	6702623.09	618.131561
348358.721	6701267.76	721.54998
348526.075	6700563.1	698.628461
348766.082	6699280.81	590.884309
349055.809	6698075.72	561.693533
349488.359	6696755.26	660.194563
349707.425	6695543.58	562.831071
349745.819	6694757.71	387.649184
349867.707	6693650.21	219.741536
350015.644	6692316.76	27.4137119
350242.478	6690903.17	-82.6629195
350613.604	6689546.28	9.16188078
350749.31	6688322.87	-126.848924
350877.041	6687570.97	-150.290166
350887.981	6686571.54	-357.345729
350980.997	6685275.5	-496.666502
351088.602	6683820.89	-598.238387
351197.995	6682503.74	-635.306621
351260.434	6681259.4	-681.55081
351241.518	6680456.17	-757.351848
351371.002	6679323.41	-691.948441
351534.454	6678181.82	-581.362159
351587.95	6676767.68	-565.859308
351625.782	6675353.54	-543.473264
351707.432	6674064.33	-467.571788
351843.729	6673039.34	-342.635514
351839.299	6672073.56	-328.912778
351683.814	6671099.21	-433.816001
351899.46	6669637.53	-227.422462
351921.034	6668313.16	-173.966015
351869.375	6666977.08	-172.701113
352052.714	6665910.01	-13.504382
352042.402	6664950.91	2.03672776
352030.497	6663688.22	21.3012285
352055.825	6662553.71	57.8506404
352076.572	6661242.87	85.0289557
352150.352	6659971.91	133.00554
352268.366	6658790.47	193.573712
352176.436	6657680.75	121.147543
352343.477	6656570.22	186.377541
352350.909	6655297.25	142.553029
352423.219	6654193.12	127.73286
352673.281	6652798.14	171.401823
352621.277	6651524.43	49.9769709
352674.489	6650532.89	-3.11658505
352998.272	6649544.86	74.037933
352898.103	6648298.57	-85.3884304
353109.244	6647057.81	-93.5438956
353224.365	6645718.83	-157.466757
353364.432	6644416.77	-207.530415
353513.693	6643447.88	-223.414889
353565.752	6642203.88	-310.727546
353608.866	6641070.4	-393.43584
353737.419	6640051.06	-424.192856
346077.441	6708922.95	548.33629
346186.086	6708670.37	586.364157
346682.843	6707252.96	688.76012
347092.556	6705813.81	697.72877
347210.112	6705244.46	655.868963
347455.216	6704126.54	591.116506
347888.829	6702630.1	616.748031
348309.393	6701445.95	720.488324
348469.897	6700616	653.346749
348651.562	6699368.36	492.768531
348904.067	6698006.46	377.851818
349340.763	6696667.44	474.294815
349533.195	6695515.71	362.773071
349624.94	6694757.22	253.175839
349718.328	6693634.51	47.2542521
349815.028	6692305.92	-204.835931
350008.766	6690900.04	-354.737398
350195.625	6689522.56	-487.118019
350296.56	6688569.87	-598.918251
350541.672	6687418.72	-575.231319
350714.524	6686567.17	-557.605563
350792.452	6685272.47	-706.977725
350926.815	6683818.26	-772.984866
350998.211	6682494.44	-844.382526
351069.967	6681231.62	-876.839824
351062.386	6680301.88	-942.02543
351164.988	6679199.03	-894.460404
351213.883	6678095.26	-883.69202
351317.376	6676767.68	-811.226216
351349.065	6675353.54	-785.985073
351343.177	6674169.07	-779.037021
351427.159	6673018.4	-687.227346
351413.352	6672065.58	-675.340925
351463.801	6670986.88	-605.020261
351528.369	6669696.97	-513.073684
351602.108	6668300.11	-410.08315
351555.087	6666975.93	-398.277834
351627.869	6665768.42	-306.218658
351709.065	6664877.55	-222.894893
351712.686	6663907.1	-194.007402
351713.978	6662543.31	-161.93313
351783.429	6661212.12	-96.7712252
351832.84	6659986.02	-58.7386632
351960.765	6658788.98	13.1700422
352122.538	6657667.87	90.1271645
352034.706	6656548.26	13.8705627
352153.149	6655284.05	34.3889012
352210.944	6654186.51	15.2165521
352248.904	6652933.71	-39.5109034
352364.641	6651503.94	-80.9705399
352361.41	6650550.47	-158.121562
352468.27	6649306.53	-208.975451
352623.417	6648174.12	-231.131838
352787.988	6647084.96	-247.307064
352901.902	6645665.27	-318.104357
352955.073	6644360.38	-409.662164
353310.213	6643408.39	-324.866628
353346.606	6642183.92	-418.022161
353471.035	6640974.77	-468.481296
353476.601	6640054.3	-548.966428
346072.026	6708947.19	549.724825
346189.821	6708671.1	590.376372
346677.565	6707029.48	619.4868
347085.02	6705882.45	709.544021
347228.885	6705210.92	665.748103
347470.888	6703950.52	557.235983
347764.156	6702797.44	533.970906
348275.53	6701484.19	695.728715
348417.838	6700607.05	595.31203
348525.947	6699370.97	358.75178
348752.299	6698009.52	214.726995
348865.023	6696676.92	-40.4926198
349320.846	6695510.22	127.923453
349397.897	6694608.84	-38.7935707
349565.6	6693624.8	-125.787292
349662.363	6692288.97	-382.594408
349808.977	6690930.18	-578.30634
349891.186	6689541.27	-838.420136
350062.28	6688435.15	-905.82526
350192.963	6687486.68	-964.449137
350312.867	6686355.04	-1052.38093
350566.169	6685267.4	-958.260069
350695.306	6683827.89	-1018.60763
350792.786	6682494.59	-1055.70917
350842.529	6681115.22	-1112.46177
350896.971	6680283.16	-1104.02648
350960.647	6679188.17	-1089.91501
350991.461	6678097.99	-1090.53816
351054.462	6676767.68	-1048.88316
351084.538	6675353.54	-1016.93499
351090.325	6674149.84	-993.036183
351167.76	6672998.8	-901.186748
351155.364	6672054.45	-883.665914
351190.709	6670987.13	-820.192664
351266.564	6669634.52	-710.876148
351290.667	6668282.83	-639.72736
351325.873	6667064.53	-565.867711
351206.523	6665884.55	-604.080972
351264.701	6664878.12	-526.394468
351374.229	6663656.97	-411.672083
351376.354	6662538.18	-378.488003
351476.212	6661212.12	-287.704933
351567.929	6659888.79	-217.334125
351489.218	6658654.03	-263.004548
351640.418	6657506.19	-186.556186
351686.918	6656538.97	-179.162593
351881.078	6655377.79	-107.893092
351859.796	6654173.64	-170.104916
351903.231	6652710.24	-229.233762
352091.986	6651499.57	-218.546605
352215.192	6650648.68	-222.917021
352249.79	6649417.8	-306.581435
352322.505	6648152.2	-379.709227
352517.392	6647095.87	-377.575301
352586.943	6645608.02	-475.020661
352607.299	6644425.31	-570.557492
352805.336	6643243.6	-581.388711
352811.901	6642192.42	-672.89386
352991.223	6641232.5	-674.102425
353149.69	6640053.3	-705.129221
346064.527	6708980.44	551.560255
346191.013	6708678.92	593.817711
346627.197	6707225.03	623.950187
347019.277	6706101.07	704.568313
347256.087	6705088.28	659.13864
347437.701	6703797.36	478.853968
347720.019	6702807.73	490.723274
348046.848	6701650.82	502.722821
348256.109	6700661.3	440.601725
348371.23	6699363.61	192.046877
348541.857	6697999.86	-14.4292413
348654.592	6696691.39	-264.251018
348843.624	6695542.71	-384.229335
349033.57	6694624.6	-434.593475
349374.728	6693638.92	-333.53011
349474.704	6692296.52	-591.199194
349629.884	6690892.43	-792.958801
349726.171	6689700.43	-990.818629
349839.473	6688459.7	-1160.21892
349976.849	6687484.41	-1214.6628
350040.025	6686463.84	-1342.53896
350239.579	6685252.53	-1319.48044
350448.089	6683831.51	-1279.96287
350480.656	6682424.24	-1381.48813
350621.798	6681124.11	-1329.65083
350718.187	6680102.41	-1285.43301
350746.236	6679168.66	-1292.93528
350765.743	6678087.36	-1298.29581
350840.43	6676767.68	-1239.58169
350858.367	6675353.54	-1212.51037
350870.212	6674143.22	-1177.82085
350937.563	6672986.78	-1089.65598
350920.018	6672043.53	-1072.31897
350985.751	6670985.32	-980.832304
351007.1	6669640.58	-908.569692
350996.658	6668316.45	-858.17002
351052.223	6667039.51	-760.686753
351044.748	6665988.31	-720.756216
351033.314	6664872.35	-683.27986
351083.943	6663657.12	-603.077172
351143.015	6662462.19	-526.413123
351199.835	6661175.53	-458.885705
351148.236	6659951.64	-470.676446
351261.068	6658758.6	-396.06756
351157.893	6657637.59	-458.943787
351320.792	6656522.86	-381.907057
351524.606	6655390.8	-299.452006
351567.261	6654110.68	-326.786813
351560.838	6652777.67	-400.799451
351662.593	6651484.7	-435.254594
352032.035	6650491.47	-325.824833
352050.733	6649272.38	-416.303044
352163.09	6648034.18	-467.340291
352113.625	6647049.09	-576.060609
352221.927	6645661.77	-645.793334
352310.656	6644598.82	-697.486103
352428.517	6643396.68	-747.815774
352464.302	6642152.53	-842.244911
352624.963	6641260.14	-845.850478
352767.91	6640050.75	-886.967466
345960.192	6709131.41	489.088041
346183.175	6708703.73	592.903687
346501.569	6707476.9	567.415026
346991.762	6706237.34	714.961976
347180.625	6705106.62	585.78892
347312.286	6703717.3	325.757209
347482.128	6702690.61	208.832749
347663.16	6701655.9	102.321396
348044.09	6700679.44	222.955019
348167.262	6699352.89	-26.102469
348384.06	6697992.53	-184.701757
348474.636	6696742.9	-443.769919
348602.239	6695425.7	-679.295268
348638.766	6694652.48	-857.76649
348892.234	6693549.94	-889.991107
349181.846	6692282.83	-920.75521
349398.864	6690900.37	-1052.10814
349558.737	6689540.51	-1222.15766
349676.455	6688365.97	-1369.17994
349767.002	6687372.94	-1478.00454
349837.484	6686416.47	-1577.14894
349935.91	6685300.59	-1642.8428
350053.74	6683849.13	-1691.91645
350223.15	6682424.24	-1641.82463
350184.621	6681253.03	-1749.57194
350354.73	6680248.69	-1627.97432
350496.494	6679146.54	-1526.97546
350500.288	6678077.38	-1540.56286
350486.085	6676767.68	-1553.49887
350575.515	6675353.54	-1455.29564
350607.988	6674149.52	-1396.85044
350691.506	6672977.95	-1289.58065
350768.285	6671882.26	-1186.9645
350758.339	6670977.24	-1157.31601
350695.283	6669696.97	-1146.42925
350698.816	6668282.83	-1074.1438
350800.373	6667044.99	-940.032232
350874.69	6665857.47	-832.69164
350845.478	6664852.47	-809.45973
350812.401	6663643.65	-780.979756
350888.038	6662456.07	-689.161054
350828.647	6661172.89	-688.412012
350885.669	6659941.8	-627.981677
350965.439	6658739.07	-568.27139
351102.552	6657619.85	-490.3736
350998.055	6656514.12	-560.355307
351050.235	6655250.43	-559.214996
351241.608	6654077.18	-498.486581
351255.223	6652761.4	-557.432631
351372.985	6651540.68	-575.063817
351398.23	6650471.56	-639.441284
351523.408	6649268.01	-672.542213
351668.17	6648287.82	-684.09693
351840.009	6647115.07	-701.051554
351865.637	6645591.89	-821.328188
352072.233	6644424.03	-825.891561
352226.674	6643260.34	-855.859412
352297.885	6641995.77	-935.413662
352308.417	6641073.36	-1013.28127
352448.577	6640000	-1043.02112
345840.458	6709244.86	400.306754
346155.643	6708748.5	577.613821
346359.175	6707651.92	471.909654
346740.79	6706372.51	496.580433
347038.894	6705032.54	419.080179
347159.178	6703728.22	170.278477
347271.147	6702541.56	-53.2334536
347435.212	6701646.48	-138.31215
347543.258	6700669.72	-304.033975
347941.692	6699345.37	-264.859341
348170.668	6697996.34	-408.829139
348338.472	6696571.1	-636.550286
348464.019	6695433.63	-825.697438
348514.068	6694487.92	-1039.66224
348634.082	6693666.37	-1139.31185
348854.033	6692306.95	-1276.5832
349022.449	6690923.5	-1466.78536
349333.774	6689520.58	-1481.82869
349491.698	6688291.29	-1594.98309
349649.303	6687318.46	-1620.09665
349688.911	6686327.26	-1755.55887
349734.583	6685173.84	-1874.48273
349818.182	6683857.48	-1935.52578
349926.208	6682489.83	-1934.27485
350003.865	6681122.65	-1931.50765
350004.859	6680082.43	-1965.89403
350109.018	6679144.16	-1887.9661
350153.423	6677970.29	-1854.30925
350201.641	6676767.68	-1803.47025
350284.731	6675353.54	-1703.53143
350240.659	6674044.44	-1698.4881
350295.731	6672838.89	-1604.52525
350231.915	6671962.57	-1615.43152
350477.778	6670968.77	-1374.28315
350397.183	6669696.97	-1370.94146
350410.091	6668264.08	-1283.7621
350407.215	6666959.68	-1214.32592
350462.895	6665730.84	-1110.29392
350681.016	6664688.72	-912.519468
350460.406	6663723.15	-1015.53509
350487.169	6662528.09	-946.715835
350555.232	6661212.12	-858.037271
350650.184	6659878.92	-767.35334
350659.073	6658742.08	-746.531625
350785.547	6657608.35	-670.00262
350807.174	6656370.03	-667.913828
350883.865	6655236.29	-648.151994
350853.486	6654086.11	-700.992832
350980.346	6652739.18	-698.451798
350984.905	6651621.7	-763.497838
351161.873	6650486.04	-755.017947
351185.319	6649233.62	-839.368422
351311.676	6648318.64	-852.775765
351533.436	6647020.24	-855.782543
351573.699	6645625.35	-957.149608
351713.659	6644393.96	-998.423516
351737.4	6643116.48	-1100.05859
352002.584	6641992.27	-1075.37639
352122.022	6641168.78	-1092.66678
352132.93	6640000	-1192.37
345812.984	6709247.14	373.085633
346035.602	6708788.98	466.777841
346131.729	6707802.45	283.229245
346507.459	6706417.43	270.889387
346799.054	6705024.41	170.853006
346991.594	6703682.96	-14.843526
347145.358	6702514.84	-190.830558
347203.981	6701597.89	-392.48451
347298.628	6700672.96	-557.432933
347458.654	6699368.72	-762.772926
347800.014	6697970.18	-804.618245
348053.583	6696590.89	-930.289782
348314.181	6695365.56	-1003.82348
348404.113	6694444.06	-1169.59405
348476.106	6693564.53	-1338.45839
348575.778	6692232.24	-1601.45591
348781.334	6690929.47	-1731.62443
348923.061	6689546.37	-1933.03549
349272.109	6688267.84	-1844.68332
349394.156	6687289.51	-1906.82313
349509.643	6686426.02	-1933.85562
349539.708	6685165.15	-2079.63507
349652.149	6683857.35	-2104.53593
349708.678	6682477.26	-2150.92354
349761.147	6681113.07	-2165.20721
349788.065	6680068.77	-2169.21254
349804.195	6679133.16	-2167.0424
349894.309	6677975.68	-2086.74171
349920.175	6676767.68	-2049.20661
349997.579	6675353.54	-1947.08892
349958.26	6674035.15	-1930.72575
349913.351	6672951.19	-1917.32178
349957.25	6671970.99	-1832.37641
350030.383	6670736.76	-1706.56951
350097.031	6669696.97	-1596.1493
350116.554	6668278.1	-1498.65049
350059.064	6666946.65	-1459.67042
350032.338	6665838.85	-1412.56024
350090.479	6664719.14	-1309.73477
350131.447	6663711.62	-1230.23721
350226.535	6662421.93	-1108.58819
350299.469	6661145.99	-1014.11602
350296.971	6659869.59	-978.388163
350409.479	6658620.43	-889.393345
350300.528	6657455.64	-943.637275
350439.688	6656486.92	-869.722706
350501.981	6655317.8	-851.03581
350572.962	6653978.32	-851.998761
350693.637	6652759.38	-843.162271
350839.297	6651618.52	-836.320154
350818.273	6650461.7	-925.373333
350895.785	6649209.17	-981.506052
351014.993	6648159.67	-1008.33677
351082.333	6646833.28	-1086.86748
351198.414	6645700.32	-1128.57162
351450.211	6644369.7	-1125.12586
351457.537	6643077.25	-1235.69935
351490.136	6642128.47	-1304.68882
351775.153	6641150.75	-1257.85919
351775.99	6640000	-1360.52735
345754.812	6709248.4	314.677506
345878.055	6708781.16	304.426072
346035.433	6707784.48	180.034317
346190.252	6706463.43	-39.5603213
346429.403	6705054.43	-198.004903
346774.606	6703663.97	-242.1288
346980.814	6702496.45	-364.720802
347081.158	6701596.17	-519.112445
347152.621	6700646.54	-715.83891
347254.59	6699359.67	-976.813398
347494.282	6698007.44	-1112.77423
347707.025	6696593.23	-1291.47422
348017.079	6695362.24	-1315.97567
348182.001	6694436.7	-1404.72464
348312.435	6693499.96	-1530.43793
348431.12	6692206.98	-1764.44196
348521.594	6690903.97	-2021.71316
348713.296	6689531.62	-2167.33987
348788.636	6688167.09	-2395.57143
348936.164	6687308.84	-2396.22753
349224.682	6686299.6	-2253.8559
349278.286	6685154.95	-2348.75554
349419.464	6683849.88	-2336.8951
349475.53	6682487.59	-2375.69679
349543.99	6681113.08	-2369.75023
349579.501	6680055.09	-2361.72327
349592.356	6679119.27	-2358.94812
349680.077	6677971.18	-2277.0724
349723.439	6676713.46	-2218.86618
349720.867	6675387.21	-2182.05888
349716.329	6674023.95	-2128.19204
349732.635	6672892.01	-2059.19916
349756.239	6671974.67	-1990.41989
349773.692	6670737.97	-1902.924
349808.117	6669545.23	-1802.92067
349790.03	6668250.93	-1733.41174
349794.252	6666944.24	-1645.50559
349753.643	6665816.29	-1602.19633
349798.239	6664704.53	-1504.38571
349769.486	6663597.26	-1460.76062
349909.812	6662427.49	-1309.7875
349944.053	6661164.14	-1233.55776
349935.374	6659865.19	-1194.2311
349954.959	6658715.24	-1155.32006
349952.882	6657448.47	-1139.46676
350099.312	6656337.51	-1056.73026
350119.973	6655312.79	-1055.51663
350284.867	6654061.79	-998.447528
350419.939	6652704.55	-984.260297
350442.578	6651511.11	-1039.36439
350313.324	6650200.47	-1189.80386
350714.742	6649071.07	-1079.65446
350829.509	6648245.9	-1089.96745
350846.002	6646900.65	-1193.37352
350959.026	6645640.78	-1247.08672
351007.412	6644489.15	-1323.9425
351007.345	6643175.62	-1439.17752
351135.245	6642117.92	-1472.69448
351273.701	6640977.96	-1509.24998
351461.936	6640072.36	-1501.99047
345674.16	6709250.03	233.908538
345742.423	6708747.73	158.370569
345884.538	6707762.38	20.8642007
345980.106	6706439.54	-259.832235
346141.196	6705091.41	-480.764307
346334.063	6703694.58	-681.910401
346693.76	6702527.06	-648.763222
346888.039	6701455.19	-756.263596
346989.594	6700651.47	-880.980191
347097.882	6699343.02	-1142.36298
347268.466	6697990.54	-1351.2861
347401.47	6696574.6	-1613.70981
347543.685	6695377.53	-1803.23705
347871.42	6694307.14	-1764.23425
348065.692	6693381.21	-1820.61266
348250.017	6692219.62	-1949.99744
348354.709	6690896.98	-2199.72767
348521.776	6689527.76	-2375.04974
348597.417	6688175.97	-2597.1957
348712.442	6687313.68	-2631.81077
348742.302	6686293.53	-2755.32601
348973.745	6685252.53	-2646.64535
349166.85	6683846.27	-2585.85403
349166.179	6682436.43	-2674.04527
349286.446	6681116.48	-2609.29298
349341.262	6680049.43	-2578.40599
349357.162	6679103.21	-2568.84987
349443.718	6677953.38	-2483.82979
349468.066	6676697.06	-2435.8962
349432.635	6675353.54	-2419.43886
349520.063	6674114.02	-2291.94848
349606.264	6672757.72	-2151.76634
349575.31	6671951.78	-2129.7258
349528.423	6670723.84	-2088.12304
349569.807	6669532.22	-1978.59965
349593.307	6668240.81	-1874.24331
349628.018	6667013.6	-1766.6027
349622.818	6665807.07	-1691.60254
349629.165	6664552.83	-1607.71231
349673.712	6663592.05	-1521.98129
349646.056	6662425.92	-1477.01672
349624.673	6661104.89	-1427.79806
349685.424	6659854.68	-1343.01457
349666.733	6658687.14	-1322.0091
349764.108	6657555.31	-1246.99504
349766.466	6656328.73	-1239.41735
349899.187	6655204.46	-1176.11583
349897.455	6654067.13	-1199.96923
349995.188	6652715.9	-1198.90774
350127.083	6651506.5	-1197.17022
350107.749	6650176.25	-1292.05195
350211.96	6649382.7	-1298.87072
350479.411	6648225.19	-1259.07354
350391.582	6646916.69	-1407.51976
350598.28	6645687.97	-1413.3442
350755.399	6644404.53	-1449.84681
350950.893	6643156.97	-1467.34722
350965.166	6642227.32	-1542.87019
351023.879	6640966.41	-1627.61232
351034.697	6640000	-1709.01623
345334.472	6709292.93	-94.912956
345451.493	6708734.34	-137.400099
345715.112	6707765.16	-148.899719
345825.169	6706423.8	-420.594094
345923.012	6705053.65	-712.721052
346039.967	6703691.89	-980.794594
346193.521	6702490.93	-1166.5371
346392.761	6701584.1	-1222.04942
346783.019	6700669.8	-1085.61778
346903.013	6699344.09	-1339.87428
347114.721	6697986.37	-1509.56685
347210.884	6696653.89	-1787.52926
347317.942	6695273.05	-2064.08544
347401.502	6694440.64	-2210.96501
347578.524	6693378.71	-2322.48687
347941.226	6692289.57	-2248.23453
348131.37	6690886.33	-2431.74794
348360.197	6689516.81	-2545.50404
348435.246	6688164.75	-2767.3214
348543.869	6687305.37	-2808.44385
348559.523	6686149.18	-2958.27113
348665.488	6685151.69	-2962.31891
348762.202	6683780.86	-2981.6386
348819.128	6682442.2	-3000.61981
348954.568	6681010.1	-2916.87534
348944.378	6680045.65	-2934.80057
348958.555	6679077.06	-2921.67385
349023.257	6678150.41	-2852.18565
349145.839	6676767.68	-2711.478
349152.931	6675353.54	-2650.26915
349184.928	6674028.5	-2557.28273
349230.375	6672846.19	-2452.32132
349328.18	6671923.33	-2318.58265
349237.488	6670697.39	-2305.52257
349150.001	6669694.33	-2299.30147
349327.342	6668251.73	-2065.86751
349272.838	6666933.57	-2008.76505
349286.188	6665695.25	-1912.05824
349335.334	6664541.73	-1801.67704
349414.825	6663559.34	-1687.90784
349336.952	6662402.73	-1671.3553
349320.976	6661212.12	-1618.89936
349388.748	6659859.38	-1520.20517
349357.979	6658503.97	-1495.77732
349446.998	6657550.95	-1426.31407
349442.719	6656310.5	-1417.27519
349593.273	6655182.98	-1340.17876
349641.263	6653904.83	-1339.04054
349669.935	6652807.65	-1360.41955
349745.656	6651568.57	-1383.33447
349759.505	6650268.24	-1455.72481
349870.578	6649213.78	-1475.88707
349959.999	6647945.8	-1529.94088
350054.372	6646902.07	-1568.85184
350280.18	6645705.73	-1561.98774
350339.016	6644281.78	-1656.25931
350441.725	6642989.05	-1720.96073
350783.252	6642067.07	-1642.4012
350670.224	6640859.61	-1802.92855
350735.155	6640027.28	-1846.96047
344957.942	6709292.93	-471.261603
345029.956	6708854.73	-524.967727
345390.285	6707773.49	-471.81481
345616.329	6706450.4	-622.278218
345724.497	6705031.11	-917.738857
345879.276	6703692.84	-1142.22855
345996.207	6702485.87	-1366.96556
346160.759	6701572.55	-1459.60746
346255.665	6700633.76	-1628.39194
346581.661	6699338.82	-1665.13347
346840.495	6697964.6	-1791.89835
347058.791	6696572.19	-1963.51388
347165.572	6695270.7	-2219.01157
347250.066	6694409.54	-2373.90979
347335.803	6693514.69	-2531.61044
347544.928	6692204.05	-2674.28388
347756.139	6690917	-2801.14968
348144.872	6689510.79	-2763.69878
348259.649	6688150.55	-2944.52896
348383.531	6687276.33	-2972.96205
348432.684	6686123.3	-3087.18342
348488.353	6685054.87	-3143.57777
348522.986	6683782.48	-3209.16792
348572.154	6682456.75	-3229.52013
348639.7	6681103.38	-3200.14662
348617.167	6680020.58	-3227.41161
348707.094	6678927.6	-3139.01393
348691.149	6678016.79	-3134.62832
348862.56	6676767.68	-2949.78453
348873.099	6675353.54	-2879.76347
348886.226	6674023.86	-2796.00903
348807.6	6672844.07	-2782.64413
348881.424	6671789.85	-2652.31437
348900.392	6670816.74	-2568.05432
348847.726	6669693	-2521.5008
349022.627	6668263.8	-2284.8937
348876.655	6666841.4	-2277.52332
348886.603	6665672.3	-2182.37505
348887.139	6664662.53	-2107.15741
348923.581	6663564.74	-2007.32481
348991.097	6662392.17	-1889.00425
349047.472	6661138.49	-1783.72439
349011.822	6659851.51	-1744.85928
349005.582	6658505.57	-1699.79095
349095.438	6657278.18	-1619.5158
349370.134	6656292.39	-1457.21228
349126.444	6655287.03	-1589.3055
349294.928	6654051.93	-1515.48733
349352.695	6652696.57	-1526.13182
349320.874	6651436.39	-1601.77548
349596.485	6650145.6	-1543.35617
349699.642	6649327.71	-1550.16034
349735.567	6648055.12	-1628.65939
349788.622	6646788.63	-1704.21899
349965.918	6645692.26	-1711.26615
349988.396	6644266.19	-1822.44935
350081.066	6643047.42	-1884.9168
350290.343	6642044.19	-1875.3077
350259.12	6640972.81	-1985.16173
350362.868	6640036.04	-2020.41479
344775.742	6709244.37	-667.005117
344747.879	6708701.47	-849.769486
344901.626	6707644.63	-996.283454
345206.495	6706457.8	-1028.94704
345473.719	6705028.07	-1168.5245
345699.129	6703663.19	-1330.13433
345908.561	6702359.49	-1489.9712
345934.661	6701410.33	-1732.37639
346009.785	6700630.96	-1875.38615
346157.01	6699345.02	-2088.76434
346585.517	6697969.75	-2045.71133
346834.182	6696553.08	-2193.09279
346998.583	6695228.27	-2396.81687
347133.79	6694366.68	-2501.97235
347180.119	6693388.55	-2721.85171
347294.709	6692199.01	-2924.73542
347499.187	6690921.64	-3053.79453
347737.878	6689527.68	-3158.9273
347935.776	6688112.79	-3263.65824
348098.319	6687112.22	-3269.98509
348251.232	6686121.61	-3258.10947
348275.175	6685036.6	-3345.19039
348323.35	6683776.31	-3393.99027
348402.791	6682462.03	-3384.31361
348458.832	6681176.91	-3361.99075
348396.373	6680002.76	-3420.26437
348477.177	6678915.74	-3337.25042
348509.53	6677901.37	-3286.10248
348537.74	6676692.61	-3217.61962
348592.517	6675353.54	-3108.85144
348587.989	6673889.63	-3024.72325
348518.8	6672856.97	-3008.94915
348612.874	6671775.25	-2856.34898
348565.069	6670537.75	-2796.96709
348568.461	6669521.45	-2712.59858
348652.125	6668237.46	-2546.90068
348589.948	6666832.62	-2475.46554
348628.958	6665667.87	-2355.54646
348584.991	6664643.24	-2305.78217
348528.47	6663418.43	-2252.6043
348581.457	6662442.44	-2151.39561
348691.246	6661142.62	-2002.5808
348727.042	6659797.98	-1912.1219
348702.255	6658499.85	-1874.81504
348746.381	6657519.9	-1822.14883
348734.277	6656279.21	-1807.02992
348871.497	6655154.44	-1727.51616
348904.446	6654045.15	-1720.24513
348933.248	6652677.15	-1740.98359
349062.897	6651446.34	-1730.28205
349270.713	6650153.37	-1702.63528
349514.904	6649163.51	-1651.45212
349384.969	6647948.1	-1804.78079
349551.331	6646777.24	-1817.96877
349600.582	6645647.28	-1887.68162
349737.155	6644316.44	-1936.19139
349778.004	6643254.64	-2008.96454
349896.474	6642039.78	-2060.11786
349931.781	6640798.92	-2153.79743
350173.735	6640044.28	-2108.10465
344577.187	6709243.38	-864.08795
344618.56	6708675.18	-985.722846
344714.401	6707633.83	-1185.23605
344880.333	6706439.28	-1358.23814
345130.703	6705045.9	-1503.71769
345469.347	6703650.95	-1561.2998
345740.148	6702336.24	-1663.61249
345809.211	6701388.19	-1862.71615
345914.825	6700492.78	-2009.3097
345960.752	6699332.78	-2287.05716
346200.68	6697990.05	-2422.75843
346421.6	6696573.91	-2595.04428
346783.561	6695206.13	-2614.11798
346921.582	6694098.41	-2781.80293
347036.796	6693308.81	-2883.05382
347149.529	6692164.73	-3076.37797
347227.997	6690884.3	-3326.37984
347405.867	6689541.29	-3472.12023
347512.914	6688252.47	-3632.66655
347597.265	6687023.96	-3747.0887
348010.237	6686104.19	-3482.63287
348014.692	6685015.26	-3585.57753
348001.281	6683838.38	-3680.3651
348156.481	6682442.03	-3603.27697
348159.734	6681098.8	-3624.03601
348255.342	6679866.19	-3539.90741
348250.124	6678900.75	-3529.52833
348348.672	6677895.4	-3420.45236
348314.208	6676687.24	-3401.1095
348329.017	6675353.54	-3321.70068
348367.708	6673890.52	-3197.97312
348365.752	6672864.75	-3127.15299
348364.394	6671764.78	-3043.70072
348346.427	6670526.53	-2958.08399
348420.626	6669606.97	-2826.91524
348400.926	6668234.11	-2724.9466
348385.935	6666834.27	-2616.55746
348377.845	6665661.11	-2524.26233
348410.094	6664495.51	-2409.64265
348426.606	6663394.48	-2315.8889
348468.316	6662441.7	-2222.3923
348384.7	6661076.21	-2187.45754
348465.421	6659799.97	-2068.41555
348448.945	6658504.86	-2021.89091
348541.152	6657373.52	-1934.40297
348405.174	6656266.27	-1988.62003
348537.727	6655149.12	-1907.15521
348565.419	6653871.28	-1901.80113
348733.426	6652665.44	-1843.5261
348737.76	6651465.74	-1891.82415
348994.873	6650030.84	-1845.54037
348879.305	6649007.96	-1971.28361
348974.044	6648059.67	-1993.91905
349155.911	6646925.35	-1994.49288
349313.839	6645700.5	-2018.84218
349328.553	6644184.9	-2139.7093
349618.482	6643144.82	-2093.32998
349674.646	6642011.06	-2166.45469
349643.559	6640766.83	-2291.45152
349854.457	6640045.76	-2257.27293
344363.93	6709244.26	-1074.05346
344523.157	6708507.54	-1127.06922
344559.793	6707610.81	-1344.32499
344686.227	6706412.9	-1557.56932
344835.463	6705073.52	-1787.65641
345037.696	6703672.49	-1980.9907
345412.796	6702312.94	-1992.75949
345594.76	6701383.38	-2074.91424
345759.356	6700480.45	-2165.58698
345803.42	6699314.1	-2446.66871
345978.464	6697971.48	-2646.8809
346115.177	6696633.7	-2879.31007
346243.71	6695327.03	-3106.8603
346548.53	6694205.9	-3112.42052
346759.018	6693187.69	-3180.47305
346959.636	6692188.42	-3249.88138
347060.6	6690874.02	-3484.90561
347218.665	6689508.12	-3655.34143
347330.709	6688192.8	-3809.47027
347374.654	6687135.13	-3933.90459
347510.8	6686016.52	-3945.60349
347590.39	6685029.37	-3964.92381
347728.934	6683859.48	-3921.23291
347875.644	6682433.29	-3850.10651
347879.484	6681099.19	-3865.67794
347983.712	6679870.06	-3770.75632
347996.039	6678886.87	-3741.30687
348097.176	6677875.27	-3627.27297
348033.514	6676675.47	-3628.36032
348034.132	6675353.54	-3555.3866
348030.095	6673941.85	-3463.9425
348173.726	6672713.98	-3262.05346
348099.087	6671759.73	-3242.39938
348131.454	6670658.51	-3126.52872
348170.751	6669590.2	-3005.98407
347961.65	6668288.32	-3039.35486
348109.557	6666842.49	-2807.30655
348032.243	6665575.84	-2748.74531
348121.551	6664492.1	-2598.858
348270.963	6663420.75	-2418.90315
348196.434	6662421.11	-2392.20217
348137.184	6661126.71	-2342.05809
348092.057	6659791.18	-2290.71612
348191.811	6658494.4	-2171.079
348236.004	6657373.03	-2107.36407
348351.911	6656250.16	-2017.87112
348224.029	6655135.18	-2076.81197
348361.238	6653956.69	-2007.73633
348375.865	6652696.85	-2025.28341
348465.017	6651444.77	-2029.35247
348507.022	6650248.36	-2072.93914
348650.189	6649130.37	-2074.33952
348656.075	6647887.44	-2159.46034
348872.577	6647065.36	-2118.54161
348989.775	6645623.39	-2178.68797
349063.613	6644203.63	-2262.7888
349178.608	6643012.36	-2311.29655
349326.267	6641879.51	-2341.24638
349591.594	6640763.39	-2316.06577
349395.153	6640045.29	-2472.02634
344020.132	6709292.93	-1397.34443
344157.87	6708504.39	-1485.58249
344390.395	6707597.4	-1514.00875
344528.928	6706396.96	-1716.31037
344632.372	6705040.31	-1996.84728
344745.608	6703661.61	-2270.64998
344954.329	6702315.73	-2441.20437
345088.389	6701485.67	-2540.83756
345535.414	6700335.74	-2424.58389
345607.366	6699316.22	-2636.342
345817.356	6697965.51	-2804.80647
345915.579	6696648.03	-3070.03252
346013.191	6695236.81	-3352.00493
346180.154	6694188.47	-3468.42795
346251.904	6693402.36	-3603.3076
346625.891	6692297.93	-3532.92353
346830.843	6690859.84	-3697.08182
347027.229	6689493.11	-3828.75558
347145.451	6688188.3	-3974.30123
347195.146	6687096.37	-4098.77781
347279.326	6686002.11	-4151.23232
347346.254	6685012.32	-4180.60216
347420.651	6683794.34	-4193.68813
347543.331	6682424.24	-4138.29062
347593.023	6681094.19	-4109.49337
347569.251	6679860.1	-4118.0258
347583.154	6678719.65	-4078.77956
347553.125	6677885.8	-4073.3714
347737.687	6676671.06	-3866.47429
347747.81	6675353.54	-3781.25353
347736.679	6673942.87	-3691.27554
347805.831	6672573.93	-3529.76655
347648.455	6671444.64	-3550.40365
347677.349	6670626.03	-3456.96532
347825.473	6669693.69	-3264.27936
347763.462	6668291.02	-3179.00703
347774.585	6666852.73	-3037.95336
347676.815	6665587.33	-2988.26554
347670.703	6664348.03	-2882.14444
347710.166	6663432.33	-2780.16647
347727.146	6662513.31	-2695.47102
347789.694	6661124.5	-2555.23711
347699.844	6659765.24	-2523.77063
347821.454	6658469.02	-2385.8009
347767.687	6657241.57	-2369.20616
348004.038	6656238.84	-2210.69817
347973.772	6655120.73	-2213.68349
348022.171	6653933.74	-2187.93144
348016.9	6652662.49	-2213.30523
348165.442	6651447.98	-2181.24546
348332.237	6650247.36	-2160.14921
348302.673	6649105.19	-2246.10939
348378.059	6647860.62	-2295.78535
348486.244	6646799.15	-2323.99133
348590.952	6645520.84	-2376.18038
348669.641	6644307.17	-2439.66483
348974.662	6642984.45	-2409.42441
348795.283	6641845.2	-2592.94863
348947.125	6640917.63	-2603.79906
349224	6640039.6	-2552.53608
343643.847	6709292.93	-1764.34409
343756.838	6708458.49	-1889.75747
343978.411	6707436.15	-1960.69027
344322.129	6706422.69	-1910.55376
344439.357	6704994.95	-2196.59015
344588.543	6703669.1	-2421.49555
344758.597	6702331.26	-2627.35384
344807.747	6701322.53	-2858.31824
345029.521	6700420.9	-2891.02565
345266.794	6699305.2	-2967.11632
345592.107	6697981.28	-3016.4028
345734.196	6696541.71	-3269.8627
345861.249	6695245.07	-3493.37355
345968.465	6694050.28	-3703.08083
346052.687	6693276.69	-3819.90353
346162.932	6692261.44	-3966.82341
346585.104	6690918.3	-3903.21146
346706.077	6689515.26	-4103.66636
346920.35	6688149.67	-4173.2392
347060.752	6686986.89	-4226.72941
347056.725	6685979.9	-4343.23731
347193.569	6684878.68	-4322.55943
347196.041	6683803.22	-4386.02864
347250.404	6682424.24	-4388.99724
347315.99	6681082.34	-4342.72759
347341.675	6679958.13	-4309.61194
347355.801	6678685.98	-4264.59728
347304.184	6677896.61	-4275.45163
347371.402	6676580.5	-4153.47711
347461.591	6675353.54	-4005.65299
347362.391	6673944.95	-3978.93829
347362.666	6672739.66	-3877.93987
347401.91	6671556.37	-3743.91194
347403.483	6670638.74	-3658.06567
347412.999	6669358.39	-3528.27891
347461.605	6668295.05	-3391.29137
347402.921	6666817.63	-3288.4122
347372.396	6665590.46	-3192.05357
347389.197	6664455.44	-3076.66797
347291.076	6663339.66	-3040.78472
347322.967	6662393.48	-2940.7649
347441.154	6661124.9	-2769.24085
347502.157	6659749.01	-2641.04308
347494.734	6658470.66	-2576.11085
347525.812	6657344.59	-2510.64168
347375.356	6656222.69	-2560.62812
347503.686	6655102.54	-2468.49016
347643.265	6653924.68	-2389.36781
347823.009	6652671.65	-2313.75849
347856.011	6651434.76	-2338.93446
347852.275	6650136.14	-2405.89809
347914.587	6649013.9	-2442.66739
348326.103	6647856.86	-2321.37651
348294.827	6646875.95	-2410.09403
348248.064	6645568.87	-2535.58925
348418.366	6644245.02	-2563.38558
348467.329	6643123.01	-2636.04932
348465.549	6641814.22	-2750.37006
348594.145	6640761.87	-2782.78513
348858.124	6640032.33	-2724.33988
343410.36	6709292.93	-1990.98822
343536.591	6708450.25	-2106.26004
343610.247	6707542.57	-2288.19796
343881.377	6706422.91	-2337.71144
344211.359	6705042.75	-2403.26893
344464.101	6703635.12	-2550.65754
344601.698	6702309.75	-2784.6403
344666.289	6701288.73	-3003.8593
344796.401	6700392.3	-3123.11756
344902.337	6699368.46	-3298.41949
345185.948	6697975.44	-3404.03753
345423.648	6696572.5	-3553.09628
345668.924	6695183.07	-3687.89641
345824.613	6694010.86	-3845.08581
345906.044	6693239.2	-3964.02096
345963.251	6692233.5	-4153.66196
346166.991	6690889.85	-4279.43988
346371.497	6689518.08	-4389.87163
346537.69	6688185.27	-4487.38421
346807.843	6686985.37	-4437.21923
346810.672	6685960.25	-4548.50802
346993.814	6684868.01	-4490.26443
346976.454	6683788.75	-4568.6452
346990.675	6682424.24	-4601.41192
347082.917	6681079.7	-4534.83638
347112.732	6679943.88	-4496.58351
347155.703	6678668.86	-4425.9561
347193.745	6677773.75	-4358.60168
347134.428	6676583.8	-4340.59275
347175.257	6675309.58	-4226.08483
347179.128	6673983.53	-4122.79911
347179.691	6672825.07	-4022.86398
347183.817	6671535.58	-3902.73382
347185.254	6670638.97	-3816.45173
347182.432	6669357.75	-3692.61346
347175.946	6668246.45	-3586.41485
347172.471	6666839.62	-3448.02681
347173.216	6665672.5	-3332.99344
347183.595	6664439.86	-3208.65575
347159.012	6663184.39	-3111.84324
347167.857	6662272.75	-3028.80443
347156.667	6660963.67	-2932.64119
347192.082	6659755.49	-2826.8148
347157.931	6658519.13	-2775.22382
347216.131	6657322.78	-2686.55454
347315.871	6656200.51	-2593.19202
347298.261	6654972.64	-2579.61645
347299.2	6653930.64	-2573.17739
347394.114	6652671.43	-2536.71068
347517.081	6651335.47	-2515.34361
347474.907	6650123.29	-2595.80209
347537.936	6648995.31	-2629.77618
347837.287	6648018.55	-2547.85536
347813.931	6646815.6	-2646.84742
347869.212	6645531.82	-2719.70147
348073.153	6644289.63	-2723.84865
348170.021	6643115.56	-2776.99041
348414.213	6641792.41	-2776.3781
348425.104	6640873.96	-2852.07861
348537.087	6640000	-2877.55262
343257.898	6709237.54	-2154.20333
343378.154	6708424.39	-2266.98341
343403.23	6707533.88	-2490.49458
343555.784	6706394.26	-2659.74987
343735.04	6705054.57	-2858.10397
344151.499	6703661.58	-2842.85215
344414.309	6702288.29	-2969.481
344491.937	6701268.75	-3175.00091
344617.223	6700215.96	-3342.603
344725.016	6699264.04	-3495.48689
344866.016	6697952.82	-3711.42971
345032.205	6696580.27	-3915.55591
345332.208	6695198.13	-3992.1813
345629.279	6693981.56	-4028.95958
345763.889	6693218.13	-4096.87882
345856.027	6692102.55	-4279.60116
345956.988	6690876.4	-4465.01189
346049.522	6689498.47	-4663.92013
346162.251	6688159.28	-4799.74819
346260.191	6686963.74	-4886.81606
346396.281	6686100.49	-4871.72945
346638.571	6684998.14	-4771.93016
346652.013	6683846.78	-4830.75386
346709.672	6682424.24	-4829.01465
346762.379	6681010.1	-4793.52326
346894.491	6679835.28	-4669.23234
346942.999	6678661.83	-4594.5822
346993.344	6677740.73	-4514.94735
346872.452	6676560.99	-4542.484
346872.439	6675343.91	-4459.77929
346899.211	6673944.45	-4329.56393
346990.866	6672729.77	-4154.19258
346962.75	6671537.41	-4064.18777
346965.964	6670618.32	-3972.12242
346950.216	6669342.75	-3855.45319
346884.484	6668295.38	-3793.3255
346915.597	6666821	-3620.38634
346862.638	6665501.53	-3521.8883
346900.792	6664442.37	-3393.25566
347025.196	6663330.32	-3210.52948
346950.717	6662377.62	-3173.14289
346879.846	6661114.62	-3113.79898
346855.152	6659756.1	-3029.56542
346887.238	6658540.19	-2935.40008
346917.171	6657324.07	-2858.14043
346999.237	6656190.9	-2770.64946
346978.442	6654955.55	-2754.94711
347103.892	6653818.32	-2679.06627
347064.547	6652599.31	-2711.94697
347167.61	6651461.83	-2690.25284
347238.797	6650200.31	-2710.64603
347228.763	6648973.93	-2784.14206
347309.419	6647828.03	-2819.6199
347461.716	6646695.48	-2825.94056
347533.46	6645528.45	-2880.95427
347754.629	6644303.77	-2874.1918
347819.501	6643031.6	-2950.12822
347904.838	6641606.84	-3032.38639
348246.745	6640708.57	-2950.45514
348121.597	6640074.74	-3065.62052
342944.534	6709292.93	-2439.08756
343170.83	6708281.41	-2505.08669
343322.578	6707397.26	-2606.18026
343376.962	6706378.97	-2835.51634
343500.316	6705045.7	-3084.89995
343740.283	6703692.29	-3226.96794
343965.493	6702265.47	-3401.01548
344356.54	6701149.72	-3334.81424
344430.037	6700234.38	-3512.99517
344578.551	6699254.09	-3635.78066
344663.535	6697951.1	-3901.11422
344784.553	6696579.42	-4144.1057
344984.41	6695231.58	-4301.22348
345042.898	6694055.55	-4534.25447
345471.018	6692924.98	-4424.87153
345670.147	6692105.51	-4440.59246
345771.378	6690868.19	-4624.08821
345842.538	6689494.42	-4835.35826
345973.447	6688233.54	-4941.08975
346018.879	6686946.85	-5082.96813
346129.259	6685942.6	-5101.49044
346220.419	6684841.87	-5119.07533
346262.853	6683814.13	-5145.13196
346426.732	6682424.24	-5056.06105
346471.844	6681010.1	-5025.48381
346486.552	6679581.62	-4986.84028
346547.46	6678682.21	-4905.22975
346753.426	6677840.74	-4706.61725
346569.222	6676543.68	-4774.65104
346566.351	6675339.85	-4692.35221
346600.161	6673942.56	-4552.68328
346553.33	6672509.77	-4455.86449
346669.519	6671263.33	-4249.46952
346689.777	6670579.57	-4165.43994
346537.487	6669434.29	-4154.90033
346587.33	6668235.31	-3992.16546
346562.495	6666876.75	-3865.42205
346552.015	6665461.05	-3723.35272
346458.565	6664312.75	-3668.15647
346471.788	6663194.56	-3550.54192
346476.943	6662475.91	-3480.36688
346532.686	6661108.85	-3326.94204
346546.474	6659755.79	-3215.18852
346631.744	6658443.74	-3079.53467
346604.976	6657205.42	-3032.78615
346633.747	6656042.05	-2971.00526
346770.696	6655067.24	-2871.69351
346617.467	6654036.46	-2942.63473
346741.681	6652698.15	-2881.25865
346880.294	6651378.03	-2842.63658
346893.831	6650104.8	-2890.29795
347124.63	6648965.44	-2837.09731
347109.155	6647814.38	-2918.65051
347211.087	6646692.04	-2948.34769
347246.544	6645430.29	-3026.25839
347419.791	6644274.77	-3035.66914
347448.13	6642866.06	-3139.98997
347582.379	6641788.29	-3168.77895
347748.751	6640681.25	-3187.10616
347822.151	6640000	-3213.09845
342684.325	6709292.93	-2687.73451
342933.618	6708269.26	-2734.5601
343114.95	6707370.19	-2811.03153
343212.538	6706363.6	-2996.08216
343325.895	6705024.17	-3256.58538
343502.999	6703685.32	-3453.93374
343629.732	6702253.36	-3720.57447
343855.935	6701356.22	-3749.22275
344106.072	6700234.26	-3814.1019
344384.691	6699259.8	-3814.40413
344482.255	6697935.97	-4071.50933
344598.361	6696569.15	-4316.91012
344765.163	6695223.49	-4500.80835
344796.35	6694032.81	-4757.42928
344940.764	6693089.13	-4847.40885
345189.872	6692018.68	-4869.73404
345447.042	6690843.75	-4899.91131
345598.334	6689488.84	-5032.39377
345767.926	6688221.39	-5105.84891
345853.146	6686935.98	-5215.13334
345884.998	6685926.05	-5295.58509
345970.685	6684832.87	-5317.60329
346044.123	6683716.86	-5323.26837
346089.038	6682475.19	-5323.0363
346182.101	6681010.1	-5254.19071
346157.364	6679684.14	-5247.21603
346143.229	6678792.43	-5224.75923
346214.132	6677702.22	-5116.68528
346263.543	6676542.76	-5007.94034
346255.755	6675330.27	-4926.00633
346403.336	6673941.58	-4698.95893
346212.481	6672597.41	-4713.20263
346226.641	6671524.93	-4594.54787
346134.395	6670272.35	-4528.50492
346239.553	6669459.48	-4366.54962
346288.313	6668203.31	-4194.91405
346203.834	6666906.98	-4110.79165
346244.758	6665443.5	-3924.63002
346163.056	6664406.9	-3870.44031
346152.71	6663132.1	-3748.11404
346159.074	6662206.34	-3656.07269
346265.423	6661005.21	-3483.08361
346236.659	6659787.42	-3403.58288
346232.356	6658449.69	-3315.19712
346308.832	6657195.04	-3202.19525
346164.582	6656031.29	-3236.93466
346169.012	6654919.23	-3201.90099
346263.901	6654039.01	-3135.94661
346365.596	6652684.73	-3082.44334
346447.856	6651356.4	-3069.15921
346568.213	6650003.57	-3062.14567
346787.277	6648835.14	-3013.82664
346892.142	6647795.4	-3027.86366
346865.698	6646623.56	-3122.04564
346986.092	6645493.95	-3147.49283
347076.619	6644241.19	-3202.84698
347212.877	6642930.97	-3246.02485
347241.171	6641904.61	-3319.84819
347357.899	6640681.86	-3371.18716
347449.364	6640000	-3388.50578
342338.979	6709264.93	-3024.06446
342422.949	6708345.97	-3198.18479
342743.877	6707259.89	-3192.52123
343003.022	6706375.09	-3190.92039
343129.422	6705030.34	-3439.48205
343341.824	6703672.78	-3609.29411
343425.268	6702321.78	-3893.74838
343561.87	6701083.71	-4095.43482
343593.044	6700311.31	-4269.28985
343919.177	6699303.49	-4230.4931
344251.501	6697936.45	-4281.41739
344370.208	6696569.35	-4520.63211
344597.524	6695212	-4652.64647
344708.075	6694013.04	-4839.95214
344722.168	6693048.35	-5044.70702
344845.485	6691957.21	-5172.35688
344984.657	6690885.89	-5271.54952
345269.34	6689488.18	-5296.29489
345437.61	6688154.69	-5374.36291
345663.466	6686826.83	-5374.83883
345746.656	6685908.53	-5404.49186
345730.382	6684813.43	-5505.17808
345877.276	6683709.85	-5454.19734
345871.748	6682462.5	-5494.10959
345889.083	6681057.5	-5484.21069
345922.605	6679667.84	-5428.77307
345926.084	6678788.73	-5391.85305
345957.273	6677691.93	-5312.37385
346000.838	6676544.31	-5207.29046
345978.737	6675291.54	-5130.70873
345976.6	6673984.28	-5018.55138
345955.987	6672578.52	-4897.97659
345926.023	6671517.79	-4809.84021
346003.8	6670394.98	-4634.08633
345990.535	6669467.49	-4541.48758
345967.288	6668116.2	-4406.07738
345933.677	6666901.99	-4292.30733
345929.311	6665485.04	-4137.77048
345916.912	6664395.48	-4028.67718
345908.29	6663111.45	-3901.7008
345907.91	6662209.46	-3813.74933
345915.307	6660910.75	-3690.82403
345913.851	6659738.43	-3594.39547
345884.359	6658488.52	-3523.15442
345909.396	6657270.93	-3437.36216
345974.936	6656137.89	-3348.54457
345982.509	6654891.69	-3306.09247
346010.338	6653937.07	-3274.21454
346085.692	6652580.88	-3234.20322
346110.771	6651378.13	-3245.83971
346275.582	6650095.55	-3208.28205
346400.112	6648822.06	-3210.18802
346374.551	6647639.72	-3295.45882
346357.252	6646735.78	-3363.88387
346756.918	6645514.35	-3257.41702
346794.246	6644282.04	-3335.51351
346788.44	6642790.21	-3460.62907
347086.527	6641780.01	-3403.97768
347142.989	6640653.71	-3475.04251
347106.409	6640000	-3550.20444
342126.976	6709261.75	-3225.54822
342230.119	6708329.97	-3385.00991
342346.97	6707454.63	-3514.12323
342530.045	6706351.41	-3641.7799
342900.548	6705013.42	-3657.93733
343072.952	6703637.67	-3868.40564
343274.063	6702266.54	-4048.35033
343392.468	6701083.25	-4251.90222
343439.441	6700147.85	-4452.7244
343537.67	6699199.86	-4606.2565
343727.332	6697983.53	-4742.20067
344052.079	6696533.73	-4811.78088
344386.006	6695211.08	-4837.69934
344481.838	6693901.2	-5059.5433
344567.691	6692999.3	-5186.75509
344640.455	6691910.96	-5352.74828
344745.691	6690869.14	-5469.48202
344919.853	6689536.41	-5565.0907
345048.889	6688113.2	-5681.97547
345332.716	6686696.28	-5644.29979
345340.234	6685855.09	-5719.37272
345460.268	6684795.09	-5711.84958
345637.83	6683711.29	-5637.03221
345544.234	6682424.24	-5744.19185
345653.52	6681010.1	-5662.70024
345695.071	6679673.12	-5601.83313
345745.47	6678631.51	-5521.37102
345804.649	6677536.14	-5418.44504
345760.553	6676536.15	-5386.40967
345806.537	6675307.34	-5259.24077
345751.252	6673973.64	-5182.5636
345733.103	6672581.71	-5058.7678
345793.021	6671639.85	-4917.38903
345790.583	6670392.81	-4783.94872
345771.365	6669458.37	-4692.70629
345746.84	6668111.25	-4556.14878
345722.695	6666916.73	-4435.31613
345633.092	6665426.83	-4325.95081
345677.692	6664392.47	-4182.98174
345666.553	6663110.01	-4055.37339
345660.784	6662188.68	-3966.69579
345707.84	6660995.69	-3825.79812
345628.648	6659785.41	-3770.76121
345682.183	6658447.33	-3640.25637
345704.003	6657175.88	-3551.44272
345782.353	6656003.12	-3453.01466
345723.184	6654873.91	-3451.38976
345801.915	6653927.95	-3389.6312
345836.923	6652512.06	-3369.60528
345888.115	6651340.82	-3362.98124
345963.342	6650065.18	-3370.6027
345927.764	6648884.11	-3446.9389
346149.828	6647774.31	-3399.07039
346122.857	6646597.3	-3489.26345
346382.945	6645519.66	-3439.32769
346324.291	6644181.42	-3570.69593
346550.766	6642809.53	-3572.78413
346759.239	6641742.9	-3562.90057
346928.183	6640654.01	-3576.87321
346755.026	6640000	-3716.49515
341929.677	6709261.76	-3410.89199
342051.533	6708172.33	-3595.43026
342121.08	6707387.97	-3744.16405
342234.225	6706292.94	-3934.16151
342448.877	6705056.7	-4066.69257
342803.454	6703637.08	-4117.92941
343056.136	6702229.86	-4258.08164
343226.447	6701039.34	-4414.88148
343307.531	6700105.73	-4583.37358
343358.886	6699152.06	-4779.80394
343491.537	6697959.7	-4958.95802
343703.009	6696555.93	-5113.64322
343936.802	6695165.07	-5237.68463
344220.541	6693925.89	-5275.76487
344381.267	6692882.99	-5367.41335
344465.57	6691901.79	-5498.34128
344553.96	6690852.42	-5627.03325
344697.297	6689489.63	-5748.48459
344774.831	6688138.36	-5889.06503
344881.114	6686738.47	-5980.49753
344923.578	6685855.85	-6034.46025
345149.611	6684781.63	-5947.31002
345280.396	6683819.81	-5903.99928
345317.974	6682424.24	-5914.87496
345343.887	6681010.1	-5896.40961
345416.787	6679683.7	-5811.21999
345472.167	6678618.22	-5725.10857
345531.513	6677519.26	-5620.95677
345459.524	6676502.99	-5606.40498
345535.362	6675329.92	-5459.87202
345385.8	6673933.21	-5443.17416
345510.763	6672507.2	-5209.79454
345503.098	6671390.97	-5095.0154
345536.719	6670403.35	-4962.38442
345390.424	6669509.07	-4960.85922
345456.824	6668113.12	-4753.53644
345335.788	6666906.61	-4693.18712
345342.555	6665394.93	-4512.82072
345366.288	6664216.33	-4364.89572
345472.725	6662972.42	-4163.9263
345488.464	6662153.13	-4070.58774
345361.843	6660976.04	-4037.28915
345311.813	6659799.51	-3964.05604
345315.471	6658430.37	-3856.94321
345366.597	6657177.53	-3748.23011
345312.134	6655929.97	-3719.84913
345560.363	6654886.42	-3543.32993
345513.572	6653904.92	-3549.92637
345512.656	6652670.53	-3544.75178
345517.071	6651360.06	-3561.56661
345573.943	6649986.25	-3577.17681
345846.223	6648875.88	-3488.89356
345807.314	6647750.29	-3572.92935
345895.08	6646583.08	-3602.72975
345908.599	6645379.27	-3681.95718
346066.64	6644121.05	-3700.05607
346148.247	6642949.21	-3754.38256
346354.703	6641717	-3758.19821
346397.457	6640501.94	-3841.99949
346584.913	6640000	-3797.13207
341692.872	6709266.88	-3630.68391
341877.614	6708154.26	-3762.08684
342024.657	6707226.14	-3877.77434
342067.373	6706204.04	-4113.5675
342235.638	6704999.19	-4279.76236
342435.535	6703639.84	-4455.92851
342517.906	6702279.89	-4735.62766
343013.766	6701019.21	-4612.58562
343162.271	6699939.66	-4756.18078
343195.631	6699139.31	-4928.63603
343322.776	6697892.68	-5125.0697
343476.245	6696584.62	-5305.81174
343598.407	6695239.44	-5511.32017
343819.053	6693927.03	-5613.00091
343973.223	6692934.49	-5692.69743
344218.975	6691918.15	-5694.98057
344334.467	6690856.32	-5800.98225
344473.627	6689483.36	-5923.08816
344589.9	6688144.39	-6029.52074
344688.076	6686828.37	-6115.87659
344700.419	6685866.93	-6201.01838
344763.073	6684636.85	-6245.60552
344830.963	6683618.93	-6246.72874
345013.263	6682424.24	-6143.25295
345044.911	6681010.1	-6119.88866
345144.106	6679695.53	-6014.73248
345016.001	6678611.02	-6062.7388
344982.925	6677501.91	-6024.59339
345020.197	6676499.9	-5928.82037
345231.548	6675338.1	-5682.03142
345054.662	6673922.26	-5679.65114
345204.674	6672512.73	-5428.09253
344985.912	6671385.68	-5458.31474
344963.858	6670361.23	-5355.76788
344929.104	6669195.66	-5241.30019
345047.82	6668080.17	-5026.15994
344999.476	6666880.35	-4914.56237
345046.875	6665409.17	-4708.09694
344928.752	6664351.33	-4663.09167
344910.529	6663070.57	-4531.35155
344898.769	6662139.52	-4439.96606
344908.187	6660858.74	-4306.15362
344983.407	6659806.48	-4164.02964
344955.68	6658448.29	-4072.72094
344962.157	6657012.93	-3975.24023
344859.889	6656051.1	-3985.7269
344926.754	6654861.73	-3901.58779
345165.022	6653862.95	-3743.8358
345224.272	6652593.69	-3703.44209
345326.754	6651368.58	-3663.79644
345287.277	6650083.17	-3724.36642
345321.416	6648642.55	-3770.29997
345590.633	6647735.23	-3683.05159
345686.432	6646572.3	-3708.64913
345680.329	6645445.46	-3790.05483
345739.475	6644195.96	-3853.5672
345872.032	6642988.45	-3884.08519
345901.095	6641746.22	-3973.09534
346010.291	6640619.41	-4016.18055
346215.82	6640000	-3972.46811
341328.83	6709292.93	-3961.86986
341530.342	6708106.08	-4096.50291
341761.536	6707097.54	-4155.14156
341956.834	6706169.77	-4224.39634
342068.946	6704993.91	-4434.52094
342196.089	6703638.05	-4675.76987
342283.875	6702283.47	-4946.56962
342412.37	6701081.8	-5137.40638
342773.123	6700021.68	-5081.78971
342985.601	6699145.81	-5112.35675
343123.747	6697950.11	-5284.84298
343286.29	6696542.67	-5479.84806
343380.194	6695260.02	-5693.03227
343483.145	6694014.86	-5875.30375
343583.566	6692869.18	-6024.97806
343794.655	6691899.57	-6038.8889
343984.836	6690866.77	-6076.13189
344137.027	6689526.8	-6175.73175
344336.765	6688113.87	-6224.86785
344471.965	6686825.49	-6277.38284
344509.352	6685844.84	-6344.41069
344607.838	6684761.84	-6352.9922
344664.48	6683511.65	-6373.72441
344684.844	6682361.73	-6387.62913
344711.333	6681059.83	-6367.79629
344777.666	6679769.96	-6288.10099
344791.038	6678588.62	-6227.8973
344741.376	6677469.94	-6199.34418
344757.341	6676512.33	-6121.21008
344789.47	6675189.73	-5988.2554
344772.639	6673906.49	-5879.62116
344787.63	6672667.85	-5739.63427
344723.906	6671361.71	-5638.77779
344787.493	6670346.75	-5475.44247
344680.262	6669179.08	-5409.44626
344763.367	6668082.71	-5218.69041
344712.565	6666890.41	-5106.79182
344703.454	6665465.19	-4939.83365
344675.784	6664345	-4825.43754
344657.415	6663045.86	-4689.40341
344646.312	6662142.46	-4598.53458
344649.329	6660857.77	-4466.00589
344648.214	6659757.82	-4363.65514
344662.787	6658422.74	-4245.28047
344677.666	6657001.53	-4141.00921
344692.42	6655973.92	-4078.51726
344732.412	6654848.97	-4012.5343
344716.318	6653733.23	-3993.61208
344826.925	6652519.45	-3922.82955
344943.075	6651269.4	-3872.18009
345007.609	6649979.53	-3875.22366
344959.95	6648643.33	-3957.12788
345083.17	6647732.54	-3942.4664
345350.489	6646695.96	-3869.00154
345318.076	6645430.7	-3970.87022
345391.45	6644179.66	-4025.96621
345607.838	6642929.54	-4017.44854
345648.591	6641743.89	-4094.68568
345812.993	6640599.64	-4112.43843
345872.962	6640000	-4135.86694
340999.332	6709245.8	-4279.55205
341147.498	6708109.28	-4448.50154
341368.773	6707211.48	-4485.05152
341692.984	6706158.04	-4468.71798
341873.806	6704980.37	-4615.79774
341954.341	6703634.55	-4895.74418
342092.982	6702268.38	-5122.24324
342202.774	6701071.14	-5327.05886
342312.366	6699985.16	-5499.29758
342549.7	6699044.43	-5520.03813
342780.296	6697917.93	-5590.13259
343023.012	6696556	-5701.03808
343232.803	6695177.24	-5833.86581
343330.521	6694023.04	-5999.78246
343385.462	6692834.52	-6192.60369
343464.555	6691739.88	-6331.62576
343625.863	6690853.2	-6358.75963
343765.444	6689510.39	-6463.48431
344027.804	6688099.02	-6459.26946
344064.24	6686701.44	-6593.64488
344286.86	6685675.67	-6522.19543
344345.896	6684744.57	-6545.75418
344411.092	6683484.92	-6559.57653
344454.64	6682350.26	-6555.41798
344458.072	6681010.1	-6552.14304
344538.852	6679761.7	-6462.25379
344603.147	6678575.52	-6363.8734
344619.55	6677309.66	-6277.1771
344559.027	6676511.48	-6264.05052
344565.658	6675191.46	-6148.69843
344591.073	6673903.67	-6008.62085
344543.758	6672658.39	-5909.94288
344541.88	6671354.2	-5764.17935
344518.697	6670341.07	-5659.63502
344588.896	6669270.62	-5482.75698
344509.518	6668080.17	-5389.06462
344521.849	6666889.87	-5233.20523
344408.44	6665413.05	-5125.89903
344454.201	6664340.23	-4967.43298
344415.888	6663044.75	-4842.6391
344505.954	6661989.41	-4670.36485
344487.797	6660727.02	-4553.43628
344422.027	6659739.79	-4500.08588
344415.844	6658417.66	-4392.87924
344492.374	6657091.56	-4256.18651
344488.965	6655934.7	-4194.57017
344550.842	6654832.51	-4115.03732
344526.565	6653602.03	-4098.68238
344538.424	6652544.73	-4081.97585
344579.95	6651236.44	-4069.09774
344609.508	6650026.99	-4084.56799
344672.148	6648813.58	-4098.70349
344767.076	6647730.15	-4104.42153
344823.315	6646471.26	-4149.76382
344964.563	6645325.99	-4153.80197
345084.036	6644255.99	-4171.41565
345267.186	6642929.1	-4183.55342
345283.651	6641494.93	-4291.76385
345422.209	6640563.95	-4303.1338
345519.634	6640000	-4305.06236
340788.064	6709247.61	-4473.49944
340911.911	6708037.37	-4683.78708
340994.705	6707314.55	-4800.08286
341141.843	6706238.36	-4949.38884
341537.966	6705055.57	-4899.97519
341702.351	6703631.82	-5122.10547
341911.44	6702265.59	-5284.34148
342103.075	6700966.74	-5441.14378
342120.834	6699969.12	-5671.49058
342291.516	6699029.81	-5748.78721
342390.206	6697949.28	-5918.31723
342662.958	6696560.08	-6005.08248
342872.511	6695175.6	-6133.5351
343147.693	6693894.77	-6174.90151
343222.239	6692824.15	-6325.04995
343276.679	6691703.07	-6486.34331
343407.638	6690845.76	-6530.10699
343495.73	6689518.65	-6667.97444
343649.961	6688049.49	-6748.01879
343792.528	6686758.68	-6787.45282
343810.031	6685698.02	-6867.36902
343901.763	6684639.42	-6873.34416
344007.016	6683581.2	-6848.51856
344148.278	6682342.18	-6776.71986
344163.544	6681010.1	-6764.77229
344171.986	6679685.15	-6723.62962
344332.675	6678575.98	-6558.43615
344384.467	6677299.05	-6444.69336
344317.689	6676483.74	-6433.35694
344209.08	6675256.27	-6406.59978
344305.423	6673922.76	-6211.03731
344206.953	6672618.94	-6139.60119
344349.431	6671254.78	-5884.81512
344328.938	6670187.6	-5770.64755
344333.761	6669301.09	-5659.24351
344187.969	6668055.46	-5601.02352
344127.702	6666864.35	-5490.56925
344107.56	6665412.18	-5321.71546
344144.505	6664166.43	-5145.60274
344225.397	6662918.03	-4948.71897
344233.222	6662098.02	-4852.39158
344104.614	6660944.14	-4811.28209
344056.093	6659823.56	-4730.97388
344033.897	6658434.44	-4624.13302
343998.709	6657052.15	-4544.76002
344165.816	6655899.16	-4381.25078
344217.234	6654822.75	-4306.35947
344323.145	6653700.95	-4215.45295
344213.268	6652518.62	-4263.43647
344316.763	6651241.22	-4213.61064
344353.1	6650054.97	-4221.18054
344527.209	6648728.99	-4178.48295
344472.523	6647715.99	-4257.12562
344613.104	6646583.81	-4249.58366
344667.212	6645319.82	-4303.05014
344777.983	6644206.54	-4325.89743
344917.741	6642838.04	-4361.19868
344923.569	6641478.42	-4467.61867
345074.736	6640443.58	-4480.82943
345146.842	6640000	-4484.19957
340566.668	6709243.92	-4676.50794
340768.762	6708010.74	-4821.07123
340860.404	6707152.7	-4965.12761
340936.08	6706219.21	-5140.76248
341094.724	6705026.39	-5306.87555
341341.419	6703625.87	-5445.29564
341589.122	6702218.8	-5580.70044
341900.159	6700952.24	-5622.37782
341981.762	6699948.73	-5796.90238
342079.464	6698885.79	-5967.15546
342205.835	6697842.56	-6101.11976
342371.127	6696565.76	-6249.2855
342493.905	6695167.41	-6447.13025
342709.926	6693795.53	-6548.17307
343001.093	6692691.82	-6525.83936
343140.686	6691847.02	-6567.71299
343203.537	6690834.84	-6689.38814
343299.466	6689518.8	-6816.66646
343386.248	6688050.35	-6944.46541
343458.571	6686851.19	-7021.80534
343517.825	6685678.47	-7080.72073
343524.211	6684619.01	-7146.54096
343688.996	6683579.98	-7076.47989
343827.156	6682339.95	-7006.89074
343873.831	6681010.1	-6971.45639
343818.782	6679558.73	-6971.03661
343862.805	6678412.99	-6884.69366
343842.682	6677444.09	-6838.23342
344014.587	6676455.08	-6644.94366
343895.069	6675253.62	-6627.14343
343974.596	6673927.7	-6442.38629
343931.804	6672553.83	-6322.96074
343977.993	6671094.59	-6120.49883
343746.826	6670144.84	-6160.89058
343875.338	6669166.55	-5951.26891
343842.558	6668191.17	-5849.19147
343890.425	6666848.93	-5645.12292
343844.818	6665404.99	-5491.40741
343824.126	6664162.14	-5350.68316
343633.205	6662888.72	-5319.99372
343639.096	6662072.03	-5223.17301
343640.838	6660814.81	-5085.34906
343728.587	6659818.93	-4931.02983
343763.548	6658383.84	-4782.7699
343737.753	6656958.57	-4692.70063
343804.817	6655865.16	-4590.57705
343724.461	6654664.12	-4584.86569
343708.862	6653687.99	-4564.30468
343842.574	6652512.24	-4470.82124
343981.556	6651253.84	-4397.29386
344035.623	6649967.17	-4394.74258
344109.941	6648628.14	-4403.02156
344316.438	6647684.02	-4340.40761
344260.834	6646492.65	-4434.97669
344489.864	6645181.81	-4401.7363
344470.485	6644195.81	-4479.82561
344552.238	6642931.22	-4533.39298
344702.155	6641550.75	-4569.12797
344733.226	6640566.31	-4635.16077
344875.744	6640074.72	-4608.19994
340229.233	6709292.93	-4969.53196
340575.223	6707932.4	-5016.5993
340727.825	6707106.01	-5096.98717
340760.183	6706184.31	-5308.02883
340885.079	6704991.79	-5503.44911
341017.589	6703654.73	-5725.39341
341221.626	6702235.39	-5899.02611
341577.241	6700876.9	-5921.61327
341741.625	6699943.12	-6004.81779
341902.502	6699009.06	-6088.13348
342037.153	6697835.59	-6245.60316
342097.768	6696531.45	-6485.54235
342228.066	6695181.64	-6661.8468
342366.797	6693869.3	-6808.90607
342509.251	6692653.2	-6918.72677
342779.227	6691706.37	-6872.01825
342852.58	6690794.47	-6964.8301
343041.271	6689512.52	-7011.14838
343178.382	6688037.85	-7098.42817
343246.151	6686839.8	-7177.07087
343390.731	6685659.02	-7174.30631
343392.417	6684454.72	-7249.9352
343509.888	6683459.29	-7207.9196
343456.292	6682263.3	-7270.85491
343579.703	6681010.1	-7180.13552
343538.39	6679553.09	-7169.16651
343496.804	6678540.65	-7149.70724
343547.465	6677429.67	-7045.23602
343590.909	6676325.75	-6932.01372
343596.184	6675261.15	-6836.74098
343604.038	6673877.45	-6693.88956
343627.602	6672566	-6534.08083
343542.634	6671274.1	-6439.28047
343502.201	6670281.53	-6344.04416
343477.153	6669049.4	-6203.76186
343466.65	6668087.63	-6086.03171
343442.895	6666747.25	-5926.6965
343498.715	6665456.44	-5723.07889
343429.982	6664291.03	-5620.02421
343406.548	6662986.13	-5475.6792
343384.125	6662072.53	-5383.21129
343382.661	6660802.08	-5244.21793
343444.26	6659667.07	-5091.29175
343449.096	6658300.87	-4965.54245
343398.202	6657012.7	-4898.18483
343416.238	6655910.74	-4821.05599
343534.81	6654782.77	-4698.99119
343501.896	6653554.15	-4679.76694
343500.967	6652513.87	-4662.89465
343592.624	6651247.07	-4611.75143
343645.159	6649968.86	-4605.82022
343882.813	6648616.11	-4523.96777
343808.805	6647537.77	-4612.55009
343742.155	6646473.03	-4703.49329
344022.349	6645293.18	-4631.21936
344175.18	6644255.14	-4623.74599
344231.399	6642800.25	-4702.43035
344346.462	6641467.84	-4750.0251
344453.151	6640547.82	-4772.79847
344441.754	6640000	-4825.07063
339971.537	6709263.57	-5210.34667
340224.569	6708032.33	-5305.61662
340562.667	6706944.04	-5287.29004
340589.811	6706180.21	-5461.02087
340721.504	6704968.68	-5654.58958
340812.006	6703619.86	-5915.69166
340964.497	6702246.31	-6120.95622
341123.572	6700980.82	-6288.63269
341310.259	6699962.45	-6369.35821
341510.14	6698962.02	-6431.02601
341799.662	6697842.41	-6442.64354
341902.76	6696510	-6650.08114
342054.342	6695193.19	-6800.96317
342124.724	6693888.36	-6998.69652
342208.043	6692628.56	-7159.67252
342363.168	6691845.03	-7170.41695
342450.256	6690665.75	-7289.05749
342649.573	6689448.11	-7311.68406
342901.711	6688048.92	-7300.00719
342914	6686745.74	-7425.82789
343127.463	6685651.92	-7362.90905
343208.876	6684450.47	-7379.86078
343255.389	6683441.05	-7388.35109
343216.097	6682256.59	-7439.60669
343318.926	6680967.39	-7363.42113
343358.605	6679619.6	-7298.28271
343396.059	6678535.22	-7220.34913
343379.288	6677273.87	-7151.87029
343360.57	6676311.49	-7091.52822
343367.125	6675270.15	-6996.81937
343363.063	6673889.23	-6861.77845
343343.079	6672613.52	-6734.85143
343315.337	6671260.41	-6591.97648
343286.543	6670284.46	-6489.61717
343257.569	6669034.48	-6348.48341
343310.091	6667977.28	-6175.4586
343336.968	6666736.88	-5994.78007
343230.918	6665457.87	-5896.82912
343281.229	6664210.41	-5705.01006
343254.928	6662861.18	-5556.50293
343246.029	6661924.93	-5453.02466
343225.706	6660668.62	-5327.77171
343224.903	6659651.31	-5224.33174
343123.233	6658345.43	-5166.31686
343121.603	6656965.71	-5060.04432
343201.797	6655903.87	-4946.60956
343228.094	6654772.25	-4876.91539
343193.033	6653541.81	-4856.50804
343306.886	6652407.77	-4772.1151
343335.212	6651136.71	-4755.60348
343413.885	6649993.46	-4730.31091
343400.665	6648782.27	-4774.85026
343464.621	6647523.12	-4793.64447
343546.622	6646433.48	-4805.96719
343637.176	6645277.59	-4828.34073
343875.83	6644162.33	-4780.69572
343820.288	6642794.51	-4906.94187
343999.767	6641548.12	-4914.30565
344249.262	6640393.45	-4885.10349
344224.781	6640073.01	-4924.04416
339715.848	6709259.03	-5441.87847
339758.634	6707988.34	-5734.31602
339944.592	6706998.33	-5823.55291
340161.165	6705974.13	-5892.88504
340506.616	6705006.34	-5834.32887
340650.305	6703603.42	-6060.20798
340815.289	6702245.28	-6251.4306
340882.631	6700924.28	-6509.0281
340995.223	6699833.83	-6667.20317
341094.763	6699016.15	-6768.72207
341336.65	6697934.88	-6807.39368
341571.471	6696560.71	-6909.69704
341801.121	6695167.5	-7008.95705
341945.411	6693867.46	-7143.65053
342081.197	6692724.29	-7241.50901
342143.364	6691640.93	-7371.73888
342195.711	6690681.63	-7479.06471
342312.224	6689351.99	-7574.12549
342539.993	6688111.46	-7557.13867
342649.712	6686629.14	-7626.35385
342675.672	6685487.13	-7696.10313
342938.315	6684444.33	-7569.93057
342971.908	6683420.01	-7587.32359
342992.189	6682327.14	-7595.25192
342983.298	6681010.1	-7597.2083
343042.085	6679558.24	-7515.71434
343171.802	6678521.17	-7375.12404
343108.818	6677265.49	-7338.40517
343223.329	6676164.08	-7174.05842
343178.223	6675158.07	-7115.55919
343114.341	6673877.48	-7030.23468
343043.088	6672565.92	-6932.43437
343106.306	6671170.39	-6721.71269
343135.994	6670128.59	-6570.32194
343104.642	6668897.78	-6432.12216
343090.663	6668064.68	-6331.32945
342915.422	6666797.52	-6278.15715
342888.086	6665401.96	-6111.17038
342920.912	6664121.67	-5924.19247
342869.395	6662741.27	-5785.64799
342973.394	6661888.6	-5619.76113
342969.89	6660787.84	-5498.95078
342794.534	6659834.38	-5506.30671
342838.789	6658383.84	-5342.39637
342811.205	6656977.41	-5246.78399
342939.944	6655784.71	-5094.50561
343023.177	6654627.8	-4990.2712
342998.843	6653653.52	-4971.40169
342884.031	6652492.1	-5012.78067
343024.325	6651241.56	-4928.16706
343076.197	6649945.87	-4916.27986
343204.653	6648683.01	-4883.34235
343264.856	6647627.56	-4894.27244
343316.947	6646391.38	-4927.4679
343382.718	6645330.56	-4955.00247
343422.067	6644006.01	-5020.44105
343553.963	6642834.69	-5036.71232
343681.035	6641595.92	-5067.61217
343743.609	6640406.54	-5131.71159
343935.12	6640000	-5071.91661
339509.169	6709258.51	-5627.14509
339570.754	6707985.64	-5902.01983
339719.607	6706977.75	-6028.36761
339824.176	6706065.27	-6167.01167
340035.677	6704963.82	-6257.29508
340301.842	6703616.22	-6359.25801
340601.979	6702195.12	-6446.32215
340730.353	6700873	-6650.30086
340822.292	6699873.02	-6803.80569
340898.949	6698887.09	-6961.09994
341008.376	6697838.74	-7099.33192
341285.525	6696557.58	-7142.74381
341438.858	6695157.34	-7299.93221
341624.181	6693765.67	-7413.23269
341791.807	6692615.1	-7482.66744
341932.635	6691616.6	-7535.80715
342002.519	6690672.33	-7625.26222
342074.769	6689340.71	-7750.7348
342217.337	6688100.68	-7793.31865
342296.651	6686702.73	-7871.38565
342289.118	6685621.36	-7958.77447
342474.337	6684521.55	-7891.33727
342509.396	6683408.76	-7909.32213
342670.673	6682322.3	-7818.30295
342690.977	6680965.56	-7798.27009
342729.906	6679564.77	-7730.97083
342784.303	6678387.61	-7634.78207
342671.786	6677205.85	-7633.70251
342719.28	6676285.76	-7528.90489
342777.998	6675282.42	-7400.81703
342733.07	6673973.75	-7299.62569
342745.592	6672531.01	-7129.14387
342743.99	6671077.58	-6953.32789
342686.046	6670149.95	-6872.91244
342675.77	6668893.79	-6714.97968
342621.235	6668138.5	-6650.60916
342698.672	6666789.75	-6418.49473
342632.459	6665498.52	-6289.01096
342593.047	6664113.84	-6132.72765
342392.781	6662850.29	-6100.31801
342381.005	6662005.1	-6005.51222
342373.751	6660770.66	-5867.30863
342605.549	6659835.37	-5622.85424
342555.642	6658317.12	-5508.74314
342559.684	6656988.49	-5398.47918
342576.953	6655781.22	-5309.43214
342412.369	6654613.43	-5347.45582
342509.333	6653499.57	-5250.16918
342736.927	6652483.1	-5096.8592
342643.408	6651232.26	-5141.8918
342683.225	6649964.88	-5132.731
342845.126	6648688.49	-5077.25579
342896.777	6647500.2	-5094.64608
343140.531	6646290.97	-5025.14566
343133.378	6645256.39	-5088.03024
343194.694	6644058.17	-5132.57193
343274.574	6642802.83	-5178.44428
343337.454	6641643.68	-5233.95202
343396.717	6640381.16	-5304.35153
343575.603	6640000	-5247.99187
339272.31	6709259.39	-5837.20656
339500.575	6707969.38	-5968.19395
339573.652	6706938.16	-6167.20762
339636.166	6705899.26	-6373.53977
339715.657	6704896.5	-6552.48164
340023.195	6703622.26	-6598.26743
340263.932	6702245.04	-6722.85777
340416.719	6700901.16	-6907.7387
340629.723	6699799.09	-6980.95361
340796.17	6698868.24	-7050.97645
340803.171	6697828.56	-7269.88599
340926.323	6696550.52	-7434.47011
341130.885	6695149.58	-7545.67332
341335.716	6693745.04	-7640.89721
341603.295	6692487.68	-7647.74526
341696.04	6691459.46	-7738.66708
341766.269	6690642.59	-7804.76937
341896.346	6689407.63	-7873.0338
341987.651	6688121.42	-7955.87805
342063.425	6686691.18	-8038.38142
342069.406	6685619.26	-8112.92724
342192.33	6684500.22	-8088.90557
342240.922	6683272.88	-8098.10642
342272.47	6682227.72	-8092.53328
342405.378	6681010.1	-7995.31574
342429.131	6679595.96	-7938.22462
342325.543	6678354.45	-7946.02456
342269.426	6677340.75	-7917.78808
342406.07	6676270.79	-7740.90015
342310.306	6675024.22	-7692.40313
342414.157	6673984.08	-7516.21629
342448.637	6672499.24	-7325.34281
342297.716	6671295.37	-7278.43374
342274.9	6670155.65	-7147.44969
342262.65	6668977.59	-6999.21337
342229.606	6668020.58	-6891.81729
342222.768	6666696.58	-6715.85461
342286.637	6665451.93	-6506.01957
342240.345	6664168.9	-6365.44548
342236.813	6662819.59	-6195.34893
342216.124	6661866.92	-6092.57208
342205.445	6660614.11	-5954.90759
342186.885	6659631.74	-5860.92229
342190.512	6658280.73	-5727.79759
342122.232	6657069.62	-5667.93931
342163.212	6655858.23	-5560.41036
342221.491	6654721.93	-5464.58917
342178.254	6653493.26	-5441.99744
342283.017	6652364.26	-5354.78483
342374.462	6651149.24	-5293.60305
342491.408	6649965.86	-5238.55018
342474.165	6648678.85	-5278.78719
342549.556	6647358.41	-5286.36439
342662.802	6646426.71	-5269.28874
342729.148	6645368.1	-5291.22772
342744.422	6644126.12	-5358.18519
342906.436	6642778.86	-5366.85764
343031.413	6641490.44	-5398.64836
343149.451	6640394.72	-5425.31393
343028.475	6640024.91	-5515.39135
338838.77	6709283.24	-6214.01231
339294.412	6707956.13	-6152.7283
339305.745	6706812.34	-6432.46807
339496.989	6705867.63	-6502.74162
339539.755	6704813.57	-6725.50365
339701.247	6703580.19	-6884.94633
339864.45	6702213.06	-7069.43704
340136.046	6700900.1	-7143.16519
340368.3	6699774.74	-7202.9396
340597.318	6698833.5	-7221.94107
340692.939	6697721.06	-7382.01863
340747.578	6696545.18	-7578.94042
340851.609	6695144.5	-7767.06225
340994.209	6693798.93	-7895.78371
341094.981	6692555.56	-8022.51124
341137.417	6691732.65	-8116.31324
341341.588	6690520.75	-8134.12837
341617.056	6689430.82	-8074.03067
341627.883	6688127.49	-8212.53018
341749.843	6686624.64	-8264.96529
341968.837	6685597.99	-8184.43724
341925.813	6684481.43	-8274.03246
342077.668	6683390.87	-8207.84388
342016.344	6682227.8	-8267.73067
342094.759	6680961.55	-8206.64437
342105.759	6679646.07	-8160.72203
342135.226	6678233.54	-8068.84478
342133.12	6677237.8	-8002.71069
342124.217	6676262.62	-7930.8111
342079.682	6674996.04	-7845.06341
342144.83	6673984.69	-7697.50259
342124.921	6672528	-7546.2613
342097.399	6671357.48	-7419.79486
342099.488	6670147.49	-7262.92714
342114.869	6668817.55	-7074.98858
342080.092	6667911.14	-6974.83871
342051.821	6666612.47	-6815.47944
342011.206	6665451.19	-6683.26729
342042.505	6664168.71	-6491.68218
342002.662	6662816.49	-6342.98904
341986.512	6661859.33	-6235.66003
341963.364	6660605.75	-6104.61644
341959.149	6659624.75	-6000.71899
341881.647	6658322.42	-5920.13984
341975.971	6657014.48	-5751.78986
341966.381	6655754.35	-5670.96077
342032.869	6654582.61	-5568.97161
342004.447	6653611.84	-5547.03786
341988.042	6652360.55	-5524.09843
342091.398	6651169.58	-5453.01511
342109.837	6649926.53	-5449.2406
342153.645	6648647.01	-5453.85946
342206.327	6647582.5	-5461.39452
342281.274	6646352.77	-5474.47973
342287.523	6645097.6	-5536.08389
342417.287	6644125.29	-5526.41696
342710.519	6642790.45	-5465.31882
342758.871	6641570.12	-5529.12073
342662.364	6640280.97	-5676.24498
342688.23	6640029.34	-5683.56799
338568.655	6709278.43	-6452.73489
338817.154	6707901.94	-6583.73535
339028.312	6706871.2	-6658.3521
339294.917	6705879.17	-6674.2222
339415.307	6704779.69	-6840.32176
339525.077	6703583.31	-7034.74842
339604.983	6702228.35	-7284.98685
339790.871	6700852.57	-7441.84222
339824.382	6699781.26	-7649.56972
340103.309	6698767.19	-7638.04368
340345.767	6697788.49	-7647.15678
340491.905	6696555.64	-7779.39575
340674.76	6695146.8	-7903.8342
340795.743	6693783.37	-8051.02099
340872.156	6692535.66	-8194.00467
340912.577	6691601.4	-8302.62668
341050.081	6690507.88	-8350.28202
341218.113	6689490.35	-8356.55379
341367.041	6688039.27	-8407.38905
341463.539	6686686.84	-8460.48987
341636.658	6685464.66	-8423.42369
341758.616	6684330.71	-8395.26052
341799.964	6683371.8	-8397.99402
341823.393	6682100.63	-8398.16288
341785.153	6681010.1	-8416.59187
341846.283	6679648.5	-8335.60035
341879.604	6678236.29	-8241.02564
342013.397	6677337.42	-8090.50288
341950.5	6676109.61	-8034.16864
341977.752	6675000.22	-7913.44599
341960.68	6673910.9	-7812.23968
341832.651	6672495.34	-7735.74941
341898.983	6671280.85	-7541.22113
341926.434	6670032.49	-7361.24149
341869.47	6668813.47	-7235.11088
341880.313	6668004.84	-7117.50672
341845.714	6666699.88	-6960.61636
341747.294	6665448.55	-6852.46961
341691.078	6664084.02	-6704.27195
341630.283	6662712.99	-6564.95425
341719.906	6661829.53	-6399.36244
341713.663	6660743.65	-6275.45146
341578.525	6659705.29	-6243.99316
341584.412	6658253.06	-6095.95393
341575.813	6657004.23	-5993.25757
341548.496	6655661.36	-5914.84921
341716.087	6654580.14	-5756.09539
341809.069	6653460.63	-5656.33826
341748.735	6652337.39	-5662.48436
341699.578	6651224.82	-5675.94741
341739.414	6649841.96	-5658.56376
341866.42	6648654.6	-5611.34258
342015.623	6647455.2	-5568.80561
341951.686	6646331.06	-5650.54126
342082.489	6645087.12	-5644.43313
342155.311	6644049.86	-5665.66937
342295.253	6642811.33	-5674.39066
342403.864	6641486.91	-5713.85447
342401.523	6640167.44	-5815.06691
342570.203	6640033.35	-5741.89567
338328.397	6709271.13	-6665.1846
338477.282	6708002.92	-6854.27225
338624.952	6706836.79	-7015.33724
338788.401	6705970.19	-7086.71074
339079.359	6704867.31	-7105.06922
339311.874	6703567.45	-7218.37386
339412.689	6702216.68	-7448.07106
339591.459	6700874.82	-7602.14407
339703.613	6699801.41	-7744.58032
339713.087	6698817.62	-7944.44426
339852.226	6697675.15	-8065.05107
340201.709	6696528.25	-8013.33461
340407.584	6695148.97	-8110.29826
340502.724	6693724.79	-8283.68665
340660.252	6692522.37	-8354.74078
340719.533	6691583.95	-8447.68223
340831.471	6690469.17	-8515.46883
340903.128	6689448.91	-8588.37393
341069.528	6688036.99	-8619.17242
341181.417	6686732.29	-8654.07905
341234.412	6685482.94	-8700.32588
341292.612	6684320.23	-8713.84302
341360.237	6683497.85	-8694.13283
341400.524	6682191.94	-8683.81956
341511.648	6680940.89	-8598.6599
341498.792	6679650.4	-8568.32496
341581.34	6678244.7	-8440.96039
341633.109	6677181.63	-8333.03273
341648.85	6676096.03	-8234.03099
341653.2	6675126.95	-8142.28952
341521.235	6673949.17	-8108.44669
341547.498	6672462.58	-7919.96655
341448.053	6671163.31	-7823.30157
341454.387	6669772.76	-7636.07444
341447.398	6668962.86	-7530.19474
341531.106	6668078.61	-7354.79095
341490.917	6666739.64	-7195.31077
341405.803	6665490.99	-7077.33975
341364.275	6664077.1	-6911.4066
341280.909	6662586.75	-6768.90473
341206.115	6661656.08	-6700.53167
341212.299	6660576.42	-6568.80466
341307.164	6659698.62	-6411.50725
341299.425	6658312.79	-6275.68392
341296.539	6657013.5	-6163.45089
341296.56	6655754.35	-6072.35848
341268.584	6654562.63	-6021.15656
341181.641	6653467.53	-6024.5089
341426.261	6652447.05	-5850.54176
341427.236	6651120.51	-5831.38997
341476.494	6649898.99	-5805.46486
341515.453	6648663.03	-5804.83666
341516.292	6647234.44	-5846.71012
341890.305	6646324.59	-5683.64244
341829.888	6645201.98	-5770.94346
341947.22	6644029.13	-5775.16437
341949.353	6642703.11	-5858.83937
342034.797	6641425.38	-5904.27675
342112.722	6640324.62	-5946.84177
342253.366	6640035.74	-5899.72502
338150.365	6709270.82	-6819.91409
338287.597	6708026.26	-7012.92912
338392.269	6706862.27	-7209.29807
338426.818	6705902.41	-7411.94991
338680.978	6704869.7	-7442.60354
338967.219	6703634.98	-7491.9668
339166.151	6702198.52	-7656.52415
339406.182	6700833.03	-7763.40007
339531.984	6699632.13	-7920.18347
339530.472	6698811.8	-8092.74144
339609.072	6697667.95	-8259.81494
339768.803	6696433.53	-8370.68521
340039.098	6695119.06	-8399.46595
340206.771	6693728.87	-8506.66236
340300.633	6692477.23	-8629.75376
340484.952	6691545.19	-8624.98388
340629.782	6690467.76	-8662.31649
340665.868	6689441.92	-8759.02525
340778.612	6687999.98	-8828.44108
340863.54	6686767.4	-8872.78651
340945.849	6685463.15	-8899.83653
341008.1	6684441.87	-8903.34047
341052.017	6683209.85	-8907.74122
341075.004	6682192.53	-8902.38354
341171.676	6680937.82	-8826.02007
341228.537	6679595.96	-8746.43028
341305.171	6678279.64	-8627.08902
341173.226	6677051.35	-8629.34788
341085.827	6676231.24	-8619.44885
341218.402	6675018.01	-8418.99208
341197.945	6673953.75	-8322.52906
341255.523	6672466.32	-8112.75277
341132.873	6671179.93	-8032.03445
341024.861	6669950.45	-7940.18487
341129.051	6668939.52	-7734.83143
341066.424	6667810.42	-7619.14075
341036.187	6666563.9	-7464.15126
341078.554	6665491.32	-7287.18472
341052.093	6664078.84	-7110.2945
340985.991	6662783.93	-6981.134
340955.327	6661796.03	-6875.49484
340939.57	6660549.06	-6735.62491
340926.619	6659593.21	-6636.19005
340922.531	6658242.71	-6500.5776
340913.854	6657017.74	-6396.32804
340960.076	6655725.95	-6272.59177
341026.481	6654539.51	-6163.31605
340899.566	6653418.47	-6188.51194
340975.826	6652488.25	-6113.7213
341159.379	6651218.45	-5984.82729
341188.213	6649859.73	-5967.68398
341232.626	6648563.74	-5963.02183
341263.981	6647347.78	-5979.98253
341248.558	6646312.41	-6028.23488
341472.16	6645201.29	-5960.20867
341555.599	6644112.74	-5974.93975
341624.167	6642784.09	-6020.96671
341684.167	6641392.8	-6085.49357
341968.275	6640253.5	-6025.17508
341948.149	6640035.41	-6052.74676
337893.938	6709279.96	-7039.08821
338114.135	6707986.42	-7171.20562
338249.803	6706858.02	-7331.96956
338256.348	6705895.3	-7558.52535
338358.059	6704793.19	-7733.04134
338517.697	6703576.6	-7880.95514
338826.222	6702259.75	-7923.32559
339066.723	6700889.35	-8027.80952
339327.36	6699582.61	-8095.50671
339442.984	6698641.09	-8197.06
339455.039	6697649.5	-8385.10198
339545.444	6696372.79	-8555.89697
339715.582	6695152.52	-8642.11785
339755.278	6693763.64	-8840.1789
339922.004	6692529.87	-8901.59571
340168.239	6691538.39	-8857.42039
340353.319	6690475.42	-8860.89576
340386.583	6689425.12	-8959.5324
340463.53	6688024.17	-9046.63801
340570.531	6686719.42	-9078.6484
340693.972	6685452.74	-9072.39941
340737.129	6684419.27	-9087.83973
340775.04	6683197.55	-9094.03885
340891.607	6682082.8	-9024.61074
340878.05	6680942.15	-9021.78239
340884.512	6679644.01	-8976.85797
340921.573	6678349.88	-8885.31797
340912.297	6677022.93	-8799.93966
340933.187	6676080.31	-8706.87773
340934.611	6674820.37	-8586.21793
340911.423	6673800.9	-8493.88583
340917.661	6672473.69	-8335.92912
340918.18	6671249.94	-8181.51225
340889.014	6669920.35	-8024.90059
340879.752	6668938.65	-7896.57875
340835.388	6667828.29	-7771.08176
340805.19	6666559.29	-7612.13653
340773.437	6665442.43	-7475.76713
340798.606	6664116.66	-7276.77908
340752.532	6662776.39	-7127.56333
340727.714	6661792.86	-7017.9684
340700.949	6660539.31	-6883.39916
340693.454	6659590.67	-6780.49198
340687.156	6658231.73	-6644.39561
340717.286	6657009.82	-6515.19107
340690.594	6655720.7	-6434.58477
340736.456	6654530.63	-6335.68788
340773.978	6653274.16	-6257.01135
340751.103	6652358.73	-6241.57039
340783.36	6651134.47	-6200.22438
340801.948	6649828.71	-6185.62836
340827.697	6648618.66	-6186.7144
340901.21	6647338.35	-6178.36536
340897.394	6646288.9	-6218.58182
340974.363	6645050.22	-6232.18665
341329.725	6644110.56	-6093.32738
341236.937	6642771.99	-6221.9863
341371.906	6641453.92	-6240.41421
341535.316	6640146.22	-6252.14073
341628.439	6640032.33	-6213.91818
337613.991	6709285.25	-7278.8359
337777.163	6707926.45	-7473.58554
338032.311	6706804.79	-7529.12501
338178.781	6705732.44	-7662.32189
338193.293	6704782.47	-7873.60072
338302.016	6703578.82	-8059.81829
338504.998	6702209.95	-8198.47386
338681.31	6700860.15	-8346.9259
338900.818	6699537.44	-8445.94384
339084.315	6698534.23	-8502.21437
339315.249	6697515.9	-8519.88012
339443.12	6696407.17	-8628.32483
339483.265	6695143.58	-8820.94833
339618.96	6693756.56	-8943.72466
339696.59	6692651.06	-9050.61181
339764.636	6691393.45	-9171.14505
339814.319	6690467.73	-9248.96995
339983.231	6689294.32	-9258.94003
340180.17	6688067.74	-9240.54066
340266.303	6686716.47	-9287.70329
340308.695	6685357.42	-9339.37107
340569.22	6684282.18	-9205.7761
340491.783	6683176.63	-9283.29837
340623.409	6682059.23	-9202.6084
340704.292	6680853.9	-9134.15837
340623.013	6679595.96	-9147.6309
340665.799	6678348.6	-9053.46328
340699.43	6677016.85	-8939.21385
340695.796	6676068.49	-8861.499
340696.96	6674810.1	-8740.80901
340748.367	6673876.34	-8608.97226
340613.488	6672477.68	-8534.27117
340699.048	6671246.88	-8323.75534
340684.45	6669928	-8158.57151
340631.081	6668931.52	-8056.33843
340619.056	6667801.82	-7906.63222
340560.362	6666553.69	-7768.37817
340563.002	6665503.64	-7618.4794
340453.603	6664055.43	-7487.33237
340394.533	6662688.7	-7341.82388
340560.537	6661635.6	-7103.04056
340538.276	6660395.7	-6968.16049
340545.935	6659560.61	-6868.76341
340337.928	6658243.66	-6860.49021
340354.766	6656984.07	-6734.36537
340380.005	6655734.42	-6623.43836
340310.675	6654408.08	-6583.42907
340512.231	6653272.95	-6411.87104
340556.776	6652327.06	-6355.02392
340482.399	6651108.53	-6373.99624
340527.987	6649898.99	-6341.53407
340596.015	6648500.67	-6318.38093
340736.801	6647331.9	-6268.48566
340717.482	6646143.22	-6321.72467
340776.043	6645167.84	-6332.39376
340861.535	6643911.68	-6350.99771
340972.295	6642686.35	-6364.63171
341003.463	6641477.8	-6427.67763
341295.21	6640128.31	-6375.18293
341296.001	6640028.59	-6382.50252
337341.677	6709255.79	-7519.79236
337491.082	6707934.41	-7714.84258
337679.955	6706732.65	-7843.61322
337949.23	6705697.77	-7862.64345
338099.589	6704759.36	-7956.47358
338122.434	6703565.46	-8210.70119
338286.311	6702219.21	-8376.01068
338365.998	6700843.37	-8604.65132
338463.611	6699723.88	-8756.53424
338553.265	6698575.78	-8911.85079
338795.467	6697552.19	-8916.7005
339111.546	6696522.58	-8862.62983
339172.754	6695110.13	-9060.64015
339415.421	6693750.86	-9095.91682
339504.611	6692634.3	-9193.82541
339548.079	6691358.52	-9332.46079
339577.409	6690464.1	-9418.75307
339727.872	6689275.95	-9441.25352
339891.896	6688121.66	-9436.54315
339979.345	6686666.67	-9488.11388
340056.725	6685456.94	-9504.2502
339990.646	6684158.49	-9597.38338
340296.795	6683306.68	-9411.13337
340200.527	6682159.31	-9482.77027
340253.709	6681008.71	-9435.20348
340322.749	6679595.96	-9343.9943
340273.919	6678272.77	-9305.11935
340421.156	6677031.64	-9121.69472
340433.567	6676040.03	-9029.67202
340457.144	6674929.84	-8908.92379
340291.573	6673938.7	-8913.18973
340316.655	6672474.62	-8726.23992
340328.173	6671194.05	-8557.21017
340237.448	6669705.99	-8417.2199
340231.048	6668619.33	-8270.57723
340278.245	6667851.14	-8132.46279
340269.837	6666697.76	-7974.52746
340156.497	6665523.72	-7880.72134
340138.414	6664050.69	-7686.60525
340047.519	6662583.85	-7546.46745
339989.713	6661565.18	-7452.44131
339947.637	6660369.69	-7333.29796
340057.841	6659674.4	-7184.26542
340040.445	6658304.36	-7049.50922
340059.346	6657030.29	-6919.321
340078.955	6655640.13	-6798.83432
340081.063	6654242.12	-6711.46912
340014.703	6653257.63	-6706.01522
340121.514	6652410.78	-6612.08803
340121.552	6651096.49	-6582.75828
340248.432	6649838.07	-6501.31798
340285.06	6648550.49	-6491.7673
340339.868	6647224.38	-6490.62041
340508.655	6646263.95	-6430.74122
340583.861	6645020.68	-6442.50416
340547.149	6643888.69	-6518.66487
340740.297	6642691.82	-6485.25545
340821.121	6641500.07	-6519.53869
340816.149	6640277.06	-6608.14206
340977.559	6640000	-6546.88825
337019.302	6709271.09	-7792.21112
337188.493	6707988.53	-7958.42335
337249.998	6706937.18	-8156.59559
337398.596	6705848.52	-8286.60661
337608.31	6704856.21	-8340.53466
337885.572	6703555.58	-8406.77154
338068.284	6702204.5	-8555.13935
338184.093	6700833.32	-8752.2553
338270.57	6699742.14	-8905.5001
338330.516	6698581.94	-9084.89667
338497.106	6697569.77	-9144.27182
338710.574	6696455.14	-9180.55934
338894.202	6695154.61	-9262.71281
338991.981	6693753.3	-9408.87067
339310.338	6692513.71	-9352.40853
339337.758	6691353.46	-9484.03857
339433.134	6690442.98	-9524.08324
339553.081	6689154.1	-9575.88161
339576.67	6688061.46	-9660.03338
339640.992	6686712.6	-9716.0942
339747.015	6685436.93	-9714.22303
339695.729	6684128.85	-9795.06181
339849.129	6683149.57	-9709.92443
339757.106	6682032.05	-9773.04507
339925.89	6681007.95	-9650.03856
340020.345	6679595.96	-9541.04979
340071.168	6678267.17	-9436.79231
340071.617	6676869.7	-9336.35417
339960.259	6675995.33	-9332.88718
339961.639	6674906.47	-9227.86165
340094.924	6673924.74	-9038.99386
340044.4	6672467.45	-8901.43547
340010.05	6671198.18	-8763.18861
339923.994	6669696.39	-8617.65224
339864.703	6668737.46	-8522.3351
339823.108	6667723.91	-8406.3636
339800.008	6666514.54	-8248.95412
339845.836	6665491.26	-8074.05016
339831.345	6664045.88	-7880.6261
339692.49	6662669.05	-7781.87653
339697.193	6661727.73	-7657.0889
339674.968	6660485.5	-7517.54897
339664.63	6659550.93	-7415.38808
339660.062	6658205.11	-7274.93088
339768.882	6657013.83	-7095.66594
339689.083	6655695.52	-7039.40919
339683.202	6654336.76	-6956.00421
339719.825	6653377.3	-6886.725
339780.342	6652133.68	-6805.31842
339771.497	6651096.29	-6786.06797
339864.548	6649832.82	-6720.79946
339904.639	6648555.65	-6705.91101
340118.226	6647209.44	-6613.85201
340014.496	6646119.49	-6705.9933
340054.935	6645195.69	-6719.87034
340304.444	6643989.88	-6642.55039
340405.052	6642675.2	-6662.42205
340427.972	6641446.95	-6727.03552
340390.252	6640104.18	-6838.85085
340418.039	6640012.02	-6831.7128
337122.287	6708919.27	-7789.30689
337093.749	6708061.8	-8020.9922
337141.606	6706829.83	-8272.60159
337169.049	6705705.18	-8509.80426
337316.354	6704614.46	-8635.28043
337626.889	6703639.67	-8598.94451
337728.801	6702236.02	-8821.54162
337946.406	6700807.16	-8946.22386
338141.943	6699600.9	-9034.25792
338230.371	6698578.14	-9163.01005
338285.109	6697485.67	-9323.00515
338373.398	6696505.32	-9428.41263
338548.339	6695134.59	-9524.23842
338674.942	6693761.64	-9640.79383
338850.877	6692358.61	-9706.09184
339090.877	6691230.54	-9675.97607
339216.535	6690248.31	-9697.62177
339327.887	6689144.08	-9734.04213
339335.687	6688049.41	-9826.42797
339376.192	6686692.92	-9897.58536
339492.065	6685416.84	-9886.44227
339566.245	6684212.05	-9878.63472
339562.236	6683134.47	-9899.33618
339641.882	6682022.73	-9848.56114
339587.646	6680933.91	-9868.58883
339717.748	6679595.96	-9737.97697
339699.487	6678323.07	-9681.17893
339688.543	6676961.37	-9591.2929
339688.105	6676001.59	-9509.7095
339705.151	6674750.91	-9377.47599
339665.046	6673721.34	-9293.44201
339723.718	6672471.79	-9109.01308
339635.147	6671169.47	-9000.9101
339651.934	6669861.48	-8814.99404
339634.23	6668870.02	-8688.90718
339576.01	6667722.7	-8564.4239
339556.762	6666505.27	-8402.8604
339526.351	6665427.52	-8268.39865
339544.486	6664049.99	-8063.0411
339505.008	6662740.41	-7909.83519
339545.007	6661615.28	-7738.13211
339533.277	6660335.33	-7588.12313
339513.739	6659425.55	-7495.62558
339494.671	6658115.12	-7368.56594
339482.115	6656963.89	-7267.06748
339429.543	6655690.98	-7196.85455
339443.994	6654323.69	-7099.15268
339477.959	6653367.61	-7030.36968
339474.445	6652127.55	-6985.33999
339570.196	6650997.1	-6902.05109
339570.767	6649723.43	-6889.38833
339653.824	6648595.59	-6846.93184
339631.043	6647369.29	-6881.16778
339674.46	6646105.26	-6892.83429
339740.043	6645021.32	-6897.18827
339814.558	6643860.43	-6910.72103
340062.788	6642680.17	-6842.40059
340097.641	6641458.51	-6898.59002
340178.452	6640107.15	-6947.6272
340087.076	6640014.08	-7001.60716
337141.038	6708778.93	-7807.2404
337112.992	6708082.31	-7999.53843
337137.571	6706802.66	-8282.22845
337138.315	6705689.01	-8538.96211
337174.385	6704485.84	-8780.53342
337305.206	6703350.15	-8923.25004
337437.013	6702247.96	-9052.92892
337587.78	6700862.91	-9218.2786
337810.564	6699490.88	-9314.35932
338033.317	6698399.66	-9348.45833
338201.249	6697398.62	-9402.77
338177.337	6696340.38	-9604.39752
338315.22	6695135.63	-9698.14239
338387.358	6693783.18	-9848.34756
338489.66	6692387.84	-9962.89847
338589.665	6691340.89	-10018.1536
338650.022	6690254.79	-10094.8649
338879.68	6689413.97	-10021.2698
338980.181	6688117.05	-10065.0017
339084.957	6686666.67	-10095.2901
339073.528	6685280.02	-10172.0789
339380.196	6684112.61	-10004.5494
339361.801	6683138.43	-10030.3083
339406.163	6682012.42	-10002.2549
339451.554	6680852.67	-9954.36881
339437.162	6679555.57	-9917.89982
339440.918	6678313.01	-9847.52538
339456.1	6676951.45	-9740.25358
339466.217	6675997.94	-9652.1794
339455.688	6674742.05	-9536.96747
339475.929	6673722.85	-9415.19726
339433.913	6672407.87	-9287.10671
339468.838	6671208.32	-9112.76651
339436.66	6669864.63	-8953.26614
339390.489	6668865.14	-8844.01215
339383.755	6667713.5	-8685.65121
339315.741	6666501.29	-8555.68954
339271.189	6665414.93	-8428.56126
339221.317	6664034.93	-8265.33638
339224.611	6662583.2	-8065.08091
339303.805	6661588.73	-7886.0791
339278.562	6660336.59	-7747.4845
339251.941	6659396.35	-7655.36553
339140.985	6658191.6	-7594.89359
339120.92	6657004.66	-7492.74006
339168.66	6655633.48	-7351.52943
339104.967	6654229	-7297.62146
339301.41	6653340.92	-7134.30334
339293.05	6652238.67	-7096.11822
339274.721	6650969.01	-7074.2878
339305.395	6649827.7	-7042.43774
339347.593	6648530.5	-7021.05872
339440.392	6647261.58	-6989.71043
339480.121	6646207.54	-6996.59291
339505.97	6644968.45	-7026.52764
339559.063	6643916.79	-7044.82416
339671.574	6642670.57	-7049.56012
339825.088	6641365.3	-7046.57697
339824.655	6640104.43	-7130.36612
339989.418	6640015.94	-7051.80458
337148.149	6708708.07	-7818.31411
337060.188	6707979.37	-8068.20962
337084.705	6706939.93	-8293.95185
337142.715	6705639.52	-8546.51548
337161.757	6704422.61	-8804.83051
337128.366	6703221.85	-9093.49648
337170.502	6702146.72	-9286.96531
337336.936	6700904.91	-9407.87754
337453.422	6699543.01	-9581.908
337606.562	6698411.66	-9672.89312
337879.037	6697401.1	-9645.93727
337984.323	6696234.39	-9766.08103
338096.803	6695125.98	-9860.90831
338205.355	6693780.9	-9981.22777
338263.743	6692373.04	-10126.8292
338371.445	6691465.03	-10158.8762
338394.089	6690223.78	-10277.5134
338474.52	6689263.42	-10314.7924
338739.358	6687993.16	-10238.7504
338784.981	6686666.67	-10297.1041
338753.165	6685293.19	-10384.0124
339027.446	6683992.48	-10239.7402
339219.632	6683107.19	-10123.9802
338984.659	6682124.7	-10277.2292
339154.981	6681007.89	-10150.8032
339050.436	6679617.99	-10169.2275
339125.463	6678181.82	-10042.0236
339180.744	6676962.06	-9917.33202
339213.468	6675965.35	-9810.78163
339222.226	6674878.14	-9700.3436
339119.205	6673770.82	-9648.44915
339205.929	6672458.06	-9438.82709
339096.107	6671157.25	-9344.11385
339011.13	6669667.76	-9197.82538
339130.159	6668714.13	-8988.62133
339053.562	6667620.27	-8882.28144
339108.802	6666627.25	-8705.14943
338919.308	6665512.25	-8665.45572
338915.962	6664030.07	-8457.68867
338815.143	6662583.41	-8322.94786
338816.499	6661387.86	-8165.87018
338685.293	6660320.06	-8116.17079
338689.845	6659499.41	-8016.89206
338784.838	6658294.82	-7825.43181
338826.838	6657038.28	-7677.05751
338844.054	6655620.65	-7548.45101
338789.424	6654260.08	-7489.83926
338852.724	6653174.01	-7395.1945
338948.432	6652227.43	-7300.19626
338927.082	6651184.34	-7281.67683
338935.387	6649820.69	-7256.56915
338960.751	6648545.83	-7241.89808
339104.441	6647270.4	-7178.13608
339281.329	6646083.65	-7110.27455
339343.322	6644871.45	-7119.32988
339408.604	6643842.41	-7129.82905
339382.549	6642644.45	-7204.82441
339438.661	6641379.38	-7248.01681
339552.522	6640097.16	-7271.42159
339684.089	6640016.99	-7209.72118
337152.466	6708670.24	-7823.7839
337059.835	6707972.48	-8069.99883
337086.267	6706965.93	-8286.46809
337149.133	6705624.35	-8544.60644
337169.239	6704351.89	-8814.28347
337128.321	6703094.16	-9120.54849
337088.426	6702045.1	-9372.86803
337106.421	6700867.89	-9596.40066
337161.088	6699725.15	-9773.62968
337213.83	6698447.71	-9967.12112
337313.827	6697347.26	-10081.8633
337579.903	6696497.92	-10025.8627
337739.087	6695173.66	-10116.5394
337939.901	6693762.35	-10175.8174
338026.492	6692379.72	-10294.904
338153.233	6691442.06	-10315.3503
338272.47	6690050.19	-10379.766
338278.801	6689150.43	-10458.9363
338390.467	6687922.94	-10481.0953
338516.806	6686617.26	-10479.7104
338563.845	6685316.31	-10508.4493
338497.886	6684212.02	-10581.4874
338633.327	6683091.85	-10506.2171
338640.199	6681846.47	-10495.9621
338845.374	6680922.21	-10347.3109
338717.753	6679634.81	-10382.9347
338877.221	6678254.82	-10205.0847
338818.153	6676884.85	-10143.2786
338844.862	6675883.8	-10038.3848
338742.355	6674709.31	-9988.68242
338878.267	6673869.63	-9813.42368
338817.995	6672455.41	-9685.79871
338783.853	6671166.46	-9544.10754
338697.331	6669671.37	-9397.89249
338620.842	6668687.08	-9308.69107
338578.086	6667649.46	-9188.60178
338555.208	6666466.36	-9033.31854
338610.665	6665484.98	-8857.03214
338609.742	6664024.95	-8650.47777
338542.927	6662651.09	-8503.761
338525.222	6661557.09	-8370.93381
338508.69	6660285.18	-8222.49779
338497.598	6659368.2	-8122.13549
338469.478	6658070.68	-7998.87013
338531.637	6657011.03	-7856.34721
338481.043	6655615.36	-7769.77803
338399.463	6654334.73	-7730.93651
338445.31	6653322.27	-7647.77821
338477.947	6652074.47	-7574.52711
338573.864	6650944.92	-7484.9033
338660.952	6649730.24	-7415.42683
338698.628	6648484.85	-7391.94863
338740.501	6647265.37	-7383.26453
338793.758	6645943.03	-7384.91377
339014.847	6645007.44	-7294.907
338934.545	6643952.96	-7381.27009
338952.842	6642716.91	-7430.62929
339162.77	6641273.9	-7400.78671
339310.372	6640096.5	-7398.11551
339159.685	6640016.57	-7482.67043
337093.041	6708427.58	-7932.80686
337059.675	6707969.35	-8070.78803
337087.535	6706986.24	-8280.6035
337109.276	6705689.2	-8562.74071
337176.998	6704319.03	-8815.17475
337133.871	6703002.96	-9135.34347
337107.109	6701901.37	-9386.87385
337104.924	6700953.75	-9579.85969
337106.571	6699726.32	-9815.60872
337148.637	6698407.77	-10023.9068
337111.74	6697334.33	-10235.8014
337333.858	6696349.17	-10232.2606
337513.385	6695047.57	-10300.6705
337624.275	6693724.73	-10408.5113
337683.981	6692352.49	-10541.5001
337926.06	6691299.59	-10490.8867
338040.961	6690039.83	-10540.858
338137.899	6689245.36	-10547.5579
338140.491	6687910.2	-10651.0483
338219.925	6686615.81	-10678.8828
338275.146	6685390.59	-10696.1038
338318.466	6684076.04	-10701.8654
338336.896	6683071.91	-10698.7469
338452.68	6681973.15	-10618.9439
338424.768	6680706.86	-10609.9215
338531.335	6679640.69	-10502.4636
338529.641	6678237.71	-10425.9697
338451.77	6676924.13	-10378.9252
338434.243	6675914	-10302.6132
338426.062	6674706.59	-10189.4003
338417.407	6673643.04	-10080.2233
338433.958	6672379.95	-9920.45487
338490.079	6671150.87	-9728.85743
338360.783	6669746.37	-9621.77711
338382.526	6668803.26	-9476.42165
338317.599	6667622.25	-9350.0024
338304.049	6666450.01	-9190.07421
338329.582	6665323.92	-9012.12861
338285.937	6663992.87	-8850.55031
338303.952	6662646.01	-8653.45763
338284.009	6661559.45	-8522.63993
338269.009	6660269.95	-8370.53505
338249.721	6659366.54	-8276.43247
338236.335	6658066.55	-8143.11033
338227.231	6656955.58	-8039.17772
338229.397	6655607.84	-7923.14163
338213.985	6654312.05	-7841.75654
338185.331	6653302.95	-7803.17256
338173.029	6652065.62	-7755.85836
338273.095	6650946.46	-7662.02285
338354.647	6649751.09	-7593.3417
338415.834	6648519.98	-7553.36019
338405.897	6647237	-7572.53746
338446.497	6646169.87	-7572.49964
338501.933	6644935.51	-7579.22959
338573.925	6643692.17	-7589.11239
338622.856	6642712.98	-7608.28287
338870.173	6641362.54	-7550.20546
338967.416	6640094.31	-7577.99006
339072.225	6640014.96	-7528.56927
337094.062	6708404.71	-7937.43624
337059.699	6707968.61	-8070.88754
337088.307	6706659.2	-8355.8788
337111.631	6705700.14	-8558.27042
337128.894	6704398.23	-8836.77461
337138.356	6702959.72	-9140.85979
337089.454	6701697.78	-9442.47119
337063.367	6700629.07	-9675.0128
337120.067	6699616.17	-9825.29352
337089.994	6698548.26	-10043.0921
337095.06	6697285.46	-10256.4654
337145.841	6696221.81	-10390.7879
337212.04	6694889.75	-10543.2025
337313.032	6693748.3	-10628.9464
337499.844	6692380.68	-10668.2127
337507.084	6691149.9	-10799.4942
337605.678	6690167.21	-10828.2238
337755.133	6689355.99	-10799.8612
337842.581	6687887.68	-10852.917
337866.638	6686618.32	-10912.8548
337977.697	6685305.54	-10894.5615
338140.708	6684183.37	-10815.1378
338171.817	6682922.74	-10805.7903
338174.569	6681960.16	-10797.5
338202.545	6680697.51	-10751.7328
338236.683	6679582.83	-10687.517
338207.244	6678276.34	-10633.2463
338213.086	6676909.96	-10529.2098
338223.244	6675925.64	-10437.3914
338251.625	6674698.1	-10298.9868
338237.912	6673607.49	-10189.9817
338193.657	6672380.57	-10072.6956
338201.844	6671137.9	-9910.1079
338189.899	6669821.14	-9740.21288
338141.847	6668798.49	-9628.08808
338211.447	6667512.47	-9401.41141
338148.304	6666321.5	-9270.10969
338104.036	6665309.62	-9152.55039
338000.742	6664012.33	-9032.99067
337987.784	6662583.64	-8843.78453
338049.348	6661543.07	-8667.76958
338019.394	6660276.37	-8527.55729
337992.55	6659344.49	-8434.41366
337978.686	6658056.09	-8302.18093
337891.057	6657037.62	-8254.61723
337927.304	6655616.99	-8109.40076
337919.824	6654165.87	-8010.85111
338030.386	6653160.4	-7888.93659
338120.277	6652044.6	-7786.62579
337974.393	6650927.26	-7838.21816
338002.441	6649814.8	-7799.54968
338030.088	6648440.41	-7775.85333
338128.81	6647230.27	-7729.79616
338256.788	6646034.45	-7681.84344
338178.955	6644915.13	-7758.46748
338363.135	6643811.14	-7698.73612
338357.192	6642634.91	-7754.99628
338465.489	6641355.47	-7765.61361
338643.516	6640007.41	-7753.62301
338750.387	6640013.16	-7697.61171
337094.892	6708389.39	-7940.41376
337034.697	6707808.4	-8129.87946
337034.779	6706473.98	-8442.59544
337053.001	6705187.43	-8721.40725
337067.813	6704274.21	-8912.5069
337081.648	6703056.38	-9165.57155
337093.303	6701644.01	-9450.2804
337063.946	6700576.56	-9684.42932
337065.883	6699771.4	-9837.10184
337097.473	6698611.88	-10025.9322
337090.721	6697264.87	-10263.1287
337137.47	6696148.8	-10408.0813
337172.389	6694849.14	-10577.813
337045.117	6693699.62	-10827.705
337214.357	6692557.37	-10848.2522
337308.543	6691270.39	-10924.4894
337289.276	6690161.91	-11046.4336
337421.508	6688937.84	-11059.6186
337540.892	6687777.37	-11061.3731
337587.635	6686681.82	-11094.552
337777.353	6685287.74	-11026.2341
337722.744	6684075.33	-11088.4759
337869.154	6682909.78	-11000.4706
337993.557	6681805.04	-10910.6434
337982.988	6680793.35	-10894.6811
337893.942	6679642.84	-10907.5556
337956.392	6678251.12	-10789.8622
337938.977	6676718.47	-10687.4688
338071.361	6675764.04	-10518.3251
337955.037	6674675.28	-10483.6362
337958.857	6673594.41	-10364.0666
337909.027	6672355.14	-10248.9012
337862.097	6671141.07	-10124.6083
337784.108	6669649.69	-9972.91807
337845.722	6668540.41	-9778.61577
337943.117	6667482.14	-9566.43653
337899.263	6666444.37	-9444.91696
337810.739	6665500.25	-9364.64475
337691.706	6664011.82	-9227.62675
337670.993	6662547.71	-9038.27403
337641.811	6661472.46	-8914.30337
337583.535	6660138.82	-8783.40886
337676.321	6659295.42	-8626.12564
337663.607	6658203.4	-8512.7422
337712.247	6657042.5	-8365.78153
337593.983	6655561.9	-8309.66912
337654.627	6654271.14	-8179.77628
337698.342	6653145.69	-8088.65406
337652.536	6652029.43	-8065.43732
337746.745	6651033.08	-7975.70562
337732.71	6649708.8	-7956.74937
337807.017	6648415.62	-7905.06473
337799.159	6647246.45	-7917.65919
337831.701	6645914.23	-7923.45756
338123.29	6644906.22	-7789.67324
338147.791	6643645.97	-7823.44569
338154.321	6642625.81	-7865.36386
338169.298	6641302.03	-7926.7478
338268.745	6640174.24	-7940.67325
338431.958	6640000	-7866.60151
337095.59	6708378.84	-7942.35186
337034.231	6707426.96	-8220.54886
337034.589	6706461.33	-8445.62244
337052.866	6705167.07	-8726.02453
337068.084	6704264.91	-8914.219
337082.9	6703055.78	-9164.64082
337096.007	6701614.43	-9454.11419
337064.09	6700546.9	-9689.88931
337066.366	6699485.82	-9889.42366
337102.404	6698655.88	-10014.2505
337092.139	6697268.23	-10261.4878
337141.215	6696081.18	-10415.5514
337170.225	6694826.06	-10581.4796
337106.768	6693617.68	-10790.7711
337174.262	6692684.62	-10860.6489
337255.865	6691268.88	-10961.0899
337231.989	6690168.42	-11085.199
337355.482	6688933.69	-11104.7576
337278.778	6687646.12	-11244.0165
337344.304	6686630.6	-11257.6372
337520.876	6685350.26	-11191.5713
337522.994	6684068.37	-11218.0347
337406.431	6683036.33	-11297.4455
337405.028	6681789.2	-11285.5001
337664.484	6680808.53	-11097.5919
337648.744	6679562.17	-11058.014
337695.93	6678302.77	-10957.2149
337628.133	6676965.08	-10902.3439
337640.688	6675668.53	-10780.45
337625.355	6674656.19	-10688.8077
337585.02	6673698.15	-10611.0919
337630.967	6672348.15	-10422.945
337669.509	6671149.25	-10246.7729
337574.879	6669650.14	-10104.7923
337516.366	6668644.35	-10000.8148
337456.493	6667518.38	-9878.4065
337399.156	6666273.57	-9735.65727
337474.908	6665260.1	-9542.12231
337465.621	6664007.61	-9369.44072
337417.764	6662640.35	-9210.16859
337398.617	6661578.73	-9081.02789
337357.084	6660373.66	-8954.15737
337336.285	6659159.57	-8823.13384
337304.276	6657906.84	-8706.04559
337378.434	6656850.97	-8555.0678
337365.592	6655559.98	-8450.1952
337388.04	6654370.75	-8349.45701
337383.722	6653282.56	-8287.27182
337438.737	6652008.66	-8193.16022
337424.478	6650885.09	-8162.81911
337418.712	6649606.42	-8139.42237
337528.034	6648372.41	-8066.40926
337562.514	6647228.16	-8053.19434
337575.675	6646022.94	-8065.55284
337635.66	6644747.9	-8066.0221
337705.789	6643784.07	-8061.07195
337919.334	6642699.91	-7989.83239
337899.479	6641319.71	-8070.82296
337948.943	6640038.3	-8119.17829
338096.373	6640000	-8044.10576
337096.191	6708371.44	-7943.61957
337034.391	6707418.83	-8222.31247
337034.478	6706452.79	-8447.65072
337052.806	6705152.83	-8729.22471
337068.286	6703846.33	-9005.37162
337083.851	6702662.68	-9246.67635
337098.061	6701597.35	-9455.94016
337064.272	6700530.43	-9692.83518
337066.383	6699471.57	-9891.84578
337065.037	6698417.4	-10083.9584
337094.62	6697276.74	-10258.1987
337142.184	6695919.3	-10440.2259
337186.385	6694786.66	-10574.8782
337107.848	6693590.5	-10792.6236
337160.523	6692569	-10883.0143
337170.612	6691452.61	-10999.871
337227.376	6690150.45	-11089.9694
337257.935	6689076.33	-11158.8362
337227.306	6687565.94	-11282.9664
337081.803	6686569.25	-11433.4676
337174.735	6685401.42	-11415.9382
337307.686	6684165.21	-11355.3908
337335.72	6683016.15	-11342.7603
337335.626	6681776.82	-11329.485
337295.986	6680537.98	-11320.6397
337384.214	6679451.02	-11219.1636
337360.828	6678245.82	-11164.9517
337334.853	6676901.03	-11080.9969
337292.166	6675867.44	-11017.3298
337415.15	6674627.85	-10817.8375
337247.344	6673477.42	-10797.5023
337374.82	6672236.07	-10569.8629
337403.022	6671093.14	-10406.9686
337263.18	6669804.24	-10321.8124
337250.401	6668766.7	-10185.4653
337212.17	6667553.22	-10037.3545
337235.805	6666296.59	-9841.88069
337194.1	6665032.63	-9686.67684
337121.147	6663895.88	-9570.76939
337127.897	6662735.11	-9405.49257
337224.646	6661655.4	-9200.42071
337295.215	6660348.84	-8989.77991
337285.686	6659166.87	-8855.54424
337242.517	6657881.84	-8741.8827
337231.217	6656758.89	-8638.27603
337078.244	6655555.98	-8626.41193
337070.616	6654398.94	-8544.98112
337325.136	6653297.08	-8323.52395
337383.288	6651992.16	-8225.69942
337334.62	6650755.13	-8213.37263
337286.729	6649611.14	-8217.00012
337186.972	6648359.59	-8263.90451
337276.964	6647288.04	-8216.01071
337371.994	6646020.79	-8180.89491
337416.639	6644882.14	-8184.13912
337487.176	6643757.02	-8182.29741
337672.696	6642581.24	-8130.02915
337601.904	6641208	-8237.39845
337608.675	6640107.16	-8296.33082
337803.512	6640065.8	-8195.6405
337096.714	6708366.14	-7944.44639
337034.516	6707413.24	-8223.50972
337034.418	6706447.07	-8448.99448
337052.8	6705142.9	-8731.42522
337068.352	6703830.61	-9008.67877
337084.49	6702650.35	-9248.70785
337099.676	6701586.99	-9456.75505
337064.515	6700521.31	-9694.34475
337066.457	6699462.44	-9893.35255
337065.43	6698415.73	-10083.7994
337096.895	6697284.47	-10255.197
337146.916	6695894.43	-10440.529
337136.405	6694694.76	-10622.0248
337107.228	6693581.74	-10793.7774
337169.688	6692574.48	-10875.4124
337172.629	6691505.31	-10992.6839
337240.754	6690143.07	-11081.4348
337258.423	6689058.22	-11159.624
337210.797	6687349.22	-11306.5604
337135.72	6686425.01	-11403.0202
337140.872	6685466.52	-11433.9024
337264.148	6684297.31	-11380.7748
337301.046	6683018.53	-11364.9893
337296.256	6681756.77	-11354.1574
337241.269	6680518.48	-11354.5477
337219.945	6679390.55	-11319.276
337061.949	6678182.36	-11348.5484
337204.231	6676965.8	-11167.8657
337176.495	6675982.49	-11100.3498
337269.689	6674444.84	-10889.5058
337046.152	6673454.44	-10921.1814
337217.505	6672273.1	-10672.722
337081.668	6671138.75	-10614.5258
337133.2	6669869.61	-10412.3242
337139.936	6668745.33	-10251.8513
337170.202	6667551.56	-10063.5561
337207.674	6666287.59	-9858.29419
337161.874	6664982.65	-9699.84963
337108.475	6663898.52	-9579.37443
337154.692	6662852.41	-9405.19363
337226.975	6661726.08	-9208.3481
337210.197	6660438.01	-9054.65385
337198.906	6659091.93	-8901.83084
337243.675	6657828.16	-8735.69136
337178.072	6656777.46	-8674.53284
337190.274	6655551.62	-8559.50271
337162.372	6654448.4	-8493.98342
337316.307	6653356.99	-8332.37591
337369.153	6651988.46	-8234.01375
337321.554	6650705.65	-8219.85172
337210.272	6649615.81	-8263.36644
337144.394	6648467.35	-8290.30276
337167.049	6647241.43	-8279.72861
337305.702	6646027.16	-8218.12279
337359.395	6644871.65	-8216.34667
337417.195	6643730.06	-8222.03105
337455.505	6642455.46	-8254.52041
337322.678	6641083.3	-8394.48348
337340.62	6640210.72	-8433.62774
337728.073	6640071.79	-8235.45235
337050.064	6708198.61	-8023.26927
337034.617	6707409.38	-8224.32537
337034.392	6706443.28	-8449.87247
337052.831	6705135.97	-8732.93025
337068.449	6703819.34	-9011.00619
337085.041	6702641.76	-9250.03545
337100.972	6701580.44	-9457.05279
337064.787	6700516.32	-9695.05616
337026.789	6699293.09	-9954.2458
337065.753	6698414.02	-10083.751
337098.774	6697290.6	-10252.7617
337150.786	6695880.37	-10439.8249
337071.512	6694820.64	-10649.8596
337107.136	6693579.87	-10793.8557
337127.521	6692435.79	-10920.0408
337175.448	6691200.14	-11021.6224
337253.923	6690143.7	-11072.3278
337263.971	6689056.24	-11155.8215
337150.169	6687518.87	-11335.3068
337123.404	6686543.14	-11404.6162
337089.657	6685419.54	-11465.948
337220.452	6684170.53	-11409.3247
337303.653	6683050.35	-11363.3541
337291.743	6681733.58	-11356.5517
337243.782	6680440.52	-11349.862
337148.697	6679571.65	-11371.2421
337159.015	6678297.31	-11290.8509
337224.384	6677033.6	-11159.9051
337211.736	6676019.29	-11081.5446
337177.979	6674611.66	-10963.6214
337190.402	6673441.56	-10829.0672
337220.841	6672206.24	-10661.9433
337137.469	6671138.83	-10578.5142
337162.491	6669988.52	-10409.7522
337137.184	6668800.17	-10261.2184
337232.967	6667592.83	-10029.9121
337205.31	6666283.44	-9859.1763
337164.249	6664894.67	-9685.80891
337137.768	6663866.53	-9556.6499
337090.084	6662814.38	-9441.34379
337168.675	6661667.5	-9238.01928
337216.606	6660495.44	-9057.89446
337199.635	6659060.6	-8897.93057
337260.968	6657788.38	-8720.89527
337151.149	6656987.4	-8711.67082
337156.233	6655427.14	-8572.22198
337187.151	6654489.84	-8482.39894
337232.736	6653286.84	-8380.57227
337378.898	6651992.69	-8228.35163
337332.436	6650659.29	-8212.2081
337225.558	6649557.23	-8254.17958
337177.146	6648455.09	-8272.58474
337179.16	6647109.13	-8275.41197
337232.114	6645992.34	-8261.15448
337347.594	6644885.35	-8222.54745
337398.252	6643698.34	-8233.69453
337431.423	6642401.11	-8270.2471
337220.715	6641049.6	-8451.37524
337111.775	6640094.41	-8562.09948
337674.299	6640078.08	-8263.73959
