8.25379691	0.440263627	0.0129526839
8.1594595	0.473767473	0.0492522656
8.03908265	0.477538937	0.0982800156
7.89977662	0.48174051	0.157025982
7.78932532	0.475251337	0.20528375
7.627066	0.460191042	0.286923496
7.53056898	0.477441526	0.345997393
7.41345633	0.476700556	0.423303112
7.2881034	0.478824603	0.51468642
7.1909653	0.478281733	0.58937915
7.07969475	0.476227974	0.676563211
6.96632976	0.467197664	0.765914383
6.85570808	0.465911951	0.852839846
6.74499802	0.466202707	0.939682522
6.63124385	0.474987191	1.02887538
6.52027036	0.477838311	1.11592707
6.42113039	0.480181968	1.19374397
6.30919721	0.480139534	1.28165884
6.20113273	0.47933747	1.36657432
6.09352188	0.477406988	1.45113653
5.97035894	0.468472707	1.54794128
5.86004121	0.46802543	1.63440105
5.74903715	0.470797238	1.72109439
5.64690891	0.480473513	1.80041367
5.52988316	0.477837066	1.89119914
5.41761738	0.476425155	1.97782101
5.30777964	0.478917299	2.06199308
5.20021448	0.482761839	2.14389464
5.09318137	0.481479714	2.22497494
4.98185574	0.481107947	2.30869234
4.87236365	0.482478947	2.39035076
4.75796085	0.468210356	2.47531113
4.6446006	0.46526245	2.55853082
4.53076387	0.467281325	2.64125975
4.41493776	0.479920187	2.72453128
4.30330443	0.488987634	2.80416791
4.18841411	0.483079965	2.88542015
4.07427551	0.474752457	2.9653418
3.95640401	0.464431902	3.04707677
3.84035508	0.466943042	3.12661856
3.72465267	0.488196611	3.20520559
3.60740669	0.483025351	3.28394225
3.4991664	0.488789291	3.35595381
3.38685378	0.476016228	3.42969817
3.26811308	0.477595616	3.50704377
3.13508587	0.477266833	3.59267154
3.01498973	0.474798653	3.6690276
2.90798684	0.486486354	3.73676621
2.79679052	0.478290274	3.80592685
2.67202806	0.476870822	3.88287408
2.55029288	0.463735538	3.95680458
2.42778901	0.473433846	4.03122564
2.30915482	0.48924675	4.10294788
2.18854426	0.482937943	4.17419104
2.0809139	0.472891885	4.23700283
1.94094562	0.474185346	4.31863772
1.80885778	0.476559721	4.39504589
1.70684214	0.490577741	4.45426179
1.65505908	0.427192166	4.47969719
1.6398816	0.372707834	4.48456138
8.2572526	0.445011994	0.0112448124
8.1622765	0.474180866	0.0480700172
8.03717015	0.481712272	0.0989893793
7.89984638	0.484797909	0.156902572
7.79041427	0.476949425	0.204792554
7.62676368	0.460782628	0.287118886
7.54442744	0.470252058	0.336440439
7.41284823	0.479372667	0.423696024
7.29257607	0.483915839	0.511211295
7.18963981	0.48242336	0.59028865
7.0790479	0.477422797	0.677041538
6.96664608	0.467285183	0.765663251
6.85610119	0.465266001	0.852536515
6.74548487	0.465534275	0.939303394
6.63485561	0.468531342	1.02604765
6.52287299	0.480364948	1.11388334
6.41711729	0.486751176	1.1968834
6.30540242	0.485587391	1.2846183
6.20025981	0.487093048	1.36720961
6.09439843	0.479691667	1.45042749
5.97230988	0.468503834	1.54641175
5.86163706	0.467130752	1.63316795
5.75143119	0.471243636	1.71922051
5.64692963	0.494978693	1.80011239
5.52873199	0.477884581	1.89209335
5.43008923	0.469247854	1.96840684
5.30685321	0.479584424	2.06269278
5.20015935	0.491244107	2.14375784
5.09438787	0.482460386	2.22405055
4.98273715	0.480295012	2.30805637
4.87087228	0.482373544	2.39146779
4.75778603	0.465648376	2.47549334
4.64453292	0.46257627	2.55863096
4.53096382	0.464514593	2.64116158
4.41586421	0.476941868	2.72391005
4.30374655	0.483104773	2.80391344
4.18770493	0.479200005	2.88595085
4.07176571	0.464803227	2.96718667
3.95637784	0.46129807	3.04710803
3.84041035	0.463452454	3.12658582
3.72107156	0.478961269	3.20759062
3.60908459	0.477069878	3.28277979
3.49856284	0.478078934	3.35623246
3.37143301	0.465184422	3.43966486
3.26710471	0.47260379	3.50762305
3.13591658	0.472236342	3.59204672
3.03098808	0.463703978	3.65867997
2.91307209	0.476232805	3.73330886
2.79519849	0.468938098	3.80664098
2.6720637	0.472084333	3.88270169
2.55026731	0.460194523	3.95669977
2.4290064	0.46933146	4.0303415
2.30722975	0.475647955	4.10352237
2.18486614	0.475126072	4.17599911
2.06349974	0.461716153	4.24666463
1.94032608	0.468194013	4.31868945
1.80902251	0.472272973	4.39471828
1.71583273	0.475538383	4.44823283
1.65419835	0.422748064	4.47990949
1.62968357	0.360963654	4.4893454
8.25929112	0.44492081	0.0104064778
8.16580905	0.466514246	0.0467190162
8.034709	0.494636587	0.0997793099
7.90000351	0.493040444	0.156673347
7.78603886	0.470427095	0.2066231
7.62623006	0.459555534	0.287322808
7.54316993	0.469722217	0.33715183
7.41092047	0.48248468	0.425003798
7.29821622	0.49416982	0.506805177
7.18821745	0.485837125	0.591296735
7.07868553	0.476674595	0.677335483
6.966816	0.465557044	0.765554881
6.85628921	0.463136814	0.852407953
6.74574018	0.463284764	0.939112802
6.63519154	0.466373558	1.02578769
6.52377721	0.478907704	1.11317519
6.41688183	0.485938965	1.19706973
6.30570056	0.483045478	1.28439413
6.20033351	0.482525579	1.36718236
6.08216448	0.470046036	1.46014206
5.97185535	0.464935617	1.54681613
5.86134308	0.463573237	1.63345675
5.7503237	0.46654064	1.72017429
5.64703814	0.476753437	1.80039644
5.54318818	0.466989574	1.88116035
5.43179179	0.464080085	1.96722036
5.3214046	0.46571835	2.05190354
5.20039186	0.474090783	2.14396385
5.09226189	0.472999399	2.22586734
4.9801584	0.472191379	2.31016721
4.87484252	0.471084261	2.38874895
4.75866948	0.460177436	2.47495349
4.64508064	0.457998723	2.55831635
4.53211824	0.458981594	2.64041622
4.41813893	0.468833918	2.7223882
4.3039238	0.466649482	2.80395853
4.18670211	0.469222239	2.88673354
4.07075524	0.458451752	2.96793094
3.95600552	0.456429482	3.04738493
3.84003802	0.457573414	3.12684691
3.71965539	0.461872826	3.20849169
3.61170161	0.467085883	3.28096635
3.49832804	0.467245947	3.35627938
3.36912921	0.457609053	3.4410831
3.25833144	0.452764183	3.5129711
3.14354907	0.452605508	3.58674453
3.03283645	0.45677258	3.65735961
2.91672787	0.465988752	3.73075983
2.79319852	0.455396549	3.80749222
2.67215719	0.464180507	3.88239558
2.55033942	0.455088067	3.95648199
2.43089817	0.456129255	4.02869283
2.30664443	0.461038113	4.10326258
2.18124457	0.458866051	4.17743461
2.0622817	0.455667245	4.24709058
1.94808485	0.448979914	4.31316063
1.80972796	0.465523478	4.3939442
1.71960149	0.464688438	4.44544461
1.65343692	0.414511618	4.47984038
1.62902241	0.358441875	4.48954504
8.25910779	0.435099284	0.0110554813
8.16456481	0.461963434	0.0473937388
8.02464787	0.472217654	0.104170671
7.88651413	0.476436528	0.162296711
7.7858583	0.466274717	0.20652574
7.62548593	0.455683552	0.287471409
7.5448611	0.466233123	0.335867239
7.41329358	0.476253181	0.42317582
7.29359091	0.481621821	0.510366373
7.18897174	0.478179985	0.590837487
7.0770505	0.465841432	0.67876889
6.96656344	0.461268468	0.765818272
6.8561936	0.45923285	0.852518691
6.745764	0.459185235	0.939111931
6.63496886	0.461183763	1.0259707
6.5230347	0.465312412	1.11377345
6.42080336	0.472580571	1.19401374
6.30915771	0.471492188	1.28172413
6.20103277	0.469981936	1.36671732
6.07931791	0.460571157	1.46247351
5.97018596	0.458310485	1.54821364
5.86007555	0.457541563	1.63454746
5.7482141	0.458487347	1.72197342
5.64046923	0.453686537	1.80597575
5.54628806	0.457816843	1.87897165
5.43405117	0.456321537	1.96566804
5.32406681	0.456205405	2.05009631
5.20035522	0.46376426	2.14423581
5.07646195	0.456021895	2.23819512
4.97828094	0.461825618	2.31180985
4.86281818	0.436827193	2.39836844
4.75943254	0.452961676	2.47453847
4.64557351	0.452147479	2.55806566
4.53287896	0.452191841	2.63997782
4.41973917	0.452612549	2.72146238
4.30397285	0.452812158	2.80408219
4.18601838	0.451831045	2.887394
4.07031278	0.450941445	2.9682895
3.95581574	0.450553876	3.04754083
3.83984958	0.450418816	3.12698528
3.73267539	0.431647591	3.19952197
3.5974725	0.449980486	3.29037984
3.48217763	0.449721107	3.36680742
3.36831629	0.449510367	3.44152612
3.2681638	0.429885215	3.50622115
3.1329103	0.429942711	3.59307584
3.03347262	0.449205916	3.65679678
2.91811033	0.448701855	3.72945848
2.79238327	0.435893616	3.80747941
2.6552381	0.429536567	3.89159852
2.55036099	0.449189776	3.95626835
2.43110299	0.448511362	4.02828676
2.31271384	0.435426074	4.09853601
2.18069445	0.44904216	4.17732406
2.06186986	0.448968199	4.24701642
1.95322166	0.428513063	4.30906703
1.81033959	0.451580712	4.39281675
1.71985606	0.446855933	4.44430086
1.6517779	0.402788372	4.48008925
1.62830745	0.355606983	4.48975219
8.26519769	0.410589609	0.010094062
8.16314157	0.455371958	0.0482183325
8.02313596	0.459385602	0.104931731
7.8831697	0.465433982	0.163612644
7.78425712	0.458101268	0.206959346
7.62454904	0.449657278	0.287588325
7.54775778	0.460469926	0.333693025
7.41568763	0.466508042	0.421188609
7.30209097	0.462555007	0.503770885
7.18911045	0.466516401	0.59089898
7.07690673	0.457319959	0.67903685
6.96627375	0.455022831	0.766140651
6.85603996	0.453903422	0.8526883
6.74570641	0.453629959	0.939181417
6.63471092	0.454029625	1.02618458
6.52235775	0.454750682	1.11431391
6.41551373	0.448720233	1.19810889
6.31095278	0.460174781	1.28035929
6.18699394	0.452431443	1.37788182
6.07824658	0.451452285	1.46340745
5.96939521	0.450744797	1.54893439
5.85946264	0.450270366	1.63514594
5.74752397	0.449742267	1.72267931
5.64529383	0.429901703	1.80273078
5.53899122	0.441429262	1.88498687
5.43468073	0.447843631	1.96538974
5.32453348	0.447264978	2.04995996
5.21555857	0.44642027	2.13311332
5.07628985	0.445696842	2.23857573
4.9811033	0.425127758	2.31048515
4.86336719	0.42450345	2.39822347
4.75946889	0.445257525	2.47467047
4.64558151	0.445965283	2.55817573
4.53278595	0.445209319	2.64016258
4.42567244	0.428839695	2.71748079
4.30463786	0.414210684	2.80396005
4.17188499	0.420655768	2.89749539
4.0706762	0.443303181	2.9680915
3.95605549	0.444583685	3.04740209
3.85036332	0.428647885	3.11976772
3.73194509	0.419584033	3.19998751
3.60878806	0.419077733	3.28252123
3.49837741	0.432200481	3.35597546
3.37852844	0.426155937	3.43451036
3.26887916	0.419488149	3.50560588
3.13199581	0.419903188	3.59346917
3.02287274	0.426010351	3.66293493
2.91589946	0.431293944	3.73041179
2.7872915	0.417781595	3.81006987
2.65560492	0.419477129	3.89105163
2.55027203	0.443430119	3.95612717
2.44759904	0.418581105	4.017098
2.31102653	0.422539363	4.09902588
2.17515008	0.424950394	4.17947354
2.06247203	0.442447774	4.24636032
1.95281628	0.418897448	4.30880861
1.81560537	0.435225568	4.3888438
1.71085506	0.42173692	4.44792643
1.6373858	0.383376138	4.48683904
1.62754297	0.352487771	4.4899661
8.26713134	0.399771212	0.00991654862
8.17580612	0.432371793	0.0443414138
8.03292231	0.435676358	0.101681691
7.88298749	0.456337522	0.163511144
7.7826478	0.44729872	0.207296069
7.62363559	0.44279771	0.287647698
7.54939305	0.453900759	0.332236266
7.41667859	0.44947266	0.419968956
7.30190435	0.449155944	0.503754135
7.1750539	0.429416775	0.601968134
7.07696425	0.447897164	0.679162948
6.96627176	0.447980461	0.766248986
6.85606815	0.447952058	0.852721119
6.74574971	0.447483833	0.939174507
6.63474861	0.446279126	1.02616761
6.53551793	0.424365746	1.10371637
6.42108631	0.423149576	1.19367147
6.30868113	0.422002319	1.28214638
6.20141737	0.434810398	1.36665892
6.07885119	0.442421921	1.46302353
5.97005793	0.44307704	1.54851588
5.86017695	0.442942967	1.63470625
5.75728518	0.427144132	1.71547868
5.64546569	0.418859968	1.80283502
5.5286751	0.418232122	1.89348675
5.42482788	0.424927784	1.97349771
5.31547442	0.423158089	2.0574486
5.20748454	0.421659209	2.13982787
5.0945172	0.408136391	2.22565292
4.98331071	0.414440625	2.30908748
4.86421386	0.413872728	2.39783682
4.74530864	0.415945703	2.48557921
4.64520068	0.440436549	2.55855785
4.53614905	0.422216728	2.63801745
4.42023102	0.406091881	2.72165392
4.30471263	0.404791361	2.80406011
4.1751285	0.410569956	2.89533051
4.06738188	0.420815616	2.97046792
3.96700283	0.422110915	3.03985454
3.85531846	0.4138532	3.11631124
3.73086372	0.409365574	3.20072941
3.59531923	0.404161394	3.29144809
3.49410128	0.408781121	3.35857106
3.38013727	0.418790988	3.4333823
3.27031021	0.410897349	3.50456457
3.13060339	0.411689563	3.59420624
3.02158319	0.419069536	3.66359866
2.90606955	0.408321265	3.7359727
2.79523011	0.398217105	3.80457412
2.65629402	0.411451274	3.8903719
2.53823115	0.421540543	3.96257852
2.44540965	0.41114101	4.01812353
2.30848855	0.398109605	4.09949869
2.18115199	0.403715941	4.17491792
2.07361639	0.41989725	4.23868594
1.95292505	0.410916221	4.30833887
1.80646821	0.412527039	4.39277477
1.70780489	0.41149481	4.44911137
1.63565021	0.377156021	4.48742775
1.6267352	0.349120865	4.49018546
8.27066791	0.39190772	0.00887005576
8.17644235	0.424593698	0.0444318214
8.03849953	0.418112402	0.100253475
7.88343235	0.427626369	0.16258422
7.78244002	0.435579659	0.206913446
7.62300231	0.436082216	0.287582424
7.5473291	0.426299313	0.33224808
7.42191431	0.425239731	0.416112502
7.3027927	0.411212831	0.503175085
7.17663192	0.416939864	0.600842591
7.07236671	0.424723393	0.682905484
6.96662235	0.441188656	0.766077126
6.85633379	0.442312024	0.852565085
6.74593228	0.441749072	0.939056662
6.64391046	0.424141869	1.01878188
6.53473689	0.414153214	1.10433451
6.41869893	0.411865131	1.19558169
6.30726733	0.405984888	1.28332098
6.18744985	0.405250198	1.37775357
6.0879818	0.418503277	1.45604563
5.97971854	0.419888426	1.54120634
5.87081957	0.421114957	1.62670191
5.76904971	0.412127566	1.7065447
5.64637731	0.408728533	1.80235782
5.52727106	0.409872449	1.89477146
5.41556481	0.403058119	1.98111646
5.30529808	0.40225311	2.06571304
5.20357577	0.40586089	2.14322244
5.09620339	0.401683449	2.22457167
4.98601778	0.406730403	2.30725137
4.86412501	0.405052244	2.39813772
4.74550208	0.409178873	2.48555878
4.63466351	0.418745062	2.56655617
4.53379659	0.400821702	2.63999155
4.41868233	0.400498632	2.72284516
4.30278275	0.400072726	2.80559285
4.18732632	0.400007263	2.88687327
4.07035479	0.399833262	2.96840328
3.95630246	0.399640223	3.04716792
3.85505654	0.391119239	3.11639589
3.73101642	0.396645801	3.20063819
3.59579087	0.399374226	3.29111564
3.49632771	0.395923377	3.3569833
3.38994381	0.398814011	3.42664297
3.27088697	0.392448232	3.50379995
3.12991258	0.391712297	3.59418909
3.01046035	0.398945361	3.67007115
2.90420732	0.394534911	3.73677861
2.7958619	0.393304093	3.80403745
2.65633391	0.391744871	3.88958874
2.54889363	0.398442916	3.95518233
2.44459654	0.390337222	4.01773098
2.30758874	0.396179168	4.10000482
2.18257734	0.399199357	4.17387337
2.07255683	0.381666441	4.23725664
1.95267833	0.390916759	4.30737247
1.80620083	0.405900217	4.39253882
1.70889739	0.398803003	4.44777147
1.63426159	0.370435313	4.48776119
1.62589246	0.345549886	4.49040835
8.27537329	0.387218465	0.00711396113
8.16460529	0.403010282	0.0505810766
8.03745068	0.407792627	0.100536155
7.88213482	0.404754338	0.163385372
7.78948535	0.412988938	0.203579666
7.62258649	0.430196805	0.287476866
7.54496444	0.421216994	0.333397206
7.41605192	0.403984627	0.420003293
7.30260045	0.402925647	0.502895392
7.17969675	0.40730381	0.598525588
7.07668405	0.403344163	0.67954122
6.96394049	0.419372737	0.768111292
6.85467583	0.419926322	0.853677079
6.74819553	0.420217811	0.937048755
6.63590797	0.401778735	1.02484247
6.53442917	0.406587737	1.10459073
6.41536853	0.40317556	1.19828927
6.30445814	0.400479558	1.28558691
6.19515261	0.400119695	1.37177699
6.08232188	0.399937627	1.46065797
5.98995851	0.399762549	1.53337828
5.87993222	0.399370641	1.61987663
5.76981247	0.391855671	1.70632144
5.6475874	0.395826715	1.80168993
5.52701821	0.392083171	1.89533322
5.41556862	0.397734338	1.98122884
5.30533038	0.397751494	2.06578501
5.2054924	0.388976284	2.14209653
5.09593689	0.397586709	2.2248434
4.98550376	0.391450795	2.3079008
4.86453781	0.391509584	2.39801215
4.74556669	0.387186237	2.48581948
4.63518602	0.378093278	2.56669481
4.53596846	0.379535783	2.63865854
4.42002786	0.395243932	2.72189928
4.30475741	0.395885242	2.80408984
4.17523238	0.389477824	2.89529489
4.06728583	0.378754301	2.97048455
3.95649404	0.359930686	3.04688178
3.85539472	0.384517764	3.11610913
3.7310324	0.387934243	3.20041263
3.60723614	0.387624354	3.2832576
3.49276601	0.3883612	3.35907384
3.37899092	0.378019837	3.4333599
3.26928559	0.385125493	3.50462308
3.13098685	0.384665618	3.59328651
3.02164995	0.377703427	3.66237559
2.90702029	0.383499508	3.73453348
2.79471293	0.383676721	3.80434364
2.65532233	0.384716903	3.88990539
2.54863211	0.35865949	3.95366942
2.44629113	0.383335129	4.01637753
2.30916833	0.384606544	4.09835768
2.17500827	0.37937445	4.17721923
2.07182376	0.375934576	4.23735244
1.95184225	0.383627301	4.30740168
1.81396555	0.385346914	4.38681621
1.70774575	0.381266998	4.44715065
1.6256816	0.339507637	4.49041016
1.62525022	0.322925398	4.4893064
8.27737861	0.380566029	0.00677260809
8.18442831	0.39390411	0.0433847804
8.03735495	0.395733994	0.100887211
7.89594305	0.395401632	0.157292998
7.79105892	0.394596738	0.203347847
7.62447251	0.393420655	0.287760101
7.53586725	0.401736358	0.339578777
7.41353431	0.399516857	0.421430588
7.30194693	0.399553215	0.503018163
7.18803479	0.398919574	0.592056699
7.07684222	0.398201936	0.679418477
6.96562701	0.39793191	0.766536102
6.86592506	0.380220133	0.844292886
6.74802172	0.378904218	0.936578481
6.64850487	0.3883475	1.01464939
6.53443484	0.390567296	1.10436994
6.41725307	0.39223566	1.1966211
6.30648186	0.395996067	1.28394175
6.18821025	0.395708074	1.37719231
6.08826707	0.38155372	1.45607239
5.97998729	0.379222965	1.54144686
5.87102969	0.377374969	1.6271803
5.76881785	0.384957328	1.70720707
5.6460589	0.385825742	1.80301749
5.5286727	0.384454165	1.89418764
5.42533184	0.37623323	1.97414878
5.31615496	0.377321522	2.05790474
5.20825061	0.37770213	2.14015496
5.09453877	0.390662333	2.22597965
4.98290393	0.382785008	2.30995637
4.86432284	0.381762888	2.39826205
4.7504649	0.37254777	2.48243085
4.64622339	0.356174946	2.55889806
4.53325262	0.35665926	2.64079482
4.42582798	0.373011606	2.71788445
4.30479991	0.386856749	2.80400919
4.17200845	0.379395784	2.89749564
4.07079303	0.356196314	2.96800413
3.9560775	0.354608696	3.04711514
3.85038208	0.36958437	3.11941547
3.732052	0.377202998	3.19953933
3.60343539	0.370898793	3.28552424
3.48213329	0.356309384	3.36543616
3.36810302	0.355021221	3.43994203
3.26779537	0.375445953	3.50531039
3.13184598	0.375636918	3.59245398
3.032277	0.354413854	3.65495465
2.91591719	0.359220048	3.72813858
2.79369477	0.357780556	3.80401288
2.65422678	0.375785096	3.89018169
2.54871389	0.353243248	3.95335861
2.43541047	0.3679088	4.02221495
2.30868377	0.353002044	4.09705955
2.17905639	0.356405239	4.17360837
2.05982521	0.353499943	4.24306636
1.95106459	0.374090132	4.3072537
1.81536676	0.376019135	4.38539344
1.7170392	0.355586483	4.44016602
1.62434195	0.32937051	4.49042789
1.62464708	0.319760756	4.4894154
8.28407862	0.354107694	0.00550973958
8.18102767	0.372007671	0.0462694977
8.03960694	0.385539326	0.101584461
7.88614572	0.371145292	0.16401749
7.78603336	0.377492935	0.20700748
7.62481426	0.372701435	0.288838052
7.54557777	0.381678885	0.334719531
7.42981317	0.387835039	0.411587107
7.30293882	0.393864886	0.503136021
7.17790797	0.387334089	0.599970411
7.06359318	0.384723459	0.689493425
6.96641148	0.359700673	0.765443977
6.85590838	0.357686216	0.851746924
6.74543788	0.35745357	0.93823538
6.64384145	0.373652197	1.01815308
6.53495941	0.381681791	1.1037562
6.42019696	0.382006417	1.19411448
6.30818789	0.38132207	1.28242975
6.19449937	0.37375911	1.37221773
6.07928933	0.357634977	1.4633102
5.97052286	0.355956058	1.5491498
5.86072409	0.355226817	1.63558194
5.75747992	0.369515032	1.71632054
5.64608276	0.375338146	1.80317431
5.53005805	0.374627294	1.89329347
5.43575448	0.353531606	1.96656779
5.32551462	0.353159634	2.05121546
5.21652323	0.352950746	2.13432904
5.07706135	0.352563754	2.23982446
4.98148781	0.371425958	2.31117624
4.86159318	0.351566568	2.40061859
4.76062966	0.350504541	2.4752345
4.64653897	0.350122057	2.55871023
4.53369923	0.349836158	2.64050228
4.420402	0.349307332	2.72185975
4.30445798	0.348430616	2.80433823
4.18632296	0.348179199	2.88747545
4.07056464	0.348521806	2.96810882
3.95598479	0.348576	3.04711994
3.83980422	0.347904985	3.12639587
3.73168458	0.327494869	3.19892833
3.60360949	0.33318083	3.28462706
3.48188244	0.346684325	3.36538216
3.36787005	0.346860529	3.43988664
3.2664241	0.326407323	3.50477203
3.13064332	0.326709012	3.59157481
3.03238531	0.346781465	3.65461452
2.91594573	0.341900391	3.72743372
2.79296965	0.344891383	3.80393675
2.65232943	0.326443408	3.88909292
2.54867214	0.347324357	3.95309883
2.44576532	0.324407244	4.01366823
2.30739816	0.333455982	4.09674623
2.17905162	0.339839269	4.17267898
2.059717	0.346845975	4.24272824
1.94815481	0.325446297	4.30580071
1.81521721	0.345423414	4.38341547
1.71727242	0.345975832	4.43936394
1.62229529	0.319184663	4.49084612
1.61158301	0.297190849	4.49472082
8.28962803	0.345057864	0.00406489173
8.18766297	0.348175221	0.0453235712
8.04209787	0.374748643	0.101778131
7.88427706	0.360870867	0.166120069
7.78541178	0.369832006	0.208380345
7.6262182	0.366137659	0.288978009
7.5343116	0.362977025	0.343624341
7.41802267	0.357617935	0.421506262
7.30301642	0.358147805	0.504591644
7.17567764	0.375858145	0.601761806
7.07700857	0.354726213	0.678908346
6.96604459	0.353060944	0.765495772
6.85569231	0.35204478	0.851711004
6.74529945	0.351543591	0.938149558
6.63423601	0.351369392	1.02532827
6.53543135	0.370484526	1.10315926
6.4214292	0.369387693	1.19296426
6.32525776	0.34980857	1.26885928
6.18727859	0.34903545	1.37796573
6.07876808	0.348520937	1.46375746
5.97017204	0.348188847	1.54949195
5.8605174	0.347784562	1.63583521
5.75792034	0.333129772	1.71654779
5.64676627	0.326114219	1.80348009
5.53069237	0.324988883	1.89367056
5.43568765	0.345081818	1.9667738
5.3252933	0.344403216	2.05154117
5.21621586	0.343136905	2.13473048
5.07786233	0.342162502	2.23938606
4.98270421	0.321256605	2.31090997
4.86473649	0.320828479	2.39862202
4.75092834	0.328382435	2.48247808
4.64637424	0.344058958	2.55887278
4.53332699	0.343053402	2.64080236
4.4256176	0.325664892	2.7180666
4.30475291	0.310660241	2.80392464
4.17257727	0.317191938	2.89679508
4.06600743	0.325604728	2.97101388
3.95633682	0.342756285	3.04682248
3.85499361	0.318627696	3.11547943
3.73044466	0.316017374	3.19957872
3.60735189	0.315980201	3.28170869
3.490762	0.321592558	3.35886716
3.3784066	0.323747748	3.43232679
3.26719833	0.31627857	3.50398047
3.12939726	0.317425261	3.59205051
3.02157525	0.323409353	3.66048409
2.90711537	0.317524392	3.73191419
2.7923447	0.317203998	3.80300952
2.6527995	0.317339818	3.888379
2.54848658	0.341821204	3.95294655
2.44388399	0.315689374	4.01433549
2.30079763	0.313256145	4.09952114
2.17415045	0.323332679	4.17450501
2.07111952	0.324403001	4.23463223
1.94763603	0.315553364	4.30546932
1.8114395	0.316718617	4.38359758
1.69355755	0.310579654	4.45023453
1.61962284	0.309785197	4.49168145
1.61099546	0.28386383	4.49409379
8.29149678	0.32656783	0.00416826431
8.18743751	0.340764113	0.0461195232
8.04601118	0.326411472	0.102902194
7.88516596	0.343391805	0.168017586
7.79110874	0.349941084	0.207822257
7.62804402	0.358244571	0.289124832
7.55083849	0.347101602	0.335535082
7.41851814	0.347482384	0.422288401
7.30351334	0.344947774	0.504998995
7.17537004	0.325086797	0.601767682
7.07693382	0.345307946	0.678733184
6.96604207	0.346062232	0.765249955
6.85571443	0.346099754	0.851477588
6.74532122	0.345334456	0.93792802
6.634303	0.343474499	1.0250581
6.53444167	0.320659028	1.10324325
6.4200033	0.319273521	1.19365999
6.30806984	0.318357412	1.28229837
6.19456141	0.324336969	1.37222697
6.08735911	0.324327665	1.45711177
5.97132358	0.340482119	1.54864962
5.8708946	0.325357005	1.62796559
5.76935143	0.317395011	1.70781805
5.64713761	0.315532577	1.80337443
5.52967547	0.315192429	1.89463513
5.42543805	0.32258816	1.97501863
5.31586821	0.320547715	2.05910694
5.20768975	0.318262839	2.14156802
5.0956871	0.305547938	2.22638737
4.98529928	0.311444795	2.30911749
4.86551249	0.310625358	2.3981883
4.74615343	0.313602674	2.48602149
4.63552398	0.322130787	2.5667964
4.53614456	0.320290667	2.63872659
4.41997557	0.303923683	2.72204986
4.30464129	0.302610454	2.80406924
4.18646056	0.303173057	2.88704222
4.06824288	0.318904734	2.9694092
3.96715246	0.320471142	3.03903949
3.85468257	0.31143422	3.1155723
3.7292597	0.30609636	3.20028498
3.59483732	0.302411648	3.28978822
3.49496739	0.306376748	3.35583274
3.38884422	0.302129273	3.42485779
3.26853154	0.308130858	3.50290476
3.12795908	0.310057981	3.5927082
3.02022201	0.316927521	3.66109707
2.91092862	0.301001137	3.72890432
2.79318812	0.306881092	3.80208523
2.65345844	0.310142796	3.88763111
2.54757923	0.301947913	3.95130184
2.44160035	0.308605128	4.01532174
2.3021542	0.304469852	4.0982381
2.17928536	0.302396741	4.17018761
2.0696975	0.301652965	4.23396965
1.94804478	0.307587108	4.30474237
1.8094167	0.309122711	4.38423871
1.69673869	0.303286884	4.4480005
1.62097547	0.285742478	4.48918735
1.60101441	0.260895147	4.49763319
8.29287397	0.311374081	0.00468325953
8.18167496	0.317411894	0.0495937978
8.04760794	0.316090808	0.103310932
7.89403287	0.318589777	0.166687344
7.78610777	0.333275258	0.211912893
7.632574	0.332379293	0.289341387
7.54900693	0.340707675	0.337607937
7.4235372	0.323580305	0.420284072
7.30481783	0.308238591	0.505050571
7.17756742	0.313409544	0.600143055
7.0724982	0.322520616	0.681537947
6.96231826	0.323715684	0.767243911
6.85595592	0.340778203	0.851095057
6.74548538	0.339843764	0.937618349
6.64771142	0.313886103	1.01373137
6.53348215	0.31102033	1.10378743
6.41691371	0.308875526	1.19593372
6.30629879	0.303782291	1.28354128
6.18935672	0.303073386	1.37632885
6.08915728	0.315696291	1.45571985
5.98084393	0.317751228	1.54136598
5.88068983	0.302931835	1.6205434
5.77067977	0.309915655	1.70688906
5.64881509	0.305696991	1.80226325
5.52833072	0.307589951	1.89581901
5.41655552	0.301304904	1.98216868
5.30594476	0.300803274	2.06697359
5.20860316	0.300377854	2.14119995
5.09730613	0.300290257	2.22531158
4.98741491	0.304918339	2.30762913
4.8651958	0.296529593	2.39858682
4.74634583	0.29165157	2.48591303
4.63535103	0.281377007	2.56689134
4.53436288	0.299036619	2.63997082
4.41919826	0.298819956	2.72259265
4.30392872	0.299370302	2.80462154
4.18713233	0.298751525	2.8865435
4.07012253	0.298395535	2.96776921
3.96682475	0.280464457	3.03851679
3.85453911	0.289087808	3.11520641
3.72915392	0.294658224	3.20010303
3.59479563	0.298026956	3.2896912
3.49452724	0.293729405	3.3557016
3.38875718	0.297061174	3.4247416
3.26814223	0.291014428	3.5024827
3.1278301	0.289478644	3.59196548
3.01944287	0.282529936	3.6600675
2.90424608	0.292406536	3.73265895
2.79249254	0.30219313	3.80226605
2.65294991	0.28945134	3.88680718
2.54752387	0.296858447	3.95104643
2.44165763	0.288719217	4.01412801
2.30314181	0.300324604	4.0973605
2.16560603	0.291451614	4.17741417
2.06971158	0.279472152	4.23241295
1.94737361	0.290438159	4.30391125
1.80923331	0.290998923	4.38301767
1.70300964	0.292088094	4.44355464
1.61876967	0.279943584	4.48997556
1.60723181	0.238534906	4.49259649
8.30428508	0.30128896	0.00163594562
8.16934671	0.301225754	0.0553101632
8.04907965	0.308414966	0.103503823
7.88694439	0.299801521	0.171516194
7.78800062	0.323607192	0.212352734
7.63371433	0.325166687	0.289785852
7.53819217	0.318030865	0.346738876
7.41863608	0.302997335	0.425471675
7.30390579	0.30130098	0.506312432
7.18834812	0.301435495	0.592033473
7.07604352	0.301949301	0.677979884
6.96452846	0.301797963	0.764580771
6.85469132	0.300862452	0.850463866
6.74614192	0.300074641	0.935744008
6.63519341	0.299938741	1.0232023
6.53330531	0.30449517	1.10378036
6.4143261	0.296871839	1.19776374
6.30455297	0.299381184	1.28488319
6.19385926	0.299390485	1.37273017
6.08255512	0.298601241	1.46104332
5.99052655	0.298173662	1.53391159
5.88080209	0.297611105	1.6205176
5.77073228	0.289765366	1.70713253
5.64836913	0.292346217	1.80278739
5.52890466	0.29000595	1.89561814
5.41692365	0.295906865	1.98195108
5.31548706	0.28245552	2.05988823
5.20729238	0.284715008	2.14225603
5.09601321	0.295645642	2.22624764
4.98553293	0.288963553	2.30907957
4.86557718	0.288642214	2.39820704
4.74624548	0.285069506	2.48597064
4.64616488	0.259749703	2.55897668
4.53697397	0.277393092	2.63800335
4.4338701	0.2859629	2.71195351
4.30470603	0.293383376	2.8038479
4.17361229	0.286596899	2.89568865
4.06624211	0.276731049	2.97003774
3.95579674	0.258375519	3.04559535
3.85470077	0.282024585	3.11490742
3.72992391	0.284782502	3.19917469
3.60698695	0.284805814	3.28109463
3.48987533	0.278358496	3.35809158
3.37737383	0.275321327	3.43131647
3.26632367	0.282476077	3.50323852
3.12883897	0.281998508	3.59096563
3.02969949	0.259640926	3.65255323
2.906282	0.283887205	3.73087259
2.78371457	0.283265093	3.8065895
2.65170051	0.282079149	3.88712966
2.54628387	0.257044502	3.94949423
2.44347093	0.280915087	4.01253622
2.29959631	0.288388448	4.09862431
2.1711612	0.276484828	4.17313276
2.06891924	0.273289789	4.23241998
1.94605164	0.281695796	4.30397387
1.8107166	0.283325462	4.38154717
1.70494336	0.282843616	4.4416376
1.61105187	0.258172056	4.49247041
1.60671475	0.235566054	4.49262963
8.29431283	0.29215529	0.00486706229
8.16792442	0.296302275	0.0559374601
8.04921012	0.289563906	0.104260344
7.89742806	0.286012017	0.168027282
7.79714228	0.30472504	0.210108974
7.63565814	0.287851102	0.293154231
7.53844268	0.296578308	0.349069814
7.41899357	0.298127683	0.425562588
7.30440112	0.298155839	0.50595439
7.18846249	0.297567952	0.591843837
7.07583487	0.296744978	0.677931724
6.96204548	0.279788551	0.765552192
6.85449367	0.260806253	0.848977829
6.75499247	0.277270377	0.927964316
6.6474621	0.286284022	1.01312305
6.53337299	0.288314942	1.10339132
6.41759372	0.289126271	1.19513026
6.30740003	0.293699487	1.28264413
6.18712702	0.293350337	1.37813924
6.08811056	0.278808952	1.45677624
5.97222801	0.26114433	1.54873308
5.87148525	0.275302638	1.62811889
5.76961069	0.282210022	1.70810604
5.64737516	0.282390965	1.80365901
5.53050145	0.281445394	1.89446654
5.42676607	0.273565243	1.97464747
5.3252714	0.258994945	2.05264649
5.20911182	0.27435467	2.14089744
5.08590239	0.27384103	2.23394971
4.98300567	0.2792826	2.31095149
4.86486877	0.27832559	2.39867675
4.75115467	0.270121337	2.48238521
4.64663587	0.254288192	2.5585821
4.53361265	0.254414467	2.64023941
4.42632391	0.269667536	2.71719493
4.30407181	0.257384674	2.80378154
4.17959719	0.269241008	2.89120355
4.07013411	0.253822422	2.96691976
3.95540463	0.252706232	3.04570555
3.84947524	0.266791295	3.11809028
3.73074907	0.273381165	3.19822625
3.59557614	0.254031707	3.28767689
3.48082179	0.253201267	3.36310166
3.3664764	0.252395474	3.43748734
3.26492112	0.271935567	3.50365636
3.12918981	0.253758462	3.58933723
3.0308861	0.252044125	3.65140264
2.91520181	0.251945763	3.72364842
2.78742861	0.264963935	3.80331035
2.65064049	0.273232249	3.8872424
2.54635895	0.251355853	3.94908092
2.43267483	0.258011961	4.01752807
2.30523682	0.258718042	4.09327104
2.17578357	0.252485093	4.16878717
2.05668253	0.251320339	4.23794179
1.9451775	0.270912653	4.30363594
1.79794429	0.253021611	4.38650959
1.69697638	0.258221304	4.4441528
1.61052726	0.249428673	4.49200705
1.60619211	0.23246178	4.4926511
8.28900981	0.280839189	0.00636271815
8.16165003	0.274501297	0.0591088411
8.04881838	0.280959092	0.104475704
7.89695776	0.27643452	0.168726656
7.78937075	0.28337487	0.216023607
7.63694266	0.280331812	0.293161841
7.52758583	0.275188829	0.357625492
7.42644426	0.276858216	0.422078149
7.30513547	0.290786409	0.505174436
7.17652068	0.284098705	0.600178359
7.07077682	0.274942079	0.680893612
6.96453348	0.257443237	0.762610878
6.85422089	0.255928873	0.848967476
6.7440004	0.255813404	0.935910143
6.64262629	0.27126061	1.0165516
6.53410147	0.278408615	1.10265121
6.42020971	0.278191836	1.19297321
6.31711863	0.270954687	1.27484127
6.20195538	0.263271539	1.3664028
6.07940103	0.254656335	1.46385611
5.97090463	0.253476848	1.54986077
5.86135147	0.252830501	1.63636262
5.74986112	0.252659061	1.72395747
5.6507655	0.252871929	1.80133787
5.54133041	0.264669345	1.88628529
5.43687288	0.250770454	1.96712955
5.32639408	0.250280978	2.05184499
5.2172088	0.249750606	2.13495179
5.07751854	0.249125066	2.2403737
4.98209229	0.229164289	2.31155826
4.86435625	0.228736923	2.398836
4.76094748	0.248061935	2.47516694
4.64675996	0.248151436	2.55843325
4.53375503	0.247531985	2.64005111
4.42020946	0.24601363	2.72126662
4.30391419	0.2440539	2.80364595
4.17937181	0.231627735	2.89054451
4.0701418	0.24623451	2.96672627
3.95542561	0.246625257	3.04552271
3.84828779	0.23104105	3.11775164
3.72908948	0.223630722	3.19757834
3.60208552	0.22977429	3.28232438
3.48118497	0.243702828	3.36248106
3.36682838	0.244220609	3.43690775
3.26314346	0.223059324	3.50250599
3.12693504	0.224188256	3.58924604
3.03044285	0.244260268	3.65126991
2.92194016	0.227345236	3.71797068
2.7792381	0.238782673	3.80672723
2.66080865	0.230787711	3.87853715
2.54620997	0.245434728	3.94878813
2.44109816	0.221338255	4.0099198
2.30412896	0.244730944	4.09294295
2.16913775	0.228917329	4.17085063
2.05681841	0.244683004	4.23736201
1.94123918	0.222292992	4.30203488
1.80433734	0.229656569	4.38085323
1.6973427	0.240610665	4.44248758
1.6083279	0.220728198	4.49075023
1.59242304	0.202126389	4.49733997
8.28705373	0.266984245	0.00666755099
8.16802268	0.251152702	0.05674899
8.04907812	0.270336479	0.104498159
7.88910498	0.251658938	0.174158928
7.79639952	0.259514095	0.215065391
7.63827624	0.270863914	0.293284739
7.539593	0.252293753	0.352725565
7.42210886	0.253124536	0.426169304
7.30485916	0.253369231	0.506096125
7.1808598	0.265609681	0.596602881
7.07526209	0.251837195	0.676599112
6.96422859	0.250861192	0.762507871
6.85405043	0.250123805	0.848833433
6.74386453	0.249519067	0.935787135
6.63297778	0.248817496	1.02362428
6.53415039	0.228505467	1.10220405
6.42073211	0.227700393	1.192468
6.32491931	0.24600064	1.26854012
6.18761711	0.245586455	1.37789101
6.07942759	0.245500123	1.46391146
5.97105791	0.245578023	1.54982403
5.86160866	0.245322978	1.63625012
5.75914881	0.230103592	1.71692554
5.64785726	0.22251131	1.80391377
5.53135009	0.221626218	1.89435163
5.43613879	0.242456506	1.9677676
5.3255114	0.241620149	2.05257962
5.2091355	0.225140916	2.14107752
5.0862859	0.224423513	2.23371776
4.9835985	0.217645001	2.31042611
4.86498208	0.217415648	2.39833075
4.75075701	0.226100665	2.48235417
4.64645675	0.24232199	2.55859796
4.53312769	0.240927431	2.64042143
4.43392313	0.215516459	2.71078069
4.30368771	0.207544396	2.80292764
4.17234491	0.214257167	2.89493888
4.06609824	0.223466087	2.96882465
3.95583848	0.241065544	3.04508721
3.85320597	0.215806086	3.11380796
3.72715669	0.212667749	3.19851545
3.60515567	0.213127232	3.27956023
3.49051718	0.218622652	3.35523051
3.38845818	0.214035369	3.42133928
3.26367081	0.212996088	3.50171299
3.12543267	0.215701743	3.58975039
3.0195819	0.220666703	3.65670139
2.91406985	0.204796087	3.72153004
2.78148423	0.210542837	3.80367462
2.64901357	0.215736246	3.88462183
2.53432432	0.222751994	3.95432265
2.43870375	0.212682957	4.01075525
2.29693263	0.218707963	4.09528904
2.1724461	0.220428128	4.16829667
2.08078738	0.214663049	4.22099457
1.94012287	0.211986532	4.30188251
1.80327203	0.220634085	4.38072262
1.69108571	0.208635721	4.44323187
1.60585434	0.211204766	4.49131605
1.59186955	0.198037667	4.49726837
8.2868149	0.234778262	0.00569456924
8.16954646	0.235414047	0.0555730364
8.04941228	0.2219378	0.104756065
7.88938526	0.242543035	0.174466252
7.79703782	0.248990379	0.215573823
7.64844014	0.222845163	0.291517128
7.5396031	0.245746514	0.353084288
7.42827097	0.229354925	0.422273181
7.31107594	0.227608171	0.501302657
7.1744566	0.221367347	0.600415824
7.06979906	0.22874623	0.679944652
6.96432903	0.244258066	0.762085723
6.8541347	0.244305921	0.848497857
6.74395805	0.24323315	0.935482484
6.64191715	0.226316379	1.01624369
6.53324466	0.217274158	1.10275187
6.41886041	0.215668945	1.19386151
6.30828037	0.208794475	1.28202581
6.19589517	0.21439233	1.37153755
6.08821455	0.221298361	1.45721548
5.98057757	0.222026776	1.54257857
5.87205046	0.223006818	1.62828912
5.77076385	0.214699861	1.70798604
5.64854133	0.212300237	1.80351338
5.53011112	0.212389529	1.89540965
5.41755969	0.205140358	1.98217248
5.3158823	0.218164927	2.05998129
5.20725935	0.214777925	2.14257594
5.09641594	0.203301779	2.22608499
4.98640019	0.208786355	2.3083526
4.86535786	0.207813102	2.39806461
4.74600631	0.211649127	2.48558715
4.63554482	0.220487459	2.56612928
4.53554947	0.218467016	2.63820634
4.41888783	0.201998477	2.72126957
4.30343941	0.200967301	2.80311282
4.18616199	0.201719059	2.8850571
4.06908179	0.20207827	2.96602855
3.96657103	0.219098166	3.03696057
3.85283121	0.208972327	3.11381561
3.72518129	0.202839935	3.19965405
3.59411036	0.201003854	3.28646496
3.49513923	0.204878609	3.35172825
3.38696183	0.200473682	3.42166573
3.26453704	0.204993343	3.50084582
3.11609631	0.193187681	3.59435073
3.01876279	0.201874211	3.65612368
2.90495413	0.199978447	3.727102
2.78931064	0.200201427	3.79837981
2.64947935	0.193450581	3.88275856
2.54557324	0.200420331	3.94594188
2.43656123	0.206086376	4.01156595
2.29975999	0.202860936	4.09254952
2.17571866	0.201358997	4.1648568
2.07903212	0.173670329	4.21857511
1.94085116	0.202654738	4.30085029
1.79306167	0.201194724	4.38484228
1.7008899	0.196566257	4.43670211
1.60332104	0.204444034	4.49215475
1.5912797	0.193795187	4.49719732
8.29155448	0.219568557	0.00340577895
8.18261297	0.212662641	0.0487404801
8.04982961	0.212723507	0.104589369
7.89725494	0.218129994	0.171328591
7.79803289	0.220134478	0.216761371
7.64903103	0.213998688	0.291855065
7.52855068	0.222863045	0.360513147
7.42547304	0.220464777	0.424270006
7.30529904	0.205309344	0.505159316
7.1767601	0.210806363	0.598243947
7.07405584	0.205927492	0.675838662
6.96106761	0.221957126	0.763831132
6.85437668	0.239382216	0.848079187
6.75397334	0.221596325	0.927116493
6.64650665	0.211517111	1.01252909
6.53247025	0.208198451	1.1031681
6.41543339	0.206296136	1.19644002
6.30554674	0.201939768	1.28415986
6.19235252	0.201212646	1.37446831
6.08322548	0.20130096	1.4613813
5.99114369	0.201411051	1.53447298
5.88161337	0.201166058	1.62100834
5.7719667	0.207899203	1.70712061
5.65075107	0.203536762	1.8019584
5.52899788	0.194180665	1.89640424
5.41716382	0.199627432	1.98249589
5.30634404	0.199417999	2.06725645
5.20979494	0.199492696	2.14070248
5.09734846	0.19917347	2.22543373
4.98723871	0.193676644	2.30757559
4.86515957	0.194452047	2.39805971
4.74597479	0.189760864	2.48522174
4.63504495	0.17995751	2.56568219
4.5351401	0.181152132	2.63769572
4.41905616	0.197027118	2.72101314
4.30701064	0.19334219	2.80026588
4.18554469	0.197271754	2.88531834
4.06669648	0.181133065	2.96688525
3.96556842	0.17864144	3.03607185
3.85270573	0.187152445	3.11299921
3.72585811	0.191813291	3.19855079
3.59288485	0.196544835	3.28699103
3.49032427	0.185123467	3.35371218
3.3884237	0.187330803	3.41991919
3.26333908	0.189456455	3.50060979
3.12344374	0.171441646	3.58836911
3.03117644	0.182585415	3.64711768
2.91283032	0.195433485	3.72171711
2.78147004	0.191077411	3.80236277
2.64845004	0.187117362	3.88291192
2.5470815	0.177317204	3.94333783
2.43749642	0.187234812	4.00955935
2.29489084	0.196292273	4.09476035
2.1711238	0.181920446	4.16588362
2.07860103	0.167548211	4.21828399
1.93910961	0.189713704	4.3005682
1.8056557	0.189503004	4.37657183
1.70193818	0.190363459	4.43544148
1.60410118	0.190183011	4.49036401
1.58926531	0.154051759	4.49456537
8.29156173	0.208295251	0.00267374551
8.16873514	0.199582817	0.053512153
8.05008677	0.206129035	0.104419799
7.88822708	0.200134104	0.175565047
7.80646789	0.200506874	0.213352105
7.64922725	0.207254816	0.292204924
7.54006571	0.200685083	0.354321122
7.42072728	0.200876295	0.427807984
7.30182388	0.200119494	0.507162342
7.18725617	0.200277654	0.590022284
7.07444848	0.200232785	0.675316506
6.96288793	0.199989883	0.761766949
6.86363318	0.181567588	0.83938704
6.75394543	0.181056233	0.926487874
6.64635087	0.19120446	1.0124265
6.53250518	0.193842935	1.10305583
6.41499428	0.194678207	1.19681119
6.30564399	0.197908089	1.28412797
6.19101404	0.19784233	1.37560178
6.0900619	0.184777619	1.4561767
5.98179585	0.181715265	1.5420921
5.87291175	0.179675401	1.62807358
5.77129079	0.187473153	1.70780782
5.64884805	0.189021045	1.80345343
5.5302247	0.187500207	1.89543897
5.42604711	0.178567904	1.97568138
5.31646177	0.179863289	2.05946791
5.20823021	0.181114105	2.14163252
5.09569754	0.193271762	2.22649075
4.98453826	0.18615591	2.30941702
4.86502459	0.185516291	2.3978748
4.75053731	0.17541095	2.48166391
4.64573752	0.158110123	2.55745529
4.53237265	0.158878333	2.63907494
4.43399539	0.183023513	2.70990088
4.30918663	0.180943856	2.79811866
4.170937	0.183451967	2.89484907
4.06928092	0.15870865	2.96424906
3.95412895	0.156678798	3.04295139
3.85262823	0.179422231	3.11267385
3.72732665	0.181566495	3.19695085
3.60009586	0.175165452	3.28107964
3.48010341	0.159883888	3.35893435
3.37487215	0.172397674	3.42787363
3.26172426	0.179644788	3.50095876
3.12334811	0.163407128	3.587881
3.02863517	0.159300971	3.6471397
2.90498383	0.173642467	3.72500029
2.77754103	0.180492606	3.80389772
2.64462483	0.160605576	3.88315337
2.54311408	0.155371321	3.94401097
2.4390656	0.178308377	4.00787379
2.28757372	0.175166251	4.09723964
2.15824318	0.157511984	4.17129221
2.06672657	0.152609447	4.22388754
1.93843407	0.179464071	4.29995324
1.80080773	0.174006067	4.37790323
1.69480667	0.166437528	4.43715035
1.60558294	0.181067979	4.48860307
1.58877501	0.149953191	4.49442374
8.27974128	0.205223993	0.00693160407
8.17907872	0.178992517	0.0473141256
8.04886294	0.1866088	0.103592465
7.89755164	0.182674509	0.17097023
7.7937877	0.188648909	0.219281484
7.64958299	0.187515371	0.292709956
7.52922614	0.178716742	0.361602883
7.42240798	0.195857655	0.426853132
7.30515745	0.196234309	0.505190269
7.1770141	0.190293802	0.597559797
7.07401609	0.194629545	0.67555187
6.96029088	0.177668312	0.763254555
6.85349391	0.159383817	0.846977591
6.74359329	0.1599601	0.934487716
6.64194063	0.176981398	1.01581993
6.53300821	0.185618387	1.10286376
6.41859346	0.185739392	1.19421545
6.30849918	0.190950066	1.28204653
6.19615529	0.184053586	1.37171779
6.08829863	0.175919211	1.45772637
5.97241189	0.158841717	1.54977633
5.86272777	0.157758042	1.63629471
5.75979695	0.172437567	1.71693813
5.64817108	0.178912959	1.80398106
5.53156334	0.178241571	1.89437805
5.43661358	0.156394393	1.9675429
5.32607442	0.156094027	2.05203458
5.21687451	0.156318617	2.13488142
5.07786433	0.156110284	2.23942933
4.98224423	0.17550876	2.31090253
4.86409929	0.174774584	2.39829277
4.76023363	0.153449157	2.47412966
4.64608362	0.152373031	2.55702779
4.53298536	0.152181719	2.63840742
4.42563645	0.166109928	2.71535742
4.30867903	0.148069828	2.79736781
4.17766839	0.165844942	2.88951035
4.06863044	0.15149338	2.96435962
3.9538063	0.150743775	3.04287854
3.84559293	0.143658319	3.11567336
3.7277843	0.169542211	3.19598349
3.5932761	0.150923906	3.28426332
3.47897524	0.150264817	3.3590743
3.37428357	0.143244195	3.42641249
3.256753	0.14966408	3.50212882
3.13120582	0.142620789	3.58157882
3.0288633	0.142120496	3.64577085
2.91238835	0.148677549	3.71867182
2.7882267	0.149466306	3.79514413
2.64900982	0.137850921	3.87878988
2.54313845	0.149359837	3.94349722
2.42968728	0.135151391	4.00984343
2.29343051	0.150002551	4.09167821
2.15552902	0.140755396	4.17137243
2.06734749	0.145251207	4.22285141
1.93783624	0.149562182	4.29743696
1.81042865	0.142857086	4.3694963
1.69448677	0.157091268	4.43639757
1.59555153	0.162507332	4.49223223
1.58825744	0.145704726	4.49427843
8.27400161	0.182742222	0.00630800235
8.17770617	0.17132209	0.0469415728
8.04742925	0.177114263	0.103330323
7.89741842	0.173797209	0.170578788
7.79821176	0.172728149	0.217544397
7.64980179	0.178934637	0.292640062
7.54113667	0.156219572	0.355390106
7.42873031	0.173556745	0.423421054
7.305532	0.187566714	0.505142096
7.17424276	0.18018654	0.599669544
7.06891325	0.171742504	0.678994705
6.96329157	0.155052803	0.760417991
6.85330796	0.154141937	0.847123568
6.74341924	0.154124063	0.934662573
6.63289351	0.15474631	1.02305603
6.53406214	0.174947072	1.10222484
6.42086347	0.174052044	1.19266983
6.31805665	0.166938973	1.274793
6.20268745	0.159878028	1.36688112
6.07991449	0.151663571	1.46470679
5.97150565	0.15091318	1.55059818
5.86202733	0.150364883	1.63691764
5.75054548	0.149797003	1.72432368
5.65133205	0.148810277	1.8014918
5.54177897	0.135239776	1.88638522
5.43716404	0.148094969	1.96706558
5.3265149	0.147506613	2.05161192
5.21716886	0.146602315	2.13452839
5.0776276	0.145661523	2.23943116
4.9814384	0.125151524	2.31041912
4.8631437	0.125094443	2.39775291
4.7601341	0.145859885	2.47399367
4.64601666	0.14627059	2.55688818
4.53282549	0.1451663	2.63828469
4.43384032	0.1218684	2.70770982
4.30753228	0.127828106	2.79733452
4.16800942	0.121870892	2.89415207
4.06887772	0.144236876	2.96385367
3.95392523	0.144689252	3.04249996
3.85031741	0.120997044	3.1111281
3.7246	0.120150156	3.19531109
3.59986162	0.126526895	3.27834277
3.48000372	0.140835293	3.35783115
3.38457812	0.119876877	3.41812199
3.25775792	0.119951523	3.49949267
3.12044711	0.129314386	3.58730815
3.02856164	0.134710182	3.64542248
2.91835202	0.124058123	3.71300721
2.77331151	0.118529636	3.80164177
2.64880007	0.130296233	3.87829472
2.5562175	0.128762418	3.93386346
2.43452156	0.118032667	4.00540521
2.29931397	0.124835553	4.08589121
2.15682273	0.133201681	4.16993647
2.07728488	0.124643382	4.21510088
1.93227123	0.119565267	4.2977463
1.80034746	0.126352417	4.3734835
1.70348144	0.124540175	4.42799492
1.59271865	0.123321735	4.4898571
1.58772045	0.141380933	4.4941324
8.26863983	0.172240902	0.00705152786
8.16506722	0.147987891	0.0503529701
8.04283742	0.12884893	0.10177032
7.88944786	0.149340533	0.17395446
7.80508006	0.148976625	0.214256101
7.64571481	0.149639232	0.295295067
7.54160552	0.149849496	0.355203213
7.42345723	0.149887213	0.427360201
7.30495555	0.149337059	0.505930106
7.18744009	0.148781493	0.589770759
7.07406863	0.148688113	0.67472911
6.96321126	0.148546299	0.760452995
6.85330125	0.148236059	0.847126626
6.74343995	0.147612723	0.934685499
6.63294526	0.146392019	1.0231243
6.53449692	0.124874375	1.10249688
6.42115446	0.123486836	1.19318952
6.31774383	0.128807623	1.27569846
6.20257335	0.13497178	1.36746216
6.08050092	0.142304619	1.46439959
5.97219766	0.142894154	1.55016006
5.86275365	0.142895847	1.63642047
5.76002619	0.12719136	1.71690339
5.64823776	0.119036685	1.80384536
5.53101155	0.118513993	1.89448533
5.42695532	0.125401626	1.97459038
5.32498845	0.138843285	2.05269033
5.20880538	0.121870344	2.14036263
5.09492734	0.108011632	2.22552379
4.98339908	0.114298	2.30875039
4.86353007	0.114491381	2.39721932
4.74927989	0.124287735	2.48114439
4.64560588	0.140767796	2.55701605
4.5360234	0.122158697	2.6350028
4.43079607	0.112353184	2.70952151
4.30554977	0.101263942	2.79747808
4.17097597	0.112031781	2.8916749
4.06528952	0.12169779	2.96511341
3.96487036	0.122751686	3.03378227
3.84988178	0.112878761	3.11097681
3.72172272	0.110012494	3.19669892
3.59086653	0.104656523	3.28288793
3.48983042	0.116116676	3.34977325
3.39336139	0.0967315567	3.41079305
3.25720127	0.109692306	3.49920679
3.11948873	0.123267243	3.58747264
3.01874353	0.112205416	3.64977081
2.90972082	0.102842181	3.71669683
2.77485615	0.108408527	3.7999533
2.64338744	0.115868116	3.88025441
2.544881	0.105941306	3.93858457
2.43167077	0.109464567	4.00637229
2.291361	0.103797403	4.08865515
2.16776988	0.11106046	4.16142609
2.07787645	0.118607821	4.21419183
1.9296664	0.10991854	4.29833877
1.79986418	0.117055858	4.37286283
1.71081646	0.102814602	4.42162211
1.58733764	0.111476507	4.49171783
1.57949284	0.0985499356	4.49401856
8.25738667	0.139678882	0.00771654826
8.15879659	0.124837597	0.0495318581
8.04093197	0.117867635	0.10154171
7.89726097	0.124711416	0.168632274
7.79817072	0.125379477	0.216473866
7.65073789	0.120427943	0.292838765
7.54127241	0.143530374	0.355470588
7.42883839	0.126290542	0.424134212
7.30606789	0.111391362	0.505528753
7.17467603	0.117501558	0.599342538
7.06937529	0.125670631	0.678435357
6.96354728	0.142255891	0.760160491
6.85355162	0.142603955	0.8469252
6.74372102	0.141493519	0.934497577
6.64241873	0.124136476	1.01598843
6.53388799	0.114309344	1.10318448
6.41903965	0.112265201	1.1951312
6.30830132	0.106140013	1.28371038
6.18854661	0.105301452	1.3791114
6.08948543	0.118119623	1.45758869
5.98179434	0.119602643	1.54276672
5.87313606	0.120849767	1.62833258
5.7716715	0.112201821	1.70777592
5.64930137	0.109056957	1.80308678
5.52957596	0.110022822	1.89557661
5.41715694	0.103330428	1.9817617
5.30626646	0.102667031	2.0662338
5.21197364	0.101519538	2.13764854
5.09661298	0.101527219	2.22424614
4.98615295	0.106448415	2.30657493
4.86326319	0.106136049	2.39726766
4.74459909	0.110151855	2.48396211
4.6347066	0.118849787	2.56398792
4.53254973	0.10033255	2.63654126
4.41682308	0.100307169	2.71897527
4.30182318	0.099152616	2.80026901
4.18439347	0.100571942	2.88186208
4.06699537	0.10083797	2.9627261
3.96354512	0.0816733718	3.03218175
3.84943271	0.106441185	3.11089955
3.71572674	0.0948213674	3.19976866
3.59342937	0.0999924006	3.28100075
3.50024306	0.0945194244	3.34158148
3.39337828	0.0905362807	3.41033309
3.25594839	0.097756523	3.49930912
3.11067836	0.103650196	3.59145773
3.02690726	0.0944924236	3.64323154
2.90414271	0.0994282084	3.72003431
2.77496616	0.0961903321	3.79889536
2.64316013	0.0935036594	3.87835963
2.54436206	0.0836359827	3.93684868
2.43006518	0.103695784	4.00680721
2.29565461	0.0998306735	4.08589948
2.16806745	0.0925379632	4.15940584
2.07651972	0.0834451954	4.21140409
1.92797864	0.103871546	4.2987437
1.80152884	0.105667482	4.37081545
1.70850254	0.0987019931	4.42254145
1.57872838	0.103061164	4.49578409
1.57865582	0.0937245925	4.49394941
8.24748538	0.10753993	0.00760807729
8.17766559	0.0949744747	0.0367202389
8.0397538	0.107815213	0.101150877
7.89750069	0.115281159	0.16792338
7.79350623	0.109872655	0.217962891
7.65061878	0.111926238	0.292890769
7.52959429	0.121286295	0.362395228
7.42350103	0.104278473	0.427802354
7.30560646	0.103130595	0.505765953
7.18731717	0.103300568	0.590032767
7.07409864	0.103531685	0.675001779
6.96108379	0.119894545	0.7622875
6.8638641	0.12036393	0.839022659
6.75427392	0.12024288	0.926430878
6.64707675	0.109710734	1.01258868
6.53382275	0.106307964	1.10337461
6.41596723	0.103770497	1.19777656
6.3057537	0.100566244	1.28588109
6.1976713	0.100069039	1.37207017
6.08511734	0.100009268	1.46129161
5.99178973	0.0998464635	1.53502347
5.88220413	0.0994181357	1.62124403
5.77233256	0.0918548807	1.70715565
5.65059654	0.0953793003	1.80209543
5.52908713	0.0923004213	1.89576192
5.41704333	0.0979959867	1.98175194
5.30623278	0.0980513033	2.06615744
5.21224905	0.0981273941	2.13734715
5.09631385	0.0975949439	2.22432907
4.9853736	0.091857225	2.30661932
4.86325931	0.0914735085	2.39665287
4.744267	0.0876936494	2.48326052
4.63377494	0.0786492243	2.56289518
4.53422694	0.0793690478	2.63436967
4.42937494	0.0891869799	2.70943616
4.30339137	0.0879906341	2.79832719
4.17094969	0.0895015769	2.89042067
4.06391442	0.0792943113	2.96351447
3.96353362	0.0575190105	3.03062335
3.8491522	0.0853767889	3.10970772
3.71547142	0.0862629132	3.1991722
3.58997007	0.094982081	3.28276233
3.4867794	0.082359008	3.34927365
3.38380061	0.068497532	3.41477768
3.2563494	0.0871451985	3.497907
3.118866	0.0826382544	3.58455896
3.02990561	0.0894444544	3.64088555
2.91093121	0.0930831683	3.71504212
2.77295884	0.0880262418	3.79922635
2.63876897	0.0709318902	3.87891251
2.55451072	0.061820572	3.92871509
2.43159768	0.08599784	4.00415943
2.28940544	0.0945002142	4.08883038
2.16974323	0.0715701416	4.15630503
2.07523809	0.0779661399	4.21155089
1.92876869	0.0721494307	4.2948326
1.79904616	0.0881545829	4.37027699
1.70033114	0.0800819629	4.42501759
1.59278356	0.0896894236	4.4863207
1.57776034	0.0887753707	4.49389302
8.24482623	0.100081307	0.00756803847
8.17804356	0.0890802846	0.0356631608
8.03959955	0.0958324452	0.0998675933
7.88836861	0.0995791922	0.1711343
7.80589546	0.0985200958	0.211476409
7.65051354	0.0923465118	0.292895283
7.52974845	0.0819795565	0.36260848
7.42227796	0.0992656599	0.428647812
7.30337796	0.0996005914	0.507116551
7.18757433	0.0988768725	0.589841873
7.07439749	0.0981300747	0.674834935
6.96177345	0.0810535347	0.76231505
6.8642632	0.0801278725	0.839359572
6.75445956	0.0797739081	0.92707357
6.64733021	0.0892131207	1.01283302
6.53394731	0.0913041568	1.10364208
6.41775535	0.0921581434	1.19662066
6.30753581	0.0959580977	1.2845274
6.1894485	0.0957938135	1.37854705
6.08991718	0.0823069385	1.45762789
5.98188691	0.0797886342	1.54289682
5.8729845	0.0777104702	1.62844224
5.7711602	0.0849721517	1.70799607
5.64848211	0.0857931488	1.80343669
5.53039862	0.0847097229	1.89455219
5.42618915	0.076352541	1.97431582
5.31654142	0.0772954951	2.05778459
5.20818419	0.0778532781	2.13967831
5.08588685	0.0772071628	2.23133384
4.98221205	0.0830766044	2.30852901
4.86269455	0.0823005508	2.39657099
4.7488419	0.0732052544	2.47937241
4.64417379	0.056373577	2.55436069
4.53081151	0.057020896	2.63565255
4.43236909	0.0799396485	2.70673532
4.29991403	0.077265921	2.80012364
4.16708155	0.0803418424	2.89245569
4.05301551	0.0545894398	2.96938009
3.96406097	0.0515616205	3.0298241
3.84876275	0.0766661098	3.10932487
3.72245018	0.0609882319	3.19263474
3.60622118	0.0653624391	3.26991156
3.47663696	0.0576341034	3.3539178
3.38289893	0.0590422987	3.41455883
3.25531244	0.0767431498	3.49761696
3.12902734	0.061196447	3.57634236
3.04077703	0.0663266287	3.63209572
2.90827891	0.0563042685	3.71336948
2.7701131	0.077319572	3.79988061
2.641642	0.0502441669	3.87524925
2.55575838	0.0564814288	3.92742177
2.42257205	0.0691177571	4.0078434
2.28820529	0.0582745756	4.08584893
2.16884832	0.0648943952	4.15609405
2.07360381	0.0705956631	4.21168533
1.92855867	0.059642514	4.29352693
1.80581002	0.0565336414	4.36296143
1.69973933	0.0701267996	4.42418632
1.58574876	0.0735974351	4.488226
1.57695694	0.0504790793	4.4900447
8.24147878	0.0928371903	0.00778950816
8.18467803	0.0629276723	0.0285423133
8.03780288	0.0709568609	0.0974303254
7.89569094	0.0807877702	0.166023686
7.79666373	0.0787409381	0.215303128
7.6506115	0.0853810272	0.292714319
7.53022174	0.0766125035	0.362387686
7.42751371	0.0791337105	0.425729108
7.30619122	0.0938755216	0.50569834
7.17629041	0.0872311666	0.598558979
7.07054098	0.0769286952	0.678206748
6.96440504	0.0590044433	0.760684924
6.85440784	0.0578200265	0.847636422
6.74468952	0.0581978856	0.935372424
6.64292291	0.0745789857	1.0166997
6.53468442	0.0822636086	1.10331785
6.42086968	0.0820895107	1.19436514
6.30937345	0.0812472762	1.28333339
6.20308906	0.0668484954	1.36811639
6.08104101	0.0581200624	1.46479832
5.97240331	0.0563824638	1.55040179
5.8626383	0.0554370759	1.63647127
5.75967946	0.0694706603	1.71687712
5.64793968	0.0753714951	1.80363664
5.53135876	0.075011911	1.89357067
5.43642102	0.0537920066	1.96599481
5.3258249	0.0533553172	2.0501061
5.216411	0.0531759787	2.13271503
5.0764044	0.0526991775	2.23751368
4.98019691	0.0714978055	2.3094948
4.86168743	0.0713760937	2.39677525
4.75835476	0.0511713734	2.47146765
4.64436722	0.0504493741	2.55388669
4.53114823	0.0498370821	2.63498464
4.41625918	0.0474895522	2.71638854
4.29393673	0.0587843067	2.80313621
4.18164017	0.0479357066	2.88045783
4.05102566	0.0378839146	2.96957151
3.96490131	0.0446800276	3.02874397
3.84590295	0.0275172311	3.10746215
3.72025154	0.0298760551	3.19160562
3.605861	0.0404235428	3.26810771
3.47566461	0.0398344149	3.35302801
3.38187455	0.031622274	3.4128519
3.24512761	0.028082388	3.49973286
3.12994747	0.0529522103	3.57500968
3.02528674	0.046852962	3.63994838
2.90799103	0.0451743147	3.71247683
2.7655004	0.0278682096	3.79780195
2.64159251	0.0443658296	3.874684
2.55614713	0.0505398354	3.92657992
2.42166223	0.0320537986	4.00446945
2.28775046	0.0472679572	4.08493158
2.1521031	0.0484003767	4.16400893
2.06950121	0.0429243334	4.21097866
1.92444812	0.0295294849	4.29246144
1.82267507	0.0373458313	4.35119735
1.70661465	0.0461289524	4.41765355
1.57752624	0.0469446526	4.48957802
1.5761705	0.0457176804	4.48992056
8.23796533	0.0851302078	0.00797863624
8.17181386	0.0462333018	0.0317302929
8.03603376	0.0579468417	0.0964913178
7.90463	0.0558526356	0.159506905
7.7954727	0.0692338007	0.215345641
7.65046371	0.0762275989	0.292612254
7.54195669	0.0540580452	0.355630552
7.42417836	0.0557334836	0.428617793
7.31254729	0.0709581309	0.502131244
7.1742628	0.076025962	0.600494725
7.07502698	0.0542235953	0.67539612
6.96413401	0.0528368773	0.761105825
6.85429799	0.0522487627	0.847908052
6.74459993	0.0520915901	0.935645694
6.63427046	0.0520642748	1.02419896
6.53561042	0.0711507364	1.10288731
6.42244855	0.0696657127	1.19338905
6.32687221	0.0499201172	1.26998576
6.20355314	0.0418939689	1.36800706
6.0804731	0.0486679455	1.46528165
5.97196427	0.0483004103	1.55072845
5.862333	0.0478394538	1.63664779
5.75885499	0.0330707779	1.7168581
5.64705905	0.0262497746	1.80311951
5.53037326	0.0255092423	1.89288202
5.43629186	0.0455910686	1.96584254
5.32561075	0.044740514	2.04997034
5.21616244	0.0433625865	2.13252749
5.07713678	0.0421036088	2.23652422
4.97924135	0.0214451393	2.30784411
4.8600191	0.0220337563	2.39549106
4.7580488	0.0441130379	2.47131453
4.64410766	0.0444430356	2.5537348
4.53067432	0.0425227558	2.63488987
4.42959414	0.0182713325	2.70482496
4.29846092	0.0278975174	2.79782162
4.17560034	0.0259434536	2.8829789
4.05168043	0.03123121	2.96864449
3.96460479	0.0298809857	3.02782474
3.84499658	0.0177268166	3.10730655
3.71774661	0.0184530188	3.19235066
3.59809574	0.0161027499	3.27106677
3.4767188	0.0315097946	3.35164965
3.38294409	0.0237974234	3.41148553
3.24375307	0.0174489034	3.49964914
3.1298525	0.0450686271	3.57434924
3.02351091	0.0378953644	3.64021763
2.90747508	0.00795219219	3.70896746
2.765622	0.0167832438	3.79662612
2.6422987	0.0389602476	3.87371114
2.5596363	0.0294252632	3.92216823
2.42536637	0.0144227698	4.00033817
2.28194461	0.0224005507	4.08555892
2.15468191	0.0411397535	4.16172281
2.06852104	0.0337857229	4.21051812
1.92173528	0.0192104677	4.29283023
1.82140099	0.0280578226	4.35085857
1.69284293	0.0152955787	4.4215883
1.58695314	0.0162153629	4.48088402
1.56573159	0.00322783749	4.49040458
8.23307248	0.0537396125	0.00482804348
8.18247226	0.0235099017	0.0228259081
8.0296726	0.0278036287	0.0955485613
7.90499313	0.0383221776	0.157885163
7.79489293	0.0320022996	0.213065596
7.64950254	0.0276277854	0.291859418
7.54213557	0.0476734054	0.355564209
7.42444691	0.0470031566	0.428665415
7.30649209	0.0453034214	0.507184405
7.18264425	0.0316701449	0.595474848
7.07515875	0.0454420371	0.675600658
6.96427344	0.046186399	0.761218251
6.85444923	0.0463065399	0.847983498
6.74477929	0.0456883986	0.935712809
6.64365969	0.0296461935	1.01704781
6.53575851	0.0212544963	1.10341208
6.42185266	0.019572463	1.19439064
6.30961099	0.0185627895	1.28364683
6.19685962	0.0174748459	1.37328979
6.08884952	0.0243609539	1.45845584
5.97317421	0.0402376909	1.54976194
5.86345899	0.0405147037	1.63570879
5.76999485	0.01732738	1.70775436
5.64701602	0.0156287031	1.80294422
5.52902312	0.0158625696	1.89365145
5.425753	0.0230611099	1.97296793
5.31602355	0.0206819354	2.05617586
5.20764059	0.0184512794	2.13779003
5.09387393	0.00562247257	2.22212261
4.98147056	0.0111543482	2.30575361
4.85992671	0.0124991711	2.39508881
4.74634124	0.0230507019	2.47848431
4.63310692	0.0219922772	2.56014611
4.53338229	0.0198625681	2.63137525
4.42569327	0.00914313481	2.7070395
4.29289601	0.0088653426	2.80039415
4.17998862	0.00451255171	2.87829247
4.06119364	0.00930867303	2.96035034
3.96507227	0.0248137807	3.02712959
3.84460761	0.00965608617	3.10694949
3.70859914	-0.00123004652	3.19673248
3.60905992	0.00596820104	3.26308091
3.48599192	0.00941577041	3.34361278
3.38989592	0.00543458831	3.40526846
3.2425056	0.00850395323	3.49968042
3.11800199	0.0296619595	3.58019896
3.02123731	0.00114206445	3.63789093
2.90083911	-0.00358217673	3.711921
2.76623481	0.00862338325	3.7954546
2.6433329	0.0347120709	3.87265762
2.55416686	0.00699157327	3.92294691
2.41767551	-0.00346639971	4.00296168
2.28855873	0.00256480909	4.07951131
2.16618252	0.0179154956	4.15236226
2.06800906	0.0260922929	4.20994508
1.91880297	0.0112339226	4.29358984
1.81040973	0.00554643698	4.35441668
1.70007681	-0.00550670567	4.41499043
1.57947178	0.00765521599	4.48406853
1.55577789	-0.03999106	4.4904594
8.22990498	0.0454568864	0.0047597733
8.18270985	0.0159084655	0.0213550001
8.02640209	0.0174373939	0.0956863435
7.90441338	0.0289179885	0.157205522
7.78893238	0.0155004263	0.214872343
7.64940854	0.0179554749	0.291665926
7.53046074	0.0252954182	0.36227907
7.42901569	0.023636818	0.425933341
7.30759698	0.00837264122	0.507049343
7.17739855	0.0135972216	0.599660779
7.07116929	0.0225658751	0.679160429
6.96484197	0.0400281463	0.760975156
6.85484656	0.040935972	0.847843628
6.75539821	0.0239649495	0.927587398
6.64395181	0.0221004382	1.01702558
6.53543476	0.0116162662	1.10395837
6.41952618	0.00910266305	1.19657061
6.30800656	0.00401019542	1.28525013
6.20070791	0.00321263953	1.37021713
6.09080335	0.0150332041	1.45698614
5.98265879	0.0174912456	1.54193779
5.88168285	0.00294302051	1.6205271
5.7712167	0.00979550404	1.70667341
5.64840009	0.00545714848	1.8018362
5.52747366	0.00837876911	1.89463749
5.41561066	0.00172899176	1.97977037
5.3050385	0.00128133385	2.06360888
5.2074199	0.000221871789	2.13727666
5.09576003	0.000268613376	2.22058571
4.98376315	-0.0037824644	2.30328153
4.85944042	-0.00517797698	2.39437724
4.74155165	-0.00809393945	2.47976084
4.6328552	0.017103182	2.56000972
4.52967679	-0.00148878571	2.63249284
4.41370726	-0.00107615302	2.71485005
4.29543234	0.00192975438	2.79828303
4.18069414	-0.000510332832	2.87742911
4.06032696	-0.0108783785	2.9592286
3.97522926	-0.0213353791	3.01617418
3.84412239	-0.0085586414	3.10568248
3.70768524	-0.00656832471	3.19686235
3.60057719	-0.00198424859	3.26789143
3.4851039	-0.0068136682	3.34264968
3.38924767	0.000506104492	3.40519461
3.24730211	-0.00746109189	3.49503015
3.11463137	-0.00985343376	3.57829709
3.00921564	-0.00887443302	3.6443684
2.90058377	-0.00791971488	3.71160436
2.76554804	-0.00763810267	3.79407567
2.65181987	-0.00495838309	3.8631134
2.55347641	-0.0146139684	3.92092048
2.41717487	-0.00795078807	4.00272939
2.288264	-0.00104847116	4.07925993
2.17660823	-0.0182384606	4.14200746
2.06662949	-0.0115047941	4.20621969
1.91050402	-0.00648589786	4.29616323
1.80777926	-0.00260863413	4.35494052
1.69975465	-0.0109665554	4.41448678
1.57783822	0.00281678356	4.48438138
1.54393728	-0.055504354	4.49478162
8.22729859	0.0382445936	0.00463270157
8.17062369	-0.00584023592	0.0230960693
8.0231917	0.00949054972	0.0961275625
7.90684104	-0.00131843689	0.152562838
7.79676787	-0.0051544784	0.209241186
7.6491302	0.0103328372	0.29162455
7.53003787	0.0196084108	0.362545234
7.42390782	0.00241771806	0.429317523
7.30599365	0.00146844438	0.508420146
7.18918219	0.00143427223	0.591542758
7.07574106	0.00159704392	0.676140572
6.96409655	0.00118733547	0.762293185
6.86512731	0.0188194423	0.840068506
6.74667762	0.000845598485	0.9349034
6.63644926	0.000412284318	1.0232859
6.53560988	-0.00506521281	1.10408435
6.41745968	-0.00249888832	1.1986246
6.30648074	-0.000615860108	1.28655011
6.20030676	-0.000422478018	1.37079388
6.08493791	-0.000997808531	1.46142575
5.99166867	-0.00180225688	1.53446695
5.88170768	-0.0023916283	1.62037344
5.77098051	-0.0100269876	1.70617043
5.6523533	-0.00716140851	1.7982347
5.52755785	-0.0100517738	1.89379941
5.41574051	-0.00357477032	1.97940267
5.31371742	-0.0172252596	2.05606277
5.20444589	-0.00923616933	2.13885802
5.09416038	-0.00447942566	2.22137356
4.9812902	-0.0101264172	2.30458206
4.859253	-0.0116804088	2.3939971
4.74366511	-0.0410689727	2.4759529
4.64091328	-0.0400323659	2.55012415
4.53207111	-0.0224606397	2.62921611
4.42646771	-0.0127313519	2.70478909
4.29095655	-0.000508453919	2.80090765
4.16525526	-0.0133036662	2.8868649
4.06218653	-0.032009909	2.95613698
3.96324241	-0.033380759	3.02328609
3.84334894	-0.0161749702	3.10542509
3.71256105	-0.0237174908	3.19197132
3.61117588	-0.0153602563	3.25951445
3.47517269	-0.0283305264	3.34688628
3.37958028	-0.0198263761	3.40930812
3.24796237	-0.015936219	3.49360946
3.12701497	-0.0244496057	3.56902281
3.0261137	-0.0230302991	3.63222105
2.90381292	-0.0253279144	3.70760068
2.76358846	-0.015360492	3.79432643
2.64057157	-0.0271884558	3.86735497
2.54815483	-0.0289997731	3.92247079
2.42015547	-0.0304999089	3.99821015
2.2779734	-0.021087814	4.08276493
2.17535787	-0.0246437032	4.14192319
2.06484983	-0.0190159651	4.20628973
1.91642875	-0.0243211027	4.290569
1.81804494	-0.0230324612	4.3465271
1.68849947	-0.0339017462	4.41782637
1.57333371	-0.0175247332	4.48412003
1.5423788	-0.0817725185	4.49228877
8.21073353	0.0176476602	0.00875291529
8.17073489	-0.0119412818	0.0219539738
8.0147459	-0.00873017919	0.0975856929
7.9076994	-0.0039076748	0.151849713
7.79647721	-0.0112050793	0.208892528
7.64893165	-0.00975232935	0.291168419
7.53005463	-0.0195468015	0.362106665
7.4240367	-0.00255704135	0.42927106
7.30649498	-0.00188564536	0.508128491
7.18921139	-0.00246042826	0.591598602
7.07565826	-0.00364800679	0.676309376
6.96265378	-0.0203675742	0.763788908
6.85568348	-0.0390113984	0.848447118
6.75568402	-0.0221504493	0.927947038
6.64421367	-0.0211264741	1.01721131
6.53556817	-0.0118031773	1.10397964
6.42007782	-0.010851282	1.19608391
6.30899915	-0.00618768365	1.28431829
6.19702851	-0.01263904	1.37290231
6.08900679	-0.0204971611	1.45767665
5.97300005	-0.0381727107	1.54814796
5.87230876	-0.0432836513	1.62634028
5.76945061	-0.0176812271	1.70699649
5.65244021	-0.017322139	1.79748677
5.52872759	-0.0181259826	1.89242888
5.43366278	-0.0408476349	1.96394223
5.32316671	-0.0405647056	2.04761162
5.20691643	-0.0252789659	2.13582273
5.08321646	-0.026323466	2.22805599
4.97805306	-0.0201545158	2.30616306
4.8584417	-0.0207753436	2.39385618
4.74275973	-0.0474894766	2.47606587
4.64130949	-0.0454200934	2.54937872
4.52783222	-0.0449087008	2.63043903
4.4285942	-0.0233208705	2.70232212
4.28876735	-0.0287204881	2.800029
4.17766661	-0.0437523991	2.87573287
4.06216923	-0.0373735354	2.95562362
3.96274878	-0.0388052533	3.02307811
3.84264554	-0.0262481485	3.10487688
3.71368922	-0.0317641299	3.19037528
3.61952221	-0.0393633033	3.25163918
3.47380365	-0.0368208927	3.34684324
3.37720628	-0.029249822	3.40979986
3.24729787	-0.0258689947	3.49290845
3.13757492	-0.0469680874	3.55997152
3.02116509	-0.0471576505	3.63260878
2.89586875	-0.0514125626	3.70949707
2.76149142	-0.0252787748	3.79440709
2.63907195	-0.0424877002	3.86641662
2.5481755	-0.0363870662	3.92155579
2.41370137	-0.0568137642	3.99880238
2.28222889	-0.0450815204	4.07735452
2.16335413	-0.0475606995	4.14606148
2.06295183	-0.0285740335	4.20616017
1.91722442	-0.0319247944	4.2891193
1.82064517	-0.0395497361	4.34286181
1.69385427	-0.0521979884	4.41248476
1.57372095	-0.028297611	4.48243056
1.54076907	-0.087165384	4.49244291
8.19480775	-0.00795519312	0.0116768417
8.17023497	-0.0188413806	0.0209412617
8.02025156	-0.0285393279	0.092013196
7.91835325	-0.0255025892	0.143974746
7.78643893	-0.0338274973	0.212578878
7.64878789	-0.0172290191	0.2909015
7.54122043	-0.041925256	0.355009248
7.42931478	-0.023925646	0.425847481
7.30790243	-0.0091128415	0.507180074
7.17718642	-0.0158141618	0.600468463
7.07143596	-0.0253191007	0.679942188
6.96549521	-0.0426152685	0.761995574
6.85542947	-0.0438729581	0.848641609
6.74559476	-0.0439367429	0.93617145
6.64406491	-0.0284352812	1.01725779
6.53600748	-0.0215009453	1.10342973
6.42221788	-0.0217102885	1.19406636
6.31868175	-0.0288243944	1.27627992
6.20319934	-0.0363075313	1.36755754
6.08019382	-0.0448949199	1.46396422
5.97138682	-0.0461797373	1.54907416
5.87210749	-0.051473001	1.62610413
5.75796672	-0.0337243951	1.71535442
5.64763146	-0.046659911	1.7995478
5.53893758	-0.0411275951	1.88348621
5.43468009	-0.0487137448	1.96266817
5.32425067	-0.0493284943	2.04620476
5.21463416	-0.0498958127	2.12854192
5.08892845	-0.0439040896	2.22271252
4.97400565	-0.0512884838	2.30675705
4.86266267	-0.0441715664	2.38912013
4.74132432	-0.0628806938	2.47584398
4.6398172	-0.0642799517	2.54879109
4.52784625	-0.052848706	2.62973037
4.41901042	-0.0675279252	2.70521731
4.28731677	-0.0421541515	2.79979719
4.17737807	-0.0529191465	2.87505258
4.04710039	-0.0535271533	2.9643336
3.96213884	-0.0452966221	3.02284239
3.83840315	-0.0754823751	3.10264958
3.71344713	-0.0580359642	3.187756
3.60286515	-0.064888063	3.25982732
3.47306719	-0.0551182654	3.34533548
3.37330852	-0.0586666216	3.40903604
3.23606831	-0.0744949053	3.49451514
3.13724692	-0.0542088364	3.55934325
3.02085863	-0.0563586822	3.63172695
2.89532058	-0.0702609321	3.70760988
2.75669535	-0.074496471	3.79138204
2.63983294	-0.0492785845	3.86513659
2.55290682	-0.0593229738	3.91577128
2.41139457	-0.0699185128	3.99851682
2.28218829	-0.0549176505	4.07612894
2.16333826	-0.0545458462	4.14517523
2.05074721	-0.077014213	4.20687401
1.9158887	-0.0584925687	4.28638046
1.80248963	-0.0660602031	4.34960242
1.68574872	-0.0755827897	4.41380694
1.55322401	-0.0962775103	4.48456666
1.53899901	-0.0928725753	4.49263697
8.19660098	-0.0274292713	0.0073323685
8.17213687	-0.0448691087	0.015529796
8.0196445	-0.0366994128	0.0911229118
7.91969672	-0.0502463643	0.140331877
7.79153204	-0.0514446453	0.208534885
7.64832618	-0.0264761748	0.290725046
7.54177631	-0.0479726219	0.354518683
7.42491336	-0.0474160476	0.429046017
7.30764007	-0.0463879924	0.50815856
7.19006662	-0.0470951699	0.591956135
7.0763169	-0.0484313268	0.676745748
6.96525214	-0.0492140039	0.762218602
6.85530499	-0.0497014575	0.848731743
6.7454827	-0.050192623	0.936209182
6.63498672	-0.0509167266	1.02450934
6.53555816	-0.0714571182	1.10260757
6.42188152	-0.072038672	1.19292938
6.31898532	-0.0668045979	1.27489564
6.20310648	-0.0612667988	1.36680857
6.08013466	-0.0541872772	1.46366397
5.9714147	-0.0542310602	1.54871878
5.87238708	-0.0678568598	1.62508224
5.75621442	-0.0700900018	1.71478465
5.6434421	-0.0772046085	1.80101855
5.53667567	-0.0704426748	1.8834152
5.43393581	-0.0567534164	1.9627231
5.32339102	-0.0582418393	2.04625912
5.19937542	-0.0673586063	2.1387369
5.09077808	-0.081912556	2.21813488
4.97469832	-0.0818380304	2.30389004
4.8547746	-0.0801197411	2.39176838
4.74071654	-0.0696450828	2.4757105
4.64067234	-0.0701870884	2.54766645
4.53178994	-0.0760159685	2.62466629
4.42295413	-0.085442082	2.70067575
4.29117322	-0.0910124815	2.79237043
4.17237326	-0.0759313179	2.87613176
4.04893699	-0.0594403684	2.96249994
3.96985818	-0.0669020653	3.01526965
3.83683496	-0.0858220758	3.10264788
3.71220369	-0.0698586252	3.18732059
3.59552913	-0.0868064068	3.26213771
3.48285552	-0.0789690161	3.33622617
3.37316508	-0.0697852177	3.40789827
3.23413764	-0.0837842177	3.49466865
3.12547444	-0.0768050037	3.5639597
3.02343852	-0.0811378944	3.6270851
2.89515993	-0.0966624322	3.70437255
2.75692915	-0.0838054468	3.79009907
2.64039541	-0.0754975506	3.86148243
2.54659379	-0.0861640875	3.91612261
2.40701236	-0.0967221682	3.99757125
2.29135405	-0.0867997105	4.0666003
2.17409593	-0.0773400427	4.13588266
2.0500211	-0.0863570366	4.20608114
1.91479284	-0.0685919748	4.28566247
1.80232214	-0.075499088	4.34845894
1.68726744	-0.0849009051	4.41171266
1.55098266	-0.105737121	4.48451156
1.53708697	-0.0988291842	4.49286886
8.19468755	-0.0322686137	0.00734085777
8.1639769	-0.0715137633	0.0147481693
8.01695567	-0.0614322617	0.0888934066
7.90224281	-0.0679624802	0.147372435
7.78498091	-0.0734326492	0.209936803
7.6464489	-0.0751283729	0.289305302
7.54164803	-0.0543165666	0.354436606
7.42470457	-0.0560024509	0.429116231
7.31394685	-0.0719002402	0.503527931
7.17636668	-0.0787541825	0.601467433
7.07106467	-0.0716753719	0.68051356
6.96549973	-0.055938775	0.762055567
6.85550054	-0.0555822335	0.848567427
6.74567314	-0.0564353857	0.936005263
6.64335544	-0.0734496176	1.01701544
6.53475612	-0.0824761713	1.10300142
6.4200157	-0.0839465897	1.19412104
6.30869956	-0.0907442612	1.28196961
6.19659832	-0.0852319767	1.37078172
6.0887815	-0.0783510128	1.45559718
5.97204846	-0.0724915976	1.54732159
5.87370935	-0.0752932784	1.62369511
5.76722776	-0.085689354	1.70522169
5.64279554	-0.0875203557	1.80098352
5.52490081	-0.0860840093	1.89117267
5.42331753	-0.0792603531	1.96907612
5.31357145	-0.0823532851	2.05180098
5.21180732	-0.0967581921	2.12699273
5.09820495	-0.102624925	2.21093528
4.97645423	-0.0919816577	2.30190048
4.85440543	-0.0882880376	2.3913662
4.74000529	-0.0750445617	2.47576418
4.64329925	-0.09250125	2.54358817
4.5256456	-0.0980388519	2.62686335
4.40980084	-0.0982448698	2.70884629
4.29223862	-0.0980298307	2.79108106
4.17565417	-0.096614962	2.87167522
4.05954375	-0.0817361623	2.95283466
3.96920978	-0.0733851301	3.01502845
3.83646245	-0.094530752	3.1020908
3.70296368	-0.0909497032	3.19106401
3.59817005	-0.0960597428	3.25955145
3.49212503	-0.0994250028	3.32782537
3.3797633	-0.0914142235	3.40112537
3.23236135	-0.09087404	3.4949681
3.12432971	-0.0828082318	3.56396343
3.01361187	-0.100094973	3.63090722
2.89678694	-0.101548698	3.70285725
2.757326	-0.104523816	3.78717063
2.64026352	-0.0807239469	3.86089569
2.54457775	-0.0928094075	3.91646653
2.40414794	-0.101438197	3.99874979
2.29341681	-0.0932997763	4.06460028
2.17114822	-0.116152638	4.13226465
2.05034748	-0.093703928	4.20496037
1.90391189	-0.0899426556	4.28890644
1.79711522	-0.100251306	4.34809173
1.69403927	-0.102876474	4.40542175
1.54881161	-0.113059567	4.48469903
1.52637474	-0.137981098	4.49320482
8.19285455	-0.0367659067	0.00738210496
8.16175941	-0.0794497786	0.0143745381
8.01590994	-0.0705090163	0.0880937117
7.90041461	-0.0840689218	0.146574049
7.78697969	-0.0818404743	0.208049533
7.64613218	-0.0838300227	0.289024813
7.53001626	-0.0767544368	0.36069029
7.42825169	-0.0791309189	0.426250325
7.30782482	-0.0944418952	0.507526433
7.18957549	-0.0946803281	0.592033685
7.07567602	-0.0942447409	0.67676157
6.96257109	-0.0783912973	0.763989645
6.85589315	-0.0605917942	0.848247886
6.75529906	-0.0782841391	0.927602343
6.64791444	-0.0883217967	1.01261668
6.534298	-0.0914432433	1.10325644
6.41262645	-0.102899188	1.19933959
6.30610092	-0.0976330325	1.2839254
6.19209976	-0.0984104449	1.37379744
6.0909854	-0.0869069675	1.45359296
5.97988427	-0.0934312247	1.53992893
5.89060845	-0.10330521	1.60856137
5.76816708	-0.105543888	1.70317398
5.64314303	-0.0971475285	1.80047343
5.51634669	-0.107563303	1.89607364
5.41269141	-0.0996662021	1.97551223
5.31089573	-0.100338483	2.05241321
5.20350192	-0.100303975	2.13326467
5.09844622	-0.107251508	2.21042324
4.97741845	-0.103116837	2.30036494
4.85387184	-0.107755165	2.3898942
4.73915258	-0.112825232	2.47268933
4.64251947	-0.113312676	2.54207381
4.52531948	-0.103230245	2.62656167
4.41354409	-0.107795301	2.70511338
4.29194864	-0.10146165	2.79090897
4.1753385	-0.101547726	2.87134959
4.06988173	-0.119922449	2.94146628
3.9675712	-0.113586656	3.01155196
3.83557697	-0.108103826	3.10105684
3.70290296	-0.0964521227	3.19043683
3.6034349	-0.1069545	3.25468321
3.4811081	-0.117978862	3.33266223
3.37207263	-0.110731827	3.4036559
3.23144329	-0.12680521	3.49100619
3.12171443	-0.119003149	3.56099447
3.00584979	-0.110674114	3.63432895
2.89605575	-0.105436106	3.70276819
2.75598634	-0.110641474	3.78715751
2.66013781	-0.121868162	3.843476
2.54446143	-0.113618375	3.91373329
2.40403171	-0.105782729	3.99818208
2.26731814	-0.10861189	4.07756169
2.18232495	-0.131888633	4.12350161
2.05474376	-0.110962746	4.19999429
1.90367714	-0.0958351039	4.288202
1.80361808	-0.109260842	4.34301254
1.6867636	-0.118533848	4.40725501
1.54700684	-0.120583465	4.48460973
1.51586817	-0.168824174	4.49440171
8.18269226	-0.0656197466	0.00720504912
8.15956029	-0.0866996255	0.0141355041
8.01483898	-0.077772396	0.0875704109
7.89801011	-0.0996581295	0.145583802
7.79272465	-0.0972656969	0.203440869
7.64592592	-0.0906318211	0.288765322
7.52959267	-0.0820684192	0.360792387
7.42330525	-0.0995293752	0.428917565
7.3048742	-0.0997281743	0.509732765
7.19007641	-0.0997112809	0.59178454
7.07639198	-0.0997338528	0.676201063
6.96439155	-0.0998916766	0.762060087
6.86508868	-0.118374215	0.839213822
6.75515094	-0.119055352	0.926154054
6.63575154	-0.101766667	1.02197836
6.53419575	-0.106442037	1.10269715
6.41239573	-0.106844859	1.1993718
6.30594828	-0.101800871	1.28381176
6.1910319	-0.101558138	1.37437458
6.08895108	-0.114593875	1.45337832
5.97829269	-0.112982323	1.53986174
5.88294133	-0.122798745	1.61313752
5.76692027	-0.111650234	1.70361224
5.64206671	-0.110262003	1.79991301
5.52327185	-0.128859706	1.88902752
5.41298581	-0.105013893	1.97480008
5.31164512	-0.119083596	2.05009696
5.20307167	-0.112036196	2.13220721
5.09741937	-0.115983236	2.21021334
4.97432104	-0.112471686	2.30140399
4.85328941	-0.11468651	2.38956857
4.73626363	-0.133312199	2.47268075
4.65210525	-0.13427579	2.53304058
4.52834695	-0.124286065	2.62217487
4.415175	-0.118352749	2.70260351
4.2778156	-0.114062997	2.79908383
4.16887588	-0.123242504	2.87330517
4.05841584	-0.142218359	2.94670519
3.95416134	-0.128110998	3.01897196
3.83482919	-0.117690905	3.10026142
3.71024151	-0.116777527	3.18307614
3.59866318	-0.13060251	3.25476693
3.4786939	-0.126050941	3.3331412
3.36932416	-0.119440859	3.4042277
3.23097144	-0.135693621	3.49009304
3.13153564	-0.142058632	3.55184176
2.999924	-0.126417198	3.63591412
2.88683917	-0.121631277	3.70616502
2.75396251	-0.11818468	3.78732573
2.64742324	-0.143912179	3.84811234
2.5453052	-0.121785736	3.9120715
2.40434638	-0.125547982	3.99521802
2.26194315	-0.148830327	4.07499496
2.17007142	-0.147453115	4.12842731
2.05298322	-0.120088915	4.19963241
1.91172798	-0.117936692	4.28046446
1.79711792	-0.125542687	4.34431056
1.68417538	-0.125504661	4.4076521
1.5449378	-0.129669256	4.48440956
1.51423921	-0.173672925	4.49458211
8.1804936	-0.0701119962	0.00745428495
8.15668354	-0.0934884624	0.0143594441
8.0051884	-0.0970614424	0.0896750933
7.90420843	-0.108950045	0.141224733
7.78509224	-0.11306458	0.206363626
7.64546141	-0.112221962	0.287839655
7.52907938	-0.12089558	0.359523403
7.42438244	-0.104751671	0.42803235
7.30748663	-0.103910866	0.507664857
7.18960868	-0.104148705	0.591923178
7.06287957	-0.112296105	0.685905077
6.96527123	-0.138553551	0.760464465
6.85462264	-0.140364524	0.846691828
6.75490263	-0.124340523	0.926051025
6.64285062	-0.123434464	1.01519614
6.53381738	-0.114565037	1.10223952
6.4124459	-0.11735167	1.19823325
6.30825474	-0.10831894	1.2813122
6.193946	-0.122047778	1.37041243
6.08667531	-0.12339113	1.45434141
5.96896241	-0.134695038	1.54554047
5.87326635	-0.134980302	1.61983661
5.76506872	-0.120361552	1.70422264
5.64144896	-0.120305515	1.79934769
5.52342834	-0.138250709	1.88800013
5.4308002	-0.143178646	1.95803531
5.32069008	-0.143030065	2.04108289
5.19651292	-0.135403576	2.13483708
5.08786994	-0.141030958	2.21478846
4.97155387	-0.123281506	2.30221605
4.8568348	-0.137185122	2.38470445
4.73486493	-0.146693936	2.47217899
4.65299901	-0.139632632	2.53177941
4.52953059	-0.133240119	2.62029351
4.41281229	-0.157019352	2.69991475
4.28206275	-0.131832034	2.79409995
4.1724992	-0.146756859	2.86810467
4.05773563	-0.14831054	2.9464018
3.95327622	-0.136026919	3.01858036
3.83389574	-0.147368809	3.09706438
3.7038743	-0.140697426	3.18429044
3.58198314	-0.148383488	3.26329027
3.4779799	-0.155372183	3.3297366
3.36689043	-0.130275454	3.40433102
3.22976628	-0.145581776	3.48950769
3.13084383	-0.159231898	3.54989943
3.0155288	-0.151200124	3.62278021
2.88877802	-0.138705943	3.70264886
2.75345422	-0.159766088	3.78190868
2.64724296	-0.149733864	3.84738346
2.53369867	-0.16447832	3.91291652
2.4044956	-0.143507107	3.99249094
2.25970339	-0.158801589	4.07482264
2.17022536	-0.155182724	4.12719194
2.04492072	-0.149331045	4.1999144
1.92143127	-0.141417179	4.27157125
1.79734389	-0.142886778	4.34157056
1.68650693	-0.140493008	4.40416784
1.54224257	-0.139497548	4.48444317
1.5125797	-0.178597633	4.49476287
8.16615233	-0.107844872	0.00768813396
8.15333726	-0.10179021	0.014576124
8.01340809	-0.119409054	0.0821446806
7.89791263	-0.124079423	0.142904915
7.78165512	-0.122080677	0.207478732
7.64506187	-0.119882368	0.287558371
7.53978348	-0.143707491	0.351799318
7.42930398	-0.126932879	0.424010309
7.30789046	-0.112489693	0.507027895
7.17643786	-0.119255487	0.600907658
7.07064935	-0.127649951	0.679845182
6.96464814	-0.144473962	0.760654216
6.85425049	-0.14565355	0.846665327
6.74391297	-0.145972792	0.933737574
6.64234057	-0.131621791	1.01499949
6.53383981	-0.125265849	1.10133175
6.41899778	-0.143329938	1.19117156
6.32428299	-0.145483421	1.26620416
6.18631424	-0.146732435	1.37459879
6.07772685	-0.147764825	1.45953383
5.96835994	-0.141947907	1.54535039
5.87206706	-0.141751929	1.62013911
5.75996269	-0.150200182	1.70539735
5.64143394	-0.14995238	1.79649861
5.53026198	-0.161069284	1.88079886
5.43078449	-0.160015969	1.95636174
5.32117843	-0.152132894	2.03977337
5.18059035	-0.160762309	2.14401677
5.08652754	-0.170997816	2.21257711
4.96712271	-0.172926351	2.30002514
4.85349361	-0.166102626	2.3838915
4.73568872	-0.15265215	2.47090063
4.65292082	-0.145845805	2.53111456
4.52927653	-0.163327752	2.61691036
4.41101063	-0.170433294	2.69955592
4.28122258	-0.169705848	2.79006606
4.17248857	-0.154695084	2.86712705
4.05767987	-0.154563268	2.94565431
3.95334188	-0.178458024	3.01292737
3.82823486	-0.178098642	3.09685734
3.71151801	-0.164137071	3.1763045
3.59808018	-0.165673518	3.2504922
3.47897354	-0.164819304	3.32781736
3.36147532	-0.178750991	3.40122108
3.2253124	-0.173431983	3.48848745
3.13106337	-0.166545089	3.54874781
3.02157554	-0.174806154	3.61559663
2.87856275	-0.163721051	3.70525485
2.75285649	-0.168124045	3.78106479
2.64393434	-0.170320852	3.84632271
2.53846141	-0.180994682	3.90757368
2.40302593	-0.156824233	3.99140597
2.26053428	-0.167380519	4.07307514
2.17961807	-0.177230836	4.11838308
2.03736027	-0.179165189	4.1997981
1.92097078	-0.171460454	4.26731227
1.79776436	-0.160682534	4.33866962
1.675951	-0.163505695	4.40651039
1.54169909	-0.180215983	4.47868733
1.51496475	-0.198453162	4.49055839
8.1640066	-0.11296605	0.00784841122
8.14282102	-0.154165309	0.0109621203
8.00579658	-0.142662667	0.0829594732
7.89819966	-0.142366855	0.140751309
7.7850725	-0.139186275	0.204068195
7.64444382	-0.128833841	0.287314805
7.54011144	-0.149974532	0.351249557
7.42387018	-0.150383458	0.427073501
7.30676125	-0.150728278	0.507121027
7.18942885	-0.150762066	0.591075731
7.07568479	-0.15092288	0.675550359
6.96443073	-0.15112524	0.760490825
6.85410231	-0.151626336	0.846421358
6.74372839	-0.152594066	0.933416765
6.63248559	-0.154131616	1.021496
6.53105567	-0.175350673	1.09964811
6.41664239	-0.174044101	1.19050139
6.32334989	-0.16445901	1.26525161
6.20076467	-0.164026106	1.36172725
6.07815366	-0.156662835	1.45840422
5.96830775	-0.158448506	1.54387782
5.87053512	-0.15638453	1.61995628
5.7542011	-0.179802967	1.70704428
5.63659652	-0.179967469	1.79728848
5.52846186	-0.169306382	1.88135277
5.43030333	-0.167620925	1.95595493
5.31224698	-0.176735886	2.04369503
5.18824659	-0.184650267	2.13556083
5.09359536	-0.192176856	2.20491096
4.9669263	-0.184099136	2.29893986
4.85275835	-0.174181824	2.38349818
4.73646905	-0.158315961	2.46968737
4.64929743	-0.161371408	2.53187988
4.53393684	-0.186657467	2.61065228
4.40770163	-0.197919334	2.69832484
4.28481663	-0.1924978	2.78461464
4.16008509	-0.175252598	2.87295174
4.06839988	-0.176555778	2.93540752
3.95258781	-0.186467065	3.01239154
3.82510691	-0.188418	3.09763248
3.70172342	-0.181342838	3.18035732
3.59289441	-0.189260473	3.25061152
3.49518997	-0.20198467	3.31201361
3.36075824	-0.188900441	3.40033787
3.22329256	-0.180780497	3.48873859
3.12154894	-0.189455773	3.55134578
3.01201638	-0.196741146	3.61835352
2.88376014	-0.188264239	3.69851481
2.74711448	-0.182863763	3.78228087
2.6473942	-0.193284618	3.84074973
2.53577011	-0.189368964	3.90795918
2.39603223	-0.18231941	3.99170233
2.27126794	-0.189967331	4.0633676
2.18021765	-0.18410053	4.11700586
2.0347609	-0.189103746	4.19983003
1.91844656	-0.180415493	4.26740623
1.81259213	-0.196993985	4.32466323
1.67549474	-0.176425803	4.40482262
1.53493788	-0.192891351	4.48041105
1.51359089	-0.201684842	4.4908098
8.16198844	-0.117897087	0.00798605223
8.12821396	-0.178998116	0.0140283234
8.01220568	-0.160184782	0.0770089539
7.91436041	-0.16059531	0.129655191
7.77626847	-0.163887058	0.206587888
7.63494872	-0.177488389	0.289756814
7.53967881	-0.156302254	0.351173666
7.42892052	-0.173932212	0.42240059
7.30626204	-0.188656794	0.505478093
7.17528947	-0.182104684	0.599625426
7.07062654	-0.173932145	0.678101778
6.96472911	-0.157530672	0.759938187
6.85428006	-0.157339485	0.845936749
6.74391116	-0.158941356	0.932824197
6.64410568	-0.184095132	1.00934031
6.52917333	-0.186210464	1.10025028
6.40729611	-0.195979657	1.19577681
6.31380949	-0.187784264	1.27045919
6.19511146	-0.187670689	1.36378867
6.08714187	-0.18025495	1.44894608
5.97748142	-0.180823497	1.5343719
5.87804052	-0.171550337	1.61244595
5.75479951	-0.189289924	1.70573171
5.63479955	-0.189126845	1.79780004
5.51761947	-0.182611389	1.88802585
5.42108578	-0.189433593	1.96043537
5.3096621	-0.186238589	2.0446934
5.19777948	-0.198213391	2.1269429
5.09472904	-0.197613377	2.20354245
4.96663286	-0.193076898	2.29823891
4.84745698	-0.188396183	2.38550124
4.73716327	-0.162742909	2.46867824
4.63548916	-0.200795424	2.5366426
4.53050887	-0.193659807	2.61224574
4.40462118	-0.201537032	2.70027667
4.28694295	-0.198467581	2.78245954
4.16899118	-0.196720353	2.86392398
4.07421198	-0.216430608	2.92594854
3.95191229	-0.193011246	3.01196938
3.8182537	-0.204257526	3.10012594
3.70411325	-0.199119778	3.17636017
3.59202789	-0.206831034	3.24874687
3.4950988	-0.207990653	3.31122374
3.35958031	-0.201156349	3.39962833
3.22185011	-0.186092966	3.48889519
3.12931128	-0.208429315	3.5436777
3.00406935	-0.200413477	3.62296104
2.88176868	-0.196797698	3.69862251
2.74683948	-0.204784565	3.77909819
2.65520314	-0.216345937	3.83252063
2.53385589	-0.195464537	3.90818912
2.39924262	-0.197549683	3.98763731
2.27336343	-0.194658487	4.06145174
2.1781044	-0.219740254	4.11263553
2.02907341	-0.20446639	4.20078411
1.90397927	-0.192998435	4.27372057
1.7999776	-0.204270473	4.3307639
1.67949984	-0.195736806	4.39963398
1.53421755	-0.197869093	4.48002946
1.50086184	-0.226260997	4.49377319
8.16009931	-0.143053583	0.00490158728
8.13111875	-0.189735629	0.0105289819
8.00376412	-0.180759393	0.0786434465
7.91301552	-0.197504599	0.125737036
7.78277888	-0.188327565	0.200434399
7.63402477	-0.185227186	0.289764122
7.52832271	-0.178949103	0.356904636
7.42243125	-0.196198515	0.425480427
7.30574624	-0.196858461	0.505566335
7.18801948	-0.19638164	0.589851193
7.07431521	-0.195655476	0.674046974
6.96175274	-0.19530541	0.759689139
6.86462012	-0.179014613	0.836217507
6.75217442	-0.180737056	0.924396314
6.6436329	-0.191466908	1.00910983
6.5279823	-0.195535902	1.10059545
6.40556389	-0.201600944	1.19671035
6.30258482	-0.19955261	1.27818884
6.1921106	-0.199228648	1.36510961
6.08722996	-0.199687421	1.44685474
5.98639418	-0.200327693	1.5252627
5.88478829	-0.192704094	1.60488602
5.76055216	-0.205067329	1.69969166
5.63353626	-0.195149561	1.79817491
5.5090601	-0.200749813	1.89242781
5.42105899	-0.193603071	1.95998598
5.30757149	-0.201951109	2.04442489
5.19162771	-0.205872495	2.13071391
5.09439158	-0.201118523	2.20335311
4.96602519	-0.206744816	2.29692874
4.84664789	-0.210297104	2.38326083
4.74655836	-0.221125202	2.45433241
4.63536921	-0.205846323	2.53604771
4.51938924	-0.204666448	2.61869522
4.40470884	-0.209351819	2.69898764
4.27397934	-0.208443794	2.78994146
4.16494261	-0.217638254	2.86377878
4.06558889	-0.239177686	2.92859185
3.95097599	-0.214181518	3.00958985
3.81700293	-0.212020753	3.09968543
3.70508133	-0.203673662	3.17495801
3.58758133	-0.214684679	3.25033346
3.48509288	-0.228571867	3.31460697
3.3590796	-0.2110801	3.39811221
3.21992977	-0.219831016	3.48504469
3.13156695	-0.213148054	3.54151699
3.00812938	-0.220563979	3.6170381
2.8821619	-0.198788151	3.69788377
2.74079865	-0.227122264	3.77928603
2.65592553	-0.237833133	3.82874336
2.53420046	-0.213556554	3.90512803
2.39197727	-0.204246802	3.99065443
2.27189655	-0.229129433	4.0568428
2.17732567	-0.224781135	4.11226584
2.03233944	-0.225202886	4.19547132
1.90401089	-0.210803602	4.27072758
1.80129857	-0.217956831	4.32766923
1.67242998	-0.211032069	4.40102971
1.52392029	-0.218484172	4.48243817
1.49960915	-0.230910186	4.49369443
8.14792162	-0.158469013	0.00809011047
8.13782183	-0.197128526	0.00558709033
8.00519165	-0.19319021	0.0761890876
7.90064985	-0.204021312	0.131646422
7.78219401	-0.195475936	0.200052584
7.64142641	-0.208247844	0.283481462
7.53894615	-0.200550283	0.348702352
7.42117424	-0.201273013	0.426058195
7.30382427	-0.200440042	0.506834317
7.18847861	-0.200701544	0.589342489
7.07455144	-0.200892172	0.673578563
6.96019226	-0.217154184	0.759311317
6.86319658	-0.237545702	0.83274321
6.75151747	-0.220345575	0.921377579
6.64306177	-0.210322459	1.00776335
6.52752657	-0.206996697	1.09967059
6.40520312	-0.206165273	1.19647751
6.30369934	-0.203715974	1.27667253
6.19221965	-0.214803057	1.36302825
6.08445655	-0.217901624	1.44688332
5.97585085	-0.239159586	1.5289578
5.87548787	-0.2147258	1.60951579
5.75908639	-0.212921634	1.69964722
5.6339235	-0.213555037	1.79556418
5.51610774	-0.219410739	1.88479629
5.42643191	-0.229307974	1.95154853
5.30838821	-0.221125049	2.04124881
5.18615558	-0.214741075	2.13344909
5.08580043	-0.217954431	2.20743669
4.96473791	-0.215443719	2.29655634
4.83776044	-0.235509034	2.38630112
4.74456031	-0.242778775	2.45283404
4.64432446	-0.228567944	2.5265892
4.53307286	-0.219294019	2.60686854
4.40003747	-0.222907463	2.70034513
4.26874881	-0.217168932	2.79221105
4.1528991	-0.240350087	2.86880921
4.06600736	-0.244583995	2.92748206
3.94987225	-0.222593119	3.00905729
3.82226446	-0.23597197	3.09258118
3.72042192	-0.246711122	3.15843348
3.57709162	-0.239143971	3.25344341
3.48400516	-0.237550339	3.31390289
3.35721005	-0.221152591	3.39765716
3.2281247	-0.239793518	3.47681376
3.14213466	-0.23544675	3.53147547
3.00176838	-0.247208649	3.61671936
2.87247453	-0.220417178	3.70033823
2.74290793	-0.24819077	3.77470878
2.6568884	-0.242951475	3.82732318
2.52969774	-0.241238792	3.90326794
2.38301352	-0.226037819	3.99237321
2.26992225	-0.23624543	4.05679869
2.17580921	-0.231356037	4.11205492
2.03115546	-0.23792966	4.19400643
1.92269874	-0.250863253	4.25365393
1.80089356	-0.228539762	4.3261061
1.66876618	-0.221119631	4.40136538
1.53294892	-0.239175891	4.47407785
1.49100644	-0.251085571	4.49497291
8.13408375	-0.199853893	0.00816029265
8.12103683	-0.216063384	0.0115307994
8.00578029	-0.212292597	0.0730589983
7.90275596	-0.21862185	0.129006114
7.77509772	-0.212120304	0.202716751
7.6329209	-0.232758636	0.286778468
7.53647292	-0.239650365	0.347807559
7.42527472	-0.221025587	0.422136395
7.31097688	-0.214122319	0.500715313
7.17616771	-0.212016091	0.59743909
7.06965427	-0.221991312	0.675896696
6.94931676	-0.23951964	0.7660406
6.86392166	-0.242044308	0.831743927
6.75099705	-0.2263503	0.921177763
6.64254649	-0.218285926	1.00726355
6.52788294	-0.216900538	1.09805834
6.40595196	-0.211756401	1.19511594
6.31951985	-0.231959786	1.26103238
6.1830364	-0.239685659	1.36719844
6.07442533	-0.24180117	1.45185134
5.97500845	-0.247080469	1.52854422
5.86340305	-0.230199198	1.61710421
5.75733865	-0.222899469	1.69961961
5.63358303	-0.240959404	1.79219561
5.5244786	-0.240515271	1.87579217
5.42728472	-0.236562215	1.94989891
5.31658046	-0.245537918	2.03195423
5.18457293	-0.251731072	2.12951553
5.082314	-0.228974562	2.20843968
4.96271769	-0.225810277	2.29655089
4.84483458	-0.258651403	2.37804894
4.74459343	-0.248569634	2.45196669
4.6311133	-0.249471941	2.53311633
4.51603465	-0.244919061	2.61548284
4.39381574	-0.238920004	2.70233618
4.28146617	-0.249860644	2.77881667
4.14981516	-0.256606831	2.8684673
4.06659729	-0.250773724	2.92613632
3.94399268	-0.271243528	3.00552837
3.8182888	-0.264985458	3.09073168
3.72215927	-0.256729686	3.15571148
3.57641279	-0.248071032	3.25247172
3.47577946	-0.251897592	3.31706262
3.34906148	-0.250801015	3.39812325
3.22917032	-0.247220736	3.47495214
3.1428003	-0.243359088	3.52977896
3.00073433	-0.259597392	3.61532662
2.87634799	-0.238400698	3.69514588
2.74251476	-0.254216344	3.77395312
2.65715986	-0.248833685	3.82619131
2.52155005	-0.266133181	3.90407123
2.3888752	-0.250445758	3.9849824
2.25242462	-0.252321364	4.06429216
2.17061544	-0.25767055	4.1106609
2.02545695	-0.267545383	4.19231329
1.92420466	-0.260031136	4.25125978
1.80028823	-0.259364834	4.32129962
1.66056513	-0.250945433	4.40095554
1.53373352	-0.246091555	4.47248315
1.48944616	-0.258277555	4.49462116
8.13266186	-0.204567158	0.00812315482
8.11491969	-0.22800051	0.012950017
8.00936805	-0.243317477	0.066924065
7.89387784	-0.236393501	0.132055181
7.77208462	-0.222552291	0.203519082
7.63228594	-0.240894229	0.286532056
7.53722986	-0.24553007	0.346897002
7.42752587	-0.229980024	0.420037217
7.3102835	-0.246320789	0.499535838
7.17306435	-0.222759327	0.598936707
7.07316885	-0.24488261	0.671874727
6.94725215	-0.245247127	0.767116025
6.86477848	-0.247763514	0.830524209
6.7394858	-0.247975677	0.928168668
6.63681241	-0.234808643	1.01013574
6.52745648	-0.24708377	1.09480007
6.41833582	-0.243339442	1.18174622
6.32084156	-0.242034619	1.25867039
6.18211762	-0.249626639	1.36659943
6.07329239	-0.260320532	1.4502263
5.97524845	-0.255867863	1.52717358
5.86210773	-0.239746531	1.6168488
5.74597385	-0.27201427	1.70185186
5.63914318	-0.265071561	1.78489872
5.52546182	-0.249133733	1.87385949
5.42636983	-0.244874743	1.94944152
5.31654963	-0.255255207	2.03062641
5.18506408	-0.263502006	2.12748257
5.07795191	-0.25922063	2.20739025
4.96283494	-0.268514914	2.29057946
4.84403386	-0.266219528	2.37752513
4.74270936	-0.26733985	2.45053077
4.63060855	-0.257001097	2.53237281
4.52719072	-0.280624168	2.60199326
4.40269513	-0.257999636	2.69326381
4.27473423	-0.271740533	2.78001917
4.15043027	-0.262878956	2.86709065
4.06722528	-0.256697181	2.92480545
3.94220364	-0.281402875	3.00515113
3.81518367	-0.275064979	3.09122954
3.70613071	-0.273946705	3.16355463
3.5765677	-0.264967587	3.24969465
3.48131632	-0.270769071	3.31037264
3.34169775	-0.280163644	3.3981023
3.22937168	-0.254750999	3.4736075
3.14039603	-0.252662546	3.52977884
3.00570092	-0.290249108	3.60715164
2.86423264	-0.280732045	3.69548772
2.743004	-0.259825894	3.77273285
2.65645156	-0.254771353	3.8256372
2.52465894	-0.28377911	3.8992084
2.39563312	-0.275412093	3.97674466
2.2546299	-0.259496602	4.06181406
2.16900967	-0.266674566	4.11006979
2.02235672	-0.277708394	4.19237493
1.92331682	-0.269016976	4.25026058
1.79272086	-0.283707257	4.32136479
1.65848666	-0.280271477	4.39717977
1.53415969	-0.25301961	4.47108555
1.487741	-0.26579326	4.49429065
8.13041811	-0.238808679	0.00416186635
8.1108969	-0.267146319	0.00931730917
8.00970989	-0.259643305	0.0647259883
7.91004333	-0.253574474	0.120900292
7.76728783	-0.271675525	0.201648704
7.64128446	-0.262945941	0.279323059
7.53586554	-0.26464592	0.346286884
7.42118304	-0.253494823	0.42301925
7.30956229	-0.26703186	0.498628931
7.1799833	-0.266908802	0.591265502
7.07297457	-0.253091856	0.671385756
6.94615829	-0.261563863	0.766582155
6.86575018	-0.253756408	0.829188013
6.73926527	-0.255408362	0.927539517
6.63778399	-0.27812496	1.00427996
6.52296667	-0.278274022	1.09459445
6.41838948	-0.255535375	1.18013586
6.30504794	-0.26712763	1.2678227
6.1900064	-0.27374475	1.35703993
6.07323077	-0.268207828	1.44922252
5.97528983	-0.271757451	1.52499654
5.86798274	-0.281947513	1.60645204
5.7443785	-0.282684492	1.70162815
5.62718388	-0.281204852	1.79161532
5.52515236	-0.257517433	1.87294244
5.42429442	-0.262823284	1.94853982
5.30806604	-0.28005457	2.03334245
5.19873628	-0.299523215	2.11189646
5.08354676	-0.284536176	2.19952477
4.95678629	-0.284493775	2.29253132
4.84315869	-0.272603269	2.37722616
4.74336687	-0.2727556	2.4492617
4.63311717	-0.279782695	2.5270238
4.5176977	-0.30191458	2.60542461
4.38927497	-0.287938452	2.69793601
4.27693842	-0.280521459	2.77716619
4.15202395	-0.267965617	2.86522483
4.074366	-0.276744064	2.91669394
3.94118078	-0.290334781	3.00448538
3.81231434	-0.282342352	3.09200808
3.71049561	-0.290166294	3.15803163
3.58212247	-0.301484515	3.24000888
3.48702975	-0.29024532	3.30344504
3.33959696	-0.288733716	3.39807007
3.21782946	-0.269815331	3.47827599
3.12102658	-0.298811582	3.53408797
2.99978284	-0.302455043	3.60877749
2.86473504	-0.289202212	3.69379096
2.74395568	-0.264358405	3.77141058
2.65323983	-0.292381001	3.82102839
2.51554016	-0.302314545	3.90151122
2.38742084	-0.296099435	3.97807273
2.2660491	-0.282210464	4.05123668
2.16802062	-0.274773442	4.10927411
2.01918231	-0.285489085	4.19288028
1.91241657	-0.292176335	4.25246507
1.79980474	-0.304321755	4.31383406
1.65704169	-0.289085388	4.39651372
1.5213461	-0.267889621	4.47557643
1.4911225	-0.286101848	4.48909013
8.12894036	-0.243728852	0.00415030776
8.09903647	-0.284200971	0.0127422082
8.01648828	-0.276193794	0.0587836583
7.90243258	-0.277818251	0.12233117
7.76707283	-0.283114914	0.200671705
7.64044263	-0.270090484	0.279273469
7.53643505	-0.270880285	0.345461691
7.43460941	-0.284194993	0.411555221
7.30208497	-0.290725646	0.502135343
7.17194588	-0.28454005	0.595669915
7.06836284	-0.275727244	0.672950086
6.94703539	-0.266712172	0.765462256
6.86435707	-0.267618539	0.828857489
6.74660473	-0.277732159	0.919221883
6.63639473	-0.287755241	1.00425425
6.51355919	-0.300403837	1.09917458
6.40168519	-0.285908506	1.18912867
6.2982412	-0.289532781	1.27010462
6.19143793	-0.283157824	1.35468532
6.08077445	-0.290379927	1.44016832
5.9822327	-0.292230972	1.51663885
5.86856026	-0.290054722	1.60492058
5.74342202	-0.292505248	1.70112477
5.6249869	-0.288941072	1.79220779
5.51661304	-0.28045752	1.87602658
5.41198073	-0.298407889	1.95250997
5.30778246	-0.299623182	2.03082126
5.19912519	-0.304516235	2.11099038
5.08191287	-0.295758059	2.19930951
4.95606567	-0.304546186	2.28996375
4.84218296	-0.294030901	2.37457475
4.74474636	-0.295048199	2.44473997
4.62724444	-0.301354264	2.52778828
4.51538973	-0.305821436	2.60653171
4.39453989	-0.297422517	2.69298935
4.27896209	-0.298883787	2.77279979
4.16959088	-0.305194882	2.84706505
4.07192477	-0.31358644	2.91224268
3.9408938	-0.296248604	3.00377598
3.8051532	-0.297275208	3.09427642
3.70596473	-0.296415411	3.16010792
3.58422205	-0.305042008	3.23806815
3.48600151	-0.296164685	3.303114
3.34452223	-0.307198657	3.39179337
3.22063204	-0.283932318	3.47418489
3.10775424	-0.308451964	3.54077176
2.99968235	-0.305918635	3.60829908
2.86403183	-0.306683016	3.69118248
2.75189376	-0.304064541	3.75967651
2.65188768	-0.298144494	3.8208296
2.51532722	-0.305273599	3.9011726
2.38977331	-0.300030663	3.9760654
2.27608708	-0.317575554	4.03915788
2.16588056	-0.310182773	4.10427766
2.00984354	-0.30252323	4.19523157
1.90783795	-0.301249428	4.25354145
1.79942389	-0.309340628	4.3131829
1.65569061	-0.306413293	4.39424666
1.53400707	-0.283235008	4.46595067
1.47597856	-0.306360669	4.49373457
8.1276042	-0.248329767	0.00412355118
8.10041965	-0.301049633	0.00966351442
8.00082847	-0.29150715	0.0652963869
7.90846296	-0.298372169	0.116523066
7.76698134	-0.293035381	0.199745995
7.62740253	-0.283799823	0.286237587
7.53946331	-0.292904996	0.341840599
7.42992469	-0.292109	0.414159513
7.30470151	-0.301652909	0.499476594
7.18505438	-0.297539012	0.585238336
7.07102223	-0.296967648	0.669101409
6.95650203	-0.287462159	0.756298457
6.87099471	-0.288080213	0.821589091
6.7505609	-0.292039479	0.914400957
6.63608067	-0.294982976	1.00368437
6.51258245	-0.304295361	1.09953187
6.40083113	-0.293857179	1.18879376
6.30006377	-0.299924729	1.26742505
6.19163134	-0.300082242	1.35217556
6.07863657	-0.309517325	1.4390467
5.99107099	-0.304140195	1.50793467
5.86802129	-0.308096693	1.60265181
5.74703328	-0.305556934	1.69645283
5.61604463	-0.309714411	1.79588679
5.52563539	-0.299027717	1.86640407
5.41313714	-0.302903485	1.95092896
5.30232434	-0.307954164	2.03357382
5.19853474	-0.310847896	2.1103692
5.08208224	-0.297412773	2.19873863
4.95515206	-0.310563588	2.28964689
4.83748911	-0.331687236	2.37198097
4.75245275	-0.332968034	2.43311955
4.62844623	-0.321370653	2.52367869
4.51630981	-0.313451331	2.60450951
4.38766789	-0.29885178	2.69728658
4.26313003	-0.311446651	2.78154065
4.16103789	-0.327492095	2.84919378
4.05870406	-0.327164192	2.91898703
3.93910768	-0.313674795	3.00192872
3.8056344	-0.302579393	3.09299498
3.71456587	-0.324463144	3.1494583
3.574357	-0.326075614	3.24079792
3.47576939	-0.316477169	3.30615634
3.33722552	-0.330206502	3.39235003
3.23425144	-0.339401046	3.45595841
3.10932051	-0.318655642	3.53789545
3.00117696	-0.322145154	3.60441945
2.86166328	-0.313551267	3.69136289
2.75424859	-0.32657344	3.75428365
2.65202079	-0.320499952	3.81679162
2.51326379	-0.316468526	3.90024827
2.37774929	-0.319092116	3.97959398
2.27464679	-0.323913354	4.03883242
2.16359852	-0.317494728	4.10425462
2.01614867	-0.319712027	4.18855646
1.92453322	-0.313441636	4.24178743
1.78843019	-0.330864029	4.31548461
1.65495537	-0.313466841	4.39335416
1.54532503	-0.323802108	4.45252338
1.47388072	-0.314341621	4.49346849
8.12641153	-0.252571495	0.00408539684
8.09962826	-0.306259669	0.00933756169
8.01341078	-0.299679825	0.0572227454
7.90777878	-0.302436829	0.116439207
7.76643857	-0.305120939	0.198984031
7.625671	-0.321743889	0.284227746
7.53901146	-0.313033143	0.340572157
7.41816991	-0.302760989	0.421394401
7.30436656	-0.305584049	0.499421258
7.17462861	-0.307209531	0.591962748
7.07076771	-0.302106937	0.668854412
6.95740438	-0.325863696	0.751974506
6.86083642	-0.325677054	0.825528711
6.74547938	-0.320854408	0.915133889
6.63513128	-0.310483795	1.00248197
6.51213046	-0.311999929	1.09874397
6.40106017	-0.298216762	1.18792121
6.29847816	-0.31046908	1.26677475
6.18702814	-0.318731781	1.35292681
6.06962855	-0.330262179	1.44294226
5.9731955	-0.329557052	1.51806429
5.86580045	-0.315710436	1.60310547
5.74781973	-0.315042631	1.69414136
5.62233774	-0.330866911	1.78777859
5.53088675	-0.336969688	1.8565232
5.41225885	-0.323918962	1.94821545
5.30318422	-0.321862833	2.03050326
5.18916642	-0.333733	2.11357062
5.07343384	-0.317509807	2.20173985
4.95395133	-0.318329903	2.28919903
4.83486461	-0.344456638	2.37168532
4.75336933	-0.337679073	2.43164189
4.62964053	-0.329341461	2.52144966
4.51934076	-0.337921859	2.598205
4.38434793	-0.325927368	2.69504599
4.27412507	-0.342330246	2.76881298
4.16110352	-0.333288261	2.84812018
4.05717134	-0.334067223	2.91880187
3.9374133	-0.341611372	2.9980852
3.81287071	-0.323589972	3.08452892
3.71670753	-0.334262995	3.14625232
3.58017912	-0.350545995	3.23253632
3.47253858	-0.326216743	3.30646918
3.33569569	-0.340600765	3.39141597
3.23252704	-0.356193139	3.4539433
3.11801771	-0.342539549	3.52821856
2.99495973	-0.344352645	3.6042571
2.85911725	-0.322401747	3.69128002
2.75520996	-0.332507741	3.75261281
2.6457337	-0.335717786	3.81786775
2.50885447	-0.350495383	3.89672603
2.38191236	-0.340415407	3.9732991
2.27388828	-0.351998229	4.03413509
2.16094746	-0.327028456	4.10402884
2.01715978	-0.327369542	4.18655825
1.91930312	-0.335561036	4.24076593
1.79300467	-0.348729536	4.30971279
1.64592073	-0.340127399	4.39355461
1.54035702	-0.346149756	4.45130597
1.45418184	-0.374872997	4.4933597
8.11391452	-0.297054432	0.00400866539
8.09621208	-0.313517417	0.0102422697
8.02161354	-0.334680815	0.048488758
7.8987809	-0.322343151	0.119577248
7.76542976	-0.314663238	0.198795474
7.62548229	-0.326834513	0.283939832
7.54916993	-0.334364064	0.332384524
7.43336566	-0.316386568	0.410060476
7.30035993	-0.324328421	0.500855502
7.17055155	-0.315376968	0.594236898
7.06993949	-0.340255442	0.666258567
6.9580393	-0.330511912	0.751025276
6.86008704	-0.330995082	0.825516165
6.7445629	-0.328073704	0.914967973
6.63462693	-0.320112359	1.00157505
6.51730129	-0.335493619	1.09143809
6.41516958	-0.331451842	1.17216345
6.30049096	-0.334218257	1.26180895
6.1772841	-0.343211582	1.35683563
6.06802815	-0.337440472	1.44303084
5.97103408	-0.336336102	1.51863231
5.86339995	-0.325545108	1.6033469
5.75019732	-0.337862552	1.68870336
5.6276842	-0.35196412	1.78037088
5.53069039	-0.352785963	1.85401861
5.42071138	-0.34784852	1.93801772
5.29531045	-0.346358976	2.03242725
5.19363814	-0.351450685	2.10739166
5.07050846	-0.328999459	2.20192533
4.9527406	-0.360756278	2.2830432
4.83538184	-0.350112141	2.37032861
4.75359249	-0.343557877	2.43045975
4.63080332	-0.358924089	2.51548632
4.51154561	-0.363694711	2.59931124
4.38232658	-0.337792822	2.69436199
4.25881639	-0.362654632	2.77570461
4.17126173	-0.356798381	2.83693929
4.05585349	-0.342369799	2.91822081
3.93063946	-0.372416366	2.99709581
3.81982307	-0.347137955	3.07580075
3.69986976	-0.353218155	3.15390203
3.58041776	-0.360506191	3.23055497
3.46559682	-0.356188233	3.30548251
3.34025783	-0.363187864	3.38449745
3.23333791	-0.363528703	3.45207995
3.11827275	-0.35194647	3.52632853
2.99393966	-0.352221824	3.60343555
2.8577743	-0.364219326	3.68452164
2.7512112	-0.352681849	3.75136276
2.6515257	-0.358771122	3.81002711
2.50556221	-0.360117882	3.89689828
2.38100562	-0.357586449	3.97064173
2.27432065	-0.360186792	4.03235348
2.15245378	-0.357088878	4.10336609
2.01525707	-0.355219792	4.18248379
1.9011772	-0.353298579	4.24775317
1.79226683	-0.359277389	4.30818535
1.63852823	-0.369654368	4.39225534
1.53685198	-0.365313347	4.44968746
1.45070815	-0.384126873	4.49358287
8.11299748	-0.301066858	0.00392317632
8.09345007	-0.322562329	0.0105381031
8.0237666	-0.343845818	0.0462243098
7.89777781	-0.332604797	0.119102422
7.76357418	-0.325430593	0.198954873
7.63518069	-0.346532665	0.276318369
7.55055996	-0.340188712	0.331030784
7.41730646	-0.342596259	0.419239849
7.29711185	-0.33931487	0.502009034
7.17675011	-0.335178457	0.588274144
7.06923787	-0.34756143	0.666114528
6.95889749	-0.336357673	0.749785786
6.85941914	-0.337664705	0.825288702
6.73313923	-0.35020152	0.921212351
6.63056098	-0.36946353	0.998263942
6.52030226	-0.358314276	1.08596101
6.42358003	-0.355897745	1.16206273
6.30009185	-0.351635738	1.25939462
6.17672685	-0.352188405	1.35584624
6.07740882	-0.359498541	1.43210279
5.96942663	-0.344870729	1.51848409
5.85102703	-0.374734752	1.60492974
5.74462816	-0.367549753	1.6881161
5.62683198	-0.35893051	1.77985395
5.53070479	-0.36035984	1.85273207
5.42021355	-0.357129594	1.93682617
5.28039378	-0.363834777	2.0406203
5.18787677	-0.370228215	2.10837828
5.0646713	-0.37818898	2.19785527
4.9517133	-0.369372739	2.28229021
4.83605455	-0.355936982	2.36882979
4.75276612	-0.349984446	2.42993681
4.63437003	-0.382886808	2.50860095
4.50864337	-0.376453524	2.59912188
4.38206192	-0.375058711	2.68795755
4.25941677	-0.370676832	2.77385656
4.16979639	-0.373299592	2.83496678
4.06088979	-0.36567455	2.91049321
3.92738055	-0.383349498	2.99731149
3.81024693	-0.365766602	3.07866059
3.69289295	-0.385322991	3.15253086
3.58869244	-0.384159116	3.22071821
3.46377535	-0.368843134	3.30435961
3.32739099	-0.378290114	3.38977771
3.23280043	-0.370424345	3.45115046
3.12181535	-0.380075203	3.51881744
2.98925403	-0.382539286	3.60054226
2.85138474	-0.379925096	3.68537607
2.74746916	-0.373341408	3.74969191
2.64171228	-0.385686949	3.81083911
2.5090837	-0.373143258	3.89231825
2.37466718	-0.388531451	3.96842727
2.28360678	-0.383393493	4.0225128
2.14389929	-0.385224473	4.10306399
2.01409614	-0.365715152	4.18118761
1.88572622	-0.378334164	4.25187715
1.78576649	-0.378473058	4.30823155
1.63646941	-0.378750946	4.39171498
1.53698392	-0.371809433	4.44842028
1.44743546	-0.412535107	4.4901923
8.11215349	-0.304853668	0.00383908931
8.09005343	-0.350650905	0.00869196094
8.00583278	-0.360809682	0.0542747646
7.90434691	-0.356510813	0.112712815
7.75958556	-0.374536317	0.196934288
7.63598598	-0.352755101	0.275315979
7.5494214	-0.355980559	0.330587749
7.42355175	-0.366482627	0.413141409
7.30393907	-0.355676249	0.496026217
7.17614162	-0.369926118	0.585950453
7.06925206	-0.354902303	0.665430726
6.95742586	-0.354761868	0.748984593
6.85761531	-0.353315753	0.824848985
6.74438021	-0.38018228	0.908685768
6.62828976	-0.381139799	0.998460955
6.51132898	-0.372271531	1.09092707
6.41496021	-0.380168574	1.1651492
6.29283863	-0.375985009	1.26126374
6.17746785	-0.372050617	1.35204124
6.07694427	-0.375983746	1.42977796
5.97433391	-0.367888606	1.51080211
5.84982199	-0.385049701	1.60416308
5.73203102	-0.383785003	1.69494501
5.62615646	-0.364940125	1.77936215
5.52875557	-0.367751263	1.85296866
5.4107446	-0.381864642	1.93964136
5.29573676	-0.393447541	2.02386075
5.19190274	-0.388067837	2.10223975
5.06401123	-0.387835449	2.19669479
4.95076935	-0.376345865	2.2817598
4.83669443	-0.360986282	2.36748944
4.73897619	-0.381727243	2.4340998
4.63077806	-0.390981649	2.50975
4.5041265	-0.399197496	2.59818085
4.38561859	-0.395629828	2.68172669
4.26851248	-0.392576869	2.76349894
4.16565434	-0.395736706	2.83360369
4.05244259	-0.390434718	2.91165002
3.91802196	-0.402944649	2.9999844
3.80892487	-0.383511751	3.07635121
3.68558765	-0.396075193	3.15538312
3.59599765	-0.404934207	3.21202822
3.46264716	-0.394214192	3.30047549
3.3252488	-0.385008257	3.38988662
3.22349244	-0.392605089	3.45276167
3.11011067	-0.399611293	3.52247895
2.98763544	-0.39459381	3.59937309
2.85161921	-0.402131196	3.68094482
2.74937959	-0.396680787	3.74401704
2.63935285	-0.392582152	3.81095507
2.50091086	-0.39320893	3.89337019
2.37847716	-0.394879519	3.96503507
2.28045413	-0.421261005	4.01701806
2.14331523	-0.394997144	4.10166841
2.01248678	-0.374735834	4.18042364
1.90140332	-0.402588624	4.23840991
1.79078868	-0.39439487	4.30239501
1.63471835	-0.385876916	4.39136278
1.5392037	-0.394707933	4.44286602
1.4441637	-0.418174299	4.49095767
8.09497034	-0.335073603	0.00854703517
8.08871382	-0.358041504	0.0084464571
7.99755312	-0.385328978	0.0559943961
7.89166723	-0.386843659	0.116893113
7.75903913	-0.384834978	0.196329625
7.63671992	-0.358625707	0.274386434
7.54672824	-0.362286934	0.33185426
7.42889966	-0.387411118	0.407867836
7.29260729	-0.385681655	0.501567466
7.16779616	-0.386309859	0.590502568
7.06524836	-0.377294909	0.666346531
6.95773562	-0.360049951	0.748212754
6.85663859	-0.359571943	0.82490505
6.74352491	-0.388583975	0.908308615
6.62545935	-0.39122999	0.999317975
6.50397767	-0.389844268	1.09413097
6.41084021	-0.389615495	1.16695385
6.29531762	-0.391428893	1.25696866
6.17513902	-0.393997048	1.35031649
6.08454838	-0.396462972	1.42043643
5.98067707	-0.389753803	1.50219829
5.85037216	-0.39519642	1.60216647
5.72248057	-0.405592942	1.6984913
5.61871503	-0.384865807	1.78153887
5.51935536	-0.38879284	1.85638654
5.40514996	-0.400404472	1.94067657
5.29778455	-0.399114416	2.02149849
5.19136216	-0.395629568	2.1013564
5.06295586	-0.404712526	2.19444303
4.94500702	-0.406270239	2.28039467
4.8375139	-0.400491466	2.35963283
4.73407868	-0.403885769	2.43351283
4.62870948	-0.396681278	2.51019273
4.50175668	-0.402532753	2.59933858
4.3864359	-0.400159508	2.68034743
4.2685309	-0.397209571	2.76262647
4.16582609	-0.434561555	2.82610032
4.05845807	-0.410751007	2.9037078
3.91716289	-0.407523192	2.99969144
3.8042291	-0.404649918	3.07541404
3.69054886	-0.40934163	3.14957194
3.58620938	-0.423895301	3.21471366
3.46175425	-0.406249153	3.29869126
3.32180756	-0.419092706	3.38546504
3.23196044	-0.412299077	3.44359936
3.11099551	-0.403339729	3.52116613
2.98700621	-0.397767941	3.59910778
2.85021831	-0.408079865	3.68063546
2.75742119	-0.437470747	3.73119225
2.63829544	-0.411297378	3.80792815
2.50072676	-0.397465786	3.89262753
2.37745132	-0.398681812	3.96488875
2.28007817	-0.426642343	4.01617411
2.14661627	-0.407060639	4.09738159
2.00098442	-0.39372665	4.18332073
1.90203287	-0.405878429	4.23738382
1.7827703	-0.409665629	4.30395697
1.64083383	-0.406951139	4.38391511
1.53793023	-0.416038512	4.43949961
1.44135006	-0.42529461	4.49115017
8.09426104	-0.33788093	0.00856173606
8.07865389	-0.380685048	0.0110856376
7.99861709	-0.393549808	0.054304194
7.90408058	-0.399239223	0.108340241
7.75821964	-0.392544434	0.196118676
7.62446226	-0.37221955	0.281041503
7.53391929	-0.400645835	0.337308642
7.41404223	-0.399418774	0.417014195
7.2949942	-0.397203792	0.498968168
7.18125287	-0.398666841	0.579773206
7.06675987	-0.39832842	0.663198616
6.96488545	-0.417630395	0.73691261
6.85345029	-0.401228391	0.822618249
6.74301936	-0.394838497	0.907922703
6.6235649	-0.398549138	0.999845161
6.50352181	-0.396099887	1.09357802
6.40153667	-0.400283222	1.17259108
6.29425926	-0.400512367	1.25636067
6.18180759	-0.412397405	1.34209289
6.08265439	-0.416910809	1.41848223
5.97223716	-0.410196382	1.50521659
5.85362378	-0.407086518	1.59752521
5.72830173	-0.42506021	1.69057213
5.61669437	-0.405127999	1.77945215
5.52686658	-0.407837678	1.84725885
5.40483722	-0.410489606	1.93902778
5.29522249	-0.405018118	2.02218971
5.18960855	-0.400128789	2.10174978
5.0620889	-0.411096169	2.19382783
4.93465441	-0.429544038	2.28362056
4.84660316	-0.423043535	2.34884533
4.74216679	-0.425573206	2.4236308
4.63021947	-0.414400661	2.50573094
4.50403278	-0.406122019	2.59687826
4.37000978	-0.412297499	2.68932787
4.26591516	-0.435065021	2.75720176
4.16609418	-0.438828614	2.8250587
4.05663691	-0.418139306	2.90346757
3.92136472	-0.428838835	2.99263911
3.81227226	-0.426079496	3.06582921
3.6786274	-0.43364836	3.15252172
3.58486885	-0.432074927	3.21393402
3.45972099	-0.415990529	3.29792149
3.32174184	-0.424398923	3.38443623
3.24232143	-0.433534596	3.43288699
3.1031174	-0.423774032	3.52192701
2.97742059	-0.415394706	3.60140819
2.83857233	-0.430967148	3.68321644
2.75831666	-0.442111787	3.72970283
2.63849173	-0.419402978	3.80616406
2.49510926	-0.409156069	3.89359526
2.37343016	-0.435057308	3.96005961
2.27927031	-0.433361071	4.01529731
2.1461543	-0.416899482	4.09559548
2.00862496	-0.415464145	4.17468655
1.89558968	-0.42181029	4.23787312
1.77837191	-0.418241297	4.30471027
1.63005604	-0.428454854	4.38578853
1.54820064	-0.437753332	4.42961798
1.43797734	-0.435687618	4.49099347
8.09358084	-0.340508955	0.0085884855
8.07610245	-0.386078673	0.0118698226
8.00609964	-0.406244467	0.0487094539
7.89207158	-0.410043731	0.114425817
7.75785337	-0.40950639	0.19496377
7.63575788	-0.421874575	0.270142933
7.53417156	-0.405525933	0.336789051
7.41512482	-0.404152457	0.415958956
7.29263532	-0.398687033	0.500542466
7.16814536	-0.410133804	0.588194168
7.06331261	-0.420229303	0.663654134
6.96456064	-0.422592971	0.73665746
6.85265072	-0.423498706	0.820797325
6.74220127	-0.41387261	0.906251189
6.62476151	-0.411580163	0.997155597
6.50425214	-0.401645187	1.09217918
6.40881778	-0.41907156	1.16399651
6.28875715	-0.420214279	1.25742627
6.17193358	-0.434066819	1.34616324
6.07508947	-0.437349904	1.42086672
5.96974329	-0.418105892	1.50573355
5.85286086	-0.417057622	1.59621851
5.72779581	-0.43424857	1.68925443
5.62228521	-0.434435885	1.76986216
5.52346188	-0.430053693	1.84575492
5.40622528	-0.419023059	1.93632334
5.2826109	-0.427016154	2.02746353
5.17912373	-0.421088075	2.10555115
5.06022906	-0.419898305	2.19346465
4.94049489	-0.451632144	2.27520598
4.85731305	-0.444616374	2.33700484
4.74242654	-0.432895272	2.42200779
4.62013698	-0.437659167	2.50840787
4.49193337	-0.430432383	2.60069223
4.3799655	-0.443531105	2.67640488
4.26482352	-0.441190326	2.75672167
4.16607621	-0.444306988	2.82396852
4.05441855	-0.427820737	2.90303243
3.91964819	-0.440472686	2.99143892
3.82176862	-0.450343229	3.05473694
3.67651932	-0.443309692	3.15192651
3.57608425	-0.446554228	3.2168042
3.45708525	-0.426314177	3.2974999
3.32907453	-0.44468115	3.37575494
3.24394755	-0.440671425	3.43040117
3.10918751	-0.448701116	3.51316057
2.97984875	-0.432933631	3.59640834
2.84476847	-0.452566969	3.6751434
2.75898049	-0.447804491	3.72813818
2.62547006	-0.442849211	3.80926576
2.48547475	-0.432177594	3.8946891
2.35454766	-0.451525002	3.96776744
2.26863385	-0.446800737	4.01884667
2.14431296	-0.427375233	4.09453217
2.01052553	-0.45430177	4.16597223
1.89501297	-0.440822896	4.23439912
1.77425933	-0.429146306	4.30484352
1.63650207	-0.448345779	4.37832139
1.54946854	-0.444115024	4.4276556
1.43283141	-0.448129403	4.49142248
8.08328064	-0.371583806	0.0103858981
8.07320791	-0.391454785	0.0128759025
8.00853388	-0.413657642	0.0466236094
7.89371408	-0.425372202	0.112017672
7.7572913	-0.418057649	0.194638351
7.63597063	-0.427582579	0.269589383
7.54406407	-0.428531136	0.328666824
7.4297339	-0.418795885	0.405034291
7.29600201	-0.411627745	0.497299763
7.16466213	-0.418611729	0.59000451
7.0656069	-0.44315522	0.659969364
6.95316814	-0.444689634	0.742933159
6.84049209	-0.444543599	0.82765311
6.73643222	-0.429807637	0.90869925
6.6255045	-0.422288974	0.995106335
6.51728253	-0.435909365	1.07712372
6.40322496	-0.44342617	1.16454829
6.27954923	-0.444910554	1.26058858
6.17012338	-0.441943648	1.34623357
6.0746247	-0.443977717	1.42006757
5.9573196	-0.434631772	1.51249627
5.85475439	-0.440175502	1.59064666
5.73247361	-0.457267179	1.68151927
5.62350258	-0.442890247	1.7673502
5.52367515	-0.449757762	1.84192691
5.39854086	-0.450622914	1.93617518
5.28786959	-0.444941217	2.02021267
5.17597297	-0.433342775	2.10551748
5.06334987	-0.443370775	2.18674011
4.9397454	-0.458027546	2.27449463
4.85812783	-0.450488193	2.3352587
4.72841207	-0.453889659	2.42801748
4.61233586	-0.45620693	2.51040112
4.50153614	-0.449350068	2.59014643
4.37950493	-0.453025915	2.67481853
4.24876171	-0.456927784	2.76464662
4.16581146	-0.45033008	2.82293716
4.02956081	-0.454643274	2.91468474
3.90980165	-0.460001914	2.99417618
3.8220927	-0.459748485	3.05260875
3.67579735	-0.460185279	3.14895277
3.5756959	-0.454219377	3.21549478
3.4593334	-0.449297362	3.2914834
3.32960935	-0.451903472	3.37393243
3.24304737	-0.448944485	3.42927632
3.10822511	-0.460070793	3.51143628
2.97745874	-0.444795976	3.59545655
2.84443639	-0.458766867	3.67407282
2.75895578	-0.453747717	3.72693809
2.61752224	-0.460328133	3.81054262
2.4983538	-0.451390685	3.88315342
2.35533061	-0.459063469	3.96577032
2.26811672	-0.453544932	4.01777697
2.12921954	-0.45031475	4.09867273
2.01024412	-0.462946394	4.16438728
1.91078131	-0.458285069	4.22194999
1.77701159	-0.447024794	4.29980073
1.63650825	-0.454472616	4.37709752
1.54880251	-0.451243249	4.42661746
1.42551867	-0.461949147	4.49279161
8.08236488	-0.374036014	0.0105849829
8.07047586	-0.397417579	0.0137284628
8.00096605	-0.446719067	0.0476423454
7.8987767	-0.449173468	0.106757976
7.75615304	-0.428327013	0.194510536
7.64787318	-0.44897267	0.260477243
7.53106269	-0.44955328	0.335702225
7.41397615	-0.449791691	0.413586163
7.28827607	-0.436723804	0.500845063
7.17834586	-0.449278665	0.577800103
7.06514428	-0.449898272	0.659694622
6.95284632	-0.450740707	0.742555981
6.83997552	-0.451853447	0.827213124
6.73531447	-0.440633782	0.90819477
6.62443036	-0.459120175	0.9909393
6.51800229	-0.447763876	1.07481288
6.40265409	-0.453591631	1.16339703
6.27943623	-0.454122282	1.25916568
6.16920889	-0.458309586	1.34412249
6.07411573	-0.451077027	1.41921974
5.95585059	-0.445669108	1.51166227
5.85276838	-0.450911307	1.59021902
5.73058184	-0.465510734	1.68143112
5.63293196	-0.464398423	1.75619293
5.52268345	-0.458790444	1.84096228
5.3983773	-0.468182542	1.93294765
5.28830418	-0.463160682	2.01638871
5.1796319	-0.457825144	2.09818993
5.06912293	-0.458440375	2.17967774
4.93929624	-0.463633515	2.27371961
4.84243087	-0.465431888	2.34365818
4.7274659	-0.462106404	2.42707317
4.61081646	-0.468990762	2.50895321
4.49939264	-0.463228284	2.58888366
4.38029432	-0.468023602	2.67126858
4.25027735	-0.462638643	2.76245212
4.16541235	-0.45623691	2.82202093
4.02821291	-0.471124004	2.91226554
3.90818001	-0.46746703	2.99374789
3.80549181	-0.477041724	3.06010012
3.67801117	-0.468628555	3.14579152
3.58692084	-0.46744992	3.20550902
3.46230426	-0.467097193	3.28603844
3.32946683	-0.458736325	3.37262136
3.22396379	-0.466456144	3.43768836
3.10691072	-0.472655559	3.50969472
2.97642497	-0.462098503	3.59256231
2.84495521	-0.463954538	3.67269193
2.75816412	-0.459105065	3.7263208
2.61616247	-0.472984551	3.80878108
2.49742463	-0.465339392	3.88087682
2.35842574	-0.465907152	3.96256386
2.26767959	-0.460222215	4.01667445
2.131633	-0.470338249	4.09330227
2.00888718	-0.472106458	4.16332019
1.90935771	-0.468562537	4.22069901
1.77396593	-0.465355545	4.29784864
1.63678869	-0.460070668	4.37582577
1.54581901	-0.458841025	4.42677585
1.41566506	-0.477436507	4.49525148
8.08149199	-0.376296863	0.0107876377
8.06823603	-0.403809957	0.0142505958
7.98504487	-0.458893272	0.0553770978
7.89832542	-0.459802336	0.106021907
7.76103484	-0.451143411	0.18962453
7.64760724	-0.455145587	0.260192782
7.5305659	-0.456981368	0.335498858
7.4134725	-0.461371083	0.413089626
7.28803839	-0.457733368	0.499455681
7.17848034	-0.458520561	0.576939987
7.06536604	-0.456480372	0.65893011
6.95293194	-0.456700095	0.741883684
6.84007587	-0.459293968	0.826289632
6.72521912	-0.463731986	0.913025744
6.62162332	-0.470027854	0.991589648
6.51614928	-0.460244617	1.0743973
6.4020609	-0.471186757	1.16116049
6.28111815	-0.463427135	1.25633295
6.17049451	-0.4653961	1.34192237
6.07237325	-0.464743122	1.41814755
5.94690938	-0.46871825	1.51450328
5.84102412	-0.471431812	1.59558059
5.72840298	-0.471866253	1.68191518
5.63126332	-0.471087319	1.75620282
5.51915485	-0.469346072	1.84163494
5.39918505	-0.479381645	1.93021146
5.28954602	-0.479453129	2.01231742
5.17722204	-0.471667915	2.09731139
5.06847925	-0.470663035	2.17776731
4.93931542	-0.467856962	2.27287491
4.84219157	-0.469547822	2.34301909
4.72610527	-0.469042635	2.42668059
4.60875763	-0.486346379	2.50698363
4.49854325	-0.482636517	2.58562112
4.38215689	-0.474714696	2.66863529
4.25197168	-0.466956039	2.76041509
4.16243294	-0.467651231	2.82173921
4.03183649	-0.486217774	2.90679758
3.90693332	-0.473988166	2.99325963
3.80252576	-0.491130737	3.05925249
3.68135172	-0.476115298	3.1420919
3.58626899	-0.474435704	3.2045097
3.45940428	-0.475641924	3.28615826
3.32930793	-0.463783259	3.37168718
3.22013189	-0.474426476	3.43847817
3.10381088	-0.488048514	3.50850727
2.97613397	-0.469561488	3.59122408
2.84570945	-0.467622804	3.67147925
2.75424373	-0.470011248	3.72644222
2.61768351	-0.488252912	3.80477557
2.4991253	-0.489943555	3.87490092
2.36139936	-0.470853095	3.95981598
2.2653819	-0.470363154	4.01594229
2.12918737	-0.475993941	4.0935676
2.00678576	-0.480910328	4.16275671
1.89620459	-0.483542602	4.22515132
1.76959875	-0.477996298	4.29778878
1.63724336	-0.464291303	4.37473078
1.53959095	-0.471438989	4.42775094
1.4028749	-0.496299877	4.49869302
8.08067051	-0.378344072	0.0109911067
8.06653069	-0.409775727	0.0145180974
7.98837513	-0.471468126	0.0520871448
7.89834988	-0.470048905	0.105016357
7.76777022	-0.470831187	0.183891002
7.64707348	-0.460476711	0.260138249
7.52914825	-0.46383388	0.335932104
7.41122533	-0.4781891	0.413369707
7.28927877	-0.473751946	0.497348861
7.18037366	-0.472704322	0.574461576
7.06601219	-0.462011458	0.657949719
6.9532057	-0.461617652	0.74117711
6.84065551	-0.465567913	0.825135836
6.72604638	-0.480589267	0.910211257
6.61764158	-0.479513573	0.993333586
6.50217691	-0.479166672	1.08241538
6.4011232	-0.485161222	1.15969677
6.29534318	-0.478034342	1.24288237
6.17209349	-0.47068369	1.33978422
6.07210082	-0.470526295	1.41734751
5.95835259	-0.488779626	1.50206772
5.83901915	-0.477990511	1.59592329
5.72749912	-0.475563095	1.68191842
5.63007834	-0.475397936	1.756293
5.50529362	-0.482763445	1.84957802
5.3997768	-0.494058215	1.92699161
5.29100149	-0.48463115	2.01024084
5.17523733	-0.479611182	2.09725419
5.06853692	-0.474111082	2.17704971
4.93975088	-0.47048699	2.27203983
4.84215419	-0.471928764	2.34257588
4.72298015	-0.477832238	2.42716151
4.60836204	-0.488229761	2.50689138
4.49851617	-0.48447234	2.58527024
4.38249859	-0.477000704	2.66793633
4.25234024	-0.469217334	2.75970501
4.16121777	-0.46990488	2.82211369
4.02914489	-0.482663368	2.90932015
3.90708662	-0.475464096	2.99285228
3.80458358	-0.485989455	3.05890067
3.69140519	-0.482319305	3.13421463
3.58583527	-0.475281286	3.20461396
3.46086591	-0.476892446	3.28495904
3.33021339	-0.466051939	3.37064484
3.21851647	-0.479967146	3.4383353
3.10387135	-0.484666834	3.50912093
2.98228386	-0.478562903	3.58561583
2.84603353	-0.469556053	3.67088396
2.75363118	-0.471534938	3.72649855
2.61533738	-0.480596364	3.80772382
2.49839788	-0.480129142	3.87728625
2.37476675	-0.478804562	3.95034173
2.26371594	-0.471807234	4.01661403
2.12973369	-0.477205053	4.09300323
2.00801378	-0.479254511	4.16237895
1.89498447	-0.481439233	4.22625352
1.77171245	-0.475163053	4.29715971
1.63799402	-0.466636264	4.37384323
1.52508192	-0.479026824	4.43430356
1.41195267	-0.489664523	4.4949478
8.07990738	-0.380160115	0.0111929802
8.06520109	-0.414031142	0.0147740794
7.99757995	-0.494585845	0.0441869283
7.89850669	-0.476410993	0.104303436
7.76700288	-0.475686023	0.18396957
7.64686574	-0.464122694	0.260001609
7.52809732	-0.468222991	0.336303415
7.40904965	-0.485787822	0.414252073
7.29421129	-0.487080653	0.492881605
7.18155475	-0.477023173	0.57325454
7.06631948	-0.465485333	0.65740602
6.95319818	-0.464798773	0.740857118
6.84069504	-0.468935586	0.824722412
6.72710875	-0.485452107	0.908788809
6.61696592	-0.482414154	0.993453713
6.50230076	-0.481828716	1.08192551
6.40128523	-0.48536482	1.15953976
6.29517298	-0.479350412	1.24279882
6.17141921	-0.472457508	1.34000523
6.07055719	-0.47231418	1.41822872
5.95802129	-0.482212338	1.50349283
5.83979784	-0.477974401	1.59532374
5.72874179	-0.476638237	1.68076645
5.63217385	-0.475967143	1.75458856
5.50674837	-0.47926294	1.84912803
5.39867754	-0.481217817	1.93023376
5.287877	-0.481562671	2.01314812
5.18899736	-0.478234013	2.08729305
5.06976443	-0.474991805	2.17597115
4.94041245	-0.471683633	2.27132157
4.84263201	-0.472678895	2.34208123
4.72296394	-0.477174037	2.42729424
4.60752973	-0.481359142	2.50881175
4.49986284	-0.478628997	2.58546476
4.38156572	-0.476096573	2.66875596
4.25124049	-0.469718883	2.76036045
4.15973531	-0.47024251	2.82305525
4.02458869	-0.478212509	2.91326539
3.9112766	-0.48009186	2.98908447
3.80691925	-0.481192732	3.05829346
3.68944979	-0.480322025	3.13588315
3.58540866	-0.473054652	3.20533541
3.46473654	-0.475748938	3.28269685
3.33199484	-0.46631209	3.36945653
3.22073772	-0.477591419	3.43740752
3.10331086	-0.479505107	3.51049407
2.98356451	-0.476954121	3.58514484
2.84594924	-0.470133452	3.6708151
2.75367769	-0.4715835	3.72645796
2.61211857	-0.478990958	3.80993794
2.50530708	-0.477300158	3.87377461
2.37316717	-0.478236555	3.95138643
2.26139171	-0.471123304	4.0180991
2.13201972	-0.476088529	4.09190364
2.00985156	-0.475997895	4.16197166
1.89281068	-0.477872643	4.22818594
1.77416341	-0.469989288	4.29680578
1.63900637	-0.467408094	4.37312207
1.51018055	-0.485787019	4.44123117
1.42713413	-0.488828541	4.48671287
