32295370 5623950 -2475
32295451 5623650 -2504
32295299 5623650 -2475
32295451 5623950 -2491
32295150 5623650 -2444
32295150 5623950 -2428
32295451 5624241 -2475
32295224 5624250 -2425
32295451 5624250 -2474
32295150 5624003 -2425
32295150 5624250 -2408
32295329 5624550 -2425
32295451 5624550 -2452
32295150 5624550 -2383
32295447 5624850 -2425
32295451 5624850 -2425
32295150 5624632 -2375
32295240 5624850 -2375
32295150 5624850 -2352
32295451 5624859 -2425
32295378 5625150 -2375
32295451 5625150 -2393
32295150 5625079 -2325
32295183 5625150 -2325
32295150 5625150 -2316
32295451 5625292 -2375
32295341 5625450 -2325
32295451 5625450 -2354
32295150 5625435 -2275
32295158 5625450 -2275
32295150 5625450 -2272
32295451 5625641 -2325
32295333 5625750 -2275
32295451 5625750 -2307
32295150 5625732 -2225
32295160 5625750 -2225
32295150 5625750 -2221
32295451 5625935 -2275
32295354 5626050 -2225
32295451 5626050 -2253
32295150 5625989 -2175
32295190 5626050 -2175
32295150 5626050 -2162
32295451 5626190 -2225
32295400 5626350 -2175
32295451 5626350 -2190
32295150 5626217 -2125
32295244 5626350 -2125
32295150 5626350 -2093
32295451 5626418 -2175
32295451 5626624 -2125
32295322 5626650 -2075
32295451 5626650 -2118
32295150 5626424 -2075
32295150 5626612 -2025
32295179 5626650 -2025
32295150 5626650 -2014
32295451 5626809 -2075
32295423 5626950 -2025
32295451 5626950 -2034
32295150 5626784 -1975
32295286 5626950 -1975
32295150 5626945 -1925
32295154 5626950 -1925
32295150 5626950 -1923
32295451 5626982 -2025
32295451 5627140 -1975
32295415 5627250 -1925
32295451 5627250 -1939
32295150 5627092 -1875
32295288 5627250 -1875
32295150 5627232 -1825
32295165 5627250 -1825
32295150 5627250 -1818
32295451 5627289 -1925
32295451 5627427 -1875
32295442 5627550 -1825
32295451 5627550 -1828
32295150 5627361 -1775
32295325 5627550 -1775
32295150 5627484 -1725
32295211 5627550 -1725
32295150 5627550 -1697
32295451 5627559 -1825
32295451 5627680 -1775
32295451 5627796 -1725
32295394 5627850 -1675
32295451 5627850 -1701
32295150 5627599 -1675
32295150 5627708 -1625
32295289 5627850 -1625
32295150 5627812 -1575
32295187 5627850 -1575
32295150 5627850 -1556
32295451 5627905 -1675
32295451 5628008 -1625
32295451 5628107 -1575
32295397 5628150 -1525
32295451 5628150 -1552
32295150 5627910 -1525
32295150 5628002 -1475
32295302 5628150 -1475
32295150 5628091 -1425
32295211 5628150 -1425
32295150 5628150 -1390
32295451 5628201 -1525
32295451 5628289 -1475
32295451 5628374 -1425
32295445 5628450 -1375
32295451 5628450 -1378
32295150 5628175 -1375
32295150 5628255 -1325
32295360 5628450 -1325
32295150 5628331 -1275
32295278 5628450 -1275
32295150 5628404 -1225
32295199 5628450 -1225
32295150 5628450 -1192
32295451 5628455 -1375
32295451 5628531 -1325
32295451 5628604 -1275
32295451 5628675 -1225
32295150 5628474 -1175
32295451 5628742 -1175
32295387 5628750 -1125
32295451 5628750 -1169
32295150 5628539 -1125
32295150 5628602 -1075
32295317 5628750 -1075
32295150 5628662 -1025
32295249 5628750 -1025
32295150 5628720 -975
32295184 5628750 -975
32295150 5628750 -947
32295451 5628805 -1125
32295451 5628865 -1075
32295451 5628923 -1025
32295451 5628979 -975
32295150 5628774 -925
32295451 5629032 -925
32295413 5629050 -875
32295451 5629050 -907
32295150 5628825 -875
32295150 5628875 -825
32295356 5629050 -825
32295150 5628921 -775
32295301 5629050 -775
32295150 5628966 -725
32295249 5629050 -725
32295150 5629009 -675
32295199 5629050 -675
32295150 5629049 -625
32295151 5629050 -625
32295150 5629050 -624
32295451 5629082 -875
32295451 5629129 -825
32295451 5629174 -775
32295451 5629217 -725
32295451 5629258 -675
32295451 5629296 -625
32295150 5629087 -575
32295451 5629333 -575
32295430 5629350 -525
32295451 5629350 -550
32295150 5629122 -525
32295150 5629156 -475
32295390 5629350 -475
32295150 5629188 -425
32295352 5629350 -425
32295150 5629218 -375
32295315 5629350 -375
32295150 5629247 -325
32295280 5629350 -325
32295150 5629274 -275
32295247 5629350 -275
32295150 5629299 -225
32295216 5629350 -225
32295150 5629323 -175
32295185 5629350 -175
32295150 5629345 -125
32295156 5629350 -125
32295150 5629350 -114
32295451 5629367 -525
32295451 5629399 -475
32295451 5629428 -425
32295451 5629456 -375
32295451 5629483 -325
32295451 5629507 -275
32295451 5629530 -225
32295451 5629551 -175
32295451 5629570 -125
32295150 5629366 -75
32295451 5629589 -75
32295150 5629386 -25
32295451 5629606 -25
32295150 5629404 25
32295451 5629622 25
32295150 5629422 75
32295451 5629637 75
32295449 5629650 125
32295451 5629650 120
32295150 5629439 125
32295150 5629456 175
32295430 5629650 175
32295150 5629472 225
32295411 5629650 225
32295150 5629488 275
32295392 5629650 275
32295150 5629504 325
32295371 5629650 325
32295150 5629520 375
32295350 5629650 375
32295150 5629536 425
32295327 5629650 425
32295150 5629552 475
32295302 5629650 475
32295451 5629651 125
32295451 5629664 175
32295451 5629677 225
32295451 5629690 275
32295451 5629703 325
32295451 5629717 375
32295451 5629733 425
32295451 5629749 475
32295630 5623950 -2525
32295753 5623650 -2557
32295564 5623650 -2525
32295753 5623950 -2547
32295710 5624250 -2525
32295753 5624250 -2532
32295454 5624250 -2475
32295753 5624379 -2525
32295558 5624550 -2475
32295753 5624550 -2514
32295678 5624850 -2475
32295753 5624850 -2490
32295753 5625013 -2475
32295589 5625150 -2425
32295753 5625150 -2461
32295747 5625450 -2425
32295753 5625450 -2426
32295536 5625450 -2375
32295753 5625459 -2425
32295715 5625750 -2375
32295753 5625750 -2384
32295517 5625750 -2325
32295753 5625807 -2375
32295715 5626050 -2325
32295753 5626050 -2334
32295528 5626050 -2275
32295753 5626102 -2325
32295745 5626350 -2275
32295753 5626350 -2277
32295567 5626350 -2225
32295753 5626360 -2275
32295753 5626586 -2225
32295634 5626650 -2175
32295753 5626650 -2210
32295472 5626650 -2125
32295753 5626791 -2175
32295725 5626950 -2125
32295753 5626950 -2133
32295570 5626950 -2075
32295753 5626981 -2125
32295753 5627152 -2075
32295692 5627250 -2025
32295753 5627250 -2045
32295550 5627250 -1975
32295753 5627313 -2025
32295753 5627462 -1975
32295700 5627550 -1925
32295753 5627550 -1944
32295569 5627550 -1875
32295753 5627602 -1925
32295753 5627732 -1875
32295745 5627850 -1825
32295753 5627850 -1828
32295623 5627850 -1775
32295505 5627850 -1725
32295753 5627857 -1825
32295753 5627972 -1775
32295753 5628082 -1725
32295711 5628150 -1675
32295753 5628150 -1693
32295601 5628150 -1625
32295496 5628150 -1575
32295753 5628187 -1675
32295753 5628285 -1625
32295753 5628380 -1575
32295728 5628450 -1525
32295753 5628450 -1536
32295630 5628450 -1475
32295536 5628450 -1425
32295753 5628470 -1525
32295753 5628555 -1475
32295753 5628636 -1425
32295753 5628715 -1375
32295704 5628750 -1325
32295753 5628750 -1352
32295620 5628750 -1275
32295538 5628750 -1225
32295460 5628750 -1175
32295753 5628789 -1325
32295753 5628859 -1275
32295753 5628927 -1225
32295753 5628993 -1175
32295745 5629050 -1125
32295753 5629050 -1129
32295672 5629050 -1075
32295603 5629050 -1025
32295536 5629050 -975
32295472 5629050 -925
32295753 5629055 -1125
32295753 5629114 -1075
32295753 5629170 -1025
32295753 5629224 -975
32295753 5629275 -925
32295753 5629325 -875
32295724 5629350 -825
32295753 5629350 -849
32295668 5629350 -775
32295615 5629350 -725
32295565 5629350 -675
32295517 5629350 -625
32295472 5629350 -575
32295753 5629372 -825
32295753 5629415 -775
32295753 5629457 -725
32295753 5629497 -675
32295753 5629535 -625
32295753 5629571 -575
32295753 5629605 -525
32295753 5629636 -475
32295732 5629650 -425
32295753 5629650 -452
32295698 5629650 -375
32295666 5629650 -325
32295636 5629650 -275
32295609 5629650 -225
32295583 5629650 -175
32295559 5629650 -125
32295536 5629650 -75
32295514 5629650 -25
32295492 5629650 25
32295470 5629650 75
32295753 5629665 -425
32295753 5629692 -375
32295753 5629718 -325
32295753 5629741 -275
32295753 5629762 -225
32295753 5629781 -175
32295753 5629799 -125
32295753 5629814 -75
32295753 5629828 -25
32295753 5629839 25
32295753 5629850 75
32295753 5629860 125
32295753 5629871 175
32295753 5629883 225
32295753 5629898 275
32295753 5629914 325
32295753 5629933 375
32295747 5629950 425
32295753 5629950 415
32295719 5629950 475
32295753 5629954 425
32295753 5629981 475
32295923 5623950 -2575
32296054 5623650 -2603
32295863 5623650 -2575
32296054 5623950 -2595
32296000 5624250 -2575
32296054 5624250 -2583
32296054 5624419 -2575
32295811 5624550 -2525
32296054 5624550 -2568
32295932 5624850 -2525
32296054 5624850 -2547
32296054 5625110 -2525
32295818 5625150 -2475
32296054 5625150 -2521
32295982 5625450 -2475
32296054 5625450 -2489
32296054 5625566 -2475
32295933 5625750 -2425
32296054 5625750 -2451
32296054 5625927 -2425
32295920 5626050 -2375
32296054 5626050 -2406
32296054 5626228 -2375
32295939 5626350 -2325
32296054 5626350 -2353
32296054 5626490 -2325
32295989 5626650 -2275
32296054 5626650 -2291
32295804 5626650 -2225
32296054 5626723 -2275
32296054 5626934 -2225
32295892 5626950 -2175
32296054 5626950 -2221
32296054 5627123 -2175
32296004 5627250 -2125
32296054 5627250 -2139
32295844 5627250 -2075
32296054 5627299 -2125
32296054 5627461 -2075
32295988 5627550 -2025
32296054 5627550 -2046
32295840 5627550 -1975
32296054 5627612 -2025
32296054 5627753 -1975
32296013 5627850 -1925
32296054 5627850 -1939
32295876 5627850 -1875
32296054 5627886 -1925
32296054 5628010 -1875
32296054 5628129 -1825
32295949 5628150 -1775
32296054 5628150 -1816
32295827 5628150 -1725
32296054 5628240 -1775
32296054 5628345 -1725
32296054 5628447 -1675
32295942 5628450 -1625
32296054 5628450 -1673
32295833 5628450 -1575
32296054 5628541 -1625
32296054 5628632 -1575
32296054 5628720 -1525
32295987 5628750 -1475
32296054 5628750 -1507
32295888 5628750 -1425
32295794 5628750 -1375
32296054 5628802 -1475
32296054 5628881 -1425
32296054 5628957 -1375
32296054 5629030 -1325
32295989 5629050 -1275
32296054 5629050 -1311
32295904 5629050 -1225
32295823 5629050 -1175
32296054 5629099 -1275
32296054 5629164 -1225
32296054 5629228 -1175
32296054 5629289 -1125
32296054 5629349 -1075
32295982 5629350 -1025
32296054 5629350 -1074
32295912 5629350 -975
32295846 5629350 -925
32295783 5629350 -875
32296054 5629403 -1025
32296054 5629456 -975
32296054 5629507 -925
32296054 5629557 -875
32296054 5629604 -825
32296053 5629650 -775
32296054 5629650 -775
32295998 5629650 -725
32295945 5629650 -675
32295896 5629650 -625
32295850 5629650 -575
32295808 5629650 -525
32295769 5629650 -475
32296054 5629650 -775
32296054 5629692 -725
32296054 5629732 -675
32296054 5629771 -625
32296054 5629808 -575
32296054 5629844 -525
32296054 5629878 -475
32296054 5629911 -425
32296054 5629942 -375
32296027 5629950 -325
32296054 5629950 -362
32295995 5629950 -275
32295966 5629950 -225
32295940 5629950 -175
32295918 5629950 -125
32295898 5629950 -75
32295881 5629950 -25
32295867 5629950 25
32295854 5629950 75
32295843 5629950 125
32295832 5629950 175
32295819 5629950 225
32295804 5629950 275
32295787 5629950 325
32295769 5629950 375
32296054 5629971 -325
32296054 5629998 -275
32296054 5630024 -225
32296054 5630048 -175
32296054 5630072 -125
32296054 5630094 -75
32296054 5630116 -25
32296054 5630136 25
32296054 5630157 75
32296054 5630177 125
32296054 5630198 175
32296054 5630219 225
32296054 5630242 275
32296039 5630250 325
32296054 5630250 290
32296017 5630250 375
32295994 5630250 425
32295970 5630250 475
32296054 5630266 325
32296054 5630294 375
32296054 5630324 425
32296054 5630358 475
32296267 5623950 -2625
32296355 5623650 -2642
32296215 5623650 -2625
32296355 5623950 -2636
32296337 5624250 -2625
32296355 5624250 -2627
32296355 5624308 -2625
32296098 5624550 -2575
32296355 5624550 -2614
32296221 5624850 -2575
32296355 5624850 -2596
32296355 5625129 -2575
32296074 5625150 -2525
32296355 5625150 -2573
32296245 5625450 -2525
32296355 5625450 -2544
32296355 5625621 -2525
32296173 5625750 -2475
32296355 5625750 -2509
32296355 5626004 -2475
32296143 5626050 -2425
32296355 5626050 -2468
32296355 5626319 -2425
32296150 5626350 -2375
32296355 5626350 -2419
32296355 5626590 -2375
32296190 5626650 -2325
32296355 5626650 -2363
32296355 5626829 -2325
32296261 5626950 -2275
32296355 5626950 -2298
32296068 5626950 -2225
32296355 5627045 -2275
32296355 5627243 -2225
32296178 5627250 -2175
32296355 5627250 -2223
32296355 5627420 -2175
32296313 5627550 -2125
32296355 5627550 -2137
32296145 5627550 -2075
32296355 5627588 -2125
32296355 5627741 -2075
32296313 5627850 -2025
32296355 5627850 -2038
32296159 5627850 -1975
32296355 5627886 -2025
32296355 5628020 -1975
32296355 5628149 -1925
32296213 5628150 -1875
32296355 5628150 -1924
32296077 5628150 -1825
32296355 5628267 -1875
32296355 5628380 -1825
32296305 5628450 -1775
32296355 5628450 -1793
32296178 5628450 -1725
32296056 5628450 -1675
32296355 5628488 -1775
32296355 5628589 -1725
32296355 5628687 -1675
32296314 5628750 -1625
32296355 5628750 -1642
32296200 5628750 -1575
32296090 5628750 -1525
32296355 5628780 -1625
32296355 5628868 -1575
32296355 5628952 -1525
32296355 5629034 -1475
32296271 5629050 -1425
32296355 5629050 -1465
32296172 5629050 -1375
32296078 5629050 -1325
32296355 5629111 -1425
32296355 5629184 -1375
32296355 5629256 -1325
32296355 5629325 -1275
32296298 5629350 -1225
32296355 5629350 -1256
32296213 5629350 -1175
32296132 5629350 -1125
32296055 5629350 -1075
32296355 5629390 -1225
32296355 5629452 -1175
32296355 5629513 -1125
32296355 5629571 -1075
32296355 5629628 -1025
32296310 5629650 -975
32296355 5629650 -1005
32296240 5629650 -925
32296174 5629650 -875
32296112 5629650 -825
32296355 5629681 -975
32296355 5629732 -925
32296355 5629782 -875
32296355 5629830 -825
32296355 5629876 -775
32296355 5629921 -725
32296335 5629950 -675
32296355 5629950 -692
32296281 5629950 -625
32296231 5629950 -575
32296184 5629950 -525
32296140 5629950 -475
32296099 5629950 -425
32296062 5629950 -375
32296355 5629964 -675
32296355 5630004 -625
32296355 5630043 -575
32296355 5630081 -525
32296355 5630117 -475
32296355 5630153 -425
32296355 5630187 -375
32296355 5630220 -325
32296352 5630250 -275
32296355 5630250 -279
32296315 5630250 -225
32296281 5630250 -175
32296250 5630250 -125
32296220 5630250 -75
32296192 5630250 -25
32296167 5630250 25
32296143 5630250 75
32296120 5630250 125
32296099 5630250 175
32296079 5630250 225
32296060 5630250 275
32296355 5630252 -275
32296355 5630283 -225
32296355 5630314 -175
32296355 5630344 -125
32296355 5630374 -75
32296355 5630404 -25
32296355 5630434 25
32296355 5630466 75
32296355 5630499 125
32296355 5630534 175
32296336 5630550 225
32296355 5630550 196
32296304 5630550 275
32296273 5630550 325
32296242 5630550 375
32296212 5630550 425
32296182 5630550 475
32296355 5630575 225
32296355 5630624 275
32296355 5630676 325
32296355 5630733 375
32296355 5630794 425
32296350 5630850 475
32296355 5630850 468
32296355 5630860 475
32296653 5623650 -2675
32296656 5623678 -2675
32296656 5623650 -2675
32296656 5623950 -2671
32296656 5624250 -2664
32296436 5624550 -2625
32296656 5624550 -2653
32296560 5624850 -2625
32296656 5624850 -2637
32296656 5625041 -2625
32296366 5625150 -2575
32296656 5625150 -2617
32296546 5625450 -2575
32296656 5625450 -2591
32296656 5625612 -2575
32296443 5625750 -2525
32296656 5625750 -2560
32296656 5626031 -2525
32296390 5626050 -2475
32296656 5626050 -2522
32296639 5626350 -2475
32296656 5626350 -2478
32296380 5626350 -2425
32296656 5626369 -2475
32296649 5626650 -2425
32296656 5626650 -2426
32296408 5626650 -2375
32296656 5626657 -2425
32296656 5626908 -2375
32296470 5626950 -2325
32296656 5626950 -2366
32296656 5627131 -2325
32296563 5627250 -2275
32296656 5627250 -2297
32296362 5627250 -2225
32296656 5627335 -2275
32296656 5627522 -2225
32296494 5627550 -2175
32296656 5627550 -2217
32296656 5627692 -2175
32296652 5627850 -2125
32296656 5627850 -2126
32296478 5627850 -2075
32296656 5627853 -2125
32296656 5627999 -2075
32296656 5628139 -2025
32296508 5628150 -1975
32296656 5628150 -2021
32296356 5628150 -1925
32296656 5628267 -1975
32296656 5628391 -1925
32296581 5628450 -1875
32296656 5628450 -1900
32296440 5628450 -1825
32296656 5628506 -1875
32296656 5628615 -1825
32296656 5628721 -1775
32296560 5628750 -1725
32296656 5628750 -1761
32296434 5628750 -1675
32296656 5628820 -1725
32296656 5628914 -1675
32296656 5629006 -1625
32296596 5629050 -1575
32296656 5629050 -1600
32296482 5629050 -1525
32296375 5629050 -1475
32296656 5629092 -1575
32296656 5629174 -1525
32296656 5629254 -1475
32296656 5629332 -1425
32296577 5629350 -1375
32296656 5629350 -1413
32296480 5629350 -1325
32296387 5629350 -1275
32296656 5629405 -1375
32296656 5629475 -1325
32296656 5629543 -1275
32296656 5629610 -1225
32296622 5629650 -1175
32296656 5629650 -1194
32296538 5629650 -1125
32296458 5629650 -1075
32296383 5629650 -1025
32296656 5629673 -1175
32296656 5629733 -1125
32296656 5629792 -1075
32296656 5629849 -1025
32296656 5629906 -975
32296642 5629950 -925
32296656 5629950 -934
32296573 5629950 -875
32296508 5629950 -825
32296447 5629950 -775
32296390 5629950 -725
32296656 5629960 -925
32296656 5630011 -875
32296656 5630061 -825
32296656 5630110 -775
32296656 5630158 -725
32296656 5630205 -675
32296655 5630250 -625
32296656 5630250 -625
32296602 5630250 -575
32296553 5630250 -525
32296507 5630250 -475
32296464 5630250 -425
32296424 5630250 -375
32296387 5630250 -325
32296656 5630250 -625
32296656 5630295 -575
32296656 5630339 -525
32296656 5630382 -475
32296656 5630425 -425
32296656 5630467 -375
32296656 5630510 -325
32296654 5630550 -275
32296656 5630550 -277
32296615 5630550 -225
32296579 5630550 -175
32296544 5630550 -125
32296511 5630550 -75
32296480 5630550 -25
32296450 5630550 25
32296422 5630550 75
32296394 5630550 125
32296367 5630550 175
32296656 5630552 -275
32296656 5630598 -225
32296656 5630645 -175
32296656 5630694 -125
32296656 5630746 -75
32296656 5630800 -25
32296652 5630850 25
32296656 5630850 18
32296615 5630850 75
32296579 5630850 125
32296545 5630850 175
32296511 5630850 225
32296478 5630850 275
32296446 5630850 325
32296414 5630850 375
32296382 5630850 425
32296656 5630857 25
32296656 5630924 75
32296656 5630996 125
32296656 5631072 175
32296654 5631150 225
32296656 5631150 222
32296615 5631150 275
32296577 5631150 325
32296541 5631150 375
32296505 5631150 425
32296470 5631150 475
32296656 5631154 225
32296656 5631241 275
32296656 5631331 325
32296656 5631423 375
32296629 5631450 425
32296656 5631450 389
32296592 5631450 475
32296656 5631497 425
32296656 5631565 475
32296695 5623950 -2675
32296957 5623950 -2699
32296957 5623650 -2701
32296763 5624250 -2675
32296957 5624250 -2694
32296858 5624550 -2675
32296957 5624550 -2685
32296957 5624788 -2675
32296957 5624850 -2672
32296715 5625150 -2625
32296957 5625150 -2654
32296907 5625450 -2625
32296957 5625450 -2631
32296957 5625520 -2625
32296757 5625750 -2575
32296957 5625750 -2603
32296957 5625998 -2575
32296671 5626050 -2525
32296957 5626050 -2568
32296935 5626350 -2525
32296957 5626350 -2528
32296957 5626373 -2525
32296922 5626650 -2475
32296957 5626650 -2481
32296957 5626685 -2475
32296951 5626950 -2425
32296957 5626950 -2426
32296698 5626950 -2375
32296957 5626956 -2425
32296957 5627193 -2375
32296781 5627250 -2325
32296957 5627250 -2362
32296957 5627406 -2325
32296895 5627550 -2275
32296957 5627550 -2289
32296686 5627550 -2225
32296957 5627602 -2275
32296957 5627780 -2225
32296840 5627850 -2175
32296957 5627850 -2204
32296957 5627944 -2175
32296957 5628098 -2125
32296840 5628150 -2075
32296957 5628150 -2107
32296669 5628150 -2025
32296957 5628240 -2075
32296957 5628375 -2025
32296887 5628450 -1975
32296957 5628450 -1996
32296730 5628450 -1925
32296957 5628501 -1975
32296957 5628620 -1925
32296957 5628735 -1875
32296831 5628750 -1825
32296957 5628750 -1868
32296692 5628750 -1775
32296957 5628841 -1825
32296957 5628943 -1775
32296957 5629042 -1725
32296837 5629050 -1675
32296957 5629050 -1721
32296714 5629050 -1625
32296957 5629134 -1675
32296957 5629223 -1625
32296957 5629310 -1575
32296895 5629350 -1525
32296957 5629350 -1551
32296784 5629350 -1475
32296679 5629350 -1425
32296957 5629393 -1525
32296957 5629471 -1475
32296957 5629548 -1425
32296957 5629623 -1375
32296893 5629650 -1325
32296957 5629650 -1357
32296798 5629650 -1275
32296708 5629650 -1225
32296957 5629695 -1325
32296957 5629763 -1275
32296957 5629831 -1225
32296957 5629897 -1175
32296941 5629950 -1125
32296957 5629950 -1134
32296860 5629950 -1075
32296783 5629950 -1025
32296711 5629950 -975
32296957 5629961 -1125
32296957 5630022 -1075
32296957 5630082 -1025
32296957 5630142 -975
32296957 5630201 -925
32296946 5630250 -875
32296957 5630250 -882
32296880 5630250 -825
32296818 5630250 -775
32296760 5630250 -725
32296706 5630250 -675
32296957 5630258 -875
32296957 5630314 -825
32296957 5630370 -775
32296957 5630426 -725
32296957 5630481 -675
32296957 5630537 -625
32296915 5630550 -575
32296957 5630550 -613
32296864 5630550 -525
32296816 5630550 -475
32296771 5630550 -425
32296729 5630550 -375
32296690 5630550 -325
32296957 5630593 -575
32296957 5630650 -525
32296957 5630708 -475
32296957 5630768 -425
32296957 5630829 -375
32296925 5630850 -325
32296957 5630850 -358
32296880 5630850 -275
32296837 5630850 -225
32296796 5630850 -175
32296757 5630850 -125
32296721 5630850 -75
32296686 5630850 -25
32296957 5630892 -325
32296957 5630960 -275
32296957 5631030 -225
32296957 5631105 -175
32296937 5631150 -125
32296957 5631150 -146
32296890 5631150 -75
32296847 5631150 -25
32296805 5631150 25
32296766 5631150 75
32296727 5631150 125
32296690 5631150 175
32296957 5631181 -125
32296957 5631258 -75
32296957 5631341 -25
32296957 5631429 25
32296919 5631450 75
32296957 5631450 36
32296871 5631450 125
32296827 5631450 175
32296784 5631450 225
32296744 5631450 275
32296704 5631450 325
32296666 5631450 375
32296957 5631500 75
32296957 5631565 125
32296957 5631632 175
32296957 5631700 225
32296943 5631750 275
32296957 5631750 260
32296894 5631750 325
32296848 5631750 375
32296803 5631750 425
32296760 5631750 475
32296957 5631765 275
32296957 5631820 325
32296957 5631876 375
32296957 5631934 425
32296957 5631995 475
32297259 5623650 -2721
32297259 5623950 -2720
32297259 5624250 -2717
32297259 5624550 -2710
32296986 5624850 -2675
32297259 5624850 -2699
32297163 5625150 -2675
32297259 5625150 -2684
32297259 5625289 -2675
32297259 5625450 -2664
32297140 5625750 -2625
32297259 5625750 -2638
32297259 5625887 -2625
32297002 5626050 -2575
32297259 5626050 -2608
32297259 5626324 -2575
32297259 5626350 -2571
32297233 5626650 -2525
32297259 5626650 -2528
32297259 5626673 -2525
32297236 5626950 -2475
32297259 5626950 -2478
32297259 5626970 -2475
32297259 5627228 -2425
32297020 5627250 -2375
32297259 5627250 -2420
32297259 5627455 -2375
32297122 5627550 -2325
32297259 5627550 -2353
32297259 5627662 -2325
32297255 5627850 -2275
32297259 5627850 -2275
32297040 5627850 -2225
32297259 5627852 -2275
32297259 5628022 -2225
32297213 5628150 -2175
32297259 5628150 -2186
32297021 5628150 -2125
32297259 5628184 -2175
32297259 5628331 -2125
32297227 5628450 -2075
32297259 5628450 -2083
32297052 5628450 -2025
32297259 5628472 -2075
32297259 5628602 -2025
32297259 5628727 -1975
32297128 5628750 -1925
32297259 5628750 -1965
32296976 5628750 -1875
32297259 5628843 -1925
32297259 5628954 -1875
32297241 5629050 -1825
32297259 5629050 -1830
32297100 5629050 -1775
32296967 5629050 -1725
32297259 5629062 -1825
32297259 5629161 -1775
32297259 5629258 -1725
32297253 5629350 -1675
32297259 5629350 -1676
32297128 5629350 -1625
32297009 5629350 -1575
32297259 5629353 -1675
32297259 5629441 -1625
32297259 5629527 -1575
32297259 5629611 -1525
32297198 5629650 -1475
32297259 5629650 -1501
32297092 5629650 -1425
32296991 5629650 -1375
32297259 5629692 -1475
32297259 5629769 -1425
32297259 5629845 -1375
32297259 5629920 -1325
32297200 5629950 -1275
32297259 5629950 -1305
32297109 5629950 -1225
32297023 5629950 -1175
32297259 5629992 -1275
32297259 5630062 -1225
32297259 5630131 -1175
32297259 5630200 -1125
32297236 5630250 -1075
32297259 5630250 -1088
32297157 5630250 -1025
32297082 5630250 -975
32297012 5630250 -925
32297259 5630267 -1075
32297259 5630333 -1025
32297259 5630398 -975
32297259 5630464 -925
32297259 5630529 -875
32297210 5630550 -825
32297259 5630550 -859
32297144 5630550 -775
32297081 5630550 -725
32297023 5630550 -675
32296969 5630550 -625
32297259 5630594 -825
32297259 5630659 -775
32297259 5630724 -725
32297259 5630792 -675
32297249 5630850 -625
32297259 5630850 -632
32297187 5630850 -575
32297128 5630850 -525
32297073 5630850 -475
32297021 5630850 -425
32296973 5630850 -375
32297259 5630860 -625
32297259 5630926 -575
32297259 5630995 -525
32297259 5631067 -475
32297259 5631142 -425
32297203 5631150 -375
32297259 5631150 -419
32297144 5631150 -325
32297088 5631150 -275
32297035 5631150 -225
32296985 5631150 -175
32297259 5631211 -375
32297259 5631282 -325
32297259 5631356 -275
32297259 5631433 -225
32297206 5631450 -175
32297259 5631450 -214
32297143 5631450 -125
32297083 5631450 -75
32297025 5631450 -25
32296969 5631450 25
32297259 5631501 -175
32297259 5631566 -125
32297259 5631633 -75
32297259 5631701 -25
32297239 5631750 25
32297259 5631750 10
32297173 5631750 75
32297111 5631750 125
32297052 5631750 175
32296996 5631750 225
32297259 5631767 25
32297259 5631824 75
32297259 5631883 125
32297259 5631942 175
32297259 5632003 225
32297241 5632050 275
32297259 5632050 261
32297178 5632050 325
32297117 5632050 375
32297059 5632050 425
32297003 5632050 475
32297259 5632065 275
32297259 5632123 325
32297259 5632184 375
32297259 5632246 425
32297259 5632309 475
32297342 5623950 -2725
32297560 5623650 -2735
32297334 5623650 -2725
32297560 5623950 -2735
32297391 5624250 -2725
32297560 5624250 -2734
32297486 5624550 -2725
32297560 5624550 -2729
32297560 5624703 -2725
32297560 5624850 -2720
32297560 5625150 -2707
32297384 5625450 -2675
32297560 5625450 -2689
32297560 5625653 -2675
32297560 5625750 -2667
32297412 5626050 -2625
32297560 5626050 -2640
32297560 5626198 -2625
32297284 5626350 -2575
32297560 5626350 -2608
32297560 5626612 -2575
32297560 5626650 -2570
32297560 5626949 -2525
32297560 5626950 -2524
32297560 5627234 -2475
32297283 5627250 -2425
32297560 5627250 -2472
32297560 5627482 -2425
32297369 5627550 -2375
32297560 5627550 -2410
32297560 5627704 -2375
32297487 5627850 -2325
32297560 5627850 -2339
32297560 5627906 -2325
32297560 5628089 -2275
32297418 5628150 -2225
32297560 5628150 -2257
32297560 5628256 -2225
32297560 5628414 -2175
32297411 5628450 -2125
32297560 5628450 -2163
32297560 5628558 -2125
32297560 5628696 -2075
32297454 5628750 -2025
32297560 5628750 -2055
32297288 5628750 -1975
32297560 5628824 -2025
32297560 5628946 -1975
32297539 5629050 -1925
32297560 5629050 -1931
32297386 5629050 -1875
32297560 5629063 -1925
32297560 5629172 -1875
32297560 5629278 -1825
32297516 5629350 -1775
32297560 5629350 -1790
32297381 5629350 -1725
32297560 5629380 -1775
32297560 5629475 -1725
32297560 5629569 -1675
32297543 5629650 -1625
32297560 5629650 -1631
32297422 5629650 -1575
32297308 5629650 -1525
32297560 5629661 -1625
32297560 5629747 -1575
32297560 5629832 -1525
32297560 5629916 -1475
32297495 5629950 -1425
32297560 5629950 -1454
32297392 5629950 -1375
32297295 5629950 -1325
32297560 5629996 -1425
32297560 5630074 -1375
32297560 5630152 -1325
32297560 5630229 -1275
32297491 5630250 -1225
32297560 5630250 -1261
32297401 5630250 -1175
32297317 5630250 -1125
32297560 5630303 -1225
32297560 5630375 -1175
32297560 5630448 -1125
32297560 5630522 -1075
32297507 5630550 -1025
32297560 5630550 -1056
32297427 5630550 -975
32297351 5630550 -925
32297279 5630550 -875
32297560 5630593 -1025
32297560 5630663 -975
32297560 5630735 -925
32297560 5630807 -875
32297527 5630850 -825
32297560 5630850 -845
32297451 5630850 -775
32297380 5630850 -725
32297313 5630850 -675
32297560 5630878 -825
32297560 5630948 -775
32297560 5631019 -725
32297560 5631092 -675
32297542 5631150 -625
32297560 5631150 -636
32297468 5631150 -575
32297397 5631150 -525
32297329 5631150 -475
32297265 5631150 -425
32297560 5631165 -625
32297560 5631233 -575
32297560 5631304 -525
32297560 5631376 -475
32297559 5631450 -425
32297560 5631450 -425
32297483 5631450 -375
32297410 5631450 -325
32297340 5631450 -275
32297272 5631450 -225
32297560 5631450 -425
32297560 5631515 -375
32297560 5631581 -325
32297560 5631648 -275
32297560 5631717 -225
32297519 5631750 -175
32297560 5631750 -201
32297445 5631750 -125
32297373 5631750 -75
32297305 5631750 -25
32297560 5631782 -175
32297560 5631843 -125
32297560 5631905 -75
32297560 5631968 -25
32297560 5632032 25
32297506 5632050 75
32297560 5632050 38
32297436 5632050 125
32297369 5632050 175
32297305 5632050 225
32297560 5632094 75
32297560 5632156 125
32297560 5632220 175
32297560 5632286 225
32297556 5632350 275
32297560 5632350 272
32297487 5632350 325
32297420 5632350 375
32297356 5632350 425
32297295 5632350 475
32297560 5632353 275
32297560 5632417 325
32297560 5632481 375
32297560 5632546 425
32297560 5632611 475
32297861 5623650 -2744
32297861 5623950 -2745
32297861 5624250 -2745
32297861 5624550 -2741
32297650 5624850 -2725
32297861 5624850 -2734
32297861 5625128 -2725
32297861 5625150 -2724
32297861 5625450 -2709
32297653 5625750 -2675
32297861 5625750 -2690
32297861 5625954 -2675
32297861 5626050 -2667
32297720 5626350 -2625
32297861 5626350 -2639
32297861 5626477 -2625
32297601 5626650 -2575
32297861 5626650 -2605
32297861 5626878 -2575
32297560 5626950 -2525
32297861 5626950 -2565
32297861 5627206 -2525
32297577 5627250 -2475
32297861 5627250 -2518
32297861 5627484 -2475
32297639 5627550 -2425
32297861 5627550 -2462
32297861 5627727 -2425
32297738 5627850 -2375
32297861 5627850 -2398
32297861 5627944 -2375
32297861 5628143 -2325
32297636 5628150 -2275
32297861 5628150 -2323
32297861 5628319 -2275
32297811 5628450 -2225
32297861 5628450 -2236
32297605 5628450 -2175
32297861 5628486 -2225
32297861 5628638 -2175
32297814 5628750 -2125
32297861 5628750 -2137
32297630 5628750 -2075
32297861 5628783 -2125
32297861 5628916 -2075
32297861 5629046 -2025
32297698 5629050 -1975
32297861 5629050 -2023
32297861 5629164 -1975
32297861 5629280 -1925
32297801 5629350 -1875
32297861 5629350 -1894
32297655 5629350 -1825
32297861 5629391 -1875
32297861 5629495 -1825
32297861 5629597 -1775
32297795 5629650 -1725
32297861 5629650 -1749
32297666 5629650 -1675
32297861 5629695 -1725
32297861 5629789 -1675
32297861 5629881 -1625
32297830 5629950 -1575
32297861 5629950 -1587
32297713 5629950 -1525
32297602 5629950 -1475
32297861 5629971 -1575
32297861 5630057 -1525
32297861 5630141 -1475
32297861 5630226 -1425
32297783 5630250 -1375
32297861 5630250 -1411
32297681 5630250 -1325
32297585 5630250 -1275
32297861 5630306 -1375
32297861 5630386 -1325
32297861 5630465 -1275
32297861 5630544 -1225
32297770 5630550 -1175
32297861 5630550 -1221
32297678 5630550 -1125
32297591 5630550 -1075
32297861 5630619 -1175
32297861 5630695 -1125
32297861 5630771 -1075
32297861 5630848 -1025
32297773 5630850 -975
32297861 5630850 -1023
32297687 5630850 -925
32297605 5630850 -875
32297861 5630919 -975
32297861 5630992 -925
32297861 5631066 -875
32297861 5631141 -825
32297783 5631150 -775
32297861 5631150 -819
32297699 5631150 -725
32297619 5631150 -675
32297861 5631211 -775
32297861 5631282 -725
32297861 5631354 -675
32297861 5631427 -625
32297800 5631450 -575
32297861 5631450 -609
32297717 5631450 -525
32297636 5631450 -475
32297861 5631496 -575
32297861 5631563 -525
32297861 5631632 -475
32297861 5631702 -425
32297832 5631750 -375
32297861 5631750 -391
32297749 5631750 -325
32297670 5631750 -275
32297594 5631750 -225
32297861 5631771 -375
32297861 5631836 -325
32297861 5631901 -275
32297861 5631969 -225
32297861 5632038 -175
32297795 5632050 -125
32297861 5632050 -166
32297719 5632050 -75
32297646 5632050 -25
32297577 5632050 25
32297861 5632103 -125
32297861 5632168 -75
32297861 5632236 -25
32297861 5632305 25
32297832 5632350 75
32297861 5632350 55
32297758 5632350 125
32297688 5632350 175
32297621 5632350 225
32297861 5632374 75
32297861 5632438 125
32297861 5632503 175
32297861 5632569 225
32297861 5632636 275
32297803 5632650 325
32297861 5632650 285
32297732 5632650 375
32297664 5632650 425
32297598 5632650 475
32297861 5632692 325
32297861 5632746 375
32297861 5632800 425
32297861 5632854 475
32298162 5623650 -2748
32298162 5623950 -2749
32298162 5624250 -2749
32298162 5624550 -2748
32298162 5624850 -2743
32297882 5625150 -2725
32298162 5625150 -2735
32298162 5625417 -2725
32298162 5625450 -2723
32298162 5625750 -2708
32297965 5626050 -2675
32298162 5626050 -2688
32298162 5626225 -2675
32298162 5626350 -2664
32298054 5626650 -2625
32298162 5626650 -2635
32298162 5626742 -2625
32297942 5626950 -2575
32298162 5626950 -2600
32298162 5627134 -2575
32297911 5627250 -2525
32298162 5627250 -2558
32298162 5627455 -2525
32297939 5627550 -2475
32298162 5627550 -2509
32298162 5627727 -2475
32298011 5627850 -2425
32298162 5627850 -2450
32298162 5627966 -2425
32298120 5628150 -2375
32298162 5628150 -2382
32297869 5628150 -2325
32298162 5628181 -2375
32298162 5628372 -2325
32298029 5628450 -2275
32298162 5628450 -2304
32298162 5628547 -2275
32298162 5628711 -2225
32298007 5628750 -2175
32298162 5628750 -2213
32298162 5628860 -2175
32298162 5629004 -2125
32298039 5629050 -2075
32298162 5629050 -2108
32297865 5629050 -2025
32298162 5629136 -2075
32298162 5629262 -2025
32298112 5629350 -1975
32298162 5629350 -1989
32297953 5629350 -1925
32298162 5629384 -1975
32298162 5629497 -1925
32298162 5629608 -1875
32298070 5629650 -1825
32298162 5629650 -1856
32297930 5629650 -1775
32298162 5629713 -1825
32298162 5629814 -1775
32298162 5629914 -1725
32298077 5629950 -1675
32298162 5629950 -1707
32297950 5629950 -1625
32298162 5630009 -1675
32298162 5630101 -1625
32298162 5630192 -1575
32298117 5630250 -1525
32298162 5630250 -1543
32298001 5630250 -1475
32297891 5630250 -1425
32298162 5630281 -1525
32298162 5630365 -1475
32298162 5630450 -1425
32298162 5630535 -1375
32298071 5630550 -1325
32298162 5630550 -1366
32297967 5630550 -1275
32297867 5630550 -1225
32298162 5630615 -1325
32298162 5630694 -1275
32298162 5630774 -1225
32298156 5630850 -1175
32298162 5630850 -1177
32298054 5630850 -1125
32297956 5630850 -1075
32297863 5630850 -1025
32298162 5630854 -1175
32298162 5630928 -1125
32298162 5631004 -1075
32298162 5631080 -1025
32298152 5631150 -975
32298162 5631150 -979
32298054 5631150 -925
32297960 5631150 -875
32297870 5631150 -825
32298162 5631156 -975
32298162 5631227 -925
32298162 5631299 -875
32298162 5631373 -825
32298162 5631447 -775
32298069 5631450 -725
32298162 5631450 -773
32297976 5631450 -675
32297887 5631450 -625
32298162 5631515 -725
32298162 5631584 -675
32298162 5631654 -625
32298162 5631726 -575
32298098 5631750 -525
32298162 5631750 -558
32298006 5631750 -475
32297918 5631750 -425
32298162 5631793 -525
32298162 5631860 -475
32298162 5631927 -425
32298162 5631997 -375
32298138 5632050 -325
32298162 5632050 -337
32298047 5632050 -275
32297959 5632050 -225
32297875 5632050 -175
32298162 5632065 -325
32298162 5632130 -275
32298162 5632195 -225
32298162 5632263 -175
32298162 5632332 -125
32298091 5632350 -75
32298162 5632350 -112
32298000 5632350 -25
32297913 5632350 25
32298162 5632396 -75
32298162 5632457 -25
32298162 5632520 25
32298162 5632584 75
32298162 5632649 125
32298063 5632650 175
32298162 5632650 125
32297968 5632650 225
32297879 5632650 275
32298162 5632704 175
32298162 5632759 225
32298162 5632814 275
32298162 5632869 325
32298162 5632925 375
32298107 5632950 425
32298162 5632950 397
32298013 5632950 475
32298162 5632978 425
32298162 5633030 475
32298463 5623650 -2749
32298463 5623950 -2749
32298463 5624250 -2749
32298463 5624550 -2749
32298463 5624850 -2747
32298463 5625150 -2742
32298200 5625450 -2725
32298463 5625450 -2733
32298463 5625667 -2725
32298463 5625750 -2721
32298463 5626050 -2705
32298304 5626350 -2675
32298463 5626350 -2686
32298463 5626486 -2675
32298463 5626650 -2661
32298401 5626950 -2625
32298463 5626950 -2631
32298463 5627001 -2625
32298297 5627250 -2575
32298463 5627250 -2594
32298463 5627386 -2575
32298274 5627550 -2525
32298463 5627550 -2550
32298463 5627701 -2525
32298310 5627850 -2475
32298463 5627850 -2498
32298463 5627968 -2475
32298391 5628150 -2425
32298463 5628150 -2437
32298463 5628204 -2425
32298463 5628413 -2375
32298261 5628450 -2325
32298463 5628450 -2365
32298463 5628599 -2325
32298428 5628750 -2275
32298463 5628750 -2282
32298212 5628750 -2225
32298463 5628775 -2275
32298463 5628932 -2225
32298415 5629050 -2175
32298463 5629050 -2187
32298222 5629050 -2125
32298463 5629083 -2175
32298463 5629221 -2125
32298453 5629350 -2075
32298463 5629350 -2077
32298279 5629350 -2025
32298463 5629356 -2075
32298463 5629479 -2025
32298463 5629599 -1975
32298370 5629650 -1925
32298463 5629650 -1954
32298217 5629650 -1875
32298463 5629713 -1925
32298463 5629822 -1875
32298463 5629930 -1825
32298346 5629950 -1775
32298463 5629950 -1815
32298209 5629950 -1725
32298463 5630030 -1775
32298463 5630128 -1725
32298463 5630226 -1675
32298364 5630250 -1625
32298463 5630250 -1662
32298238 5630250 -1575
32298463 5630317 -1625
32298463 5630407 -1575
32298463 5630497 -1525
32298413 5630550 -1475
32298463 5630550 -1495
32298294 5630550 -1425
32298181 5630550 -1375
32298463 5630583 -1475
32298463 5630666 -1425
32298463 5630750 -1375
32298463 5630833 -1325
32298371 5630850 -1275
32298463 5630850 -1315
32298261 5630850 -1225
32298463 5630912 -1275
32298463 5630989 -1225
32298463 5631067 -1175
32298463 5631146 -1125
32298358 5631150 -1075
32298463 5631150 -1123
32298253 5631150 -1025
32298463 5631219 -1075
32298463 5631292 -1025
32298463 5631367 -975
32298463 5631442 -925
32298368 5631450 -875
32298463 5631450 -919
32298265 5631450 -825
32298165 5631450 -775
32298463 5631511 -875
32298463 5631581 -825
32298463 5631651 -775
32298463 5631723 -725
32298397 5631750 -675
32298463 5631750 -706
32298294 5631750 -625
32298194 5631750 -575
32298463 5631790 -675
32298463 5631857 -625
32298463 5631924 -575
32298463 5631992 -525
32298445 5632050 -475
32298463 5632050 -483
32298339 5632050 -425
32298237 5632050 -375
32298463 5632060 -475
32298463 5632123 -425
32298463 5632187 -375
32298463 5632252 -325
32298463 5632318 -275
32298405 5632350 -225
32298463 5632350 -251
32298295 5632350 -175
32298188 5632350 -125
32298463 5632381 -225
32298463 5632440 -175
32298463 5632500 -125
32298463 5632561 -75
32298463 5632622 -25
32298396 5632650 25
32298463 5632650 -3
32298279 5632650 75
32298163 5632650 125
32298463 5632681 25
32298463 5632737 75
32298463 5632793 125
32298463 5632849 175
32298463 5632905 225
32298438 5632950 275
32298463 5632950 264
32298323 5632950 325
32298211 5632950 375
32298463 5632961 275
32298463 5633015 325
32298463 5633069 375
32298463 5633123 425
32298463 5633176 475
32298765 5623650 -2749
32298765 5623950 -2749
32298765 5624250 -2749
32298765 5624550 -2750
32298765 5624850 -2749
32298765 5625150 -2746
32298765 5625450 -2740
32298563 5625750 -2725
32298765 5625750 -2731
32298765 5625914 -2725
32298765 5626050 -2719
32298765 5626350 -2703
32298648 5626650 -2675
32298765 5626650 -2683
32298765 5626749 -2675
32298765 5626950 -2657
32298750 5627250 -2625
32298765 5627250 -2626
32298765 5627261 -2625
32298655 5627550 -2575
32298765 5627550 -2588
32298765 5627638 -2575
32298642 5627850 -2525
32298765 5627850 -2542
32298765 5627946 -2525
32298687 5628150 -2475
32298765 5628150 -2487
32298765 5628209 -2475
32298765 5628440 -2425
32298509 5628450 -2375
32298765 5628450 -2422
32298765 5628640 -2375
32298658 5628750 -2325
32298765 5628750 -2347
32298765 5628826 -2325
32298765 5628997 -2275
32298618 5629050 -2225
32298765 5629050 -2259
32298765 5629153 -2225
32298765 5629301 -2175
32298636 5629350 -2125
32298765 5629350 -2158
32298765 5629438 -2125
32298765 5629569 -2075
32298699 5629650 -2025
32298765 5629650 -2043
32298531 5629650 -1975
32298765 5629694 -2025
32298765 5629810 -1975
32298765 5629926 -1925
32298640 5629950 -1875
32298765 5629950 -1914
32298490 5629950 -1825
32298765 5630033 -1875
32298765 5630138 -1825
32298765 5630242 -1775
32298633 5630250 -1725
32298765 5630250 -1771
32298496 5630250 -1675
32298765 5630337 -1725
32298765 5630432 -1675
32298765 5630526 -1625
32298664 5630550 -1575
32298765 5630550 -1612
32298536 5630550 -1525
32298765 5630615 -1575
32298765 5630702 -1525
32298765 5630789 -1475
32298726 5630850 -1425
32298765 5630850 -1440
32298604 5630850 -1375
32298486 5630850 -1325
32298765 5630874 -1425
32298765 5630954 -1375
32298765 5631034 -1325
32298765 5631115 -1275
32298696 5631150 -1225
32298765 5631150 -1253
32298580 5631150 -1175
32298468 5631150 -1125
32298765 5631192 -1225
32298765 5631267 -1175
32298765 5631342 -1125
32298765 5631418 -1075
32298697 5631450 -1025
32298765 5631450 -1054
32298584 5631450 -975
32298474 5631450 -925
32298765 5631490 -1025
32298765 5631560 -975
32298765 5631630 -925
32298765 5631702 -875
32298726 5631750 -825
32298765 5631750 -841
32298613 5631750 -775
32298504 5631750 -725
32298765 5631772 -825
32298765 5631837 -775
32298765 5631904 -725
32298765 5631971 -675
32298765 5632039 -625
32298668 5632050 -575
32298765 5632050 -617
32298555 5632050 -525
32298765 5632102 -575
32298765 5632164 -525
32298765 5632227 -475
32298765 5632291 -425
32298753 5632350 -375
32298765 5632350 -379
32298635 5632350 -325
32298519 5632350 -275
32298765 5632355 -375
32298765 5632414 -325
32298765 5632473 -275
32298765 5632532 -225
32298765 5632592 -175
32298759 5632650 -125
32298765 5632650 -127
32298638 5632650 -75
32298516 5632650 -25
32298765 5632652 -125
32298765 5632708 -75
32298765 5632764 -25
32298765 5632820 25
32298765 5632876 75
32298765 5632933 125
32298679 5632950 175
32298765 5632950 139
32298558 5632950 225
32298765 5632988 175
32298765 5633043 225
32298765 5633098 275
32298765 5633153 325
32298765 5633208 375
32298736 5633250 425
32298765 5633250 413
32298620 5633250 475
32298765 5633263 425
32298765 5633318 475
32299066 5623650 -2749
32299066 5623950 -2749
32299066 5624250 -2749
32299066 5624550 -2750
32299066 5624850 -2749
32299066 5625150 -2748
32299066 5625450 -2744
32299066 5625750 -2738
32298920 5626050 -2725
32299066 5626050 -2730
32299066 5626175 -2725
32299066 5626350 -2717
32299066 5626650 -2701
32298988 5626950 -2675
32299066 5626950 -2680
32299066 5627017 -2675
32299066 5627250 -2654
32299066 5627519 -2625
32299066 5627550 -2621
32299015 5627850 -2575
32299066 5627850 -2581
32299066 5627890 -2575
32299012 5628150 -2525
32299066 5628150 -2532
32299066 5628191 -2525
32299066 5628448 -2475
32298777 5628450 -2425
32299066 5628450 -2474
32299066 5628668 -2425
32298904 5628750 -2375
32299066 5628750 -2406
32299066 5628867 -2375
32299062 5629050 -2325
32299066 5629050 -2325
32298834 5629050 -2275
32299066 5629052 -2325
32299066 5629215 -2275
32299033 5629350 -2225
32299066 5629350 -2232
32298829 5629350 -2175
32299066 5629372 -2225
32299066 5629514 -2175
32299060 5629650 -2125
32299066 5629650 -2126
32298875 5629650 -2075
32299066 5629653 -2125
32299066 5629778 -2075
32299066 5629902 -2025
32298960 5629950 -1975
32299066 5629950 -2005
32298797 5629950 -1925
32299066 5630019 -1975
32299066 5630130 -1925
32299066 5630240 -1875
32298924 5630250 -1825
32299066 5630250 -1870
32298776 5630250 -1775
32299066 5630341 -1825
32299066 5630441 -1775
32299066 5630541 -1725
32298935 5630550 -1675
32299066 5630550 -1720
32298797 5630550 -1625
32299066 5630632 -1675
32299066 5630723 -1625
32299066 5630814 -1575
32298984 5630850 -1525
32299066 5630850 -1555
32298853 5630850 -1475
32299066 5630900 -1525
32299066 5630983 -1475
32299066 5631066 -1425
32299066 5631150 -1375
32299066 5631150 -1375
32298939 5631150 -1325
32298816 5631150 -1275
32299066 5631150 -1375
32299066 5631226 -1325
32299066 5631303 -1275
32299066 5631380 -1225
32299054 5631450 -1175
32299066 5631450 -1179
32298932 5631450 -1125
32298813 5631450 -1075
32299066 5631456 -1175
32299066 5631527 -1125
32299066 5631599 -1075
32299066 5631670 -1025
32299066 5631743 -975
32298958 5631750 -925
32299066 5631750 -970
32298841 5631750 -875
32299066 5631809 -925
32299066 5631876 -875
32299066 5631943 -825
32299066 5632010 -775
32299016 5632050 -725
32299066 5632050 -746
32298898 5632050 -675
32298782 5632050 -625
32299066 5632076 -725
32299066 5632138 -675
32299066 5632201 -625
32299066 5632263 -575
32299066 5632327 -525
32298989 5632350 -475
32299066 5632350 -507
32298871 5632350 -425
32299066 5632387 -475
32299066 5632446 -425
32299066 5632505 -375
32299066 5632564 -325
32299066 5632624 -275
32298998 5632650 -225
32299066 5632650 -253
32298879 5632650 -175
32299066 5632681 -225
32299066 5632738 -175
32299066 5632794 -125
32299066 5632850 -75
32299066 5632907 -25
32299037 5632950 25
32299066 5632950 12
32298919 5632950 75
32298800 5632950 125
32299066 5632963 25
32299066 5633018 75
32299066 5633074 125
32299066 5633129 175
32299066 5633185 225
32299066 5633241 275
32298967 5633250 325
32299066 5633250 282
32298852 5633250 375
32299066 5633298 325
32299066 5633355 375
32299066 5633412 425
32299066 5633469 475
32299367 5623650 -2748
32299367 5623950 -2748
32299367 5624250 -2749
32299367 5624550 -2749
32299367 5624850 -2750
32299367 5625150 -2749
32299367 5625450 -2747
32299367 5625750 -2744
32299367 5626050 -2738
32299252 5626350 -2725
32299367 5626350 -2729
32299367 5626456 -2725
32299367 5626650 -2716
32299367 5626950 -2700
32299320 5627250 -2675
32299367 5627250 -2678
32299367 5627290 -2675
32299100 5627550 -2625
32299367 5627550 -2650
32299367 5627776 -2625
32299367 5627850 -2616
32299367 5628141 -2575
32299367 5628150 -2573
32299367 5628432 -2525
32299067 5628450 -2475
32299367 5628450 -2521
32299367 5628678 -2475
32299169 5628750 -2425
32299367 5628750 -2459
32299367 5628894 -2425
32299307 5629050 -2375
32299367 5629050 -2386
32299367 5629091 -2375
32299367 5629267 -2325
32299249 5629350 -2275
32299367 5629350 -2301
32299367 5629430 -2275
32299367 5629582 -2225
32299255 5629650 -2175
32299367 5629650 -2202
32299367 5629723 -2175
32299367 5629857 -2125
32299312 5629950 -2075
32299367 5629950 -2089
32299132 5629950 -2025
32299367 5629985 -2075
32299367 5630103 -2025
32299367 5630221 -1975
32299241 5630250 -1925
32299367 5630250 -1962
32299079 5630250 -1875
32299367 5630329 -1925
32299367 5630435 -1875
32299367 5630540 -1825
32299227 5630550 -1775
32299367 5630550 -1820
32299079 5630550 -1725
32299367 5630636 -1775
32299367 5630731 -1725
32299367 5630826 -1675
32299259 5630850 -1625
32299367 5630850 -1662
32299120 5630850 -1575
32299367 5630914 -1625
32299367 5631001 -1575
32299367 5631087 -1525
32299329 5631150 -1475
32299367 5631150 -1488
32299195 5631150 -1425
32299367 5631172 -1475
32299367 5631251 -1425
32299367 5631330 -1375
32299367 5631409 -1325
32299304 5631450 -1275
32299367 5631450 -1299
32299177 5631450 -1225
32299367 5631485 -1275
32299367 5631558 -1225
32299367 5631631 -1175
32299367 5631705 -1125
32299319 5631750 -1075
32299367 5631750 -1094
32299197 5631750 -1025
32299077 5631750 -975
32299367 5631776 -1075
32299367 5631844 -1025
32299367 5631911 -975
32299367 5631979 -925
32299367 5632048 -875
32299251 5632050 -825
32299367 5632050 -873
32299133 5632050 -775
32299367 5632111 -825
32299367 5632174 -775
32299367 5632238 -725
32299367 5632302 -675
32299338 5632350 -625
32299367 5632350 -637
32299222 5632350 -575
32299107 5632350 -525
32299367 5632364 -625
32299367 5632424 -575
32299367 5632484 -525
32299367 5632544 -475
32299367 5632604 -425
32299341 5632650 -375
32299367 5632650 -386
32299228 5632650 -325
32299115 5632650 -275
32299367 5632663 -375
32299367 5632720 -325
32299367 5632777 -275
32299367 5632835 -225
32299367 5632892 -175
32299367 5632949 -125
32299258 5632950 -75
32299367 5632950 -124
32299149 5632950 -25
32299367 5633006 -75
32299367 5633062 -25
32299367 5633119 25
32299367 5633176 75
32299367 5633233 125
32299292 5633250 175
32299367 5633250 139
32299187 5633250 225
32299081 5633250 275
32299367 5633291 175
32299367 5633349 225
32299367 5633407 275
32299367 5633465 325
32299367 5633523 375
32299311 5633550 425
32299367 5633550 397
32299209 5633550 475
32299367 5633582 425
32299367 5633641 475
32299668 5623650 -2748
32299668 5623950 -2748
32299668 5624250 -2748
32299668 5624550 -2749
32299668 5624850 -2750
32299668 5625150 -2750
32299668 5625450 -2749
32299668 5625750 -2747
32299668 5626050 -2744
32299668 5626350 -2738
32299561 5626650 -2725
32299668 5626650 -2729
32299668 5626753 -2725
32299668 5626950 -2716
32299668 5627250 -2699
32299649 5627550 -2675
32299668 5627550 -2676
32299668 5627566 -2675
32299449 5627850 -2625
32299668 5627850 -2647
32299668 5628032 -2625
32299377 5628150 -2575
32299668 5628150 -2610
32299668 5628382 -2575
32299388 5628450 -2525
32299668 5628450 -2564
32299668 5628664 -2525
32299457 5628750 -2475
32299668 5628750 -2508
32299668 5628904 -2475
32299572 5629050 -2425
32299668 5629050 -2442
32299668 5629117 -2425
32299668 5629307 -2375
32299479 5629350 -2325
32299668 5629350 -2363
32299668 5629478 -2325
32299668 5629641 -2275
32299462 5629650 -2225
32299668 5629650 -2272
32299668 5629786 -2225
32299668 5629928 -2175
32299501 5629950 -2125
32299668 5629950 -2167
32299668 5630057 -2125
32299668 5630182 -2075
32299585 5630250 -2025
32299668 5630250 -2047
32299409 5630250 -1975
32299668 5630301 -2025
32299668 5630413 -1975
32299668 5630524 -1925
32299542 5630550 -1875
32299668 5630550 -1913
32299382 5630550 -1825
32299668 5630626 -1875
32299668 5630726 -1825
32299668 5630826 -1775
32299552 5630850 -1725
32299668 5630850 -1763
32299403 5630850 -1675
32299668 5630919 -1725
32299668 5631009 -1675
32299668 5631099 -1625
32299605 5631150 -1575
32299668 5631150 -1597
32299465 5631150 -1525
32299668 5631186 -1575
32299668 5631268 -1525
32299668 5631350 -1475
32299668 5631433 -1425
32299563 5631450 -1375
32299668 5631450 -1414
32299432 5631450 -1325
32299668 5631509 -1375
32299668 5631585 -1325
32299668 5631660 -1275
32299668 5631736 -1225
32299565 5631750 -1175
32299668 5631750 -1215
32299441 5631750 -1125
32299668 5631807 -1175
32299668 5631877 -1125
32299668 5631946 -1075
32299668 5632016 -1025
32299606 5632050 -975
32299668 5632050 -1001
32299487 5632050 -925
32299370 5632050 -875
32299668 5632084 -975
32299668 5632149 -925
32299668 5632214 -875
32299668 5632279 -825
32299668 5632344 -775
32299564 5632350 -725
32299668 5632350 -770
32299451 5632350 -675
32299668 5632406 -725
32299668 5632467 -675
32299668 5632529 -625
32299668 5632590 -575
32299664 5632650 -525
32299668 5632650 -526
32299556 5632650 -475
32299449 5632650 -425
32299668 5632652 -525
32299668 5632711 -475
32299668 5632770 -425
32299668 5632829 -375
32299668 5632888 -325
32299668 5632947 -275
32299570 5632950 -225
32299668 5632950 -272
32299469 5632950 -175
32299367 5632950 -125
32299668 5633005 -225
32299668 5633063 -175
32299668 5633122 -125
32299668 5633180 -75
32299668 5633238 -25
32299590 5633250 25
32299668 5633250 -15
32299492 5633250 75
32299395 5633250 125
32299668 5633297 25
32299668 5633356 75
32299668 5633415 125
32299668 5633474 175
32299668 5633533 225
32299600 5633550 275
32299668 5633550 238
32299505 5633550 325
32299410 5633550 375
32299668 5633593 275
32299668 5633653 325
32299668 5633713 375
32299668 5633773 425
32299668 5633833 475
32299969 5623650 -2748
32299969 5623950 -2748
32299969 5624250 -2748
32299969 5624550 -2749
32299969 5624850 -2749
32299969 5625150 -2750
32299969 5625450 -2750
32299969 5625750 -2749
32299969 5626050 -2747
32299969 5626350 -2744
32299969 5626650 -2738
32299861 5626950 -2725
32299969 5626950 -2729
32299969 5627056 -2725
32299969 5627250 -2716
32299969 5627550 -2698
32299969 5627838 -2675
32299969 5627850 -2674
32299803 5628150 -2625
32299969 5628150 -2642
32299969 5628283 -2625
32299749 5628450 -2575
32299969 5628450 -2602
32299969 5628619 -2575
32299775 5628750 -2525
32299969 5628750 -2553
32299969 5628891 -2525
32299861 5629050 -2475
32299969 5629050 -2492
32299969 5629125 -2475
32299969 5629333 -2425
32299726 5629350 -2375
32299969 5629350 -2421
32299969 5629514 -2375
32299914 5629650 -2325
32299969 5629650 -2336
32299680 5629650 -2275
32299969 5629685 -2325
32299969 5629839 -2275
32299910 5629950 -2225
32299969 5629950 -2238
32299700 5629950 -2175
32299969 5629987 -2225
32299969 5630121 -2175
32299962 5630250 -2125
32299969 5630250 -2126
32299770 5630250 -2075
32299969 5630254 -2125
32299969 5630373 -2075
32299969 5630491 -2025
32299880 5630550 -1975
32299969 5630550 -2000
32299708 5630550 -1925
32299969 5630603 -1975
32299969 5630709 -1925
32299969 5630814 -1875
32299863 5630850 -1825
32299969 5630850 -1857
32299705 5630850 -1775
32299969 5630912 -1825
32299969 5631007 -1775
32299969 5631102 -1725
32299896 5631150 -1675
32299969 5631150 -1699
32299749 5631150 -1625
32299969 5631192 -1675
32299969 5631278 -1625
32299969 5631364 -1575
32299969 5631450 -1525
32299969 5631450 -1525
32299831 5631450 -1475
32299696 5631450 -1425
32299969 5631450 -1525
32299969 5631529 -1475
32299969 5631607 -1425
32299969 5631686 -1375
32299945 5631750 -1325
32299969 5631750 -1334
32299817 5631750 -1275
32299691 5631750 -1225
32299969 5631763 -1325
32299969 5631836 -1275
32299969 5631909 -1225
32299969 5631981 -1175
32299963 5632050 -1125
32299969 5632050 -1127
32299843 5632050 -1075
32299724 5632050 -1025
32299969 5632053 -1125
32299969 5632121 -1075
32299969 5632189 -1025
32299969 5632256 -975
32299969 5632324 -925
32299900 5632350 -875
32299969 5632350 -906
32299788 5632350 -825
32299677 5632350 -775
32299969 5632389 -875
32299969 5632453 -825
32299969 5632517 -775
32299969 5632581 -725
32299969 5632645 -675
32299872 5632650 -625
32299969 5632650 -671
32299768 5632650 -575
32299969 5632706 -625
32299969 5632768 -575
32299969 5632829 -525
32299969 5632890 -475
32299966 5632950 -425
32299969 5632950 -426
32299868 5632950 -375
32299770 5632950 -325
32299672 5632950 -275
32299969 5632952 -425
32299969 5633012 -375
32299969 5633072 -325
32299969 5633132 -275
32299969 5633192 -225
32299964 5633250 -175
32299969 5633250 -177
32299871 5633250 -125
32299779 5633250 -75
32299686 5633250 -25
32299969 5633253 -175
32299969 5633313 -125
32299969 5633373 -75
32299969 5633433 -25
32299969 5633494 25
32299962 5633550 75
32299969 5633550 71
32299873 5633550 125
32299783 5633550 175
32299693 5633550 225
32299969 5633554 75
32299969 5633615 125
32299969 5633676 175
32299969 5633736 225
32299969 5633797 275
32299957 5633850 325
32299969 5633850 318
32299869 5633850 375
32299781 5633850 425
32299693 5633850 475
32299969 5633858 325
32299969 5633919 375
32299969 5633980 425
32299969 5634040 475
32300271 5623650 -2748
32300271 5623950 -2748
32300271 5624250 -2748
32300271 5624550 -2749
32300271 5624850 -2749
32300271 5625150 -2750
32300271 5625450 -2750
32300271 5625750 -2750
32300271 5626050 -2749
32300271 5626350 -2748
32300271 5626650 -2745
32300271 5626950 -2739
32300160 5627250 -2725
32300271 5627250 -2729
32300271 5627357 -2725
32300271 5627550 -2716
32299981 5627850 -2675
32300271 5627850 -2696
32300271 5628101 -2675
32300271 5628150 -2670
32300167 5628450 -2625
32300271 5628450 -2636
32300271 5628528 -2625
32300134 5628750 -2575
32300271 5628750 -2592
32300271 5628848 -2575
32300180 5629050 -2525
32300271 5629050 -2538
32300271 5629112 -2525
32300271 5629340 -2475
32299992 5629350 -2425
32300271 5629350 -2472
32300271 5629535 -2425
32300165 5629650 -2375
32300271 5629650 -2395
32300271 5629717 -2375
32300271 5629882 -2325
32300133 5629950 -2275
32300271 5629950 -2304
32300271 5630035 -2275
32300271 5630179 -2225
32300166 5630250 -2175
32300271 5630250 -2200
32300271 5630313 -2175
32300271 5630440 -2125
32300247 5630550 -2075
32300271 5630550 -2081
32300060 5630550 -2025
32300271 5630563 -2075
32300271 5630676 -2025
32300271 5630787 -1975
32300195 5630850 -1925
32300271 5630850 -1946
32300026 5630850 -1875
32300271 5630894 -1925
32300271 5630994 -1875
32300271 5631094 -1825
32300201 5631150 -1775
32300271 5631150 -1797
32300046 5631150 -1725
32300271 5631190 -1775
32300271 5631281 -1725
32300271 5631371 -1675
32300252 5631450 -1625
32300271 5631450 -1631
32300109 5631450 -1575
32300271 5631460 -1625
32300271 5631543 -1575
32300271 5631625 -1525
32300271 5631708 -1475
32300205 5631750 -1425
32300271 5631750 -1449
32300074 5631750 -1375
32300271 5631787 -1425
32300271 5631863 -1375
32300271 5631939 -1325
32300271 5632015 -1275
32300204 5632050 -1225
32300271 5632050 -1252
32300083 5632050 -1175
32300271 5632088 -1225
32300271 5632159 -1175
32300271 5632230 -1125
32300271 5632300 -1075
32300236 5632350 -1025
32300271 5632350 -1040
32300123 5632350 -975
32300011 5632350 -925
32300271 5632370 -1025
32300271 5632437 -975
32300271 5632504 -925
32300271 5632571 -875
32300271 5632637 -825
32300185 5632650 -775
32300271 5632650 -815
32300081 5632650 -725
32299977 5632650 -675
32300271 5632702 -775
32300271 5632766 -725
32300271 5632830 -675
32300271 5632894 -625
32300257 5632950 -575
32300271 5632950 -581
32300160 5632950 -525
32300063 5632950 -475
32300271 5632958 -575
32300271 5633021 -525
32300271 5633083 -475
32300271 5633146 -425
32300271 5633208 -375
32300239 5633250 -325
32300271 5633250 -342
32300147 5633250 -275
32300056 5633250 -225
32300271 5633271 -325
32300271 5633333 -275
32300271 5633395 -225
32300271 5633457 -175
32300271 5633519 -125
32300226 5633550 -75
32300271 5633550 -100
32300138 5633550 -25
32300050 5633550 25
32300271 5633581 -75
32300271 5633643 -25
32300271 5633705 25
32300271 5633766 75
32300271 5633828 125
32300214 5633850 175
32300271 5633850 142
32300129 5633850 225
32300043 5633850 275
32300271 5633890 175
32300271 5633952 225
32300271 5634013 275
32300271 5634074 325
32300271 5634136 375
32300206 5634150 425
32300271 5634150 386
32300121 5634150 475
32300271 5634196 425
32300271 5634257 475
32300572 5623650 -2748
32300572 5623950 -2748
32300572 5624250 -2748
32300572 5624550 -2749
32300572 5624850 -2749
32300572 5625150 -2749
32300572 5625450 -2750
32300572 5625750 -2750
32300572 5626050 -2750
32300572 5626350 -2750
32300572 5626650 -2748
32300572 5626950 -2745
32300572 5627250 -2739
32300460 5627550 -2725
32300572 5627550 -2730
32300572 5627656 -2725
32300572 5627850 -2715
32300324 5628150 -2675
32300572 5628150 -2694
32300572 5628353 -2675
32300572 5628450 -2665
32300551 5628750 -2625
32300572 5628750 -2627
32300572 5628764 -2625
32300542 5629050 -2575
32300572 5629050 -2578
32300572 5629070 -2575
32300572 5629322 -2525
32300284 5629350 -2475
32300572 5629350 -2519
32300572 5629538 -2475
32300437 5629650 -2425
32300572 5629650 -2448
32300572 5629734 -2425
32300572 5629913 -2375
32300371 5629950 -2325
32300572 5629950 -2364
32300572 5630073 -2325
32300572 5630227 -2275
32300380 5630250 -2225
32300572 5630250 -2267
32300572 5630365 -2225
32300572 5630500 -2175
32300444 5630550 -2125
32300572 5630550 -2156
32300572 5630625 -2125
32300572 5630744 -2075
32300551 5630850 -2025
32300572 5630850 -2030
32300370 5630850 -1975
32300572 5630861 -2025
32300572 5630968 -1975
32300572 5631074 -1925
32300524 5631150 -1875
32300572 5631150 -1889
32300360 5631150 -1825
32300572 5631177 -1875
32300572 5631273 -1825
32300572 5631369 -1775
32300549 5631450 -1725
32300572 5631450 -1732
32300399 5631450 -1675
32300572 5631463 -1725
32300572 5631550 -1675
32300572 5631637 -1625
32300572 5631724 -1575
32300475 5631750 -1525
32300572 5631750 -1560
32300339 5631750 -1475
32300572 5631806 -1525
32300572 5631886 -1475
32300572 5631966 -1425
32300572 5632046 -1375
32300451 5632050 -1325
32300572 5632050 -1372
32300327 5632050 -1275
32300572 5632121 -1325
32300572 5632196 -1275
32300572 5632270 -1225
32300572 5632344 -1175
32300464 5632350 -1125
32300572 5632350 -1171
32300350 5632350 -1075
32300572 5632415 -1125
32300572 5632485 -1075
32300572 5632555 -1025
32300572 5632625 -975
32300502 5632650 -925
32300572 5632650 -957
32300395 5632650 -875
32300290 5632650 -825
32300572 5632693 -925
32300572 5632761 -875
32300572 5632828 -825
32300572 5632895 -775
32300553 5632950 -725
32300572 5632950 -734
32300454 5632950 -675
32300355 5632950 -625
32300572 5632962 -725
32300572 5633027 -675
32300572 5633092 -625
32300572 5633158 -575
32300572 5633223 -525
32300516 5633250 -475
32300572 5633250 -504
32300423 5633250 -425
32300331 5633250 -375
32300572 5633287 -475
32300572 5633352 -425
32300572 5633416 -375
32300572 5633480 -325
32300572 5633544 -275
32300490 5633550 -225
32300572 5633550 -270
32300402 5633550 -175
32300314 5633550 -125
32300572 5633608 -225
32300572 5633671 -175
32300572 5633734 -125
32300572 5633798 -75
32300556 5633850 -25
32300572 5633850 -34
32300470 5633850 25
32300385 5633850 75
32300300 5633850 125
32300572 5633861 -25
32300572 5633924 25
32300572 5633986 75
32300572 5634048 125
32300572 5634111 175
32300540 5634150 225
32300572 5634150 206
32300457 5634150 275
32300373 5634150 325
32300290 5634150 375
32300572 5634173 225
32300572 5634234 275
32300572 5634295 325
32300572 5634356 375
32300572 5634416 425
32300534 5634450 475
32300572 5634450 452
32300572 5634477 475
32300873 5623650 -2748
32300873 5623950 -2748
32300873 5624250 -2748
32300873 5624550 -2748
32300873 5624850 -2749
32300873 5625150 -2749
32300873 5625450 -2749
32300873 5625750 -2749
32300873 5626050 -2749
32300873 5626350 -2750
32300873 5626650 -2750
32300873 5626950 -2749
32300873 5627250 -2746
32300873 5627550 -2740
32300763 5627850 -2725
32300873 5627850 -2730
32300873 5627949 -2725
32300873 5628150 -2714
32300686 5628450 -2675
32300873 5628450 -2690
32300873 5628588 -2675
32300873 5628750 -2657
32300873 5628976 -2625
32300873 5629050 -2614
32300873 5629272 -2575
32300610 5629350 -2525
32300873 5629350 -2561
32300873 5629518 -2525
32300737 5629650 -2475
32300873 5629650 -2496
32300873 5629734 -2475
32300873 5629928 -2425
32300627 5629950 -2375
32300873 5629950 -2419
32300873 5630099 -2375
32300849 5630250 -2325
32300873 5630250 -2329
32300607 5630250 -2275
32300873 5630264 -2325
32300873 5630409 -2275
32300867 5630550 -2225
32300873 5630550 -2226
32300650 5630550 -2175
32300873 5630553 -2225
32300873 5630681 -2175
32300873 5630808 -2125
32300742 5630850 -2075
32300873 5630850 -2108
32300873 5630926 -2075
32300873 5631040 -2025
32300869 5631150 -1975
32300873 5631150 -1976
32300694 5631150 -1925
32300873 5631152 -1975
32300873 5631254 -1925
32300873 5631356 -1875
32300862 5631450 -1825
32300873 5631450 -1828
32300704 5631450 -1775
32300873 5631456 -1825
32300873 5631549 -1775
32300873 5631641 -1725
32300873 5631733 -1675
32300756 5631750 -1625
32300873 5631750 -1665
32300614 5631750 -1575
32300873 5631819 -1625
32300873 5631904 -1575
32300873 5631988 -1525
32300838 5632050 -1475
32300873 5632050 -1488
32300707 5632050 -1425
32300578 5632050 -1375
32300873 5632071 -1475
32300873 5632149 -1425
32300873 5632228 -1375
32300873 5632306 -1325
32300819 5632350 -1275
32300873 5632350 -1297
32300699 5632350 -1225
32300581 5632350 -1175
32300873 5632383 -1275
32300873 5632457 -1225
32300873 5632531 -1175
32300873 5632604 -1125
32300830 5632650 -1075
32300873 5632650 -1094
32300719 5632650 -1025
32300610 5632650 -975
32300873 5632677 -1075
32300873 5632747 -1025
32300873 5632818 -975
32300873 5632888 -925
32300860 5632950 -875
32300873 5632950 -881
32300757 5632950 -825
32300654 5632950 -775
32300873 5632958 -875
32300873 5633026 -825
32300873 5633095 -775
32300873 5633163 -725
32300873 5633231 -675
32300803 5633250 -625
32300873 5633250 -661
32300707 5633250 -575
32300611 5633250 -525
32300873 5633298 -625
32300873 5633364 -575
32300873 5633431 -525
32300873 5633497 -475
32300853 5633550 -425
32300873 5633550 -435
32300761 5633550 -375
32300670 5633550 -325
32300579 5633550 -275
32300873 5633564 -425
32300873 5633629 -375
32300873 5633694 -325
32300873 5633759 -275
32300873 5633825 -225
32300818 5633850 -175
32300873 5633850 -206
32300730 5633850 -125
32300643 5633850 -75
32300873 5633889 -175
32300873 5633953 -125
32300873 5634017 -75
32300873 5634081 -25
32300873 5634145 25
32300794 5634150 75
32300873 5634150 28
32300709 5634150 125
32300624 5634150 175
32300873 5634207 75
32300873 5634269 125
32300873 5634331 175
32300873 5634392 225
32300867 5634450 275
32300873 5634450 271
32300784 5634450 325
32300700 5634450 375
32300617 5634450 425
32300873 5634454 275
32300873 5634514 325
32300873 5634573 375
32300873 5634633 425
32300873 5634692 475
32301174 5623650 -2748
32301174 5623950 -2748
32301174 5624250 -2748
32301174 5624550 -2748
32301174 5624850 -2749
32301174 5625150 -2749
32301174 5625450 -2749
32301174 5625750 -2749
32301174 5626050 -2749
32301174 5626350 -2749
32301174 5626650 -2750
32301174 5626950 -2750
32301174 5627250 -2749
32301174 5627550 -2746
32301174 5627850 -2741
32301086 5628150 -2725
32301174 5628150 -2729
32301174 5628219 -2725
32301174 5628450 -2710
32301086 5628750 -2675
32301174 5628750 -2682
32301174 5628808 -2675
32300977 5629050 -2625
32301174 5629050 -2644
32301174 5629176 -2625
32300987 5629350 -2575
32301174 5629350 -2597
32301174 5629465 -2575
32301074 5629650 -2525
32301174 5629650 -2539
32301174 5629710 -2525
32301174 5629924 -2475
32300906 5629950 -2425
32301174 5629950 -2469
32301174 5630111 -2425
32301112 5630250 -2375
32301174 5630250 -2386
32301174 5630286 -2375
32301174 5630444 -2325
32301099 5630550 -2275
32301174 5630550 -2290
32301174 5630594 -2275
32301174 5630731 -2225
32301147 5630850 -2175
32301174 5630850 -2181
32300940 5630850 -2125
32301174 5630865 -2175
32301174 5630987 -2125
32301174 5631108 -2075
32301053 5631150 -2025
32301174 5631150 -2057
32301174 5631220 -2025
32301174 5631329 -1975
32301174 5631436 -1925
32301027 5631450 -1875
32301174 5631450 -1918
32301174 5631536 -1875
32301174 5631634 -1825
32301174 5631731 -1775
32301051 5631750 -1725
32301174 5631750 -1765
32300901 5631750 -1675
32301174 5631823 -1725
32301174 5631912 -1675
32301174 5632001 -1625
32301111 5632050 -1575
32301174 5632050 -1597
32300973 5632050 -1525
32301174 5632088 -1575
32301174 5632171 -1525
32301174 5632254 -1475
32301174 5632336 -1425
32301068 5632350 -1375
32301174 5632350 -1416
32300942 5632350 -1325
32301174 5632415 -1375
32301174 5632493 -1325
32301174 5632570 -1275
32301174 5632648 -1225
32301060 5632650 -1175
32301174 5632650 -1223
32300944 5632650 -1125
32301174 5632722 -1175
32301174 5632796 -1125
32301174 5632870 -1075
32301174 5632943 -1025
32301075 5632950 -975
32301174 5632950 -1020
32300967 5632950 -925
32301174 5633015 -975
32301174 5633086 -925
32301174 5633157 -875
32301174 5633227 -825
32301104 5633250 -775
32301174 5633250 -809
32301002 5633250 -725
32300901 5633250 -675
32301174 5633297 -775
32301174 5633366 -725
32301174 5633435 -675
32301174 5633504 -625
32301141 5633550 -575
32301174 5633550 -591
32301045 5633550 -525
32300948 5633550 -475
32301174 5633572 -575
32301174 5633640 -525
32301174 5633707 -475
32301174 5633774 -425
32301174 5633842 -375
32301092 5633850 -325
32301174 5633850 -369
32301000 5633850 -275
32300908 5633850 -225
32301174 5633907 -325
32301174 5633973 -275
32301174 5634038 -225
32301174 5634104 -175
32301147 5634150 -125
32301174 5634150 -140
32301058 5634150 -75
32300969 5634150 -25
32300880 5634150 25
32301174 5634169 -125
32301174 5634232 -75
32301174 5634295 -25
32301174 5634358 25
32301174 5634421 75
32301126 5634450 125
32301174 5634450 97
32301040 5634450 175
32300953 5634450 225
32301174 5634483 125
32301174 5634543 175
32301174 5634604 225
32301174 5634663 275
32301174 5634723 325
32301127 5634750 375
32301174 5634750 347
32301041 5634750 425
32300956 5634750 475
32301174 5634782 375
32301174 5634840 425
32301174 5634898 475
32301475 5623650 -2748
32301475 5623950 -2748
32301475 5624250 -2748
32301475 5624550 -2748
32301475 5624850 -2749
32301475 5625150 -2749
32301475 5625450 -2749
32301475 5625750 -2749
32301475 5626050 -2749
32301475 5626350 -2749
32301475 5626650 -2749
32301475 5626950 -2750
32301475 5627250 -2750
32301475 5627550 -2749
32301475 5627850 -2747
32301475 5628150 -2740
32301467 5628450 -2725
32301475 5628450 -2725
32301475 5628455 -2725
32301475 5628750 -2702
32301475 5629006 -2675
32301475 5629050 -2670
32301440 5629350 -2625
32301475 5629350 -2628
32301475 5629371 -2625
32301462 5629650 -2575
32301475 5629650 -2576
32301475 5629658 -2575
32301475 5629896 -2525
32301214 5629950 -2475
32301475 5629950 -2513
32301475 5630104 -2475
32301397 5630250 -2425
32301475 5630250 -2438
32301475 5630295 -2425
32301475 5630466 -2375
32301346 5630550 -2325
32301475 5630550 -2350
32301475 5630625 -2325
32301475 5630773 -2275
32301368 5630850 -2225
32301475 5630850 -2248
32301475 5630912 -2225
32301475 5631042 -2175
32301442 5631150 -2125
32301475 5631150 -2133
32301243 5631150 -2075
32301475 5631169 -2125
32301475 5631285 -2075
32301475 5631400 -2025
32301373 5631450 -1975
32301475 5631450 -2003
32301196 5631450 -1925
32301475 5631509 -1975
32301475 5631614 -1925
32301475 5631717 -1875
32301364 5631750 -1825
32301475 5631750 -1859
32301204 5631750 -1775
32301475 5631815 -1825
32301475 5631910 -1775
32301475 5632004 -1725
32301399 5632050 -1675
32301475 5632050 -1700
32301253 5632050 -1625
32301475 5632095 -1675
32301475 5632183 -1625
32301475 5632270 -1575
32301463 5632350 -1525
32301475 5632350 -1529
32301329 5632350 -1475
32301196 5632350 -1425
32301475 5632357 -1525
32301475 5632439 -1475
32301475 5632521 -1425
32301475 5632602 -1375
32301424 5632650 -1325
32301475 5632650 -1345
32301300 5632650 -1275
32301177 5632650 -1225
32301475 5632682 -1325
32301475 5632759 -1275
32301475 5632836 -1225
32301475 5632913 -1175
32301414 5632950 -1125
32301475 5632950 -1151
32301299 5632950 -1075
32301184 5632950 -1025
32301475 5632989 -1125
32301475 5633062 -1075
32301475 5633136 -1025
32301475 5633210 -975
32301425 5633250 -925
32301475 5633250 -948
32301316 5633250 -875
32301208 5633250 -825
32301475 5633282 -925
32301475 5633354 -875
32301475 5633425 -825
32301475 5633496 -775
32301450 5633550 -725
32301475 5633550 -737
32301346 5633550 -675
32301242 5633550 -625
32301475 5633567 -725
32301475 5633636 -675
32301475 5633705 -625
32301475 5633774 -575
32301475 5633843 -525
32301385 5633850 -475
32301475 5633850 -520
32301285 5633850 -425
32301186 5633850 -375
32301475 5633911 -475
32301475 5633978 -425
32301475 5634045 -375
32301475 5634112 -325
32301433 5634150 -275
32301475 5634150 -296
32301337 5634150 -225
32301241 5634150 -175
32301475 5634178 -275
32301475 5634243 -225
32301475 5634307 -175
32301475 5634372 -125
32301475 5634437 -75
32301401 5634450 -25
32301475 5634450 -65
32301308 5634450 25
32301216 5634450 75
32301475 5634499 -25
32301475 5634561 25
32301475 5634622 75
32301475 5634683 125
32301475 5634744 175
32301394 5634750 225
32301475 5634750 179
32301304 5634750 275
32301214 5634750 325
32301475 5634803 225
32301475 5634861 275
32301475 5634918 325
32301475 5634976 375
32301475 5635032 425
32301413 5635050 475
32301475 5635050 440
32301475 5635089 475
32301777 5623650 -2749
32301777 5623950 -2748
32301777 5624250 -2748
32301777 5624550 -2748
32301777 5624850 -2749
32301777 5625150 -2749
32301777 5625450 -2749
32301777 5625750 -2749
32301777 5626050 -2749
32301777 5626350 -2749
32301777 5626650 -2749
32301777 5626950 -2749
32301777 5627250 -2749
32301777 5627550 -2749
32301777 5627850 -2750
32301777 5628150 -2746
32301777 5628450 -2735
32301777 5628629 -2725
32301777 5628750 -2717
32301544 5629050 -2675
32301777 5629050 -2690
32301777 5629184 -2675
32301777 5629350 -2655
32301777 5629549 -2625
32301777 5629650 -2609
32301777 5629834 -2575
32301562 5629950 -2525
32301777 5629950 -2553
32301777 5630075 -2525
32301711 5630250 -2475
32301777 5630250 -2485
32301777 5630288 -2475
32301777 5630474 -2425
32301611 5630550 -2375
32301777 5630550 -2404
32301777 5630645 -2375
32301777 5630805 -2325
32301601 5630850 -2275
32301777 5630850 -2310
32301777 5630951 -2275
32301777 5631090 -2225
32301653 5631150 -2175
32301777 5631150 -2203
32301777 5631221 -2175
32301777 5631345 -2125
32301749 5631450 -2075
32301777 5631450 -2082
32301557 5631450 -2025
32301777 5631466 -2075
32301777 5631577 -2025
32301777 5631688 -1975
32301701 5631750 -1925
32301777 5631750 -1946
32301529 5631750 -1875
32301777 5631794 -1925
32301777 5631895 -1875
32301777 5631995 -1825
32301706 5632050 -1775
32301777 5632050 -1797
32301550 5632050 -1725
32301777 5632091 -1775
32301777 5632184 -1725
32301777 5632276 -1675
32301749 5632350 -1625
32301777 5632350 -1634
32301605 5632350 -1575
32301777 5632366 -1625
32301777 5632452 -1575
32301777 5632538 -1525
32301777 5632623 -1475
32301685 5632650 -1425
32301777 5632650 -1459
32301553 5632650 -1375
32301777 5632705 -1425
32301777 5632786 -1375
32301777 5632866 -1325
32301777 5632946 -1275
32301657 5632950 -1225
32301777 5632950 -1273
32301534 5632950 -1175
32301777 5633023 -1225
32301777 5633100 -1175
32301777 5633176 -1125
32301772 5633250 -1075
32301777 5633250 -1076
32301655 5633250 -1025
32301538 5633250 -975
32301777 5633252 -1075
32301777 5633326 -1025
32301777 5633399 -975
32301777 5633472 -925
32301777 5633545 -875
32301672 5633550 -825
32301777 5633550 -872
32301560 5633550 -775
32301777 5633616 -825
32301777 5633687 -775
32301777 5633757 -725
32301777 5633828 -675
32301702 5633850 -625
32301777 5633850 -659
32301594 5633850 -575
32301485 5633850 -525
32301777 5633897 -625
32301777 5633965 -575
32301777 5634033 -525
32301777 5634101 -475
32301746 5634150 -425
32301777 5634150 -439
32301641 5634150 -375
32301535 5634150 -325
32301777 5634169 -425
32301777 5634235 -375
32301777 5634300 -325
32301777 5634366 -275
32301777 5634431 -225
32301703 5634450 -175
32301777 5634450 -210
32301600 5634450 -125
32301496 5634450 -75
32301777 5634494 -175
32301777 5634557 -125
32301777 5634619 -75
32301777 5634682 -25
32301777 5634744 25
32301686 5634750 75
32301777 5634750 29
32301585 5634750 125
32301485 5634750 175
32301777 5634803 75
32301777 5634862 125
32301777 5634920 175
32301777 5634977 225
32301777 5635033 275
32301706 5635050 325
32301777 5635050 289
32301606 5635050 375
32301506 5635050 425
32301777 5635092 325
32301777 5635150 375
32301777 5635208 425
32301777 5635266 475
32302078 5623650 -2749
32302078 5623950 -2749
32302078 5624250 -2749
32302078 5624550 -2749
32302078 5624850 -2749
32302078 5625150 -2749
32302078 5625450 -2749
32302078 5625750 -2749
32302078 5626050 -2749
32302078 5626350 -2749
32302078 5626650 -2749
32302078 5626950 -2749
32302078 5627250 -2749
32302078 5627550 -2749
32302078 5627850 -2750
32302078 5628150 -2749
32302078 5628450 -2742
32301974 5628750 -2725
32302078 5628750 -2728
32302078 5628804 -2725
32302078 5629050 -2707
32302043 5629350 -2675
32302078 5629350 -2677
32302078 5629369 -2675
32301938 5629650 -2625
32302078 5629650 -2638
32302078 5629730 -2625
32301962 5629950 -2575
32302078 5629950 -2588
32302078 5630016 -2575
32302060 5630250 -2525
32302078 5630250 -2527
32302078 5630260 -2525
32302078 5630465 -2475
32301899 5630550 -2425
32302078 5630550 -2454
32302078 5630652 -2425
32302078 5630826 -2375
32301850 5630850 -2325
32302078 5630850 -2368
32302078 5630981 -2325
32302078 5631131 -2275
32301875 5631150 -2225
32302078 5631150 -2268
32302078 5631266 -2225
32302078 5631398 -2175
32301952 5631450 -2125
32302078 5631450 -2155
32302078 5631522 -2125
32302078 5631640 -2075
32302066 5631750 -2025
32302078 5631750 -2028
32301880 5631750 -1975
32302078 5631756 -2025
32302078 5631864 -1975
32302078 5631970 -1925
32302037 5632050 -1875
32302078 5632050 -1887
32301869 5632050 -1825
32302078 5632073 -1875
32302078 5632171 -1825
32302078 5632268 -1775
32302054 5632350 -1725
32302078 5632350 -1732
32301900 5632350 -1675
32302078 5632363 -1725
32302078 5632454 -1675
32302078 5632544 -1625
32302078 5632633 -1575
32301963 5632650 -1525
32302078 5632650 -1565
32301821 5632650 -1475
32302078 5632718 -1525
32302078 5632802 -1475
32302078 5632885 -1425
32302048 5632950 -1375
32302078 5632950 -1386
32301915 5632950 -1325
32301782 5632950 -1275
32302078 5632967 -1375
32302078 5633047 -1325
32302078 5633126 -1275
32302078 5633205 -1225
32302024 5633250 -1175
32302078 5633250 -1196
32301898 5633250 -1125
32302078 5633282 -1175
32302078 5633357 -1125
32302078 5633432 -1075
32302078 5633507 -1025
32302026 5633550 -975
32302078 5633550 -996
32301905 5633550 -925
32301784 5633550 -875
32302078 5633581 -975
32302078 5633653 -925
32302078 5633725 -875
32302078 5633797 -825
32302048 5633850 -775
32302078 5633850 -787
32301931 5633850 -725
32301813 5633850 -675
32302078 5633867 -775
32302078 5633937 -725
32302078 5634006 -675
32302078 5634075 -625
32302078 5634143 -575
32301975 5634150 -525
32302078 5634150 -570
32301859 5634150 -475
32302078 5634210 -525
32302078 5634276 -475
32302078 5634342 -425
32302078 5634407 -375
32302039 5634450 -325
32302078 5634450 -342
32301925 5634450 -275
32301810 5634450 -225
32302078 5634472 -325
32302078 5634535 -275
32302078 5634598 -225
32302078 5634659 -175
32302078 5634721 -125
32302019 5634750 -75
32302078 5634750 -101
32301906 5634750 -25
32301788 5634750 25
32302078 5634782 -75
32302078 5634842 -25
32302078 5634901 25
32302078 5634959 75
32302078 5635017 125
32302031 5635050 175
32302078 5635050 153
32301921 5635050 225
32301809 5635050 275
32302078 5635077 175
32302078 5635139 225
32302078 5635201 275
32302078 5635263 325
32302078 5635323 375
32302024 5635350 425
32302078 5635350 397
32301925 5635350 475
32302078 5635384 425
32302078 5635446 475
32302379 5623650 -2750
32302379 5623950 -2749
32302379 5624250 -2749
32302379 5624550 -2749
32302379 5624850 -2749
32302379 5625150 -2749
32302379 5625450 -2749
32302379 5625750 -2749
32302379 5626050 -2749
32302379 5626350 -2749
32302379 5626650 -2749
32302379 5626950 -2748
32302379 5627250 -2749
32302379 5627550 -2749
32302379 5627850 -2750
32302379 5628150 -2750
32302379 5628450 -2746
32302379 5628750 -2737
32302379 5628971 -2725
32302379 5629050 -2720
32302379 5629350 -2696
32302379 5629542 -2675
32302379 5629650 -2662
32302379 5629913 -2625
32302379 5629950 -2619
32302379 5630197 -2575
32302379 5630250 -2565
32302379 5630434 -2525
32302216 5630550 -2475
32302379 5630550 -2499
32302379 5630643 -2475
32302379 5630833 -2425
32302117 5630850 -2375
32302379 5630850 -2420
32302379 5631000 -2375
32302360 5631150 -2325
32302379 5631150 -2328
32302109 5631150 -2275
32302379 5631160 -2325
32302379 5631303 -2275
32302379 5631444 -2225
32302164 5631450 -2175
32302379 5631450 -2223
32302379 5631572 -2175
32302379 5631697 -2125
32302263 5631750 -2075
32302379 5631750 -2103
32302379 5631815 -2075
32302379 5631928 -2025
32302379 5632040 -1975
32302214 5632050 -1925
32302379 5632050 -1970
32302379 5632144 -1925
32302379 5632246 -1875
32302379 5632348 -1825
32302217 5632350 -1775
32302379 5632350 -1824
32302379 5632442 -1775
32302379 5632536 -1725
32302379 5632629 -1675
32302259 5632650 -1625
32302379 5632650 -1664
32302107 5632650 -1575
32302379 5632718 -1625
32302379 5632806 -1575
32302379 5632892 -1525
32302331 5632950 -1475
32302379 5632950 -1491
32302188 5632950 -1425
32302379 5632977 -1475
32302379 5633059 -1425
32302379 5633141 -1375
32302379 5633222 -1325
32302291 5633250 -1275
32302379 5633250 -1307
32302156 5633250 -1225
32302379 5633300 -1275
32302379 5633378 -1225
32302379 5633455 -1175
32302379 5633531 -1125
32302282 5633550 -1075
32302379 5633550 -1112
32302152 5633550 -1025
32302379 5633605 -1075
32302379 5633679 -1025
32302379 5633752 -975
32302379 5633824 -925
32302298 5633850 -875
32302379 5633850 -907
32302172 5633850 -825
32302379 5633895 -875
32302379 5633966 -825
32302379 5634035 -775
32302379 5634104 -725
32302337 5634150 -675
32302379 5634150 -692
32302215 5634150 -625
32302090 5634150 -575
32302379 5634173 -675
32302379 5634240 -625
32302379 5634307 -575
32302379 5634373 -525
32302379 5634439 -475
32302279 5634450 -425
32302379 5634450 -467
32302158 5634450 -375
32302379 5634504 -425
32302379 5634569 -375
32302379 5634633 -325
32302379 5634696 -275
32302363 5634750 -225
32302379 5634750 -232
32302250 5634750 -175
32302134 5634750 -125
32302379 5634759 -225
32302379 5634822 -175
32302379 5634886 -125
32302379 5634948 -75
32302379 5635010 -25
32302342 5635050 25
32302379 5635050 6
32302241 5635050 75
32302138 5635050 125
32302379 5635073 25
32302379 5635138 75
32302379 5635202 125
32302379 5635266 175
32302379 5635328 225
32302318 5635350 275
32302379 5635350 242
32302222 5635350 325
32302123 5635350 375
32302379 5635390 275
32302379 5635451 325
32302379 5635511 375
32302379 5635571 425
32302379 5635630 475
32302680 5623650 -2751
32302680 5623950 -2750
32302680 5624250 -2749
32302680 5624550 -2749
32302680 5624850 -2749
32302680 5625150 -2749
32302680 5625450 -2749
32302680 5625750 -2749
32302680 5626050 -2749
32302680 5626350 -2749
32302680 5626650 -2749
32302680 5626950 -2749
32302680 5627250 -2749
32302680 5627550 -2750
32302680 5627850 -2751
32302680 5628150 -2752
32302680 5628450 -2749
32302680 5628750 -2743
32302502 5629050 -2725
32302680 5629050 -2731
32302680 5629147 -2725
32302680 5629350 -2711
32302547 5629650 -2675
32302680 5629650 -2684
32302680 5629726 -2675
32302436 5629950 -2625
32302680 5629950 -2647
32302680 5630091 -2625
32302462 5630250 -2575
32302680 5630250 -2599
32302680 5630375 -2575
32302567 5630550 -2525
32302680 5630550 -2540
32302680 5630614 -2525
32302680 5630823 -2475
32302406 5630850 -2425
32302680 5630850 -2468
32302680 5631005 -2425
32302631 5631150 -2375
32302680 5631150 -2383
32302680 5631177 -2375
32302680 5631331 -2325
32302628 5631450 -2275
32302680 5631450 -2285
32302388 5631450 -2225
32302680 5631479 -2275
32302680 5631614 -2225
32302680 5631747 -2175
32302469 5631750 -2125
32302680 5631750 -2173
32302680 5631868 -2125
32302680 5631987 -2075
32302589 5632050 -2025
32302680 5632050 -2048
32302395 5632050 -1975
32302680 5632101 -2025
32302680 5632209 -1975
32302680 5632316 -1925
32302559 5632350 -1875
32302680 5632350 -1909
32302382 5632350 -1825
32302680 5632418 -1875
32302680 5632516 -1825
32302680 5632614 -1775
32302577 5632650 -1725
32302680 5632650 -1756
32302414 5632650 -1675
32302680 5632707 -1725
32302680 5632798 -1675
32302680 5632888 -1625
32302632 5632950 -1575
32302680 5632950 -1590
32302480 5632950 -1525
32302680 5632976 -1575
32302680 5633061 -1525
32302680 5633145 -1475
32302680 5633229 -1425
32302573 5633250 -1375
32302680 5633250 -1412
32302429 5633250 -1325
32302680 5633309 -1375
32302680 5633389 -1325
32302680 5633467 -1275
32302680 5633545 -1225
32302552 5633550 -1175
32302680 5633550 -1222
32302413 5633550 -1125
32302680 5633620 -1175
32302680 5633695 -1125
32302680 5633769 -1075
32302680 5633843 -1025
32302560 5633850 -975
32302680 5633850 -1020
32302427 5633850 -925
32302680 5633915 -975
32302680 5633986 -925
32302680 5634056 -875
32302680 5634126 -825
32302596 5634150 -775
32302680 5634150 -808
32302466 5634150 -725
32302680 5634195 -775
32302680 5634263 -725
32302680 5634331 -675
32302680 5634398 -625
32302653 5634450 -575
32302680 5634450 -585
32302528 5634450 -525
32302399 5634450 -475
32302680 5634464 -575
32302680 5634530 -525
32302680 5634596 -475
32302680 5634661 -425
32302680 5634726 -375
32302606 5634750 -325
32302680 5634750 -356
32302485 5634750 -275
32302680 5634791 -325
32302680 5634856 -275
32302680 5634921 -225
32302680 5634985 -175
32302680 5635049 -125
32302569 5635050 -75
32302680 5635050 -124
32302454 5635050 -25
32302680 5635114 -75
32302680 5635179 -25
32302680 5635243 25
32302680 5635307 75
32302645 5635350 125
32302680 5635350 108
32302533 5635350 175
32302419 5635350 225
32302680 5635370 125
32302680 5635433 175
32302680 5635494 225
32302680 5635555 275
32302680 5635615 325
32302635 5635650 375
32302680 5635650 353
32302527 5635650 425
32302417 5635650 475
32302680 5635676 375
32302680 5635738 425
32302680 5635799 475
32302981 5623650 -2751
32302981 5623950 -2750
32302981 5624250 -2750
32302981 5624550 -2749
32302981 5624850 -2749
32302981 5625150 -2749
32302981 5625450 -2750
32302981 5625750 -2749
32302981 5626050 -2749
32302981 5626350 -2749
32302981 5626650 -2749
32302981 5626950 -2749
32302981 5627250 -2749
32302981 5627550 -2750
32302981 5627850 -2752
32302981 5628150 -2753
32302981 5628450 -2752
32302981 5628750 -2748
32302981 5629050 -2739
32302979 5629350 -2725
32302981 5629350 -2725
32302981 5629351 -2725
32302981 5629650 -2702
32302981 5629919 -2675
32302981 5629950 -2671
32302929 5630250 -2625
32302981 5630250 -2630
32302981 5630280 -2625
32302962 5630550 -2575
32302981 5630550 -2577
32302981 5630561 -2575
32302981 5630792 -2525
32302724 5630850 -2475
32302981 5630850 -2512
32302981 5630995 -2475
32302925 5631150 -2425
32302981 5631150 -2434
32302981 5631181 -2425
32302981 5631347 -2375
32302885 5631450 -2325
32302981 5631450 -2343
32302981 5631503 -2325
32302981 5631647 -2275
32302917 5631750 -2225
32302981 5631750 -2238
32302685 5631750 -2175
32302981 5631785 -2225
32302981 5631913 -2175
32302981 5632039 -2125
32302791 5632050 -2075
32302981 5632050 -2120
32302981 5632155 -2075
32302981 5632268 -2025
32302929 5632350 -1975
32302981 5632350 -1988
32302740 5632350 -1925
32302981 5632378 -1975
32302981 5632482 -1925
32302981 5632585 -1875
32302918 5632650 -1825
32302981 5632650 -1843
32302745 5632650 -1775
32302981 5632684 -1825
32302981 5632779 -1775
32302981 5632873 -1725
32302952 5632950 -1675
32302981 5632950 -1683
32302791 5632950 -1625
32302981 5632965 -1675
32302981 5633054 -1625
32302981 5633141 -1575
32302981 5633227 -1525
32302871 5633250 -1475
32302981 5633250 -1511
32302719 5633250 -1425
32302981 5633310 -1475
32302981 5633391 -1425
32302981 5633472 -1375
32302977 5633550 -1325
32302981 5633550 -1326
32302834 5633550 -1275
32302689 5633550 -1225
32302981 5633552 -1325
32302981 5633629 -1275
32302981 5633705 -1225
32302981 5633781 -1175
32302971 5633850 -1125
32302981 5633850 -1128
32302833 5633850 -1075
32302693 5633850 -1025
32302981 5633855 -1125
32302981 5633928 -1075
32302981 5634000 -1025
32302981 5634071 -975
32302981 5634142 -925
32302863 5634150 -875
32302981 5634150 -919
32302727 5634150 -825
32302981 5634212 -875
32302981 5634281 -825
32302981 5634349 -775
32302981 5634416 -725
32302917 5634450 -675
32302981 5634450 -700
32302785 5634450 -625
32302981 5634483 -675
32302981 5634550 -625
32302981 5634616 -575
32302981 5634682 -525
32302981 5634747 -475
32302861 5634750 -425
32302981 5634750 -472
32302730 5634750 -375
32302981 5634813 -425
32302981 5634878 -375
32302981 5634943 -325
32302981 5635006 -275
32302942 5635050 -225
32302981 5635050 -240
32302815 5635050 -175
32302682 5635050 -125
32302981 5635070 -225
32302981 5635135 -175
32302981 5635199 -125
32302981 5635263 -75
32302981 5635325 -25
32302906 5635350 25
32302981 5635350 -4
32302774 5635350 75
32302981 5635388 25
32302981 5635452 75
32302981 5635515 125
32302981 5635578 175
32302981 5635640 225
32302878 5635650 275
32302981 5635650 232
32302753 5635650 325
32302981 5635707 275
32302981 5635774 325
32302981 5635840 375
32302981 5635905 425
32302950 5635950 475
32302981 5635950 460
32302981 5635969 475
32303283 5623650 -2752
32303283 5623950 -2751
32303283 5624250 -2750
32303283 5624550 -2749
32303283 5624850 -2749
32303283 5625150 -2749
32303283 5625450 -2749
32303283 5625750 -2749
32303283 5626050 -2749
32303283 5626350 -2749
32303283 5626650 -2749
32303283 5626950 -2749
32303283 5627250 -2749
32303283 5627550 -2750
32303283 5627850 -2752
32303283 5628150 -2753
32303283 5628450 -2753
32303283 5628750 -2751
32303283 5629050 -2746
32303283 5629350 -2735
32303283 5629539 -2725
32303283 5629650 -2718
32303027 5629950 -2675
32303283 5629950 -2693
32303283 5630103 -2675
32303283 5630250 -2657
32303283 5630459 -2625
32303283 5630550 -2610
32303283 5630733 -2575
32303077 5630850 -2525
32303283 5630850 -2551
32303283 5630964 -2525
32303245 5631150 -2475
32303283 5631150 -2480
32303283 5631170 -2475
32303283 5631349 -2425
32303160 5631450 -2375
32303283 5631450 -2396
32303283 5631516 -2375
32303283 5631670 -2325
32303162 5631750 -2275
32303283 5631750 -2298
32303283 5631815 -2275
32303283 5631951 -2225
32303224 5632050 -2175
32303283 5632050 -2187
32303001 5632050 -2125
32303283 5632081 -2175
32303283 5632203 -2125
32303283 5632322 -2075
32303128 5632350 -2025
32303283 5632350 -2063
32303283 5632434 -2025
32303283 5632542 -1975
32303283 5632649 -1925
32303099 5632650 -1875
32303283 5632650 -1924
32303283 5632749 -1875
32303283 5632848 -1825
32303283 5632945 -1775
32303121 5632950 -1725
32303283 5632950 -1772
32303283 5633037 -1725
32303283 5633128 -1675
32303283 5633217 -1625
32303182 5633250 -1575
32303283 5633250 -1606
32303024 5633250 -1525
32303283 5633304 -1575
32303283 5633388 -1525
32303283 5633471 -1475
32303275 5633550 -1425
32303283 5633550 -1427
32303127 5633550 -1375
32303283 5633553 -1425
32303283 5633633 -1375
32303283 5633711 -1325
32303283 5633788 -1275
32303255 5633850 -1225
32303283 5633850 -1234
32303114 5633850 -1175
32303283 5633864 -1225
32303283 5633939 -1175
32303283 5634012 -1125
32303283 5634084 -1075
32303271 5634150 -1025
32303283 5634150 -1029
32303135 5634150 -975
32302997 5634150 -925
32303283 5634156 -1025
32303283 5634227 -975
32303283 5634296 -925
32303283 5634365 -875
32303283 5634433 -825
32303184 5634450 -775
32303283 5634450 -812
32303050 5634450 -725
32303283 5634501 -775
32303283 5634568 -725
32303283 5634635 -675
32303283 5634700 -625
32303253 5634750 -575
32303283 5634750 -586
32303122 5634750 -525
32302988 5634750 -475
32303283 5634765 -575
32303283 5634831 -525
32303283 5634897 -475
32303283 5634961 -425
32303283 5635024 -375
32303206 5635050 -325
32303283 5635050 -355
32303074 5635050 -275
32303283 5635089 -325
32303283 5635155 -275
32303283 5635220 -225
32303283 5635284 -175
32303283 5635347 -125
32303164 5635350 -75
32303283 5635350 -122
32303035 5635350 -25
32303283 5635415 -75
32303283 5635483 -25
32303283 5635550 25
32303283 5635617 75
32303228 5635650 125
32303283 5635650 100
32303116 5635650 175
32302999 5635650 225
32303283 5635685 125
32303283 5635755 175
32303283 5635823 225
32303283 5635891 275
32303272 5635950 325
32303283 5635950 319
32303169 5635950 375
32303061 5635950 425
32303283 5635956 325
32303283 5636019 375
32303283 5636082 425
32303283 5636144 475
32303584 5623650 -2753
32303584 5623950 -2751
32303584 5624250 -2750
32303584 5624550 -2750
32303584 5624850 -2749
32303584 5625150 -2749
32303584 5625450 -2749
32303584 5625750 -2749
32303584 5626050 -2749
32303584 5626350 -2749
32303584 5626650 -2749
32303584 5626950 -2749
32303584 5627250 -2749
32303584 5627550 -2750
32303584 5627850 -2751
32303584 5628150 -2753
32303584 5628450 -2753
32303584 5628750 -2753
32303584 5629050 -2750
32303584 5629350 -2744
32303429 5629650 -2725
32303584 5629650 -2731
32303584 5629748 -2725
32303584 5629950 -2711
32303504 5630250 -2675
32303584 5630250 -2681
32303584 5630296 -2675
32303428 5630550 -2625
32303584 5630550 -2640
32303584 5630637 -2625
32303477 5630850 -2575
32303584 5630850 -2587
32303584 5630908 -2575
32303584 5631138 -2525
32303584 5631150 -2522
32303584 5631335 -2475
32303460 5631450 -2425
32303584 5631450 -2444
32303584 5631517 -2425
32303584 5631682 -2375
32303424 5631750 -2325
32303584 5631750 -2354
32303584 5631836 -2325
32303584 5631980 -2275
32303460 5632050 -2225
32303584 5632050 -2250
32303584 5632116 -2225
32303584 5632245 -2175
32303547 5632350 -2125
32303584 5632350 -2133
32303333 5632350 -2075
32303584 5632369 -2125
32303584 5632485 -2075
32303584 5632599 -2025
32303477 5632650 -1975
32303584 5632650 -2002
32303283 5632650 -1925
32303584 5632708 -1975
32303584 5632812 -1925
32303584 5632915 -1875
32303467 5632950 -1825
32303584 5632950 -1857
32303290 5632950 -1775
32303584 5633013 -1825
32303584 5633108 -1775
32303584 5633202 -1725
32303505 5633250 -1675
32303584 5633250 -1699
32303342 5633250 -1625
32303584 5633293 -1675
32303584 5633381 -1625
32303584 5633467 -1575
32303579 5633550 -1525
32303584 5633550 -1526
32303427 5633550 -1475
32303584 5633552 -1525
32303584 5633634 -1475
32303584 5633715 -1425
32303584 5633795 -1375
32303541 5633850 -1325
32303584 5633850 -1340
32303398 5633850 -1275
32303584 5633873 -1325
32303584 5633950 -1275
32303584 5634025 -1225
32303584 5634099 -1175
32303543 5634150 -1125
32303584 5634150 -1140
32303408 5634150 -1075
32303584 5634172 -1125
32303584 5634244 -1075
32303584 5634315 -1025
32303584 5634385 -975
32303577 5634450 -925
32303584 5634450 -927
32303448 5634450 -875
32303316 5634450 -825
32303584 5634453 -925
32303584 5634522 -875
32303584 5634590 -825
32303584 5634657 -775
32303584 5634723 -725
32303511 5634750 -675
32303584 5634750 -704
32303383 5634750 -625
32303584 5634789 -675
32303584 5634855 -625
32303584 5634920 -575
32303584 5634984 -525
32303584 5635046 -475
32303465 5635050 -425
32303584 5635050 -472
32303336 5635050 -375
32303584 5635112 -425
32303584 5635177 -375
32303584 5635242 -325
32303584 5635305 -275
32303548 5635350 -225
32303584 5635350 -239
32303420 5635350 -175
32303288 5635350 -125
32303584 5635369 -225
32303584 5635437 -175
32303584 5635505 -125
32303584 5635572 -75
32303584 5635639 -25
32303478 5635650 25
32303584 5635650 -16
32303349 5635650 75
32303584 5635708 25
32303584 5635777 75
32303584 5635846 125
32303584 5635913 175
32303530 5635950 225
32303584 5635950 203
32303402 5635950 275
32303584 5635977 225
32303584 5636039 275
32303584 5636102 325
32303584 5636165 375
32303584 5636229 425
32303498 5636250 475
32303584 5636250 440
32303584 5636301 475
32303885 5623650 -2753
32303885 5623950 -2752
32303885 5624250 -2750
32303885 5624550 -2750
32303885 5624850 -2749
32303885 5625150 -2749
32303885 5625450 -2749
32303885 5625750 -2749
32303885 5626050 -2749
32303885 5626350 -2749
32303885 5626650 -2749
32303885 5626950 -2749
32303885 5627250 -2749
32303885 5627550 -2750
32303885 5627850 -2751
32303885 5628150 -2752
32303885 5628450 -2753
32303885 5628750 -2753
32303885 5629050 -2753
32303885 5629350 -2749
32303885 5629650 -2741
32303859 5629950 -2725
32303885 5629950 -2726
32303885 5629966 -2725
32303885 5630250 -2701
32303885 5630474 -2675
32303885 5630550 -2665
32303885 5630811 -2625
32303885 5630850 -2618
32303885 5631075 -2575
32303603 5631150 -2525
32303885 5631150 -2560
32303885 5631299 -2525
32303788 5631450 -2475
32303885 5631450 -2489
32303885 5631501 -2475
32303885 5631681 -2425
32303705 5631750 -2375
32303885 5631750 -2405
32303885 5631846 -2375
32303885 5632001 -2325
32303709 5632050 -2275
32303885 5632050 -2309
32303885 5632145 -2275
32303885 5632281 -2225
32303773 5632350 -2175
32303885 5632350 -2199
32303885 5632411 -2175
32303885 5632533 -2125
32303878 5632650 -2075
32303885 5632650 -2076
32303675 5632650 -2025
32303885 5632653 -2075
32303885 5632765 -2025
32303885 5632874 -1975
32303830 5632950 -1925
32303885 5632950 -1940
32303646 5632950 -1875
32303885 5632980 -1925
32303885 5633081 -1875
32303885 5633180 -1825
32303837 5633250 -1775
32303885 5633250 -1789
32303670 5633250 -1725
32303885 5633277 -1775
32303885 5633369 -1725
32303885 5633460 -1675
32303885 5633550 -1625
32303885 5633550 -1625
32303732 5633550 -1575
32303885 5633550 -1625
32303885 5633635 -1575
32303885 5633720 -1525
32303885 5633803 -1475
32303824 5633850 -1425
32303885 5633850 -1446
32303683 5633850 -1375
32303885 5633884 -1425
32303885 5633964 -1375
32303885 5634042 -1325
32303885 5634118 -1275
32303808 5634150 -1225
32303885 5634150 -1254
32303676 5634150 -1175
32303885 5634194 -1225
32303885 5634268 -1175
32303885 5634341 -1125
32303885 5634413 -1075
32303826 5634450 -1025
32303885 5634450 -1048
32303702 5634450 -975
32303885 5634484 -1025
32303885 5634554 -975
32303885 5634623 -925
32303885 5634691 -875
32303871 5634750 -825
32303885 5634750 -831
32303754 5634750 -775
32303634 5634750 -725
32303885 5634758 -825
32303885 5634826 -775
32303885 5634892 -725
32303885 5634957 -675
32303885 5635021 -625
32303824 5635050 -575
32303885 5635050 -602
32303708 5635050 -525
32303590 5635050 -475
32303885 5635086 -575
32303885 5635151 -525
32303885 5635214 -475
32303885 5635276 -425
32303885 5635337 -375
32303794 5635350 -325
32303885 5635350 -364
32303673 5635350 -275
32303885 5635400 -325
32303885 5635463 -275
32303885 5635524 -225
32303885 5635584 -175
32303885 5635642 -125
32303764 5635650 -75
32303885 5635650 -118
32303610 5635650 -25
32303885 5635703 -75
32303885 5635764 -25
32303885 5635822 25
32303885 5635880 75
32303885 5635937 125
32303716 5635950 175
32303885 5635950 136
32303885 5636005 175
32303885 5636077 225
32303885 5636151 275
32303885 5636227 325
32303777 5636250 375
32303885 5636250 339
32303629 5636250 425
32303885 5636337 375
32303885 5636458 425
32303867 5636550 475
32303885 5636550 464
32303885 5636571 475
32304186 5623650 -2754
32304186 5623950 -2752
32304186 5624250 -2751
32304186 5624550 -2750
32304186 5624850 -2750
32304186 5625150 -2749
32304186 5625450 -2749
32304186 5625750 -2749
32304186 5626050 -2749
32304186 5626350 -2749
32304186 5626650 -2749
32304186 5626950 -2749
32304186 5627250 -2749
32304186 5627550 -2750
32304186 5627850 -2750
32304186 5628150 -2751
32304186 5628450 -2752
32304186 5628750 -2752
32304186 5629050 -2753
32304186 5629350 -2752
32304186 5629650 -2748
32304186 5629950 -2737
32304186 5630144 -2725
32304186 5630250 -2717
32304011 5630550 -2675
32304186 5630550 -2687
32304186 5630641 -2675
32303952 5630850 -2625
32304186 5630850 -2646
32304186 5630971 -2625
32304019 5631150 -2575
32304186 5631150 -2593
32304186 5631236 -2575
32304156 5631450 -2525
32304186 5631450 -2529
32304186 5631466 -2525
32304186 5631663 -2475
32304009 5631750 -2425
32304186 5631750 -2452
32304186 5631844 -2425
32304186 5632012 -2375
32303972 5632050 -2325
32304186 5632050 -2363
32304186 5632166 -2325
32304186 5632312 -2275
32304007 5632350 -2225
32304186 5632350 -2262
32304186 5632448 -2225
32304186 5632579 -2175
32304090 5632650 -2125
32304186 5632650 -2147
32304186 5632704 -2125
32304186 5632821 -2075
32304186 5632937 -2025
32304017 5632950 -1975
32304186 5632950 -2019
32304186 5633046 -1975
32304186 5633152 -1925
32304176 5633250 -1875
32304186 5633250 -1878
32304006 5633250 -1825
32304186 5633256 -1875
32304186 5633354 -1825
32304186 5633451 -1775
32304186 5633546 -1725
32304039 5633550 -1675
32304186 5633550 -1722
32304186 5633637 -1675
32304186 5633726 -1625
32304186 5633813 -1575
32304105 5633850 -1525
32304186 5633850 -1554
32303965 5633850 -1475
32304186 5633899 -1525
32304186 5633982 -1475
32304186 5634064 -1425
32304186 5634145 -1375
32304066 5634150 -1325
32304186 5634150 -1372
32303938 5634150 -1275
32304186 5634224 -1325
32304186 5634302 -1275
32304186 5634378 -1225
32304181 5634450 -1175
32304186 5634450 -1177
32304064 5634450 -1125
32303946 5634450 -1075
32304186 5634453 -1175
32304186 5634528 -1125
32304186 5634601 -1075
32304186 5634673 -1025
32304186 5634744 -975
32304088 5634750 -925
32304186 5634750 -970
32303980 5634750 -875
32304186 5634815 -925
32304186 5634885 -875
32304186 5634954 -825
32304186 5635021 -775
32304130 5635050 -725
32304186 5635050 -753
32304031 5635050 -675
32303931 5635050 -625
32304186 5635089 -725
32304186 5635157 -675
32304186 5635224 -625
32304186 5635289 -575
32304183 5635350 -525
32304186 5635350 -526
32304092 5635350 -475
32304000 5635350 -425
32303905 5635350 -375
32304186 5635352 -525
32304186 5635419 -475
32304186 5635484 -425
32304186 5635547 -375
32304186 5635607 -325
32304163 5635650 -275
32304186 5635650 -288
32304079 5635650 -225
32303990 5635650 -175
32303897 5635650 -125
32304186 5635669 -275
32304186 5635735 -225
32304186 5635798 -175
32304186 5635858 -125
32304186 5635916 -75
32304158 5635950 -25
32304186 5635950 -44
32304081 5635950 25
32303997 5635950 75
32303907 5635950 125
32304186 5635983 -25
32304186 5636072 25
32304186 5636159 75
32304186 5636245 125
32304127 5636250 175
32304186 5636250 127
32304059 5636250 225
32303985 5636250 275
32303908 5636250 325
32304186 5636525 175
32304143 5636550 225
32304186 5636550 179
32304094 5636550 275
32304042 5636550 325
32303988 5636550 375
32303932 5636550 425
32304186 5636634 225
32304186 5636732 275
32304186 5636834 325
32304144 5636850 375
32304186 5636850 332
32304094 5636850 425
32304043 5636850 475
32304186 5636894 375
32304186 5636949 425
32304186 5637007 475
32304487 5623650 -2755
32304487 5623950 -2753
32304487 5624250 -2751
32304487 5624550 -2750
32304487 5624850 -2750
32304487 5625150 -2749
32304487 5625450 -2749
32304487 5625750 -2749
32304487 5626050 -2749
32304487 5626350 -2749
32304487 5626650 -2749
32304487 5626950 -2749
32304487 5627250 -2749
32304487 5627550 -2749
32304487 5627850 -2749
32304487 5628150 -2750
32304487 5628450 -2750
32304487 5628750 -2751
32304487 5629050 -2752
32304487 5629350 -2752
32304487 5629650 -2751
32304487 5629950 -2745
32304359 5630250 -2725
32304487 5630250 -2730
32304487 5630312 -2725
32304487 5630550 -2704
32304487 5630800 -2675
32304487 5630850 -2669
32304487 5631134 -2625
32304487 5631150 -2622
32304487 5631397 -2575
32304487 5631450 -2564
32304487 5631624 -2525
32304343 5631750 -2475
32304487 5631750 -2495
32304487 5631827 -2475
32304487 5632012 -2425
32304253 5632050 -2375
32304487 5632050 -2414
32304487 5632179 -2375
32304487 5632338 -2325
32304251 5632350 -2275
32304487 5632350 -2321
32304487 5632483 -2275
32304487 5632623 -2225
32304307 5632650 -2175
32304487 5632650 -2215
32304487 5632753 -2175
32304487 5632880 -2125
32304402 5632950 -2075
32304487 5632950 -2096
32304207 5632950 -2025
32304487 5633000 -2075
32304487 5633115 -2025
32304487 5633227 -1975
32304348 5633250 -1925
32304487 5633250 -1964
32304487 5633334 -1925
32304487 5633438 -1875
32304487 5633540 -1825
32304347 5633550 -1775
32304487 5633550 -1820
32304193 5633550 -1725
32304487 5633637 -1775
32304487 5633732 -1725
32304487 5633826 -1675
32304383 5633850 -1625
32304487 5633850 -1662
32304244 5633850 -1575
32304487 5633917 -1625
32304487 5634006 -1575
32304487 5634093 -1525
32304444 5634150 -1475
32304487 5634150 -1492
32304319 5634150 -1425
32304194 5634150 -1375
32304487 5634179 -1475
32304487 5634263 -1425
32304487 5634345 -1375
32304487 5634427 -1325
32304406 5634450 -1275
32304487 5634450 -1310
32304293 5634450 -1225
32304487 5634507 -1275
32304487 5634587 -1225
32304487 5634665 -1175
32304487 5634741 -1125
32304396 5634750 -1075
32304487 5634750 -1119
32304295 5634750 -1025
32304195 5634750 -975
32304487 5634819 -1075
32304487 5634895 -1025
32304487 5634971 -975
32304487 5635044 -925
32304403 5635050 -875
32304487 5635050 -921
32304313 5635050 -825
32304224 5635050 -775
32304487 5635121 -875
32304487 5635197 -825
32304487 5635271 -775
32304487 5635344 -725
32304414 5635350 -675
32304487 5635350 -720
32304336 5635350 -625
32304259 5635350 -575
32304487 5635422 -675
32304487 5635500 -625
32304487 5635577 -575
32304485 5635650 -525
32304487 5635650 -526
32304418 5635650 -475
32304353 5635650 -425
32304290 5635650 -375
32304229 5635650 -325
32304487 5635652 -525
32304487 5635741 -475
32304487 5635830 -425
32304487 5635919 -375
32304451 5635950 -325
32304487 5635950 -357
32304397 5635950 -275
32304347 5635950 -225
32304300 5635950 -175
32304255 5635950 -125
32304212 5635950 -75
32304487 5636029 -325
32304487 5636160 -275
32304467 5636250 -225
32304487 5636250 -243
32304418 5636250 -175
32304372 5636250 -125
32304331 5636250 -75
32304293 5636250 -25
32304257 5636250 25
32304223 5636250 75
32304188 5636250 125
32304487 5636301 -225
32304487 5636460 -175
32304455 5636550 -125
32304487 5636550 -151
32304400 5636550 -75
32304351 5636550 -25
32304307 5636550 25
32304266 5636550 75
32304227 5636550 125
32304189 5636550 175
32304487 5636587 -125
32304487 5636659 -75
32304487 5636733 -25
32304487 5636809 25
32304457 5636850 75
32304487 5636850 51
32304398 5636850 125
32304343 5636850 175
32304291 5636850 225
32304242 5636850 275
32304194 5636850 325
32304487 5636872 75
32304487 5636920 125
32304487 5636968 175
32304487 5637017 225
32304487 5637067 275
32304487 5637120 325
32304456 5637150 375
32304487 5637150 352
32304390 5637150 425
32304327 5637150 475
32304487 5637171 375
32304487 5637218 425
32304487 5637265 475
32304789 5623650 -2756
32304789 5623950 -2753
32304789 5624250 -2752
32304789 5624550 -2750
32304789 5624850 -2750
32304789 5625150 -2749
32304789 5625450 -2749
32304789 5625750 -2749
32304789 5626050 -2749
32304789 5626350 -2749
32304789 5626650 -2750
32304789 5626950 -2750
32304789 5627250 -2749
32304789 5627550 -2749
32304789 5627850 -2749
32304789 5628150 -2749
32304789 5628450 -2749
32304789 5628750 -2750
32304789 5629050 -2750
32304789 5629350 -2751
32304789 5629650 -2751
32304789 5629950 -2749
32304789 5630250 -2738
32304789 5630448 -2725
32304789 5630550 -2718
32304582 5630850 -2675
32304789 5630850 -2687
32304789 5630947 -2675
32304517 5631150 -2625
32304789 5631150 -2647
32304789 5631285 -2625
32304583 5631450 -2575
32304789 5631450 -2596
32304789 5631557 -2575
32304711 5631750 -2525
32304789 5631750 -2535
32304789 5631792 -2525
32304789 5631997 -2475
32304553 5632050 -2425
32304789 5632050 -2461
32304789 5632182 -2425
32304776 5632350 -2375
32304789 5632350 -2377
32304507 5632350 -2325
32304789 5632357 -2375
32304789 5632513 -2325
32304763 5632650 -2275
32304789 5632650 -2280
32304531 5632650 -2225
32304789 5632665 -2275
32304789 5632804 -2225
32304789 5632940 -2175
32304601 5632950 -2125
32304789 5632950 -2171
32304789 5633066 -2125
32304789 5633189 -2075
32304700 5633250 -2025
32304789 5633250 -2049
32304523 5633250 -1975
32304789 5633306 -2025
32304789 5633419 -1975
32304789 5633530 -1925
32304659 5633550 -1875
32304789 5633550 -1915
32304503 5633550 -1825
32304789 5633635 -1875
32304789 5633738 -1825
32304789 5633839 -1775
32304662 5633850 -1725
32304789 5633850 -1769
32304523 5633850 -1675
32304789 5633936 -1725
32304789 5634032 -1675
32304789 5634126 -1625
32304694 5634150 -1575
32304789 5634150 -1612
32304569 5634150 -1525
32304789 5634218 -1575
32304789 5634308 -1525
32304789 5634397 -1475
32304743 5634450 -1425
32304789 5634450 -1444
32304630 5634450 -1375
32304519 5634450 -1325
32304789 5634485 -1425
32304789 5634571 -1375
32304789 5634657 -1325
32304789 5634741 -1275
32304696 5634750 -1225
32304789 5634750 -1270
32304596 5634750 -1175
32304498 5634750 -1125
32304789 5634826 -1225
32304789 5634911 -1175
32304789 5634994 -1125
32304758 5635050 -1075
32304789 5635050 -1091
32304668 5635050 -1025
32304579 5635050 -975
32304493 5635050 -925
32304789 5635078 -1075
32304789 5635163 -1025
32304789 5635247 -975
32304789 5635331 -925
32304724 5635350 -875
32304789 5635350 -914
32304645 5635350 -825
32304568 5635350 -775
32304493 5635350 -725
32304789 5635419 -875
32304789 5635509 -825
32304789 5635599 -775
32304756 5635650 -725
32304789 5635650 -746
32304683 5635650 -675
32304614 5635650 -625
32304548 5635650 -575
32304789 5635692 -725
32304789 5635791 -675
32304789 5635893 -625
32304755 5635950 -575
32304789 5635950 -598
32304687 5635950 -525
32304622 5635950 -475
32304562 5635950 -425
32304506 5635950 -375
32304789 5635998 -575
32304789 5636109 -525
32304789 5636228 -475
32304726 5636250 -425
32304789 5636250 -466
32304653 5636250 -375
32304586 5636250 -325
32304524 5636250 -275
32304789 5636327 -425
32304789 5636427 -375
32304789 5636534 -325
32304707 5636550 -275
32304789 5636550 -318
32304615 5636550 -225
32304527 5636550 -175
32304789 5636607 -275
32304789 5636672 -225
32304789 5636738 -175
32304789 5636804 -125
32304751 5636850 -75
32304789 5636850 -91
32304638 5636850 -25
32304536 5636850 25
32304789 5636868 -75
32304789 5636926 -25
32304789 5636984 25
32304789 5637041 75
32304789 5637097 125
32304784 5637150 175
32304789 5637150 172
32304693 5637150 225
32304608 5637150 275
32304528 5637150 325
32304789 5637152 175
32304789 5637203 225
32304789 5637253 275
32304789 5637303 325
32304789 5637353 375
32304789 5637402 425
32304784 5637450 475
32304789 5637450 472
32304789 5637452 475
32305090 5623650 -2757
32305090 5623950 -2754
32305090 5624250 -2752
32305090 5624550 -2751
32305090 5624850 -2750
32305090 5625150 -2749
32305090 5625450 -2749
32305090 5625750 -2749
32305090 5626050 -2749
32305090 5626350 -2750
32305090 5626650 -2750
32305090 5626950 -2750
32305090 5627250 -2749
32305090 5627550 -2749
32305090 5627850 -2749
32305090 5628150 -2748
32305090 5628450 -2749
32305090 5628750 -2749
32305090 5629050 -2750
32305090 5629350 -2751
32305090 5629650 -2752
32305090 5629950 -2751
32305090 5630250 -2743
32304998 5630550 -2725
32305090 5630550 -2728
32305090 5630587 -2725
32305090 5630850 -2703
32305090 5631101 -2675
32305090 5631150 -2669
32305086 5631450 -2625
32305090 5631450 -2625
32305090 5631452 -2625
32305090 5631728 -2575
32305090 5631750 -2571
32305090 5631964 -2525
32304877 5632050 -2475
32305090 5632050 -2506
32305090 5632174 -2475
32305060 5632350 -2425
32305090 5632350 -2430
32305090 5632368 -2425
32305090 5632540 -2375
32305003 5632650 -2325
32305090 5632650 -2342
32305090 5632704 -2325
32305090 5632856 -2275
32305012 5632950 -2225
32305090 5632950 -2243
32304803 5632950 -2175
32305090 5633000 -2225
32305090 5633136 -2175
32305063 5633250 -2125
32305090 5633250 -2132
32304880 5633250 -2075
32305090 5633268 -2125
32305090 5633391 -2075
32305090 5633512 -2025
32304978 5633550 -1975
32305090 5633550 -2009
32304818 5633550 -1925
32305090 5633627 -1975
32305090 5633739 -1925
32305090 5633849 -1875
32304946 5633850 -1825
32305090 5633850 -1874
32304804 5633850 -1775
32305090 5633954 -1825
32305090 5634058 -1775
32305077 5634150 -1725
32305090 5634150 -1729
32304948 5634150 -1675
32304821 5634150 -1625
32305090 5634159 -1725
32305090 5634258 -1675
32305090 5634355 -1625
32305087 5634450 -1575
32305090 5634450 -1576
32304971 5634450 -1525
32304856 5634450 -1475
32305090 5634451 -1575
32305090 5634546 -1525
32305090 5634640 -1475
32305090 5634732 -1425
32305004 5634750 -1375
32305090 5634750 -1415
32304900 5634750 -1325
32304798 5634750 -1275
32305090 5634824 -1375
32305090 5634916 -1325
32305090 5635007 -1275
32305038 5635050 -1225
32305090 5635050 -1251
32304942 5635050 -1175
32304849 5635050 -1125
32305090 5635099 -1225
32305090 5635191 -1175
32305090 5635283 -1125
32305064 5635350 -1075
32305090 5635350 -1089
32304975 5635350 -1025
32304889 5635350 -975
32304806 5635350 -925
32305090 5635376 -1075
32305090 5635470 -1025
32305090 5635566 -975
32305078 5635650 -925
32305090 5635650 -931
32304992 5635650 -875
32304910 5635650 -825
32304831 5635650 -775
32305090 5635663 -925
32305090 5635760 -875
32305090 5635860 -825
32305078 5635950 -775
32305090 5635950 -781
32304992 5635950 -725
32304909 5635950 -675
32304830 5635950 -625
32305090 5635962 -775
32305090 5636058 -725
32305090 5636159 -675
32305077 5636250 -625
32305090 5636250 -631
32304983 5636250 -575
32304892 5636250 -525
32304804 5636250 -475
32305090 5636260 -625
32305090 5636345 -575
32305090 5636433 -525
32305090 5636523 -475
32305013 5636550 -425
32305090 5636550 -460
32304907 5636550 -375
32304803 5636550 -325
32305090 5636599 -425
32305090 5636669 -375
32305090 5636739 -325
32305090 5636811 -275
32305043 5636850 -225
32305090 5636850 -248
32304946 5636850 -175
32304852 5636850 -125
32305090 5636877 -225
32305090 5636935 -175
32305090 5636992 -125
32305090 5637049 -75
32305090 5637106 -25
32305068 5637150 25
32305090 5637150 13
32304973 5637150 75
32304878 5637150 125
32305090 5637161 25
32305090 5637212 75
32305090 5637263 125
32305090 5637313 175
32305090 5637364 225
32305090 5637414 275
32305061 5637450 325
32305090 5637450 310
32304966 5637450 375
32304874 5637450 425
32305090 5637464 325
32305090 5637512 375
32305090 5637560 425
32305090 5637608 475
32305391 5623650 -2757
32305391 5623950 -2755
32305391 5624250 -2752
32305391 5624550 -2751
32305391 5624850 -2750
32305391 5625150 -2750
32305391 5625450 -2749
32305391 5625750 -2749
32305391 5626050 -2750
32305391 5626350 -2750
32305391 5626650 -2750
32305391 5626950 -2750
32305391 5627250 -2749
32305391 5627550 -2749
32305391 5627850 -2748
32305391 5628150 -2748
32305391 5628450 -2748
32305391 5628750 -2749
32305391 5629050 -2750
32305391 5629350 -2751
32305391 5629650 -2752
32305391 5629950 -2752
32305391 5630250 -2747
32305391 5630550 -2735
32305391 5630716 -2725
32305391 5630850 -2716
32305180 5631150 -2675
32305391 5631150 -2688
32305391 5631256 -2675
32305391 5631450 -2650
32305391 5631616 -2625
32305125 5631750 -2575
32305391 5631750 -2604
32305391 5631904 -2575
32305227 5632050 -2525
32305391 5632050 -2547
32305391 5632150 -2525
32305360 5632350 -2475
32305391 5632350 -2480
32305391 5632370 -2475
32305391 5632563 -2425
32305253 5632650 -2375
32305391 5632650 -2402
32305391 5632742 -2375
32305391 5632909 -2325
32305226 5632950 -2275
32305391 5632950 -2312
32305391 5633063 -2275
32305391 5633211 -2225
32305251 5633250 -2175
32305391 5633250 -2211
32305391 5633349 -2175
32305391 5633482 -2125
32305308 5633550 -2075
32305391 5633550 -2099
32305142 5633550 -2025
32305391 5633610 -2075
32305391 5633732 -2025
32305387 5633850 -1975
32305391 5633850 -1976
32305238 5633850 -1925
32305090 5633850 -1875
32305391 5633852 -1975
32305391 5633966 -1925
32305391 5634078 -1875
32305343 5634150 -1825
32305391 5634150 -1842
32305209 5634150 -1775
32305391 5634188 -1825
32305391 5634294 -1775
32305391 5634399 -1725
32305328 5634450 -1675
32305391 5634450 -1700
32305206 5634450 -1625
32305391 5634502 -1675
32305391 5634603 -1625
32305391 5634703 -1575
32305330 5634750 -1525
32305391 5634750 -1551
32305219 5634750 -1475
32305110 5634750 -1425
32305391 5634802 -1525
32305391 5634901 -1475
32305391 5634999 -1425
32305340 5635050 -1375
32305391 5635050 -1398
32305237 5635050 -1325
32305136 5635050 -1275
32305391 5635096 -1375
32305391 5635192 -1325
32305391 5635290 -1275
32305352 5635350 -1225
32305391 5635350 -1244
32305253 5635350 -1175
32305157 5635350 -1125
32305391 5635386 -1225
32305391 5635483 -1175
32305391 5635580 -1125
32305362 5635650 -1075
32305391 5635650 -1089
32305264 5635650 -1025
32305169 5635650 -975
32305391 5635677 -1075
32305391 5635772 -1025
32305391 5635869 -975
32305372 5635950 -925
32305391 5635950 -934
32305271 5635950 -875
32305173 5635950 -825
32305391 5635966 -925
32305391 5636056 -875
32305391 5636149 -825
32305391 5636243 -775
32305289 5636250 -725
32305391 5636250 -771
32305182 5636250 -675
32305391 5636325 -725
32305391 5636407 -675
32305391 5636490 -625
32305356 5636550 -575
32305391 5636550 -589
32305239 5636550 -525
32305122 5636550 -475
32305391 5636570 -575
32305391 5636639 -525
32305391 5636709 -475
32305391 5636779 -425
32305391 5636850 -375
32305391 5636850 -375
32305272 5636850 -325
32305153 5636850 -275
32305391 5636850 -375
32305391 5636909 -325
32305391 5636968 -275
32305391 5637027 -225
32305391 5637086 -175
32305391 5637145 -125
32305288 5637150 -75
32305391 5637150 -120
32305176 5637150 -25
32305391 5637198 -75
32305391 5637250 -25
32305391 5637302 25
32305391 5637354 75
32305391 5637405 125
32305376 5637450 175
32305391 5637450 167
32305268 5637450 225
32305163 5637450 275
32305391 5637457 175
32305391 5637506 225
32305391 5637554 275
32305391 5637603 325
32305391 5637651 375
32305391 5637700 425
32305391 5637749 475
32305692 5623650 -2758
32305692 5623950 -2755
32305692 5624250 -2753
32305692 5624550 -2751
32305692 5624850 -2750
32305692 5625150 -2750
32305692 5625450 -2749
32305692 5625750 -2749
32305692 5626050 -2750
32305692 5626350 -2750
32305692 5626650 -2750
32305692 5626950 -2750
32305692 5627250 -2749
32305692 5627550 -2749
32305692 5627850 -2749
32305692 5628150 -2748
32305692 5628450 -2749
32305692 5628750 -2749
32305692 5629050 -2750
32305692 5629350 -2751
32305692 5629650 -2752
32305692 5629950 -2752
32305692 5630250 -2749
32305692 5630550 -2741
32305636 5630850 -2725
32305692 5630850 -2726
32305692 5630876 -2725
32305692 5631150 -2704
32305692 5631436 -2675
32305692 5631450 -2673
32305600 5631750 -2625
32305692 5631750 -2634
32305692 5631807 -2625
32305608 5632050 -2575
32305692 5632050 -2585
32305692 5632105 -2575
32305677 5632350 -2525
32305692 5632350 -2527
32305692 5632360 -2525
32305692 5632579 -2475
32305512 5632650 -2425
32305692 5632650 -2458
32305692 5632777 -2425
32305674 5632950 -2375
32305692 5632950 -2378
32305446 5632950 -2325
32305692 5632963 -2375
32305692 5633129 -2325
32305640 5633250 -2275
32305692 5633250 -2287
32305443 5633250 -2225
32305692 5633288 -2275
32305692 5633436 -2225
32305654 5633550 -2175
32305692 5633550 -2185
32305479 5633550 -2125
32305692 5633579 -2175
32305692 5633712 -2125
32305692 5633844 -2075
32305542 5633850 -2025
32305692 5633850 -2072
32305692 5633967 -2025
32305692 5634088 -1975
32305622 5634150 -1925
32305692 5634150 -1949
32305480 5634150 -1875
32305692 5634206 -1925
32305692 5634320 -1875
32305692 5634433 -1825
32305581 5634450 -1775
32305692 5634450 -1817
32305452 5634450 -1725
32305692 5634542 -1775
32305692 5634649 -1725
32305685 5634750 -1675
32305692 5634750 -1678
32305563 5634750 -1625
32305445 5634750 -1575
32305692 5634756 -1675
32305692 5634859 -1625
32305692 5634962 -1575
32305675 5635050 -1525
32305692 5635050 -1532
32305560 5635050 -1475
32305448 5635050 -1425
32305692 5635065 -1525
32305692 5635164 -1475
32305692 5635264 -1425
32305675 5635350 -1375
32305692 5635350 -1382
32305564 5635350 -1325
32305456 5635350 -1275
32305692 5635364 -1375
32305692 5635460 -1325
32305692 5635557 -1275
32305685 5635650 -1225
32305692 5635650 -1228
32305574 5635650 -1175
32305466 5635650 -1125
32305692 5635655 -1225
32305692 5635747 -1175
32305692 5635841 -1125
32305692 5635936 -1075
32305594 5635950 -1025
32305692 5635950 -1067
32305481 5635950 -975
32305692 5636023 -1025
32305692 5636110 -975
32305692 5636198 -925
32305640 5636250 -875
32305692 5636250 -896
32305519 5636250 -825
32305399 5636250 -775
32305692 5636283 -875
32305692 5636361 -825
32305692 5636439 -775
32305692 5636519 -725
32305612 5636550 -675
32305692 5636550 -706
32305482 5636550 -625
32305692 5636592 -675
32305692 5636661 -625
32305692 5636730 -575
32305692 5636799 -525
32305656 5636850 -475
32305692 5636850 -488
32305523 5636850 -425
32305692 5636866 -475
32305692 5636927 -425
32305692 5636987 -375
32305692 5637047 -325
32305692 5637108 -275
32305654 5637150 -225
32305692 5637150 -240
32305527 5637150 -175
32305402 5637150 -125
32305692 5637166 -225
32305692 5637220 -175
32305692 5637273 -125
32305692 5637326 -75
32305692 5637379 -25
32305692 5637431 25
32305614 5637450 75
32305692 5637450 42
32305494 5637450 125
32305692 5637482 75
32305692 5637531 125
32305692 5637581 175
32305692 5637630 225
32305692 5637680 275
32305692 5637729 325
32305623 5637750 375
32305692 5637750 345
32305507 5637750 425
32305393 5637750 475
32305692 5637778 375
32305692 5637827 425
32305692 5637876 475
32305993 5623650 -2759
32305993 5623950 -2756
32305993 5624250 -2753
32305993 5624550 -2752
32305993 5624850 -2750
32305993 5625150 -2750
32305993 5625450 -2749
32305993 5625750 -2749
32305993 5626050 -2749
32305993 5626350 -2750
32305993 5626650 -2750
32305993 5626950 -2750
32305993 5627250 -2749
32305993 5627550 -2749
32305993 5627850 -2749
32305993 5628150 -2749
32305993 5628450 -2749
32305993 5628750 -2749
32305993 5629050 -2750
32305993 5629350 -2751
32305993 5629650 -2752
32305993 5629950 -2752
32305993 5630250 -2751
32305993 5630550 -2746
32305993 5630850 -2735
32305993 5631037 -2725
32305993 5631150 -2718
32305713 5631450 -2675
32305993 5631450 -2693
32305993 5631625 -2675
32305993 5631750 -2661
32305993 5632022 -2625
32305993 5632050 -2621
32305993 5632331 -2575
32305993 5632350 -2571
32305993 5632587 -2525
32305783 5632650 -2475
32305993 5632650 -2512
32305993 5632810 -2475
32305912 5632950 -2425
32305993 5632950 -2441
32305993 5633013 -2425
32305993 5633197 -2375
32305845 5633250 -2325
32305993 5633250 -2360
32305993 5633365 -2325
32305993 5633526 -2275
32305835 5633550 -2225
32305993 5633550 -2267
32305993 5633674 -2225
32305993 5633818 -2175
32305864 5633850 -2125
32305993 5633850 -2163
32305700 5633850 -2075
32305993 5633953 -2125
32305993 5634084 -2075
32305918 5634150 -2025
32305993 5634150 -2049
32305767 5634150 -1975
32305993 5634210 -2025
32305993 5634332 -1975
32305990 5634450 -1925
32305993 5634450 -1926
32305850 5634450 -1875
32305712 5634450 -1825
32305993 5634452 -1925
32305993 5634566 -1875
32305993 5634680 -1825
32305943 5634750 -1775
32305993 5634750 -1793
32305812 5634750 -1725
32305993 5634790 -1775
32305993 5634898 -1725
32305993 5635005 -1675
32305920 5635050 -1625
32305993 5635050 -1654
32305796 5635050 -1575
32305993 5635109 -1625
32305993 5635211 -1575
32305993 5635313 -1525
32305914 5635350 -1475
32305993 5635350 -1507
32305793 5635350 -1425
32305993 5635411 -1475
32305993 5635508 -1425
32305993 5635605 -1375
32305926 5635650 -1325
32305993 5635650 -1352
32305804 5635650 -1275
32305993 5635699 -1325
32305993 5635790 -1275
32305993 5635881 -1225
32305960 5635950 -1175
32305993 5635950 -1188
32305834 5635950 -1125
32305710 5635950 -1075
32305993 5635971 -1175
32305993 5636055 -1125
32305993 5636139 -1075
32305993 5636224 -1025
32305900 5636250 -975
32305993 5636250 -1010
32305768 5636250 -925
32305993 5636303 -975
32305993 5636379 -925
32305993 5636455 -875
32305993 5636532 -825
32305886 5636550 -775
32305993 5636550 -813
32305745 5636550 -725
32305993 5636602 -775
32305993 5636669 -725
32305993 5636737 -675
32305993 5636804 -625
32305945 5636850 -575
32305993 5636850 -591
32305799 5636850 -525
32305993 5636870 -575
32305993 5636930 -525
32305993 5636990 -475
32305993 5637049 -425
32305993 5637109 -375
32305947 5637150 -325
32305993 5637150 -340
32305797 5637150 -275
32305993 5637167 -325
32305993 5637221 -275
32305993 5637275 -225
32305993 5637329 -175
32305993 5637382 -125
32305993 5637436 -75
32305886 5637450 -25
32305993 5637450 -62
32305742 5637450 25
32305993 5637488 -25
32305993 5637540 25
32305993 5637591 75
32305993 5637642 125
32305993 5637694 175
32305993 5637745 225
32305873 5637750 275
32305993 5637750 229
32305744 5637750 325
32305993 5637796 275
32305993 5637847 325
32305993 5637898 375
32305993 5637949 425
32305993 5638000 475
32306295 5623650 -2760
32306295 5623950 -2757
32306295 5624250 -2754
32306295 5624550 -2752
32306295 5624850 -2751
32306295 5625150 -2750
32306295 5625450 -2749
32306295 5625750 -2749
32306295 5626050 -2749
32306295 5626350 -2749
32306295 5626650 -2750
32306295 5626950 -2750
32306295 5627250 -2749
32306295 5627550 -2749
32306295 5627850 -2749
32306295 5628150 -2749
32306295 5628450 -2749
32306295 5628750 -2750
32306295 5629050 -2751
32306295 5629350 -2751
32306295 5629650 -2752
32306295 5629950 -2753
32306295 5630250 -2753
32306295 5630550 -2750
32306295 5630850 -2742
32306171 5631150 -2725
32306295 5631150 -2729
32306295 5631225 -2725
32306295 5631450 -2711
32306155 5631750 -2675
32306295 5631750 -2686
32306295 5631859 -2675
32306026 5632050 -2625
32306295 5632050 -2654
32306295 5632270 -2625
32306015 5632350 -2575
32306295 5632350 -2614
32306295 5632583 -2575
32306067 5632650 -2525
32306295 5632650 -2563
32306295 5632839 -2525
32306158 5632950 -2475
32306295 5632950 -2502
32306295 5633062 -2475
32306276 5633250 -2425
32306295 5633250 -2429
32306057 5633250 -2375
32306295 5633264 -2425
32306295 5633443 -2375
32306216 5633550 -2325
32306295 5633550 -2344
32306022 5633550 -2275
32306295 5633612 -2325
32306295 5633770 -2275
32306208 5633850 -2225
32306295 5633850 -2249
32306032 5633850 -2175
32306295 5633919 -2225
32306295 5634060 -2175
32306236 5634150 -2125
32306295 5634150 -2142
32306074 5634150 -2075
32306295 5634196 -2125
32306295 5634325 -2075
32306290 5634450 -2025
32306295 5634450 -2026
32306138 5634450 -1975
32306295 5634453 -2025
32306295 5634573 -1975
32306295 5634692 -1925
32306221 5634750 -1875
32306295 5634750 -1900
32306080 5634750 -1825
32306295 5634806 -1875
32306295 5634917 -1825
32306295 5635028 -1775
32306184 5635050 -1725
32306295 5635050 -1765
32306049 5635050 -1675
32306295 5635133 -1725
32306295 5635237 -1675
32306295 5635341 -1625
32306172 5635350 -1575
32306295 5635350 -1620
32306040 5635350 -1525
32306295 5635438 -1575
32306295 5635535 -1525
32306295 5635633 -1475
32306184 5635650 -1425
32306295 5635650 -1466
32306052 5635650 -1375
32306295 5635724 -1425
32306295 5635814 -1375
32306295 5635904 -1325
32306227 5635950 -1275
32306295 5635950 -1299
32306092 5635950 -1225
32306295 5635990 -1275
32306295 5636073 -1225
32306295 5636155 -1175
32306295 5636238 -1125
32306174 5636250 -1075
32306295 5636250 -1118
32306034 5636250 -1025
32306295 5636314 -1075
32306295 5636389 -1025
32306295 5636463 -975
32306295 5636538 -925
32306173 5636550 -875
32306295 5636550 -917
32306027 5636550 -825
32306295 5636606 -875
32306295 5636673 -825
32306295 5636739 -775
32306295 5636806 -725
32306244 5636850 -675
32306295 5636850 -692
32306094 5636850 -625
32306295 5636870 -675
32306295 5636930 -625
32306295 5636990 -575
32306295 5637049 -525
32306295 5637108 -475
32306251 5637150 -425
32306295 5637150 -439
32306099 5637150 -375
32306295 5637165 -425
32306295 5637220 -375
32306295 5637275 -325
32306295 5637329 -275
32306295 5637383 -225
32306295 5637437 -175
32306180 5637450 -125
32306295 5637450 -163
32306031 5637450 -75
32306295 5637491 -125
32306295 5637544 -75
32306295 5637598 -25
32306295 5637651 25
32306295 5637705 75
32306272 5637750 125
32306295 5637750 116
32306137 5637750 175
32306004 5637750 225
32306295 5637758 125
32306295 5637812 175
32306295 5637865 225
32306295 5637918 275
32306295 5637971 325
32306295 5638024 375
32306231 5638050 425
32306295 5638050 398
32306110 5638050 475
32306295 5638077 425
32306295 5638130 475
32306596 5623650 -2761
32306596 5623950 -2758
32306596 5624250 -2755
32306596 5624550 -2752
32306596 5624850 -2751
32306596 5625150 -2750
32306596 5625450 -2749
32306596 5625750 -2749
32306596 5626050 -2749
32306596 5626350 -2749
32306596 5626650 -2750
32306596 5626950 -2750
32306596 5627250 -2750
32306596 5627550 -2749
32306596 5627850 -2749
32306596 5628150 -2749
32306596 5628450 -2750
32306596 5628750 -2750
32306596 5629050 -2750
32306596 5629350 -2751
32306596 5629650 -2751
32306596 5629950 -2752
32306596 5630250 -2753
32306596 5630550 -2751
32306596 5630850 -2746
32306596 5631150 -2737
32306580 5631450 -2725
32306596 5631450 -2725
32306596 5631464 -2725
32306596 5631750 -2709
32306487 5632050 -2675
32306596 5632050 -2686
32306596 5632159 -2675
32306374 5632350 -2625
32306596 5632350 -2654
32306596 5632562 -2625
32306364 5632650 -2575
32306596 5632650 -2612
32306596 5632862 -2575
32306415 5632950 -2525
32306596 5632950 -2559
32306596 5633108 -2525
32306507 5633250 -2475
32306596 5633250 -2494
32306596 5633325 -2475
32306596 5633519 -2425
32306419 5633550 -2375
32306596 5633550 -2417
32306596 5633694 -2375
32306581 5633850 -2325
32306596 5633850 -2328
32306391 5633850 -2275
32306596 5633861 -2325
32306596 5634013 -2275
32306580 5634150 -2225
32306596 5634150 -2229
32306405 5634150 -2175
32306596 5634162 -2225
32306596 5634298 -2175
32306596 5634434 -2125
32306451 5634450 -2075
32306596 5634450 -2119
32306596 5634560 -2075
32306596 5634684 -2025
32306522 5634750 -1975
32306596 5634750 -1998
32306369 5634750 -1925
32306596 5634804 -1975
32306596 5634918 -1925
32306596 5635033 -1875
32306469 5635050 -1825
32306596 5635050 -1867
32306323 5635050 -1775
32306596 5635140 -1825
32306596 5635246 -1775
32306593 5635350 -1725
32306596 5635350 -1725
32306449 5635350 -1675
32306306 5635350 -1625
32306596 5635351 -1725
32306596 5635449 -1675
32306596 5635547 -1625
32306596 5635644 -1575
32306460 5635650 -1525
32306596 5635650 -1572
32306319 5635650 -1475
32306596 5635735 -1525
32306596 5635825 -1475
32306596 5635915 -1425
32306508 5635950 -1375
32306596 5635950 -1405
32306366 5635950 -1325
32306596 5636000 -1375
32306596 5636082 -1325
32306596 5636164 -1275
32306596 5636246 -1225
32306458 5636250 -1175
32306596 5636250 -1222
32306314 5636250 -1125
32306596 5636321 -1175
32306596 5636395 -1125
32306596 5636469 -1075
32306596 5636543 -1025
32306463 5636550 -975
32306596 5636550 -1020
32306317 5636550 -925
32306596 5636611 -975
32306596 5636678 -925
32306596 5636745 -875
32306596 5636811 -825
32306535 5636850 -775
32306596 5636850 -796
32306390 5636850 -725
32306596 5636876 -775
32306596 5636936 -725
32306596 5636997 -675
32306596 5637057 -625
32306596 5637117 -575
32306532 5637150 -525
32306596 5637150 -547
32306394 5637150 -475
32306596 5637175 -525
32306596 5637232 -475
32306596 5637288 -425
32306596 5637344 -375
32306596 5637400 -325
32306583 5637450 -275
32306596 5637450 -280
32306454 5637450 -225
32306324 5637450 -175
32306596 5637455 -275
32306596 5637510 -225
32306596 5637565 -175
32306596 5637619 -125
32306596 5637674 -75
32306596 5637729 -25
32306519 5637750 25
32306596 5637750 -6
32306397 5637750 75
32306596 5637784 25
32306596 5637838 75
32306596 5637892 125
32306596 5637946 175
32306596 5638000 225
32306585 5638050 275
32306596 5638050 270
32306468 5638050 325
32306351 5638050 375
32306596 5638054 275
32306596 5638108 325
32306596 5638162 375
32306596 5638216 425
32306596 5638270 475
32306897 5623650 -2763
32306897 5623950 -2758
32306897 5624250 -2755
32306897 5624550 -2753
32306897 5624850 -2751
32306897 5625150 -2750
32306897 5625450 -2749
32306897 5625750 -2749
32306897 5626050 -2749
32306897 5626350 -2749
32306897 5626650 -2749
32306897 5626950 -2749
32306897 5627250 -2749
32306897 5627550 -2749
32306897 5627850 -2749
32306897 5628150 -2750
32306897 5628450 -2750
32306897 5628750 -2750
32306897 5629050 -2750
32306897 5629350 -2750
32306897 5629650 -2750
32306897 5629950 -2751
32306897 5630250 -2751
32306897 5630550 -2749
32306897 5630850 -2746
32306897 5631150 -2743
32306897 5631450 -2738
32306808 5631750 -2725
32306897 5631750 -2731
32306897 5631890 -2725
32306897 5632050 -2717
32306749 5632350 -2675
32306897 5632350 -2694
32306897 5632519 -2675
32306674 5632650 -2625
32306897 5632650 -2659
32306897 5632876 -2625
32306683 5632950 -2575
32306897 5632950 -2613
32306897 5633148 -2575
32306748 5633250 -2525
32306897 5633250 -2555
32306897 5633379 -2525
32306853 5633550 -2475
32306897 5633550 -2484
32306630 5633550 -2425
32306897 5633585 -2475
32306897 5633768 -2425
32306783 5633850 -2375
32306897 5633850 -2402
32306897 5633939 -2375
32306897 5634099 -2325
32306767 5634150 -2275
32306897 5634150 -2309
32306897 5634248 -2275
32306897 5634391 -2225
32306792 5634450 -2175
32306897 5634450 -2204
32306616 5634450 -2125
32306897 5634526 -2175
32306897 5634656 -2125
32306851 5634750 -2075
32306897 5634750 -2088
32306683 5634750 -2025
32306897 5634782 -2075
32306897 5634901 -2025
32306897 5635019 -1975
32306778 5635050 -1925
32306897 5635050 -1961
32306619 5635050 -1875
32306897 5635130 -1925
32306897 5635238 -1875
32306897 5635346 -1825
32306747 5635350 -1775
32306897 5635350 -1823
32306897 5635446 -1775
32306897 5635545 -1725
32306897 5635644 -1675
32306754 5635650 -1625
32306897 5635650 -1672
32306604 5635650 -1575
32306897 5635735 -1625
32306897 5635826 -1575
32306897 5635917 -1525
32306802 5635950 -1475
32306897 5635950 -1506
32306653 5635950 -1425
32306897 5636002 -1475
32306897 5636085 -1425
32306897 5636168 -1375
32306896 5636250 -1325
32306897 5636250 -1325
32306749 5636250 -1275
32306602 5636250 -1225
32306897 5636250 -1325
32306897 5636326 -1275
32306897 5636401 -1225
32306897 5636476 -1175
32306896 5636550 -1125
32306897 5636550 -1125
32306752 5636550 -1075
32306608 5636550 -1025
32306897 5636550 -1125
32306897 5636619 -1075
32306897 5636687 -1025
32306897 5636755 -975
32306897 5636823 -925
32306814 5636850 -875
32306897 5636850 -905
32306675 5636850 -825
32306897 5636887 -875
32306897 5636950 -825
32306897 5637012 -775
32306897 5637074 -725
32306897 5637136 -675
32306796 5637150 -625
32306897 5637150 -663
32306666 5637150 -575
32306897 5637195 -625
32306897 5637253 -575
32306897 5637312 -525
32306897 5637370 -475
32306897 5637428 -425
32306822 5637450 -375
32306897 5637450 -406
32306702 5637450 -325
32306897 5637485 -375
32306897 5637541 -325
32306897 5637597 -275
32306897 5637653 -225
32306897 5637708 -175
32306867 5637750 -125
32306897 5637750 -138
32306752 5637750 -75
32306638 5637750 -25
32306897 5637764 -125
32306897 5637819 -75
32306897 5637873 -25
32306897 5637928 25
32306897 5637983 75
32306897 5638038 125
32306809 5638050 175
32306897 5638050 135
32306697 5638050 225
32306897 5638093 175
32306897 5638148 225
32306897 5638203 275
32306897 5638258 325
32306897 5638313 375
32306861 5638350 425
32306897 5638350 408
32306754 5638350 475
32306897 5638368 425
32306897 5638423 475
32307198 5623650 -2764
32307198 5623950 -2759
32307198 5624250 -2756
32307198 5624550 -2753
32307198 5624850 -2751
32307198 5625150 -2750
32307198 5625450 -2749
32307198 5625750 -2749
32307198 5626050 -2749
32307198 5626350 -2749
32307198 5626650 -2749
32307198 5626950 -2749
32307198 5627250 -2749
32307198 5627550 -2749
32307198 5627850 -2750
32307198 5628150 -2750
32307198 5628450 -2751
32307198 5628750 -2751
32307198 5629050 -2750
32307198 5629350 -2749
32307198 5629650 -2749
32307198 5629950 -2750
32307198 5630250 -2749
32307198 5630550 -2745
32307198 5630850 -2745
32307198 5631150 -2748
32307198 5631450 -2752
32307198 5631750 -2754
32306967 5632050 -2725
32307198 5632050 -2749
32307132 5632350 -2725
32307198 5632350 -2733
32307198 5632443 -2725
32306996 5632650 -2675
32307198 5632650 -2705
32307198 5632876 -2675
32306963 5632950 -2625
32307198 5632950 -2664
32307198 5633177 -2625
32307002 5633250 -2575
32307198 5633250 -2611
32307198 5633421 -2575
32307091 5633550 -2525
32307198 5633550 -2546
32307198 5633636 -2525
32307198 5633831 -2475
32306996 5633850 -2425
32307198 5633850 -2470
32307198 5634004 -2425
32307169 5634150 -2375
32307198 5634150 -2381
32306962 5634150 -2325
32307198 5634171 -2375
32307198 5634322 -2325
32307169 5634450 -2275
32307198 5634450 -2282
32306976 5634450 -2225
32307198 5634470 -2275
32307198 5634605 -2225
32307198 5634740 -2175
32307028 5634750 -2125
32307198 5634750 -2171
32307198 5634864 -2125
32307198 5634986 -2075
32307115 5635050 -2025
32307198 5635050 -2048
32306942 5635050 -1975
32307198 5635103 -2025
32307198 5635214 -1975
32307198 5635325 -1925
32307068 5635350 -1875
32307198 5635350 -1914
32306903 5635350 -1825
32307198 5635429 -1875
32307198 5635531 -1825
32307198 5635632 -1775
32307066 5635650 -1725
32307198 5635650 -1766
32306906 5635650 -1675
32307198 5635726 -1725
32307198 5635819 -1675
32307198 5635911 -1625
32307108 5635950 -1575
32307198 5635950 -1604
32306953 5635950 -1525
32307198 5635999 -1575
32307198 5636083 -1525
32307198 5636168 -1475
32307195 5636250 -1425
32307198 5636250 -1426
32307045 5636250 -1375
32307198 5636251 -1425
32307198 5636328 -1375
32307198 5636405 -1325
32307198 5636482 -1275
32307182 5636550 -1225
32307198 5636550 -1230
32307039 5636550 -1175
32307198 5636557 -1225
32307198 5636628 -1175
32307198 5636698 -1125
32307198 5636768 -1075
32307198 5636838 -1025
32307086 5636850 -975
32307198 5636850 -1016
32306951 5636850 -925
32307198 5636903 -975
32307198 5636968 -925
32307198 5637033 -875
32307198 5637097 -825
32307177 5637150 -775
32307198 5637150 -783
32307051 5637150 -725
32306925 5637150 -675
32307198 5637160 -775
32307198 5637220 -725
32307198 5637281 -675
32307198 5637341 -625
32307198 5637400 -575
32307178 5637450 -525
32307198 5637450 -533
32307059 5637450 -475
32306941 5637450 -425
32307198 5637460 -525
32307198 5637517 -475
32307198 5637573 -425
32307198 5637630 -375
32307198 5637686 -325
32307198 5637743 -275
32307097 5637750 -225
32307198 5637750 -269
32306982 5637750 -175
32307198 5637799 -225
32307198 5637855 -175
32307198 5637911 -125
32307198 5637967 -75
32307198 5638024 -25
32307138 5638050 25
32307198 5638050 -2
32307029 5638050 75
32306921 5638050 125
32307198 5638081 25
32307198 5638139 75
32307198 5638196 125
32307198 5638253 175
32307198 5638309 225
32307170 5638350 275
32307198 5638350 261
32307068 5638350 325
32306966 5638350 375
32307198 5638365 275
32307198 5638421 325
32307198 5638476 375
32307198 5638532 425
32307198 5638587 475
32307500 5623650 -2765
32307500 5623950 -2760
32307500 5624250 -2756
32307500 5624550 -2753
32307500 5624850 -2751
32307500 5625150 -2750
32307500 5625450 -2749
32307500 5625750 -2749
32307500 5626050 -2748
32307500 5626350 -2749
32307500 5626650 -2749
32307500 5626950 -2749
32307500 5627250 -2749
32307500 5627550 -2749
32307500 5627850 -2749
32307500 5628150 -2750
32307500 5628450 -2751
32307500 5628750 -2752
32307500 5629050 -2751
32307500 5629350 -2750
32307500 5629650 -2749
32307500 5629950 -2751
32307500 5630250 -2751
32307500 5630550 -2748
32307500 5630850 -2750
32307500 5631150 -2759
32307500 5631450 -2772
32307423 5631750 -2775
32307500 5631750 -2781
32307500 5631541 -2775
32307425 5632050 -2775
32307500 5632050 -2783
32307500 5632287 -2775
32307500 5632350 -2772
32307332 5632650 -2725
32307500 5632650 -2749
32307500 5632850 -2725
32307261 5632950 -2675
32307500 5632950 -2712
32307500 5633183 -2675
32307273 5633250 -2625
32307500 5633250 -2664
32307500 5633444 -2625
32307346 5633550 -2575
32307500 5633550 -2603
32307500 5633670 -2575
32307467 5633850 -2525
32307500 5633850 -2531
32307222 5633850 -2475
32307500 5633874 -2525
32307500 5634054 -2475
32307393 5634150 -2425
32307500 5634150 -2448
32307500 5634224 -2425
32307500 5634382 -2375
32307378 5634450 -2325
32307500 5634450 -2353
32307500 5634531 -2325
32307500 5634672 -2275
32307410 5634750 -2225
32307500 5634750 -2247
32307212 5634750 -2175
32307500 5634807 -2225
32307500 5634934 -2175
32307483 5635050 -2125
32307500 5635050 -2129
32307295 5635050 -2075
32307500 5635059 -2125
32307500 5635175 -2075
32307500 5635290 -2025
32307414 5635350 -1975
32307500 5635350 -1998
32307237 5635350 -1925
32307500 5635400 -1975
32307500 5635504 -1925
32307500 5635608 -1875
32307397 5635650 -1825
32307500 5635650 -1855
32307228 5635650 -1775
32307500 5635707 -1825
32307500 5635803 -1775
32307500 5635897 -1725
32307427 5635950 -1675
32307500 5635950 -1697
32307265 5635950 -1625
32307500 5635989 -1675
32307500 5636076 -1625
32307500 5636162 -1575
32307500 5636248 -1525
32307348 5636250 -1475
32307500 5636250 -1524
32307500 5636328 -1475
32307500 5636408 -1425
32307500 5636486 -1375
32307471 5636550 -1325
32307500 5636550 -1334
32307326 5636550 -1275
32307500 5636564 -1325
32307500 5636637 -1275
32307500 5636710 -1225
32307500 5636782 -1175
32307490 5636850 -1125
32307500 5636850 -1128
32307355 5636850 -1075
32307221 5636850 -1025
32307500 5636854 -1125
32307500 5636922 -1075
32307500 5636989 -1025
32307500 5637056 -975
32307500 5637123 -925
32307425 5637150 -875
32307500 5637150 -905
32307301 5637150 -825
32307500 5637188 -875
32307500 5637251 -825
32307500 5637314 -775
32307500 5637376 -725
32307500 5637439 -675
32307405 5637450 -625
32307500 5637450 -666
32307292 5637450 -575
32307500 5637499 -625
32307500 5637559 -575
32307500 5637619 -525
32307500 5637679 -475
32307500 5637738 -425
32307416 5637750 -375
32307500 5637750 -415
32307313 5637750 -325
32307210 5637750 -275
32307500 5637798 -375
32307500 5637858 -325
32307500 5637918 -275
32307500 5637979 -225
32307500 5638039 -175
32307426 5638050 -125
32307500 5638050 -166
32307335 5638050 -75
32307242 5638050 -25
32307500 5638095 -125
32307500 5638149 -75
32307500 5638204 -25
32307500 5638260 25
32307500 5638315 75
32307462 5638350 125
32307500 5638350 105
32307366 5638350 175
32307269 5638350 225
32307500 5638371 125
32307500 5638427 175
32307500 5638483 225
32307500 5638538 275
32307500 5638594 325
32307500 5638649 375
32307404 5638650 425
32307500 5638650 375
32307308 5638650 475
32307500 5638704 425
32307500 5638759 475
32307801 5623650 -2766
32307801 5623950 -2761
32307801 5624250 -2757
32307801 5624550 -2754
32307801 5624850 -2751
32307801 5625150 -2750
32307801 5625450 -2749
32307801 5625750 -2748
32307801 5626050 -2748
32307801 5626350 -2748
32307801 5626650 -2749
32307801 5626950 -2749
32307801 5627250 -2749
32307801 5627550 -2749
32307801 5627850 -2749
32307801 5628150 -2750
32307801 5628450 -2751
32307801 5628750 -2752
32307801 5629050 -2752
32307801 5629350 -2750
32307801 5629650 -2750
32307801 5629950 -2754
32307801 5630250 -2757
32307801 5630550 -2761
32307801 5630850 -2768
32307730 5631150 -2775
32307801 5631150 -2779
32307801 5631027 -2775
32307536 5631450 -2775
32307801 5631450 -2796
32307801 5631750 -2812
32307801 5632050 -2818
32307517 5632350 -2775
32307801 5632350 -2810
32307692 5632650 -2775
32307801 5632650 -2789
32307801 5632780 -2775
32307584 5632950 -2725
32307801 5632950 -2755
32307801 5633155 -2725
32307569 5633250 -2675
32307801 5633250 -2710
32307801 5633439 -2675
32307626 5633550 -2625
32307801 5633550 -2654
32307801 5633679 -2625
32307737 5633850 -2575
32307801 5633850 -2586
32307801 5633894 -2575
32307801 5634084 -2525
32307634 5634150 -2475
32307801 5634150 -2507
32307801 5634260 -2475
32307801 5634426 -2425
32307599 5634450 -2375
32307801 5634450 -2417
32307801 5634577 -2375
32307801 5634725 -2325
32307619 5634750 -2275
32307801 5634750 -2316
32307801 5634860 -2275
32307801 5634992 -2225
32307685 5635050 -2175
32307801 5635050 -2203
32307801 5635118 -2175
32307801 5635237 -2125
32307790 5635350 -2075
32307801 5635350 -2077
32307599 5635350 -2025
32307801 5635355 -2075
32307801 5635464 -2025
32307801 5635572 -1975
32307750 5635650 -1925
32307801 5635650 -1939
32307570 5635650 -1875
32307801 5635677 -1925
32307801 5635776 -1875
32307801 5635874 -1825
32307761 5635950 -1775
32307801 5635950 -1786
32307592 5635950 -1725
32307801 5635970 -1775
32307801 5636061 -1725
32307801 5636150 -1675
32307801 5636239 -1625
32307660 5636250 -1575
32307801 5636250 -1619
32307502 5636250 -1525
32307801 5636323 -1575
32307801 5636405 -1525
32307801 5636487 -1475
32307765 5636550 -1425
32307801 5636550 -1436
32307618 5636550 -1375
32307801 5636568 -1425
32307801 5636644 -1375
32307801 5636720 -1325
32307801 5636795 -1275
32307763 5636850 -1225
32307801 5636850 -1238
32307626 5636850 -1175
32307801 5636869 -1225
32307801 5636940 -1175
32307801 5637010 -1125
32307801 5637080 -1075
32307800 5637150 -1025
32307801 5637150 -1025
32307674 5637150 -975
32307549 5637150 -925
32307801 5637150 -1025
32307801 5637217 -975
32307801 5637283 -925
32307801 5637349 -875
32307801 5637414 -825
32307747 5637450 -775
32307801 5637450 -798
32307633 5637450 -725
32307519 5637450 -675
32307801 5637479 -775
32307801 5637542 -725
32307801 5637605 -675
32307801 5637668 -625
32307801 5637730 -575
32307727 5637750 -525
32307801 5637750 -559
32307622 5637750 -475
32307519 5637750 -425
32307801 5637791 -525
32307801 5637851 -475
32307801 5637911 -425
32307801 5637970 -375
32307801 5638029 -325
32307731 5638050 -275
32307801 5638050 -307
32307624 5638050 -225
32307518 5638050 -175
32307801 5638087 -275
32307801 5638145 -225
32307801 5638202 -175
32307801 5638259 -125
32307801 5638317 -75
32307758 5638350 -25
32307801 5638350 -46
32307658 5638350 25
32307559 5638350 75
32307801 5638375 -25
32307801 5638434 25
32307801 5638492 75
32307801 5638549 125
32307801 5638605 175
32307782 5638650 225
32307801 5638650 214
32307689 5638650 275
32307595 5638650 325
32307500 5638650 375
32307801 5638661 225
32307801 5638715 275
32307801 5638770 325
32307801 5638825 375
32307801 5638879 425
32307801 5638934 475
32308102 5623650 -2767
32308102 5623950 -2762
32308102 5624250 -2758
32308102 5624550 -2754
32308102 5624850 -2752
32308102 5625150 -2750
32308102 5625450 -2749
32308102 5625750 -2748
32308102 5626050 -2748
32308102 5626350 -2748
32308102 5626650 -2748
32308102 5626950 -2749
32308102 5627250 -2749
32308102 5627550 -2749
32308102 5627850 -2750
32308102 5628150 -2750
32308102 5628450 -2750
32308102 5628750 -2750
32308102 5629050 -2750
32308102 5629350 -2748
32308102 5629650 -2749
32308102 5629950 -2759
32308102 5630250 -2764
32308047 5630550 -2775
32308102 5630550 -2778
32308102 5630482 -2775
32307895 5630850 -2775
32308102 5630850 -2789
32308102 5631150 -2801
32308102 5631450 -2823
32307919 5631750 -2825
32308102 5631750 -2844
32308102 5631471 -2825
32307860 5632050 -2825
32308102 5632050 -2851
32307928 5632350 -2825
32308102 5632350 -2844
32308102 5632635 -2825
32308102 5632650 -2823
32307957 5632950 -2775
32308102 5632950 -2792
32308102 5633075 -2775
32307909 5633250 -2725
32308102 5633250 -2750
32308102 5633395 -2725
32307944 5633550 -2675
32308102 5633550 -2697
32308102 5633658 -2675
32308042 5633850 -2625
32308102 5633850 -2634
32308102 5633889 -2625
32308102 5634092 -2575
32307898 5634150 -2525
32308102 5634150 -2560
32308102 5634276 -2525
32308099 5634450 -2475
32308102 5634450 -2475
32307838 5634450 -2425
32308102 5634451 -2475
32308102 5634608 -2425
32308081 5634750 -2375
32308102 5634750 -2379
32307841 5634750 -2325
32308102 5634762 -2375
32308102 5634901 -2325
32308102 5635039 -2275
32307896 5635050 -2225
32308102 5635050 -2271
32308102 5635166 -2225
32308102 5635290 -2175
32307995 5635350 -2125
32308102 5635350 -2150
32308102 5635409 -2125
32308102 5635522 -2075
32308102 5635634 -2025
32307937 5635650 -1975
32308102 5635650 -2017
32308102 5635738 -1975
32308102 5635840 -1925
32308102 5635942 -1875
32307937 5635950 -1825
32308102 5635950 -1871
32308102 5636037 -1825
32308102 5636130 -1775
32308102 5636223 -1725
32307984 5636250 -1675
32308102 5636250 -1710
32307819 5636250 -1625
32308102 5636311 -1675
32308102 5636397 -1625
32308102 5636482 -1575
32308070 5636550 -1525
32308102 5636550 -1535
32307917 5636550 -1475
32308102 5636566 -1525
32308102 5636646 -1475
32308102 5636725 -1425
32308102 5636804 -1375
32308043 5636850 -1325
32308102 5636850 -1345
32307902 5636850 -1275
32308102 5636880 -1325
32308102 5636954 -1275
32308102 5637028 -1225
32308102 5637101 -1175
32308058 5637150 -1125
32308102 5637150 -1141
32307929 5637150 -1075
32308102 5637173 -1125
32308102 5637243 -1075
32308102 5637312 -1025
32308102 5637381 -975
32308102 5637449 -925
32307983 5637450 -875
32308102 5637450 -924
32307864 5637450 -825
32308102 5637515 -875
32308102 5637581 -825
32308102 5637647 -775
32308102 5637712 -725
32308055 5637750 -675
32308102 5637750 -696
32307945 5637750 -625
32307834 5637750 -575
32308102 5637776 -675
32308102 5637839 -625
32308102 5637902 -575
32308102 5637964 -525
32308102 5638026 -475
32308040 5638050 -425
32308102 5638050 -455
32307939 5638050 -375
32307837 5638050 -325
32308102 5638089 -425
32308102 5638152 -375
32308102 5638217 -325
32308102 5638281 -275
32308102 5638342 -225
32308029 5638350 -175
32308102 5638350 -219
32307944 5638350 -125
32307854 5638350 -75
32308102 5638399 -175
32308102 5638454 -125
32308102 5638510 -75
32308102 5638565 -25
32308102 5638621 25
32308060 5638650 75
32308102 5638650 51
32307969 5638650 125
32307876 5638650 175
32308102 5638674 75
32308102 5638727 125
32308102 5638780 175
32308102 5638833 225
32308102 5638887 275
32308102 5638941 325
32308022 5638950 375
32308102 5638950 333
32307925 5638950 425
32307829 5638950 475
32308102 5638995 375
32308102 5639050 425
32308102 5639105 475
32308403 5623650 -2769
32308403 5623950 -2763
32308403 5624250 -2758
32308403 5624550 -2755
32308403 5624850 -2752
32308403 5625150 -2750
32308403 5625450 -2749
32308403 5625750 -2748
32308403 5626050 -2748
32308403 5626350 -2748
32308403 5626650 -2748
32308403 5626950 -2749
32308403 5627250 -2749
32308403 5627550 -2750
32308403 5627850 -2750
32308403 5628150 -2749
32308403 5628450 -2749
32308403 5628750 -2749
32308403 5629050 -2749
32308403 5629350 -2750
32308403 5629650 -2757
32308403 5629950 -2763
32308403 5630250 -2771
32308403 5630550 -2791
32308403 5630299 -2775
32308403 5630850 -2801
32308403 5631150 -2817
32308119 5631450 -2825
32308403 5631450 -2849
32308403 5631223 -2825
32308403 5631750 -2873
32308361 5632050 -2875
32308403 5632050 -2878
32308403 5631833 -2875
32308403 5632170 -2875
32308403 5632350 -2869
32308114 5632650 -2825
32308403 5632650 -2849
32308403 5632910 -2825
32308403 5632950 -2821
32308330 5633250 -2775
32308403 5633250 -2782
32308403 5633298 -2775
32308325 5633550 -2725
32308403 5633550 -2734
32308403 5633599 -2725
32308396 5633850 -2675
32308403 5633850 -2675
32308403 5633854 -2675
32308403 5634071 -2625
32308195 5634150 -2575
32308403 5634150 -2606
32308403 5634270 -2575
32308391 5634450 -2525
32308403 5634450 -2527
32308403 5634456 -2525
32308403 5634622 -2475
32308344 5634750 -2425
32308403 5634750 -2436
32308403 5634782 -2425
32308403 5634929 -2375
32308362 5635050 -2325
32308403 5635050 -2333
32308120 5635050 -2275
32308403 5635072 -2325
32308403 5635204 -2275
32308403 5635334 -2225
32308208 5635350 -2175
32308403 5635350 -2218
32308403 5635454 -2175
32308403 5635572 -2125
32308334 5635650 -2075
32308403 5635650 -2091
32308131 5635650 -2025
32308403 5635686 -2075
32308403 5635793 -2025
32308403 5635900 -1975
32308303 5635950 -1925
32308403 5635950 -1951
32308116 5635950 -1875
32308403 5636002 -1925
32308403 5636100 -1875
32308403 5636197 -1825
32308324 5636250 -1775
32308403 5636250 -1797
32308151 5636250 -1725
32308403 5636291 -1775
32308403 5636381 -1725
32308403 5636470 -1675
32308386 5636550 -1625
32308403 5636550 -1630
32308227 5636550 -1575
32308403 5636558 -1625
32308403 5636642 -1575
32308403 5636724 -1525
32308403 5636806 -1475
32308334 5636850 -1425
32308403 5636850 -1448
32308187 5636850 -1375
32308403 5636886 -1425
32308403 5636963 -1375
32308403 5637040 -1325
32308403 5637116 -1275
32308327 5637150 -1225
32308403 5637150 -1253
32308191 5637150 -1175
32308403 5637190 -1225
32308403 5637263 -1175
32308403 5637335 -1125
32308403 5637407 -1075
32308353 5637450 -1025
32308403 5637450 -1044
32308227 5637450 -975
32308102 5637450 -925
32308403 5637477 -1025
32308403 5637546 -975
32308403 5637614 -925
32308403 5637682 -875
32308403 5637750 -825
32308403 5637750 -825
32308286 5637750 -775
32308169 5637750 -725
32308403 5637750 -825
32308403 5637816 -775
32308403 5637882 -725
32308403 5637947 -675
32308403 5638012 -625
32308357 5638050 -575
32308403 5638050 -596
32308249 5638050 -525
32308143 5638050 -475
32308403 5638077 -575
32308403 5638140 -525
32308403 5638203 -475
32308403 5638266 -425
32308403 5638327 -375
32308336 5638350 -325
32308403 5638350 -355
32308225 5638350 -275
32308115 5638350 -225
32308403 5638385 -325
32308403 5638442 -275
32308403 5638500 -225
32308403 5638556 -175
32308403 5638613 -125
32308368 5638650 -75
32308403 5638650 -91
32308262 5638650 -25
32308157 5638650 25
32308403 5638667 -75
32308403 5638719 -25
32308403 5638772 25
32308403 5638826 75
32308403 5638880 125
32308403 5638934 175
32308326 5638950 225
32308403 5638950 188
32308222 5638950 275
32308119 5638950 325
32308403 5638990 225
32308403 5639047 275
32308403 5639103 325
32308403 5639160 375
32308403 5639218 425
32308359 5639250 475
32308403 5639250 452
32308403 5639276 475
32308704 5623650 -2770
32308704 5623950 -2764
32308704 5624250 -2759
32308704 5624550 -2755
32308704 5624850 -2752
32308704 5625150 -2750
32308704 5625450 -2749
32308704 5625750 -2748
32308704 5626050 -2748
32308704 5626350 -2748
32308704 5626650 -2749
32308704 5626950 -2749
32308704 5627250 -2749
32308704 5627550 -2750
32308704 5627850 -2749
32308704 5628150 -2749
32308704 5628450 -2747
32308704 5628750 -2746
32308704 5629050 -2748
32308704 5629350 -2752
32308704 5629650 -2761
32308704 5629950 -2770
32308599 5630250 -2775
32308704 5630250 -2776
32308704 5630172 -2775
32308704 5630550 -2793
32308704 5630850 -2812
32308493 5631150 -2825
32308704 5631150 -2844
32308704 5630968 -2825
32308687 5631450 -2875
32308704 5631450 -2876
32308704 5631435 -2875
32308427 5631750 -2875
32308704 5631750 -2891
32308704 5632050 -2890
32308532 5632350 -2875
32308704 5632350 -2882
32308704 5632490 -2875
32308704 5632650 -2866
32308458 5632950 -2825
32308704 5632950 -2841
32308704 5633101 -2825
32308704 5633250 -2808
32308704 5633479 -2775
32308704 5633550 -2764
32308704 5633772 -2725
32308704 5633850 -2711
32308704 5634019 -2675
32308538 5634150 -2625
32308704 5634150 -2647
32308704 5634239 -2625
32308704 5634440 -2575
32308704 5634450 -2572
32308704 5634617 -2525
32308632 5634750 -2475
32308704 5634750 -2487
32308704 5634788 -2475
32308704 5634943 -2425
32308622 5635050 -2375
32308704 5635050 -2390
32308704 5635092 -2375
32308704 5635231 -2325
32308671 5635350 -2275
32308704 5635350 -2281
32308432 5635350 -2225
32308704 5635367 -2275
32308704 5635492 -2225
32308704 5635615 -2175
32308547 5635650 -2125
32308704 5635650 -2161
32308704 5635732 -2125
32308704 5635844 -2075
32308693 5635950 -2025
32308704 5635950 -2027
32308495 5635950 -1975
32308704 5635955 -2025
32308704 5636058 -1975
32308704 5636161 -1925
32308682 5636250 -1875
32308704 5636250 -1881
32308501 5636250 -1825
32308704 5636261 -1875
32308704 5636356 -1825
32308704 5636449 -1775
32308704 5636542 -1725
32308551 5636550 -1675
32308704 5636550 -1721
32308704 5636630 -1675
32308704 5636716 -1625
32308704 5636802 -1575
32308636 5636850 -1525
32308704 5636850 -1547
32308484 5636850 -1475
32308704 5636886 -1525
32308704 5636966 -1475
32308704 5637046 -1425
32308704 5637126 -1375
32308606 5637150 -1325
32308704 5637150 -1359
32308465 5637150 -1275
32308704 5637202 -1325
32308704 5637277 -1275
32308704 5637352 -1225
32308704 5637426 -1175
32308614 5637450 -1125
32308704 5637450 -1159
32308482 5637450 -1075
32308704 5637498 -1125
32308704 5637569 -1075
32308704 5637639 -1025
32308704 5637708 -975
32308653 5637750 -925
32308704 5637750 -945
32308528 5637750 -875
32308704 5637777 -925
32308704 5637844 -875
32308704 5637910 -825
32308704 5637976 -775
32308704 5638042 -725
32308596 5638050 -675
32308704 5638050 -719
32308473 5638050 -625
32308704 5638105 -675
32308704 5638168 -625
32308704 5638230 -575
32308704 5638292 -525
32308697 5638350 -475
32308704 5638350 -477
32308572 5638350 -425
32308449 5638350 -375
32308704 5638353 -475
32308704 5638409 -425
32308704 5638465 -375
32308704 5638520 -325
32308704 5638575 -275
32308704 5638630 -225
32308619 5638650 -175
32308704 5638650 -206
32308488 5638650 -125
32308704 5638685 -175
32308704 5638741 -125
32308704 5638798 -75
32308704 5638855 -25
32308704 5638912 25
32308661 5638950 75
32308704 5638950 56
32308546 5638950 125
32308433 5638950 175
32308704 5638972 75
32308704 5639034 125
32308704 5639095 175
32308704 5639156 225
32308704 5639217 275
32308658 5639250 325
32308704 5639250 301
32308557 5639250 375
32308458 5639250 425
32308704 5639278 325
32308704 5639340 375
32308704 5639402 425
32308704 5639464 475
32309006 5623650 -2771
32309006 5623950 -2765
32309006 5624250 -2760
32309006 5624550 -2755
32309006 5624850 -2752
32309006 5625150 -2750
32309006 5625450 -2749
32309006 5625750 -2748
32309006 5626050 -2748
32309006 5626350 -2748
32309006 5626650 -2749
32309006 5626950 -2749
32309006 5627250 -2750
32309006 5627550 -2749
32309006 5627850 -2749
32309006 5628150 -2748
32309006 5628450 -2747
32309006 5628750 -2746
32309006 5629050 -2744
32309006 5629350 -2744
32309006 5629650 -2753
32309006 5629950 -2770
32309006 5630250 -2783
32309006 5630057 -2775
32309006 5630550 -2805
32308818 5630850 -2825
32309006 5630850 -2845
32309006 5630696 -2825
32308947 5631150 -2875
32309006 5631150 -2882
32309006 5631088 -2875
32309006 5631450 -2895
32309006 5631750 -2892
32309006 5632050 -2891
32309006 5632350 -2887
32308967 5632650 -2875
32309006 5632650 -2876
32309006 5632669 -2875
32309006 5632950 -2856
32308963 5633250 -2825
32309006 5633250 -2827
32309006 5633271 -2825
32308831 5633550 -2775
32309006 5633550 -2789
32309006 5633638 -2775
32308846 5633850 -2725
32309006 5633850 -2740
32309006 5633930 -2725
32308945 5634150 -2675
32309006 5634150 -2681
32309006 5634180 -2675
32309006 5634397 -2625
32308722 5634450 -2575
32309006 5634450 -2612
32309006 5634593 -2575
32308952 5634750 -2525
32309006 5634750 -2533
32309006 5634777 -2525
32309006 5634943 -2475
32308904 5635050 -2425
32309006 5635050 -2442
32309006 5635101 -2425
32309006 5635248 -2375
32308927 5635350 -2325
32309006 5635350 -2340
32309006 5635390 -2325
32309006 5635522 -2275
32309000 5635650 -2225
32309006 5635650 -2226
32308768 5635650 -2175
32309006 5635652 -2225
32309006 5635772 -2175
32309006 5635890 -2125
32308902 5635950 -2075
32309006 5635950 -2099
32309006 5636003 -2075
32309006 5636112 -2025
32309006 5636219 -1975
32308870 5636250 -1925
32309006 5636250 -1960
32309006 5636320 -1925
32309006 5636419 -1875
32309006 5636517 -1825
32308890 5636550 -1775
32309006 5636550 -1808
32308718 5636550 -1725
32309006 5636611 -1775
32309006 5636701 -1725
32309006 5636792 -1675
32308950 5636850 -1625
32309006 5636850 -1642
32308792 5636850 -1575
32309006 5636879 -1625
32309006 5636964 -1575
32309006 5637047 -1525
32309006 5637130 -1475
32308894 5637150 -1425
32309006 5637150 -1463
32308748 5637150 -1375
32309006 5637209 -1425
32309006 5637287 -1375
32309006 5637365 -1325
32309006 5637441 -1275
32308884 5637450 -1225
32309006 5637450 -1269
32308748 5637450 -1175
32309006 5637515 -1225
32309006 5637588 -1175
32309006 5637659 -1125
32309006 5637731 -1075
32308910 5637750 -1025
32309006 5637750 -1061
32308781 5637750 -975
32309006 5637800 -1025
32309006 5637868 -975
32309006 5637935 -925
32309006 5638001 -875
32308972 5638050 -825
32309006 5638050 -838
32308846 5638050 -775
32308719 5638050 -725
32309006 5638067 -825
32309006 5638130 -775
32309006 5638192 -725
32309006 5638254 -675
32309006 5638315 -625
32308951 5638350 -575
32309006 5638350 -596
32308825 5638350 -525
32309006 5638375 -575
32309006 5638433 -525
32309006 5638490 -475
32309006 5638548 -425
32309006 5638605 -375
32308979 5638650 -325
32309006 5638650 -336
32308861 5638650 -275
32308746 5638650 -225
32309006 5638663 -325
32309006 5638723 -275
32309006 5638783 -225
32309006 5638844 -175
32309006 5638904 -125
32308979 5638950 -75
32309006 5638950 -87
32308874 5638950 -25
32308770 5638950 25
32309006 5638967 -75
32309006 5639033 -25
32309006 5639099 25
32309006 5639165 75
32309006 5639229 125
32308942 5639250 175
32309006 5639250 140
32308848 5639250 225
32308755 5639250 275
32309006 5639294 175
32309006 5639359 225
32309006 5639423 275
32309006 5639487 325
32309004 5639550 375
32309006 5639550 374
32308916 5639550 425
32308828 5639550 475
32309006 5639550 375
32309006 5639614 425
32309006 5639677 475
32309307 5623650 -2772
32309307 5623950 -2766
32309307 5624250 -2760
32309307 5624550 -2756
32309307 5624850 -2753
32309307 5625150 -2750
32309307 5625450 -2749
32309307 5625750 -2748
32309307 5626050 -2748
32309307 5626350 -2749
32309307 5626650 -2750
32309307 5626950 -2750
32309307 5627250 -2750
32309307 5627550 -2750
32309307 5627850 -2749
32309307 5628150 -2748
32309307 5628450 -2747
32309307 5628750 -2744
32309307 5629050 -2737
32309307 5629350 -2733
32309307 5629650 -2741
32309307 5629950 -2768
32309307 5630250 -2800
32309307 5630009 -2775
32309188 5630550 -2825
32309307 5630550 -2838
32309307 5630446 -2825
32309307 5630850 -2873
32309307 5631150 -2901
32309307 5630868 -2875
32309307 5631450 -2903
32309307 5631750 -2896
32309307 5632050 -2893
32309307 5632350 -2891
32309307 5632650 -2883
32309307 5632811 -2875
32309307 5632950 -2867
32309307 5633250 -2843
32309307 5633411 -2825
32309307 5633550 -2809
32309307 5633786 -2775
32309307 5633850 -2765
32309307 5634078 -2725
32309307 5634150 -2712
32309307 5634326 -2675
32309107 5634450 -2625
32309307 5634450 -2648
32309307 5634546 -2625
32309307 5634749 -2575
32309307 5634750 -2574
32309307 5634927 -2525
32309211 5635050 -2475
32309307 5635050 -2490
32309307 5635097 -2475
32309307 5635254 -2425
32309199 5635350 -2375
32309307 5635350 -2394
32309307 5635404 -2375
32309307 5635544 -2325
32309246 5635650 -2275
32309307 5635650 -2287
32309307 5635680 -2275
32309307 5635807 -2225
32309307 5635932 -2175
32309116 5635950 -2125
32309307 5635950 -2168
32309307 5636049 -2125
32309307 5636163 -2075
32309260 5636250 -2025
32309307 5636250 -2036
32309062 5636250 -1975
32309307 5636274 -2025
32309307 5636379 -1975
32309307 5636483 -1925
32309244 5636550 -1875
32309307 5636550 -1892
32309065 5636550 -1825
32309307 5636583 -1875
32309307 5636679 -1825
32309307 5636774 -1775
32309274 5636850 -1725
32309307 5636850 -1735
32309111 5636850 -1675
32309307 5636868 -1725
32309307 5636956 -1675
32309307 5637044 -1625
32309307 5637131 -1575
32309189 5637150 -1525
32309307 5637150 -1564
32309041 5637150 -1475
32309307 5637214 -1525
32309307 5637296 -1475
32309307 5637376 -1425
32309295 5637450 -1375
32309307 5637450 -1379
32309157 5637450 -1325
32309020 5637450 -1275
32309307 5637456 -1375
32309307 5637532 -1325
32309307 5637608 -1275
32309307 5637682 -1225
32309295 5637750 -1175
32309307 5637750 -1179
32309167 5637750 -1125
32309039 5637750 -1075
32309307 5637756 -1175
32309307 5637827 -1125
32309307 5637897 -1075
32309307 5637966 -1025
32309307 5638034 -975
32309213 5638050 -925
32309307 5638050 -963
32309093 5638050 -875
32309307 5638101 -925
32309307 5638166 -875
32309307 5638231 -825
32309307 5638295 -775
32309292 5638350 -725
32309307 5638350 -731
32309181 5638350 -675
32309069 5638350 -625
32309307 5638358 -725
32309307 5638420 -675
32309307 5638482 -625
32309307 5638543 -575
32309307 5638604 -525
32309282 5638650 -475
32309307 5638650 -487
32309183 5638650 -425
32309084 5638650 -375
32309307 5638666 -475
32309307 5638730 -425
32309307 5638795 -375
32309307 5638859 -325
32309307 5638924 -275
32309253 5638950 -225
32309307 5638950 -255
32309163 5638950 -175
32309073 5638950 -125
32309307 5638994 -225
32309307 5639066 -175
32309307 5639137 -125
32309307 5639206 -75
32309278 5639250 -25
32309307 5639250 -42
32309198 5639250 25
32309116 5639250 75
32309032 5639250 125
32309307 5639272 -25
32309307 5639336 25
32309307 5639400 75
32309307 5639464 125
32309307 5639528 175
32309253 5639550 225
32309307 5639550 191
32309171 5639550 275
32309088 5639550 325
32309307 5639592 225
32309307 5639655 275
32309307 5639719 325
32309307 5639783 375
32309307 5639847 425
32309229 5639850 475
32309307 5639850 427
32309608 5623650 -2773
32309608 5623950 -2766
32309608 5624250 -2761
32309608 5624550 -2756
32309608 5624850 -2753
32309608 5625150 -2750
32309608 5625450 -2749
32309608 5625750 -2749
32309608 5626050 -2749
32309608 5626350 -2750
32309608 5626650 -2751
32309608 5626950 -2751
32309608 5627250 -2751
32309608 5627550 -2750
32309608 5627850 -2750
32309608 5628150 -2749
32309608 5628450 -2748
32309608 5628750 -2744
32309608 5629050 -2738
32309608 5629350 -2736
32309608 5629650 -2748
32309408 5629950 -2775
32309608 5629950 -2787
32309608 5629854 -2775
32309505 5630250 -2825
32309608 5630250 -2837
32309608 5630173 -2825
32309608 5630550 -2868
32309470 5630850 -2875
32309608 5630850 -2876
32309608 5630797 -2875
32309608 5631150 -2889
32309608 5631450 -2898
32309608 5631750 -2898
32309608 5632050 -2898
32309608 5632350 -2895
32309608 5632650 -2889
32309546 5632950 -2875
32309608 5632950 -2876
32309608 5632976 -2875
32309608 5633250 -2855
32309590 5633550 -2825
32309608 5633550 -2825
32309608 5633557 -2825
32309438 5633850 -2775
32309608 5633850 -2787
32309608 5633925 -2775
32309452 5634150 -2725
32309608 5634150 -2738
32309608 5634221 -2725
32309555 5634450 -2675
32309608 5634450 -2680
32309608 5634475 -2675
32309608 5634695 -2625
32309309 5634750 -2575
32309608 5634750 -2612
32309608 5634894 -2575
32309546 5635050 -2525
32309608 5635050 -2534
32309608 5635080 -2525
32309608 5635249 -2475
32309489 5635350 -2425
32309608 5635350 -2444
32309608 5635410 -2425
32309608 5635560 -2375
32309504 5635650 -2325
32309608 5635650 -2344
32309608 5635703 -2325
32309608 5635838 -2275
32309570 5635950 -2225
32309608 5635950 -2233
32309339 5635950 -2175
32309608 5635969 -2225
32309608 5636092 -2175
32309608 5636212 -2125
32309465 5636250 -2075
32309608 5636250 -2109
32309608 5636327 -2075
32309608 5636438 -2025
32309608 5636547 -1975
32309427 5636550 -1925
32309608 5636550 -1973
32309608 5636649 -1925
32309608 5636751 -1875
32309606 5636850 -1825
32309608 5636850 -1825
32309439 5636850 -1775
32309608 5636851 -1825
32309608 5636945 -1775
32309608 5637038 -1725
32309608 5637130 -1675
32309489 5637150 -1625
32309608 5637150 -1664
32309339 5637150 -1575
32309608 5637218 -1625
32309608 5637304 -1575
32309608 5637389 -1525
32309569 5637450 -1475
32309608 5637450 -1489
32309431 5637450 -1425
32309608 5637473 -1475
32309608 5637553 -1425
32309608 5637632 -1375
32309608 5637711 -1325
32309545 5637750 -1275
32309608 5637750 -1300
32309420 5637750 -1225
32309608 5637788 -1275
32309608 5637862 -1225
32309608 5637936 -1175
32309608 5638009 -1125
32309558 5638050 -1075
32309608 5638050 -1097
32309444 5638050 -1025
32309332 5638050 -975
32309608 5638081 -1075
32309608 5638151 -1025
32309608 5638221 -975
32309608 5638289 -925
32309596 5638350 -875
32309608 5638350 -880
32309495 5638350 -825
32309394 5638350 -775
32309608 5638358 -875
32309608 5638426 -825
32309608 5638494 -775
32309608 5638561 -725
32309608 5638628 -675
32309548 5638650 -625
32309608 5638650 -658
32309460 5638650 -575
32309372 5638650 -525
32309608 5638697 -625
32309608 5638768 -575
32309608 5638839 -525
32309608 5638911 -475
32309571 5638950 -425
32309608 5638950 -448
32309493 5638950 -375
32309416 5638950 -325
32309338 5638950 -275
32309608 5638984 -425
32309608 5639055 -375
32309608 5639127 -325
32309608 5639197 -275
32309589 5639250 -225
32309608 5639250 -237
32309512 5639250 -175
32309435 5639250 -125
32309357 5639250 -75
32309608 5639265 -225
32309608 5639325 -175
32309608 5639386 -125
32309608 5639447 -75
32309608 5639510 -25
32309578 5639550 25
32309608 5639550 6
32309496 5639550 75
32309415 5639550 125
32309334 5639550 175
32309608 5639573 25
32309608 5639638 75
32309608 5639703 125
32309608 5639768 175
32309608 5639834 225
32309548 5639850 275
32309608 5639850 237
32309468 5639850 325
32309389 5639850 375
32309310 5639850 425
32309903 5623650 -2775
32309909 5623650 -2775
32309909 5623650 -2775
32309909 5623950 -2767
32309909 5624250 -2761
32309909 5624550 -2756
32309909 5624850 -2752
32309909 5625150 -2750
32309909 5625450 -2749
32309909 5625750 -2749
32309909 5626050 -2750
32309909 5626350 -2751
32309909 5626650 -2752
32309909 5626950 -2751
32309909 5627250 -2751
32309909 5627550 -2750
32309909 5627850 -2750
32309909 5628150 -2750
32309909 5628450 -2749
32309909 5628750 -2748
32309909 5629050 -2750
32309909 5629350 -2759
32309849 5629650 -2775
32309909 5629650 -2781
32309909 5629561 -2775
32309909 5629950 -2819
32309909 5630250 -2857
32309909 5629992 -2825
32309909 5630550 -2870
32309738 5630850 -2875
32309909 5630850 -2873
32309909 5631150 -2884
32309909 5630898 -2875
32309909 5631450 -2892
32309909 5631750 -2897
32309909 5632050 -2899
32309909 5632350 -2898
32309909 5632650 -2894
32309909 5632950 -2884
32309909 5633102 -2875
32309909 5633250 -2866
32309909 5633550 -2840
32309909 5633682 -2825
32309909 5633850 -2805
32309909 5634062 -2775
32309909 5634150 -2762
32309909 5634362 -2725
32309909 5634450 -2709
32309909 5634616 -2675
32309716 5634750 -2625
32309909 5634750 -2647
32309909 5634842 -2625
32309909 5635049 -2575
32309909 5635050 -2574
32309909 5635231 -2525
32309799 5635350 -2475
32309909 5635350 -2492
32309909 5635406 -2475
32309909 5635567 -2425
32309775 5635650 -2375
32309909 5635650 -2399
32309909 5635720 -2375
32309909 5635864 -2325
32309811 5635950 -2275
32309909 5635950 -2295
32309909 5636002 -2275
32309909 5636133 -2225
32309889 5636250 -2175
32309909 5636250 -2179
32309674 5636250 -2125
32309909 5636261 -2175
32309909 5636380 -2125
32309909 5636498 -2075
32309803 5636550 -2025
32309909 5636550 -2052
32309612 5636550 -1975
32309909 5636610 -2025
32309909 5636719 -1975
32309909 5636826 -1925
32309776 5636850 -1875
32309909 5636850 -1913
32309909 5636928 -1875
32309909 5637027 -1825
32309909 5637126 -1775
32309793 5637150 -1725
32309909 5637150 -1762
32309641 5637150 -1675
32309909 5637220 -1725
32309909 5637312 -1675
32309909 5637403 -1625
32309843 5637450 -1575
32309909 5637450 -1599
32309705 5637450 -1525
32309909 5637491 -1575
32309909 5637577 -1525
32309909 5637662 -1475
32309909 5637746 -1425
32309791 5637750 -1375
32309909 5637750 -1422
32309668 5637750 -1325
32309909 5637827 -1375
32309909 5637907 -1325
32309909 5637986 -1275
32309888 5638050 -1225
32309909 5638050 -1234
32309778 5638050 -1175
32309669 5638050 -1125
32309909 5638064 -1225
32309909 5638140 -1175
32309909 5638216 -1125
32309909 5638291 -1075
32309889 5638350 -1025
32309909 5638350 -1035
32309790 5638350 -975
32309693 5638350 -925
32309909 5638365 -1025
32309909 5638439 -975
32309909 5638512 -925
32309909 5638585 -875
32309900 5638650 -825
32309909 5638650 -830
32309811 5638650 -775
32309723 5638650 -725
32309636 5638650 -675
32309909 5638657 -825
32309909 5638729 -775
32309909 5638802 -725
32309909 5638874 -675
32309909 5638946 -625
32309827 5638950 -575
32309909 5638950 -622
32309741 5638950 -525
32309654 5638950 -475
32309909 5639015 -575
32309909 5639082 -525
32309909 5639149 -475
32309909 5639215 -425
32309866 5639250 -375
32309909 5639250 -398
32309772 5639250 -325
32309678 5639250 -275
32309909 5639280 -375
32309909 5639345 -325
32309909 5639411 -275
32309909 5639478 -225
32309909 5639545 -175
32309828 5639550 -125
32309909 5639550 -171
32309743 5639550 -75
32309660 5639550 -25
32309909 5639617 -125
32309909 5639688 -75
32309909 5639759 -25
32309909 5639830 25
32309855 5639850 75
32309909 5639850 39
32309778 5639850 125
32309702 5639850 175
32309626 5639850 225
32310210 5623688 -2775
32310210 5623650 -2776
32310210 5623950 -2767
32310210 5624250 -2761
32310210 5624550 -2755
32310210 5624850 -2752
32310210 5625150 -2749
32310210 5625450 -2748
32310210 5625750 -2748
32310210 5626050 -2750
32310210 5626350 -2752
32310210 5626650 -2752
32310210 5626950 -2751
32310210 5627250 -2749
32310210 5627550 -2749
32310210 5627850 -2750
32310210 5628150 -2751
32310210 5628450 -2750
32310210 5628750 -2757
32310210 5629050 -2772
32310051 5629350 -2775
32310210 5629350 -2792
32310210 5629091 -2775
32310210 5629650 -2819
32309964 5629950 -2825
32310210 5629950 -2848
32310210 5629708 -2825
32310210 5630250 -2868
32310210 5630550 -2873
32310046 5630850 -2875
32310210 5630850 -2877
32310210 5630677 -2875
32310210 5631150 -2888
32310210 5631450 -2893
32310210 5631750 -2896
32310210 5632050 -2899
32310210 5632350 -2899
32310210 5632650 -2897
32310210 5632950 -2889
32310210 5633247 -2875
32310210 5633250 -2874
32310210 5633550 -2852
32310210 5633823 -2825
32310210 5633850 -2822
32310089 5634150 -2775
32310210 5634150 -2783
32310210 5634204 -2775
32310085 5634450 -2725
32310210 5634450 -2735
32310210 5634508 -2725
32310171 5634750 -2675
32310210 5634750 -2679
32310210 5634769 -2675
32310210 5634995 -2625
32309910 5635050 -2575
32310210 5635050 -2612
32310210 5635200 -2575
32310129 5635350 -2525
32310210 5635350 -2536
32310210 5635392 -2525
32310210 5635566 -2475
32310059 5635650 -2425
32310210 5635650 -2450
32310210 5635731 -2425
32310210 5635886 -2375
32310061 5635950 -2325
32310210 5635950 -2354
32310210 5636032 -2325
32310210 5636172 -2275
32310111 5636250 -2225
32310210 5636250 -2247
32310210 5636307 -2225
32310210 5636434 -2175
32310194 5636550 -2125
32310210 5636550 -2129
32309996 5636550 -2075
32310210 5636559 -2125
32310210 5636676 -2075
32310210 5636792 -2025
32310122 5636850 -1975
32310210 5636850 -1999
32309948 5636850 -1925
32310210 5636904 -1975
32310210 5637011 -1925
32310210 5637117 -1875
32310102 5637150 -1825
32310210 5637150 -1859
32309947 5637150 -1775
32310210 5637219 -1825
32310210 5637318 -1775
32310210 5637416 -1725
32310119 5637450 -1675
32310210 5637450 -1707
32309980 5637450 -1625
32310210 5637510 -1675
32310210 5637603 -1625
32310210 5637694 -1575
32310161 5637750 -1525
32310210 5637750 -1544
32310037 5637750 -1475
32309914 5637750 -1425
32310210 5637784 -1525
32310210 5637871 -1475
32310210 5637958 -1425
32310210 5638043 -1375
32310108 5638050 -1325
32310210 5638050 -1371
32309998 5638050 -1275
32310210 5638126 -1325
32310210 5638209 -1275
32310210 5638290 -1225
32310183 5638350 -1175
32310210 5638350 -1188
32310084 5638350 -1125
32309986 5638350 -1075
32310210 5638371 -1175
32310210 5638451 -1125
32310210 5638530 -1075
32310210 5638609 -1025
32310167 5638650 -975
32310210 5638650 -998
32310077 5638650 -925
32309988 5638650 -875
32310210 5638686 -975
32310210 5638763 -925
32310210 5638840 -875
32310210 5638916 -825
32310164 5638950 -775
32310210 5638950 -802
32310080 5638950 -725
32309997 5638950 -675
32309913 5638950 -625
32310210 5638991 -775
32310210 5639065 -725
32310210 5639138 -675
32310210 5639211 -625
32310175 5639250 -575
32310210 5639250 -598
32310099 5639250 -525
32310024 5639250 -475
32309949 5639250 -425
32310210 5639283 -575
32310210 5639355 -525
32310210 5639428 -475
32310210 5639501 -425
32310186 5639550 -375
32310210 5639550 -392
32310117 5639550 -325
32310049 5639550 -275
32309982 5639550 -225
32309914 5639550 -175
32310210 5639574 -375
32310210 5639646 -325
32310210 5639717 -275
32310210 5639787 -225
32310204 5639850 -175
32310210 5639850 -179
32310136 5639850 -125
32310068 5639850 -75
32309999 5639850 -25
32309929 5639850 25
32310512 5623721 -2775
32310512 5623650 -2777
32310512 5623950 -2768
32310512 5624250 -2761
32310512 5624550 -2755
32310512 5624850 -2750
32310512 5625150 -2747
32310512 5625450 -2746
32310512 5625750 -2746
32310512 5626050 -2749
32310512 5626350 -2751
32310512 5626650 -2752
32310512 5626950 -2749
32310512 5627250 -2746
32310512 5627550 -2744
32310512 5627850 -2749
32310512 5628150 -2753
32310512 5628450 -2758
32310489 5628750 -2775
32310512 5628750 -2776
32310512 5628727 -2775
32310239 5629050 -2775
32310512 5629050 -2801
32310494 5629350 -2825
32310512 5629350 -2826
32310512 5629327 -2825
32310265 5629650 -2825
32310512 5629650 -2850
32310512 5629950 -2868
32310512 5630250 -2874
32310313 5630550 -2875
32310512 5630550 -2878
32310512 5630269 -2875
32310512 5630850 -2886
32310512 5631150 -2896
32310512 5631450 -2900
32310512 5631750 -2901
32310512 5632050 -2902
32310512 5632350 -2902
32310512 5632650 -2900
32310512 5632950 -2894
32310215 5633250 -2875
32310512 5633250 -2882
32310512 5633376 -2875
32310512 5633550 -2863
32310263 5633850 -2825
32310512 5633850 -2837
32310512 5633960 -2825
32310512 5634150 -2803
32310512 5634349 -2775
32310512 5634450 -2760
32310512 5634658 -2725
32310512 5634750 -2709
32310512 5634921 -2675
32310311 5635050 -2625
32310512 5635050 -2648
32310512 5635153 -2625
32310481 5635350 -2575
32310512 5635350 -2579
32310512 5635366 -2575
32310512 5635556 -2525
32310358 5635650 -2475
32310512 5635650 -2500
32310512 5635735 -2475
32310512 5635903 -2425
32310320 5635950 -2375
32310512 5635950 -2411
32310512 5636060 -2375
32310512 5636211 -2325
32310339 5636250 -2275
32310512 5636250 -2312
32310512 5636352 -2275
32310512 5636489 -2225
32310397 5636550 -2175
32310512 5636550 -2202
32310512 5636620 -2175
32310512 5636746 -2125
32310481 5636850 -2075
32310512 5636850 -2083
32310300 5636850 -2025
32310512 5636869 -2075
32310512 5636985 -2025
32310512 5637100 -1975
32310420 5637150 -1925
32310512 5637150 -1953
32310260 5637150 -1875
32310512 5637211 -1925
32310512 5637319 -1875
32310512 5637425 -1825
32310401 5637450 -1775
32310512 5637450 -1813
32310259 5637450 -1725
32310512 5637527 -1775
32310512 5637627 -1725
32310512 5637726 -1675
32310413 5637750 -1625
32310512 5637750 -1663
32310286 5637750 -1575
32310512 5637822 -1625
32310512 5637917 -1575
32310512 5638010 -1525
32310445 5638050 -1475
32310512 5638050 -1503
32310331 5638050 -1425
32310219 5638050 -1375
32310512 5638102 -1475
32310512 5638192 -1425
32310512 5638281 -1375
32310488 5638350 -1325
32310512 5638350 -1336
32310385 5638350 -1275
32310283 5638350 -1225
32310512 5638370 -1325
32310512 5638456 -1275
32310512 5638542 -1225
32310512 5638628 -1175
32310442 5638650 -1125
32310512 5638650 -1162
32310349 5638650 -1075
32310258 5638650 -1025
32310512 5638712 -1125
32310512 5638795 -1075
32310512 5638878 -1025
32310499 5638950 -975
32310512 5638950 -981
32310414 5638950 -925
32310330 5638950 -875
32310247 5638950 -825
32310512 5638961 -975
32310512 5639042 -925
32310512 5639123 -875
32310512 5639204 -825
32310477 5639250 -775
32310512 5639250 -796
32310400 5639250 -725
32310324 5639250 -675
32310249 5639250 -625
32310512 5639283 -775
32310512 5639362 -725
32310512 5639441 -675
32310512 5639520 -625
32310466 5639550 -575
32310512 5639550 -606
32310394 5639550 -525
32310324 5639550 -475
32310255 5639550 -425
32310512 5639595 -575
32310512 5639668 -525
32310512 5639740 -475
32310512 5639812 -425
32310478 5639850 -375
32310512 5639850 -398
32310409 5639850 -325
32310340 5639850 -275
32310272 5639850 -225
32310813 5623753 -2775
32310813 5623650 -2778
32310813 5623950 -2768
32310813 5624250 -2761
32310813 5624550 -2754
32310813 5624850 -2749
32310813 5625150 -2745
32310813 5625450 -2743
32310813 5625750 -2743
32310813 5626050 -2746
32310813 5626350 -2750
32310813 5626650 -2751
32310813 5626950 -2747
32310813 5627250 -2743
32310813 5627550 -2740
32310813 5627850 -2745
32310813 5628150 -2756
32310767 5628450 -2775
32310813 5628450 -2778
32310813 5628406 -2775
32310813 5628750 -2807
32310721 5629050 -2825
32310813 5629050 -2835
32310813 5628938 -2825
32310813 5629350 -2859
32310813 5629650 -2874
32310699 5629950 -2875
32310813 5629950 -2878
32310813 5629686 -2875
32310533 5630250 -2875
32310813 5630250 -2877
32310813 5630550 -2883
32310813 5630850 -2893
32310813 5631150 -2903
32310813 5631450 -2908
32310813 5631750 -2909
32310813 5632050 -2908
32310813 5632350 -2908
32310813 5632650 -2906
32310813 5632950 -2901
32310813 5633250 -2891
32310807 5633550 -2875
32310813 5633550 -2875
32310813 5633552 -2875
32310813 5633850 -2852
32310813 5634120 -2825
32310813 5634150 -2822
32310697 5634450 -2775
32310813 5634450 -2783
32310813 5634508 -2775
32310678 5634750 -2725
32310813 5634750 -2737
32310813 5634820 -2725
32310742 5635050 -2675
32310813 5635050 -2683
32310813 5635088 -2675
32310813 5635324 -2625
32310813 5635350 -2619
32310813 5635535 -2575
32310671 5635650 -2525
32310813 5635650 -2547
32310813 5635731 -2525
32310813 5635914 -2475
32310588 5635950 -2425
32310813 5635950 -2465
32310813 5636083 -2425
32310813 5636247 -2375
32310574 5636250 -2325
32310813 5636250 -2374
32310813 5636397 -2325
32310813 5636545 -2275
32310605 5636550 -2225
32310813 5636550 -2273
32310813 5636683 -2225
32310813 5636818 -2175
32310667 5636850 -2125
32310813 5636850 -2163
32310813 5636947 -2125
32310813 5637072 -2075
32310750 5637150 -2025
32310813 5637150 -2043
32310583 5637150 -1975
32310813 5637194 -2025
32310813 5637310 -1975
32310813 5637426 -1925
32310694 5637450 -1875
32310813 5637450 -1914
32310546 5637450 -1825
32310813 5637537 -1875
32310813 5637646 -1825
32310808 5637750 -1775
32310813 5637750 -1776
32310674 5637750 -1725
32310542 5637750 -1675
32310813 5637753 -1775
32310813 5637856 -1725
32310813 5637959 -1675
32310800 5638050 -1625
32310813 5638050 -1630
32310679 5638050 -1575
32310561 5638050 -1525
32310813 5638060 -1625
32310813 5638158 -1575
32310813 5638255 -1525
32310810 5638350 -1475
32310813 5638350 -1476
32310701 5638350 -1425
32310593 5638350 -1375
32310813 5638352 -1475
32310813 5638446 -1425
32310813 5638539 -1375
32310813 5638632 -1325
32310732 5638650 -1275
32310813 5638650 -1315
32310633 5638650 -1225
32310536 5638650 -1175
32310813 5638722 -1275
32310813 5638812 -1225
32310813 5638901 -1175
32310770 5638950 -1125
32310813 5638950 -1147
32310678 5638950 -1075
32310588 5638950 -1025
32310813 5638989 -1125
32310813 5639075 -1075
32310813 5639161 -1025
32310813 5639247 -975
32310728 5639250 -925
32310813 5639250 -973
32310643 5639250 -875
32310559 5639250 -825
32310813 5639329 -925
32310813 5639410 -875
32310813 5639491 -825
32310789 5639550 -775
32310813 5639550 -789
32310706 5639550 -725
32310624 5639550 -675
32310542 5639550 -625
32310813 5639571 -775
32310813 5639645 -725
32310813 5639720 -675
32310813 5639794 -625
32310793 5639850 -575
32310813 5639850 -587
32310713 5639850 -525
32310632 5639850 -475
32310552 5639850 -425
32311114 5623787 -2775
32311114 5623650 -2779
32311114 5623950 -2769
32311114 5624250 -2761
32311114 5624550 -2753
32311114 5624850 -2747
32311114 5625150 -2742
32311114 5625450 -2738
32311114 5625750 -2738
32311114 5626050 -2741
32311114 5626350 -2746
32311114 5626650 -2750
32311114 5626950 -2748
32311114 5627250 -2748
32311114 5627550 -2754
32311114 5627850 -2769
32310950 5628150 -2775
32311114 5628150 -2797
32311114 5627913 -2775
32311108 5628450 -2825
32311114 5628450 -2825
32311114 5628439 -2825
32310943 5628750 -2825
32311114 5628750 -2848
32311114 5629050 -2868
32310995 5629350 -2875
32311114 5629350 -2885
32311114 5629164 -2875
32310821 5629650 -2875
32311114 5629650 -2892
32311114 5629950 -2889
32311114 5630250 -2886
32311114 5630550 -2889
32311114 5630850 -2898
32311114 5631150 -2907
32311114 5631450 -2913
32311114 5631750 -2915
32311114 5632050 -2915
32311114 5632350 -2915
32311114 5632650 -2913
32311114 5632950 -2908
32311114 5633250 -2900
32311114 5633550 -2886
32311114 5633726 -2875
32311114 5633850 -2866
32310862 5634150 -2825
32311114 5634150 -2840
32311114 5634285 -2825
32311114 5634450 -2806
32311114 5634678 -2775
32311114 5634750 -2764
32311114 5634993 -2725
32311114 5635050 -2715
32311114 5635262 -2675
32310855 5635350 -2625
32311114 5635350 -2657
32311114 5635500 -2625
32311000 5635650 -2575
32311114 5635650 -2591
32311114 5635718 -2575
32311114 5635918 -2525
32310869 5635950 -2475
32311114 5635950 -2517
32311114 5636102 -2475
32311070 5636250 -2425
32311114 5636250 -2433
32310817 5636250 -2375
32311114 5636278 -2425
32311114 5636441 -2375
32311041 5636550 -2325
32311114 5636550 -2341
32310819 5636550 -2275
32311114 5636598 -2325
32311114 5636746 -2275
32311055 5636850 -2225
32311114 5636850 -2239
32310858 5636850 -2175
32311114 5636890 -2225
32311114 5637027 -2175
32311097 5637150 -2125
32311114 5637150 -2129
32310921 5637150 -2075
32311114 5637162 -2125
32311114 5637289 -2075
32311114 5637414 -2025
32311000 5637450 -1975
32311114 5637450 -2010
32310844 5637450 -1925
32311114 5637535 -1975
32311114 5637653 -1925
32311089 5637750 -1875
32311114 5637750 -1883
32310947 5637750 -1825
32311114 5637769 -1875
32311114 5637881 -1825
32311114 5637992 -1775
32311053 5638050 -1725
32311114 5638050 -1748
32310925 5638050 -1675
32311114 5638100 -1725
32311114 5638205 -1675
32311114 5638310 -1625
32311041 5638350 -1575
32311114 5638350 -1606
32310924 5638350 -1525
32311114 5638412 -1575
32311114 5638512 -1525
32311114 5638612 -1475
32311046 5638650 -1425
32311114 5638650 -1456
32310939 5638650 -1375
32310833 5638650 -1325
32311114 5638709 -1425
32311114 5638805 -1375
32311114 5638900 -1325
32311065 5638950 -1275
32311114 5638950 -1299
32310965 5638950 -1225
32310866 5638950 -1175
32311114 5638993 -1275
32311114 5639084 -1225
32311114 5639174 -1175
32311098 5639250 -1125
32311114 5639250 -1133
32311003 5639250 -1075
32310908 5639250 -1025
32310815 5639250 -975
32311114 5639264 -1125
32311114 5639349 -1075
32311114 5639434 -1025
32311114 5639518 -975
32311057 5639550 -925
32311114 5639550 -956
32310966 5639550 -875
32310877 5639550 -825
32311114 5639599 -925
32311114 5639678 -875
32311114 5639756 -825
32311114 5639834 -775
32311046 5639850 -725
32311114 5639850 -764
32310960 5639850 -675
32310876 5639850 -625
32311415 5623828 -2775
32311415 5623650 -2781
32311415 5623950 -2770
32311415 5624250 -2761
32311415 5624550 -2753
32311415 5624850 -2747
32311415 5625150 -2740
32311415 5625450 -2735
32311415 5625750 -2734
32311415 5626050 -2738
32311415 5626350 -2746
32311415 5626650 -2753
32311415 5626950 -2763
32311368 5627250 -2775
32311415 5627250 -2779
32311415 5627160 -2775
32311251 5627550 -2775
32311415 5627550 -2799
32311415 5627850 -2825
32311415 5627850 -2825
32311415 5627849 -2825
32311146 5627850 -2775
32311261 5628150 -2825
32311415 5628150 -2853
32311415 5628450 -2870
32311390 5628750 -2875
32311415 5628750 -2877
32311415 5628639 -2875
32311204 5629050 -2875
32311415 5629050 -2889
32311415 5629350 -2898
32311415 5629650 -2899
32311415 5629950 -2896
32311415 5630250 -2894
32311415 5630550 -2896
32311415 5630850 -2903
32311415 5631150 -2910
32311415 5631450 -2916
32311415 5631750 -2920
32311415 5632050 -2921
32311415 5632350 -2922
32311415 5632650 -2920
32311415 5632950 -2917
32311415 5633250 -2910
32311415 5633550 -2898
32311284 5633850 -2875
32311415 5633850 -2881
32311415 5633932 -2875
32311415 5634150 -2858
32311371 5634450 -2825
32311415 5634450 -2828
32311415 5634476 -2825
32311229 5634750 -2775
32311415 5634750 -2791
32311415 5634860 -2775
32311204 5635050 -2725
32311415 5635050 -2746
32311415 5635176 -2725
32311253 5635350 -2675
32311415 5635350 -2694
32311415 5635449 -2675
32311347 5635650 -2625
32311415 5635650 -2634
32311415 5635693 -2625
32311415 5635913 -2575
32311162 5635950 -2525
32311415 5635950 -2566
32311415 5636113 -2525
32311334 5636250 -2475
32311415 5636250 -2490
32311415 5636303 -2475
32311415 5636480 -2425
32311272 5636550 -2375
32311415 5636550 -2405
32311415 5636648 -2375
32311415 5636809 -2325
32311259 5636850 -2275
32311415 5636850 -2312
32311415 5636960 -2275
32311415 5637108 -2225
32311281 5637150 -2175
32311415 5637150 -2210
32311415 5637248 -2175
32311415 5637385 -2125
32311327 5637450 -2075
32311415 5637450 -2101
32311160 5637450 -2025
32311415 5637517 -2075
32311415 5637645 -2025
32311388 5637750 -1975
32311415 5637750 -1983
32311237 5637750 -1925
32311415 5637771 -1975
32311415 5637891 -1925
32311415 5638011 -1875
32311322 5638050 -1825
32311415 5638050 -1858
32311185 5638050 -1775
32311415 5638126 -1825
32311415 5638239 -1775
32311413 5638350 -1725
32311415 5638350 -1725
32311286 5638350 -1675
32311161 5638350 -1625
32311415 5638351 -1725
32311415 5638458 -1675
32311415 5638565 -1625
32311391 5638650 -1575
32311415 5638650 -1585
32311273 5638650 -1525
32311157 5638650 -1475
32311415 5638670 -1575
32311415 5638772 -1525
32311415 5638872 -1475
32311389 5638950 -1425
32311415 5638950 -1436
32311279 5638950 -1375
32311170 5638950 -1325
32311415 5638972 -1425
32311415 5639067 -1375
32311415 5639162 -1325
32311408 5639250 -1275
32311415 5639250 -1278
32311303 5639250 -1225
32311199 5639250 -1175
32311415 5639256 -1275
32311415 5639345 -1225
32311415 5639434 -1175
32311415 5639522 -1125
32311347 5639550 -1075
32311415 5639550 -1109
32311248 5639550 -1025
32311150 5639550 -975
32311415 5639606 -1075
32311415 5639688 -1025
32311415 5639770 -975
32311413 5639850 -925
32311415 5639850 -926
32311319 5639850 -875
32311225 5639850 -825
32311133 5639850 -775
32311716 5623880 -2775
32311716 5623650 -2784
32311716 5623950 -2772
32311716 5624250 -2762
32311716 5624550 -2754
32311716 5624850 -2747
32311716 5625150 -2741
32311716 5625450 -2735
32311716 5625750 -2733
32311716 5626050 -2741
32311716 5626350 -2757
32311677 5626650 -2775
32311716 5626650 -2778
32311716 5626604 -2775
32311502 5626950 -2775
32311716 5626950 -2803
32311692 5627250 -2825
32311716 5627250 -2828
32311716 5627204 -2825
32311564 5627550 -2825
32311716 5627550 -2850
32311716 5627850 -2868
32311674 5628150 -2875
32311716 5628150 -2878
32311716 5628043 -2875
32311600 5628450 -2875
32311716 5628450 -2877
32311716 5628750 -2882
32311716 5629050 -2897
32311716 5629350 -2899
32311716 5629650 -2899
32311716 5629950 -2899
32311716 5630250 -2899
32311716 5630550 -2901
32311716 5630850 -2907
32311716 5631150 -2913
32311716 5631450 -2919
32311716 5631750 -2924
32311584 5632050 -2925
32311716 5632050 -2927
32311716 5631802 -2925
32311541 5632350 -2925
32311716 5632350 -2928
32311572 5632650 -2925
32311716 5632650 -2928
32311676 5632950 -2925
32311716 5632950 -2926
32311716 5633012 -2925
32311716 5633250 -2920
32311716 5633550 -2910
32311716 5633850 -2895
32311703 5634150 -2875
32311716 5634150 -2875
32311716 5634159 -2875
32311716 5634450 -2849
32311716 5634674 -2825
32311716 5634750 -2816
32311697 5635050 -2775
32311716 5635050 -2776
32311716 5635062 -2775
32311674 5635350 -2725
32311716 5635350 -2729
32311716 5635377 -2725
32311713 5635650 -2675
32311716 5635650 -2675
32311716 5635652 -2675
32311716 5635894 -2625
32311469 5635950 -2575
32311716 5635950 -2613
32311716 5636115 -2575
32311611 5636250 -2525
32311716 5636250 -2543
32311716 5636322 -2525
32311716 5636515 -2475
32311512 5636550 -2425
32311716 5636550 -2465
32311716 5636694 -2425
32311693 5636850 -2375
32311716 5636850 -2380
32311471 5636850 -2325
32311716 5636867 -2375
32311716 5637028 -2325
32311669 5637150 -2275
32311716 5637150 -2286
32311471 5637150 -2225
32311716 5637185 -2275
32311716 5637334 -2225
32311678 5637450 -2175
32311716 5637450 -2185
32311499 5637450 -2125
32311716 5637479 -2175
32311716 5637617 -2125
32311711 5637750 -2075
32311716 5637750 -2076
32311548 5637750 -2025
32311716 5637754 -2075
32311716 5637883 -2025
32311716 5638011 -1975
32311611 5638050 -1925
32311716 5638050 -1959
32311463 5638050 -1875
32311716 5638134 -1925
32311716 5638255 -1875
32311687 5638350 -1825
32311716 5638350 -1835
32311549 5638350 -1775
32311716 5638374 -1825
32311716 5638487 -1775
32311716 5638600 -1725
32311644 5638650 -1675
32311716 5638650 -1703
32311516 5638650 -1625
32311716 5638710 -1675
32311716 5638816 -1625
32311716 5638922 -1575
32311627 5638950 -1525
32311716 5638950 -1561
32311506 5638950 -1475
32311716 5639023 -1525
32311716 5639123 -1475
32311716 5639222 -1425
32311633 5639250 -1375
32311716 5639250 -1411
32311520 5639250 -1325
32311716 5639317 -1375
32311716 5639410 -1325
32311716 5639502 -1275
32311664 5639550 -1225
32311716 5639550 -1249
32311556 5639550 -1175
32311449 5639550 -1125
32311716 5639591 -1225
32311716 5639677 -1175
32311716 5639763 -1125
32311716 5639848 -1075
32311615 5639850 -1025
32311716 5639850 -1074
32311514 5639850 -975
32312013 5623950 -2775
32312018 5623950 -2775
32312018 5623650 -2787
32312018 5623951 -2775
32312018 5624250 -2764
32312018 5624550 -2756
32312018 5624850 -2749
32312018 5625150 -2744
32312018 5625450 -2738
32312018 5625750 -2738
32312018 5626050 -2752
32311965 5626350 -2775
32312018 5626350 -2778
32312018 5626307 -2775
32312018 5626650 -2812
32311863 5626950 -2825
32312018 5626950 -2847
32312018 5626754 -2825
32312018 5627250 -2873
32311943 5627550 -2875
32312018 5627550 -2882
32312018 5627290 -2875
32311827 5627850 -2875
32312018 5627850 -2885
32312018 5628150 -2881
32312018 5628450 -2880
32312018 5628750 -2883
32312018 5629050 -2893
32312018 5629350 -2897
32312018 5629650 -2897
32312018 5629950 -2898
32312018 5630250 -2900
32312018 5630550 -2904
32312018 5630850 -2909
32312018 5631150 -2916
32312018 5631450 -2922
32311757 5631750 -2925
32312018 5631750 -2928
32312018 5631566 -2925
32312018 5632050 -2932
32312018 5632350 -2935
32312018 5632650 -2936
32312018 5632950 -2935
32311847 5633250 -2925
32312018 5633250 -2930
32312018 5633474 -2925
32312018 5633550 -2922
32312018 5633850 -2910
32312018 5634150 -2893
32312018 5634388 -2875
32312018 5634450 -2870
32311819 5634750 -2825
32312018 5634750 -2841
32312018 5634887 -2825
32312018 5635050 -2805
32312018 5635268 -2775
32312018 5635350 -2763
32312018 5635584 -2725
32312018 5635650 -2714
32312018 5635858 -2675
32311795 5635950 -2625
32312018 5635950 -2657
32312018 5636104 -2625
32311904 5636250 -2575
32312018 5636250 -2593
32312018 5636330 -2575
32312018 5636540 -2525
32311764 5636550 -2475
32312018 5636550 -2522
32312018 5636732 -2475
32311927 5636850 -2425
32312018 5636850 -2443
32312018 5636916 -2425
32312018 5637090 -2375
32311878 5637150 -2325
32312018 5637150 -2357
32312018 5637255 -2325
32312018 5637414 -2275
32311867 5637450 -2225
32312018 5637450 -2263
32312018 5637565 -2225
32312018 5637712 -2175
32311885 5637750 -2125
32312018 5637750 -2162
32312018 5637853 -2125
32312018 5637990 -2075
32311926 5638050 -2025
32312018 5638050 -2053
32311764 5638050 -1975
32312018 5638122 -2025
32312018 5638250 -1975
32311984 5638350 -1925
32312018 5638350 -1936
32311834 5638350 -1875
32312018 5638376 -1925
32312018 5638496 -1875
32312018 5638616 -1825
32311917 5638650 -1775
32312018 5638650 -1810
32311777 5638650 -1725
32312018 5638730 -1775
32312018 5638842 -1725
32312014 5638950 -1675
32312018 5638950 -1676
32311881 5638950 -1625
32311750 5638950 -1575
32312018 5638953 -1675
32312018 5639057 -1625
32312018 5639161 -1575
32311999 5639250 -1525
32312018 5639250 -1532
32311874 5639250 -1475
32311750 5639250 -1425
32312018 5639264 -1525
32312018 5639361 -1475
32312018 5639458 -1425
32312012 5639550 -1375
32312018 5639550 -1377
32311894 5639550 -1325
32311777 5639550 -1275
32312018 5639554 -1375
32312018 5639644 -1325
32312018 5639734 -1275
32312018 5639823 -1225
32311939 5639850 -1175
32312018 5639850 -1209
32311828 5639850 -1125
32311718 5639850 -1075
32312319 5623650 -2794
32312319 5623950 -2779
32312319 5624072 -2775
32312319 5624250 -2767
32312319 5624550 -2758
32312319 5624850 -2751
32312319 5625150 -2748
32312319 5625450 -2745
32312319 5625750 -2751
32312319 5626050 -2771
32312319 5626350 -2805
32312319 5626079 -2775
32312139 5626650 -2825
32312319 5626650 -2842
32312319 5626507 -2825
32312297 5626950 -2875
32312319 5626950 -2877
32312319 5626931 -2875
32312034 5627250 -2875
32312319 5627250 -2895
32312319 5627550 -2893
32312319 5627850 -2887
32312319 5628150 -2885
32312319 5628450 -2885
32312319 5628750 -2887
32312319 5629050 -2888
32312319 5629350 -2891
32312319 5629650 -2894
32312319 5629950 -2896
32312319 5630250 -2900
32312319 5630550 -2905
32312319 5630850 -2911
32312319 5631150 -2918
32312239 5631450 -2925
32312319 5631450 -2925
32312319 5631416 -2925
32312319 5631750 -2932
32312319 5632050 -2937
32312319 5632350 -2941
32312319 5632650 -2944
32312319 5632950 -2944
32312319 5633250 -2941
32312067 5633550 -2925
32312319 5633550 -2935
32312315 5633850 -2925
32312319 5633850 -2925
32312319 5633853 -2925
32312319 5634150 -2910
32312088 5634450 -2875
32312319 5634450 -2890
32312319 5634631 -2875
32312319 5634750 -2864
32312228 5635050 -2825
32312319 5635050 -2833
32312319 5635115 -2825
32312126 5635350 -2775
32312319 5635350 -2795
32312319 5635487 -2775
32312106 5635650 -2725
32312319 5635650 -2750
32312319 5635801 -2725
32312141 5635950 -2675
32312319 5635950 -2699
32312319 5636077 -2675
32312215 5636250 -2625
32312319 5636250 -2641
32312319 5636325 -2625
32312314 5636550 -2575
32312319 5636550 -2575
32312030 5636550 -2525
32312319 5636553 -2575
32312319 5636760 -2525
32312174 5636850 -2475
32312319 5636850 -2503
32312319 5636956 -2475
32312319 5637143 -2425
32312096 5637150 -2375
32312319 5637150 -2423
32312319 5637316 -2375
32312272 5637450 -2325
32312319 5637450 -2336
32312064 5637450 -2275
32312319 5637485 -2325
32312319 5637643 -2275
32312257 5637750 -2225
32312319 5637750 -2241
32312066 5637750 -2175
32312319 5637797 -2225
32312319 5637944 -2175
32312270 5638050 -2125
32312319 5638050 -2138
32312094 5638050 -2075
32312319 5638087 -2125
32312319 5638223 -2075
32312309 5638350 -2025
32312319 5638350 -2028
32312144 5638350 -1975
32312319 5638357 -2025
32312319 5638484 -1975
32312319 5638610 -1925
32312214 5638650 -1875
32312319 5638650 -1909
32312061 5638650 -1825
32312319 5638730 -1875
32312319 5638847 -1825
32312301 5638950 -1775
32312319 5638950 -1781
32312157 5638950 -1725
32312319 5638963 -1775
32312319 5639072 -1725
32312319 5639181 -1675
32312269 5639250 -1625
32312319 5639250 -1643
32312133 5639250 -1575
32312319 5639287 -1625
32312319 5639388 -1575
32312319 5639489 -1525
32312268 5639550 -1475
32312319 5639550 -1494
32312139 5639550 -1425
32312319 5639587 -1475
32312319 5639681 -1425
32312319 5639774 -1375
32312295 5639850 -1325
32312319 5639850 -1334
32312174 5639850 -1275
32312054 5639850 -1225
32312620 5623650 -2803
32312620 5623950 -2788
32312603 5624250 -2775
32312620 5624250 -2775
32312620 5624261 -2775
32312620 5624550 -2764
32312620 5624850 -2755
32312620 5625150 -2751
32312620 5625450 -2758
32312620 5625750 -2774
32312353 5626050 -2775
32312620 5626050 -2800
32312620 5625755 -2775
32312534 5626350 -2825
32312620 5626350 -2832
32312620 5626276 -2825
32312620 5626650 -2864
32312620 5626950 -2888
32312620 5626778 -2875
32312620 5627250 -2898
32312620 5627550 -2899
32312620 5627850 -2893
32312620 5628150 -2889
32312620 5628450 -2888
32312620 5628750 -2888
32312620 5629050 -2887
32312620 5629350 -2888
32312620 5629650 -2891
32312620 5629950 -2895
32312620 5630250 -2900
32312620 5630550 -2906
32312620 5630850 -2913
32312620 5631150 -2921
32312620 5631450 -2928
32312620 5631302 -2925
32312620 5631750 -2936
32312620 5632050 -2942
32312620 5632350 -2947
32312620 5632650 -2951
32312620 5632950 -2953
32312620 5633250 -2951
32312620 5633550 -2947
32312620 5633850 -2939
32312581 5634150 -2925
32312620 5634150 -2927
32312620 5634188 -2925
32312620 5634450 -2910
32312453 5634750 -2875
32312620 5634750 -2887
32312620 5634885 -2875
32312620 5635050 -2859
32312613 5635350 -2825
32312620 5635350 -2825
32312620 5635355 -2825
32312528 5635650 -2775
32312620 5635650 -2785
32312620 5635717 -2775
32312513 5635950 -2725
32312620 5635950 -2738
32312620 5636028 -2725
32312548 5636250 -2675
32312620 5636250 -2685
32312620 5636302 -2675
32312617 5636550 -2625
32312620 5636550 -2625
32312620 5636551 -2625
32312620 5636775 -2575
32312437 5636850 -2525
32312620 5636850 -2558
32312620 5636985 -2525
32312575 5637150 -2475
32312620 5637150 -2484
32312327 5637150 -2425
32312620 5637183 -2475
32312620 5637367 -2425
32312495 5637450 -2375
32312620 5637450 -2402
32312620 5637543 -2375
32312620 5637711 -2325
32312459 5637750 -2275
32312620 5637750 -2313
32312620 5637870 -2275
32312620 5638024 -2225
32312458 5638050 -2175
32312620 5638050 -2216
32312620 5638170 -2175
32312620 5638313 -2125
32312486 5638350 -2075
32312620 5638350 -2112
32312620 5638448 -2075
32312620 5638581 -2025
32312539 5638650 -1975
32312620 5638650 -1998
32312372 5638650 -1925
32312620 5638709 -1975
32312620 5638831 -1925
32312615 5638950 -1875
32312620 5638950 -1876
32312457 5638950 -1825
32312620 5638953 -1875
32312620 5639068 -1825
32312620 5639181 -1775
32312561 5639250 -1725
32312620 5639250 -1744
32312413 5639250 -1675
32312620 5639292 -1725
32312620 5639397 -1675
32312620 5639502 -1625
32312543 5639550 -1575
32312620 5639550 -1602
32312403 5639550 -1525
32312620 5639604 -1575
32312620 5639702 -1525
32312620 5639799 -1475
32312556 5639850 -1425
32312620 5639850 -1449
32312424 5639850 -1375
32312921 5623650 -2817
32312921 5623950 -2802
32312921 5624250 -2789
32312831 5624550 -2775
32312921 5624550 -2779
32312921 5624756 -2775
32312921 5624850 -2772
32312921 5625150 -2773
32312803 5625450 -2775
32312921 5625450 -2785
32312921 5625187 -2775
32312624 5625750 -2775
32312921 5625750 -2807
32312840 5626050 -2825
32312921 5626050 -2834
32312921 5625947 -2825
32312921 5626350 -2860
32312789 5626650 -2875
32312921 5626650 -2882
32312921 5626541 -2875
32312921 5626950 -2895
32312921 5627250 -2899
32312921 5627550 -2899
32312921 5627850 -2898
32312921 5628150 -2894
32312921 5628450 -2892
32312921 5628750 -2890
32312921 5629050 -2888
32312921 5629350 -2888
32312921 5629650 -2891
32312921 5629950 -2895
32312921 5630250 -2900
32312921 5630550 -2907
32312921 5630850 -2915
32312921 5631150 -2923
32312921 5631450 -2932
32312921 5631198 -2925
32312921 5631750 -2940
32312921 5632050 -2947
32312921 5632350 -2954
32312921 5632650 -2959
32312921 5632950 -2961
32312921 5633250 -2962
32312921 5633550 -2959
32312921 5633850 -2953
32312921 5634150 -2943
32312859 5634450 -2925
32312921 5634450 -2928
32312921 5634510 -2925
32312921 5634750 -2909
32312805 5635050 -2875
32312921 5635050 -2884
32312921 5635145 -2875
32312921 5635350 -2854
32312921 5635592 -2825
32312921 5635650 -2818
32312916 5635950 -2775
32312921 5635950 -2775
32312921 5635953 -2775
32312908 5636250 -2725
32312921 5636250 -2726
32312921 5636259 -2725
32312921 5636530 -2675
32312921 5636550 -2671
32312921 5636773 -2625
32312719 5636850 -2575
32312921 5636850 -2609
32312921 5636998 -2575
32312840 5637150 -2525
32312921 5637150 -2539
32312921 5637208 -2525
32312921 5637405 -2475
32312730 5637450 -2425
32312921 5637450 -2463
32312921 5637588 -2425
32312899 5637750 -2375
32312921 5637750 -2379
32312672 5637750 -2325
32312921 5637766 -2375
32312921 5637930 -2325
32312864 5638050 -2275
32312921 5638050 -2288
32312654 5638050 -2225
32312921 5638090 -2275
32312921 5638241 -2225
32312866 5638350 -2175
32312921 5638350 -2188
32312670 5638350 -2125
32312921 5638389 -2175
32312921 5638528 -2125
32312899 5638650 -2075
32312921 5638650 -2081
32312715 5638650 -2025
32312921 5638665 -2075
32312921 5638794 -2025
32312921 5638922 -1975
32312786 5638950 -1925
32312921 5638950 -1964
32312921 5639043 -1925
32312921 5639162 -1875
32312879 5639250 -1825
32312921 5639250 -1837
32312717 5639250 -1775
32312921 5639278 -1825
32312921 5639388 -1775
32312921 5639498 -1725
32312840 5639550 -1675
32312921 5639550 -1701
32312688 5639550 -1625
32312921 5639604 -1675
32312921 5639706 -1625
32312921 5639808 -1575
32312837 5639850 -1525
32312921 5639850 -1554
32312694 5639850 -1475
32313052 5623650 -2825
32313222 5623877 -2825
32313222 5623650 -2835
32313222 5623950 -2821
32313222 5624250 -2811
32313222 5624550 -2804
32312942 5624850 -2775
32313222 5624850 -2802
32312934 5625150 -2775
32313222 5625150 -2808
32313222 5625450 -2823
32313060 5625750 -2825
32313222 5625750 -2845
32313222 5625467 -2825
32313222 5626050 -2868
32313086 5626350 -2875
32313222 5626350 -2886
32313222 5626161 -2875
32313222 5626650 -2898
32313222 5626950 -2902
32313222 5627250 -2902
32313222 5627550 -2900
32313222 5627850 -2899
32313222 5628150 -2897
32313222 5628450 -2894
32313222 5628750 -2891
32313222 5629050 -2890
32313222 5629350 -2890
32313222 5629650 -2892
32313222 5629950 -2896
32313222 5630250 -2902
32313222 5630550 -2909
32313222 5630850 -2917
32313060 5631150 -2925
32313222 5631150 -2926
32313222 5631095 -2925
32313222 5631450 -2935
32313222 5631750 -2944
32313222 5632050 -2953
32313222 5632350 -2960
32313222 5632650 -2966
32313222 5632950 -2970
32313222 5633250 -2972
32313222 5633550 -2971
32313222 5633850 -2967
32313222 5634150 -2959
32313222 5634450 -2947
32313147 5634750 -2925
32313222 5634750 -2930
32313222 5634821 -2925
32313222 5635050 -2908
32313153 5635350 -2875
32313222 5635350 -2881
32313222 5635407 -2875
32312990 5635650 -2825
32313222 5635650 -2848
32313222 5635832 -2825
32313222 5635950 -2809
32313222 5636182 -2775
32313222 5636250 -2764
32313222 5636484 -2725
32312947 5636550 -2675
32313222 5636550 -2713
32313222 5636751 -2675
32313023 5636850 -2625
32313222 5636850 -2655
32313222 5636993 -2625
32313127 5637150 -2575
32313222 5637150 -2591
32313222 5637218 -2575
32313222 5637427 -2525
32312982 5637450 -2475
32313222 5637450 -2519
32313222 5637619 -2475
32313145 5637750 -2425
32313222 5637750 -2440
32313222 5637803 -2425
32313222 5637977 -2375
32313089 5638050 -2325
32313222 5638050 -2353
32313222 5638141 -2325
32313222 5638300 -2275
32313075 5638350 -2225
32313222 5638350 -2259
32313222 5638450 -2225
32313222 5638595 -2175
32313097 5638650 -2125
32313222 5638650 -2156
32313222 5638734 -2125
32313222 5638868 -2075
32313150 5638950 -2025
32313222 5638950 -2044
32312962 5638950 -1975
32313222 5638998 -2025
32313222 5639122 -1975
32313222 5639245 -1925
32313052 5639250 -1875
32313222 5639250 -1923
32313222 5639360 -1875
32313222 5639475 -1825
32313165 5639550 -1775
32313222 5639550 -1792
32312999 5639550 -1725
32313222 5639586 -1775
32313222 5639693 -1725
32313222 5639799 -1675
32313141 5639850 -1625
32313222 5639850 -1650
32312985 5639850 -1575
32313264 5623950 -2825
32313524 5623950 -2844
32313524 5623650 -2855
32313378 5624250 -2825
32313524 5624250 -2837
32313425 5624550 -2825
32313524 5624550 -2834
32313415 5624850 -2825
32313524 5624850 -2837
32313353 5625150 -2825
32313524 5625150 -2846
32313232 5625450 -2825
32313524 5625450 -2861
32313482 5625750 -2875
32313524 5625750 -2879
32313524 5625672 -2875
32313298 5626050 -2875
32313524 5626050 -2895
32313524 5626350 -2903
32313524 5626650 -2906
32313524 5626950 -2905
32313524 5627250 -2904
32313524 5627550 -2902
32313524 5627850 -2900
32313524 5628150 -2898
32313524 5628450 -2895
32313524 5628750 -2892
32313524 5629050 -2891
32313524 5629350 -2891
32313524 5629650 -2894
32313524 5629950 -2898
32313524 5630250 -2904
32313524 5630550 -2912
32313524 5630850 -2920
32313524 5631150 -2930
32313524 5630987 -2925
32313524 5631450 -2939
32313524 5631750 -2949
32313524 5632050 -2958
32313524 5632350 -2967
32313524 5632650 -2974
32313368 5632950 -2975
32313524 5632694 -2975
32313295 5633250 -2975
32313312 5633550 -2975
32313398 5633850 -2975
32313524 5634121 -2975
32313524 5634150 -2974
32313524 5634450 -2964
32313524 5634750 -2949
32313447 5635050 -2925
32313524 5635050 -2930
32313524 5635120 -2925
32313524 5635350 -2906
32313504 5635650 -2875
32313524 5635650 -2876
32313524 5635665 -2875
32313367 5635950 -2825
32313524 5635950 -2841
32313524 5636070 -2825
32313308 5636250 -2775
32313524 5636250 -2800
32313524 5636409 -2775
32313309 5636550 -2725
32313524 5636550 -2752
32313524 5636704 -2725
32313356 5636850 -2675
32313524 5636850 -2698
32313524 5636968 -2675
32313438 5637150 -2625
32313524 5637150 -2638
32313524 5637209 -2625
32313524 5637431 -2575
32313254 5637450 -2525
32313524 5637450 -2570
32313524 5637633 -2525
32313410 5637750 -2475
32313524 5637750 -2495
32313524 5637826 -2475
32313524 5638008 -2425
32313329 5638050 -2375
32313524 5638050 -2413
32313524 5638178 -2375
32313524 5638344 -2325
32313296 5638350 -2275
32313524 5638350 -2323
32313524 5638497 -2275
32313524 5638649 -2225
32313305 5638650 -2175
32313524 5638650 -2224
32313524 5638789 -2175
32313524 5638929 -2125
32313348 5638950 -2075
32313524 5638950 -2117
32313524 5639060 -2075
32313524 5639189 -2025
32313422 5639250 -1975
32313524 5639250 -2001
32313230 5639250 -1925
32313524 5639312 -1975
32313524 5639432 -1925
32313522 5639550 -1875
32313524 5639550 -1875
32313341 5639550 -1825
32313524 5639550 -1875
32313524 5639662 -1825
32313524 5639772 -1775
32313473 5639850 -1725
32313524 5639850 -1739
32313303 5639850 -1675
32313783 5623650 -2875
32313825 5623752 -2875
32313825 5623650 -2878
32313825 5623950 -2869
32313825 5624250 -2864
32313825 5624550 -2864
32313825 5624850 -2869
32313790 5625150 -2875
32313825 5625150 -2878
32313825 5625028 -2875
32313666 5625450 -2875
32313825 5625450 -2890
32313825 5625750 -2901
32313825 5626050 -2909
32313825 5626350 -2909
32313825 5626650 -2906
32313825 5626950 -2905
32313825 5627250 -2904
32313825 5627550 -2902
32313825 5627850 -2900
32313825 5628150 -2897
32313825 5628450 -2895
32313825 5628750 -2893
32313825 5629050 -2893
32313825 5629350 -2893
32313825 5629650 -2896
32313825 5629950 -2901
32313825 5630250 -2907
32313825 5630550 -2915
32313825 5630850 -2924
32313825 5631150 -2934
32313825 5630874 -2925
32313825 5631450 -2944
32313825 5631750 -2954
32313825 5632050 -2964
32313825 5632350 -2973
32313555 5632650 -2975
32313825 5632393 -2975
32313536 5634150 -2975
32313720 5634450 -2975
32313825 5634590 -2975
32313825 5634750 -2968
32313825 5635050 -2951
32313761 5635350 -2925
32313825 5635350 -2929
32313825 5635405 -2925
32313825 5635650 -2903
32313825 5635911 -2875
32313825 5635950 -2870
32313753 5636250 -2825
32313825 5636250 -2832
32313825 5636302 -2825
32313710 5636550 -2775
32313825 5636550 -2788
32313825 5636631 -2775
32313724 5636850 -2725
32313825 5636850 -2738
32313825 5636919 -2725
32313781 5637150 -2675
32313825 5637150 -2681
32313825 5637179 -2675
32313825 5637414 -2625
32313551 5637450 -2575
32313825 5637450 -2617
32313825 5637629 -2575
32313697 5637750 -2525
32313825 5637750 -2546
32313825 5637832 -2525
32313825 5638023 -2475
32313587 5638050 -2425
32313825 5638050 -2467
32313825 5638200 -2425
32313790 5638350 -2375
32313825 5638350 -2381
32313532 5638350 -2325
32313825 5638371 -2375
32313825 5638530 -2325
32313765 5638650 -2275
32313825 5638650 -2287
32313525 5638650 -2225
32313825 5638686 -2275
32313825 5638832 -2225
32313782 5638950 -2175
32313825 5638950 -2184
32313557 5638950 -2125
32313825 5638975 -2175
32313825 5639110 -2125
32313825 5639243 -2075
32313624 5639250 -2025
32313825 5639250 -2072
32313825 5639368 -2025
32313825 5639492 -1975
32313719 5639550 -1925
32313825 5639550 -1951
32313825 5639612 -1925
32313825 5639727 -1875
32313825 5639841 -1825
32313653 5639850 -1775
32313825 5639850 -1821
32313904 5623950 -2875
32314126 5623950 -2891
32314126 5623650 -2899
32313960 5624250 -2875
32314126 5624250 -2888
32313954 5624550 -2875
32314126 5624550 -2888
32313892 5624850 -2875
32314126 5624850 -2893
32314126 5625150 -2900
32314126 5625450 -2906
32314126 5625750 -2911
32314126 5626050 -2911
32314126 5626350 -2910
32314126 5626650 -2906
32314126 5626950 -2905
32314126 5627250 -2903
32314126 5627550 -2901
32314126 5627850 -2899
32314126 5628150 -2897
32314126 5628450 -2895
32314126 5628750 -2894
32314126 5629050 -2894
32314126 5629350 -2895
32314126 5629650 -2898
32314126 5629950 -2903
32314126 5630250 -2910
32314126 5630550 -2918
32313884 5630850 -2925
32314126 5630850 -2928
32314126 5630747 -2925
32314126 5631150 -2938
32314126 5631450 -2949
32314126 5631750 -2960
32314126 5632050 -2970
32313877 5632350 -2975
32314126 5632180 -2975
32313939 5634750 -2975
32314126 5634971 -2975
32314126 5635050 -2971
32314126 5635350 -2951
32314096 5635650 -2925
32314126 5635650 -2927
32314126 5635674 -2925
32313872 5635950 -2875
32314126 5635950 -2897
32314126 5636144 -2875
32314126 5636250 -2862
32314126 5636523 -2825
32314126 5636550 -2821
32314126 5636844 -2775
32314126 5636850 -2774
32314126 5637124 -2725
32314126 5637150 -2720
32314126 5637375 -2675
32313879 5637450 -2625
32314126 5637450 -2659
32314126 5637605 -2625
32314012 5637750 -2575
32314126 5637750 -2592
32314126 5637819 -2575
32314126 5638020 -2525
32313867 5638050 -2475
32314126 5638050 -2517
32314126 5638205 -2475
32314069 5638350 -2425
32314126 5638350 -2434
32314126 5638383 -2425
32314126 5638549 -2375
32314023 5638650 -2325
32314126 5638650 -2344
32314126 5638709 -2325
32314126 5638861 -2275
32314024 5638950 -2225
32314126 5638950 -2245
32314126 5639007 -2225
32314126 5639147 -2175
32314065 5639250 -2125
32314126 5639250 -2138
32313835 5639250 -2075
32314126 5639284 -2125
32314126 5639413 -2075
32314126 5639541 -2025
32313925 5639550 -1975
32314126 5639550 -2021
32314126 5639662 -1975
32314126 5639781 -1925
32314041 5639850 -1875
32314126 5639850 -1896
32313839 5639850 -1825
32314427 5623650 -2919
32314427 5623950 -2911
32314427 5624250 -2906
32314427 5624550 -2906
32314427 5624850 -2908
32314427 5625150 -2911
32314427 5625450 -2913
32314427 5625750 -2913
32314427 5626050 -2911
32314427 5626350 -2907
32314427 5626650 -2905
32314427 5626950 -2902
32314427 5627250 -2900
32314427 5627550 -2899
32314427 5627850 -2897
32314427 5628150 -2895
32314427 5628450 -2894
32314427 5628750 -2894
32314427 5629050 -2895
32314427 5629350 -2897
32314427 5629650 -2901
32314427 5629950 -2907
32314427 5630250 -2914
32314427 5630550 -2922
32314427 5630850 -2932
32314427 5630617 -2925
32314427 5631150 -2943
32314427 5631450 -2954
32314427 5631750 -2965
32314334 5632050 -2975
32314427 5631998 -2975
32314190 5635050 -2975
32314427 5635296 -2975
32314427 5635350 -2971
32314427 5635650 -2949
32314427 5635922 -2925
32314427 5635950 -2922
32314264 5636250 -2875
32314427 5636250 -2889
32314427 5636365 -2875
32314162 5636550 -2825
32314427 5636550 -2851
32314427 5636727 -2825
32314134 5636850 -2775
32314427 5636850 -2806
32314427 5637037 -2775
32314165 5637150 -2725
32314427 5637150 -2755
32314427 5637311 -2725
32314244 5637450 -2675
32314427 5637450 -2698
32314427 5637559 -2675
32314361 5637750 -2625
32314427 5637750 -2634
32314427 5637788 -2625
32314427 5637997 -2575
32314176 5638050 -2525
32314427 5638050 -2562
32314427 5638192 -2525
32314375 5638350 -2475
32314427 5638350 -2483
32314427 5638379 -2475
32314427 5638552 -2425
32314303 5638650 -2375
32314427 5638650 -2396
32314427 5638718 -2375
32314427 5638875 -2325
32314284 5638950 -2275
32314427 5638950 -2301
32314427 5639026 -2275
32314427 5639171 -2225
32314312 5639250 -2175
32314427 5639250 -2197
32314427 5639311 -2175
32314427 5639445 -2125
32314377 5639550 -2075
32314427 5639550 -2085
32314141 5639550 -2025
32314427 5639576 -2075
32314427 5639701 -2025
32314427 5639824 -1975
32314253 5639850 -1925
32314427 5639850 -1964
32314677 5623950 -2925
32314728 5623650 -2937
32314513 5623650 -2925
32314728 5623950 -2927
32314728 5624077 -2925
32314728 5624250 -2921
32314728 5624550 -2917
32314728 5624850 -2915
32314728 5625150 -2914
32314728 5625450 -2912
32314728 5625750 -2911
32314728 5626050 -2908
32314728 5626350 -2905
32314728 5626650 -2902
32314728 5626950 -2899
32314728 5627250 -2898
32314728 5627550 -2896
32314728 5627850 -2895
32314728 5628150 -2894
32314728 5628450 -2894
32314728 5628750 -2894
32314728 5629050 -2896
32314728 5629350 -2899
32314728 5629650 -2904
32314728 5629950 -2910
32314728 5630250 -2918
32314581 5630550 -2925
32314728 5630550 -2927
32314728 5630479 -2925
32314728 5630850 -2937
32314728 5631150 -2948
32314728 5631450 -2959
32314728 5631750 -2971
32314728 5631836 -2975
32314478 5635350 -2975
32314728 5635578 -2975
32314728 5635650 -2970
32314461 5635950 -2925
32314728 5635950 -2944
32314728 5636146 -2925
32314728 5636250 -2914
32314691 5636550 -2875
32314728 5636550 -2878
32314728 5636574 -2875
32314613 5636850 -2825
32314728 5636850 -2836
32314728 5636920 -2825
32314606 5637150 -2775
32314728 5637150 -2788
32314728 5637222 -2775
32314656 5637450 -2725
32314728 5637450 -2733
32314728 5637491 -2725
32314728 5637735 -2675
32314728 5637750 -2671
32314728 5637955 -2625
32314519 5638050 -2575
32314728 5638050 -2603
32314728 5638162 -2575
32314712 5638350 -2525
32314728 5638350 -2527
32314728 5638358 -2525
32314728 5638538 -2475
32314609 5638650 -2425
32314728 5638650 -2443
32314728 5638711 -2425
32314728 5638875 -2375
32314567 5638950 -2325
32314728 5638950 -2352
32314728 5639032 -2325
32314728 5639182 -2275
32314577 5639250 -2225
32314728 5639250 -2252
32314728 5639326 -2225
32314728 5639465 -2175
32314629 5639550 -2125
32314728 5639550 -2144
32314728 5639599 -2125
32314728 5639728 -2075
32314716 5639850 -2025
32314728 5639850 -2027
32314476 5639850 -1975
32315030 5623650 -2954
32315030 5623950 -2941
32314829 5624250 -2925
32315030 5624250 -2932
32315015 5624550 -2925
32315030 5624550 -2925
32315030 5624570 -2925
32315030 5624850 -2919
32315030 5625150 -2915
32315030 5625450 -2911
32315030 5625750 -2908
32315030 5626050 -2905
32315030 5626350 -2901
32315030 5626650 -2899
32315030 5626950 -2896
32315030 5627250 -2895
32315030 5627550 -2894
32315030 5627850 -2893
32315030 5628150 -2893
32315030 5628450 -2893
32315030 5628750 -2895
32315030 5629050 -2898
32315030 5629350 -2901
32315030 5629650 -2907
32315030 5629950 -2914
32315030 5630250 -2922
32315030 5630550 -2931
32315030 5630339 -2925
32315030 5630850 -2942
32315030 5631150 -2953
32315030 5631450 -2965
32314896 5631750 -2975
32315030 5631684 -2975
32314806 5635650 -2975
32315030 5635827 -2975
32315030 5635950 -2965
32314870 5636250 -2925
32315030 5636250 -2936
32315030 5636354 -2925
32315030 5636550 -2902
32315030 5636760 -2875
32315030 5636850 -2863
32315030 5637099 -2825
32315030 5637150 -2817
32315030 5637392 -2775
32315030 5637450 -2764
32315030 5637653 -2725
32314756 5637750 -2675
32315030 5637750 -2706
32315030 5637892 -2675
32314905 5638050 -2625
32315030 5638050 -2640
32315030 5638112 -2625
32315030 5638318 -2575
32315030 5638350 -2567
32315030 5638507 -2525
32314948 5638650 -2475
32315030 5638650 -2486
32315030 5638689 -2475
32315030 5638859 -2425
32314877 5638950 -2375
32315030 5638950 -2398
32315030 5639023 -2375
32315030 5639179 -2325
32314865 5639250 -2275
32315030 5639250 -2302
32315030 5639328 -2275
32315030 5639471 -2225
32314902 5639550 -2175
32315030 5639550 -2197
32315030 5639610 -2175
32315030 5639743 -2125
32314978 5639850 -2075
32315030 5639850 -2084
32315331 5623650 -2969
32315331 5623950 -2955
32315331 5624250 -2942
32315331 5624550 -2932
32315331 5624820 -2925
32315331 5624850 -2924
32315331 5625150 -2917
32315331 5625450 -2911
32315331 5625750 -2906
32315331 5626050 -2903
32315331 5626350 -2899
32315331 5626650 -2896
32315331 5626950 -2894
32315331 5627250 -2893
32315331 5627550 -2892
32315331 5627850 -2892
32315331 5628150 -2892
32315331 5628450 -2894
32315331 5628750 -2896
32315331 5629050 -2899
32315331 5629350 -2904
32315331 5629650 -2910
32315331 5629950 -2917
32315225 5630250 -2925
32315331 5630250 -2926
32315331 5630197 -2925
32315331 5630550 -2936
32315331 5630850 -2947
32315331 5631150 -2959
32315331 5631450 -2971
32315331 5631538 -2975
32315186 5635950 -2975
32315331 5636049 -2975
32315331 5636250 -2957
32315331 5636548 -2925
32315331 5636550 -2924
32315180 5636850 -2875
32315331 5636850 -2887
32315331 5636933 -2875
32315120 5637150 -2825
32315331 5637150 -2843
32315331 5637260 -2825
32315136 5637450 -2775
32315331 5637450 -2793
32315331 5637547 -2775
32315215 5637750 -2725
32315331 5637750 -2736
32315331 5637806 -2725
32315331 5638042 -2675
32315331 5638050 -2673
32315331 5638257 -2625
32315095 5638350 -2575
32315331 5638350 -2603
32315331 5638459 -2575
32315327 5638650 -2525
32315331 5638650 -2525
32315331 5638651 -2525
32315331 5638828 -2475
32315221 5638950 -2425
32315331 5638950 -2440
32315331 5638999 -2425
32315331 5639160 -2375
32315182 5639250 -2325
32315331 5639250 -2347
32315331 5639316 -2325
32315331 5639465 -2275
32315199 5639550 -2225
32315331 5639550 -2246
32315331 5639608 -2225
32315331 5639746 -2175
32315260 5639850 -2125
32315331 5639850 -2137
32315632 5623827 -2975
32315434 5623650 -2975
32315632 5623950 -2968
32315632 5624250 -2953
32315632 5624550 -2940
32315375 5624850 -2925
32315632 5624850 -2929
32315632 5625012 -2925
32315632 5625150 -2920
32315632 5625450 -2913
32315632 5625750 -2907
32315632 5626050 -2902
32315632 5626350 -2898
32315632 5626650 -2895
32315632 5626950 -2893
32315632 5627250 -2892
32315632 5627550 -2891
32315632 5627850 -2891
32315632 5628150 -2892
32315632 5628450 -2894
32315632 5628750 -2897
32315632 5629050 -2902
32315632 5629350 -2907
32315632 5629650 -2914
32315632 5629950 -2921
32315632 5630250 -2931
32315632 5630049 -2925
32315632 5630550 -2941
32315632 5630850 -2952
32315632 5631150 -2964
32315516 5631450 -2975
32315632 5631394 -2975
32315630 5636250 -2975
32315332 5636550 -2925
32315632 5636550 -2944
32315632 5636251 -2975
32315632 5636713 -2925
32315632 5636850 -2908
32315632 5637090 -2875
32315632 5637150 -2866
32315632 5637410 -2825
32315632 5637450 -2818
32315632 5637691 -2775
32315632 5637750 -2764
32315632 5637944 -2725
32315346 5638050 -2675
32315632 5638050 -2703
32315632 5638175 -2675
32315534 5638350 -2625
32315632 5638350 -2635
32315632 5638392 -2625
32315632 5638592 -2575
32315632 5638650 -2560
32315632 5638779 -2525
32315608 5638950 -2475
32315632 5638950 -2478
32315632 5638960 -2475
32315632 5639127 -2425
32315535 5639250 -2375
32315632 5639250 -2388
32315632 5639290 -2375
32315632 5639444 -2325
32315527 5639550 -2275
32315632 5639550 -2290
32315632 5639594 -2275
32315632 5639736 -2225
32315570 5639850 -2175
32315632 5639850 -2184
32315786 5623950 -2975
32315933 5624068 -2975
32315933 5624250 -2964
32315933 5624550 -2949
32315933 5624850 -2937
32315856 5625150 -2925
32315933 5625150 -2926
32315933 5625197 -2925
32315933 5625450 -2917
32315933 5625750 -2910
32315933 5626050 -2904
32315933 5626350 -2899
32315933 5626650 -2896
32315933 5626950 -2893
32315933 5627250 -2892
32315933 5627550 -2892
32315933 5627850 -2892
32315933 5628150 -2894
32315933 5628450 -2896
32315933 5628750 -2900
32315933 5629050 -2904
32315933 5629350 -2910
32315933 5629650 -2918
32315833 5629950 -2925
32315933 5629950 -2926
32315933 5629895 -2925
32315933 5630250 -2936
32315933 5630550 -2946
32315933 5630850 -2958
32315933 5631150 -2970
32315933 5631252 -2975
32315933 5636417 -2975
32315933 5636550 -2962
32315891 5636850 -2925
32315933 5636850 -2927
32315933 5636870 -2925
32315752 5637150 -2875
32315933 5637150 -2887
32315933 5637231 -2875
32315716 5637450 -2825
32315933 5637450 -2841
32315933 5637544 -2825
32315762 5637750 -2775
32315933 5637750 -2788
32315933 5637821 -2775
32315876 5638050 -2725
32315933 5638050 -2730
32315933 5638073 -2725
32315933 5638302 -2675
32315933 5638350 -2664
32315933 5638513 -2625
32315771 5638650 -2575
32315933 5638650 -2591
32315933 5638714 -2575
32315933 5638902 -2525
32315933 5638950 -2512
32315933 5639078 -2475
32315933 5639250 -2425
32315933 5639250 -2425
32315933 5639250 -2425
32315933 5639409 -2375
32315892 5639550 -2325
32315933 5639550 -2330
32315933 5639566 -2325
32315933 5639713 -2275
32315911 5639850 -2225
32315933 5639850 -2228
32316173 5624250 -2975
32316234 5624297 -2975
32316234 5624550 -2960
32316234 5624850 -2946
32316234 5625150 -2934
32316234 5625409 -2925
32316234 5625450 -2923
32316234 5625750 -2915
32316234 5626050 -2908
32316234 5626350 -2902
32316234 5626650 -2898
32316234 5626950 -2896
32316234 5627250 -2894
32316234 5627550 -2894
32316234 5627850 -2894
32316234 5628150 -2896
32316234 5628450 -2899
32316234 5628750 -2903
32316234 5629050 -2908
32316234 5629350 -2915
32316234 5629650 -2922
32316234 5629950 -2931
32316234 5629726 -2925
32316234 5630250 -2941
32316234 5630550 -2952
32316234 5630850 -2964
32316147 5631150 -2975
32316234 5631107 -2975
32316183 5636550 -2975
32316234 5636574 -2975
32316234 5636850 -2944
32316234 5637002 -2925
32316234 5637150 -2905
32316234 5637358 -2875
32316234 5637450 -2861
32316234 5637666 -2825
32316234 5637750 -2810
32316234 5637939 -2775
32316234 5638050 -2753
32316234 5638186 -2725
32316055 5638350 -2675
32316234 5638350 -2690
32316234 5638415 -2675
32316234 5638629 -2625
32316234 5638650 -2620
32316234 5638825 -2575
32316059 5638950 -2525
32316234 5638950 -2542
32316234 5639013 -2525
32316234 5639191 -2475
32316234 5639250 -2458
32316234 5639359 -2425
32316234 5639522 -2375
32316234 5639550 -2366
32316234 5639676 -2325
32316234 5639827 -2275
32316234 5639850 -2267
32316536 5624530 -2975
32316536 5624550 -2973
32316536 5624850 -2957
32316536 5625150 -2943
32316286 5625450 -2925
32316536 5625450 -2931
32316536 5625660 -2925
32316536 5625750 -2922
32316536 5626050 -2914
32316536 5626350 -2907
32316536 5626650 -2903
32316536 5626950 -2900
32316536 5627250 -2898
32316536 5627550 -2897
32316536 5627850 -2898
32316536 5628150 -2900
32316536 5628450 -2903
32316536 5628750 -2907
32316536 5629050 -2913
32316536 5629350 -2920
32316362 5629650 -2925
32316536 5629650 -2928
32316536 5629534 -2925
32316536 5629950 -2937
32316536 5630250 -2947
32316536 5630550 -2958
32316536 5630850 -2970
32316536 5630956 -2975
32316536 5636703 -2975
32316536 5636850 -2959
32316536 5637126 -2925
32316536 5637150 -2922
32316466 5637450 -2875
32316536 5637450 -2879
32316536 5637475 -2875
32316456 5637750 -2825
32316536 5637750 -2830
32316536 5637777 -2825
32316536 5638049 -2775
32316536 5638050 -2774
32316536 5638293 -2725
32316536 5638350 -2713
32316536 5638519 -2675
32316293 5638650 -2625
32316536 5638650 -2645
32316536 5638731 -2625
32316536 5638930 -2575
32316536 5638950 -2570
32316536 5639115 -2525
32316403 5639250 -2475
32316536 5639250 -2488
32316536 5639294 -2475
32316536 5639463 -2425
32316312 5639550 -2375
32316536 5639550 -2399
32316536 5639625 -2375
32316536 5639781 -2325
32316299 5639850 -2275
32316536 5639850 -2302
32316560 5624550 -2975
32316837 5624780 -2975
32316837 5624850 -2970
32316837 5625150 -2955
32316837 5625450 -2942
32316630 5625750 -2925
32316837 5625750 -2931
32316837 5625964 -2925
32316837 5626050 -2922
32316837 5626350 -2915
32316837 5626650 -2909
32316837 5626950 -2906
32316837 5627250 -2903
32316837 5627550 -2903
32316837 5627850 -2903
32316837 5628150 -2905
32316837 5628450 -2908
32316837 5628750 -2913
32316837 5629050 -2919
32316784 5629350 -2925
32316837 5629350 -2926
32316837 5629305 -2925
32316837 5629650 -2934
32316837 5629950 -2943
32316837 5630250 -2953
32316837 5630550 -2965
32316739 5630850 -2975
32316837 5630796 -2975
32316837 5636823 -2975
32316837 5636850 -2972
32316598 5637150 -2925
32316837 5637150 -2936
32316837 5637230 -2925
32316837 5637450 -2894
32316837 5637573 -2875
32316837 5637750 -2846
32316837 5637873 -2825
32316537 5638050 -2775
32316837 5638050 -2793
32316837 5638142 -2775
32316709 5638350 -2725
32316837 5638350 -2733
32316837 5638389 -2725
32316837 5638615 -2675
32316837 5638650 -2667
32316837 5638824 -2625
32316596 5638950 -2575
32316837 5638950 -2594
32316837 5639023 -2575
32316837 5639211 -2525
32316837 5639250 -2514
32316837 5639388 -2475
32316803 5639550 -2425
32316837 5639550 -2428
32316837 5639560 -2425
32316837 5639721 -2375
32316746 5639850 -2325
32316837 5639850 -2334
32316916 5624850 -2975
32317138 5625053 -2975
32317138 5625150 -2969
32317138 5625450 -2955
32317138 5625750 -2943
32316911 5626050 -2925
32317138 5626050 -2932
32317138 5626346 -2925
32317138 5626350 -2924
32317138 5626650 -2918
32317138 5626950 -2914
32317138 5627250 -2911
32317138 5627550 -2910
32317138 5627850 -2910
32317138 5628150 -2912
32317138 5628450 -2915
32317138 5628750 -2920
32317098 5629050 -2925
32317138 5629050 -2925
32317138 5629002 -2925
32317138 5629350 -2932
32317138 5629650 -2941
32317138 5629950 -2950
32317138 5630250 -2960
32317138 5630550 -2972
32317138 5630619 -2975
32316911 5636850 -2975
32317138 5636921 -2975
32317138 5637150 -2948
32317138 5637322 -2925
32317138 5637450 -2907
32317138 5637663 -2875
32317138 5637750 -2861
32317138 5637961 -2825
32317138 5638050 -2809
32317138 5638228 -2775
32317138 5638350 -2751
32317138 5638473 -2725
32316954 5638650 -2675
32317138 5638650 -2686
32317138 5638700 -2675
32317138 5638912 -2625
32317138 5638950 -2615
32317138 5639109 -2575
32316967 5639250 -2525
32317138 5639250 -2538
32317138 5639298 -2525
32317138 5639476 -2475
32317138 5639550 -2454
32317138 5639646 -2425
32317138 5639811 -2375
32317138 5639850 -2363
32317237 5625150 -2975
32317439 5625359 -2975
32317439 5625450 -2970
32317439 5625750 -2956
32317439 5626050 -2945
32317140 5626350 -2925
32317439 5626350 -2936
32317310 5626650 -2925
32317439 5626650 -2929
32317439 5626925 -2925
32317439 5626950 -2924
32317439 5627250 -2921
32317439 5627550 -2919
32317439 5627850 -2919
32317439 5628150 -2920
32317439 5628450 -2923
32317318 5628750 -2925
32317439 5628750 -2928
32317439 5628523 -2925
32317439 5629050 -2933
32317439 5629350 -2940
32317439 5629650 -2949
32317439 5629950 -2958
32317439 5630250 -2968
32317248 5630550 -2975
32317439 5630419 -2975
32317439 5637006 -2975
32317439 5637150 -2958
32317439 5637405 -2925
32317439 5637450 -2919
32317439 5637744 -2875
32317439 5637750 -2874
32317439 5638040 -2825
32317439 5638050 -2823
32317439 5638306 -2775
32317439 5638350 -2766
32317439 5638549 -2725
32317439 5638650 -2703
32317439 5638776 -2675
32317282 5638950 -2625
32317439 5638950 -2634
32317439 5638989 -2625
32317439 5639188 -2575
32317439 5639250 -2559
32317439 5639375 -2525
32317410 5639550 -2475
32317439 5639550 -2477
32317439 5639557 -2475
32317439 5639727 -2425
32317279 5639850 -2375
32317439 5639850 -2388
32317522 5625450 -2975
32317740 5625709 -2975
32317740 5625750 -2973
32317740 5626050 -2960
32317740 5626350 -2950
32317740 5626650 -2942
32317450 5626950 -2925
32317740 5626950 -2936
32317537 5627250 -2925
32317740 5627250 -2932
32317588 5627550 -2925
32317740 5627550 -2930
32317596 5627850 -2925
32317740 5627850 -2930
32317558 5628150 -2925
32317740 5628150 -2931
32317472 5628450 -2925
32317740 5628450 -2933
32317740 5628750 -2937
32317740 5629050 -2943
32317740 5629350 -2950
32317740 5629650 -2958
32317740 5629950 -2967
32317662 5630250 -2975
32317740 5630184 -2975
32317740 5637080 -2975
32317740 5637150 -2967
32317622 5637450 -2925
32317740 5637450 -2928
32317740 5637475 -2925
32317462 5637750 -2875
32317740 5637750 -2884
32317740 5637809 -2875
32317478 5638050 -2825
32317740 5638050 -2835
32317740 5638106 -2825
32317627 5638350 -2775
32317740 5638350 -2779
32317740 5638374 -2775
32317740 5638619 -2725
32317740 5638650 -2718
32317740 5638844 -2675
32317740 5638950 -2651
32317740 5639057 -2625
32317698 5639250 -2575
32317740 5639250 -2577
32317740 5639259 -2575
32317740 5639447 -2525
32317740 5639550 -2497
32317740 5639628 -2475
32317740 5639801 -2425
32317740 5639850 -2411
32317773 5625750 -2975
32317988 5626050 -2975
32318042 5626133 -2975
32318042 5626350 -2966
32318042 5626650 -2958
32318042 5626950 -2951
32318042 5627250 -2946
32318042 5627550 -2943
32318042 5627850 -2942
32318042 5628150 -2942
32318042 5628450 -2945
32318042 5628750 -2948
32318042 5629050 -2953
32318042 5629350 -2960
32318042 5629650 -2967
32317987 5629950 -2975
32318042 5629889 -2975
32318042 5637144 -2975
32318042 5637150 -2974
32318042 5637450 -2936
32318042 5637532 -2925
32318042 5637750 -2893
32318042 5637866 -2875
32318042 5638050 -2845
32318042 5638162 -2825
32318042 5638350 -2791
32318042 5638431 -2775
32317891 5638650 -2725
32318042 5638650 -2731
32318042 5638678 -2725
32318042 5638906 -2675
32318042 5638950 -2665
32318042 5639118 -2625
32318042 5639250 -2593
32318042 5639321 -2575
32318042 5639512 -2525
32318042 5639550 -2515
32318042 5639693 -2475
32317953 5639850 -2425
32318042 5639850 -2430
32318173 5626350 -2975
32318333 5626650 -2975
32318343 5626671 -2975
32318343 5626950 -2967
32318343 5627250 -2962
32318343 5627550 -2958
32318343 5627850 -2956
32318343 5628150 -2956
32318343 5628450 -2958
32318343 5628750 -2961
32318343 5629050 -2965
32318343 5629350 -2971
32318234 5629650 -2975
32318343 5629482 -2975
32318071 5637150 -2975
32318343 5637192 -2975
32318343 5637450 -2943
32318343 5637579 -2925
32318343 5637750 -2900
32318343 5637914 -2875
32318343 5638050 -2853
32318343 5638211 -2825
32318343 5638350 -2800
32318343 5638481 -2775
32318343 5638650 -2741
32318343 5638729 -2725
32318281 5638950 -2675
32318343 5638950 -2677
32318343 5638960 -2675
32318343 5639173 -2625
32318343 5639250 -2607
32318343 5639376 -2575
32318232 5639550 -2525
32318343 5639550 -2530
32318343 5639570 -2525
32318343 5639752 -2475
32318343 5639850 -2448
32318460 5626950 -2975
32318563 5627250 -2975
32318640 5627550 -2975
32318644 5627576 -2975
32318644 5627850 -2972
32318644 5628150 -2971
32318644 5628450 -2972
32318641 5628750 -2975
32318644 5628732 -2975
32318551 5629050 -2975
32318419 5629350 -2975
32318644 5637229 -2975
32318644 5637450 -2948
32318644 5637618 -2925
32318644 5637750 -2906
32318644 5637954 -2875
32318644 5638050 -2860
32318644 5638253 -2825
32318644 5638350 -2808
32318644 5638523 -2775
32318644 5638650 -2750
32318644 5638772 -2725
32318644 5638950 -2687
32318644 5639004 -2675
32318644 5639222 -2625
32318644 5639250 -2618
32318644 5639425 -2575
32318644 5639550 -2543
32318644 5639620 -2525
32318644 5639806 -2475
32318644 5639850 -2463
32318685 5627850 -2975
32318702 5628150 -2975
32318688 5628450 -2975
32318945 5637258 -2975
32318945 5637450 -2951
32318945 5637648 -2925
32318945 5637750 -2911
32318945 5637986 -2875
32318945 5638050 -2865
32318945 5638287 -2825
32318945 5638350 -2814
32318945 5638558 -2775
32318945 5638650 -2757
32318945 5638809 -2725
32318945 5638950 -2695
32318945 5639043 -2675
32318842 5639250 -2625
32318945 5639250 -2628
32318945 5639263 -2625
32318945 5639468 -2575
32318945 5639550 -2555
32318945 5639664 -2525
32318921 5639850 -2475
32318945 5639850 -2476
32319246 5637278 -2975
32319246 5637450 -2954
32319246 5637671 -2925
32319246 5637750 -2914
32319246 5638011 -2875
32319246 5638050 -2869
32319246 5638313 -2825
32319246 5638350 -2818
32319246 5638587 -2775
32319246 5638650 -2763
32319246 5638839 -2725
32319246 5638950 -2702
32319246 5639075 -2675
32319246 5639250 -2636
32319246 5639297 -2625
32319246 5639506 -2575
32319246 5639550 -2564
32319246 5639703 -2525
32319246 5639850 -2486
32319548 5637290 -2975
32319548 5637450 -2956
32319548 5637685 -2925
32319548 5637750 -2916
32319548 5638028 -2875
32319548 5638050 -2871
32319548 5638333 -2825
32319548 5638350 -2822
32319548 5638609 -2775
32319548 5638650 -2767
32319548 5638864 -2725
32319548 5638950 -2707
32319548 5639101 -2675
32319548 5639250 -2642
32319548 5639325 -2625
32319548 5639537 -2575
32319548 5639550 -2572
32319548 5639736 -2525
32319548 5639850 -2496
32319849 5637296 -2975
32319849 5637450 -2957
32319849 5637693 -2925
32319849 5637750 -2917
32319849 5638039 -2875
32319849 5638050 -2873
32319849 5638347 -2825
32319849 5638350 -2824
32319849 5638625 -2775
32319849 5638650 -2770
32319849 5638882 -2725
32319849 5638950 -2711
32319849 5639122 -2675
32319849 5639250 -2647
32319849 5639348 -2625
32319691 5639550 -2575
32319849 5639550 -2578
32319849 5639563 -2575
32319849 5639764 -2525
32319849 5639850 -2503
