32295448 5623950 -2475
32295448 5623650 -2475
32295451 5623650 -2475
32295451 5623950 -2475
32295150 5623650 -2425
32295150 5623950 -2425
32295406 5623650 -1875
32295451 5623687 -1875
32295451 5623650 -1891
32295270 5623650 -1825
32295451 5623800 -1825
32295150 5623650 -1780
32295150 5623662 -1775
32295451 5623912 -1775
32295365 5623950 -1725
32295451 5623950 -1757
32295150 5623771 -1725
32295150 5623880 -1675
32295234 5623950 -1675
32295451 5623650 -1652
32295451 5623849 -1625
32295263 5623650 -1625
32295150 5623950 -1642
32295298 5623650 -1575
32295451 5623817 -1575
32295451 5623950 -1557
32295234 5623950 -1525
32295329 5623650 -1525
32295150 5623650 -1499
32295270 5623950 -1475
32295150 5623823 -1475
32295150 5623950 -1457
32295367 5623650 -1325
32295451 5623719 -1325
32295451 5623650 -1358
32295240 5623650 -1275
32295451 5623822 -1275
32295150 5623650 -1239
32295150 5623680 -1225
32295451 5623926 -1225
32295355 5623950 -1175
32295451 5623950 -1213
32295150 5623783 -1175
32295150 5623886 -1125
32295229 5623950 -1125
32295150 5623950 -1093
32295392 5623650 -425
32295451 5623650 -434
32295451 5623711 -425
32295406 5623650 -375
32295451 5623696 -375
32295451 5623950 -336
32295381 5623950 -325
32295421 5623650 -325
32295436 5623650 -275
32295396 5623950 -275
32295150 5623650 -229
32295411 5623950 -225
32295150 5623682 -225
32295310 5623650 -175
32295150 5623666 -175
32295451 5623650 -223
32295451 5623761 -175
32295427 5623950 -175
32295451 5623879 -125
32295150 5623950 -131
32295161 5623650 -125
32295389 5623950 -75
32295451 5623950 -96
32295150 5623757 -75
32295150 5623650 -121
32295150 5623876 -25
32295241 5623950 -25
32295150 5623950 5
32295451 5623955 -2475
32295447 5624250 -2425
32295451 5624250 -2425
32295150 5623952 -2425
32295150 5624250 -2375
32295451 5624036 -1725
32295451 5624167 -1675
32295404 5624250 -1625
32295451 5624250 -1643
32295150 5623994 -1625
32295150 5624121 -1575
32295278 5624250 -1575
32295451 5624165 -1525
32295150 5624247 -1525
32295153 5624250 -1525
32295150 5624250 -1523
32295186 5624250 -1475
32295451 5624250 -1512
32295221 5624250 -1425
32295150 5624179 -1425
32295257 5624250 -1375
32295150 5624144 -1375
32295150 5624250 -1359
32295451 5624051 -1175
32295451 5624185 -1125
32295387 5624250 -1075
32295451 5624250 -1101
32295150 5623998 -1075
32295150 5624127 -1025
32295265 5624250 -1025
32295150 5624250 -978
32295451 5624018 -325
32295451 5624003 -275
32295451 5623988 -225
32295451 5624250 -182
32295404 5624250 -175
32295420 5624250 -125
32295150 5623990 -125
32295150 5623974 -75
32295451 5624045 -75
32295437 5624250 -75
32295451 5624250 -31
32295150 5623959 -25
32295310 5624250 25
32295150 5624250 21
32295150 5624018 25
32295150 5624196 75
32295186 5624250 75
32295150 5624250 89
32295447 5624550 -2425
32295451 5624550 -2425
32295150 5624550 -2375
32295451 5624309 -1625
32295451 5624470 -1575
32295390 5624550 -1525
32295451 5624550 -1550
32295167 5624272 -1522
32295270 5624550 -1475
32295150 5624397 -1475
32295451 5624497 -1475
32295153 5624546 -1426
32295451 5624463 -1425
32295150 5624548 -1425
32295151 5624550 -1425
32295150 5624550 -1424
32295193 5624550 -1375
32295451 5624550 -1410
32295224 5624550 -1325
32295150 5624481 -1325
32295261 5624550 -1275
32295150 5624447 -1275
32295150 5624550 -1259
32295451 5624345 -1075
32295451 5624530 -1025
32295348 5624550 -975
32295451 5624550 -1019
32295150 5624260 -975
32295150 5624424 -925
32295234 5624550 -925
32295150 5624550 -887
32295451 5624293 -175
32295451 5624278 -125
32295451 5624550 -79
32295424 5624550 -75
32295451 5624301 -25
32295441 5624550 -25
32295150 5624270 25
32295451 5624550 3
32295150 5624254 75
32295451 5624572 -2425
32295447 5624850 -2375
32295451 5624850 -2378
32295150 5624554 -2375
32295150 5624850 -2325
32295451 5624647 -1525
32295451 5624842 -1475
32295342 5624850 -1425
32295451 5624850 -1472
32295155 5624557 -1423
32295229 5624850 -1375
32295150 5624724 -1375
32295451 5624774 -1375
32295451 5624750 -1325
32295150 5624850 -1339
32295451 5624717 -1275
32295238 5624850 -1225
32295451 5624850 -1253
32295150 5624772 -1225
32295277 5624850 -1175
32295150 5624739 -1175
32295316 5624850 -1125
32295150 5624706 -1125
32295150 5624850 -1102
32295451 5624749 -975
32295391 5624850 -925
32295451 5624850 -953
32295150 5624598 -875
32295286 5624850 -875
32295150 5624789 -825
32295182 5624850 -825
32295150 5624850 -809
32295451 5624574 -75
32295451 5624559 -25
32295446 5625150 -2375
32295451 5625150 -2375
32295447 5625150 -2325
32295150 5624854 -2325
32295150 5625150 -2275
32295451 5625054 -1425
32295391 5625150 -1375
32295451 5625150 -1402
32295150 5624905 -1325
32295285 5625150 -1325
32295150 5625095 -1275
32295180 5625150 -1275
32295451 5625030 -1225
32295150 5625150 -1260
32295451 5624997 -1175
32295451 5625150 -1150
32295258 5625150 -1125
32295298 5625150 -1075
32295150 5625026 -1075
32295338 5625150 -1025
32295150 5624993 -1025
32295150 5625150 -1000
32295451 5624974 -925
32295430 5625150 -875
32295451 5625150 -885
32295332 5625150 -825
32295150 5624979 -775
32295236 5625150 -775
32295150 5625150 -729
32295451 5625154 -2375
32295451 5625450 -2325
32295446 5625450 -2325
32295446 5625450 -2275
32295150 5625155 -2275
32295150 5625450 -2225
32295451 5625267 -1375
32295437 5625450 -1325
32295451 5625450 -1331
32295336 5625450 -1275
32295150 5625284 -1225
32295237 5625450 -1225
32295150 5625450 -1180
32295451 5625311 -1125
32295451 5625277 -1075
32295451 5625244 -1025
32295315 5625450 -975
32295451 5625450 -992
32295150 5625313 -975
32295355 5625450 -925
32295150 5625280 -925
32295451 5625191 -875
32295150 5625247 -875
32295396 5625450 -875
32295150 5625450 -843
32295451 5625383 -825
32295392 5625450 -775
32295451 5625450 -807
32295150 5625165 -725
32295301 5625450 -725
32295150 5625335 -675
32295211 5625450 -675
32295150 5625450 -640
32295451 5625455 -2325
32295451 5625750 -2275
32295446 5625750 -2275
32295446 5625750 -2225
32295150 5625455 -2225
32295150 5625750 -2175
32295451 5625476 -1325
32295451 5625671 -1275
32295394 5625750 -1225
32295451 5625750 -1254
32295150 5625470 -1175
32295299 5625750 -1175
32295150 5625646 -1125
32295205 5625750 -1125
32295150 5625750 -1094
32295451 5625563 -975
32295451 5625529 -925
32295451 5625750 -891
32295324 5625750 -875
32295363 5625750 -825
32295150 5625572 -825
32295150 5625539 -775
32295451 5625556 -775
32295403 5625750 -775
32295451 5625716 -725
32295150 5625750 -743
32295383 5625750 -675
32295451 5625750 -714
32295150 5625497 -625
32295296 5625750 -625
32295150 5625648 -575
32295210 5625750 -575
32295150 5625750 -540
32295451 5625755 -2275
32295451 5626050 -2225
32295446 5626050 -2225
32295446 5626050 -2175
32295150 5625755 -2175
32295150 5626050 -2125
32295451 5625853 -1225
32295451 5626023 -1175
32295374 5626050 -1125
32295451 5626050 -1167
32295150 5625814 -1075
32295284 5626050 -1075
32295150 5625972 -1025
32295195 5626050 -1025
32295150 5626050 -999
32295451 5625857 -875
32295451 5625824 -825
32295451 5625790 -775
32295359 5626050 -725
32295451 5626050 -736
32295150 5625872 -725
32295150 5625840 -675
32295451 5625858 -675
32295397 5626050 -675
32295435 5626050 -625
32295451 5625992 -625
32295150 5625806 -625
32295451 5626050 -603
32295150 5626050 -589
32295404 5626050 -575
32295150 5625790 -525
32295320 5626050 -525
32295150 5625919 -475
32295237 5626050 -475
32295150 5626044 -425
32295154 5626050 -425
32295150 5626050 -422
32295451 5626055 -2225
32295451 5626350 -2175
32295446 5626350 -2175
32295446 5626350 -2125
32295150 5626055 -2125
32295150 5626350 -2075
32295451 5626176 -1125
32295451 5626321 -1075
32295380 5626350 -1025
32295451 5626350 -1065
32295150 5626121 -975
32295292 5626350 -975
32295150 5626262 -925
32295205 5626350 -925
32295150 5626350 -893
32295451 5626131 -725
32295451 5626098 -675
32295451 5626064 -625
32295451 5626113 -575
32295451 5626350 -584
32295150 5626150 -575
32295373 5626350 -575
32295408 5626350 -525
32295451 5626222 -525
32295382 5626151 -553
32295150 5626118 -525
32295443 5626350 -475
32295451 5626325 -475
32295150 5626085 -475
32295451 5626350 -463
32295150 5626350 -437
32295388 5626350 -425
32295150 5626155 -375
32295305 5626350 -375
32295150 5626261 -325
32295222 5626350 -325
32295150 5626350 -281
32295451 5626355 -2175
32295451 5626355 -2125
32295446 5626650 -2075
32295451 5626650 -2075
32295150 5626355 -2075
32295446 5626650 -2025
32295150 5626355 -2025
32295150 5626650 -1975
32295451 5626453 -1025
32295451 5626579 -975
32295414 5626650 -925
32295451 5626650 -945
32295150 5626397 -875
32295326 5626650 -875
32295150 5626525 -825
32295238 5626650 -825
32295150 5626650 -775
32295451 5626421 -575
32295451 5626390 -525
32295451 5626357 -475
32295451 5626420 -425
32295451 5626650 -435
32295150 5626441 -425
32295369 5626650 -425
32295399 5626650 -375
32295451 5626508 -375
32295365 5626447 -402
32295150 5626410 -375
32295428 5626650 -325
32295451 5626590 -325
32295150 5626378 -325
32295451 5626650 -286
32295277 5626473 -284
32295430 5626650 -275
32295150 5626363 -275
32295150 5626650 -287
32295150 5626466 -225
32295336 5626650 -225
32295150 5626567 -175
32295237 5626650 -175
32295150 5626650 -133
32295451 5626655 -2075
32295451 5626950 -2026
32295445 5626950 -2025
32295445 5626950 -1975
32295150 5626655 -1975
32295444 5626950 -1925
32295150 5626657 -1925
32295150 5626950 -1876
32295451 5626696 -925
32295451 5626807 -875
32295451 5626917 -825
32295388 5626950 -775
32295451 5626950 -809
32295150 5626651 -775
32295150 5626768 -725
32295295 5626950 -725
32295150 5626887 -675
32295201 5626950 -675
32295150 5626950 -648
32295451 5626728 -425
32295451 5626700 -375
32295451 5626672 -325
32295368 5626950 -275
32295451 5626950 -286
32295150 5626735 -275
32295451 5626671 -275
32295395 5626950 -225
32295451 5626765 -225
32295405 5626696 -261
32295150 5626706 -225
32295423 5626950 -175
32295451 5626857 -175
32295150 5626676 -175
32295451 5626949 -125
32295434 5626932 -126
32295150 5626671 -125
32295150 5626950 -135
32295330 5626950 -75
32295451 5626950 -124
32295150 5626790 -75
32295150 5626904 -25
32295203 5626950 -25
32295150 5626950 -3
32295451 5626956 -2025
32295451 5626955 -1975
32295451 5627250 -1926
32295445 5627250 -1925
32295445 5627250 -1875
32295150 5626956 -1875
32295446 5627250 -1825
32295150 5626955 -1825
32295150 5627250 -1776
32295451 5627017 -775
32295451 5627116 -725
32295451 5627218 -675
32295387 5627250 -625
32295451 5627250 -660
32295150 5626995 -625
32295150 5627094 -575
32295293 5627250 -575
32295150 5627201 -525
32295194 5627250 -525
32295150 5627250 -504
32295451 5627029 -275
32295451 5627003 -225
32295451 5627250 -182
32295397 5627250 -175
32295393 5627250 -125
32295150 5627016 -125
32295150 5626988 -75
32295451 5627090 -75
32295421 5627250 -75
32295451 5627227 -25
32295150 5627250 -31
32295237 5627250 25
32295451 5627250 -16
32295150 5627146 25
32295150 5627250 37
32295451 5627256 -1925
32295451 5627256 -1875
32295451 5627498 -1825
32295445 5627550 -1775
32295451 5627550 -1817
32295150 5627256 -1775
32295445 5627550 -1725
32295150 5627256 -1725
32295150 5627550 -1676
32295451 5627313 -625
32295451 5627409 -575
32295451 5627514 -525
32295395 5627550 -475
32295451 5627550 -509
32295150 5627296 -475
32295150 5627382 -425
32295308 5627550 -425
32295150 5627479 -375
32295214 5627550 -375
32295150 5627550 -342
32295451 5627299 -175
32295451 5627303 -125
32295451 5627277 -75
32295436 5627550 -25
32295451 5627550 -26
32295150 5627296 -25
32295451 5627550 -7
32295150 5627259 25
32295150 5627518 125
32295172 5627550 125
32295150 5627550 123
32295150 5627550 134
32295451 5627556 -1775
32295451 5627556 -1725
32295444 5627850 -1675
32295451 5627850 -1676
32295150 5627556 -1675
32295445 5627850 -1625
32295150 5627556 -1625
32295445 5627850 -1575
32295150 5627556 -1575
32295150 5627850 -1526
32295451 5627609 -475
32295451 5627700 -425
32295451 5627800 -375
32295408 5627850 -325
32295451 5627850 -352
32295150 5627578 -325
32295150 5627661 -275
32295327 5627850 -275
32295150 5627745 -225
32295247 5627850 -225
32295150 5627829 -175
32295169 5627850 -175
32295150 5627850 -162
32295451 5627563 -25
32295150 5627559 125
32295150 5627688 225
32295296 5627850 225
32295150 5627850 213
32295150 5627762 275
32295230 5627850 275
32295150 5627837 325
32295162 5627850 325
32295150 5627850 333
32295451 5627856 -1675
32295451 5627856 -1625
32295451 5627856 -1575
32295444 5628150 -1525
32295451 5628150 -1526
32295150 5627857 -1525
32295444 5628150 -1475
32295150 5627856 -1475
32295445 5628150 -1425
32295150 5627856 -1425
32295150 5628150 -1376
32295451 5627895 -325
32295451 5627980 -275
32295451 5628065 -225
32295451 5628148 -175
32295377 5628150 -125
32295451 5628150 -174
32295150 5627909 -125
32295150 5627987 -75
32295303 5628150 -75
32295150 5628065 -25
32295229 5628150 -25
32295150 5628143 25
32295156 5628150 25
32295150 5628150 29
32295150 5627953 225
32295451 5628150 214
32295358 5628150 225
32295451 5628015 225
32295410 5628150 275
32295451 5628088 275
32295150 5627904 275
32295150 5628150 303
32295292 5627988 315
32295451 5628150 315
32295437 5628150 325
32295150 5627915 375
32295364 5628150 375
32295150 5627996 425
32295289 5628150 425
32295150 5628081 475
32295213 5628150 475
32295451 5628157 -1525
32295451 5628156 -1475
32295451 5628156 -1425
32295150 5628157 -1375
32295451 5628259 -1375
32295444 5628450 -1325
32295451 5628450 -1344
32295150 5628157 -1325
32295444 5628450 -1275
32295150 5628156 -1275
32295445 5628450 -1225
32295150 5628156 -1225
32295150 5628450 -1176
32295451 5628236 -125
32295451 5628322 -75
32295451 5628405 -25
32295414 5628450 25
32295451 5628450 2
32295150 5628241 75
32295330 5628450 75
32295150 5628341 125
32295244 5628450 125
32295150 5628442 175
32295156 5628450 175
32295451 5628236 225
32295150 5628450 178
32295451 5628188 275
32295292 5628450 325
32295451 5628450 305
32295150 5628318 325
32295451 5628166 325
32295451 5628249 375
32295341 5628450 375
32295150 5628273 375
32295389 5628450 425
32295451 5628335 425
32295346 5628276 400
32295150 5628229 425
32295451 5628424 475
32295150 5628450 453
32295451 5628457 -1325
32295451 5628456 -1275
32295451 5628456 -1225
32295150 5628457 -1175
32295451 5628456 -1175
32295444 5628750 -1125
32295451 5628750 -1126
32295150 5628457 -1125
32295445 5628750 -1075
32295150 5628456 -1075
32295445 5628750 -1025
32295150 5628456 -1025
32295445 5628750 -975
32295150 5628456 -975
32295150 5628750 -926
32295451 5628506 25
32295451 5628633 75
32295441 5628750 125
32295451 5628750 120
32295325 5628750 175
32295150 5628648 225
32295207 5628750 225
32295150 5628750 249
32295451 5628584 325
32295451 5628543 375
32295451 5628505 425
32295341 5628750 475
32295451 5628750 459
32295150 5628585 475
32295451 5628756 -1125
32295451 5628756 -1075
32295451 5628756 -1025
32295451 5628756 -975
32295150 5628756 -925
32295451 5628755 -925
32295445 5629050 -875
32295451 5629050 -876
32295150 5628756 -875
32295445 5629050 -825
32295150 5628756 -825
32295446 5629050 -775
32295150 5628755 -775
32295446 5629050 -725
32295150 5628755 -725
32295446 5629050 -675
32295150 5628755 -675
32295443 5629050 -625
32295150 5628758 -625
32295150 5629050 -576
32295451 5628794 125
32295397 5629050 175
32295451 5629050 150
32295290 5629050 225
32295150 5628930 275
32295187 5629050 275
32295150 5629050 293
32295451 5628838 475
32295451 5629056 -875
32295451 5629055 -825
32295451 5629055 -775
32295451 5629055 -725
32295451 5629054 -675
32295451 5629054 -625
32295150 5629055 -575
32295451 5629054 -575
32295447 5629350 -525
32295451 5629350 -525
32295150 5629054 -525
32295447 5629350 -475
32295150 5629054 -475
32295447 5629350 -425
32295150 5629054 -425
32295448 5629350 -375
32295150 5629053 -375
32295448 5629350 -325
32295150 5629053 -325
32295448 5629350 -275
32295150 5629053 -275
32295449 5629350 -225
32295150 5629052 -225
32295449 5629350 -175
32295150 5629052 -175
32295449 5629350 -125
32295150 5629052 -125
32295150 5629350 -75
32295451 5629151 175
32295451 5629347 225
32295382 5629350 275
32295451 5629350 225
32295150 5629113 325
32295312 5629350 325
32295150 5629215 375
32295242 5629350 375
32295150 5629316 425
32295173 5629350 425
32295150 5629350 441
32295451 5629354 -525
32295451 5629354 -475
32295451 5629353 -425
32295451 5629353 -375
32295451 5629353 -325
32295451 5629352 -275
32295451 5629352 -225
32295451 5629352 -175
32295451 5629351 -125
32295150 5629352 -75
32295451 5629351 -75
32295150 5629352 -25
32295451 5629351 -25
32295150 5629352 25
32295451 5629351 25
32295150 5629351 75
32295451 5629350 75
32295150 5629351 125
32295451 5629351 125
32295450 5629650 175
32295451 5629650 174
32295150 5629351 175
32295450 5629650 225
32295150 5629351 225
32295150 5629350 275
32295451 5629425 275
32295451 5629650 275
32295451 5629650 325
32295451 5629502 325
32295150 5629350 325
32295451 5629650 375
32295451 5629581 375
32295150 5629350 375
32295451 5629650 417
32295150 5629350 425
32295451 5629651 175
32295451 5629650 225
32295451 5629650 275
32295451 5629650 325
32295451 5629650 375
32295749 5623950 -2525
32295750 5623650 -2525
32295753 5623650 -2525
32295753 5623950 -2525
32295720 5623650 -1975
32295753 5623673 -1975
32295753 5623650 -1984
32295558 5623650 -1925
32295753 5623791 -1925
32295753 5623907 -1875
32295655 5623950 -1825
32295753 5623950 -1856
32295753 5623650 -1807
32295753 5623887 -1775
32295534 5623650 -1775
32295503 5623950 -1775
32295570 5623650 -1725
32295753 5623848 -1725
32295753 5623950 -1711
32295509 5623950 -1675
32295605 5623650 -1675
32295544 5623950 -1625
32295573 5623950 -1575
32295643 5623650 -1425
32295753 5623730 -1425
32295753 5623650 -1462
32295499 5623650 -1375
32295753 5623835 -1375
32295753 5623939 -1325
32295625 5623950 -1275
32295753 5623950 -1319
32295484 5623950 -1225
32295666 5623650 -625
32295753 5623650 -638
32295753 5623740 -625
32295680 5623650 -575
32295753 5623725 -575
32295753 5623950 -540
32295652 5623950 -525
32295694 5623650 -525
32295708 5623650 -475
32295666 5623950 -475
32295681 5623950 -425
32295695 5623950 -375
32295624 5623650 -275
32295753 5623735 -275
32295753 5623650 -315
32295458 5623650 -225
32295753 5623844 -225
32295742 5623950 -175
32295753 5623950 -178
32295559 5623950 -125
32295749 5624250 -2525
32295753 5624250 -2525
32295747 5624250 -2475
32295753 5624036 -1825
32295753 5624172 -1775
32295688 5624250 -1725
32295753 5624250 -1746
32295753 5624198 -1675
32295542 5624250 -1675
32295753 5624162 -1625
32295753 5624250 -1612
32295500 5624250 -1575
32295535 5624250 -1525
32295753 5624071 -1275
32295753 5624209 -1225
32295654 5624250 -1175
32295753 5624250 -1210
32295516 5624250 -1125
32295753 5624048 -525
32295753 5624034 -475
32295753 5624250 -439
32295659 5624250 -425
32295674 5624250 -375
32295690 5624250 -325
32295706 5624250 -275
32295722 5624250 -225
32295753 5623967 -175
32295739 5624250 -125
32295753 5624250 -129
32295585 5624250 -75
32295753 5624253 -2525
32295753 5624550 -2475
32295748 5624550 -2475
32295753 5624323 -1725
32295753 5624493 -1675
32295658 5624550 -1625
32295753 5624550 -1658
32295753 5624492 -1575
32295519 5624550 -1575
32295753 5624465 -1525
32295506 5624550 -1475
32295753 5624550 -1511
32295542 5624550 -1425
32295753 5624387 -1175
32295727 5624550 -1125
32295753 5624550 -1134
32295595 5624550 -1075
32295465 5624550 -1025
32295753 5624336 -425
32295753 5624322 -375
32295753 5624307 -325
32295753 5624550 -283
32295699 5624550 -275
32295717 5624550 -225
32295734 5624550 -175
32295753 5624498 -125
32295752 5624550 -125
32295753 5624550 -124
32295634 5624550 -75
32295517 5624550 -25
32295748 5624850 -2475
32295753 5624850 -2475
32295731 5624850 -2425
32295753 5624689 -1625
32295720 5624850 -1575
32295753 5624850 -1587
32295587 5624850 -1525
32295753 5624773 -1475
32295457 5624850 -1475
32295753 5624740 -1425
32295525 5624850 -1375
32295753 5624850 -1407
32295563 5624850 -1325
32295601 5624850 -1275
32295753 5624599 -1125
32295747 5624850 -1075
32295753 5624850 -1077
32295624 5624850 -1025
32295503 5624850 -975
32295753 5624597 -275
32295753 5624581 -225
32295753 5624566 -175
32295753 5624850 -125
32295746 5624850 -125
32295753 5624850 -108
32295753 5624854 -2475
32295753 5625150 -2425
32295748 5625150 -2425
32295753 5624907 -1575
32295753 5625146 -1525
32295629 5625150 -1475
32295753 5625150 -1524
32295506 5625150 -1425
32295753 5625048 -1375
32295753 5625015 -1325
32295753 5625150 -1302
32295551 5625150 -1275
32295590 5625150 -1225
32295629 5625150 -1175
32295753 5624862 -1075
32295753 5625127 -1025
32295648 5625150 -975
32295753 5625150 -1020
32295537 5625150 -925
32295753 5624855 -125
32295753 5625184 -2425
32295748 5625450 -2375
32295753 5625450 -2380
32295753 5625386 -1475
32295666 5625450 -1425
32295753 5625450 -1461
32295550 5625450 -1375
32295753 5625322 -1275
32295753 5625288 -1225
32295753 5625264 -1175
32295615 5625450 -1125
32295753 5625450 -1145
32295655 5625450 -1075
32295695 5625450 -1025
32295753 5625359 -975
32295690 5625450 -925
32295753 5625450 -954
32295587 5625450 -875
32295486 5625450 -825
32295747 5625750 -2375
32295753 5625750 -2375
32295748 5625750 -2325
32295753 5625612 -1425
32295711 5625750 -1375
32295753 5625750 -1393
32295602 5625750 -1325
32295494 5625750 -1275
32295753 5625566 -1125
32295753 5625532 -1075
32295753 5625750 -1040
32295632 5625750 -1025
32295672 5625750 -975
32295753 5625562 -925
32295712 5625750 -925
32295753 5625746 -875
32295658 5625750 -825
32295753 5625750 -873
32295563 5625750 -775
32295471 5625750 -725
32295753 5625755 -2375
32295753 5626050 -2325
32295747 5626050 -2325
32295747 5626050 -2275
32295753 5625821 -1375
32295753 5626011 -1325
32295670 5626050 -1275
32295753 5626050 -1314
32295567 5626050 -1225
32295467 5626050 -1175
32295753 5625853 -1025
32295753 5625819 -975
32295753 5625785 -925
32295675 5626050 -875
32295753 5626050 -884
32295753 5625900 -825
32295714 5626050 -825
32295752 5626050 -775
32295753 5626047 -775
32295753 5626050 -774
32295664 5626050 -725
32295576 5626050 -675
32295489 5626050 -625
32295753 5626055 -2325
32295753 5626137 -2275
32295747 5626350 -2225
32295753 5626350 -2240
32295753 5626178 -1275
32295753 5626336 -1225
32295662 5626350 -1175
32295753 5626350 -1220
32295565 5626350 -1125
32295470 5626350 -1075
32295753 5626118 -875
32295753 5626084 -825
32295753 5626050 -775
32295697 5626350 -725
32295753 5626171 -725
32295753 5626350 -732
32295733 5626350 -675
32295753 5626287 -675
32295753 5626350 -647
32295633 5626350 -575
32295551 5626350 -525
32295471 5626350 -475
32295753 5626355 -2225
32295747 5626650 -2175
32295753 5626650 -2175
32295747 5626650 -2125
32295753 5626472 -1175
32295753 5626603 -1125
32295691 5626650 -1075
32295753 5626650 -1106
32295597 5626650 -1025
32295504 5626650 -975
32295753 5626401 -725
32295753 5626368 -675
32295753 5626650 -582
32295695 5626650 -575
32295753 5626489 -575
32295726 5626650 -525
32295753 5626579 -525
32295753 5626650 -483
32295662 5626650 -425
32295586 5626650 -375
32295510 5626650 -325
32295753 5626655 -2175
32295753 5626950 -2125
32295747 5626950 -2125
32295747 5626950 -2075
32295753 5626722 -1075
32295753 5626835 -1025
32295753 5626945 -975
32295663 5626950 -925
32295753 5626950 -973
32295570 5626950 -875
32295478 5626950 -825
32295753 5626704 -575
32295753 5626674 -525
32295753 5626950 -434
32295684 5626950 -425
32295753 5626752 -425
32295712 5626950 -375
32295753 5626836 -375
32295741 5626950 -325
32295753 5626919 -325
32295753 5626950 -306
32295702 5626950 -275
32295619 5626950 -225
32295536 5626950 -175
32295452 5626950 -125
32295753 5626955 -2125
32295753 5626955 -2075
32295746 5627250 -2025
32295753 5627250 -2026
32295747 5627250 -1975
32295753 5627046 -925
32295753 5627146 -875
32295753 5627247 -825
32295664 5627250 -775
32295753 5627250 -823
32295573 5627250 -725
32295479 5627250 -675
32295753 5627014 -425
32295753 5626987 -375
32295753 5626960 -325
32295753 5627012 -275
32295753 5627250 -284
32295686 5627250 -275
32295715 5627250 -225
32295753 5627114 -225
32295682 5627044 -253
32295753 5627217 -175
32295679 5627250 -125
32295753 5627250 -159
32295572 5627250 -75
32295469 5627250 -25
32295753 5627256 -2025
32295753 5627255 -1975
32295746 5627550 -1925
32295753 5627550 -1926
32295746 5627550 -1875
32295502 5627550 -1825
32295753 5627340 -775
32295753 5627435 -725
32295753 5627534 -675
32295677 5627550 -625
32295753 5627550 -667
32295584 5627550 -575
32295484 5627550 -525
32295753 5627313 -275
32295753 5627285 -225
32295683 5627550 -175
32295753 5627550 -185
32295753 5627343 -125
32295712 5627550 -125
32295740 5627550 -75
32295753 5627484 -75
32295753 5627550 -52
32295584 5627550 -25
32295753 5627556 -1925
32295753 5627556 -1875
32295753 5627675 -1825
32295746 5627850 -1775
32295753 5627850 -1797
32295746 5627850 -1725
32295753 5627622 -625
32295753 5627712 -575
32295753 5627810 -525
32295699 5627850 -475
32295753 5627850 -505
32295605 5627850 -425
32295502 5627850 -375
32295753 5627620 -175
32295753 5627590 -125
32295753 5627562 -75
32295732 5627850 -25
32295753 5627687 -25
32295753 5627850 -27
32295753 5627850 0
32295753 5627856 -1775
32295753 5627856 -1725
32295746 5628150 -1675
32295753 5628150 -1676
32295746 5628150 -1625
32295746 5628150 -1575
32295753 5627903 -475
32295753 5627995 -425
32295753 5628097 -375
32295709 5628150 -325
32295753 5628150 -350
32295623 5628150 -275
32295537 5628150 -225
32295453 5628150 -175
32295753 5627869 -25
32295725 5628150 75
32295753 5628072 75
32295753 5628150 72
32295753 5628150 100
32295579 5628150 225
32295509 5628150 275
32295753 5628156 -1675
32295753 5628156 -1625
32295753 5628156 -1575
32295745 5628450 -1525
32295753 5628450 -1526
32295746 5628450 -1475
32295746 5628450 -1425
32295643 5628450 -1375
32295753 5628199 -325
32295753 5628294 -275
32295753 5628387 -225
32295727 5628450 -175
32295753 5628450 -191
32295647 5628450 -125
32295569 5628450 -75
32295493 5628450 -25
32295753 5628175 75
32295753 5628450 216
32295678 5628450 225
32295753 5628337 225
32295728 5628450 275
32295753 5628412 275
32295753 5628450 299
32295714 5628450 325
32295637 5628450 375
32295557 5628450 425
32295475 5628450 475
32295753 5628457 -1525
32295753 5628456 -1475
32295753 5628456 -1425
32295753 5628456 -1375
32295746 5628750 -1325
32295753 5628750 -1326
32295746 5628750 -1275
32295746 5628750 -1225
32295746 5628750 -1175
32295753 5628479 -175
32295753 5628569 -125
32295753 5628654 -75
32295753 5628734 -25
32295668 5628750 25
32295753 5628750 -15
32295557 5628750 75
32295753 5628521 225
32295753 5628473 275
32295753 5628491 325
32295753 5628750 307
32295624 5628750 325
32295668 5628750 375
32295753 5628575 375
32295678 5628530 344
32295710 5628750 425
32295753 5628665 425
32295652 5628646 466
32295753 5628750 469
32295738 5628750 475
32295753 5628756 -1325
32295753 5628756 -1275
32295753 5628756 -1225
32295753 5628756 -1175
32295753 5628889 -1125
32295746 5629050 -1075
32295753 5629050 -1099
32295746 5629050 -1025
32295747 5629050 -975
32295747 5629050 -925
32295753 5628889 25
32295729 5629050 75
32295753 5629050 68
32295546 5629050 125
32295753 5628862 325
32295753 5628824 375
32295753 5628785 425
32295690 5629050 475
32295753 5629050 465
32295753 5628771 475
32295753 5629056 -1075
32295753 5629056 -1025
32295753 5629055 -975
32295753 5629055 -925
32295753 5629055 -875
32295747 5629350 -825
32295753 5629350 -825
32295747 5629350 -775
32295748 5629350 -725
32295748 5629350 -675
32295748 5629350 -625
32295748 5629350 -575
32295752 5629350 75
32295753 5629350 74
32295647 5629350 125
32295548 5629350 175
32295453 5629350 225
32295753 5629104 475
32295753 5629355 -825
32295753 5629355 -775
32295753 5629354 -725
32295753 5629354 -675
32295753 5629354 -625
32295753 5629354 -575
32295753 5629353 -525
32295753 5629353 -475
32295749 5629650 -425
32295753 5629650 -425
32295749 5629650 -375
32295750 5629650 -325
32295750 5629650 -275
32295750 5629650 -225
32295750 5629650 -175
32295751 5629650 -125
32295751 5629650 -75
32295751 5629650 -25
32295752 5629650 25
32295753 5629350 75
32295752 5629650 75
32295751 5629650 125
32295753 5629459 125
32295751 5629351 75
32295753 5629561 175
32295740 5629650 225
32295753 5629650 217
32295661 5629650 275
32295585 5629650 325
32295512 5629650 375
32295753 5629653 -425
32295753 5629653 -375
32295753 5629652 -325
32295753 5629652 -275
32295753 5629652 -225
32295753 5629652 -175
32295753 5629651 -125
32295753 5629651 -75
32295753 5629651 -25
32295753 5629650 25
32295753 5629650 75
32295753 5629650 125
32295753 5629650 175
32296050 5623950 -2575
32296051 5623650 -2575
32296054 5623650 -2575
32296054 5623950 -2575
32295912 5623650 -2025
32296054 5623736 -2025
32296054 5623650 -2059
32296054 5623858 -1975
32296008 5623950 -1925
32296054 5623950 -1936
32296054 5623650 -1909
32296054 5623901 -1875
32295830 5623650 -1875
32295821 5623950 -1875
32295864 5623650 -1825
32295812 5623898 -1857
32295774 5623950 -1825
32296054 5623950 -1868
32295809 5623950 -1775
32295843 5623950 -1725
32295963 5623650 -1525
32296054 5623707 -1525
32296054 5623650 -1551
32295793 5623650 -1475
32296054 5623816 -1475
32296054 5623923 -1425
32295931 5623950 -1375
32296054 5623950 -1412
32295769 5623950 -1325
32295940 5623650 -825
32296054 5623650 -842
32296054 5623769 -825
32295955 5623650 -775
32296054 5623754 -775
32296054 5623950 -745
32295924 5623950 -725
32295969 5623650 -725
32295982 5623650 -675
32295938 5623950 -675
32295951 5623950 -625
32295965 5623950 -575
32295941 5623650 -375
32296054 5623717 -375
32296054 5623650 -412
32295784 5623650 -325
32296054 5623808 -325
32296054 5623900 -275
32295956 5623950 -225
32296054 5623950 -248
32296050 5624250 -2575
32296054 5624250 -2575
32296054 5623984 -1925
32296054 5624127 -1875
32296054 5624250 -1831
32296054 5624244 -1825
32296029 5624250 -1825
32296054 5624208 -1775
32295851 5624250 -1775
32296054 5624250 -1768
32295768 5624250 -1725
32295802 5624250 -1675
32295836 5624250 -1625
32296054 5624053 -1375
32296054 5624193 -1325
32295957 5624250 -1275
32296054 5624250 -1305
32295798 5624250 -1225
32296054 5624078 -725
32296054 5624064 -675
32296054 5624250 -645
32295928 5624250 -625
32295943 5624250 -575
32295958 5624250 -525
32295973 5624250 -475
32296054 5624122 -225
32295926 5624250 -175
32296054 5624250 -209
32296054 5624253 -2575
32296050 5624550 -2525
32296054 5624550 -2525
32296054 5624274 -1825
32296054 5624453 -1775
32296054 5624550 -1748
32296054 5624533 -1725
32295975 5624550 -1725
32296054 5624498 -1675
32295807 5624550 -1675
32296054 5624550 -1667
32295776 5624550 -1625
32295812 5624550 -1575
32295840 5624550 -1525
32296054 5624372 -1275
32296030 5624550 -1225
32296054 5624550 -1232
32295875 5624550 -1175
32296054 5624367 -625
32296054 5624353 -575
32296054 5624338 -525
32296054 5624550 -488
32295968 5624550 -475
32295985 5624550 -425
32296003 5624550 -375
32296020 5624550 -325
32296037 5624550 -225
32296054 5624550 -230
32296054 5624464 -225
32295894 5624550 -175
32295755 5624550 -125
32296049 5624850 -2525
32296054 5624850 -2525
32296054 5624654 -1725
32296031 5624850 -1675
32296054 5624850 -1682
32296054 5624810 -1625
32295871 5624850 -1625
32296054 5624776 -1575
32296054 5624850 -1563
32295798 5624850 -1525
32295835 5624850 -1475
32295872 5624850 -1425
32296054 5624593 -1225
32296035 5624850 -1175
32296054 5624850 -1181
32295889 5624850 -1125
32296054 5624627 -475
32296054 5624611 -425
32296054 5624730 -375
32296054 5624850 -349
32296019 5624850 -325
32296038 5624850 -275
32296054 5624850 -234
32295792 5624850 -125
32296054 5624854 -2525
32296049 5625150 -2475
32296054 5625150 -2475
32296054 5624887 -1675
32296051 5625150 -1625
32296054 5625150 -1625
32295901 5625150 -1575
32296054 5625080 -1525
32295755 5625150 -1525
32296054 5625046 -1475
32296054 5625150 -1457
32295828 5625150 -1425
32295866 5625150 -1375
32295905 5625150 -1325
32296054 5624889 -1175
32296029 5625150 -1125
32296054 5625150 -1133
32295895 5625150 -1075
32295763 5625150 -1025
32296054 5624881 -325
32296054 5624864 -275
32296054 5625150 -226
32296040 5625150 -225
32296054 5624913 -225
32296054 5625150 -189
32296049 5625450 -2475
32296054 5625450 -2475
32296020 5625450 -2425
32296054 5625154 -1625
32296054 5625431 -1575
32295924 5625450 -1525
32296054 5625450 -1571
32295788 5625450 -1475
32296054 5625349 -1425
32296054 5625314 -1375
32296054 5625450 -1352
32295862 5625450 -1325
32295898 5625450 -1275
32295938 5625450 -1225
32295970 5625450 -1175
32296054 5625200 -1125
32296041 5625450 -1075
32296054 5625450 -1079
32295919 5625450 -1025
32295800 5625450 -975
32296054 5625162 -225
32296054 5625454 -2475
32296054 5625750 -2425
32296049 5625750 -2425
32296054 5625688 -1525
32295956 5625750 -1475
32296054 5625750 -1512
32295830 5625750 -1425
32296054 5625616 -1325
32296054 5625585 -1275
32296054 5625550 -1225
32296054 5625750 -1192
32295925 5625750 -1175
32295965 5625750 -1125
32296054 5625473 -1075
32296005 5625750 -1075
32296054 5625703 -1025
32295966 5625750 -975
32296054 5625750 -1014
32295859 5625750 -925
32295755 5625750 -875
32296054 5625754 -2425
32296049 5626050 -2375
32296054 5626050 -2375
32296054 5625917 -1475
32296007 5626050 -1425
32296054 5626050 -1444
32295890 5626050 -1375
32295776 5626050 -1325
32296054 5625861 -1175
32296054 5625827 -1125
32296054 5625792 -1075
32295981 5626050 -1025
32296054 5626050 -1034
32296054 5625899 -975
32296020 5626050 -975
32296054 5626050 -933
32295939 5626050 -875
32295845 5626050 -825
32295754 5626050 -775
32296054 5626055 -2375
32296048 5626350 -2325
32296054 5626350 -2325
32295967 5626350 -2275
32296054 5626120 -1425
32296054 5626299 -1375
32295974 5626350 -1325
32296054 5626350 -1360
32295866 5626350 -1275
32295762 5626350 -1225
32296054 5626114 -1025
32296054 5626079 -975
32296054 5626350 -879
32296018 5626350 -875
32296054 5626222 -875
32296054 5626350 -829
32295876 5626350 -725
32295796 5626350 -675
32296054 5626355 -2325
32296054 5626650 -2275
32296048 5626650 -2275
32296049 5626650 -2225
32296054 5626454 -1325
32296054 5626597 -1275
32295988 5626650 -1225
32296054 5626650 -1256
32295886 5626650 -1175
32295787 5626650 -1125
32296054 5626381 -875
32296054 5626650 -727
32296031 5626650 -725
32296054 5626584 -725
32296054 5626650 -693
32295876 5626650 -575
32295807 5626650 -525
32296054 5626655 -2275
32296054 5626655 -2225
32296048 5626950 -2175
32296054 5626950 -2175
32296054 5626725 -1225
32296054 5626843 -1175
32296045 5626950 -1125
32296054 5626950 -1129
32295946 5626950 -1075
32295849 5626950 -1025
32295756 5626950 -975
32296054 5626671 -725
32296054 5626950 -578
32296023 5626950 -575
32296054 5626870 -575
32296054 5626950 -529
32295906 5626950 -425
32295840 5626950 -375
32295776 5626950 -325
32296054 5626955 -2175
32296048 5627250 -2125
32296054 5627250 -2125
32296048 5627250 -2075
32296054 5626958 -1125
32296054 5627061 -1075
32296054 5627162 -1025
32296041 5627250 -975
32296054 5627250 -981
32295944 5627250 -925
32295848 5627250 -875
32295754 5627250 -825
32296054 5626978 -575
32296054 5627250 -430
32296009 5627250 -425
32296054 5627132 -425
32296042 5627250 -375
32296054 5627217 -375
32296054 5627250 -356
32295926 5627250 -275
32295850 5627250 -225
32295775 5627250 -175
32296054 5627255 -2125
32296054 5627255 -2075
32296048 5627550 -2025
32296054 5627550 -2026
32296048 5627550 -1975
32296054 5627262 -975
32296054 5627355 -925
32296054 5627448 -875
32296054 5627542 -825
32295965 5627550 -775
32296054 5627550 -820
32295867 5627550 -725
32295768 5627550 -675
32296054 5627292 -425
32296054 5627261 -375
32296054 5627550 -335
32295980 5627550 -325
32296054 5627312 -325
32296054 5627388 -275
32295998 5627550 -275
32296026 5627550 -225
32296054 5627471 -225
32296034 5627530 -176
32296054 5627550 -175
32296052 5627550 -175
32295935 5627550 -125
32295811 5627550 -75
32296054 5627556 -2025
32296054 5627555 -1975
32296047 5627850 -1925
32296054 5627850 -1926
32296048 5627850 -1875
32295927 5627850 -1825
32296054 5627631 -775
32296054 5627721 -725
32296054 5627813 -675
32295997 5627850 -625
32296054 5627850 -655
32295900 5627850 -575
32295795 5627850 -525
32296054 5627625 -325
32296054 5627607 -275
32296054 5627578 -225
32295978 5627850 -175
32296054 5627850 -186
32296054 5627551 -175
32296007 5627850 -125
32296054 5627656 -125
32296048 5627554 -173
32296034 5627850 -75
32296054 5627765 -75
32296054 5627850 -37
32295972 5627850 -25
32296054 5627856 -1925
32296054 5627856 -1875
32296054 5627855 -1825
32296047 5628150 -1775
32296054 5628150 -1776
32296047 5628150 -1725
32296054 5627904 -625
32296054 5627998 -575
32296054 5628099 -525
32296006 5628150 -475
32296054 5628150 -501
32295911 5628150 -425
32295807 5628150 -375
32296054 5627926 -175
32296054 5627897 -125
32296054 5627869 -75
32296031 5628150 -25
32296054 5627923 -25
32296054 5628150 -28
32296054 5628150 3
32295832 5628150 75
32296054 5628156 -1775
32296054 5628156 -1725
32296054 5628158 -1675
32296047 5628450 -1625
32296054 5628450 -1626
32296047 5628450 -1575
32296054 5628202 -475
32296054 5628307 -425
32296054 5628419 -375
32295989 5628450 -325
32296054 5628450 -362
32295901 5628450 -275
32295812 5628450 -225
32296054 5628172 -25
32295863 5628450 225
32295790 5628450 275
32296054 5628456 -1625
32296054 5628456 -1575
32296054 5628456 -1525
32296047 5628750 -1475
32296054 5628750 -1476
32296047 5628750 -1425
32296047 5628750 -1375
32296054 5628519 -325
32296054 5628613 -275
32296054 5628706 -225
32296009 5628750 -175
32296054 5628750 -201
32295925 5628750 -125
32295844 5628750 -75
32295767 5628750 -25
32296054 5628750 217
32295986 5628750 225
32296054 5628644 225
32296035 5628750 275
32296054 5628720 275
32296054 5628750 294
32296004 5628750 325
32295922 5628750 375
32295834 5628750 425
32296054 5628756 -1475
32296054 5628756 -1425
32296054 5628756 -1375
32296054 5628755 -1325
32296047 5629050 -1275
32296054 5629050 -1276
32296047 5629050 -1225
32296048 5629050 -1175
32295916 5629050 -1125
32296054 5628799 -175
32296054 5628892 -125
32296054 5628979 -75
32296032 5629050 -25
32296054 5629050 -32
32295888 5629050 25
32296054 5628814 225
32296054 5628767 275
32295989 5629050 375
32296054 5628895 375
32296054 5629050 365
32296031 5629050 425
32296054 5628993 425
32296054 5629050 451
32295981 5629050 475
32296054 5629056 -1275
32296054 5629056 -1225
32296054 5629056 -1175
32296054 5629055 -1125
32296054 5629059 -1075
32296048 5629350 -1025
32296054 5629350 -1026
32296048 5629350 -975
32296048 5629350 -925
32296049 5629350 -875
32296054 5629082 -25
32296054 5629312 25
32296054 5629350 32
32296054 5629109 375
32296054 5629070 425
32296054 5629355 -1025
32296054 5629355 -975
32296054 5629355 -925
32296054 5629355 -875
32296054 5629354 -825
32296054 5629359 -775
32296049 5629650 -725
32296054 5629650 -726
32296049 5629650 -675
32296050 5629650 -625
32296050 5629650 -575
32296050 5629650 -525
32296051 5629650 -475
32296054 5629577 75
32295965 5629650 125
32296054 5629650 88
32295850 5629650 175
32296054 5629654 -725
32296054 5629654 -675
32296054 5629654 -625
32296054 5629653 -575
32296054 5629653 -525
32296054 5629653 -475
32296054 5629652 -425
32296054 5629652 -375
32296051 5629950 -325
32296054 5629950 -325
32296051 5629950 -275
32296052 5629950 -225
32296052 5629950 -175
32296052 5629950 -125
32296053 5629950 -75
32296053 5629950 -25
32296053 5629950 25
32296053 5629950 75
32296054 5629753 125
32296053 5629950 125
32296054 5629950 175
32296054 5629878 175
32296054 5629950 203
32296054 5629952 -325
32296054 5629952 -275
32296054 5629951 -225
32296054 5629951 -175
32296054 5629951 -125
32296054 5629951 -75
32296054 5629950 -25
32296054 5629950 25
32296054 5629950 75
32296054 5629950 125
32296054 5629950 175
32296053 5630250 325
32296054 5630171 325
32296054 5630250 324
32296054 5630250 375
32296054 5630217 375
32296054 5630250 398
32296054 5630250 325
32296054 5630250 375
32296352 5623950 -2625
32296352 5623650 -2625
32296355 5623650 -2625
32296355 5623950 -2625
32296137 5623650 -2075
32296355 5623752 -2075
32296355 5623650 -2114
32296078 5623650 -2025
32296355 5623650 -2070
32296355 5623950 -1997
32296355 5623932 -1975
32296242 5623950 -1975
32296112 5623650 -1975
32296355 5623950 -1972
32296062 5623950 -1925
32296146 5623650 -1925
32296095 5623950 -1875
32296157 5623650 -1575
32296355 5623752 -1575
32296355 5623650 -1619
32296355 5623865 -1525
32296306 5623950 -1475
32296355 5623950 -1486
32296104 5623950 -1425
32296228 5623650 -975
32296355 5623650 -1016
32296355 5623784 -975
32296355 5623950 -950
32296197 5623950 -925
32296243 5623650 -925
32296257 5623650 -875
32296210 5623950 -875
32296224 5623950 -825
32296238 5623950 -775
32296338 5623650 -525
32296355 5623660 -525
32296355 5623650 -531
32296211 5623650 -475
32296355 5623739 -475
32296085 5623650 -425
32296355 5623815 -425
32296355 5623890 -375
32296324 5623950 -325
32296355 5623950 -334
32296151 5623950 -275
32296355 5624205 -2625
32296355 5624250 -2617
32296355 5624018 -1975
32296058 5624250 -1825
32296092 5624250 -1775
32296355 5623984 -1475
32296355 5624128 -1425
32296324 5624250 -1375
32296355 5624250 -1382
32296129 5624250 -1325
32296355 5624108 -925
32296355 5624094 -875
32296355 5624151 -825
32296355 5624250 -809
32296212 5624250 -775
32296226 5624250 -725
32296241 5624250 -675
32296355 5623998 -325
32296325 5624250 -275
32296355 5624250 -282
32296121 5624250 -225
32296351 5624550 -2575
32296355 5624550 -2575
32296070 5624550 -1725
32296104 5624550 -1675
32296355 5624282 -1375
32296355 5624494 -1325
32296212 5624550 -1275
32296355 5624550 -1312
32296355 5624385 -775
32296355 5624371 -725
32296355 5624550 -694
32296233 5624550 -675
32296250 5624550 -625
32296267 5624550 -575
32296284 5624550 -525
32296199 5624550 -275
32296355 5624550 -321
32296351 5624850 -2575
32296355 5624850 -2575
32296355 5624827 -1725
32296223 5624850 -1725
32296355 5624850 -1757
32296355 5624850 -1721
32296059 5624850 -1675
32296095 5624850 -1625
32296130 5624850 -1575
32296355 5624780 -1275
32296211 5624850 -1225
32296355 5624850 -1264
32296355 5624661 -675
32296355 5624646 -625
32296355 5624850 -589
32296265 5624850 -575
32296283 5624850 -525
32296302 5624850 -475
32296322 5624850 -425
32296270 5624850 -375
32296307 5624850 -325
32296355 5624850 -341
32296355 5624604 -325
32296164 5624850 -275
32296355 5624854 -2575
32296351 5625150 -2525
32296355 5625150 -2525
32296355 5625046 -1725
32296355 5625150 -1707
32296355 5625127 -1675
32296233 5625150 -1675
32296355 5625092 -1625
32296355 5625150 -1615
32296091 5625150 -1575
32296128 5625150 -1525
32296166 5625150 -1475
32296355 5625139 -1225
32296190 5625150 -1175
32296355 5625150 -1223
32296355 5624933 -575
32296355 5624915 -525
32296355 5624898 -475
32296355 5625150 -431
32296310 5625150 -425
32296330 5625150 -375
32296349 5625150 -325
32296317 5624983 -339
32296355 5625012 -325
32296355 5625150 -310
32296137 5625150 -225
32296350 5625450 -2525
32296355 5625450 -2525
32296355 5625364 -1675
32296231 5625450 -1625
32296355 5625450 -1661
32296355 5625389 -1575
32296065 5625450 -1575
32296355 5625355 -1525
32296355 5625450 -1509
32296127 5625450 -1475
32296166 5625450 -1425
32296204 5625450 -1375
32296337 5625450 -1175
32296355 5625450 -1180
32296186 5625450 -1125
32296355 5625191 -425
32296355 5625173 -375
32296355 5625155 -325
32296355 5625450 -276
32296343 5625450 -275
32296355 5625310 -275
32296355 5625450 -241
32296355 5625454 -2525
32296350 5625750 -2475
32296355 5625750 -2475
32296355 5625679 -1625
32296237 5625750 -1575
32296355 5625750 -1613
32296089 5625750 -1525
32296355 5625653 -1475
32296355 5625618 -1425
32296355 5625584 -1375
32296201 5625750 -1325
32296355 5625750 -1347
32296241 5625750 -1275
32296280 5625750 -1225
32296355 5625486 -1175
32296336 5625750 -1125
32296355 5625750 -1132
32296206 5625750 -1075
32296079 5625750 -1025
32296355 5625461 -275
32296355 5625754 -2475
32296350 5626050 -2425
32296355 5626050 -2425
32296355 5625955 -1575
32296266 5626050 -1525
32296355 5626050 -1557
32296133 5626050 -1475
32296355 5625885 -1325
32296355 5625850 -1275
32296355 5625815 -1225
32296270 5626050 -1175
32296355 5626050 -1186
32296355 5625786 -1125
32296311 5626050 -1125
32296353 5626050 -1075
32296355 5626036 -1075
32296338 5625953 -1089
32296355 5626050 -1072
32296248 5626050 -1025
32296140 5626050 -975
32296355 5626054 -2425
32296350 5626350 -2375
32296355 5626350 -2375
32296355 5626186 -1525
32296328 5626350 -1475
32296355 5626350 -1485
32296205 5626350 -1425
32296086 5626350 -1375
32296355 5626124 -1175
32296355 5626088 -1125
32296355 5626052 -1075
32296327 5626350 -1025
32296355 5626228 -1025
32296355 5626350 -1029
32296355 5626350 -992
32296133 5626350 -875
32296355 5626354 -2375
32296350 5626650 -2325
32296355 5626650 -2325
32296355 5626385 -1475
32296355 5626547 -1425
32296314 5626650 -1375
32296355 5626650 -1392
32296201 5626650 -1325
32296093 5626650 -1275
32296355 5626374 -1025
32296099 5626650 -725
32296355 5626655 -2325
32296349 5626950 -2275
32296355 5626950 -2275
32296350 5626950 -2225
32296355 5626695 -1375
32296355 5626822 -1325
32296355 5626945 -1275
32296250 5626950 -1225
32296355 5626950 -1273
32296146 5626950 -1175
32296113 5626950 -575
32296355 5626955 -2275
32296355 5626955 -2225
32296349 5627250 -2175
32296355 5627250 -2176
32296355 5627052 -1225
32296355 5627155 -1175
32296347 5627250 -1125
32296355 5627250 -1128
32296242 5627250 -1075
32296140 5627250 -1025
32296355 5627250 -575
32296348 5627250 -575
32296355 5627233 -575
32296355 5627250 -565
32296145 5627250 -425
32296078 5627250 -375
32296355 5627255 -2175
32296349 5627550 -2125
32296355 5627550 -2125
32296349 5627550 -2075
32296355 5627256 -1125
32296355 5627350 -1075
32296355 5627443 -1025
32296355 5627535 -975
32296266 5627550 -925
32296355 5627550 -966
32296163 5627550 -875
32296062 5627550 -825
32296355 5627257 -575
32296355 5627550 -429
32296323 5627550 -425
32296355 5627478 -425
32296355 5627550 -379
32296255 5627550 -325
32296192 5627550 -275
32296120 5627550 -225
32296355 5627555 -2125
32296355 5627555 -2075
32296349 5627850 -2025
32296355 5627850 -2026
32296349 5627850 -1975
32296355 5627627 -925
32296355 5627719 -875
32296355 5627811 -825
32296296 5627850 -775
32296355 5627850 -803
32296195 5627850 -725
32296094 5627850 -675
32296355 5627581 -425
32296303 5627850 -275
32296355 5627721 -275
32296355 5627850 -283
32296334 5627850 -225
32296355 5627799 -225
32296355 5627850 -191
32296323 5627850 -175
32296226 5627850 -125
32296128 5627850 -75
32296355 5627856 -2025
32296355 5627855 -1975
32296355 5627859 -1925
32296349 5628150 -1875
32296355 5628150 -1876
32296349 5628150 -1825
32296355 5627906 -775
32296355 5628005 -725
32296355 5628105 -675
32296303 5628150 -625
32296355 5628150 -652
32296206 5628150 -575
32296104 5628150 -525
32296355 5627901 -275
32296355 5627870 -225
32296355 5627883 -175
32296355 5628150 -186
32296282 5628150 -175
32296306 5628150 -125
32296355 5627976 -125
32296296 5627909 -158
32296332 5628150 -75
32296355 5628068 -75
32296355 5628150 -29
32296324 5628150 -25
32296355 5628156 -1875
32296355 5628155 -1825
32296348 5628450 -1775
32296355 5628450 -1776
32296349 5628450 -1725
32296347 5628450 -1675
32296355 5628208 -625
32296355 5628316 -575
32296355 5628428 -525
32296283 5628450 -475
32296355 5628450 -515
32296188 5628450 -425
32296083 5628450 -375
32296355 5628224 -175
32296355 5628199 -125
32296355 5628173 -75
32296323 5628172 -29
32296319 5628450 -25
32296355 5628450 -30
32296355 5628169 -25
32296355 5628441 25
32296354 5628450 25
32296355 5628450 26
32296355 5628456 -1775
32296355 5628456 -1725
32296355 5628455 -1675
32296348 5628750 -1625
32296355 5628750 -1626
32296349 5628750 -1575
32296349 5628750 -1525
32296355 5628527 -475
32296355 5628627 -425
32296355 5628735 -375
32296278 5628750 -325
32296355 5628750 -368
32296188 5628750 -275
32296097 5628750 -225
32296355 5628485 -25
32296355 5628450 25
32296162 5628750 225
32296084 5628750 275
32296355 5628756 -1625
32296355 5628756 -1575
32296355 5628756 -1525
32296355 5628755 -1475
32296348 5629050 -1425
32296355 5629050 -1426
32296349 5629050 -1375
32296349 5629050 -1325
32296355 5628824 -325
32296355 5628911 -275
32296355 5629000 -225
32296313 5629050 -175
32296355 5629050 -196
32296217 5629050 -125
32296127 5629050 -75
32296333 5629050 275
32296355 5629013 275
32296355 5629050 272
32296355 5629050 298
32296213 5629050 375
32296111 5629050 425
32296355 5629056 -1425
32296355 5629056 -1375
32296355 5629055 -1325
32296355 5629055 -1275
32296349 5629350 -1225
32296355 5629350 -1226
32296349 5629350 -1175
32296349 5629350 -1125
32296346 5629350 -1075
32296355 5629089 -175
32296355 5629176 -125
32296355 5629258 -75
32296355 5629333 -25
32296108 5629350 25
32296355 5629350 -13
32296355 5629072 275
32296355 5629350 363
32296287 5629350 375
32296355 5629178 375
32296325 5629350 425
32296355 5629271 425
32296355 5629350 463
32296355 5629356 -1225
32296355 5629355 -1175
32296355 5629355 -1125
32296355 5629355 -1075
32296355 5629355 -1025
32296349 5629650 -975
32296355 5629650 -975
32296350 5629650 -925
32296350 5629650 -875
32296350 5629650 -825
32296346 5629650 -775
32296355 5629472 25
32296355 5629636 75
32296355 5629650 78
32296355 5629425 375
32296355 5629383 425
32296355 5629655 -975
32296355 5629655 -925
32296355 5629654 -875
32296355 5629654 -825
32296355 5629654 -775
32296355 5629654 -725
32296351 5629950 -675
32296355 5629950 -675
32296351 5629950 -625
32296351 5629950 -575
32296352 5629950 -525
32296352 5629950 -475
32296352 5629950 -425
32296352 5629950 -375
32296312 5629950 125
32296355 5629950 111
32296154 5629950 175
32296355 5629954 -675
32296355 5629953 -625
32296355 5629953 -575
32296355 5629953 -525
32296355 5629952 -475
32296355 5629952 -425
32296355 5629952 -375
32296355 5629952 -325
32296355 5629960 -275
32296353 5630250 -225
32296355 5630250 -226
32296353 5630250 -175
32296353 5630250 -125
32296354 5630250 -75
32296354 5630250 -25
32296354 5630250 25
32296354 5630250 75
32296355 5629990 125
32296355 5630250 125
32296355 5630250 175
32296355 5630141 175
32296355 5630250 210
32296141 5630250 325
32296090 5630250 375
32296355 5630252 -225
32296355 5630251 -175
32296355 5630251 -125
32296355 5630251 -75
32296355 5630251 -25
32296355 5630250 25
32296355 5630250 75
32296355 5630250 125
32296355 5630250 175
32296355 5630550 224
32296354 5630550 225
32296355 5630273 225
32296354 5630550 275
32296355 5630352 275
32296355 5630432 325
32296355 5630550 325
32296355 5630550 375
32296355 5630512 375
32296355 5630550 399
32296355 5630550 225
32296355 5630550 275
32296355 5630550 325
32296355 5630550 375
32296656 5623650 -2626
32296656 5623950 -2625
32296381 5623650 -2075
32296370 5623950 -1975
32296394 5623650 -1625
32296656 5623741 -1625
32296656 5623650 -1662
32296656 5623862 -1575
32296578 5623950 -1525
32296656 5623950 -1537
32296493 5623650 -1175
32296656 5623650 -1201
32296656 5623827 -1175
32296508 5623650 -1125
32296656 5623810 -1125
32296656 5623950 -1103
32296478 5623950 -1075
32296524 5623650 -1075
32296406 5623650 -1025
32296493 5623950 -1025
32296508 5623950 -975
32296586 5623650 -625
32296656 5623693 -625
32296656 5623650 -650
32296457 5623650 -575
32296656 5623776 -575
32296656 5623855 -525
32296656 5623929 -475
32296568 5623950 -425
32296656 5623950 -460
32296449 5623950 -375
32296397 5624250 -2625
32296656 5624250 -2625
32296656 5623989 -1525
32296656 5624141 -1475
32296578 5624250 -1425
32296656 5624250 -1439
32296656 5624132 -1075
32296656 5624117 -1025
32296656 5624250 -1003
32296478 5624250 -975
32296493 5624250 -925
32296508 5624250 -875
32296452 5624250 -825
32296656 5624066 -425
32296656 5624240 -375
32296499 5624250 -325
32296656 5624250 -372
32296652 5624550 -2625
32296656 5624550 -2625
32296656 5624312 -1425
32296656 5624532 -1375
32296419 5624550 -1325
32296656 5624550 -1371
32296656 5624424 -975
32296656 5624408 -925
32296656 5624550 -901
32296494 5624550 -875
32296510 5624550 -825
32296527 5624550 -775
32296543 5624550 -725
32296583 5624550 -375
32296656 5624550 -392
32296656 5624283 -375
32296371 5624550 -325
32296652 5624850 -2625
32296656 5624850 -2625
32296378 5624850 -1725
32296655 5624850 -1325
32296656 5624850 -1325
32296408 5624850 -1275
32296656 5624704 -875
32296656 5624688 -825
32296656 5624850 -797
32296520 5624850 -775
32296538 5624850 -725
32296556 5624850 -675
32296574 5624850 -625
32296499 5624850 -375
32296656 5624850 -410
32296656 5624854 -2625
32296651 5625150 -2575
32296656 5625150 -2575
32296379 5625150 -1675
32296414 5625150 -1625
32296656 5624851 -1325
32296589 5625150 -1275
32296656 5625150 -1289
32296361 5625150 -1225
32296656 5624979 -775
32296656 5624962 -725
32296656 5624954 -675
32296656 5625150 -641
32296565 5625150 -625
32296583 5625150 -575
32296602 5625150 -525
32296621 5625150 -475
32296610 5625150 -375
32296656 5625150 -386
32296409 5625150 -325
32296651 5625450 -2575
32296656 5625450 -2575
32296618 5625450 -1725
32296656 5625450 -1734
32296656 5625443 -1725
32296656 5625409 -1675
32296409 5625450 -1675
32296656 5625450 -1668
32296382 5625450 -1625
32296420 5625450 -1575
32296457 5625450 -1525
32296656 5625287 -1275
32296527 5625450 -1225
32296656 5625450 -1257
32296656 5625238 -625
32296656 5625220 -575
32296656 5625450 -536
32296586 5625450 -525
32296604 5625450 -475
32296623 5625450 -425
32296656 5625222 -375
32296642 5625450 -375
32296656 5625450 -338
32296452 5625450 -275
32296656 5625454 -2575
32296651 5625750 -2525
32296656 5625750 -2525
32296656 5625523 -1725
32296575 5625750 -1675
32296656 5625750 -1697
32296656 5625699 -1625
32296395 5625750 -1625
32296656 5625665 -1575
32296656 5625630 -1525
32296462 5625750 -1475
32296656 5625750 -1504
32296501 5625750 -1425
32296540 5625750 -1375
32296652 5625750 -1225
32296656 5625750 -1226
32296491 5625750 -1175
32296656 5625516 -525
32296656 5625499 -475
32296656 5625481 -425
32296656 5625750 -379
32296625 5625750 -375
32296656 5625543 -325
32296644 5625750 -325
32296656 5625750 -292
32296656 5625754 -2525
32296651 5626050 -2475
32296656 5626050 -2475
32296656 5625903 -1675
32296564 5626050 -1625
32296656 5626050 -1654
32296409 5626050 -1575
32296656 5625922 -1475
32296656 5625887 -1425
32296656 5625879 -1375
32296543 5626050 -1325
32296656 5626050 -1345
32296584 5626050 -1275
32296656 5625758 -1225
32296626 5626050 -1225
32296642 5625782 -1218
32296620 5626050 -1175
32296656 5626050 -1188
32296488 5626050 -1125
32296362 5626050 -1075
32296656 5625778 -375
32296656 5625761 -325
32296654 5626350 -2475
32296656 5626350 -2475
32296651 5626350 -2425
32296656 5626200 -1625
32296596 5626350 -1575
32296656 5626350 -1596
32296459 5626350 -1525
32296656 5626149 -1325
32296656 5626112 -1275
32296656 5626350 -1236
32296575 5626350 -1225
32296616 5626129 -1189
32296656 5626121 -1175
32296618 5626350 -1175
32296656 5626350 -1132
32296422 5626350 -1025
32296656 5626352 -2475
32296656 5626388 -2425
32296651 5626650 -2375
32296656 5626650 -2381
32296656 5626430 -1575
32296656 5626616 -1525
32296553 5626650 -1475
32296656 5626650 -1515
32296431 5626650 -1425
32296656 5626422 -1225
32296656 5626383 -1175
32296628 5626650 -1075
32296656 5626544 -1075
32296656 5626650 -1078
32296656 5626650 -1043
32296656 5626654 -2375
32296651 5626950 -2325
32296656 5626950 -2325
32296656 5626764 -1475
32296656 5626900 -1425
32296582 5626950 -1375
32296656 5626950 -1406
32296468 5626950 -1325
32296359 5626950 -1275
32296656 5626676 -1075
32296647 5626950 -925
32296656 5626926 -925
32296656 5626950 -926
32296656 5626950 -914
32296656 5626955 -2325
32296651 5627250 -2275
32296656 5627250 -2275
32296650 5627250 -2225
32296656 5627020 -1375
32296656 5627128 -1325
32296656 5627233 -1275
32296562 5627250 -1225
32296656 5627250 -1266
32296453 5627250 -1175
32296656 5626959 -925
32296369 5627250 -575
32296656 5627255 -2275
32296656 5627255 -2225
32296651 5627550 -2175
32296656 5627550 -2175
32296656 5627329 -1225
32296656 5627422 -1175
32296656 5627513 -1125
32296590 5627550 -1075
32296656 5627550 -1104
32296480 5627550 -1025
32296372 5627550 -975
32296656 5627550 -576
32296648 5627550 -575
32296656 5627533 -575
32296656 5627550 -564
32296422 5627550 -425
32296656 5627555 -2175
32296656 5627576 -2125
32296650 5627850 -2075
32296656 5627850 -2079
32296656 5627604 -1075
32296656 5627696 -1025
32296656 5627787 -975
32296622 5627850 -925
32296656 5627850 -940
32296510 5627850 -875
32296400 5627850 -825
32296656 5627558 -575
32296656 5627850 -428
32296628 5627850 -425
32296656 5627789 -425
32296656 5627850 -389
32296468 5627850 -275
32296398 5627850 -225
32296656 5627855 -2075
32296656 5627855 -2025
32296650 5628150 -1975
32296656 5628150 -1976
32296646 5628150 -1925
32296656 5627881 -925
32296656 5627983 -875
32296656 5628086 -825
32296615 5628150 -775
32296656 5628150 -793
32296508 5628150 -725
32296402 5628150 -675
32296656 5627877 -425
32296656 5628150 -280
32296613 5628150 -275
32296656 5628051 -275
32296648 5628150 -225
32296656 5628132 -225
32296656 5628150 -214
32296582 5628150 -175
32296500 5628150 -125
32296421 5628150 -75
32296656 5628156 -1975
32296656 5628155 -1925
32296650 5628450 -1875
32296656 5628450 -1876
32296650 5628450 -1825
32296656 5628193 -775
32296656 5628306 -725
32296656 5628419 -675
32296584 5628450 -625
32296656 5628450 -661
32296482 5628450 -575
32296375 5628450 -525
32296656 5628192 -275
32296656 5628157 -225
32296604 5628450 -125
32296656 5628302 -125
32296656 5628450 -133
32296631 5628450 -75
32296656 5628379 -75
32296656 5628450 -26
32296565 5628361 -27
32296648 5628450 -25
32296363 5628450 25
32296656 5628456 -1875
32296656 5628456 -1825
32296656 5628455 -1775
32296650 5628750 -1725
32296656 5628750 -1726
32296650 5628750 -1675
32296656 5628525 -625
32296656 5628631 -575
32296656 5628738 -525
32296574 5628750 -475
32296656 5628750 -519
32296477 5628750 -425
32296369 5628750 -375
32296656 5628502 -125
32296656 5628475 -75
32296652 5628750 25
32296656 5628710 25
32296656 5628750 24
32296656 5628750 31
32296656 5628756 -1725
32296656 5628756 -1675
32296656 5628755 -1625
32296650 5629050 -1575
32296656 5629050 -1576
32296650 5629050 -1525
32296650 5629050 -1475
32296656 5628824 -475
32296656 5628912 -425
32296656 5629008 -375
32296602 5629050 -325
32296656 5629050 -354
32296507 5629050 -275
32296410 5629050 -225
32296656 5628754 25
32296396 5629050 275
32296656 5629056 -1575
32296656 5629056 -1525
32296656 5629055 -1475
32296656 5629055 -1425
32296650 5629350 -1375
32296656 5629350 -1376
32296650 5629350 -1325
32296651 5629350 -1275
32296656 5629099 -325
32296656 5629182 -275
32296656 5629263 -225
32296656 5629340 -175
32296569 5629350 -125
32296656 5629350 -168
32296471 5629350 -75
32296376 5629350 -25
32296656 5629350 267
32296597 5629350 275
32296656 5629254 275
32296656 5629326 325
32296642 5629350 325
32296577 5629350 375
32296656 5629350 340
32296456 5629350 425
32296656 5629356 -1375
32296656 5629355 -1325
32296656 5629355 -1275
32296656 5629355 -1225
32296650 5629650 -1175
32296656 5629650 -1175
32296651 5629650 -1125
32296651 5629650 -1075
32296651 5629650 -1025
32296656 5629425 -125
32296656 5629505 -75
32296656 5629581 -25
32296638 5629650 25
32296656 5629650 21
32296377 5629650 75
32296656 5629415 275
32296656 5629365 325
32296601 5629650 425
32296656 5629507 425
32296656 5629650 415
32296656 5629608 475
32296640 5629650 475
32296656 5629655 -1175
32296656 5629655 -1125
32296656 5629655 -1075
32296656 5629655 -1025
32296656 5629654 -975
32296652 5629950 -925
32296656 5629950 -925
32296651 5629950 -875
32296652 5629950 -825
32296652 5629950 -775
32296652 5629950 -725
32296656 5629666 25
32296656 5629902 75
32296656 5629950 84
32296656 5629707 425
32296656 5629666 475
32296656 5629954 -925
32296656 5629954 -875
32296656 5629954 -825
32296656 5629954 -775
32296656 5629954 -725
32296656 5629953 -675
32296656 5629959 -625
32296652 5630250 -575
32296656 5630250 -576
32296653 5630250 -525
32296653 5630250 -475
32296653 5630250 -425
32296654 5630250 -375
32296654 5630250 -325
32296645 5630250 -275
32296558 5630250 125
32296656 5630250 87
32296437 5630250 175
32296656 5630253 -575
32296656 5630253 -525
32296656 5630253 -475
32296656 5630252 -425
32296656 5630252 -375
32296656 5630252 -325
32296656 5630258 -275
32296654 5630550 -225
32296656 5630550 -226
32296654 5630550 -175
32296654 5630550 -125
32296655 5630550 -75
32296655 5630550 -25
32296655 5630550 25
32296656 5630550 75
32296656 5630376 125
32296656 5630550 125
32296656 5630550 175
32296656 5630541 175
32296656 5630550 177
32296591 5630550 225
32296524 5630550 275
32296456 5630550 325
32296388 5630550 375
32296656 5630552 -225
32296656 5630551 -175
32296656 5630551 -125
32296656 5630551 -75
32296656 5630551 -25
32296656 5630571 25
32296656 5630850 68
32296655 5630850 75
32296655 5630850 125
32296655 5630850 175
32296656 5630618 225
32296655 5630850 225
32296656 5630850 275
32296656 5630689 275
32296656 5630850 325
32296656 5630761 325
32296656 5630850 375
32296656 5630832 375
32296656 5630850 387
32296656 5630851 75
32296656 5630851 125
32296656 5630851 175
32296656 5630854 225
32296656 5631150 273
32296654 5631150 275
32296655 5631150 325
32296655 5631150 375
32296656 5630896 425
32296655 5631150 425
32296655 5631150 475
32296656 5630957 475
32296656 5631151 275
32296656 5631151 325
32296656 5631151 375
32296656 5631450 424
32296654 5631450 425
32296654 5631450 475
32296656 5631452 425
32296656 5631451 475
32296954 5623950 -2675
32296949 5623650 -2675
32296957 5623650 -2675
32296957 5623950 -2675
32296914 5623650 -1675
32296957 5623655 -1675
32296957 5623650 -1677
32296957 5623787 -1625
32296957 5623915 -1575
32296957 5623950 -1561
32296761 5623650 -1325
32296957 5623650 -1358
32296957 5623868 -1325
32296777 5623650 -1275
32296957 5623851 -1275
32296957 5623950 -1259
32296751 5623950 -1225
32296792 5623650 -1225
32296766 5623950 -1175
32296782 5623950 -1125
32296764 5623650 -675
32296957 5623731 -675
32296957 5623650 -714
32296957 5623832 -625
32296957 5623928 -575
32296832 5623950 -525
32296957 5623950 -563
32296692 5623950 -475
32296954 5624250 -2675
32296957 5624250 -2675
32296957 5624070 -1525
32296957 5624233 -1475
32296957 5624250 -1470
32296957 5624169 -1225
32296957 5624250 -1212
32296737 5624250 -1175
32296752 5624250 -1125
32296767 5624250 -1075
32296782 5624250 -1025
32296957 5624073 -525
32296957 5624232 -475
32296811 5624250 -425
32296957 5624250 -469
32296663 5624250 -375
32296953 5624550 -2675
32296957 5624550 -2675
32296957 5624461 -1425
32296689 5624550 -1375
32296957 5624550 -1406
32296957 5624474 -1175
32296957 5624458 -1125
32296957 5624550 -1109
32296749 5624550 -1075
32296765 5624550 -1025
32296781 5624550 -975
32296797 5624550 -925
32296833 5624550 -425
32296957 5624550 -447
32296957 5624554 -2675
32296957 5624850 -2625
32296957 5624769 -1375
32296957 5624850 -1363
32296957 5624756 -1075
32296957 5624740 -1025
32296957 5624850 -1006
32296771 5624850 -975
32296787 5624850 -925
32296804 5624850 -875
32296821 5624850 -825
32296800 5624850 -425
32296957 5624850 -441
32296953 5625150 -2625
32296957 5625150 -2625
32296897 5625150 -1325
32296957 5625150 -1333
32296957 5625034 -975
32296957 5625018 -925
32296957 5625016 -875
32296957 5625150 -852
32296811 5625150 -825
32296828 5625150 -775
32296845 5625150 -725
32296852 5625150 -675
32296957 5624962 -425
32296957 5625150 -397
32296953 5625450 -2625
32296957 5625450 -2625
32296663 5625450 -1725
32296699 5625450 -1675
32296957 5625277 -1325
32296751 5625450 -1275
32296957 5625450 -1313
32296957 5625294 -825
32296957 5625278 -775
32296957 5625450 -745
32296833 5625450 -725
32296850 5625450 -675
32296866 5625450 -625
32296882 5625450 -575
32296957 5625272 -375
32296957 5625450 -340
32296957 5625454 -2625
32296953 5625750 -2575
32296957 5625750 -2575
32296957 5625722 -1725
32296778 5625750 -1725
32296957 5625750 -1765
32296957 5625688 -1675
32296711 5625750 -1625
32296957 5625750 -1664
32296749 5625750 -1575
32296787 5625750 -1525
32296856 5625750 -1275
32296957 5625750 -1299
32296957 5625569 -725
32296957 5625554 -675
32296957 5625750 -640
32296862 5625750 -625
32296878 5625750 -575
32296895 5625750 -525
32296912 5625750 -475
32296929 5625750 -425
32296861 5625750 -325
32296957 5625750 -340
32296957 5625754 -2575
32296953 5626050 -2525
32296957 5626050 -2525
32296917 5626050 -1725
32296957 5626050 -1735
32296732 5626050 -1675
32296957 5625971 -1625
32296957 5625936 -1575
32296957 5626050 -1554
32296762 5626050 -1525
32296801 5626050 -1475
32296841 5626050 -1425
32296860 5626050 -1375
32296927 5626050 -1275
32296957 5626050 -1284
32296769 5626050 -1225
32296957 5625837 -625
32296957 5625821 -575
32296957 5625806 -525
32296957 5626050 -480
32296920 5626050 -475
32296940 5626050 -425
32296957 5626014 -375
32296957 5626050 -379
32296954 5626350 -2525
32296957 5626350 -2525
32296957 5626123 -1725
32296901 5626350 -1675
32296957 5626350 -1692
32296744 5626350 -1625
32296957 5626222 -1525
32296957 5626188 -1475
32296957 5626151 -1425
32296957 5626350 -1390
32296846 5626350 -1375
32296890 5626350 -1325
32296957 5626131 -1275
32296935 5626350 -1275
32296957 5626350 -1250
32296889 5626350 -1225
32296761 5626350 -1175
32296957 5626082 -475
32296957 5626065 -425
32296957 5626353 -2525
32296952 5626650 -2475
32296957 5626650 -2475
32296919 5626650 -2425
32296957 5626429 -1675
32296953 5626650 -1625
32296957 5626650 -1626
32296813 5626650 -1575
32296680 5626650 -1525
32296957 5626449 -1375
32296957 5626409 -1325
32296957 5626369 -1275
32296918 5626650 -1225
32296957 5626465 -1225
32296957 5626650 -1230
32296957 5626650 -1183
32296720 5626650 -1075
32296957 5626654 -2475
32296957 5626681 -2425
32296952 5626950 -2375
32296957 5626950 -2380
32296957 5626655 -1625
32296957 5626814 -1575
32296942 5626950 -1525
32296957 5626950 -1531
32296818 5626950 -1475
32296699 5626950 -1425
32296957 5626686 -1225
32296957 5626950 -1075
32296954 5626950 -1075
32296957 5626942 -1075
32296957 5626950 -1072
32296675 5626950 -925
32296957 5626954 -2375
32296952 5627250 -2325
32296957 5627250 -2325
32296957 5626964 -1525
32296957 5627084 -1475
32296957 5627199 -1425
32296894 5627250 -1375
32296957 5627250 -1402
32296782 5627250 -1325
32296673 5627250 -1275
32296957 5626952 -1075
32296957 5627250 -926
32296947 5627250 -925
32296957 5627229 -925
32296957 5627250 -913
32296957 5627255 -2325
32296952 5627550 -2275
32296957 5627550 -2275
32296952 5627550 -2225
32296957 5627304 -1375
32296957 5627400 -1325
32296957 5627493 -1275
32296916 5627550 -1225
32296957 5627550 -1243
32296807 5627550 -1175
32296700 5627550 -1125
32296957 5627260 -925
32296957 5627550 -725
32296957 5627548 -725
32296957 5627550 -725
32296957 5627550 -724
32296675 5627550 -575
32296957 5627555 -2275
32296957 5627555 -2225
32296952 5627850 -2175
32296957 5627850 -2175
32296931 5627850 -2125
32296957 5627583 -1225
32296957 5627673 -1175
32296957 5627761 -1125
32296957 5627846 -1075
32296848 5627850 -1025
32296957 5627850 -1073
32296735 5627850 -975
32296957 5627550 -725
32296957 5627850 -578
32296930 5627850 -575
32296957 5627795 -575
32296957 5627850 -541
32296723 5627850 -425
32296957 5627855 -2175
32296957 5627855 -2125
32296951 5628150 -2075
32296957 5628150 -2075
32296952 5628150 -2025
32296957 5627943 -1025
32296957 5628039 -975
32296957 5628136 -925
32296852 5628150 -875
32296957 5628150 -918
32296731 5628150 -825
32296957 5627878 -575
32296957 5628150 -430
32296919 5628150 -425
32296957 5628063 -425
32296957 5628150 -375
32296761 5628150 -275
32296674 5628150 -225
32296957 5628155 -2075
32296957 5628155 -2025
32296951 5628450 -1975
32296957 5628450 -1976
32296951 5628450 -1925
32296957 5628243 -875
32296957 5628352 -825
32296945 5628450 -775
32296957 5628450 -779
32296817 5628450 -725
32296690 5628450 -675
32296957 5628189 -425
32296957 5628450 -282
32296902 5628450 -275
32296957 5628324 -275
32296934 5628450 -225
32296957 5628400 -225
32296957 5628450 -189
32296831 5628450 -125
32296740 5628450 -75
32296957 5628456 -1975
32296957 5628455 -1925
32296957 5628455 -1875
32296951 5628750 -1825
32296957 5628750 -1826
32296951 5628750 -1775
32296957 5628460 -775
32296957 5628565 -725
32296957 5628670 -675
32296928 5628750 -625
32296957 5628750 -636
32296800 5628750 -575
32296670 5628750 -525
32296957 5628507 -275
32296957 5628473 -225
32296957 5628750 -133
32296901 5628750 -125
32296957 5628569 -125
32296930 5628750 -75
32296957 5628662 -75
32296957 5628750 -27
32296692 5628750 25
32296957 5628756 -1825
32296957 5628755 -1775
32296957 5628755 -1725
32296951 5629050 -1675
32296957 5629050 -1676
32296951 5629050 -1625
32296957 5628771 -625
32296957 5628864 -575
32296957 5628959 -525
32296947 5629050 -475
32296957 5629050 -479
32296832 5629050 -425
32296709 5629050 -375
32296957 5628808 -125
32296957 5628778 -75
32296957 5629050 22
32296940 5629050 25
32296957 5628943 25
32296957 5629050 50
32296957 5629056 -1675
32296957 5629055 -1625
32296957 5629055 -1575
32296951 5629350 -1525
32296957 5629350 -1526
32296951 5629350 -1475
32296952 5629350 -1425
32296957 5629058 -475
32296957 5629151 -425
32296957 5629248 -375
32296957 5629349 -325
32296858 5629350 -275
32296957 5629350 -324
32296761 5629350 -225
32296668 5629350 -175
32296957 5629069 25
32296773 5629350 275
32296685 5629350 325
32296957 5629356 -1525
32296957 5629355 -1475
32296957 5629355 -1425
32296957 5629355 -1375
32296951 5629650 -1325
32296957 5629650 -1325
32296952 5629650 -1275
32296952 5629650 -1225
32296957 5629437 -275
32296957 5629521 -225
32296957 5629601 -175
32296922 5629650 -125
32296957 5629650 -142
32296828 5629650 -75
32296737 5629650 -25
32296918 5629650 325
32296957 5629580 325
32296957 5629650 319
32296957 5629650 368
32296830 5629650 425
32296707 5629650 475
32296957 5629655 -1325
32296957 5629655 -1275
32296957 5629655 -1225
32296957 5629655 -1175
32296952 5629950 -1125
32296957 5629950 -1125
32296952 5629950 -1075
32296952 5629950 -1025
32296952 5629950 -975
32296957 5629683 -125
32296957 5629774 -75
32296957 5629863 -25
32296952 5629950 25
32296957 5629950 23
32296705 5629950 75
32296957 5629689 325
32296938 5629950 475
32296957 5629891 475
32296957 5629950 471
32296957 5629955 -1125
32296957 5629955 -1075
32296957 5629955 -1025
32296957 5629954 -975
32296957 5629954 -925
32296953 5630250 -875
32296957 5630250 -875
32296952 5630250 -825
32296953 5630250 -775
32296953 5630250 -725
32296953 5630250 -675
32296947 5630250 -625
32296957 5629957 25
32296784 5630250 75
32296957 5630250 57
32296957 5629968 475
32296957 5630253 -875
32296957 5630254 -825
32296957 5630254 -775
32296957 5630254 -725
32296957 5630254 -675
32296957 5630253 -625
32296953 5630550 -575
32296957 5630550 -575
32296954 5630550 -525
32296954 5630550 -475
32296954 5630550 -425
32296955 5630550 -375
32296955 5630550 -325
32296948 5630550 -275
32296957 5630395 75
32296838 5630550 125
32296957 5630550 92
32296664 5630550 175
32296957 5630554 -575
32296957 5630553 -525
32296957 5630553 -475
32296957 5630553 -425
32296957 5630552 -375
32296957 5630850 -325
32296954 5630850 -325
32296955 5630850 -275
32296955 5630850 -225
32296955 5630850 -175
32296956 5630850 -125
32296956 5630850 -75
32296956 5630850 -25
32296934 5630850 25
32296957 5630650 125
32296957 5630798 175
32296907 5630850 225
32296957 5630850 193
32296829 5630850 275
32296752 5630850 325
32296675 5630850 375
32296957 5630853 -325
32296957 5630852 -275
32296957 5630852 -225
32296957 5630852 -175
32296957 5631150 -125
32296955 5631150 -125
32296955 5631150 -75
32296955 5631150 -25
32296956 5631150 25
32296956 5631150 75
32296956 5631150 125
32296956 5631150 175
32296957 5630907 225
32296953 5631150 225
32296957 5630993 275
32296957 5631077 325
32296952 5631150 375
32296957 5631150 370
32296896 5631150 425
32296840 5631150 475
32296957 5631152 -125
32296957 5631152 -75
32296957 5631151 -25
32296957 5631151 25
32296957 5631450 74
32296955 5631450 75
32296955 5631450 125
32296955 5631450 175
32296956 5631450 225
32296956 5631450 275
32296956 5631450 325
32296957 5631156 375
32296956 5631450 375
32296957 5631222 425
32296957 5631287 475
32296957 5631452 75
32296957 5631452 125
32296957 5631451 175
32296957 5631451 225
32296957 5631750 274
32296955 5631750 275
32296955 5631750 325
32296955 5631750 375
32296956 5631750 425
32296956 5631750 475
32296957 5631752 275
32296957 5631752 325
32296957 5631752 375
32296957 5631751 425
32296957 5631751 475
32297259 5623650 -2675
32297259 5623950 -2675
32297002 5623650 -1675
32297259 5623757 -1625
32297259 5623650 -1662
32297259 5623896 -1575
32297259 5623950 -1555
32297019 5623650 -1475
32297259 5623650 -1517
32297259 5623922 -1475
32297259 5623950 -1469
32297010 5623950 -1425
32297034 5623650 -1425
32297050 5623650 -1375
32297013 5623950 -1375
32297028 5623950 -1325
32297043 5623950 -1275
32297259 5623702 -675
32297259 5623650 -695
32297259 5623828 -625
32297214 5623950 -575
32297259 5623950 -576
32297259 5624250 -2675
32297259 5624060 -1525
32297259 5624241 -1475
32297259 5624229 -1425
32297259 5624250 -1472
32297259 5624217 -1375
32297259 5624250 -1369
32297001 5624250 -1325
32297016 5624250 -1275
32297031 5624250 -1225
32297259 5623957 -575
32297259 5624174 -525
32296996 5624250 -475
32297259 5624250 -508
32297259 5624550 -2675
32297259 5624503 -1425
32297259 5624550 -1416
32297259 5624520 -1325
32297259 5624504 -1275
32297259 5624550 -1267
32297013 5624550 -1225
32297029 5624550 -1175
32297044 5624550 -1125
32297239 5624550 -475
32297259 5624550 -476
32297254 5624850 -2675
32297259 5624850 -2675
32297159 5624850 -1375
32297259 5624850 -1380
32297259 5624800 -1225
32297259 5624784 -1175
32297259 5624850 -1163
32297033 5624850 -1125
32297049 5624850 -1075
32297065 5624850 -1025
32297259 5624569 -475
32297259 5624850 -448
32297254 5625150 -2675
32297259 5625150 -2675
32297259 5624928 -1375
32297259 5625150 -1359
32297259 5625076 -1125
32297259 5625061 -1075
32297259 5625150 -1059
32297056 5625150 -1025
32297072 5625150 -975
32297087 5625150 -925
32297088 5625150 -875
32297259 5624948 -425
32297202 5625150 -375
32297259 5625131 -375
32297259 5625150 -369
32297259 5625154 -2675
32297259 5625450 -2625
32297053 5625450 -1325
32297259 5625450 -1351
32297259 5625350 -1025
32297259 5625335 -975
32297259 5625450 -955
32297081 5625450 -925
32297096 5625450 -875
32297111 5625450 -825
32297126 5625450 -775
32297021 5625450 -325
32297259 5625274 -325
32297178 5625450 -275
32297259 5625385 -275
32297259 5625450 -238
32297254 5625750 -2625
32297259 5625750 -2625
32296987 5625750 -1725
32297024 5625750 -1675
32297093 5625750 -1325
32297259 5625750 -1355
32297259 5625619 -925
32297259 5625605 -875
32297259 5625750 -849
32297114 5625750 -825
32297130 5625750 -775
32297145 5625750 -725
32297160 5625750 -675
32297057 5625750 -325
32297259 5625750 -276
32297259 5625736 -275
32297259 5625754 -2625
32297254 5626050 -2575
32297259 5626050 -2575
32297133 5626050 -1775
32297259 5626050 -1802
32297259 5626030 -1775
32297259 5625995 -1725
32297259 5626050 -1714
32297009 5626050 -1675
32297045 5626050 -1625
32297085 5626050 -1575
32297115 5626050 -1325
32297259 5626050 -1361
32297259 5625879 -825
32297259 5625865 -775
32297259 5625851 -725
32297259 5626050 -687
32297181 5626050 -675
32297199 5626050 -625
32297217 5626050 -575
32297235 5626050 -525
32297137 5626050 -425
32297259 5626050 -457
32297259 5625977 -425
32297259 5625884 -375
32297259 5625808 -325
32297259 5626054 -2575
32297259 5626350 -2525
32297259 5626335 -1775
32297076 5626350 -1725
32297259 5626350 -1773
32297259 5626272 -1675
32297259 5626239 -1625
32297259 5626202 -1575
32297101 5626350 -1525
32297259 5626350 -1548
32297145 5626350 -1475
32297189 5626350 -1425
32297184 5626350 -1325
32297259 5626350 -1348
32297029 5626350 -1275
32297259 5626116 -675
32297259 5626100 -625
32297259 5626085 -575
32297259 5626320 -525
32297259 5626111 -475
32297255 5626650 -2525
32297259 5626650 -2525
32297259 5626637 -1725
32297106 5626650 -1675
32297259 5626650 -1722
32297259 5626491 -1525
32297259 5626451 -1475
32297259 5626411 -1425
32297188 5626650 -1375
32297259 5626650 -1384
32297259 5626499 -1325
32297236 5626650 -1325
32297259 5626650 -1301
32297059 5626650 -1225
32297259 5626653 -2525
32297255 5626950 -2475
32297259 5626950 -2475
32297227 5626950 -2425
32297259 5626833 -1675
32297205 5626950 -1625
32297259 5626950 -1644
32297071 5626950 -1575
32297259 5626715 -1375
32297259 5626670 -1325
32297259 5626950 -1226
32297246 5626950 -1225
32297259 5626909 -1225
32297259 5626950 -1212
32296963 5626950 -1075
32297259 5626953 -2475
32297259 5626954 -2425
32297254 5627250 -2375
32297259 5627250 -2375
32297259 5627003 -1625
32297259 5627140 -1575
32297238 5627250 -1525
32297259 5627250 -1533
32297120 5627250 -1475
32297007 5627250 -1425
32297259 5626962 -1225
32296977 5627250 -925
32297259 5627254 -2375
32297253 5627550 -2325
32297259 5627550 -2325
32297259 5627268 -1525
32297259 5627377 -1475
32297259 5627481 -1425
32297224 5627550 -1375
32297259 5627550 -1391
32297119 5627550 -1325
32297019 5627550 -1275
32297259 5627550 -928
32297234 5627550 -925
32297259 5627507 -925
32297259 5627550 -897
32296959 5627550 -725
32297259 5627555 -2325
32297259 5627569 -2275
32297253 5627850 -2225
32297259 5627850 -2228
32297259 5627580 -1375
32297259 5627673 -1325
32297259 5627763 -1275
32297258 5627850 -1225
32297259 5627850 -1225
32297157 5627850 -1175
32297058 5627850 -1125
32296961 5627850 -1075
32297259 5627575 -925
32297259 5627850 -727
32297239 5627850 -725
32297259 5627815 -725
32297259 5627850 -702
32297020 5627850 -575
32297259 5627855 -2225
32297253 5628150 -2175
32297259 5628150 -2175
32297253 5628150 -2125
32297259 5627850 -1225
32297259 5627939 -1175
32297259 5628028 -1125
32297259 5628114 -1075
32297193 5628150 -1025
32297259 5628150 -1054
32297082 5628150 -975
32296972 5628150 -925
32297259 5627870 -725
32297259 5628150 -580
32297216 5628150 -575
32297259 5628062 -575
32297259 5628143 -525
32297255 5628150 -525
32297259 5628150 -520
32297059 5628150 -425
32297259 5628155 -2175
32297259 5628155 -2125
32297253 5628450 -2075
32297259 5628450 -2075
32297253 5628450 -2025
32297259 5628206 -1025
32297259 5628301 -975
32297259 5628395 -925
32297204 5628450 -875
32297259 5628450 -895
32297074 5628450 -825
32297259 5628194 -575
32297259 5628153 -525
32297259 5628450 -432
32297201 5628450 -425
32297259 5628316 -425
32297259 5628400 -375
32297237 5628450 -375
32297259 5628450 -345
32297114 5628450 -275
32297020 5628450 -225
32297259 5628455 -2075
32297259 5628455 -2025
32297259 5628455 -1975
32297253 5628750 -1925
32297259 5628750 -1925
32297253 5628750 -1875
32297259 5628491 -875
32297259 5628590 -825
32297259 5628687 -775
32297209 5628750 -725
32297259 5628750 -742
32297066 5628750 -675
32297259 5628513 -425
32297259 5628474 -375
32297259 5628750 -286
32297181 5628750 -275
32297259 5628564 -275
32297212 5628750 -225
32297259 5628641 -225
32297259 5628714 -175
32297243 5628750 -175
32297198 5628750 -125
32297259 5628750 -149
32297074 5628750 -75
32297259 5628755 -1925
32297259 5628755 -1875
32297253 5629050 -1825
32297259 5629050 -1825
32297253 5629050 -1775
32297253 5629050 -1725
32297259 5628783 -725
32297259 5628880 -675
32297259 5628976 -625
32297228 5629050 -575
32297259 5629050 -586
32297090 5629050 -525
32297259 5628836 -275
32297259 5628802 -225
32297259 5628767 -175
32297259 5628791 -125
32297259 5629050 -138
32297174 5629050 -125
32297201 5629050 -75
32297259 5628873 -75
32297156 5628808 -103
32297259 5628953 -25
32297227 5629050 -25
32297259 5629031 25
32297259 5629050 36
32297259 5629055 -1825
32297259 5629055 -1775
32297259 5629055 -1725
32297259 5629096 -1675
32297253 5629350 -1625
32297259 5629350 -1633
32297253 5629350 -1575
32297259 5629072 -575
32297259 5629174 -525
32297259 5629281 -475
32297211 5629350 -425
32297259 5629350 -444
32297088 5629350 -375
32296958 5629350 -325
32297259 5629139 -125
32297259 5629110 -75
32297259 5629083 -25
32297220 5629350 25
32297259 5629350 19
32297259 5629323 75
32297256 5629350 75
32297259 5629350 78
32297259 5629355 -1625
32297259 5629355 -1575
32297259 5629355 -1525
32297252 5629650 -1475
32297259 5629650 -1476
32297253 5629650 -1425
32297253 5629650 -1375
32297259 5629388 -425
32297259 5629491 -375
32297259 5629600 -325
32297200 5629650 -275
32297259 5629650 -303
32297102 5629650 -225
32297012 5629650 -175
32297259 5629389 25
32297259 5629352 75
32297033 5629650 325
32297259 5629656 -1475
32297259 5629655 -1425
32297259 5629655 -1375
32297259 5629655 -1325
32297253 5629950 -1275
32297259 5629950 -1275
32297253 5629950 -1225
32297253 5629950 -1175
32297259 5629699 -275
32297259 5629785 -225
32297259 5629869 -175
32297255 5629950 -125
32297259 5629950 -126
32297147 5629950 -75
32297048 5629950 -25
32297018 5629950 475
32297259 5629955 -1275
32297259 5629955 -1225
32297259 5629955 -1175
32297259 5629955 -1125
32297253 5630250 -1075
32297259 5630250 -1075
32297253 5630250 -1025
32297253 5630250 -975
32297253 5630250 -925
32297259 5629953 -125
32297259 5630061 -75
32297259 5630174 -25
32297153 5630250 25
32297259 5630250 7
32297259 5630255 -1075
32297259 5630255 -1025
32297259 5630255 -975
32297259 5630255 -925
32297259 5630254 -875
32297253 5630550 -825
32297259 5630550 -825
32297253 5630550 -775
32297254 5630550 -725
32297254 5630550 -675
32297254 5630550 -625
32297259 5630323 25
32297259 5630541 75
32297259 5630550 76
32297259 5630555 -825
32297259 5630555 -775
32297259 5630554 -725
32297259 5630554 -675
32297259 5630850 -625
32297254 5630850 -625
32297254 5630850 -575
32297254 5630850 -525
32297255 5630850 -475
32297255 5630850 -425
32297255 5630850 -375
32297259 5630777 125
32297058 5630850 175
32297259 5630850 140
32297259 5630854 -625
32297259 5630854 -575
32297259 5630854 -525
32297259 5630853 -475
32297259 5630853 -425
32297259 5631150 -375
32297255 5631150 -375
32297255 5631150 -325
32297256 5631150 -275
32297256 5631150 -225
32297256 5631150 -175
32297259 5630968 175
32297259 5631133 225
32297157 5631150 275
32297259 5631150 230
32297049 5631150 325
32297259 5631153 -375
32297259 5631153 -325
32297259 5631152 -275
32297259 5631152 -225
32297259 5631450 -175
32297256 5631450 -175
32297256 5631450 -125
32297256 5631450 -75
32297257 5631450 -25
32297257 5631450 25
32297259 5631251 275
32297259 5631359 325
32297250 5631450 375
32297259 5631450 368
32297184 5631450 425
32297118 5631450 475
32297259 5631452 -175
32297259 5631452 -125
32297259 5631452 -75
32297259 5631451 -25
32297259 5631750 24
32297256 5631750 25
32297256 5631750 75
32297257 5631750 125
32297257 5631750 175
32297257 5631750 225
32297259 5631459 375
32297259 5631536 425
32297259 5631612 475
32297259 5631752 25
32297259 5631752 75
32297259 5631752 125
32297259 5631751 175
32297259 5631751 225
32297256 5632050 275
32297259 5632050 274
32297256 5632050 325
32297257 5632050 375
32297257 5632050 425
32297257 5632050 475
32297259 5632052 275
32297259 5632052 325
32297259 5632051 375
32297259 5632051 425
32297259 5632051 475
32297556 5623950 -2725
32297557 5623650 -2725
32297560 5623650 -2725
32297560 5623950 -2725
32297270 5623650 -1625
32297285 5623650 -1575
32297267 5623950 -1525
32297299 5623650 -1525
32297282 5623950 -1475
32297320 5623650 -675
32297453 5623650 -625
32297265 5623950 -575
32297560 5623662 -575
32297560 5623650 -579
32297426 5623950 -525
32297560 5623805 -525
32297560 5623950 -477
32297556 5624250 -2725
32297560 5624250 -2725
32297273 5624250 -1425
32297287 5624250 -1375
32297423 5624250 -475
32297560 5623971 -475
32297560 5624250 -446
32297556 5624550 -2725
32297560 5624550 -2725
32297271 5624550 -1375
32297286 5624550 -1325
32297301 5624550 -1275
32297275 5624550 -475
32297560 5624550 -445
32297560 5624554 -2725
32297560 5624850 -2675
32297560 5624850 -1377
32297560 5624849 -1375
32297560 5624850 -1374
32297282 5624850 -1325
32297291 5624850 -1275
32297306 5624850 -1225
32297322 5624850 -1175
32297560 5624850 -438
32297560 5625150 -2675
32297560 5624925 -1375
32297560 5625131 -1325
32297560 5625150 -1368
32297560 5625121 -1275
32297560 5625150 -1270
32297300 5625150 -1225
32297315 5625150 -1175
32297331 5625150 -1125
32297346 5625150 -1075
32297560 5624922 -425
32297560 5625146 -375
32297560 5625150 -374
32297555 5625450 -2675
32297560 5625450 -2675
32297554 5625450 -1375
32297560 5625450 -1375
32297560 5625430 -1375
32297560 5625404 -1225
32297560 5625390 -1175
32297560 5625450 -1163
32297332 5625450 -1125
32297344 5625450 -1075
32297359 5625450 -1025
32297374 5625450 -975
32297560 5625283 -325
32297560 5625384 -275
32297560 5625450 -234
32297560 5625454 -2675
32297560 5625750 -2625
32297400 5625750 -1375
32297560 5625750 -1396
32297560 5625664 -1125
32297560 5625652 -1075
32297560 5625638 -1025
32297560 5625750 -1004
32297383 5625750 -975
32297398 5625750 -925
32297413 5625750 -875
32297324 5625750 -275
32297560 5625750 -267
32297555 5626050 -2625
32297560 5626050 -2625
32297391 5626050 -1825
32297560 5626050 -1853
32297560 5626030 -1825
32297280 5626050 -1775
32297560 5626050 -1821
32297319 5626050 -1725
32297330 5626050 -1375
32297560 5626050 -1418
32297560 5625908 -975
32297560 5625893 -925
32297560 5626050 -895
32297436 5626050 -875
32297454 5626050 -825
32297472 5626050 -775
32297490 5626050 -725
32297551 5626050 -525
32297560 5626050 -527
32297560 5626046 -525
32297560 5625962 -475
32297334 5626050 -475
32297560 5625893 -425
32297560 5625837 -375
32297560 5625791 -325
32297560 5625755 -275
32297560 5626054 -2625
32297555 5626350 -2575
32297560 5626350 -2575
32297497 5626350 -1825
32297560 5626350 -1838
32297299 5626311 -1784
32297560 5626303 -1775
32297265 5626350 -1775
32297560 5626266 -1725
32297341 5626350 -1675
32297560 5626350 -1709
32297384 5626350 -1625
32297427 5626350 -1575
32297365 5626350 -1375
32297560 5626350 -1422
32297560 5626157 -875
32297560 5626140 -825
32297560 5626124 -775
32297560 5626350 -731
32297519 5626350 -725
32297542 5626350 -675
32297560 5626350 -636
32297560 5626311 -625
32297560 5626163 -575
32297560 5626354 -2575
32297560 5626650 -2525
32297560 5626458 -1825
32297454 5626650 -1775
32297560 5626650 -1802
32297266 5626650 -1725
32297560 5626548 -1675
32297560 5626509 -1625
32297560 5626469 -1575
32297437 5626650 -1525
32297560 5626650 -1543
32297483 5626650 -1475
32297531 5626650 -1425
32297560 5626650 -1394
32297494 5626650 -1375
32297331 5626650 -1325
32297560 5626386 -725
32297560 5626365 -675
32297560 5626658 -2525
32297560 5626950 -2476
32297560 5626783 -1775
32297509 5626950 -1725
32297560 5626950 -1740
32297352 5626950 -1675
32297560 5626764 -1525
32297560 5626720 -1475
32297560 5626677 -1425
32297513 5626950 -1375
32297560 5626739 -1375
32297560 5626950 -1381
32297560 5626950 -1328
32297289 5626950 -1225
32297560 5626954 -2475
32297555 5627250 -2425
32297560 5627250 -2425
32297560 5627003 -1725
32297560 5627170 -1675
32297491 5627250 -1625
32297560 5627250 -1650
32297362 5627250 -1575
32297560 5626994 -1375
32297560 5627250 -1225
32297557 5627250 -1225
32297560 5627243 -1225
32297560 5627250 -1222
32297560 5627254 -2425
32297555 5627550 -2375
32297560 5627550 -2375
32297560 5627316 -1625
32297560 5627442 -1575
32297546 5627550 -1525
32297560 5627550 -1531
32297434 5627550 -1475
32297328 5627550 -1425
32297560 5627252 -1225
32297300 5627550 -925
32297560 5627554 -2375
32297554 5627850 -2325
32297560 5627850 -2325
32297540 5627850 -2275
32297560 5627563 -1525
32297560 5627668 -1475
32297560 5627770 -1425
32297541 5627850 -1375
32297560 5627850 -1384
32297442 5627850 -1325
32297348 5627850 -1275
32297291 5627850 -725
32297560 5627855 -2325
32297560 5627854 -2275
32297554 5628150 -2225
32297560 5628150 -2225
32297560 5627867 -1375
32297560 5627958 -1325
32297560 5628047 -1275
32297560 5628132 -1225
32297483 5628150 -1175
32297560 5628150 -1214
32297388 5628150 -1125
32297295 5628150 -1075
32297560 5628150 -727
32297539 5628150 -725
32297560 5628115 -725
32297560 5628150 -701
32297348 5628150 -575
32297265 5628150 -525
32297560 5628155 -2225
32297560 5628155 -2175
32297554 5628450 -2125
32297560 5628450 -2125
32297560 5628218 -1175
32297560 5628303 -1125
32297560 5628386 -1075
32297537 5628450 -1025
32297560 5628450 -1035
32297429 5628450 -975
32297321 5628450 -925
32297560 5628172 -725
32297560 5628450 -582
32297502 5628450 -575
32297560 5628340 -575
32297540 5628450 -525
32297560 5628413 -525
32297560 5628450 -500
32297412 5628450 -425
32297316 5628450 -375
32297560 5628455 -2125
32297560 5628455 -2075
32297554 5628750 -2025
32297560 5628750 -2025
32297554 5628750 -1975
32297560 5628469 -1025
32297560 5628558 -975
32297560 5628647 -925
32297560 5628734 -875
32297459 5628750 -825
32297560 5628750 -866
32297337 5628750 -775
32297560 5628513 -575
32297560 5628471 -525
32297560 5628750 -436
32297475 5628750 -425
32297560 5628569 -425
32297511 5628750 -375
32297560 5628647 -375
32297560 5628723 -325
32297547 5628750 -325
32297492 5628750 -275
32297560 5628750 -307
32297394 5628750 -225
32297303 5628750 -175
32297560 5628755 -2025
32297560 5628755 -1975
32297554 5629050 -1925
32297560 5629050 -1925
32297554 5629050 -1875
32297560 5628828 -825
32297560 5628923 -775
32297560 5629016 -725
32297480 5629050 -675
32297560 5629050 -706
32297355 5629050 -625
32297560 5628842 -425
32297560 5628804 -375
32297560 5628764 -325
32297480 5629050 -225
32297560 5628876 -225
32297560 5629050 -242
32297510 5629050 -175
32297560 5628945 -175
32297560 5629009 -125
32297520 5629050 -75
32297560 5629050 -91
32297403 5629050 -25
32297286 5629050 25
32297560 5629055 -1925
32297560 5629055 -1875
32297560 5629055 -1825
32297554 5629350 -1775
32297560 5629350 -1776
32297554 5629350 -1725
32297512 5629350 -1675
32297560 5629113 -675
32297560 5629214 -625
32297560 5629317 -575
32297473 5629350 -525
32297560 5629350 -559
32297342 5629350 -475
32297560 5629131 -225
32297560 5629100 -175
32297560 5629070 -125
32297509 5629089 -92
32297560 5629088 -75
32297560 5629350 -85
32297497 5629350 -75
32297526 5629350 -25
32297560 5629205 -25
32297491 5629117 -56
32297560 5629327 25
32297282 5629350 75
32297560 5629350 33
32297560 5629356 -1775
32297560 5629355 -1725
32297560 5629355 -1675
32297554 5629650 -1625
32297560 5629650 -1625
32297554 5629650 -1575
32297554 5629650 -1525
32297560 5629417 -525
32297560 5629523 -475
32297560 5629642 -425
32297438 5629650 -375
32297560 5629650 -422
32297312 5629650 -325
32297560 5629409 -75
32297560 5629381 -25
32297560 5629354 25
32297560 5629655 -1625
32297560 5629655 -1575
32297560 5629655 -1525
32297560 5629655 -1475
32297554 5629950 -1425
32297560 5629950 -1426
32297554 5629950 -1375
32297554 5629950 -1325
32297560 5629729 -375
32297560 5629822 -325
32297560 5629923 -275
32297465 5629950 -225
32297560 5629950 -262
32297353 5629950 -175
32297560 5629956 -1425
32297560 5629955 -1375
32297560 5629955 -1325
32297560 5629955 -1275
32297554 5630250 -1225
32297560 5630250 -1226
32297554 5630250 -1175
32297554 5630250 -1125
32297560 5630018 -225
32297560 5630108 -175
32297560 5630196 -125
32297501 5630250 -75
32297560 5630250 -93
32297351 5630250 -25
32297553 5630250 375
32297560 5630235 375
32297560 5630250 373
32297560 5630250 384
32297560 5630256 -1225
32297560 5630255 -1175
32297560 5630255 -1125
32297560 5630255 -1075
32297554 5630550 -1025
32297560 5630550 -1026
32297554 5630550 -975
32297554 5630550 -925
32297554 5630550 -875
32297560 5630292 -75
32297560 5630406 -25
32297560 5630517 25
32297273 5630550 75
32297560 5630550 39
32297560 5630257 375
32297560 5630556 -1025
32297560 5630555 -975
32297560 5630555 -925
32297560 5630555 -875
32297554 5630850 -825
32297560 5630850 -825
32297554 5630850 -775
32297555 5630850 -725
32297555 5630850 -675
32297560 5630673 75
32297560 5630848 125
32297560 5630850 125
32297560 5630855 -825
32297560 5630855 -775
32297560 5630855 -725
32297560 5630854 -675
32297555 5631150 -625
32297560 5631150 -625
32297555 5631150 -575
32297555 5631150 -525
32297556 5631150 -475
32297556 5631150 -425
32297560 5631091 175
32297294 5631150 225
32297560 5631150 187
32297560 5631154 -625
32297560 5631154 -575
32297560 5631154 -525
32297560 5631153 -475
32297560 5631158 -425
32297556 5631450 -375
32297560 5631450 -376
32297556 5631450 -325
32297557 5631450 -275
32297557 5631450 -225
32297560 5631318 225
32297504 5631450 275
32297560 5631450 255
32297369 5631450 325
32297560 5631453 -375
32297560 5631453 -325
32297560 5631453 -275
32297560 5631452 -225
32297557 5631750 -175
32297560 5631750 -175
32297557 5631750 -125
32297557 5631750 -75
32297558 5631750 -25
32297560 5631506 275
32297560 5631646 325
32297542 5631750 375
32297560 5631750 363
32297466 5631750 425
32297391 5631750 475
32297560 5631752 -175
32297560 5631752 -125
32297560 5631752 -75
32297560 5631752 -25
32297560 5631751 25
32297558 5632050 75
32297560 5632050 74
32297558 5632050 125
32297558 5632050 175
32297558 5632050 225
32297560 5631770 375
32297560 5631859 425
32297560 5631946 475
32297560 5632052 75
32297560 5632051 125
32297560 5632051 175
32297560 5632051 225
32297560 5632083 275
32297558 5632350 325
32297560 5632350 316
32297558 5632350 375
32297558 5632350 425
32297558 5632350 475
32297560 5632351 325
32297560 5632351 375
32297560 5632351 425
32297560 5632351 475
32297861 5623650 -2725
32297861 5623950 -2725
32297568 5623650 -575
32297657 5623650 -525
32297564 5623950 -475
32297735 5623650 -475
32297803 5623650 -425
32297652 5623950 -425
32297861 5623651 -375
32297861 5623650 -375
32297726 5623950 -375
32297790 5623950 -325
32297861 5623776 -325
32297842 5623950 -275
32297861 5623900 -275
32297861 5623950 -254
32297861 5624250 -2725
32297604 5624250 -425
32297694 5624250 -375
32297770 5624250 -325
32297833 5624250 -275
32297861 5624250 -248
32297861 5624550 -2725
32297611 5624550 -425
32297726 5624550 -375
32297821 5624550 -325
32297861 5624550 -300
32297861 5624388 -275
32297856 5624850 -2725
32297861 5624850 -2725
32297560 5624850 -1375
32297629 5624850 -425
32297861 5624850 -375
32297861 5624845 -375
32297861 5624630 -325
32297861 5624855 -2725
32297861 5625150 -2675
32297573 5625150 -1325
32297588 5625150 -1275
32297861 5625150 -386
32297578 5625150 -375
32297861 5625450 -2675
32297861 5625450 -1386
32297861 5625446 -1375
32297861 5625431 -1325
32297861 5625450 -1321
32297591 5625450 -1275
32297606 5625450 -1225
32297621 5625450 -1175
32297861 5625221 -375
32297848 5625450 -325
32297861 5625450 -328
32297674 5625450 -275
32297856 5625750 -2675
32297861 5625750 -2675
32297861 5625750 -1420
32297861 5625705 -1275
32297861 5625690 -1225
32297861 5625750 -1214
32297632 5625750 -1175
32297648 5625750 -1125
32297664 5625750 -1075
32297679 5625750 -1025
32297731 5625750 -325
32297861 5625750 -360
32297580 5625750 -275
32297861 5625754 -2675
32297861 5626050 -2625
32297581 5626050 -1825
32297614 5626050 -1425
32297861 5626050 -1454
32297861 5625784 -1425
32297861 5625959 -1175
32297861 5625943 -1125
32297861 5625928 -1075
32297861 5626050 -1051
32297701 5626050 -1025
32297719 5626050 -975
32297737 5626050 -925
32297861 5626050 -564
32297861 5625975 -525
32297861 5625893 -475
32297861 5625823 -425
32297861 5625765 -375
32297856 5626350 -2625
32297861 5626350 -2625
32297795 5626350 -1875
32297861 5626350 -1885
32297861 5626342 -1875
32297861 5626350 -1873
32297570 5626350 -1825
32297611 5626350 -1775
32297652 5626350 -1725
32297576 5626350 -1425
32297861 5626350 -1470
32297861 5626193 -1025
32297861 5626176 -975
32297861 5626350 -942
32297759 5626350 -925
32297779 5626350 -875
32297800 5626350 -825
32297821 5626350 -775
32297821 5626350 -675
32297861 5626350 -680
32297861 5626331 -675
32297861 5626188 -625
32297861 5626071 -575
32297861 5626354 -2625
32297857 5626650 -2575
32297861 5626650 -2575
32297861 5626484 -1875
32297861 5626650 -1862
32297861 5626620 -1825
32297672 5626650 -1825
32297861 5626581 -1775
32297861 5626543 -1725
32297670 5626650 -1675
32297861 5626650 -1705
32297714 5626650 -1625
32297757 5626650 -1575
32297703 5626650 -1425
32297861 5626650 -1458
32297861 5626445 -925
32297861 5626425 -875
32297861 5626406 -825
32297861 5626650 -780
32297824 5626650 -775
32297847 5626650 -725
32297861 5626650 -693
32297861 5626654 -2575
32297852 5626950 -2525
32297861 5626950 -2525
32297861 5626897 -1825
32297694 5626950 -1775
32297861 5626950 -1817
32297861 5626831 -1675
32297861 5626789 -1625
32297861 5626748 -1575
32297756 5626950 -1525
32297861 5626950 -1540
32297803 5626950 -1475
32297861 5626871 -1425
32297850 5626950 -1425
32297861 5626950 -1413
32297724 5626950 -1375
32297861 5626686 -775
32297861 5626664 -725
32297860 5626950 -625
32297861 5626937 -625
32297861 5626950 -625
32297861 5626950 -621
32297861 5626954 -2525
32297856 5627250 -2475
32297861 5627250 -2475
32297861 5627130 -1775
32297792 5627250 -1725
32297861 5627250 -1746
32297635 5627250 -1675
32297861 5627052 -1525
32297861 5627006 -1475
32297861 5626960 -1425
32297821 5627250 -1375
32297861 5627097 -1375
32297861 5627250 -1380
32297861 5627250 -1334
32297566 5627250 -1225
32297861 5626951 -625
32297861 5627254 -2475
32297856 5627550 -2425
32297861 5627550 -2425
32297861 5627318 -1725
32297861 5627474 -1675
32297795 5627550 -1625
32297861 5627550 -1650
32297667 5627550 -1575
32297861 5627289 -1375
32297861 5627550 -1225
32297859 5627550 -1225
32297861 5627544 -1225
32297861 5627550 -1223
32297861 5627554 -2425
32297856 5627850 -2375
32297861 5627850 -2375
32297861 5627613 -1625
32297861 5627735 -1575
32297857 5627850 -1525
32297861 5627850 -1526
32297747 5627850 -1475
32297642 5627850 -1425
32297861 5627552 -1225
32297861 5627854 -2375
32297861 5627855 -2325
32297856 5628150 -2275
32297861 5628150 -2275
32297861 5627853 -1525
32297861 5627956 -1475
32297861 5628055 -1425
32297860 5628150 -1375
32297861 5628150 -1375
32297763 5628150 -1325
32297669 5628150 -1275
32297578 5628150 -1225
32297595 5628150 -725
32297861 5628155 -2275
32297855 5628450 -2225
32297861 5628450 -2225
32297856 5628450 -2175
32297861 5628150 -1375
32297861 5628240 -1325
32297861 5628327 -1275
32297861 5628409 -1225
32297814 5628450 -1175
32297861 5628450 -1199
32297721 5628450 -1125
32297630 5628450 -1075
32297861 5628450 -729
32297821 5628450 -725
32297861 5628388 -725
32297861 5628450 -678
32297684 5628450 -575
32297601 5628450 -525
32297861 5628455 -2225
32297861 5628455 -2175
32297855 5628750 -2125
32297861 5628750 -2125
32297856 5628750 -2075
32297861 5628493 -1175
32297861 5628578 -1125
32297861 5628661 -1075
32297861 5628742 -1025
32297771 5628750 -975
32297861 5628750 -1020
32297673 5628750 -925
32297577 5628750 -875
32297861 5628492 -725
32297861 5628750 -584
32297785 5628750 -575
32297861 5628609 -575
32297825 5628750 -525
32297861 5628683 -525
32297861 5628750 -479
32297764 5628750 -425
32297676 5628750 -375
32297590 5628750 -325
32297861 5628755 -2125
32297861 5628755 -2075
32297861 5628756 -2025
32297855 5629050 -1975
32297861 5629050 -1976
32297861 5628831 -975
32297861 5628920 -925
32297861 5629008 -875
32297805 5629050 -825
32297861 5629050 -851
32297700 5629050 -775
32297597 5629050 -725
32297861 5628829 -575
32297861 5628788 -525
32297757 5629050 -425
32297861 5629050 -438
32297861 5628835 -425
32297791 5629050 -375
32297861 5628910 -375
32297740 5628849 -399
32297826 5629050 -325
32297861 5628982 -325
32297861 5629050 -276
32297772 5629050 -225
32297689 5629050 -175
32297610 5629050 -125
32297861 5629055 -1975
32297861 5629055 -1925
32297855 5629350 -1875
32297861 5629350 -1875
32297855 5629350 -1825
32297861 5629098 -825
32297861 5629191 -775
32297861 5629284 -725
32297827 5629350 -675
32297861 5629350 -689
32297712 5629350 -625
32297596 5629350 -575
32297861 5629156 -425
32297861 5629120 -375
32297861 5629084 -325
32297861 5629350 -236
32297780 5629350 -225
32297861 5629139 -225
32297811 5629350 -175
32297861 5629222 -175
32297842 5629350 -125
32297861 5629302 -125
32297861 5629350 -94
32297818 5629350 -75
32297703 5629350 -25
32297582 5629350 25
32297861 5629355 -1875
32297861 5629355 -1825
32297861 5629355 -1775
32297855 5629650 -1725
32297861 5629650 -1725
32297855 5629650 -1675
32297861 5629375 -675
32297861 5629464 -625
32297861 5629558 -575
32297848 5629650 -525
32297861 5629650 -529
32297709 5629650 -475
32297568 5629650 -425
32297861 5629425 -225
32297861 5629395 -175
32297861 5629366 -125
32297838 5629650 -75
32297861 5629450 -75
32297861 5629650 -78
32297861 5629650 -45
32297861 5629655 -1725
32297861 5629655 -1675
32297861 5629655 -1625
32297855 5629950 -1575
32297861 5629950 -1576
32297855 5629950 -1525
32297855 5629950 -1475
32297861 5629657 -525
32297861 5629740 -475
32297861 5629835 -425
32297861 5629945 -375
32297726 5629950 -325
32297861 5629950 -373
32297592 5629950 -275
32297861 5629672 -75
32297861 5629956 -1575
32297861 5629955 -1525
32297861 5629955 -1475
32297861 5629955 -1425
32297855 5630250 -1375
32297861 5630250 -1376
32297855 5630250 -1325
32297855 5630250 -1275
32297861 5630046 -325
32297861 5630148 -275
32297858 5630250 -225
32297861 5630250 -226
32297737 5630250 -175
32297626 5630250 -125
32297823 5630250 175
32297861 5630184 175
32297861 5630250 170
32297861 5630250 217
32297577 5630250 375
32297861 5630256 -1375
32297861 5630255 -1325
32297861 5630255 -1275
32297861 5630255 -1225
32297855 5630550 -1175
32297861 5630550 -1176
32297855 5630550 -1125
32297855 5630550 -1075
32297861 5630252 -225
32297861 5630359 -175
32297861 5630461 -125
32297847 5630550 -75
32297861 5630550 -80
32297717 5630550 -25
32297595 5630550 25
32297861 5630289 175
32297799 5630550 325
32297861 5630422 325
32297861 5630550 316
32297861 5630502 375
32297838 5630550 375
32297861 5630550 403
32297861 5630556 -1175
32297861 5630555 -1125
32297861 5630555 -1075
32297861 5630556 -1025
32297855 5630850 -975
32297861 5630850 -976
32297855 5630850 -925
32297855 5630850 -875
32297861 5630562 -75
32297861 5630674 -25
32297861 5630781 25
32297788 5630850 75
32297861 5630850 58
32297562 5630850 125
32297861 5630616 325
32297861 5630574 375
32297861 5630856 -975
32297861 5630855 -925
32297861 5630855 -875
32297861 5630855 -825
32297855 5631150 -775
32297861 5631150 -775
32297856 5631150 -725
32297856 5631150 -675
32297861 5630901 75
32297861 5631060 125
32297665 5631150 175
32297861 5631150 152
32297861 5631155 -775
32297861 5631155 -725
32297861 5631154 -675
32297861 5631154 -625
32297856 5631450 -575
32297861 5631450 -575
32297857 5631450 -525
32297857 5631450 -475
32297853 5631450 -425
32297861 5631275 175
32297743 5631450 225
32297861 5631450 206
32297861 5631454 -575
32297861 5631454 -525
32297861 5631454 -475
32297861 5631453 -425
32297857 5631750 -375
32297861 5631750 -375
32297857 5631750 -325
32297858 5631750 -275
32297858 5631750 -225
32297861 5631551 225
32297823 5631750 275
32297861 5631750 263
32297671 5631750 325
32297861 5631753 -375
32297861 5631753 -325
32297861 5631753 -275
32297861 5631752 -225
32297861 5631752 -175
32297858 5632050 -125
32297861 5632050 -125
32297859 5632050 -75
32297859 5632050 -25
32297859 5632050 25
32297861 5631788 275
32297861 5631942 325
32297837 5632050 375
32297861 5632050 361
32297749 5632050 425
32297663 5632050 475
32297861 5632052 -125
32297861 5632052 -75
32297861 5632052 -25
32297861 5632051 25
32297859 5632350 75
32297861 5632350 74
32297859 5632350 125
32297859 5632350 175
32297859 5632350 225
32297826 5632350 275
32297861 5632071 375
32297861 5632152 425
32297861 5632229 475
32297861 5632352 75
32297861 5632352 125
32297861 5632351 175
32297861 5632351 225
32297861 5632351 275
32297859 5632650 325
32297861 5632650 324
32297859 5632650 375
32297859 5632650 425
32297859 5632650 475
32297861 5632652 325
32297861 5632651 375
32297861 5632651 425
32297861 5632651 475
32298162 5623650 -2725
32298162 5623950 -2725
32297864 5623650 -375
32298054 5623650 -325
32298162 5623734 -275
32298162 5623650 -300
32298050 5623950 -225
32298162 5623901 -225
32298162 5623950 -210
32298162 5624250 -2725
32297913 5624250 -225
32298162 5624053 -175
32298014 5624250 -175
32298107 5624250 -125
32298162 5624179 -125
32298162 5624250 -93
32298162 5624550 -2725
32297903 5624550 -275
32297974 5624550 -225
32298034 5624550 -175
32298083 5624550 -125
32298162 5624343 -75
32298126 5624550 -75
32298162 5624550 -25
32298162 5624850 -2725
32297863 5624850 -375
32297976 5624850 -325
32298068 5624850 -275
32298141 5624850 -225
32298162 5624850 -208
32298162 5624775 -175
32298162 5624684 -125
32298162 5624611 -75
32298156 5625150 -2725
32298162 5625150 -2725
32297933 5625150 -375
32298162 5625150 -337
32298162 5625112 -325
32298162 5624981 -275
32298162 5624878 -225
32298162 5625155 -2725
32298162 5625450 -2675
32297864 5625450 -1375
32297880 5625450 -1325
32298162 5625450 -373
32298162 5625750 -2675
32298022 5625750 -1425
32298162 5625750 -1428
32298162 5625748 -1425
32298162 5625733 -1375
32298162 5625750 -1371
32297892 5625750 -1325
32297908 5625750 -1275
32297924 5625750 -1225
32297940 5625750 -375
32298162 5625750 -410
32298162 5625462 -375
32298158 5626050 -2675
32298162 5626050 -2675
32298162 5626050 -1469
32298162 5626003 -1325
32298162 5625987 -1275
32298162 5626050 -1263
32297941 5626050 -1225
32297959 5626050 -1175
32297976 5626050 -1125
32297993 5626050 -1075
32298162 5626050 -547
32298162 5625994 -525
32298162 5625881 -475
32298162 5625778 -425
32298162 5626054 -2675
32298162 5626350 -2625
32297869 5626350 -1875
32297916 5626350 -1475
32298162 5626350 -1494
32298162 5626110 -1475
32298162 5626257 -1225
32298162 5626241 -1175
32298162 5626224 -1125
32298162 5626350 -1101
32298010 5626350 -1075
32298029 5626350 -1025
32298047 5626350 -975
32297950 5626350 -675
32298162 5626350 -659
32298162 5626245 -625
32298162 5626113 -575
32298158 5626650 -2625
32298162 5626650 -2625
32298162 5626627 -1875
32297950 5626650 -1875
32298162 5626650 -1904
32298162 5626650 -1870
32297892 5626650 -1825
32297933 5626650 -1775
32297974 5626650 -1725
32298000 5626650 -1475
32298162 5626650 -1494
32298162 5626497 -1075
32298162 5626479 -1025
32298162 5626474 -975
32298072 5626650 -925
32298162 5626650 -942
32298091 5626650 -875
32298110 5626650 -825
32298162 5626650 -689
32298162 5626500 -675
32298162 5626654 -2625
32298158 5626950 -2575
32298162 5626950 -2575
32298162 5626933 -1875
32298162 5626911 -1825
32297903 5626950 -1825
32298162 5626950 -1873
32298162 5626871 -1775
32298162 5626831 -1725
32297983 5626950 -1675
32298162 5626950 -1704
32298026 5626950 -1625
32298069 5626950 -1575
32298162 5626861 -1475
32297928 5626950 -1425
32298162 5626950 -1466
32298162 5626742 -925
32298162 5626722 -875
32298162 5626729 -825
32298115 5626950 -775
32298162 5626950 -787
32298134 5626950 -725
32298162 5626765 -675
32298153 5626950 -675
32297896 5626950 -625
32298162 5626950 -649
32298162 5626954 -2575
32298158 5627250 -2525
32298162 5627250 -2525
32298162 5627224 -1825
32297976 5627250 -1775
32298162 5627250 -1820
32298162 5627126 -1675
32298162 5627084 -1625
32298162 5627042 -1575
32298060 5627250 -1525
32298162 5627250 -1540
32298105 5627250 -1475
32298162 5627175 -1425
32298150 5627250 -1425
32298162 5627250 -1410
32298021 5627250 -1375
32298162 5627000 -775
32298162 5626980 -725
32298162 5626960 -675
32298137 5627250 -625
32298162 5627033 -625
32298162 5627250 -629
32298162 5627187 -575
32298154 5627250 -575
32298162 5627250 -553
32298162 5627254 -2525
32298158 5627550 -2475
32298162 5627550 -2475
32298162 5627431 -1775
32298098 5627550 -1725
32298162 5627550 -1744
32297939 5627550 -1675
32298162 5627353 -1525
32298162 5627308 -1475
32298162 5627262 -1425
32298117 5627550 -1375
32298162 5627380 -1375
32298162 5627550 -1381
32298162 5627550 -1327
32297867 5627550 -1225
32298162 5627276 -625
32298162 5627258 -575
32298161 5627550 -475
32298162 5627535 -475
32298162 5627550 -475
32298158 5627550 -425
32298162 5627526 -425
32298162 5627550 -413
32298162 5627554 -2475
32298157 5627850 -2425
32298162 5627850 -2425
32298162 5627611 -1725
32298162 5627762 -1675
32298108 5627850 -1625
32298162 5627850 -1645
32297980 5627850 -1575
32298162 5627595 -1375
32298162 5627850 -1226
32298152 5627850 -1225
32298162 5627823 -1225
32298162 5627850 -1214
32298162 5627551 -475
32298162 5627554 -425
32298154 5627850 -275
32298162 5627805 -275
32298162 5627850 -276
32298162 5627850 -243
32298162 5627854 -2425
32298157 5628150 -2375
32298162 5628150 -2375
32298157 5628150 -2325
32298162 5627900 -1625
32298162 5628022 -1575
32298162 5628139 -1525
32298064 5628150 -1475
32298162 5628150 -1520
32297960 5628150 -1425
32298162 5627860 -1225
32298153 5628150 -1075
32298162 5628133 -1075
32298162 5628150 -1076
32298162 5628150 -1066
32298162 5627858 -275
32298155 5628150 -25
32298162 5628122 -25
32298162 5628150 -26
32298162 5628150 0
32298162 5628154 -2375
32298162 5628154 -2325
32298157 5628450 -2275
32298162 5628450 -2275
32298162 5628244 -1475
32298162 5628343 -1425
32298162 5628439 -1375
32298079 5628450 -1325
32298162 5628450 -1369
32297989 5628450 -1275
32297903 5628450 -1225
32298162 5628158 -1075
32297927 5628450 -725
32298162 5628157 -25
32298156 5628450 175
32298162 5628420 175
32298162 5628450 174
32298162 5628450 192
32298162 5628455 -2275
32298162 5628454 -2225
32298157 5628750 -2175
32298162 5628750 -2175
32298162 5628531 -1325
32298162 5628620 -1275
32298162 5628706 -1225
32298119 5628750 -1175
32298162 5628750 -1199
32298033 5628750 -1125
32297950 5628750 -1075
32297868 5628750 -1025
32298162 5628750 -729
32298126 5628750 -725
32298162 5628692 -725
32298162 5628750 -685
32297998 5628750 -575
32297926 5628750 -525
32298162 5628456 175
32298162 5628755 -2175
32298162 5628754 -2125
32298157 5629050 -2075
32298162 5629050 -2075
32298156 5629050 -2025
32298162 5628792 -1175
32298162 5628878 -1125
32298162 5628962 -1075
32298162 5629043 -1025
32298079 5629050 -975
32298162 5629050 -1021
32297990 5629050 -925
32297902 5629050 -875
32298162 5628786 -725
32298162 5629050 -584
32298081 5629050 -575
32298162 5628911 -575
32298122 5629050 -525
32298162 5628981 -525
32298162 5629050 -475
32298082 5629050 -425
32298006 5629050 -375
32297931 5629050 -325
32298162 5629055 -2075
32298162 5629055 -2025
32298156 5629350 -1975
32298162 5629350 -1975
32298157 5629350 -1925
32298162 5629131 -975
32298162 5629218 -925
32298162 5629303 -875
32298119 5629350 -825
32298162 5629350 -847
32298023 5629350 -775
32297928 5629350 -725
32298162 5629131 -575
32298162 5629090 -525
32298055 5629350 -425
32298162 5629350 -438
32298162 5629129 -425
32298092 5629350 -375
32298162 5629207 -375
32298058 5629154 -401
32298130 5629350 -325
32298162 5629284 -325
32298162 5629350 -281
32298064 5629350 -225
32297982 5629350 -175
32297905 5629350 -125
32298162 5629355 -1975
32298162 5629355 -1925
32298162 5629355 -1875
32298156 5629650 -1825
32298162 5629650 -1825
32298157 5629650 -1775
32298162 5629389 -825
32298162 5629476 -775
32298162 5629564 -725
32298158 5629650 -675
32298162 5629650 -676
32298060 5629650 -625
32297958 5629650 -575
32298162 5629455 -425
32298162 5629418 -375
32298162 5629381 -325
32298162 5629650 -289
32298063 5629650 -275
32298162 5629363 -275
32298162 5629465 -225
32298100 5629650 -225
32298137 5629650 -175
32298162 5629572 -175
32298162 5629650 -139
32297963 5629650 -75
32298162 5629655 -1825
32298162 5629655 -1775
32298162 5629655 -1725
32298156 5629950 -1675
32298162 5629950 -1675
32298157 5629950 -1625
32298162 5629653 -675
32298162 5629738 -625
32298162 5629828 -575
32298162 5629925 -525
32298090 5629950 -475
32298162 5629950 -513
32297984 5629950 -425
32297866 5629950 -375
32298162 5629748 -275
32298162 5629710 -225
32298162 5629674 -175
32298162 5629950 -132
32298110 5629950 -125
32298162 5629700 -125
32298162 5629910 -75
32298155 5629950 -75
32298162 5629950 -66
32298162 5629955 -1675
32298162 5629955 -1625
32298162 5629955 -1575
32298156 5630250 -1525
32298162 5630250 -1525
32298156 5630250 -1475
32298157 5630250 -1425
32298162 5630016 -475
32298162 5630113 -425
32298162 5630222 -375
32298079 5630250 -325
32298162 5630250 -363
32297968 5630250 -275
32298162 5630002 -125
32298162 5629957 -75
32298162 5630250 -31
32298102 5630250 -25
32298162 5630081 -25
32298162 5630250 25
32298162 5630248 25
32298162 5630250 25
32297923 5630250 175
32298162 5630255 -1525
32298162 5630255 -1475
32298162 5630255 -1425
32298162 5630255 -1375
32298156 5630550 -1325
32298162 5630550 -1326
32298156 5630550 -1275
32298156 5630550 -1225
32298162 5630329 -325
32298162 5630437 -275
32298162 5630545 -225
32298055 5630550 -175
32298162 5630550 -222
32297950 5630550 -125
32298162 5630309 -25
32298162 5630250 25
32298078 5630550 125
32298162 5630419 125
32298162 5630550 115
32298162 5630494 175
32298126 5630550 175
32298162 5630550 214
32297991 5630550 325
32297910 5630550 375
32298162 5630556 -1325
32298162 5630555 -1275
32298162 5630555 -1225
32298162 5630717 -1175
32298156 5630850 -1125
32298162 5630850 -1154
32298156 5630850 -1075
32298155 5630850 -1025
32298162 5630647 -175
32298162 5630742 -125
32298162 5630830 -75
32298065 5630850 -25
32298162 5630850 -63
32297942 5630850 25
32298162 5630641 125
32298162 5630589 175
32298162 5630850 313
32298080 5630850 325
32298162 5630700 325
32298120 5630850 375
32298162 5630771 375
32298162 5630845 425
32298160 5630850 425
32298162 5630850 428
32298162 5630856 -1125
32298162 5630855 -1075
32298162 5630855 -1025
32298157 5631150 -975
32298162 5631150 -975
32298156 5631150 -925
32298157 5631150 -875
32298157 5631150 -825
32298162 5630930 -25
32298162 5631033 25
32298162 5631134 75
32297979 5631150 125
32298162 5631150 82
32298162 5630937 325
32298162 5630894 375
32298162 5630852 425
32298162 5631155 -975
32298162 5631155 -925
32298162 5631155 -875
32298162 5631155 -825
32298162 5631155 -775
32298157 5631450 -725
32298162 5631450 -726
32298157 5631450 -675
32298157 5631450 -625
32298162 5631287 125
32298162 5631448 175
32298162 5631450 175
32298162 5631455 -725
32298162 5631454 -675
32298162 5631454 -625
32298162 5631454 -575
32298158 5631750 -525
32298162 5631750 -525
32298158 5631750 -475
32298158 5631750 -425
32298162 5631706 225
32298162 5631750 233
32298162 5631754 -525
32298162 5631754 -475
32298162 5631753 -425
32298162 5631753 -375
32298159 5632050 -325
32298162 5632050 -325
32298159 5632050 -275
32298159 5632050 -225
32298160 5632050 -175
32298162 5631949 275
32298026 5632050 325
32298162 5632050 296
32298162 5632053 -325
32298162 5632053 -275
32298162 5632052 -225
32298162 5632052 -175
32298162 5632052 -125
32298160 5632350 -75
32298162 5632350 -75
32298160 5632350 -25
32298160 5632350 25
32298162 5632122 325
32298162 5632245 375
32298150 5632350 425
32298162 5632350 419
32298034 5632350 475
32298162 5632352 -75
32298162 5632352 -25
32298162 5632352 25
32298162 5632351 75
32298162 5632352 125
32298160 5632650 175
32298162 5632650 174
32298160 5632650 225
32298161 5632650 275
32298162 5632357 425
32298162 5632426 475
32298162 5632652 175
32298162 5632651 225
32298162 5632651 275
32298162 5632651 325
32298162 5632651 375
32298160 5632950 425
32298162 5632950 424
32298160 5632950 475
32298162 5632952 425
32298162 5632952 475
32298463 5623650 -2725
32298463 5623950 -2725
32298334 5623650 -325
32298463 5623759 -325
32298463 5623650 -340
32298351 5623950 -275
32298463 5623950 -302
32298197 5623950 -225
32298463 5624250 -2725
32298463 5624045 -275
32298463 5624202 -225
32298350 5624250 -175
32298463 5624250 -208
32298223 5624250 -125
32298463 5624550 -2725
32298463 5624338 -175
32298463 5624456 -125
32298422 5624550 -75
32298463 5624550 -80
32298463 5624850 -2725
32298234 5624850 -175
32298328 5624850 -125
32298463 5624598 -75
32298411 5624850 -75
32298463 5624850 -40
32298463 5625150 -2725
32298207 5625150 -325
32298363 5625150 -275
32298463 5625150 -234
32298463 5625130 -225
32298463 5625039 -175
32298463 5624962 -125
32298463 5624894 -75
32298458 5625450 -2725
32298463 5625450 -2725
32298463 5625450 -373
32298463 5625325 -325
32298463 5625219 -275
32298463 5625454 -2725
32298463 5625750 -2675
32298163 5625750 -1425
32298179 5625750 -1375
32298329 5625750 -425
32298463 5625750 -434
32298463 5625705 -425
32298463 5625455 -375
32298463 5626050 -2675
32298463 5626050 -1468
32298463 5626036 -1425
32298463 5626050 -1422
32298195 5626050 -1375
32298211 5626050 -1325
32298228 5626050 -1275
32298336 5626050 -525
32298463 5626050 -507
32298463 5625920 -475
32298459 5626350 -2675
32298463 5626350 -2675
32298463 5626350 -1498
32298463 5626113 -1475
32298463 5626308 -1375
32298463 5626293 -1325
32298463 5626276 -1275
32298258 5626350 -1225
32298463 5626350 -1261
32298275 5626350 -1175
32298293 5626350 -1125
32298315 5626350 -625
32298463 5626350 -585
32298463 5626307 -575
32298463 5626114 -525
32298463 5626354 -2675
32298463 5626650 -2625
32298185 5626650 -1875
32298463 5626650 -1507
32298463 5626553 -1225
32298463 5626536 -1175
32298463 5626650 -1154
32298298 5626650 -1125
32298315 5626650 -1075
32298333 5626650 -1025
32298336 5626650 -975
32298237 5626650 -675
32298449 5626650 -625
32298463 5626650 -621
32298459 5626950 -2625
32298463 5626950 -2625
32298463 5626950 -1911
32298176 5626950 -1875
32298463 5626922 -1875
32298463 5626950 -1869
32298202 5626950 -1825
32298242 5626950 -1775
32298282 5626950 -1725
32298253 5626950 -1475
32298463 5626950 -1494
32298463 5626818 -1125
32298463 5626801 -1075
32298463 5626784 -1025
32298463 5626950 -996
32298344 5626950 -975
32298361 5626950 -925
32298378 5626950 -875
32298364 5626950 -825
32298349 5626950 -625
32298463 5626950 -607
32298463 5626954 -2625
32298459 5627250 -2575
32298463 5627250 -2575
32298463 5627244 -1875
32298188 5627250 -1825
32298463 5627250 -1874
32298463 5627210 -1825
32298463 5627170 -1775
32298463 5627130 -1725
32298285 5627250 -1675
32298463 5627250 -1704
32298327 5627250 -1625
32298368 5627250 -1575
32298463 5627114 -1475
32298252 5627250 -1425
32298463 5627250 -1458
32298463 5627075 -975
32298463 5627057 -925
32298463 5627040 -875
32298463 5627250 -839
32298377 5627250 -825
32298394 5627250 -775
32298410 5627250 -725
32298427 5627250 -675
32298463 5627149 -575
32298463 5627250 -557
32298463 5627254 -2575
32298459 5627550 -2525
32298463 5627550 -2525
32298463 5627511 -1825
32298286 5627550 -1775
32298463 5627550 -1817
32298463 5627429 -1675
32298463 5627387 -1625
32298463 5627346 -1575
32298356 5627550 -1525
32298463 5627550 -1541
32298399 5627550 -1475
32298463 5627424 -1425
32298442 5627550 -1425
32298463 5627550 -1400
32298358 5627550 -1375
32298463 5627339 -825
32298463 5627322 -775
32298463 5627305 -725
32298463 5627288 -675
32298418 5627550 -625
32298463 5627550 -632
32298434 5627550 -575
32298463 5627387 -525
32298451 5627550 -525
32298253 5627550 -475
32298463 5627550 -484
32298211 5627550 -425
32298463 5627554 -2525
32298459 5627850 -2475
32298463 5627850 -2475
32298463 5627716 -1775
32298413 5627850 -1725
32298463 5627850 -1740
32298254 5627850 -1675
32298463 5627659 -1525
32298463 5627615 -1475
32298463 5627571 -1425
32298411 5627850 -1375
32298463 5627643 -1375
32298463 5627850 -1382
32298463 5627825 -1325
32298457 5627850 -1325
32298463 5627850 -1318
32298192 5627850 -1225
32298463 5627596 -625
32298463 5627579 -575
32298463 5627563 -525
32298458 5627850 -475
32298463 5627677 -475
32298463 5627850 -475
32298449 5627850 -425
32298463 5627723 -425
32298463 5627850 -379
32298218 5627850 -275
32298463 5627854 -2475
32298459 5628150 -2425
32298463 5628150 -2425
32298463 5627897 -1725
32298463 5628049 -1675
32298421 5628150 -1625
32298463 5628150 -1641
32298295 5628150 -1575
32298173 5628150 -1525
32298463 5627902 -1375
32298463 5627856 -1325
32298463 5628150 -1227
32298447 5628150 -1225
32298463 5628104 -1225
32298463 5628150 -1207
32298180 5628150 -1075
32298463 5627855 -475
32298463 5627865 -425
32298463 5628150 -275
32298459 5628150 -275
32298463 5628116 -275
32298463 5628124 -225
32298458 5628150 -225
32298463 5628150 -209
32298197 5628150 -25
32298463 5628154 -2425
32298463 5628154 -2375
32298459 5628450 -2325
32298463 5628450 -2325
32298463 5628191 -1625
32298463 5628314 -1575
32298463 5628434 -1525
32298372 5628450 -1475
32298463 5628450 -1518
32298270 5628450 -1425
32298173 5628450 -1375
32298463 5628166 -1225
32298463 5628450 -1076
32298455 5628450 -1075
32298463 5628433 -1075
32298463 5628450 -1066
32298463 5628154 -275
32298463 5628154 -225
32298463 5628450 -25
32298461 5628450 -25
32298463 5628437 -25
32298463 5628450 -17
32298188 5628450 175
32298463 5628454 -2325
32298458 5628750 -2275
32298463 5628750 -2275
32298459 5628750 -2225
32298463 5628542 -1475
32298463 5628644 -1425
32298463 5628743 -1375
32298378 5628750 -1325
32298463 5628750 -1371
32298290 5628750 -1275
32298205 5628750 -1225
32298463 5628458 -1075
32298439 5628750 -925
32298463 5628710 -925
32298463 5628750 -927
32298463 5628750 -894
32298218 5628750 -725
32298463 5628452 -25
32298463 5628750 174
32298462 5628750 175
32298463 5628742 175
32298463 5628750 179
32298463 5628755 -2275
32298463 5628754 -2225
32298458 5629050 -2175
32298463 5629050 -2175
32298458 5629050 -2125
32298463 5628837 -1325
32298463 5628928 -1275
32298463 5629015 -1225
32298414 5629050 -1175
32298463 5629050 -1204
32298330 5629050 -1125
32298249 5629050 -1075
32298168 5629050 -1025
32298463 5628774 -925
32298463 5629050 -729
32298422 5629050 -725
32298463 5628988 -725
32298463 5629050 -679
32298305 5629050 -575
32298233 5629050 -525
32298463 5628751 175
32298463 5629055 -2175
32298463 5629054 -2125
32298463 5629267 -2075
32298458 5629350 -2025
32298463 5629350 -2062
32298463 5629102 -1175
32298463 5629190 -1125
32298463 5629275 -1075
32298454 5629350 -1025
32298463 5629350 -1030
32298371 5629350 -975
32298288 5629350 -925
32298207 5629350 -875
32298463 5629090 -725
32298463 5629350 -584
32298382 5629350 -575
32298463 5629207 -575
32298422 5629350 -525
32298463 5629278 -525
32298463 5629348 -475
32298462 5629350 -475
32298387 5629350 -425
32298463 5629350 -473
32298309 5629350 -375
32298230 5629350 -325
32298463 5629355 -2025
32298463 5629354 -1975
32298458 5629650 -1925
32298463 5629650 -1925
32298458 5629650 -1875
32298463 5629360 -1025
32298463 5629448 -975
32298463 5629535 -925
32298463 5629620 -875
32298410 5629650 -825
32298463 5629650 -857
32298328 5629650 -775
32298244 5629650 -725
32298463 5629430 -575
32298463 5629390 -525
32298463 5629351 -475
32298463 5629425 -425
32298463 5629650 -438
32298356 5629650 -425
32298392 5629650 -375
32298463 5629500 -375
32298361 5629449 -401
32298427 5629650 -325
32298463 5629573 -325
32298463 5629645 -275
32298366 5629551 -279
32298365 5629650 -225
32298463 5629650 -271
32298251 5629650 -175
32298463 5629655 -1925
32298463 5629655 -1875
32298463 5629654 -1825
32298458 5629950 -1775
32298463 5629950 -1775
32298458 5629950 -1725
32298463 5629704 -825
32298463 5629788 -775
32298463 5629872 -725
32298456 5629950 -675
32298463 5629950 -679
32298373 5629950 -625
32298284 5629950 -575
32298187 5629950 -525
32298463 5629758 -425
32298463 5629722 -375
32298463 5629950 -345
32298320 5629950 -325
32298358 5629950 -275
32298463 5629736 -225
32298394 5629950 -225
32298427 5629950 -175
32298463 5629832 -175
32298463 5629930 -125
32298226 5629950 -75
32298463 5629950 -114
32298463 5629955 -1775
32298463 5629955 -1725
32298463 5629954 -1675
32298458 5630250 -1625
32298463 5630250 -1625
32298458 5630250 -1575
32298463 5629956 -675
32298463 5630035 -625
32298463 5630119 -575
32298463 5630210 -525
32298410 5630250 -475
32298463 5630250 -504
32298308 5630250 -425
32298192 5630250 -375
32298463 5630097 -325
32298463 5630058 -275
32298463 5630022 -225
32298463 5630250 -190
32298354 5630250 -175
32298400 5630250 -125
32298463 5630118 -75
32298443 5630250 -75
32298463 5630250 -51
32298365 5630250 -25
32298164 5630250 25
32298463 5630255 -1625
32298463 5630255 -1575
32298463 5630255 -1525
32298457 5630550 -1475
32298463 5630550 -1475
32298458 5630550 -1425
32298458 5630550 -1375
32298463 5630301 -475
32298463 5630394 -425
32298463 5630495 -375
32298409 5630550 -325
32298463 5630550 -349
32298292 5630550 -275
32298168 5630550 -225
32298463 5630368 -175
32298463 5630319 -125
32298463 5630271 -75
32298375 5630550 -25
32298463 5630316 -25
32298463 5630550 -36
32298423 5630550 25
32298463 5630442 25
32298463 5630550 68
32298341 5630550 125
32298239 5630550 175
32298463 5630555 -1475
32298463 5630555 -1425
32298463 5630555 -1375
32298463 5630555 -1325
32298457 5630850 -1275
32298463 5630850 -1275
32298458 5630850 -1225
32298293 5630850 -1175
32298463 5630594 -325
32298463 5630685 -275
32298463 5630775 -225
32298443 5630850 -175
32298463 5630850 -182
32298315 5630850 -125
32298190 5630850 -75
32298463 5630657 -25
32298463 5630598 25
32298381 5630850 175
32298463 5630712 175
32298463 5630850 164
32298463 5630782 225
32298423 5630850 225
32298462 5630850 275
32298463 5630848 275
32298374 5630850 325
32298463 5630850 276
32298275 5630850 375
32298169 5630850 425
32298463 5630855 -1275
32298463 5630855 -1225
32298463 5630855 -1175
32298463 5630855 -1125
32298457 5631150 -1075
32298463 5631150 -1076
32298458 5631150 -1025
32298463 5630863 -175
32298463 5630948 -125
32298463 5631029 -75
32298463 5631106 -25
32298381 5631150 25
32298463 5631150 3
32298190 5631150 75
32298463 5630952 175
32298463 5630900 225
32298463 5630851 275
32298374 5631150 375
32298463 5630972 375
32298463 5631150 360
32298408 5631150 425
32298463 5631037 425
32298463 5631105 475
32298442 5631150 475
32298463 5631155 -1075
32298463 5631155 -1025
32298463 5631155 -975
32298463 5631155 -925
32298458 5631450 -875
32298463 5631450 -875
32298458 5631450 -825
32298458 5631450 -775
32298463 5631192 25
32298463 5631288 75
32298463 5631382 125
32298169 5631450 175
32298463 5631450 161
32298463 5631259 375
32298463 5631217 425
32298463 5631175 475
32298463 5631455 -875
32298463 5631455 -825
32298463 5631455 -775
32298463 5631454 -725
32298458 5631750 -675
32298463 5631750 -675
32298459 5631750 -625
32298459 5631750 -575
32298463 5631505 175
32298463 5631708 225
32298463 5631750 235
32298463 5631755 -675
32298463 5631754 -625
32298463 5631754 -575
32298463 5631754 -525
32298459 5632050 -475
32298463 5632050 -475
32298459 5632050 -425
32298460 5632050 -375
32298463 5632008 275
32298463 5632050 281
32298463 5632054 -475
32298463 5632053 -425
32298463 5632053 -375
32298463 5632053 -325
32298463 5632053 -275
32298460 5632350 -225
32298463 5632350 -225
32298460 5632350 -175
32298461 5632350 -125
32298463 5632228 325
32298370 5632350 375
32298463 5632350 356
32298463 5632353 -225
32298463 5632352 -175
32298463 5632352 -125
32298463 5632352 -75
32298463 5632352 -25
32298461 5632650 25
32298463 5632650 24
32298461 5632650 75
32298461 5632650 125
32298463 5632387 375
32298463 5632483 425
32298463 5632575 475
32298463 5632652 25
32298463 5632652 75
32298463 5632651 125
32298463 5632651 175
32298463 5632651 225
32298461 5632950 275
32298463 5632950 274
32298461 5632950 325
32298462 5632950 375
32298463 5632952 275
32298463 5632952 325
32298463 5632951 375
32298463 5632951 425
32298463 5632951 475
32298765 5623650 -2725
32298765 5623950 -2725
32298750 5623950 -325
32298765 5623950 -326
32298765 5623650 -369
32298765 5624250 -2725
32298765 5623955 -325
32298765 5624167 -275
32298569 5624250 -225
32298765 5624250 -255
32298765 5624550 -2725
32298765 5624358 -225
32298765 5624528 -175
32298604 5624550 -125
32298765 5624550 -168
32298765 5624850 -2725
32298765 5624764 -125
32298604 5624850 -75
32298765 5624850 -105
32298765 5625150 -2725
32298506 5625150 -225
32298708 5625150 -175
32298765 5625150 -159
32298765 5624964 -125
32298765 5625450 -2725
32298765 5625450 -325
32298765 5625449 -325
32298765 5625340 -275
32298765 5625248 -225
32298765 5625170 -175
32298760 5625750 -2725
32298765 5625750 -2725
32298765 5625750 -426
32298765 5625744 -425
32298765 5625591 -375
32298765 5625754 -2725
32298765 5626050 -2675
32298478 5626050 -1425
32298765 5626050 -486
32298765 5625995 -475
32298765 5626350 -2675
32298765 5626350 -1491
32298765 5626344 -1475
32298765 5626329 -1425
32298505 5626350 -1375
32298765 5626350 -1421
32298522 5626350 -1325
32298538 5626350 -1275
32298512 5626350 -575
32298729 5626350 -525
32298765 5626350 -516
32298760 5626650 -2675
32298765 5626650 -2675
32298765 5626650 -1506
32298765 5626607 -1375
32298765 5626590 -1325
32298765 5626650 -1314
32298544 5626650 -1275
32298561 5626650 -1225
32298577 5626650 -1175
32298617 5626650 -575
32298757 5626650 -525
32298765 5626650 -522
32298765 5626654 -2675
32298765 5626950 -2625
32298492 5626950 -1875
32298765 5626950 -1504
32298765 5626873 -1275
32298765 5626857 -1225
32298765 5626841 -1175
32298591 5626950 -1125
32298765 5626950 -1155
32298607 5626950 -1075
32298623 5626950 -1025
32298583 5626950 -575
32298737 5626950 -525
32298765 5626950 -514
32298765 5627006 -2625
32298765 5627250 -2584
32298765 5627250 -1912
32298469 5627250 -1875
32298765 5627221 -1875
32298765 5627250 -1869
32298503 5627250 -1825
32298543 5627250 -1775
32298582 5627250 -1725
32298648 5627250 -1475
32298765 5627250 -1485
32298765 5627128 -1125
32298765 5627112 -1075
32298765 5627096 -1025
32298631 5627250 -975
32298765 5627250 -998
32298647 5627250 -925
32298662 5627250 -875
32298673 5627250 -525
32298765 5627250 -508
32298760 5627550 -2575
32298765 5627550 -2575
32298765 5627525 -1875
32298517 5627321 -1870
32298765 5627550 -1871
32298504 5627550 -1825
32298765 5627512 -1825
32298765 5627472 -1775
32298765 5627433 -1725
32298582 5627550 -1675
32298765 5627550 -1705
32298623 5627550 -1625
32298664 5627550 -1575
32298765 5627337 -1475
32298616 5627550 -1425
32298765 5627550 -1449
32298765 5627387 -975
32298765 5627371 -925
32298765 5627355 -875
32298666 5627550 -825
32298765 5627550 -841
32298682 5627550 -775
32298698 5627550 -725
32298713 5627550 -675
32298765 5627550 -502
32298765 5627554 -2575
32298760 5627850 -2525
32298765 5627850 -2525
32298765 5627792 -1825
32298604 5627850 -1775
32298765 5627850 -1813
32298765 5627733 -1675
32298765 5627692 -1625
32298765 5627651 -1575
32298651 5627850 -1525
32298765 5627850 -1542
32298695 5627850 -1475
32298765 5627679 -1425
32298737 5627850 -1425
32298765 5627850 -1393
32298691 5627850 -1375
32298490 5627850 -1325
32298765 5627649 -825
32298765 5627633 -775
32298765 5627617 -725
32298765 5627602 -675
32298713 5627850 -625
32298765 5627850 -633
32298730 5627850 -575
32298746 5627850 -525
32298765 5627791 -475
32298614 5627850 -425
32298765 5627850 -468
32298765 5627854 -2525
32298760 5628150 -2475
32298765 5628150 -2475
32298765 5628001 -1775
32298727 5628150 -1725
32298765 5628150 -1736
32298568 5628150 -1675
32298765 5627964 -1525
32298765 5627920 -1475
32298765 5627877 -1425
32298708 5628150 -1375
32298765 5627918 -1375
32298765 5628150 -1383
32298754 5628150 -1325
32298765 5628106 -1325
32298765 5628150 -1313
32298511 5628150 -1225
32298765 5627901 -625
32298765 5627884 -575
32298765 5627868 -525
32298765 5627852 -475
32298765 5627996 -425
32298765 5628150 -427
32298749 5628150 -425
32298765 5628150 -376
32298500 5628150 -275
32298490 5628150 -225
32298765 5628154 -2475
32298765 5628154 -2425
32298760 5628450 -2375
32298765 5628450 -2375
32298765 5628185 -1725
32298765 5628338 -1675
32298731 5628450 -1625
32298765 5628450 -1637
32298603 5628450 -1575
32298479 5628450 -1525
32298765 5628207 -1375
32298765 5628160 -1325
32298765 5628450 -1227
32298745 5628450 -1225
32298765 5628394 -1225
32298765 5628450 -1204
32298481 5628450 -1075
32298765 5628165 -425
32298474 5628450 -25
32298765 5628454 -2375
32298760 5628750 -2325
32298765 5628750 -2325
32298765 5628483 -1625
32298765 5628608 -1575
32298765 5628729 -1525
32298675 5628750 -1475
32298765 5628750 -1516
32298571 5628750 -1425
32298470 5628750 -1375
32298765 5628470 -1225
32298765 5628750 -1076
32298751 5628750 -1075
32298765 5628722 -1075
32298765 5628750 -1061
32298505 5628750 -925
32298765 5628750 -25
32298762 5628750 -25
32298765 5628737 -25
32298765 5628750 -16
32298471 5628750 175
32298765 5628754 -2325
32298765 5628754 -2275
32298760 5629050 -2225
32298765 5629050 -2225
32298765 5628839 -1475
32298765 5628944 -1425
32298765 5629044 -1375
32298676 5629050 -1325
32298765 5629050 -1372
32298586 5629050 -1275
32298499 5629050 -1225
32298765 5628763 -1075
32298765 5629050 -929
32298723 5629050 -925
32298765 5628981 -925
32298765 5629050 -881
32298529 5629050 -725
32298765 5628752 -25
32298765 5629050 173
32298755 5629050 175
32298765 5629012 175
32298765 5629050 201
32298765 5629054 -2225
32298765 5629054 -2175
32298760 5629350 -2125
32298765 5629350 -2125
32298546 5629350 -2075
32298765 5629142 -1325
32298765 5629236 -1275
32298765 5629327 -1225
32298700 5629350 -1175
32298765 5629350 -1212
32298616 5629350 -1125
32298534 5629350 -1075
32298765 5629090 -925
32298686 5629350 -775
32298765 5629218 -775
32298765 5629350 -784
32298765 5629285 -725
32298725 5629350 -725
32298765 5629350 -678
32298612 5629350 -575
32298538 5629350 -525
32298465 5629350 -475
32298765 5629059 175
32298765 5629354 -2125
32298765 5629354 -2075
32298759 5629650 -2025
32298765 5629650 -2025
32298760 5629650 -1975
32298765 5629418 -1175
32298765 5629507 -1125
32298765 5629595 -1075
32298735 5629650 -1025
32298765 5629650 -1042
32298653 5629650 -975
32298571 5629650 -925
32298491 5629650 -875
32298765 5629427 -775
32298765 5629388 -725
32298651 5629650 -625
32298765 5629434 -625
32298765 5629650 -638
32298765 5629499 -575
32298682 5629650 -575
32298719 5629650 -525
32298765 5629568 -525
32298756 5629650 -475
32298765 5629634 -475
32298765 5629650 -463
32298705 5629650 -425
32298627 5629650 -375
32298548 5629650 -325
32298468 5629650 -275
32298765 5629655 -2025
32298765 5629654 -1975
32298765 5629654 -1925
32298759 5629950 -1875
32298765 5629950 -1875
32298760 5629950 -1825
32298765 5629680 -1025
32298765 5629766 -975
32298765 5629850 -925
32298765 5629933 -875
32298701 5629950 -825
32298765 5629950 -865
32298621 5629950 -775
32298539 5629950 -725
32298765 5629762 -625
32298765 5629732 -575
32298765 5629695 -525
32298765 5629950 -494
32298616 5629950 -475
32298727 5629691 -459
32298765 5629706 -425
32298651 5629950 -425
32298685 5629950 -375
32298765 5629778 -375
32298673 5629735 -403
32298765 5629849 -325
32298765 5629919 -275
32298709 5629950 -225
32298765 5629950 -252
32298601 5629950 -175
32298487 5629950 -125
32298765 5629955 -1875
32298765 5629954 -1825
32298765 5629954 -1775
32298759 5630250 -1725
32298765 5630250 -1725
32298760 5630250 -1675
32298765 5630014 -825
32298765 5630095 -775
32298765 5630176 -725
32298756 5630250 -675
32298765 5630250 -680
32298678 5630250 -625
32298595 5630250 -575
32298504 5630250 -525
32298765 5630099 -475
32298765 5630065 -425
32298765 5630030 -375
32298613 5630250 -325
32298765 5630250 -346
32298649 5630250 -275
32298765 5629998 -225
32298683 5630250 -225
32298765 5630091 -175
32298765 5630187 -125
32298652 5630250 -75
32298765 5630250 -93
32298765 5630255 -1725
32298765 5630254 -1675
32298765 5630254 -1625
32298759 5630550 -1575
32298765 5630550 -1575
32298759 5630550 -1525
32298765 5630258 -675
32298765 5630333 -625
32298765 5630411 -575
32298765 5630493 -525
32298735 5630550 -475
32298765 5630550 -491
32298639 5630550 -425
32298527 5630550 -375
32298765 5630413 -325
32298765 5630376 -275
32298765 5630339 -225
32298765 5630304 -175
32298664 5630550 -125
32298765 5630550 -140
32298765 5630296 -75
32298703 5630550 -75
32298765 5630437 -25
32298687 5630550 25
32298765 5630550 9
32298765 5630555 -1575
32298765 5630555 -1525
32298765 5630554 -1475
32298759 5630850 -1425
32298765 5630850 -1425
32298759 5630850 -1375
32298759 5630850 -1325
32298765 5630573 -475
32298765 5630645 -425
32298765 5630721 -375
32298765 5630801 -325
32298715 5630850 -275
32298765 5630850 -295
32298584 5630850 -225
32298765 5630678 -125
32298765 5630630 -75
32298765 5630582 -25
32298765 5630850 63
32298685 5630850 75
32298765 5630665 75
32298722 5630850 125
32298765 5630750 125
32298765 5630833 175
32298623 5630850 225
32298765 5630850 184
32298467 5630850 275
32298765 5630855 -1425
32298765 5630855 -1375
32298765 5630855 -1325
32298765 5630854 -1275
32298759 5631150 -1225
32298765 5631150 -1225
32298759 5631150 -1175
32298759 5631150 -1125
32298765 5630878 -275
32298765 5630946 -225
32298765 5631010 -175
32298765 5631070 -125
32298765 5631126 -75
32298632 5631150 -25
32298765 5631150 -52
32298765 5630996 75
32298765 5630932 125
32298765 5630863 175
32298637 5631150 275
32298765 5630941 275
32298765 5631150 252
32298765 5630990 325
32298668 5631150 325
32298765 5631042 375
32298765 5631099 425
32298685 5631150 475
32298765 5631150 465
32298765 5631155 -1225
32298765 5631155 -1175
32298765 5631155 -1125
32298765 5631155 -1075
32298759 5631450 -1025
32298765 5631450 -1025
32298759 5631450 -975
32298759 5631450 -925
32298765 5631190 -25
32298765 5631265 25
32298765 5631343 75
32298765 5631424 125
32298765 5631450 139
32298765 5631329 275
32298765 5631284 325
32298765 5631237 375
32298765 5631189 425
32298765 5631170 475
32298765 5631450 458
32298671 5631450 475
32298765 5631455 -1025
32298765 5631455 -975
32298765 5631455 -925
32298765 5631454 -875
32298759 5631750 -825
32298765 5631750 -825
32298759 5631750 -775
32298760 5631750 -725
32298765 5631570 175
32298761 5631750 225
32298765 5631750 224
32298765 5631556 475
32298765 5631755 -825
32298765 5631755 -775
32298765 5631754 -725
32298765 5631754 -675
32298765 5631754 -625
32298760 5632050 -575
32298765 5632050 -575
32298760 5632050 -525
32298765 5631750 225
32298738 5632050 275
32298765 5632050 274
32298765 5632054 -575
32298765 5632054 -525
32298765 5632053 -475
32298765 5632053 -425
32298761 5632350 -375
32298765 5632350 -375
32298761 5632350 -325
32298761 5632350 -275
32298765 5632053 275
32298765 5632341 325
32298765 5632350 326
32298765 5632353 -375
32298765 5632353 -325
32298765 5632353 -275
32298765 5632352 -225
32298765 5632352 -175
32298765 5632400 -125
32298762 5632650 -75
32298765 5632650 -84
32298762 5632650 -25
32298765 5632490 375
32298765 5632626 425
32298613 5632650 475
32298765 5632650 434
32298765 5632652 -75
32298765 5632652 -25
32298765 5632652 25
32298765 5632651 75
32298765 5632651 125
32298762 5632950 175
32298765 5632950 174
32298763 5632950 225
32298765 5632708 475
32298765 5632952 175
32298765 5632951 225
32298765 5632951 275
32298765 5632951 325
32298765 5632951 375
32298762 5633250 425
32298765 5633250 424
32298762 5633250 475
32298765 5633252 425
32298765 5633252 475
32299066 5623650 -2726
32299066 5623950 -2725
32298810 5623650 -375
32299066 5623824 -375
32299066 5623650 -402
32299066 5623950 -354
32299066 5624250 -2725
32299066 5624088 -325
32298951 5624250 -275
32299066 5624250 -288
32299066 5624550 -2725
32299066 5624322 -275
32299021 5624550 -225
32299066 5624550 -234
32298794 5624550 -175
32299066 5624850 -2725
32299066 5624619 -225
32298998 5624850 -175
32299066 5624850 -192
32298825 5624850 -125
32299066 5625150 -2725
32299066 5625013 -175
32299066 5625150 -156
32299066 5625450 -2725
32298766 5625450 -325
32298967 5625450 -275
32299066 5625450 -242
32299066 5625386 -225
32299066 5625213 -175
32299066 5625750 -2725
32298775 5625750 -425
32299066 5625750 -375
32299066 5625749 -375
32299066 5625623 -325
32299066 5625513 -275
32299061 5626050 -2725
32299066 5626050 -2725
32298943 5626050 -475
32299066 5626050 -467
32299066 5625902 -425
32299066 5626054 -2725
32299066 5626350 -2675
32298770 5626350 -1475
32298786 5626350 -1425
32299066 5626350 -498
32299066 5626123 -475
32299066 5626650 -2675
32299066 5626650 -1500
32299066 5626641 -1475
32299066 5626626 -1425
32298808 5626650 -1375
32299066 5626650 -1420
32298824 5626650 -1325
32299066 5626650 -478
32299061 5626950 -2675
32299066 5626950 -2675
32299066 5626950 -1506
32299066 5626907 -1375
32299066 5626892 -1325
32298841 5626950 -1275
32299066 5626950 -1314
32298857 5626950 -1225
32298872 5626950 -1175
32299066 5626677 -475
32298935 5626950 -475
32299066 5626950 -440
32299066 5626954 -2675
32299009 5627250 -2625
32299066 5627250 -2625
32298793 5627250 -1875
32299066 5627250 -1500
32299066 5627177 -1275
32299066 5627161 -1225
32299066 5627146 -1175
32298884 5627250 -1125
32299066 5627250 -1156
32298900 5627250 -1075
32298915 5627250 -1025
32298936 5627250 -475
32299066 5627250 -445
32299066 5627254 -2625
32299066 5627550 -2575
32299066 5627550 -1910
32298790 5627550 -1875
32299066 5627522 -1875
32299066 5627550 -1870
32298802 5627550 -1825
32298842 5627550 -1775
32298881 5627550 -1725
32299014 5627550 -1475
32299066 5627550 -1480
32299066 5627432 -1125
32299066 5627417 -1075
32299066 5627402 -1025
32298926 5627550 -975
32299066 5627550 -999
32298941 5627550 -925
32298957 5627550 -875
32299066 5627550 -492
32299066 5627428 -475
32299061 5627850 -2575
32299066 5627850 -2575
32299066 5627801 -1875
32299066 5627850 -1868
32299066 5627815 -1825
32298827 5627850 -1825
32299066 5627775 -1775
32299066 5627736 -1725
32298880 5627850 -1675
32299066 5627850 -1705
32298921 5627850 -1625
32298962 5627850 -1575
32299066 5627594 -1475
32298952 5627850 -1425
32299066 5627850 -1444
32299066 5627689 -975
32299066 5627674 -925
32299066 5627658 -875
32299066 5627643 -825
32298982 5627850 -775
32299066 5627850 -789
32298998 5627850 -725
32299015 5627850 -675
32298804 5627850 -475
32299066 5627850 -516
32299066 5627854 -2575
32299061 5628150 -2525
32299066 5628150 -2525
32299066 5628066 -1825
32298925 5628150 -1775
32299066 5628150 -1808
32299066 5628038 -1675
32299066 5627996 -1625
32299066 5627955 -1575
32298948 5628150 -1525
32299066 5628150 -1543
32298991 5628150 -1475
32299066 5627950 -1425
32299034 5628150 -1425
32299066 5628150 -1387
32299016 5628150 -1375
32298812 5628150 -1325
32299066 5627933 -775
32299066 5627916 -725
32299066 5627900 -675
32299016 5628150 -625
32299066 5628150 -632
32299033 5628150 -575
32299051 5628150 -525
32299066 5628150 -481
32298897 5628150 -425
32299066 5628154 -2525
32299066 5628156 -2475
32299061 5628450 -2425
32299066 5628450 -2426
32299066 5628276 -1775
32299052 5628450 -1725
32299066 5628450 -1729
32298886 5628450 -1675
32299066 5628270 -1525
32299066 5628226 -1475
32299066 5628182 -1425
32299066 5628193 -1375
32299066 5628450 -1384
32299001 5628450 -1375
32299046 5628450 -1325
32299066 5628372 -1325
32298943 5628225 -1346
32299066 5628450 -1303
32298826 5628450 -1225
32299066 5628199 -625
32299066 5628182 -575
32299066 5628165 -525
32299066 5628450 -427
32299050 5628450 -425
32299066 5628318 -425
32299066 5628450 -379
32299066 5628454 -2425
32299061 5628750 -2375
32299066 5628750 -2375
32299066 5628462 -1725
32299066 5628612 -1675
32299057 5628750 -1625
32299066 5628750 -1628
32298920 5628750 -1575
32298787 5628750 -1525
32299066 5628516 -1375
32299066 5628470 -1325
32299066 5628750 -1229
32299031 5628750 -1225
32299066 5628655 -1225
32299066 5628750 -1187
32298796 5628750 -1075
32299066 5628465 -425
32299060 5628750 -225
32299066 5628721 -225
32299066 5628750 -225
32299066 5628750 -207
32298778 5628750 -25
32299066 5628754 -2375
32299066 5628767 -2325
32299061 5629050 -2275
32299066 5629050 -2278
32299066 5628758 -1625
32299066 5628883 -1575
32299066 5629003 -1525
32298995 5629050 -1475
32299066 5629050 -1505
32298881 5629050 -1425
32298770 5629050 -1375
32299066 5628786 -1225
32299066 5629050 -1079
32299032 5629050 -1075
32299066 5628979 -1075
32299066 5629050 -1037
32298846 5629050 -925
32299066 5628756 -225
32299066 5629050 -25
32299064 5629050 -25
32299066 5629043 -25
32299066 5629050 8
32298811 5629050 175
32299066 5629054 -2275
32299061 5629350 -2225
32299066 5629350 -2225
32299061 5629350 -2175
32299066 5629116 -1475
32299066 5629222 -1425
32299066 5629324 -1375
32298989 5629350 -1325
32299066 5629350 -1362
32298888 5629350 -1275
32298789 5629350 -1225
32299066 5629085 -1075
32299066 5629350 -932
32299007 5629350 -925
32299066 5629240 -925
32299066 5629318 -875
32299049 5629350 -875
32299066 5629350 -854
32298923 5629350 -775
32298843 5629350 -725
32299066 5629051 -25
32299066 5629354 -2225
32299066 5629354 -2175
32299066 5629391 -2125
32299061 5629650 -2075
32299066 5629650 -2082
32299066 5629422 -1325
32299066 5629517 -1275
32299066 5629609 -1225
32299013 5629650 -1175
32299066 5629650 -1202
32298918 5629650 -1125
32298824 5629650 -1075
32299066 5629411 -925
32299066 5629368 -875
32299008 5629650 -725
32299066 5629542 -725
32299066 5629650 -741
32299066 5629611 -675
32299045 5629650 -675
32299027 5629650 -625
32299066 5629650 -646
32298947 5629650 -575
32298865 5629650 -525
32298784 5629650 -475
32299066 5629654 -2075
32299066 5629654 -2025
32299061 5629950 -1975
32299066 5629950 -1975
32299061 5629950 -1925
32299066 5629699 -1175
32299066 5629787 -1125
32299066 5629874 -1075
32299055 5629950 -1025
32299066 5629950 -1030
32298963 5629950 -975
32298872 5629950 -925
32298782 5629950 -875
32299066 5629710 -725
32299066 5629672 -675
32298971 5629950 -575
32299066 5629754 -575
32299066 5629950 -587
32299005 5629950 -525
32299066 5629825 -525
32299066 5629895 -475
32299049 5629950 -425
32299066 5629950 -434
32298965 5629950 -375
32298882 5629950 -325
32298801 5629950 -275
32299066 5629954 -1975
32299066 5629954 -1925
32299066 5629954 -1875
32299061 5630250 -1825
32299066 5630250 -1825
32299061 5630250 -1775
32299066 5629959 -1025
32299066 5630042 -975
32299066 5630126 -925
32299066 5630209 -875
32299020 5630250 -825
32299066 5630250 -850
32298932 5630250 -775
32298843 5630250 -725
32299066 5630047 -575
32299066 5630012 -525
32299066 5629977 -475
32299066 5629965 -425
32299066 5630250 -440
32298946 5630250 -425
32298979 5630250 -375
32299066 5630044 -375
32299024 5629989 -413
32299066 5630121 -325
32299066 5630197 -275
32299038 5630250 -225
32299066 5630250 -239
32298940 5630250 -175
32298835 5630250 -125
32299066 5630254 -1825
32299066 5630254 -1775
32299066 5630254 -1725
32299061 5630550 -1675
32299066 5630550 -1675
32299061 5630550 -1625
32299066 5630288 -825
32299066 5630364 -775
32299066 5630442 -725
32299066 5630522 -675
32299009 5630550 -625
32299066 5630550 -657
32298920 5630550 -575
32298828 5630550 -525
32299066 5630374 -425
32299066 5630339 -375
32299066 5630306 -325
32299066 5630273 -275
32299021 5630286 -240
32299066 5630273 -225
32299066 5630550 -239
32298966 5630550 -225
32298998 5630550 -175
32299066 5630356 -175
32299008 5630298 -209
32299066 5630439 -125
32299066 5630523 -75
32298939 5630550 -25
32299066 5630550 -58
32299066 5630555 -1675
32299066 5630554 -1625
32299066 5630554 -1575
32299060 5630850 -1525
32299066 5630850 -1525
32299061 5630850 -1475
32299066 5630593 -625
32299066 5630662 -575
32299066 5630733 -525
32299066 5630808 -475
32299024 5630850 -425
32299066 5630850 -447
32298930 5630850 -375
32298828 5630850 -325
32299066 5630664 -225
32299066 5630627 -175
32299066 5630592 -125
32299066 5630560 -75
32299066 5630850 19
32299027 5630850 25
32299066 5630717 25
32299066 5630842 75
32298936 5630850 125
32299066 5630850 77
32298794 5630850 175
32299066 5630855 -1525
32299066 5630855 -1475
32299066 5630854 -1425
32299066 5630859 -1375
32299060 5631150 -1325
32299066 5631150 -1326
32299061 5631150 -1275
32299066 5630881 -425
32299066 5630950 -375
32299066 5631016 -325
32299066 5631080 -275
32299066 5631140 -225
32298994 5631150 -175
32299066 5631150 -216
32298904 5631150 -125
32298809 5631150 -75
32299066 5630911 25
32299066 5630853 75
32299066 5631150 210
32298961 5631150 225
32299066 5631001 225
32299066 5631055 275
32299066 5631115 325
32299003 5631150 375
32299066 5631150 350
32298871 5631150 425
32299066 5631155 -1325
32299066 5631155 -1275
32299066 5631154 -1225
32299061 5631450 -1175
32299066 5631450 -1175
32299060 5631450 -1125
32299061 5631450 -1075
32299066 5631204 -175
32299066 5631269 -125
32299066 5631335 -75
32299066 5631405 -25
32299023 5631450 25
32299066 5631450 5
32298912 5631450 75
32298798 5631450 125
32299066 5631265 225
32299066 5631220 275
32299066 5631174 325
32299001 5631450 425
32299066 5631300 425
32299066 5631450 409
32299066 5631400 475
32298872 5631242 461
32299066 5631455 -1175
32299066 5631455 -1125
32299066 5631455 -1075
32299066 5631454 -1025
32299066 5631454 -975
32299061 5631750 -925
32299066 5631750 -925
32299061 5631750 -875
32299066 5631487 25
32299066 5631584 75
32299066 5631685 125
32298985 5631750 175
32299066 5631750 155
32299066 5631516 425
32299066 5631472 475
32299066 5631755 -925
32299066 5631754 -875
32299066 5631754 -825
32299066 5631754 -775
32299061 5632050 -725
32299066 5632050 -725
32299061 5632050 -675
32299061 5632050 -625
32299066 5631815 175
32299066 5631993 225
32299066 5632050 240
32299066 5632054 -725
32299066 5632054 -675
32299066 5632054 -625
32299066 5632054 -575
32299066 5632053 -525
32299062 5632350 -475
32299066 5632350 -475
32299062 5632350 -425
32299066 5632224 275
32298782 5632350 325
32299066 5632350 300
32299066 5632354 -475
32299066 5632353 -425
32299066 5632353 -375
32299066 5632353 -325
32299066 5632353 -275
32299063 5632650 -225
32299066 5632650 -225
32299063 5632650 -175
32299011 5632650 -125
32299066 5632448 325
32299066 5632636 375
32298812 5632650 425
32299066 5632650 378
32299066 5632653 -225
32299066 5632652 -175
32299066 5632652 -125
32299066 5632652 -75
32299066 5632652 -25
32299063 5632950 25
32299066 5632950 24
32299064 5632950 75
32299064 5632950 125
32299066 5632759 425
32299066 5632871 475
32299066 5632952 25
32299066 5632952 75
32299066 5632951 125
32299066 5632951 175
32299066 5632951 225
32299066 5632951 275
32299064 5633250 325
32299066 5633250 324
32299064 5633250 375
32299066 5633252 325
32299066 5633251 375
32299066 5633251 425
32299066 5633251 475
32299367 5623650 -2726
32299367 5623950 -2726
32299231 5623650 -425
32299367 5623930 -425
32299367 5623650 -441
32299147 5623950 -375
32299367 5623950 -423
32299367 5624250 -2726
32299348 5624250 -375
32299367 5624250 -380
32299175 5624250 -325
32299367 5624550 -2725
32299367 5624280 -375
32299362 5624550 -325
32299367 5624550 -326
32299193 5624550 -275
32299367 5624850 -2725
32299367 5624559 -325
32299332 5624850 -275
32299367 5624850 -285
32299167 5624850 -225
32299367 5625150 -2725
32299367 5624951 -275
32299269 5625150 -225
32299367 5625150 -252
32299116 5625150 -175
32299367 5625450 -2725
32299367 5625450 -262
32299367 5625750 -2725
32299068 5625750 -375
32299367 5625750 -336
32299367 5625703 -325
32299367 5625501 -275
32299367 5626050 -2725
32299367 5626050 -435
32299367 5626012 -425
32299367 5625854 -375
32299362 5626350 -2725
32299367 5626350 -2725
32299367 5626350 -491
32299367 5626257 -475
32299367 5626354 -2725
32299367 5626650 -2675
32299074 5626650 -1475
32299090 5626650 -1425
32299367 5626650 -493
32299367 5626950 -2675
32299367 5626950 -1509
32299367 5626939 -1475
32299367 5626923 -1425
32299108 5626950 -1375
32299367 5626950 -1420
32299124 5626950 -1325
32299367 5626803 -475
32299367 5626950 -454
32299363 5627250 -2675
32299367 5627250 -2675
32299367 5627250 -1510
32299367 5627207 -1375
32299367 5627191 -1325
32299140 5627250 -1275
32299367 5627250 -1314
32299155 5627250 -1225
32299170 5627250 -1175
32299367 5627250 -428
32299367 5627253 -2675
32299363 5627550 -2625
32299367 5627550 -2625
32299093 5627550 -1875
32299367 5627550 -1500
32299367 5627476 -1275
32299367 5627461 -1225
32299367 5627445 -1175
32299185 5627550 -1125
32299367 5627550 -1156
32299199 5627550 -1075
32299215 5627550 -1025
32299367 5627550 -476
32299367 5627540 -475
32299367 5627554 -2625
32299367 5627850 -2575
32299367 5627825 -1875
32299119 5627850 -1875
32299367 5627850 -1907
32299367 5627850 -1870
32299100 5627850 -1825
32299140 5627850 -1775
32299179 5627850 -1725
32299342 5627850 -1475
32299367 5627850 -1477
32299367 5627730 -1125
32299367 5627716 -1075
32299367 5627701 -1025
32299367 5627685 -975
32299243 5627850 -925
32299367 5627850 -946
32299259 5627850 -875
32299275 5627850 -825
32299295 5627850 -525
32299367 5627850 -527
32299367 5627831 -525
32299367 5627854 -2575
32299367 5628150 -2525
32299367 5628055 -1875
32299367 5628150 -1860
32299367 5628121 -1825
32299162 5628150 -1825
32299367 5628081 -1775
32299367 5628041 -1725
32299176 5628150 -1675
32299367 5628150 -1706
32299216 5628150 -1625
32299257 5628150 -1575
32299367 5627869 -1475
32299300 5628150 -1425
32299367 5628150 -1435
32299367 5627973 -925
32299367 5627957 -875
32299367 5627941 -825
32299283 5628150 -775
32299367 5628150 -789
32299300 5628150 -725
32299317 5628150 -675
32299367 5628048 -525
32299367 5628150 -523
32299367 5628154 -2525
32299360 5628450 -2475
32299367 5628450 -2475
32299367 5628314 -1825
32299273 5628450 -1775
32299367 5628450 -1795
32299367 5628347 -1675
32299367 5628306 -1625
32299367 5628264 -1575
32299238 5628450 -1525
32299367 5628450 -1545
32299280 5628450 -1475
32299367 5628199 -1425
32299322 5628450 -1425
32299367 5628425 -1375
32299165 5628450 -1325
32299367 5628450 -1369
32299367 5628235 -775
32299367 5628218 -725
32299367 5628201 -675
32299367 5628184 -625
32299327 5628450 -575
32299367 5628450 -581
32299343 5628450 -525
32299367 5628363 -475
32299360 5628450 -475
32299245 5628450 -425
32299367 5628450 -454
32299367 5628454 -2475
32299363 5628750 -2425
32299367 5628750 -2425
32299367 5628524 -1775
32299367 5628701 -1725
32299235 5628750 -1675
32299367 5628750 -1710
32299367 5628586 -1525
32299367 5628542 -1475
32299367 5628498 -1425
32299282 5628750 -1375
32299367 5628750 -1387
32299367 5628592 -1325
32299324 5628750 -1325
32299367 5628747 -1275
32299366 5628750 -1275
32299195 5628750 -1225
32299367 5628750 -1274
32299367 5628492 -575
32299367 5628474 -525
32299367 5628457 -475
32299367 5628750 -377
32299353 5628750 -375
32299367 5628648 -375
32299367 5628750 -334
32299103 5628750 -225
32299367 5628754 -2425
32299362 5629050 -2375
32299367 5629050 -2375
32299349 5629050 -2325
32299367 5628853 -1675
32299367 5628994 -1625
32299276 5629050 -1575
32299367 5629050 -1604
32299125 5629050 -1525
32299367 5628842 -1375
32299367 5628796 -1325
32299367 5628750 -1275
32299302 5629050 -1225
32299367 5628868 -1225
32299367 5629050 -1234
32299367 5628984 -1175
32299343 5629050 -1175
32299367 5629050 -1145
32299169 5629050 -1075
32299367 5628765 -375
32299074 5629050 -25
32299367 5629054 -2375
32299367 5629054 -2325
32299362 5629350 -2275
32299367 5629350 -2275
32299367 5629122 -1575
32299367 5629240 -1525
32299362 5629350 -1475
32299367 5629350 -1476
32299230 5629350 -1425
32299099 5629350 -1375
32299367 5629123 -1225
32299367 5629077 -1175
32299367 5629350 -1085
32299295 5629350 -1075
32299367 5629185 -1075
32299367 5629275 -1025
32299334 5629350 -1025
32299367 5629350 -981
32299233 5629350 -925
32299114 5629350 -875
32299367 5629354 -2275
32299367 5629354 -2225
32299362 5629650 -2175
32299367 5629650 -2175
32299324 5629650 -2125
32299367 5629353 -1475
32299367 5629458 -1425
32299367 5629559 -1375
32299358 5629650 -1325
32299367 5629650 -1328
32299238 5629650 -1275
32299119 5629650 -1225
32299367 5629431 -1075
32299367 5629388 -1025
32299305 5629650 -875
32299367 5629518 -875
32299367 5629650 -883
32299367 5629592 -825
32299339 5629650 -825
32299367 5629650 -783
32299239 5629650 -725
32299129 5629650 -675
32299367 5629654 -2175
32299367 5629654 -2125
32299362 5629950 -2075
32299367 5629950 -2075
32299362 5629950 -2025
32299367 5629657 -1325
32299367 5629751 -1275
32299367 5629842 -1225
32299367 5629932 -1175
32299278 5629950 -1125
32299367 5629950 -1164
32299165 5629950 -1075
32299367 5629720 -875
32299367 5629681 -825
32299367 5629950 -738
32299273 5629950 -725
32299367 5629737 -725
32299304 5629950 -675
32299367 5629809 -675
32299367 5629879 -625
32299335 5629950 -625
32299367 5629947 -575
32299264 5629950 -525
32299367 5629950 -572
32299155 5629950 -475
32299367 5629954 -2075
32299367 5629954 -2025
32299367 5629954 -1975
32299362 5630250 -1925
32299367 5630250 -1925
32299362 5630250 -1875
32299367 5630019 -1125
32299367 5630105 -1075
32299367 5630191 -1025
32299333 5630250 -975
32299367 5630250 -990
32299227 5630250 -925
32299119 5630250 -875
32299367 5630053 -725
32299367 5630019 -675
32299367 5629985 -625
32299367 5629951 -575
32299367 5630027 -525
32299367 5630250 -536
32299282 5630250 -525
32299314 5630250 -475
32299367 5630110 -475
32299367 5630196 -425
32299160 5630029 -437
32299324 5630250 -375
32299367 5630250 -395
32299223 5630250 -325
32299128 5630250 -275
32299367 5630254 -1925
32299367 5630254 -1875
32299367 5630254 -1825
32299362 5630550 -1775
32299367 5630550 -1775
32299362 5630550 -1725
32299367 5630276 -975
32299367 5630359 -925
32299367 5630443 -875
32299367 5630527 -825
32299296 5630550 -775
32299367 5630550 -812
32299199 5630550 -725
32299100 5630550 -675
32299367 5630341 -525
32299367 5630306 -475
32299367 5630271 -425
32299298 5630550 -325
32299367 5630374 -325
32299367 5630550 -334
32299332 5630550 -275
32299367 5630463 -275
32299367 5630550 -225
32299367 5630550 -225
32299269 5630550 -175
32299176 5630550 -125
32299092 5630550 -75
32299367 5630554 -1775
32299367 5630554 -1725
32299367 5630554 -1675
32299362 5630850 -1625
32299367 5630850 -1625
32299362 5630850 -1575
32299367 5630611 -775
32299367 5630696 -725
32299367 5630782 -675
32299349 5630850 -625
32299367 5630850 -636
32299274 5630850 -575
32299195 5630850 -525
32299113 5630850 -475
32299367 5630623 -325
32299367 5630587 -275
32299308 5630850 -125
32299367 5630712 -125
32299367 5630850 -133
32299341 5630850 -75
32299367 5630789 -75
32299367 5630850 -35
32299216 5630850 25
32299074 5630850 75
32299367 5630855 -1625
32299367 5630854 -1575
32299367 5630854 -1525
32299362 5631150 -1475
32299367 5631150 -1475
32299362 5631150 -1425
32299358 5631150 -1375
32299367 5630871 -625
32299367 5630961 -575
32299367 5631048 -525
32299367 5631131 -475
32299323 5631150 -425
32299367 5631150 -463
32299264 5631150 -375
32299203 5631150 -325
32299140 5631150 -275
32299076 5631150 -225
32299367 5630913 -125
32299367 5630878 -75
32299227 5631150 225
32299166 5631150 275
32299102 5631150 325
32299367 5631155 -1475
32299367 5631154 -1425
32299367 5631154 -1375
32299367 5631154 -1325
32299362 5631450 -1275
32299367 5631450 -1275
32299362 5631450 -1225
32299367 5631196 -425
32299367 5631258 -375
32299367 5631320 -325
32299367 5631383 -275
32299367 5631447 -225
32299306 5631450 -175
32299367 5631450 -223
32299241 5631450 -125
32299175 5631450 -75
32299108 5631450 -25
32299323 5631450 275
32299367 5631384 275
32299367 5631450 269
32299367 5631450 319
32299195 5631450 425
32299110 5631450 475
32299367 5631455 -1275
32299367 5631454 -1225
32299367 5631454 -1175
32299367 5631454 -1125
32299362 5631750 -1075
32299367 5631750 -1075
32299362 5631750 -1025
32299362 5631750 -975
32299367 5631511 -175
32299367 5631576 -125
32299367 5631642 -75
32299367 5631710 -25
32299328 5631750 25
32299367 5631750 3
32299231 5631750 75
32299131 5631750 125
32299367 5631494 275
32299367 5631750 416
32299302 5631750 425
32299367 5631624 425
32299348 5631750 475
32299367 5631712 475
32299367 5631755 -1075
32299367 5631754 -1025
32299367 5631754 -975
32299367 5631754 -925
32299367 5631754 -875
32299362 5632050 -825
32299367 5632050 -825
32299363 5632050 -775
32299367 5631789 25
32299367 5631885 75
32299367 5631986 125
32299299 5632050 175
32299367 5632050 155
32299122 5632050 225
32299367 5631814 425
32299367 5631768 475
32299367 5632054 -825
32299367 5632054 -775
32299367 5632054 -725
32299367 5632053 -675
32299363 5632350 -625
32299367 5632350 -625
32299363 5632350 -575
32299363 5632350 -525
32299367 5632109 175
32299367 5632262 225
32299226 5632350 275
32299367 5632350 253
32299367 5632354 -625
32299367 5632354 -575
32299367 5632353 -525
32299367 5632353 -475
32299367 5632353 -425
32299363 5632650 -375
32299367 5632650 -375
32299364 5632650 -325
32299364 5632650 -275
32299367 5632469 275
32299295 5632650 325
32299367 5632650 308
32299081 5632650 375
32299367 5632653 -375
32299367 5632653 -325
32299367 5632653 -275
32299367 5632652 -225
32299367 5632652 -175
32299367 5632654 -125
32299364 5632950 -75
32299367 5632950 -75
32299365 5632950 -25
32299367 5632692 325
32299367 5632819 375
32299367 5632939 425
32299197 5632950 475
32299367 5632950 429
32299367 5632952 -75
32299367 5632952 -25
32299367 5632952 25
32299367 5632951 75
32299367 5632951 125
32299365 5633250 175
32299367 5633250 174
32299365 5633250 225
32299365 5633250 275
32299367 5633015 475
32299367 5633252 175
32299367 5633251 225
32299367 5633251 275
32299367 5633251 325
32299367 5633251 375
32299365 5633550 425
32299367 5633550 424
32299365 5633550 475
32299367 5633552 425
32299367 5633552 475
32299668 5623650 -2726
32299668 5623950 -2726
32299374 5623950 -425
32299668 5623950 -469
32299668 5623650 -453
32299668 5624250 -2726
32299541 5624250 -425
32299668 5624250 -453
32299668 5624550 -2726
32299668 5624463 -425
32299532 5624550 -375
32299668 5624550 -412
32299668 5624850 -2725
32299668 5624837 -375
32299503 5624850 -325
32299668 5624850 -373
32299668 5625150 -2725
32299555 5625150 -325
32299668 5625150 -364
32299422 5625150 -275
32299668 5625450 -2725
32299668 5625450 -375
32299668 5625450 -375
32299668 5625446 -375
32299521 5625450 -325
32299396 5625450 -275
32299668 5625750 -2725
32299585 5625750 -375
32299668 5625750 -388
32299668 5626050 -2725
32299538 5626050 -425
32299668 5626050 -415
32299668 5626350 -2725
32299543 5626350 -475
32299668 5626350 -461
32299668 5626106 -425
32299664 5626650 -2725
32299668 5626650 -2725
32299668 5626650 -498
32299668 5626451 -475
32299668 5626654 -2725
32299668 5626950 -2675
32299378 5626950 -1475
32299394 5626950 -1425
32299499 5626950 -475
32299668 5626950 -498
32299668 5627250 -2675
32299668 5627250 -1521
32299668 5627235 -1475
32299668 5627219 -1425
32299411 5627250 -1375
32299668 5627250 -1419
32299426 5627250 -1325
32299668 5627210 -475
32299668 5627250 -470
32299668 5627327 -2675
32299668 5627550 -2637
32299668 5627550 -1516
32299668 5627504 -1375
32299668 5627488 -1325
32299668 5627473 -1275
32299457 5627550 -1225
32299668 5627550 -1261
32299473 5627550 -1175
32299668 5627550 -478
32299668 5627420 -475
32299664 5627850 -2625
32299668 5627850 -2625
32299392 5627850 -1875
32299668 5627850 -1499
32299668 5627759 -1225
32299668 5627743 -1175
32299668 5627728 -1125
32299502 5627850 -1075
32299668 5627850 -1103
32299518 5627850 -1025
32299533 5627850 -975
32299468 5627850 -525
32299668 5627850 -519
32299668 5627854 -2625
32299663 5628150 -2575
32299668 5628150 -2575
32299668 5628132 -1875
32299487 5628150 -1875
32299668 5628150 -1897
32299668 5628150 -1872
32299395 5628150 -1825
32299434 5628150 -1775
32299473 5628150 -1725
32299668 5628076 -1475
32299668 5628150 -1467
32299668 5628017 -1075
32299668 5628001 -1025
32299668 5627985 -975
32299668 5627972 -925
32299559 5628150 -875
32299668 5628150 -894
32299575 5628150 -825
32299668 5628150 -527
32299464 5628150 -525
32299668 5628044 -525
32299668 5628154 -2575
32299664 5628450 -2525
32299668 5628450 -2525
32299668 5628273 -1875
32299668 5628450 -1843
32299668 5628434 -1825
32299552 5628450 -1825
32299668 5628394 -1775
32299668 5628353 -1725
32299464 5628450 -1675
32299668 5628450 -1709
32299504 5628450 -1625
32299543 5628450 -1575
32299668 5628383 -1425
32299405 5628450 -1375
32299668 5628450 -1413
32299668 5628263 -875
32299668 5628246 -825
32299668 5628230 -775
32299590 5628450 -725
32299668 5628450 -738
32299606 5628450 -675
32299622 5628450 -625
32299668 5628168 -525
32299625 5628450 -475
32299668 5628450 -478
32299668 5628454 -2525
32299664 5628750 -2475
32299668 5628750 -2475
32299668 5628527 -1825
32299668 5628734 -1775
32299437 5628750 -1725
32299668 5628750 -1771
32299668 5628668 -1675
32299668 5628626 -1625
32299668 5628584 -1575
32299518 5628750 -1525
32299668 5628750 -1549
32299557 5628750 -1475
32299597 5628750 -1425
32299668 5628592 -1375
32299630 5628750 -1325
32299668 5628750 -1332
32299371 5628750 -1275
32299668 5628534 -725
32299668 5628516 -675
32299668 5628499 -625
32299668 5628482 -575
32299668 5628469 -525
32299668 5628460 -475
32299618 5628461 -479
32299637 5628750 -475
32299668 5628750 -481
32299668 5628610 -425
32299653 5628750 -425
32299644 5628750 -375
32299668 5628750 -378
32299668 5628754 -2475
32299664 5629050 -2425
32299668 5629050 -2425
32299668 5628901 -1725
32299653 5629050 -1675
32299668 5629050 -1678
32299449 5629050 -1625
32299668 5628916 -1525
32299668 5628873 -1475
32299668 5628830 -1425
32299550 5629050 -1375
32299668 5629050 -1393
32299668 5628770 -1325
32299589 5629050 -1325
32299627 5629050 -1275
32299668 5628907 -1275
32299402 5628756 -1280
32299668 5629038 -1225
32299486 5629050 -1175
32299668 5629050 -1220
32299668 5628784 -475
32299668 5628766 -425
32299652 5629050 -275
32299668 5628951 -275
32299668 5629050 -277
32299668 5629050 -225
32299668 5629054 -2425
32299668 5629054 -2375
32299664 5629350 -2325
32299668 5629350 -2325
32299668 5629059 -1675
32299668 5629193 -1625
32299668 5629323 -1575
32299532 5629350 -1525
32299668 5629350 -1564
32299668 5629185 -1375
32299668 5629141 -1325
32299668 5629097 -1275
32299559 5629350 -1225
32299668 5629350 -1241
32299668 5629147 -1175
32299596 5629350 -1175
32299668 5629249 -1125
32299632 5629350 -1125
32299668 5629346 -1075
32299511 5629350 -1025
32299668 5629350 -1073
32299668 5629069 -275
32299650 5629350 -25
32299668 5629286 -25
32299668 5629350 -28
32299664 5629350 25
32299668 5629335 25
32299668 5629350 40
32299668 5629354 -2325
32299668 5629354 -2275
32299664 5629650 -2225
32299668 5629650 -2225
32299668 5629440 -1525
32299668 5629550 -1475
32299657 5629650 -1425
32299668 5629650 -1428
32299506 5629650 -1375
32299668 5629477 -1225
32299668 5629435 -1175
32299668 5629393 -1125
32299668 5629351 -1075
32299668 5629434 -1025
32299668 5629650 -1037
32299581 5629650 -1025
32299668 5629516 -975
32299613 5629650 -975
32299645 5629650 -925
32299668 5629595 -925
32299631 5629650 -875
32299668 5629650 -888
32299488 5629650 -825
32299668 5629373 -25
32299668 5629355 25
32299657 5629650 275
32299668 5629607 275
32299668 5629650 273
32299668 5629650 309
32299668 5629654 -2225
32299668 5629654 -2175
32299664 5629950 -2125
32299668 5629950 -2125
32299668 5629657 -1425
32299668 5629757 -1375
32299668 5629854 -1325
32299668 5629948 -1275
32299534 5629950 -1225
32299668 5629950 -1273
32299395 5629950 -1175
32299668 5629754 -1025
32299668 5629715 -975
32299668 5629677 -925
32299622 5629685 -888
32299555 5629950 -875
32299668 5629950 -891
32299668 5629670 -875
32299584 5629950 -825
32299668 5629744 -825
32299584 5629688 -857
32299668 5629815 -775
32299613 5629950 -775
32299668 5629883 -725
32299668 5629948 -675
32299528 5629950 -625
32299668 5629950 -673
32299374 5629950 -575
32299668 5629664 275
32299668 5629954 -2125
32299668 5629954 -2075
32299663 5630250 -2025
32299668 5630250 -2025
32299664 5630250 -1975
32299668 5630039 -1225
32299668 5630129 -1175
32299668 5630218 -1125
32299587 5630250 -1075
32299668 5630250 -1106
32299458 5630250 -1025
32299668 5630083 -875
32299668 5630049 -825
32299668 5630015 -775
32299668 5629983 -725
32299558 5630250 -675
32299668 5630250 -691
32299668 5630019 -625
32299585 5630250 -625
32299611 5630250 -575
32299668 5630090 -575
32299668 5630159 -525
32299668 5630228 -475
32299521 5630250 -425
32299668 5630250 -459
32299668 5630254 -2025
32299668 5630254 -1975
32299668 5630254 -1925
32299663 5630550 -1875
32299668 5630550 -1875
32299664 5630550 -1825
32299668 5630306 -1075
32299668 5630396 -1025
32299668 5630485 -975
32299637 5630550 -925
32299668 5630550 -938
32299522 5630550 -875
32299400 5630550 -825
32299668 5630377 -675
32299668 5630347 -625
32299668 5630317 -575
32299668 5630288 -525
32299564 5630550 -475
32299668 5630550 -491
32299668 5630300 -425
32299589 5630550 -425
32299668 5630372 -375
32299612 5630550 -375
32299668 5630441 -325
32299668 5630507 -275
32299668 5630550 -241
32299668 5630554 -1875
32299668 5630554 -1825
32299668 5630554 -1775
32299663 5630850 -1725
32299668 5630850 -1725
32299664 5630850 -1675
32299668 5630576 -925
32299668 5630672 -875
32299668 5630772 -825
32299646 5630850 -775
32299668 5630850 -786
32299551 5630850 -725
32299450 5630850 -675
32299668 5630668 -475
32299668 5630642 -425
32299668 5630617 -375
32299668 5630592 -325
32299571 5630850 -275
32299668 5630850 -290
32299668 5630574 -225
32299593 5630850 -225
32299614 5630850 -175
32299668 5630649 -175
32299668 5630723 -125
32299668 5630797 -75
32299668 5630850 -41
32299668 5630854 -1725
32299668 5630854 -1675
32299668 5630854 -1625
32299663 5631150 -1575
32299668 5631150 -1575
32299664 5631150 -1525
32299668 5630872 -775
32299668 5630970 -725
32299668 5631072 -675
32299647 5631150 -625
32299668 5631150 -637
32299563 5631150 -575
32299477 5631150 -525
32299388 5631150 -475
32299668 5630955 -275
32299668 5630932 -225
32299668 5630909 -175
32299668 5630886 -125
32299610 5631150 -75
32299668 5631150 -83
32299668 5630923 -25
32299644 5631150 -25
32299668 5631150 10
32299668 5631154 -1575
32299668 5631154 -1525
32299668 5631154 -1475
32299668 5631154 -1425
32299663 5631450 -1375
32299668 5631450 -1375
32299664 5631450 -1325
32299668 5631166 -625
32299668 5631232 -575
32299668 5631300 -525
32299668 5631370 -475
32299668 5631445 -425
32299597 5631450 -375
32299668 5631450 -422
32299521 5631450 -325
32299445 5631450 -275
32299370 5631450 -225
32299668 5631211 -75
32299668 5631176 -25
32299653 5631450 125
32299668 5631410 125
32299668 5631450 116
32299668 5631450 141
32299436 5631450 275
32299668 5631454 -1375
32299668 5631454 -1325
32299668 5631454 -1275
32299668 5631453 -1225
32299663 5631750 -1175
32299668 5631750 -1175
32299664 5631750 -1125
32299668 5631510 -375
32299668 5631577 -325
32299668 5631647 -275
32299668 5631719 -225
32299624 5631750 -175
32299668 5631750 -204
32299551 5631750 -125
32299479 5631750 -75
32299408 5631750 -25
32299668 5631464 125
32299668 5631750 272
32299644 5631750 275
32299668 5631710 275
32299668 5631750 298
32299482 5631750 425
32299402 5631750 475
32299668 5631754 -1175
32299668 5631754 -1125
32299668 5631754 -1075
32299668 5631753 -1025
32299664 5632050 -975
32299668 5632050 -975
32299664 5632050 -925
32299663 5632050 -875
32299668 5631792 -175
32299668 5631881 -125
32299668 5631964 -75
32299668 5632047 -25
32299589 5632050 25
32299668 5632050 -23
32299506 5632050 75
32299420 5632050 125
32299668 5631771 275
32299668 5632050 419
32299623 5632050 425
32299668 5631964 425
32299668 5632050 472
32299668 5632054 -975
32299668 5632054 -925
32299668 5632054 -875
32299668 5632053 -825
32299668 5632053 -775
32299664 5632350 -725
32299668 5632350 -725
32299664 5632350 -675
32299668 5632136 25
32299668 5632228 75
32299668 5632321 125
32299577 5632350 175
32299668 5632350 139
32299443 5632350 225
32299668 5632093 425
32299668 5632354 -725
32299668 5632353 -675
32299668 5632353 -625
32299668 5632353 -575
32299668 5632405 -525
32299665 5632650 -475
32299668 5632650 -484
32299665 5632650 -425
32299668 5632457 175
32299668 5632612 225
32299508 5632650 275
32299668 5632650 237
32299668 5632653 -475
32299668 5632653 -425
32299668 5632653 -375
32299668 5632652 -325
32299668 5632652 -275
32299665 5632950 -225
32299668 5632950 -225
32299665 5632950 -175
32299663 5632950 -125
32299668 5632753 275
32299668 5632886 325
32299569 5632950 375
32299668 5632950 349
32299383 5632950 425
32299668 5632952 -225
32299668 5632952 -175
32299668 5632952 -125
32299668 5632952 -75
32299668 5632951 -25
32299666 5633250 25
32299668 5633250 24
32299666 5633250 75
32299666 5633250 125
32299668 5632994 375
32299668 5633079 425
32299668 5633162 475
32299668 5633252 25
32299668 5633252 75
32299668 5633251 125
32299668 5633251 175
32299668 5633251 225
32299666 5633550 275
32299668 5633550 274
32299666 5633550 325
32299666 5633550 375
32299668 5633552 275
32299668 5633552 325
32299668 5633551 375
32299668 5633551 425
32299668 5633551 475
32299969 5623650 -2726
32299969 5623950 -2726
32299869 5623650 -425
32299969 5623950 -458
32299969 5623738 -425
32299969 5623650 -409
32299969 5624250 -2726
32299964 5624250 -475
32299969 5624250 -475
32299969 5624243 -475
32299969 5624550 -2726
32299969 5624266 -475
32299736 5624550 -425
32299969 5624550 -468
32299969 5624850 -2726
32299842 5624850 -425
32299969 5624850 -461
32299674 5624850 -375
32299969 5625150 -2725
32299960 5625150 -475
32299969 5625150 -478
32299969 5625090 -475
32299823 5625150 -425
32299694 5625150 -375
32299969 5625450 -2725
32299917 5625450 -475
32299969 5625450 -494
32299788 5625450 -425
32299969 5625750 -2725
32299938 5625750 -475
32299969 5625750 -484
32299779 5625750 -425
32299969 5626050 -2725
32299969 5625869 -475
32299737 5626050 -425
32299969 5626050 -457
32299969 5626350 -2725
32299969 5626350 -456
32299969 5626650 -2725
32299969 5626650 -499
32299969 5626470 -475
32299965 5626950 -2725
32299969 5626950 -2725
32299889 5626950 -525
32299969 5626950 -534
32299969 5626860 -525
32299969 5626954 -2725
32299969 5627250 -2675
32299731 5627250 -1525
32299969 5627250 -1538
32299969 5627245 -1525
32299683 5627250 -1475
32299969 5627250 -1524
32299700 5627250 -1425
32299946 5627250 -525
32299969 5627250 -529
32299687 5627250 -475
32299891 5627550 -2675
32299969 5627550 -2675
32299831 5627550 -1525
32299969 5627550 -1532
32299969 5627531 -1475
32299969 5627515 -1425
32299718 5627550 -1375
32299969 5627550 -1418
32299731 5627550 -1325
32299747 5627550 -1275
32299969 5627313 -525
32299969 5627550 -508
32299969 5627555 -2675
32299969 5627850 -2625
32299969 5627695 -1525
32299969 5627850 -1517
32299969 5627799 -1375
32299969 5627786 -1325
32299969 5627770 -1275
32299969 5627755 -1225
32299775 5627850 -1175
32299969 5627850 -1208
32299791 5627850 -1125
32299969 5627850 -512
32299965 5628150 -2625
32299969 5628150 -2625
32299685 5628150 -1875
32299778 5628150 -1475
32299969 5628150 -1488
32299969 5628045 -1175
32299969 5628029 -1125
32299969 5628013 -1075
32299816 5628150 -1025
32299969 5628150 -1051
32299832 5628150 -975
32299845 5628150 -925
32299760 5628150 -525
32299969 5628150 -517
32299969 5628154 -2625
32299965 5628450 -2575
32299969 5628450 -2575
32299969 5628447 -1875
32299946 5628450 -1875
32299969 5628450 -1877
32299969 5628419 -1825
32299721 5628450 -1775
32299969 5628450 -1819
32299760 5628450 -1725
32299969 5628240 -1475
32299790 5628450 -1425
32299969 5628450 -1442
32299969 5628308 -1025
32299969 5628292 -975
32299969 5628275 -925
32299969 5628260 -875
32299865 5628450 -825
32299969 5628450 -843
32299880 5628450 -775
32299969 5628450 -485
32299969 5628454 -2575
32299965 5628750 -2525
32299969 5628750 -2525
32299969 5628463 -1875
32299969 5628689 -1825
32299763 5628692 -1795
32299969 5628716 -1775
32299969 5628750 -1815
32299694 5628750 -1775
32299969 5628675 -1725
32299743 5628750 -1675
32299969 5628750 -1713
32299782 5628750 -1625
32299820 5628750 -1575
32299969 5628528 -1425
32299969 5628746 -1375
32299969 5628750 -1374
32299969 5628561 -825
32299969 5628544 -775
32299969 5628528 -725
32299969 5628511 -675
32299901 5628750 -625
32299969 5628750 -636
32299916 5628750 -575
32299923 5628750 -525
32299969 5628486 -475
32299969 5628663 -425
32299969 5628750 -399
32299969 5628754 -2525
32299965 5629050 -2475
32299969 5629050 -2475
32299969 5628902 -1775
32299917 5629050 -1725
32299969 5629050 -1734
32299969 5628999 -1675
32299969 5628957 -1625
32299969 5628916 -1575
32299787 5629050 -1525
32299969 5629050 -1554
32299824 5629050 -1475
32299862 5629050 -1425
32299969 5628905 -1325
32299956 5629050 -1275
32299969 5629050 -1277
32299692 5629050 -1225
32299969 5628826 -625
32299969 5628809 -575
32299969 5628792 -525
32299969 5628775 -475
32299969 5628758 -425
32299969 5628800 -375
32299969 5629050 -381
32299933 5629050 -375
32299947 5629050 -325
32299969 5628900 -325
32299969 5628995 -275
32299969 5629050 -246
32299969 5629054 -2475
32299969 5629054 -2425
32299965 5629350 -2375
32299969 5629350 -2375
32299969 5629079 -1725
32299969 5629229 -1675
32299932 5629350 -1625
32299969 5629350 -1633
32299714 5629350 -1575
32299969 5629258 -1525
32299969 5629216 -1475
32299969 5629174 -1425
32299819 5629350 -1375
32299969 5629350 -1398
32299846 5629350 -1325
32299969 5629056 -1275
32299881 5629350 -1275
32299969 5629176 -1225
32299969 5629290 -1175
32299876 5629350 -1125
32299969 5629350 -1148
32299675 5629350 -1075
32299969 5629093 -375
32299969 5629076 -325
32299969 5629059 -275
32299938 5629350 -125
32299969 5629207 -125
32299969 5629350 -130
32299951 5629350 -75
32299969 5629267 -75
32299969 5629327 -25
32299771 5629350 25
32299969 5629350 -5
32299969 5629354 -2375
32299965 5629650 -2325
32299969 5629650 -2325
32299965 5629650 -2275
32299969 5629371 -1625
32299969 5629495 -1575
32299969 5629616 -1525
32299838 5629650 -1475
32299969 5629650 -1510
32299969 5629527 -1375
32299969 5629495 -1325
32299969 5629454 -1275
32299969 5629413 -1225
32299845 5629650 -1175
32299969 5629650 -1194
32299969 5629395 -1125
32299878 5629650 -1125
32299911 5629650 -1075
32299969 5629488 -1075
32299969 5629577 -1025
32299945 5629650 -975
32299969 5629650 -982
32299785 5629650 -925
32299969 5629387 -125
32299969 5629371 -75
32299969 5629356 -25
32299949 5629650 125
32299969 5629546 125
32299969 5629650 121
32299966 5629650 175
32299969 5629631 175
32299969 5629650 185
32299758 5629650 275
32299969 5629654 -2325
32299969 5629654 -2275
32299965 5629950 -2225
32299969 5629950 -2225
32299965 5629950 -2175
32299969 5629727 -1475
32299969 5629832 -1425
32299969 5629933 -1375
32299833 5629950 -1325
32299969 5629950 -1366
32299671 5629950 -1275
32299969 5629798 -1175
32299969 5629759 -1125
32299969 5629720 -1075
32299829 5629950 -1025
32299969 5629950 -1046
32299969 5629662 -975
32299859 5629950 -975
32299888 5629950 -925
32299969 5629741 -925
32299904 5629677 -961
32299969 5629816 -875
32299755 5629702 -892
32299969 5629887 -825
32299957 5629950 -775
32299969 5629950 -779
32299814 5629950 -725
32299672 5629950 -675
32299969 5629673 125
32299969 5629654 175
32299955 5629950 375
32299969 5629895 375
32299969 5629950 372
32299969 5629950 414
32299969 5629954 -2225
32299969 5629954 -2175
32299969 5630036 -2125
32299965 5630250 -2075
32299969 5630250 -2090
32299969 5630030 -1325
32299969 5630124 -1275
32299969 5630215 -1225
32299877 5630250 -1175
32299969 5630250 -1205
32299724 5630250 -1125
32299969 5630118 -1025
32299969 5630083 -975
32299969 5630048 -925
32299969 5630014 -875
32299832 5630250 -825
32299969 5630250 -846
32299969 5629956 -775
32299858 5630250 -775
32299883 5630250 -725
32299969 5630023 -725
32299934 5629966 -767
32299969 5630088 -675
32299969 5630149 -625
32299969 5630206 -575
32299933 5630250 -525
32299969 5630250 -535
32299737 5630250 -475
32299969 5629966 375
32299969 5630254 -2075
32299969 5630254 -2025
32299965 5630550 -1975
32299969 5630550 -1975
32299965 5630550 -1925
32299969 5630305 -1175
32299969 5630394 -1125
32299969 5630481 -1075
32299939 5630550 -1025
32299969 5630550 -1035
32299786 5630550 -975
32299969 5630414 -825
32299969 5630385 -775
32299969 5630356 -725
32299969 5630327 -675
32299830 5630550 -625
32299969 5630550 -647
32299852 5630550 -575
32299969 5630262 -525
32299871 5630550 -525
32299969 5630320 -475
32299969 5630374 -425
32299969 5630426 -375
32299969 5630475 -325
32299969 5630522 -275
32299969 5630550 -245
32299969 5630554 -1975
32299969 5630554 -1925
32299969 5630554 -1875
32299965 5630850 -1825
32299969 5630850 -1825
32299965 5630850 -1775
32299969 5630568 -1025
32299969 5630656 -975
32299969 5630745 -925
32299969 5630834 -875
32299823 5630850 -825
32299969 5630850 -865
32299969 5630717 -625
32299969 5630693 -575
32299969 5630671 -525
32299969 5630649 -475
32299831 5630850 -425
32299969 5630850 -448
32299848 5630850 -375
32299864 5630850 -325
32299969 5630574 -225
32299969 5630635 -175
32299969 5630695 -125
32299969 5630756 -75
32299782 5630850 -25
32299969 5630816 -25
32299969 5630850 2
32299969 5630854 -1825
32299969 5630854 -1775
32299969 5630854 -1725
32299965 5631150 -1675
32299969 5631150 -1675
32299965 5631150 -1625
32299969 5630920 -825
32299969 5631007 -775
32299969 5631096 -725
32299871 5631150 -675
32299969 5631150 -695
32299969 5631015 -425
32299969 5630995 -375
32299969 5630975 -325
32299969 5630956 -275
32299852 5631150 -225
32299969 5631150 -245
32299872 5631150 -175
32299893 5631150 -125
32299969 5631150 19
32299969 5631154 -1675
32299969 5631154 -1625
32299969 5631154 -1575
32299969 5631159 -1525
32299965 5631450 -1475
32299969 5631450 -1476
32299965 5631450 -1425
32299969 5631181 -675
32299969 5631260 -625
32299969 5631343 -575
32299969 5631435 -525
32299838 5631450 -475
32299969 5631450 -517
32299678 5631450 -425
32299969 5631278 -225
32299969 5631254 -175
32299969 5631231 -125
32299888 5631450 -75
32299969 5631450 -87
32299921 5631450 -25
32299969 5631203 25
32299955 5631450 25
32299969 5631450 46
32299723 5631450 125
32299969 5631454 -1475
32299969 5631454 -1425
32299969 5631454 -1375
32299965 5631750 -1325
32299969 5631750 -1325
32299965 5631750 -1275
32299965 5631750 -1225
32299969 5631534 -475
32299969 5631642 -425
32299958 5631750 -375
32299969 5631750 -381
32299870 5631750 -325
32299785 5631750 -275
32299702 5631750 -225
32299969 5631530 -75
32299969 5631497 -25
32299969 5631464 25
32299969 5631750 69
32299926 5631750 75
32299969 5631556 75
32299969 5631750 122
32299709 5631750 275
32299969 5631754 -1325
32299969 5631754 -1275
32299969 5631754 -1225
32299969 5631753 -1175
32299969 5631995 -1125
32299965 5632050 -1075
32299969 5632050 -1117
32299965 5632050 -1025
32299969 5631760 -375
32299969 5631847 -325
32299969 5631934 -275
32299969 5632021 -225
32299919 5632050 -175
32299969 5632050 -208
32299830 5632050 -125
32299750 5632050 -75
32299671 5632050 -25
32299969 5631794 75
32299969 5632050 271
32299941 5632050 275
32299969 5631999 275
32299969 5632050 304
32299756 5632050 425
32299969 5632054 -1075
32299969 5632054 -1025
32299969 5632053 -975
32299969 5632053 -925
32299965 5632350 -875
32299969 5632350 -875
32299966 5632350 -825
32299966 5632350 -775
32299969 5632106 -175
32299969 5632189 -125
32299969 5632269 -75
32299969 5632347 -25
32299882 5632350 25
32299969 5632350 -23
32299791 5632350 75
32299697 5632350 125
32299969 5632077 275
32299969 5632350 419
32299928 5632350 425
32299969 5632264 425
32299969 5632350 469
32299969 5632354 -875
32299969 5632353 -825
32299969 5632353 -775
32299969 5632353 -725
32299969 5632353 -675
32299966 5632650 -625
32299969 5632650 -625
32299966 5632650 -575
32299916 5632650 -525
32299969 5632458 25
32299969 5632576 75
32299925 5632650 125
32299969 5632650 105
32299812 5632650 175
32299697 5632650 225
32299969 5632388 425
32299969 5632653 -625
32299969 5632653 -575
32299969 5632653 -525
32299969 5632652 -475
32299969 5632682 -425
32299966 5632950 -375
32299969 5632950 -381
32299966 5632950 -325
32299967 5632950 -275
32299969 5632692 125
32299969 5632801 175
32299969 5632911 225
32299878 5632950 275
32299969 5632950 242
32299736 5632950 325
32299969 5632953 -375
32299969 5632952 -325
32299969 5632952 -275
32299969 5632952 -225
32299969 5633054 -175
32299967 5633250 -125
32299969 5633250 -145
32299967 5633250 -75
32299967 5633250 -25
32299969 5633005 275
32299969 5633091 325
32299969 5633175 375
32299954 5633250 425
32299969 5633250 419
32299814 5633250 475
32299969 5633252 -125
32299969 5633252 -75
32299969 5633252 -25
32299969 5633251 25
32299968 5633550 75
32299969 5633550 74
32299967 5633550 125
32299967 5633550 175
32299967 5633550 225
32299969 5633257 425
32299969 5633324 475
32299969 5633551 75
32299969 5633552 125
32299969 5633552 175
32299969 5633552 225
32299969 5633551 275
32299967 5633850 325
32299969 5633850 324
32299967 5633850 375
32299967 5633850 425
32299967 5633850 475
32299969 5633852 325
32299969 5633852 375
32299969 5633852 425
32299969 5633852 475
32300271 5623650 -2726
32300271 5623950 -2726
32300125 5623950 -425
32300271 5623950 -390
32300271 5623882 -375
32300088 5623650 -375
32300240 5623650 -325
32300271 5623688 -325
32300271 5623650 -314
32300271 5624250 -2726
32299974 5624250 -475
32300271 5624250 -448
32300271 5624124 -425
32300271 5624550 -2726
32300271 5624421 -475
32300044 5624550 -475
32300271 5624550 -495
32300271 5624850 -2726
32300208 5624850 -525
32300271 5624850 -540
32300271 5624750 -525
32300016 5624850 -475
32300271 5625150 -2725
32300237 5625150 -575
32300271 5625150 -585
32300271 5625078 -575
32300093 5625150 -525
32300271 5625450 -2725
32300163 5625450 -575
32300271 5625450 -616
32300040 5625450 -525
32300271 5625750 -2725
32300166 5625750 -575
32300271 5625750 -618
32300054 5625750 -525
32300271 5626050 -2725
32300219 5626050 -575
32300271 5626050 -596
32300106 5626050 -525
32300003 5626050 -475
32300271 5626350 -2725
32300271 5626323 -575
32300141 5626350 -525
32300271 5626350 -572
32300014 5626350 -475
32300271 5626650 -2725
32300072 5626650 -525
32300271 5626650 -574
32300271 5626950 -2725
32300171 5626950 -575
32300271 5626950 -595
32300271 5626651 -575
32300266 5627250 -2725
32300271 5627250 -2725
32299974 5627250 -1525
32300185 5627250 -575
32300271 5627250 -592
32300271 5627254 -2725
32300271 5627550 -2675
32300271 5627550 -1552
32300271 5627540 -1525
32299989 5627550 -1475
32300271 5627550 -1523
32300005 5627550 -1425
32300271 5627419 -575
32300063 5627550 -525
32300271 5627550 -560
32300265 5627850 -2675
32300271 5627850 -2675
32300097 5627850 -1525
32300271 5627850 -1535
32300271 5627829 -1475
32300271 5627812 -1425
32300271 5627796 -1375
32300033 5627850 -1325
32300271 5627850 -1365
32300050 5627850 -1275
32300066 5627850 -1225
32300238 5627850 -525
32300271 5627850 -526
32300271 5627854 -2675
32300271 5628150 -2625
32300271 5627966 -1525
32300271 5628150 -1508
32300271 5628088 -1325
32300271 5628071 -1275
32300271 5628055 -1225
32300271 5628039 -1175
32300090 5628150 -1125
32300271 5628150 -1156
32300106 5628150 -1075
32300271 5627882 -525
32300271 5628150 -512
32300266 5628450 -2625
32300271 5628450 -2625
32299971 5628450 -1875
32299998 5628450 -1825
32300271 5628396 -1475
32300271 5628450 -1467
32300271 5628334 -1125
32300271 5628318 -1075
32300271 5628302 -1025
32300124 5628450 -975
32300271 5628450 -1000
32300140 5628450 -925
32300155 5628450 -875
32300271 5628450 -495
32300271 5628454 -2625
32300266 5628750 -2575
32300271 5628750 -2575
32300271 5628750 -1849
32300271 5628730 -1825
32300052 5628750 -1825
32300271 5628750 -1821
32300000 5628750 -1775
32300038 5628750 -1725
32300271 5628668 -1425
32299977 5628750 -1375
32300271 5628750 -1408
32300271 5628602 -975
32300271 5628586 -925
32300271 5628570 -875
32300271 5628554 -825
32300177 5628750 -775
32300271 5628750 -790
32300181 5628750 -725
32300197 5628750 -675
32300271 5628568 -475
32300135 5628750 -425
32300271 5628750 -444
32300271 5628754 -2575
32300266 5629050 -2525
32300271 5629050 -2525
32300271 5628856 -1825
32300271 5629050 -1779
32300271 5629046 -1775
32300240 5629050 -1775
32300271 5629005 -1725
32300271 5628965 -1675
32300053 5629050 -1625
32300271 5629050 -1661
32300090 5629050 -1575
32300271 5628875 -1375
32300259 5629050 -1325
32300271 5629050 -1326
32300271 5628850 -775
32300271 5628845 -725
32300271 5628828 -675
32300271 5628811 -625
32300271 5628794 -575
32300209 5629050 -525
32300271 5629050 -535
32300225 5629050 -475
32300271 5628802 -425
32300240 5629050 -425
32300271 5628935 -375
32300251 5629050 -325
32300271 5629050 -330
32300068 5629050 -275
32300271 5629054 -2525
32300271 5629054 -2475
32300266 5629350 -2425
32300271 5629350 -2425
32300271 5629065 -1775
32300271 5629235 -1725
32300188 5629350 -1675
32300271 5629350 -1690
32300271 5629295 -1625
32300271 5629253 -1575
32300271 5629212 -1525
32300087 5629350 -1475
32300271 5629350 -1504
32300123 5629350 -1425
32300271 5629055 -1325
32300271 5629194 -1275
32300271 5629328 -1225
32300085 5629350 -1175
32300271 5629350 -1216
32300271 5629117 -525
32300271 5629100 -475
32300271 5629083 -425
32300271 5629065 -375
32300232 5629350 -275
32300271 5629146 -275
32300271 5629350 -281
32300271 5629229 -225
32300247 5629350 -225
32300263 5629350 -175
32300271 5629311 -175
32300212 5629350 -125
32300271 5629350 -150
32300104 5629350 -75
32300006 5629350 -25
32300271 5629354 -2425
32300266 5629650 -2375
32300271 5629650 -2375
32300271 5629394 -1675
32300271 5629532 -1625
32300244 5629650 -1575
32300271 5629650 -1580
32300030 5629650 -1525
32300271 5629562 -1475
32300271 5629520 -1425
32300271 5629479 -1375
32300101 5629650 -1325
32300271 5629650 -1351
32300136 5629650 -1275
32300170 5629650 -1225
32300271 5629442 -1175
32300271 5629547 -1125
32300271 5629648 -1075
32300106 5629650 -1025
32300271 5629650 -1074
32300271 5629391 -275
32300271 5629375 -225
32300271 5629358 -175
32300249 5629650 -25
32300271 5629548 -25
32300271 5629650 -28
32300271 5629626 25
32300266 5629650 25
32300271 5629650 40
32300100 5629650 125
32299993 5629650 175
32300271 5629654 -2375
32300271 5629654 -2325
32300266 5629950 -2275
32300271 5629950 -2275
32300271 5629664 -1575
32300271 5629781 -1525
32300271 5629894 -1475
32300179 5629950 -1425
32300271 5629950 -1449
32299998 5629950 -1375
32300271 5629849 -1325
32300271 5629809 -1275
32300271 5629769 -1225
32300097 5629950 -1175
32300271 5629950 -1201
32300129 5629950 -1125
32300160 5629950 -1075
32300271 5629737 -1025
32300271 5629822 -975
32300271 5629903 -925
32300215 5629950 -875
32300271 5629950 -895
32300083 5629950 -825
32300271 5629672 -25
32300271 5629655 25
32300271 5629950 224
32300270 5629950 225
32300271 5629945 225
32300271 5629950 228
32300040 5629950 375
32300271 5629954 -2275
32300271 5629954 -2225
32300266 5630250 -2175
32300271 5630250 -2175
32300179 5630250 -2125
32300271 5630000 -1425
32300271 5630100 -1375
32300271 5630197 -1325
32300197 5630250 -1275
32300271 5630250 -1296
32300032 5630250 -1225
32300271 5630157 -1175
32300271 5630119 -1125
32300271 5630082 -1075
32300271 5630045 -1025
32300108 5630250 -975
32300271 5630250 -999
32300136 5630250 -925
32300271 5629980 -875
32300163 5630250 -875
32300271 5630052 -825
32300271 5630120 -775
32300271 5630184 -725
32300271 5630245 -675
32300161 5630250 -625
32300271 5630250 -671
32300051 5630250 -575
32300271 5629951 225
32300271 5630250 420
32300243 5630250 425
32300271 5630158 425
32300262 5630250 475
32300271 5630221 475
32300271 5630254 -2175
32300271 5630254 -2125
32300266 5630550 -2075
32300271 5630550 -2075
32300266 5630550 -2025
32300271 5630290 -1275
32300271 5630379 -1225
32300271 5630465 -1175
32300271 5630548 -1125
32300105 5630550 -1075
32300271 5630550 -1124
32300271 5630447 -975
32300271 5630414 -925
32300271 5630381 -875
32300271 5630349 -825
32300104 5630550 -775
32300271 5630550 -800
32300127 5630550 -725
32300150 5630550 -675
32300271 5630306 -625
32300271 5630363 -575
32300271 5630417 -525
32300271 5630468 -475
32300271 5630517 -425
32300234 5630550 -375
32300271 5630550 -390
32300124 5630550 -325
32300024 5630550 -275
32300271 5630279 425
32300271 5630258 475
32300271 5630554 -2075
32300271 5630554 -2025
32300271 5630554 -1975
32300266 5630850 -1925
32300271 5630850 -1925
32300266 5630850 -1875
32300271 5630630 -1075
32300271 5630711 -1025
32300271 5630789 -975
32300229 5630850 -925
32300271 5630850 -934
32300010 5630850 -875
32300271 5630754 -775
32300271 5630727 -725
32300271 5630700 -675
32300122 5630850 -625
32300271 5630850 -649
32300097 5630850 -575
32300115 5630850 -525
32300133 5630850 -475
32300271 5630567 -375
32300271 5630621 -325
32300271 5630676 -275
32300271 5630755 -225
32300271 5630814 -175
32300225 5630850 -125
32300271 5630850 -145
32300119 5630850 -75
32300022 5630850 -25
32300271 5630854 -1925
32300271 5630854 -1875
32300271 5630854 -1825
32300266 5631150 -1775
32300271 5631150 -1775
32300266 5631150 -1725
32300271 5630865 -925
32300271 5630941 -875
32300271 5631017 -825
32300271 5631092 -775
32300190 5631150 -725
32300271 5631150 -736
32300271 5631056 -625
32300271 5631053 -575
32300271 5631030 -525
32300271 5631009 -475
32300087 5631150 -425
32300271 5631150 -455
32300106 5631150 -375
32300125 5631150 -325
32300144 5631150 -275
32300271 5630882 -125
32300271 5630966 -75
32300271 5631054 -25
32300271 5631147 25
32300207 5631150 25
32300271 5631150 26
32300271 5631154 -1775
32300271 5631154 -1725
32300271 5631154 -1675
32300266 5631450 -1625
32300271 5631450 -1625
32300266 5631450 -1575
32300260 5631450 -1525
32300271 5631172 -725
32300271 5631270 -675
32300271 5631378 -625
32300198 5631450 -575
32300271 5631450 -594
32300000 5631450 -525
32300271 5631358 -425
32300271 5631333 -375
32300271 5631310 -325
32300271 5631287 -275
32300131 5631450 -225
32300271 5631450 -249
32300156 5631450 -175
32300181 5631450 -125
32300271 5631450 46
32300271 5631454 -1625
32300271 5631454 -1575
32300271 5631454 -1525
32300271 5631454 -1475
32300266 5631750 -1425
32300271 5631750 -1425
32300266 5631750 -1375
32300271 5631489 -575
32300271 5631597 -525
32300271 5631725 -475
32300126 5631750 -425
32300271 5631750 -466
32300271 5631598 -225
32300271 5631570 -175
32300271 5631542 -125
32300186 5631750 -75
32300271 5631750 -88
32300223 5631750 -25
32300261 5631750 25
32300135 5631750 75
32300271 5631750 37
32300271 5631754 -1425
32300271 5631754 -1375
32300271 5631754 -1325
32300271 5631753 -1275
32300266 5632050 -1225
32300271 5632050 -1225
32300266 5632050 -1175
32300022 5632050 -1125
32300271 5631848 -425
32300271 5631976 -375
32300218 5632050 -325
32300271 5632050 -348
32300107 5632050 -275
32300002 5632050 -225
32300271 5631837 -75
32300271 5631798 -25
32300271 5631759 25
32300219 5632050 75
32300271 5631872 75
32300271 5632050 68
32300271 5632034 125
32300266 5632050 125
32300271 5632050 129
32300021 5632050 275
32300271 5632054 -1225
32300271 5632054 -1175
32300271 5632053 -1125
32300271 5632053 -1075
32300266 5632350 -1025
32300271 5632350 -1025
32300267 5632350 -975
32300267 5632350 -925
32300271 5632102 -325
32300271 5632216 -275
32300271 5632330 -225
32300200 5632350 -175
32300271 5632350 -216
32300119 5632350 -125
32300043 5632350 -75
32299971 5632350 -25
32300271 5632098 75
32300271 5632054 125
32300271 5632350 274
32300263 5632350 275
32300271 5632335 275
32300271 5632350 282
32300046 5632350 425
32300271 5632354 -1025
32300271 5632353 -975
32300271 5632353 -925
32300271 5632353 -875
32300271 5632353 -825
32300267 5632650 -775
32300271 5632650 -775
32300267 5632650 -725
32300267 5632650 -675
32300271 5632441 -175
32300271 5632554 -125
32300257 5632650 -75
32300271 5632650 -83
32300174 5632650 -25
32300094 5632650 25
32300016 5632650 75
32300271 5632355 275
32300271 5632653 -775
32300271 5632653 -725
32300271 5632653 -675
32300271 5632652 -625
32300267 5632950 -575
32300271 5632950 -575
32300267 5632950 -525
32300268 5632950 -475
32300237 5632950 -425
32300271 5632664 -75
32300271 5632748 -25
32300271 5632831 25
32300271 5632912 75
32300216 5632950 125
32300271 5632950 98
32300112 5632950 175
32300007 5632950 225
32300271 5632953 -575
32300271 5632953 -525
32300271 5632952 -475
32300271 5632952 -425
32300271 5632952 -375
32300267 5633250 -325
32300271 5633250 -325
32300268 5633250 -275
32300268 5633250 -225
32300157 5633250 -175
32300271 5632988 125
32300271 5633062 175
32300271 5633136 225
32300271 5633209 275
32300211 5633250 325
32300271 5633250 302
32300082 5633250 375
32300271 5633253 -325
32300271 5633252 -275
32300271 5633252 -225
32300271 5633252 -175
32300271 5633252 -125
32300268 5633550 -75
32300271 5633550 -75
32300268 5633550 -25
32300268 5633550 25
32300271 5633281 325
32300271 5633351 375
32300271 5633420 425
32300271 5633488 475
32300271 5633552 -75
32300271 5633552 -25
32300271 5633552 25
32300271 5633552 75
32300271 5633551 125
32300268 5633850 175
32300271 5633850 174
32300268 5633850 225
32300268 5633850 275
32300271 5633852 175
32300271 5633852 225
32300271 5633852 275
32300271 5633852 325
32300271 5633851 375
32300268 5634150 425
32300271 5634150 424
32300268 5634150 475
32300271 5634153 425
32300271 5634152 475
32300572 5623650 -2726
32300572 5623950 -2726
32300320 5623950 -375
32300464 5623950 -325
32300572 5623950 -283
32300572 5623910 -275
32300390 5623650 -275
32300536 5623650 -225
32300572 5623700 -225
32300572 5623650 -212
32300572 5624250 -2726
32300374 5624250 -425
32300572 5624250 -376
32300572 5624246 -375
32300572 5624079 -325
32300572 5624550 -2726
32300572 5624550 -481
32300572 5624531 -475
32300572 5624384 -425
32300572 5624850 -2726
32300537 5624850 -575
32300572 5624850 -579
32300572 5624836 -575
32300572 5624680 -525
32300572 5625150 -2726
32300420 5625150 -625
32300572 5625150 -661
32300572 5625015 -625
32300572 5625450 -2725
32300434 5625450 -675
32300572 5625450 -719
32300572 5625219 -675
32300294 5625450 -625
32300572 5625750 -2725
32300511 5625750 -725
32300572 5625750 -748
32300572 5625507 -725
32300391 5625750 -675
32300284 5625750 -625
32300572 5626050 -2725
32300517 5626050 -725
32300572 5626050 -748
32300411 5626050 -675
32300318 5626050 -625
32300572 5626350 -2725
32300560 5626350 -725
32300572 5626350 -730
32300452 5626350 -675
32300357 5626350 -625
32300274 5626350 -575
32300572 5626650 -2725
32300572 5626431 -725
32300484 5626650 -675
32300572 5626650 -710
32300371 5626650 -625
32300271 5626650 -575
32300572 5626950 -2725
32300502 5626950 -675
32300572 5626950 -697
32300354 5626950 -625
32300572 5627250 -2725
32300559 5627250 -675
32300572 5627250 -678
32300380 5627250 -625
32300567 5627550 -2725
32300572 5627550 -2725
32300280 5627550 -1525
32300572 5627279 -675
32300511 5627550 -625
32300572 5627550 -640
32300323 5627550 -575
32300572 5627554 -2725
32300572 5627850 -2675
32300572 5627850 -1556
32300572 5627838 -1525
32300572 5627821 -1475
32300308 5627850 -1425
32300572 5627850 -1470
32300325 5627850 -1375
32300572 5627638 -625
32300519 5627850 -575
32300572 5627850 -584
32300567 5628150 -2675
32300572 5628150 -2675
32300508 5628150 -1525
32300572 5628150 -1529
32300572 5628113 -1425
32300572 5628096 -1375
32300572 5628079 -1325
32300349 5628150 -1275
32300572 5628150 -1313
32300365 5628150 -1225
32300382 5628150 -1175
32300572 5627915 -575
32300424 5628150 -525
32300572 5628150 -537
32300572 5628154 -2675
32300572 5628450 -2625
32300572 5628185 -1525
32300359 5628450 -1475
32300572 5628450 -1492
32300572 5628375 -1275
32300572 5628358 -1225
32300572 5628341 -1175
32300572 5628325 -1125
32300401 5628450 -1075
32300572 5628450 -1104
32300417 5628450 -1025
32300572 5628317 -525
32300572 5628450 -515
32300572 5628750 -2625
32300572 5628750 -2625
32300289 5628750 -1825
32300572 5628554 -1475
32300416 5628750 -1425
32300572 5628750 -1441
32300572 5628624 -1075
32300572 5628607 -1025
32300572 5628591 -975
32300572 5628575 -925
32300447 5628750 -875
32300572 5628750 -895
32300463 5628750 -825
32300478 5628750 -475
32300572 5628750 -488
32300572 5628750 -2625
32300567 5629050 -2575
32300572 5629050 -2575
32300274 5629050 -1775
32300312 5629050 -1725
32300348 5629050 -1675
32300572 5628825 -1425
32300572 5629043 -1375
32300572 5629050 -1373
32300572 5628879 -875
32300572 5628862 -825
32300572 5628845 -775
32300572 5628829 -725
32300485 5629050 -675
32300572 5629050 -689
32300501 5629050 -625
32300518 5629050 -575
32300572 5628806 -475
32300572 5629014 -425
32300421 5629050 -375
32300572 5629050 -416
32300572 5629054 -2575
32300572 5629054 -2525
32300567 5629350 -2475
32300572 5629350 -2475
32300572 5629350 -1740
32300572 5629337 -1725
32300479 5629350 -1725
32300572 5629296 -1675
32300320 5629350 -1625
32300572 5629350 -1666
32300357 5629350 -1575
32300394 5629350 -1525
32300572 5629210 -1325
32300540 5629350 -1275
32300572 5629350 -1281
32300308 5629350 -1225
32300572 5629141 -675
32300572 5629124 -625
32300572 5629106 -575
32300572 5629089 -525
32300572 5629071 -475
32300523 5629350 -425
32300572 5629350 -432
32300572 5629145 -375
32300540 5629350 -375
32300572 5629253 -325
32300556 5629350 -325
32300566 5629350 -275
32300572 5629350 -277
32300445 5629350 -225
32300327 5629350 -175
32300572 5629354 -2475
32300567 5629650 -2425
32300572 5629650 -2425
32300572 5629398 -1725
32300572 5629554 -1675
32300480 5629650 -1625
32300572 5629650 -1643
32300572 5629634 -1625
32300572 5629592 -1575
32300572 5629551 -1525
32300348 5629650 -1475
32300572 5629650 -1510
32300384 5629650 -1425
32300420 5629650 -1375
32300572 5629367 -1275
32300572 5629494 -1225
32300572 5629617 -1175
32300442 5629650 -1125
32300572 5629650 -1161
32300273 5629650 -1075
32300572 5629401 -425
32300572 5629383 -375
32300572 5629366 -325
32300546 5629650 -175
32300572 5629521 -175
32300572 5629650 -179
32300572 5629600 -125
32300562 5629650 -125
32300572 5629650 -93
32300421 5629650 -25
32300306 5629650 25
32300572 5629654 -2425
32300572 5629654 -2375
32300567 5629950 -2325
32300572 5629950 -2325
32300572 5629699 -1625
32300572 5629828 -1575
32300568 5629950 -1525
32300572 5629950 -1526
32300572 5629907 -1475
32300368 5629950 -1475
32300572 5629866 -1425
32300572 5629825 -1375
32300357 5629950 -1325
32300572 5629950 -1358
32300392 5629950 -1275
32300426 5629950 -1225
32300572 5629724 -1125
32300572 5629823 -1075
32300572 5629917 -1025
32300480 5629950 -975
32300572 5629950 -1007
32300346 5629950 -925
32300572 5629676 -175
32300572 5629660 -125
32300558 5629950 25
32300572 5629870 25
32300572 5629950 22
32300572 5629950 62
32300276 5629950 225
32300572 5629954 -2325
32300572 5629954 -2275
32300567 5630250 -2225
32300572 5630250 -2225
32300572 5629952 -1525
32300572 5630062 -1475
32300572 5630168 -1425
32300536 5630250 -1375
32300572 5630250 -1385
32300572 5630201 -1325
32300364 5630250 -1325
32300572 5630161 -1275
32300572 5630122 -1225
32300572 5630082 -1175
32300381 5630250 -1125
32300572 5630250 -1153
32300412 5630250 -1075
32300443 5630250 -1025
32300572 5630004 -975
32300572 5630084 -925
32300572 5630161 -875
32300572 5630233 -825
32300483 5630250 -775
32300572 5630250 -813
32300376 5630250 -725
32300278 5630250 -675
32300572 5629964 25
32300572 5630235 275
32300572 5630250 249
32300568 5630250 275
32300572 5630250 285
32300384 5630250 425
32300306 5630250 475
32300572 5630254 -2225
32300572 5630254 -2175
32300567 5630550 -2125
32300572 5630550 -2125
32300572 5630269 -1375
32300572 5630363 -1325
32300572 5630454 -1275
32300572 5630541 -1225
32300428 5630550 -1175
32300572 5630550 -1219
32300572 5630478 -1125
32300273 5630550 -1125
32300572 5630441 -1075
32300572 5630405 -1025
32300356 5630550 -975
32300572 5630550 -1007
32300384 5630550 -925
32300411 5630550 -875
32300437 5630550 -825
32300572 5630303 -775
32300572 5630369 -725
32300572 5630432 -675
32300572 5630492 -625
32300571 5630550 -575
32300572 5630550 -575
32300479 5630550 -525
32300395 5630550 -475
32300315 5630550 -425
32300572 5630253 275
32300572 5630550 420
32300541 5630550 425
32300572 5630431 425
32300558 5630550 475
32300572 5630498 475
32300572 5630554 -2125
32300572 5630554 -2075
32300567 5630850 -2025
32300572 5630850 -2025
32300567 5630850 -1975
32300572 5630624 -1175
32300572 5630705 -1125
32300572 5630783 -1075
32300553 5630850 -1025
32300572 5630850 -1030
32300572 5630812 -975
32300394 5630850 -975
32300572 5630778 -925
32300572 5630745 -875
32300572 5630713 -825
32300354 5630850 -775
32300572 5630850 -807
32300379 5630850 -725
32300403 5630850 -675
32300572 5630550 -575
32300572 5630618 -525
32300572 5630684 -475
32300572 5630755 -425
32300572 5630814 -375
32300546 5630850 -325
32300572 5630850 -342
32300475 5630850 -275
32300381 5630850 -225
32300311 5630850 -175
32300572 5630582 425
32300572 5630564 475
32300572 5630854 -2025
32300572 5630854 -1975
32300572 5630854 -1925
32300567 5631150 -1875
32300572 5631150 -1875
32300567 5631150 -1825
32300572 5630860 -1025
32300572 5630948 -975
32300572 5631034 -925
32300572 5631119 -875
32300491 5631150 -825
32300572 5631150 -856
32300572 5631100 -775
32300365 5631150 -775
32300572 5631070 -725
32300572 5631041 -675
32300572 5631014 -625
32300358 5631150 -575
32300572 5631150 -608
32300379 5631150 -525
32300400 5631150 -475
32300572 5630871 -325
32300572 5630933 -275
32300572 5630993 -225
32300572 5631053 -175
32300572 5631112 -125
32300527 5631150 -75
32300572 5631150 -92
32300400 5631150 -25
32300274 5631150 25
32300572 5631154 -1875
32300572 5631154 -1825
32300572 5631154 -1775
32300567 5631450 -1725
32300572 5631450 -1725
32300567 5631450 -1675
32300572 5631198 -825
32300572 5631275 -775
32300572 5631353 -725
32300572 5631434 -675
32300402 5631450 -625
32300572 5631450 -665
32300572 5631398 -575
32300572 5631371 -525
32300572 5631345 -475
32300353 5631450 -425
32300572 5631450 -460
32300377 5631450 -375
32300400 5631450 -325
32300423 5631450 -275
32300572 5631189 -75
32300572 5631307 -25
32300572 5631432 25
32300572 5631450 31
32300572 5631454 -1725
32300572 5631454 -1675
32300572 5631454 -1625
32300572 5631454 -1575
32300567 5631750 -1525
32300572 5631750 -1525
32300567 5631750 -1475
32300572 5631529 -625
32300572 5631637 -575
32300554 5631750 -525
32300572 5631750 -528
32300315 5631750 -475
32300572 5631687 -425
32300572 5631658 -375
32300572 5631631 -325
32300572 5631615 -275
32300418 5631750 -225
32300572 5631750 -253
32300448 5631750 -175
32300478 5631750 -125
32300572 5631750 31
32300572 5631754 -1525
32300572 5631754 -1475
32300572 5631754 -1425
32300572 5631753 -1375
32300567 5632050 -1325
32300572 5632050 -1325
32300568 5632050 -1275
32300572 5631760 -525
32300572 5631900 -475
32300558 5632050 -425
32300572 5632050 -428
32300373 5632050 -375
32300572 5631912 -225
32300572 5631879 -175
32300572 5631848 -125
32300471 5632050 -75
32300572 5632050 -90
32300508 5632050 -25
32300544 5632050 25
32300520 5632050 75
32300572 5632050 63
32300293 5632050 125
32300572 5632054 -1325
32300572 5632054 -1275
32300572 5632053 -1225
32300572 5632053 -1175
32300568 5632350 -1125
32300572 5632350 -1125
32300568 5632350 -1075
32300572 5632061 -425
32300572 5632219 -375
32300540 5632350 -325
32300572 5632350 -337
32300412 5632350 -275
32300291 5632350 -225
32300572 5632150 -75
32300572 5632113 -25
32300572 5632077 25
32300524 5632350 75
32300572 5632102 75
32300572 5632350 68
32300569 5632350 125
32300572 5632333 125
32300572 5632350 128
32300285 5632350 275
32300572 5632354 -1125
32300572 5632353 -1075
32300572 5632353 -1025
32300572 5632353 -975
32300568 5632650 -925
32300572 5632650 -925
32300568 5632650 -875
32300568 5632650 -825
32300572 5632382 -325
32300572 5632519 -275
32300563 5632650 -225
32300572 5632650 -228
32300455 5632650 -175
32300352 5632650 -125
32300572 5632391 75
32300572 5632352 125
32300572 5632653 -925
32300572 5632653 -875
32300572 5632653 -825
32300572 5632653 -775
32300568 5632950 -725
32300572 5632950 -725
32300568 5632950 -675
32300569 5632950 -625
32300572 5632657 -225
32300572 5632746 -175
32300572 5632831 -125
32300572 5632910 -75
32300521 5632950 -25
32300572 5632950 -49
32300419 5632950 25
32300318 5632950 75
32300546 5632950 425
32300572 5632905 425
32300572 5632950 421
32300572 5632950 455
32300572 5632953 -725
32300572 5632953 -675
32300572 5632953 -625
32300572 5632952 -575
32300572 5632952 -525
32300569 5633250 -475
32300572 5633250 -475
32300569 5633250 -425
32300569 5633250 -375
32300572 5632984 -25
32300572 5633053 25
32300572 5633121 75
32300572 5633188 125
32300562 5633250 175
32300572 5633250 170
32300447 5633250 225
32300332 5633250 275
32300572 5632981 425
32300572 5633253 -475
32300572 5633252 -425
32300572 5633252 -375
32300572 5633252 -325
32300572 5633252 -275
32300569 5633550 -225
32300572 5633550 -225
32300569 5633550 -175
32300569 5633550 -125
32300572 5633256 175
32300572 5633326 225
32300572 5633397 275
32300572 5633468 325
32300572 5633538 375
32300478 5633550 425
32300572 5633550 382
32300369 5633550 475
32300572 5633553 -225
32300572 5633552 -175
32300572 5633552 -125
32300572 5633552 -75
32300569 5633850 -25
32300572 5633850 -25
32300569 5633850 25
32300569 5633850 75
32300569 5633850 125
32300572 5633604 425
32300572 5633668 475
32300572 5633853 -25
32300572 5633852 25
32300572 5633852 75
32300572 5633852 125
32300572 5633852 175
32300569 5634150 225
32300572 5634150 224
32300569 5634150 275
32300569 5634150 325
32300569 5634150 375
32300572 5634153 225
32300572 5634152 275
32300572 5634152 325
32300572 5634152 375
32300572 5634152 425
32300568 5634450 475
32300572 5634450 474
32300572 5634453 475
32300873 5623650 -2726
32300873 5623950 -2726
32300597 5623950 -275
32300735 5623950 -225
32300733 5623650 -175
32300865 5623950 -175
32300873 5623950 -172
32300873 5623650 -142
32300873 5624250 -2726
32300575 5624250 -375
32300719 5624250 -325
32300850 5624250 -275
32300873 5624250 -265
32300873 5624118 -225
32300873 5623959 -175
32300873 5624550 -2726
32300603 5624550 -475
32300835 5624550 -425
32300873 5624550 -416
32300873 5624462 -375
32300873 5624361 -325
32300873 5624267 -275
32300873 5624850 -2726
32300669 5624850 -575
32300873 5624850 -565
32300873 5624762 -525
32300873 5624660 -475
32300873 5624566 -425
32300873 5625150 -2726
32300718 5625150 -675
32300873 5625150 -688
32300873 5625114 -675
32300873 5624989 -625
32300873 5624871 -575
32300873 5625450 -2726
32300853 5625450 -775
32300873 5625450 -778
32300873 5625437 -775
32300873 5625267 -725
32300597 5625450 -725
32300873 5625750 -2725
32300844 5625750 -825
32300873 5625750 -832
32300873 5625707 -825
32300661 5625750 -775
32300873 5626050 -2725
32300787 5626050 -825
32300873 5626050 -851
32300641 5626050 -775
32300873 5626350 -2725
32300816 5626350 -825
32300873 5626350 -843
32300680 5626350 -775
32300873 5626650 -2725
32300873 5626611 -825
32300736 5626650 -775
32300873 5626650 -822
32300607 5626650 -725
32300873 5626950 -2725
32300799 5626950 -775
32300873 5626950 -797
32300648 5626950 -725
32300873 5627250 -2725
32300873 5627202 -775
32300716 5627250 -725
32300873 5627250 -770
32300873 5627550 -2725
32300847 5627550 -725
32300873 5627550 -732
32300678 5627550 -675
32300868 5627850 -2725
32300873 5627850 -2725
32300841 5627850 -1575
32300873 5627850 -1577
32300873 5627849 -1575
32300583 5627850 -1525
32300873 5627850 -1574
32300600 5627850 -1475
32300873 5627591 -725
32300867 5627850 -675
32300873 5627850 -676
32300695 5627850 -625
32300873 5627854 -2725
32300873 5628150 -2675
32300873 5627874 -1575
32300873 5628140 -1525
32300873 5628150 -1550
32300873 5628122 -1475
32300873 5628104 -1425
32300625 5628150 -1375
32300873 5628150 -1417
32300642 5628150 -1325
32300873 5627858 -675
32300873 5628093 -625
32300719 5628150 -575
32300873 5628150 -611
32300868 5628450 -2675
32300873 5628450 -2675
32300873 5628383 -1525
32300873 5628450 -1517
32300873 5628399 -1375
32300873 5628381 -1325
32300873 5628364 -1275
32300663 5628450 -1225
32300873 5628450 -1260
32300680 5628450 -1175
32300697 5628450 -1125
32300873 5628369 -575
32300635 5628450 -525
32300873 5628450 -561
32300873 5628454 -2675
32300873 5628750 -2625
32300873 5628747 -1475
32300873 5628750 -1474
32300873 5628661 -1225
32300873 5628644 -1175
32300873 5628627 -1125
32300873 5628610 -1075
32300713 5628750 -1025
32300873 5628750 -1051
32300730 5628750 -975
32300746 5628750 -925
32300850 5628750 -525
32300873 5628750 -528
32300873 5628754 -2625
32300873 5629050 -2575
32300873 5629012 -1425
32300582 5629050 -1375
32300873 5629050 -1417
32300873 5628912 -1025
32300873 5628895 -975
32300873 5628878 -925
32300873 5628861 -875
32300758 5629050 -825
32300873 5629050 -843
32300774 5629050 -775
32300791 5629050 -725
32300873 5628769 -525
32300841 5629050 -475
32300873 5629050 -481
32300612 5629050 -425
32300873 5629054 -2575
32300868 5629350 -2525
32300873 5629350 -2525
32300583 5629350 -1725
32300621 5629350 -1675
32300873 5629220 -1375
32300786 5629350 -1325
32300873 5629350 -1342
32300873 5629167 -825
32300873 5629150 -775
32300873 5629133 -725
32300873 5629116 -675
32300793 5629350 -625
32300873 5629350 -637
32300810 5629350 -575
32300827 5629350 -525
32300873 5629073 -475
32300844 5629350 -475
32300873 5629242 -425
32300824 5629350 -375
32300873 5629350 -392
32300691 5629350 -325
32300873 5629354 -2525
32300868 5629650 -2475
32300873 5629650 -2475
32300873 5629650 -1700
32300873 5629628 -1675
32300736 5629650 -1675
32300873 5629650 -1671
32300586 5629650 -1625
32300624 5629650 -1575
32300661 5629650 -1525
32300873 5629402 -1325
32300873 5629553 -1275
32300807 5629650 -1225
32300873 5629650 -1241
32300621 5629650 -1175
32300873 5629432 -625
32300873 5629415 -575
32300873 5629397 -525
32300873 5629379 -475
32300873 5629361 -425
32300873 5629387 -375
32300873 5629650 -381
32300829 5629650 -375
32300846 5629650 -325
32300873 5629490 -325
32300873 5629588 -275
32300862 5629650 -275
32300873 5629650 -241
32300735 5629650 -175
32300634 5629650 -125
32300873 5629654 -2475
32300873 5629654 -2425
32300868 5629950 -2375
32300873 5629950 -2375
32300873 5629725 -1675
32300873 5629950 -1596
32300873 5629931 -1575
32300777 5629950 -1575
32300873 5629889 -1525
32300609 5629950 -1475
32300873 5629950 -1516
32300646 5629950 -1425
32300682 5629950 -1375
32300873 5629691 -1225
32300873 5629809 -1175
32300873 5629921 -1125
32300761 5629950 -1075
32300873 5629950 -1112
32300619 5629950 -1025
32300873 5629696 -375
32300873 5629678 -325
32300873 5629661 -275
32300873 5629950 -181
32300831 5629950 -175
32300873 5629751 -175
32300847 5629950 -125
32300873 5629825 -125
32300873 5629932 -75
32300870 5629950 -75
32300873 5629950 -64
32300669 5629950 25
32300873 5629954 -2375
32300868 5630250 -2325
32300873 5630250 -2325
32300868 5630250 -2275
32300873 5630004 -1575
32300873 5630125 -1525
32300873 5630250 -1471
32300873 5630211 -1425
32300707 5630250 -1425
32300873 5630169 -1375
32300873 5630135 -1325
32300648 5630250 -1275
32300873 5630250 -1309
32300683 5630250 -1225
32300717 5630250 -1175
32300873 5630021 -1075
32300873 5630114 -1025
32300873 5630203 -975
32300818 5630250 -925
32300873 5630250 -947
32300703 5630250 -875
32300595 5630250 -825
32300873 5629994 -175
32300873 5629977 -125
32300873 5629953 -75
32300873 5630250 19
32300836 5630250 25
32300873 5630080 25
32300873 5630156 75
32300853 5630250 75
32300870 5630250 125
32300873 5630235 125
32300873 5630250 133
32300592 5630250 275
32300873 5630254 -2325
32300873 5630254 -2275
32300873 5630300 -2225
32300868 5630550 -2175
32300873 5630550 -2183
32300873 5630346 -1425
32300873 5630446 -1375
32300873 5630543 -1325
32300831 5630522 -1318
32300873 5630512 -1275
32300730 5630550 -1275
32300873 5630550 -1321
32300612 5630527 -1234
32300873 5630472 -1225
32300586 5630550 -1225
32300873 5630432 -1175
32300633 5630550 -1125
32300873 5630550 -1160
32300665 5630550 -1075
32300696 5630550 -1025
32300873 5630290 -925
32300873 5630382 -875
32300873 5630468 -825
32300872 5630550 -775
32300873 5630550 -775
32300790 5630550 -725
32300712 5630550 -675
32300640 5630550 -625
32300873 5630288 25
32300873 5630270 75
32300873 5630253 125
32300838 5630550 225
32300873 5630397 225
32300873 5630550 220
32300873 5630478 275
32300857 5630550 275
32300873 5630550 320
32300708 5630550 425
32300631 5630550 475
32300873 5630554 -2175
32300873 5630554 -2125
32300868 5630850 -2075
32300873 5630850 -2075
32300873 5630644 -1275
32300873 5630751 -1225
32300872 5630850 -1175
32300873 5630850 -1175
32300873 5630814 -1125
32300763 5630850 -1125
32300692 5630771 -1099
32300873 5630778 -1075
32300659 5630850 -1075
32300873 5630743 -1025
32300873 5630826 -975
32300637 5630850 -925
32300873 5630850 -972
32300668 5630850 -875
32300698 5630850 -825
32300873 5630551 -775
32300873 5630621 -725
32300873 5630689 -675
32300873 5630755 -625
32300873 5630819 -575
32300831 5630850 -525
32300873 5630850 -551
32300754 5630850 -475
32300682 5630850 -425
32300614 5630850 -375
32300873 5630585 225
32300873 5630566 275
32300873 5630850 419
32300835 5630850 425
32300873 5630701 425
32300855 5630850 475
32300873 5630777 475
32300873 5630854 -2075
32300873 5630854 -2025
32300873 5630880 -1975
32300868 5631150 -1925
32300873 5631150 -1930
32300873 5630850 -1175
32300873 5630932 -1125
32300873 5631012 -1075
32300873 5631090 -1025
32300846 5631150 -975
32300873 5631150 -985
32300873 5631106 -925
32300725 5631150 -925
32300648 5631095 -893
32300873 5631072 -875
32300611 5631150 -875
32300873 5631037 -825
32300616 5631150 -775
32300873 5631150 -811
32300643 5631150 -725
32300669 5631150 -675
32300695 5631150 -625
32300873 5630885 -525
32300873 5630952 -475
32300873 5631018 -425
32300873 5631082 -375
32300873 5631146 -325
32300806 5631150 -275
32300873 5631150 -321
32300738 5631150 -225
32300674 5631150 -175
32300612 5631150 -125
32300873 5630887 425
32300873 5630868 475
32300873 5631154 -1925
32300873 5631154 -1875
32300869 5631450 -1825
32300873 5631450 -1825
32300868 5631450 -1775
32300873 5631166 -975
32300873 5631245 -925
32300873 5631323 -875
32300873 5631401 -825
32300826 5631450 -775
32300873 5631450 -793
32300873 5631437 -775
32300873 5631404 -725
32300706 5631450 -725
32300620 5631416 -687
32300873 5631372 -675
32300592 5631450 -675
32300873 5631351 -625
32300621 5631450 -575
32300873 5631450 -612
32300648 5631450 -525
32300675 5631450 -475
32300873 5631224 -275
32300873 5631305 -225
32300873 5631388 -175
32300848 5631450 -125
32300873 5631450 -138
32300758 5631450 -75
32300671 5631450 -25
32300584 5631450 25
32300873 5631453 -1825
32300873 5631454 -1775
32300873 5631454 -1725
32300873 5631454 -1675
32300868 5631750 -1625
32300873 5631750 -1625
32300869 5631750 -1575
32300873 5631482 -775
32300873 5631568 -725
32300873 5631657 -675
32300873 5631750 -625
32300873 5631750 -625
32300873 5631717 -575
32300719 5631750 -575
32300873 5631685 -525
32300873 5631654 -475
32300634 5631750 -425
32300873 5631750 -461
32300663 5631750 -375
32300693 5631750 -325
32300711 5631750 -275
32300873 5631481 -125
32300873 5631604 -75
32300873 5631733 -25
32300615 5631750 25
32300873 5631750 -18
32300873 5631754 -1625
32300873 5631754 -1575
32300873 5631754 -1525
32300868 5632050 -1475
32300873 5632050 -1475
32300869 5632050 -1425
32300869 5632050 -1375
32300873 5631750 -625
32300873 5631858 -575
32300873 5631975 -525
32300788 5632050 -475
32300873 5632050 -494
32300873 5632003 -425
32300873 5631971 -375
32300873 5631939 -325
32300873 5632050 -307
32300676 5632050 -275
32300704 5632050 -225
32300735 5632050 -175
32300765 5632050 -125
32300873 5631922 25
32300873 5632050 55
32300873 5632054 -1475
32300873 5632054 -1425
32300873 5632054 -1375
32300873 5632053 -1325
32300869 5632350 -1275
32300873 5632350 -1275
32300869 5632350 -1225
32300869 5632350 -1175
32300873 5632108 -475
32300873 5632270 -425
32300749 5632350 -375
32300873 5632350 -402
32300873 5632256 -275
32300873 5632226 -225
32300873 5632193 -175
32300873 5632161 -125
32300763 5632350 -75
32300873 5632350 -93
32300798 5632350 -25
32300833 5632350 25
32300873 5632254 75
32300597 5632350 125
32300873 5632350 83
32300873 5632354 -1275
32300873 5632354 -1225
32300873 5632353 -1175
32300873 5632353 -1125
32300869 5632650 -1075
32300873 5632650 -1075
32300869 5632650 -1025
32300869 5632650 -975
32300873 5632439 -375
32300873 5632614 -325
32300733 5632650 -275
32300873 5632650 -315
32300873 5632463 -75
32300873 5632426 -25
32300873 5632391 25
32300824 5632650 75
32300873 5632650 67
32300873 5632574 125
32300863 5632650 125
32300873 5632650 139
32300873 5632654 -1075
32300873 5632653 -1025
32300873 5632653 -975
32300873 5632653 -925
32300869 5632950 -875
32300873 5632950 -875
32300869 5632950 -825
32300870 5632950 -775
32300873 5632739 -275
32300873 5632847 -225
32300873 5632949 -175
32300753 5632950 -125
32300873 5632950 -174
32300634 5632950 -75
32300873 5632713 75
32300873 5632663 125
32300830 5632950 275
32300873 5632863 275
32300873 5632950 259
32300872 5632950 325
32300873 5632946 325
32300873 5632950 326
32300641 5632950 425
32300873 5632953 -875
32300873 5632953 -825
32300873 5632953 -775
32300873 5632952 -725
32300873 5632952 -675
32300870 5633250 -625
32300873 5633250 -625
32300870 5633250 -575
32300870 5633250 -525
32300873 5633032 -125
32300873 5633114 -75
32300873 5633195 -25
32300843 5633250 25
32300873 5633250 8
32300749 5633250 75
32300656 5633250 125
32300873 5633000 275
32300873 5632951 325
32300873 5633250 415
32300797 5633250 425
32300873 5633109 425
32300873 5633189 475
32300840 5633250 475
32300873 5633253 -625
32300873 5633253 -575
32300873 5633252 -525
32300873 5633252 -475
32300870 5633550 -425
32300873 5633550 -425
32300870 5633550 -375
32300870 5633550 -325
32300871 5633550 -275
32300873 5633273 25
32300873 5633346 75
32300873 5633419 125
32300873 5633492 175
32300854 5633550 225
32300873 5633550 214
32300765 5633550 275
32300676 5633550 325
32300586 5633550 375
32300873 5633337 425
32300873 5633287 475
32300873 5633553 -425
32300873 5633553 -375
32300873 5633552 -325
32300873 5633552 -275
32300873 5633552 -225
32300870 5633850 -175
32300873 5633850 -175
32300870 5633850 -125
32300870 5633850 -75
32300873 5633563 225
32300873 5633626 275
32300873 5633690 325
32300873 5633754 375
32300873 5633818 425
32300828 5633850 475
32300873 5633850 449
32300873 5633853 -175
32300873 5633852 -125
32300873 5633852 -75
32300873 5633852 -25
32300873 5633852 25
32300870 5634150 75
32300873 5634150 74
32300870 5634150 125
32300870 5634150 175
32300873 5633879 475
32300873 5634153 75
32300873 5634152 125
32300873 5634152 175
32300873 5634152 225
32300872 5634450 275
32300873 5634450 274
32300870 5634450 325
32300870 5634450 375
32300870 5634450 425
32300873 5634450 275
32300873 5634453 325
32300873 5634452 375
32300873 5634452 425
32300873 5634452 475
32301174 5623650 -2726
32301174 5623950 -2726
32301038 5623650 -125
32301076 5623950 -125
32301174 5623950 -102
32301174 5623650 -111
32301174 5624250 -2726
32300988 5624250 -225
32301124 5624250 -175
32301174 5624250 -156
32301174 5624079 -125
32301174 5624550 -2726
32300997 5624550 -375
32301134 5624550 -325
32301174 5624550 -309
32301174 5624480 -275
32301174 5624382 -225
32301174 5624285 -175
32301174 5624850 -2726
32301059 5624850 -525
32301174 5624850 -497
32301174 5624811 -475
32301174 5624727 -425
32301174 5624647 -375
32301174 5624572 -325
32301174 5625150 -2726
32301031 5625150 -675
32301174 5625150 -661
32301174 5625076 -625
32301174 5624983 -575
32301174 5624895 -525
32301174 5625450 -2726
32301174 5625450 -784
32301174 5625424 -775
32301174 5625298 -725
32301174 5625179 -675
32301174 5625750 -2726
32301174 5625750 -862
32301174 5625603 -825
32301174 5626050 -2725
32301018 5626050 -875
32301174 5626050 -898
32301174 5625856 -875
32301174 5626350 -2725
32301030 5626350 -875
32301174 5626350 -901
32301174 5626650 -2725
32301125 5626650 -875
32301174 5626650 -884
32300886 5626650 -825
32301174 5626950 -2725
32301174 5626773 -875
32300997 5626950 -825
32301174 5626950 -860
32301174 5627250 -2725
32301129 5627250 -825
32301174 5627250 -833
32300892 5627250 -775
32301174 5627550 -2725
32301174 5627328 -825
32301059 5627550 -775
32301174 5627550 -799
32301174 5627850 -2725
32300874 5627850 -1575
32301174 5627713 -775
32301054 5627850 -725
32301174 5627850 -753
32301169 5628150 -2725
32301174 5628150 -2725
32300882 5628150 -1525
32300900 5628150 -1475
32300918 5628150 -1425
32301174 5628008 -725
32301087 5628150 -675
32301174 5628150 -697
32300914 5628150 -625
32301174 5628154 -2725
32301174 5628450 -2675
32301174 5628444 -1525
32300969 5628450 -1525
32301174 5628450 -1540
32301174 5628425 -1475
32301174 5628407 -1425
32301174 5628389 -1375
32300941 5628450 -1325
32301174 5628450 -1364
32300959 5628450 -1275
32301174 5628272 -675
32301113 5628450 -625
32301174 5628450 -639
32300922 5628450 -575
32301169 5628750 -2675
32301174 5628750 -2675
32301174 5628580 -1525
32300877 5628750 -1475
32301174 5628750 -1504
32301174 5628684 -1325
32301174 5628666 -1275
32301174 5628648 -1225
32300978 5628750 -1175
32301174 5628750 -1207
32300996 5628750 -1125
32301013 5628750 -1075
32301174 5628542 -625
32301097 5628750 -575
32301174 5628750 -591
32301174 5628754 -2675
32301169 5629050 -2625
32301174 5629050 -2625
32301174 5628944 -1475
32300925 5629050 -1425
32301174 5629050 -1458
32301174 5628946 -1175
32301174 5628928 -1125
32301174 5628911 -1075
32301174 5628893 -1025
32301029 5629050 -975
32301174 5629050 -998
32301046 5629050 -925
32301063 5629050 -875
32301174 5628862 -575
32301067 5629050 -525
32301174 5629050 -549
32301174 5629054 -2625
32301169 5629350 -2575
32301174 5629350 -2575
32301174 5629215 -1425
32301050 5629350 -1375
32301174 5629350 -1397
32301174 5629196 -975
32301174 5629178 -925
32301174 5629160 -875
32301174 5629143 -825
32301073 5629350 -775
32301174 5629350 -791
32301091 5629350 -725
32301109 5629350 -675
32301174 5629176 -525
32301117 5629350 -475
32301174 5629350 -493
32300966 5629350 -425
32301174 5629354 -2575
32301169 5629650 -2525
32301174 5629650 -2525
32300893 5629650 -1675
32301174 5629432 -1375
32301174 5629614 -1325
32301005 5629650 -1275
32301174 5629650 -1314
32301174 5629452 -775
32301174 5629434 -725
32301174 5629416 -675
32301174 5629397 -625
32301107 5629650 -575
32301174 5629650 -585
32301125 5629650 -525
32301174 5629405 -475
32301144 5629650 -475
32301162 5629650 -425
32301174 5629556 -425
32301174 5629650 -393
32301133 5629650 -375
32301028 5629650 -325
32300932 5629650 -275
32301174 5629654 -2525
32301174 5629654 -2475
32301170 5629950 -2425
32301174 5629950 -2425
32300890 5629950 -1575
32300928 5629950 -1525
32301174 5629764 -1275
32301174 5629903 -1225
32301066 5629950 -1175
32301174 5629950 -1207
32300911 5629950 -1125
32301174 5629717 -575
32301174 5629699 -525
32301174 5629680 -475
32301174 5629661 -425
32301174 5629691 -375
32301174 5629950 -381
32301129 5629950 -375
32301146 5629950 -325
32301174 5629799 -325
32301109 5629717 -356
32301164 5629950 -275
32301174 5629898 -275
32301174 5629950 -247
32301064 5629950 -175
32300992 5629950 -125
32300889 5629950 -75
32301174 5629954 -2425
32301169 5630250 -2375
32301174 5630250 -2375
32301174 5630250 -1553
32301174 5630225 -1525
32301066 5630250 -1525
32301174 5630250 -1517
32300908 5630250 -1425
32300945 5630250 -1375
32300975 5630250 -1325
32301174 5630025 -1175
32301174 5630137 -1125
32301174 5630243 -1075
32301024 5630250 -1025
32301174 5630250 -1073
32300925 5630250 -975
32301174 5629995 -375
32301174 5629977 -325
32301174 5629959 -275
32301174 5630250 -181
32301129 5630250 -175
32301174 5630057 -175
32301146 5630250 -125
32301174 5630129 -125
32301163 5630250 -75
32301174 5630201 -75
32301174 5630250 -41
32301059 5630250 25
32300974 5630250 75
32300888 5630250 125
32301174 5630254 -2375
32301174 5630254 -2325
32301169 5630550 -2275
32301174 5630550 -2275
32301121 5630550 -2225
32301174 5630317 -1525
32301174 5630550 -1423
32301174 5630493 -1375
32300997 5630550 -1375
32300895 5630530 -1331
32301174 5630453 -1325
32300880 5630550 -1325
32301174 5630550 -1311
32300909 5630550 -1275
32300947 5630550 -1225
32300985 5630550 -1175
32301174 5630384 -1025
32301174 5630475 -975
32301159 5630550 -925
32301174 5630550 -932
32301056 5630550 -875
32300961 5630550 -825
32301174 5630296 -175
32301174 5630279 -125
32301174 5630261 -75
32301174 5630550 -33
32301116 5630550 -25
32301174 5630277 -25
32301174 5630353 25
32301130 5630550 25
32301147 5630550 75
32301174 5630431 75
32301165 5630550 125
32301174 5630510 125
32301174 5630550 149
32301039 5630550 225
32300950 5630550 275
32301174 5630554 -2275
32301174 5630554 -2225
32301169 5630850 -2175
32301174 5630850 -2175
32301170 5630850 -2125
32301174 5630694 -1375
32301174 5630793 -1325
32301174 5630850 -1295
32301174 5630832 -1275
32301122 5630850 -1275
32301174 5630791 -1225
32300991 5630850 -1225
32301174 5630749 -1175
32300907 5630850 -1125
32301174 5630850 -1162
32300942 5630850 -1075
32300976 5630850 -1025
32300896 5630850 -975
32301174 5630563 -925
32301174 5630646 -875
32301174 5630728 -825
32301174 5630807 -775
32301135 5630850 -725
32301174 5630850 -747
32301054 5630850 -675
32300977 5630850 -625
32300906 5630850 -575
32301174 5630608 -25
32301174 5630594 25
32301174 5630577 75
32301174 5630559 125
32301174 5630850 166
32301116 5630850 175
32301174 5630592 175
32301174 5630677 225
32301135 5630850 225
32301155 5630850 275
32301174 5630763 275
32301174 5630849 325
32301174 5630850 325
32301174 5630850 325
32301021 5630850 425
32300944 5630850 475
32301174 5630854 -2175
32301174 5630854 -2125
32301174 5630854 -2075
32301170 5631150 -2025
32301174 5631150 -2025
32301142 5631150 -1975
32301174 5630888 -1275
32301174 5630979 -1225
32301174 5631068 -1175
32301167 5631150 -1125
32301174 5631150 -1128
32301174 5631147 -1125
32301174 5631107 -1075
32301055 5631150 -1075
32300986 5631071 -1048
32301174 5631067 -1025
32300950 5631150 -1025
32301174 5631031 -975
32300913 5631150 -925
32301174 5631150 -960
32300946 5631150 -875
32300979 5631150 -825
32301174 5630886 -725
32301174 5630965 -675
32301174 5631043 -625
32301174 5631121 -575
32301127 5631150 -525
32301174 5631150 -556
32301058 5631150 -475
32300993 5631150 -425
32300933 5631150 -375
32300876 5631150 -325
32301174 5630904 175
32301174 5630886 225
32301174 5630868 275
32301174 5630850 325
32301174 5631150 365
32301131 5631150 375
32301174 5630946 375
32301174 5631041 425
32301151 5631150 425
32301171 5631150 475
32301174 5631135 475
32301174 5631154 -2025
32301174 5631154 -1975
32301174 5631154 -1925
32301170 5631450 -1875
32301174 5631450 -1875
32301174 5631155 -1125
32301174 5631240 -1075
32301174 5631324 -1025
32301174 5631405 -975
32301123 5631450 -925
32301174 5631450 -949
32301174 5631431 -925
32301174 5631392 -875
32301023 5631450 -875
32300964 5631374 -846
32301174 5631354 -825
32300929 5631450 -825
32300885 5631450 -775
32301174 5631450 -813
32300918 5631450 -725
32300951 5631450 -675
32300972 5631450 -625
32301174 5631201 -525
32301174 5631282 -475
32301174 5631364 -425
32301174 5631447 -375
32301104 5631450 -325
32301174 5631450 -373
32301036 5631450 -275
32300973 5631450 -225
32300914 5631450 -175
32301174 5631188 375
32301174 5631170 425
32301174 5631152 475
32301174 5631454 -1875
32301174 5631454 -1825
32301174 5631454 -1775
32301170 5631750 -1725
32301174 5631750 -1725
32301170 5631750 -1675
32301174 5631490 -925
32301174 5631573 -875
32301174 5631656 -825
32301174 5631750 -767
32301174 5631717 -725
32301081 5631750 -725
32301174 5631680 -675
32300975 5631750 -675
32301174 5631750 -663
32300873 5631750 -625
32300905 5631750 -575
32300938 5631750 -525
32300970 5631750 -475
32301174 5631528 -325
32301174 5631606 -275
32301174 5631683 -225
32301166 5631750 -175
32301174 5631750 -179
32301072 5631750 -125
32300978 5631750 -75
32300885 5631750 -25
32301174 5631754 -1725
32301174 5631754 -1675
32301174 5631754 -1625
32301170 5632050 -1575
32301174 5632050 -1575
32301170 5632050 -1525
32301174 5631825 -725
32301174 5631913 -675
32301174 5632050 -597
32301174 5632033 -575
32301111 5632050 -575
32301174 5631998 -525
32300965 5632050 -525
32301174 5631963 -475
32300918 5632050 -425
32301174 5632050 -463
32300949 5632050 -375
32300980 5632050 -325
32301174 5631757 -175
32301174 5631842 -125
32301174 5631926 -75
32301174 5632009 -25
32301040 5632050 25
32301174 5632050 -1
32301174 5632054 -1575
32301174 5632054 -1525
32301174 5632054 -1475
32301174 5632053 -1425
32301170 5632350 -1375
32301174 5632350 -1375
32301170 5632350 -1325
32301174 5632097 -575
32301174 5632208 -525
32301174 5632324 -475
32301031 5632257 -458
32301174 5632322 -425
32300989 5632350 -425
32301174 5632350 -464
32301174 5632288 -375
32301174 5632255 -325
32300958 5632350 -275
32301174 5632350 -311
32300990 5632350 -225
32301022 5632350 -175
32301052 5632350 -125
32301174 5632140 25
32301174 5632324 75
32301174 5632350 81
32301174 5632354 -1375
32301174 5632354 -1325
32301174 5632353 -1275
32301174 5632354 -1225
32301170 5632650 -1175
32301174 5632650 -1175
32301170 5632650 -1125
32301174 5632466 -425
32301174 5632634 -375
32300929 5632650 -325
32301174 5632650 -370
32301174 5632580 -275
32301174 5632545 -225
32301174 5632511 -175
32301174 5632478 -125
32301050 5632650 -75
32301174 5632650 -96
32301086 5632650 -25
32301121 5632650 25
32300988 5632650 125
32301174 5632650 102
32301174 5632654 -1175
32301174 5632653 -1125
32301174 5632653 -1075
32301174 5632653 -1025
32301170 5632950 -975
32301174 5632950 -975
32301171 5632950 -925
32301174 5632788 -325
32301174 5632949 -275
32301021 5632950 -225
32301174 5632950 -274
32300874 5632950 -175
32301174 5632788 -75
32301174 5632749 -25
32301174 5632709 25
32301076 5632950 75
32301174 5632950 61
32301174 5632727 125
32301119 5632950 125
32301174 5632895 175
32301161 5632950 175
32301174 5632950 191
32300994 5632950 275
32300877 5632950 325
32301174 5632953 -975
32301174 5632953 -925
32301174 5632953 -875
32301174 5632952 -825
32301171 5633250 -775
32301174 5633250 -775
32301171 5633250 -725
32301171 5633250 -675
32301174 5633072 -225
32301174 5633195 -175
32301118 5633250 -125
32301174 5633250 -152
32301023 5633250 -75
32300932 5633250 -25
32301174 5633047 75
32301174 5633005 125
32301174 5632963 175
32301174 5633250 238
32301121 5633250 275
32301174 5633124 275
32301165 5633250 325
32301174 5633227 325
32301174 5633250 335
32301027 5633250 425
32300941 5633250 475
32301174 5633253 -775
32301174 5633253 -725
32301174 5633252 -675
32301174 5633252 -625
32301171 5633550 -575
32301174 5633550 -575
32301171 5633550 -525
32301172 5633550 -475
32301174 5633300 -125
32301174 5633389 -75
32301174 5633476 -25
32301164 5633550 25
32301174 5633550 18
32301086 5633550 75
32301009 5633550 125
32300933 5633550 175
32301174 5633304 275
32301174 5633259 325
32301174 5633550 414
32301078 5633550 425
32301174 5633387 425
32301125 5633550 475
32301174 5633464 475
32301174 5633553 -575
32301174 5633552 -525
32301174 5633552 -475
32301174 5633552 -425
32301174 5633552 -375
32301171 5633850 -325
32301174 5633850 -325
32301172 5633850 -275
32301172 5633850 -225
32301174 5633558 25
32301174 5633623 75
32301174 5633688 125
32301174 5633752 175
32301174 5633816 225
32301138 5633850 275
32301174 5633850 251
32301063 5633850 325
32300988 5633850 375
32301174 5633659 425
32300911 5633850 425
32301174 5633606 475
32301174 5633852 -325
32301174 5633852 -275
32301174 5633852 -225
32301174 5633852 -175
32301171 5634150 -125
32301174 5634150 -125
32301171 5634150 -75
32301171 5634150 -25
32301172 5634150 25
32301174 5633876 275
32301174 5633930 325
32301174 5633985 375
32301174 5634039 425
32301174 5634094 475
32301174 5634153 -125
32301174 5634152 -75
32301174 5634152 -25
32301174 5634152 25
32301174 5634152 75
32301171 5634450 125
32301174 5634450 124
32301171 5634450 175
32301171 5634450 225
32301174 5634453 125
32301174 5634453 175
32301174 5634452 225
32301174 5634452 275
32301174 5634452 325
32301171 5634750 375
32301174 5634750 374
32301171 5634750 425
32301171 5634750 475
32301174 5634753 375
32301174 5634753 425
32301174 5634753 475
32301475 5623650 -2726
32301475 5623950 -2726
32301449 5623650 -75
32301298 5623950 -75
32301475 5623950 -29
32301475 5623650 -71
32301475 5624250 -2726
32301261 5624250 -125
32301393 5624250 -75
32301475 5624250 -41
32301475 5624550 -2726
32301258 5624550 -275
32301374 5624550 -225
32301475 5624550 -179
32301475 5624540 -175
32301475 5624427 -125
32301475 5624319 -75
32301475 5624850 -2726
32301235 5624850 -475
32301363 5624850 -425
32301475 5624850 -376
32301475 5624847 -375
32301475 5624768 -325
32301475 5624692 -275
32301475 5624618 -225
32301475 5625150 -2726
32301314 5625150 -625
32301475 5625150 -577
32301475 5625144 -575
32301475 5625063 -525
32301475 5624987 -475
32301475 5624915 -425
32301475 5625450 -2726
32301235 5625450 -775
32301475 5625450 -735
32301475 5625427 -725
32301475 5625326 -675
32301475 5625232 -625
32301475 5625750 -2726
32301475 5625750 -838
32301475 5625707 -825
32301475 5625559 -775
32301475 5626050 -2726
32301475 5626050 -892
32301475 5625950 -875
32301475 5626350 -2725
32301475 5626350 -907
32301475 5626650 -2725
32301475 5626650 -898
32301475 5626950 -2725
32301401 5626950 -875
32301475 5626950 -879
32301475 5627250 -2725
32301475 5627006 -875
32301475 5627250 -855
32301475 5627550 -2725
32301472 5627550 -825
32301475 5627550 -825
32301475 5627850 -2725
32301475 5627552 -825
32301349 5627850 -775
32301475 5627850 -789
32301475 5628150 -2725
32301475 5627967 -775
32301323 5628150 -725
32301475 5628150 -751
32301475 5628166 -2725
32301475 5628450 -2677
32301475 5628450 -1556
32301475 5628437 -1525
32301198 5628450 -1475
32301475 5628450 -1522
32301216 5628450 -1425
32301234 5628450 -1375
32301475 5628346 -725
32301316 5628450 -675
32301475 5628450 -710
32301475 5628750 -2675
32301413 5628750 -1525
32301475 5628750 -1530
32301475 5628729 -1475
32301475 5628710 -1425
32301475 5628691 -1375
32301240 5628750 -1325
32301475 5628750 -1364
32301258 5628750 -1275
32301276 5628750 -1225
32301475 5628711 -675
32301298 5628750 -625
32301475 5628750 -669
32301475 5628754 -2675
32301475 5629050 -2625
32301475 5628792 -1525
32301310 5629050 -1475
32301475 5629050 -1494
32301475 5628985 -1325
32301475 5628967 -1275
32301475 5628948 -1225
32301475 5628930 -1175
32301296 5629050 -1125
32301475 5629050 -1154
32301314 5629050 -1075
32301333 5629050 -1025
32301469 5629050 -625
32301475 5629050 -626
32301272 5629050 -575
32301471 5629350 -2625
32301475 5629350 -2625
32301475 5629167 -1475
32301346 5629350 -1425
32301475 5629350 -1445
32301475 5629229 -1125
32301475 5629210 -1075
32301475 5629192 -1025
32301329 5629350 -975
32301475 5629350 -998
32301347 5629350 -925
32301366 5629350 -875
32301384 5629350 -825
32301475 5629058 -625
32301472 5629350 -575
32301475 5629350 -576
32301288 5629350 -525
32301475 5629354 -2625
32301475 5629464 -2575
32301475 5629650 -2544
32301475 5629441 -1425
32301457 5629650 -1375
32301475 5629650 -1378
32301220 5629650 -1325
32301475 5629497 -975
32301475 5629478 -925
32301475 5629459 -875
32301475 5629441 -825
32301372 5629650 -775
32301475 5629650 -791
32301391 5629650 -725
32301416 5629650 -675
32301436 5629650 -625
32301475 5629355 -575
32301475 5629643 -525
32301359 5629650 -475
32301475 5629650 -523
32301244 5629650 -425
32301475 5629654 -2525
32301471 5629950 -2475
32301475 5629950 -2475
32301475 5629662 -1375
32301475 5629836 -1325
32301413 5629950 -1275
32301475 5629950 -1291
32301233 5629950 -1225
32301475 5629751 -775
32301475 5629733 -725
32301475 5629708 -675
32301475 5629689 -625
32301412 5629950 -575
32301475 5629950 -584
32301431 5629950 -525
32301475 5629781 -475
32301450 5629950 -475
32301470 5629950 -425
32301475 5629912 -425
32301475 5629950 -410
32301404 5629950 -375
32301308 5629950 -325
32301220 5629950 -275
32301475 5629954 -2475
32301470 5630250 -2425
32301475 5630250 -2425
32301464 5630250 -1625
32301475 5630250 -1627
32301475 5630247 -1625
32301475 5630250 -1624
32301197 5630250 -1525
32301475 5630007 -1275
32301475 5630176 -1225
32301407 5630250 -1175
32301475 5630250 -1202
32301290 5630250 -1125
32301180 5630250 -1075
32301475 5630014 -575
32301475 5629994 -525
32301475 5629975 -475
32301475 5630250 -434
32301410 5630250 -425
32301475 5630020 -375
32301428 5630250 -375
32301447 5630250 -325
32301475 5630115 -325
32301466 5630250 -275
32301475 5630205 -275
32301475 5630250 -249
32301364 5630250 -175
32301292 5630250 -125
32301221 5630250 -75
32301475 5630254 -2425
32301475 5630254 -2375
32301471 5630550 -2325
32301475 5630550 -2325
32301475 5630259 -1625
32301475 5630538 -1525
32301438 5630550 -1525
32301475 5630550 -1538
32301305 5630550 -1475
32301475 5630493 -1475
32301475 5630550 -1467
32301230 5630550 -1375
32301269 5630550 -1325
32301475 5630315 -1175
32301475 5630430 -1125
32301475 5630541 -1075
32301368 5630550 -1025
32301475 5630550 -1071
32301260 5630550 -975
32301475 5630314 -425
32301475 5630296 -375
32301475 5630277 -325
32301475 5630259 -275
32301475 5630550 -233
32301417 5630550 -225
32301475 5630290 -225
32301475 5630372 -175
32301435 5630550 -175
32301453 5630550 -125
32301475 5630452 -125
32301471 5630550 -75
32301475 5630532 -75
32301475 5630550 -63
32301418 5630550 -25
32301352 5630550 25
32301281 5630550 75
32301210 5630550 125
32301475 5630554 -2325
32301475 5630554 -2275
32301471 5630850 -2225
32301475 5630850 -2225
32301475 5630582 -1525
32301475 5630700 -1475
32301475 5630819 -1375
32301378 5630850 -1375
32301475 5630850 -1409
32301292 5630774 -1349
32301475 5630774 -1325
32301247 5630850 -1325
32301190 5630850 -1275
32301475 5630850 -1315
32301229 5630850 -1225
32301268 5630850 -1175
32301475 5630644 -1025
32301475 5630743 -975
32301475 5630840 -925
32301390 5630850 -875
32301475 5630850 -919
32301301 5630850 -825
32301217 5630850 -775
32301475 5630606 -225
32301475 5630588 -175
32301475 5630571 -125
32301475 5630850 -84
32301406 5630850 -75
32301475 5630615 -25
32301425 5630850 -25
32301443 5630850 25
32301475 5630702 25
32301463 5630850 75
32301475 5630790 75
32301475 5630850 108
32301384 5630850 175
32301315 5630850 225
32301245 5630850 275
32301174 5630850 325
32301475 5630854 -2225
32301475 5630854 -2175
32301471 5631150 -2125
32301475 5631150 -2125
32301471 5631150 -2075
32301475 5630924 -1375
32301475 5631027 -1325
32301475 5631150 -1264
32301475 5631115 -1225
32301382 5631150 -1225
32301475 5631071 -1175
32301272 5631150 -1175
32301475 5631150 -1164
32301177 5631150 -1125
32301215 5631150 -1075
32301253 5631150 -1025
32301289 5631150 -975
32301475 5630933 -875
32301475 5631024 -825
32301475 5631114 -775
32301426 5631150 -725
32301475 5631150 -754
32301346 5631150 -675
32301271 5631150 -625
32301199 5631150 -575
32301475 5630913 -75
32301475 5630896 -25
32301475 5630879 25
32301475 5630861 75
32301475 5631150 118
32301426 5631150 125
32301475 5630885 125
32301475 5630991 175
32301446 5631150 175
32301465 5631150 225
32301475 5631096 225
32301475 5631150 250
32301317 5631150 375
32301252 5631150 425
32301185 5631150 475
32301475 5631154 -2125
32301475 5631154 -2075
32301475 5631154 -2025
32301471 5631450 -1975
32301475 5631450 -1975
32301471 5631450 -1925
32301475 5631225 -1225
32301475 5631319 -1175
32301475 5631450 -1103
32301475 5631425 -1075
32301415 5631450 -1075
32301475 5631382 -1025
32301315 5631450 -1025
32301258 5631374 -994
32301475 5631340 -975
32301221 5631450 -975
32301193 5631450 -925
32301475 5631450 -961
32301231 5631450 -875
32301269 5631450 -825
32301475 5631201 -725
32301475 5631287 -675
32301475 5631372 -625
32301469 5631450 -575
32301475 5631450 -579
32301391 5631450 -525
32301317 5631450 -475
32301245 5631450 -425
32301176 5631450 -375
32301475 5631195 125
32301475 5631177 175
32301475 5631159 225
32301475 5631450 267
32301419 5631450 275
32301475 5631191 275
32301438 5631450 325
32301475 5631277 325
32301475 5631364 375
32301457 5631450 375
32301475 5631450 424
32301475 5631454 -1975
32301475 5631454 -1925
32301475 5631454 -1875
32301471 5631750 -1825
32301475 5631750 -1825
32301471 5631750 -1775
32301475 5631501 -1075
32301475 5631588 -1025
32301475 5631673 -975
32301475 5631750 -929
32301475 5631745 -925
32301466 5631750 -925
32301475 5631704 -875
32301369 5631750 -875
32301475 5631662 -825
32301275 5631750 -825
32301475 5631750 -814
32301206 5631750 -725
32301243 5631750 -675
32301475 5631456 -575
32301475 5631535 -525
32301475 5631613 -475
32301475 5631689 -425
32301461 5631750 -375
32301475 5631750 -384
32301384 5631750 -325
32301309 5631750 -275
32301237 5631750 -225
32301475 5631505 275
32301475 5631486 325
32301475 5631468 375
32301419 5631750 475
32301475 5631522 475
32301475 5631750 466
32301475 5631754 -1825
32301475 5631754 -1775
32301475 5631754 -1725
32301471 5632050 -1675
32301475 5632050 -1675
32301471 5632050 -1625
32301475 5631758 -925
32301475 5631842 -875
32301475 5631925 -825
32301475 5632031 -725
32301428 5632050 -725
32301475 5632050 -747
32301475 5631991 -675
32301327 5632050 -675
32301475 5632050 -667
32301190 5632050 -575
32301224 5632050 -525
32301259 5632050 -475
32301475 5631763 -375
32301475 5631838 -325
32301475 5631910 -275
32301475 5631980 -225
32301475 5632048 -175
32301388 5632050 -125
32301475 5632050 -174
32301301 5632050 -75
32301215 5632050 -25
32301475 5631806 475
32301475 5632054 -1675
32301475 5632054 -1625
32301475 5632053 -1575
32301471 5632350 -1525
32301475 5632350 -1525
32301471 5632350 -1475
32301471 5632350 -1425
32301475 5632089 -725
32301475 5632176 -675
32301475 5632350 -574
32301475 5632313 -525
32301344 5632350 -525
32301241 5632297 -491
32301475 5632276 -475
32301205 5632350 -475
32301475 5632350 -465
32301215 5632312 -463
32301200 5632350 -425
32301233 5632350 -375
32301266 5632350 -325
32301475 5632131 -125
32301475 5632212 -75
32301475 5632293 -25
32301415 5632350 25
32301475 5632350 9
32301204 5632350 75
32301475 5632354 -1525
32301475 5632354 -1475
32301475 5632353 -1425
32301475 5632353 -1375
32301471 5632650 -1325
32301475 5632650 -1325
32301471 5632650 -1275
32301471 5632650 -1225
32301475 5632453 -525
32301475 5632560 -475
32301475 5632650 -434
32301475 5632643 -425
32301436 5632650 -425
32301276 5632617 -394
32301475 5632608 -375
32301198 5632650 -375
32301475 5632574 -325
32301239 5632650 -275
32301475 5632650 -314
32301272 5632650 -225
32301303 5632650 -175
32301333 5632650 -125
32301475 5632386 25
32301475 5632512 75
32301475 5632641 125
32301438 5632650 125
32301475 5632650 128
32301475 5632654 -1325
32301475 5632653 -1275
32301475 5632653 -1225
32301475 5632653 -1175
32301471 5632950 -1125
32301475 5632950 -1125
32301472 5632950 -1075
32301472 5632950 -1025
32301475 5632680 -425
32301475 5632827 -375
32301417 5632950 -325
32301475 5632950 -338
32301475 5632905 -275
32301175 5632950 -275
32301475 5632872 -225
32301475 5632839 -175
32301475 5632807 -125
32301317 5632950 -75
32301475 5632950 -101
32301351 5632950 -25
32301383 5632950 25
32301475 5632950 169
32301402 5632950 175
32301475 5632953 -1125
32301475 5632953 -1075
32301475 5632953 -1025
32301475 5632953 -975
32301472 5633250 -925
32301475 5633250 -925
32301472 5633250 -875
32301472 5633250 -825
32301475 5633007 -325
32301475 5633249 -275
32301351 5633250 -225
32301475 5633250 -274
32301228 5633250 -175
32301475 5633106 -75
32301475 5633077 -25
32301475 5633044 25
32301370 5633250 75
32301475 5633250 60
32301412 5633250 125
32301475 5632997 175
32301453 5633250 175
32301475 5633250 203
32301309 5633250 275
32301198 5633250 325
32301475 5633253 -925
32301475 5633253 -875
32301475 5633253 -825
32301475 5633252 -775
32301472 5633550 -725
32301475 5633550 -725
32301472 5633550 -675
32301473 5633550 -625
32301475 5633380 -225
32301475 5633515 -175
32301408 5633550 -125
32301475 5633550 -162
32301322 5633550 -75
32301241 5633550 -25
32301475 5633348 75
32301475 5633309 125
32301475 5633271 175
32301475 5633550 270
32301429 5633550 275
32301475 5633431 275
32301475 5633550 324
32301332 5633550 425
32301258 5633550 475
32301475 5633553 -725
32301475 5633553 -675
32301475 5633552 -625
32301475 5633552 -575
32301475 5633552 -525
32301473 5633850 -475
32301475 5633850 -475
32301473 5633850 -425
32301473 5633850 -375
32301475 5633609 -125
32301475 5633686 -75
32301475 5633760 -25
32301475 5633831 25
32301422 5633850 75
32301475 5633850 38
32301350 5633850 125
32301280 5633850 175
32301210 5633850 225
32301475 5633598 275
32301475 5633850 411
32301352 5633850 425
32301475 5633678 425
32301399 5633850 475
32301475 5633742 475
32301475 5633852 -475
32301475 5633852 -425
32301475 5633852 -375
32301475 5633852 -325
32301472 5634150 -275
32301475 5634150 -275
32301473 5634150 -225
32301473 5634150 -175
32301475 5633891 75
32301475 5633946 125
32301475 5634000 175
32301475 5634054 225
32301475 5634107 275
32301461 5634150 325
32301475 5634150 314
32301390 5634150 375
32301475 5634007 425
32301319 5634150 425
32301475 5633946 475
32301246 5634150 475
32301475 5634153 -275
32301475 5634152 -225
32301475 5634152 -175
32301475 5634152 -125
32301475 5634151 -75
32301472 5634450 -25
32301475 5634450 -25
32301472 5634450 25
32301473 5634450 75
32301475 5634159 325
32301475 5634209 375
32301475 5634259 425
32301475 5634309 475
32301475 5634453 -25
32301475 5634452 25
32301475 5634452 75
32301475 5634452 125
32301475 5634452 175
32301472 5634750 225
32301475 5634750 224
32301472 5634750 275
32301472 5634750 325
32301475 5634753 225
32301475 5634753 275
32301475 5634752 325
32301475 5634752 375
32301475 5634752 425
32301472 5635050 475
32301475 5635050 474
32301475 5635053 475
32301777 5623650 -2726
32301777 5623950 -2726
32301777 5623650 -53
32301777 5623950 -27
32301777 5624250 -2726
32301777 5623959 -25
32301521 5624250 -25
32301647 5624250 25
32301777 5624118 25
32301755 5624250 75
32301777 5624229 75
32301777 5624250 85
32301777 5624550 -2726
32301485 5624550 -175
32301588 5624550 -125
32301682 5624550 -75
32301767 5624550 -25
32301777 5624550 -19
32301777 5624417 25
32301777 5624279 75
32301777 5624850 -2726
32301479 5624850 -375
32301582 5624850 -325
32301682 5624850 -275
32301777 5624850 -226
32301777 5624848 -225
32301777 5624767 -175
32301777 5624692 -125
32301777 5624622 -75
32301777 5624557 -25
32301777 5625150 -2726
32301483 5625150 -575
32301599 5625150 -525
32301706 5625150 -475
32301777 5625150 -439
32301777 5625128 -425
32301777 5625055 -375
32301777 5624984 -325
32301777 5624916 -275
32301777 5625450 -2726
32301509 5625450 -725
32301661 5625450 -675
32301777 5625450 -633
32301777 5625435 -625
32301777 5625351 -575
32301777 5625272 -525
32301777 5625199 -475
32301777 5625750 -2726
32301537 5625750 -825
32301747 5625750 -775
32301777 5625750 -767
32301777 5625647 -725
32301777 5625536 -675
32301777 5626050 -2726
32301582 5626050 -875
32301777 5626050 -842
32301777 5625977 -825
32301777 5625778 -775
32301777 5626350 -2726
32301743 5626350 -875
32301777 5626350 -870
32301777 5626650 -2725
32301740 5626650 -875
32301777 5626650 -871
32301777 5626950 -2725
32301546 5626950 -875
32301777 5626950 -860
32301777 5627250 -2725
32301777 5627250 -841
32301777 5627550 -2725
32301777 5627456 -825
32301487 5627550 -825
32301777 5627550 -817
32301777 5627850 -2725
32301777 5627850 -790
32301777 5628150 -2725
32301777 5628064 -775
32301777 5628150 -768
32301759 5628450 -2725
32301777 5628450 -2725
32301487 5628450 -1525
32301581 5628450 -725
32301777 5628450 -750
32301777 5628455 -2725
32301777 5628750 -2675
32301777 5628750 -1548
32301777 5628740 -1525
32301496 5628750 -1475
32301777 5628750 -1523
32301515 5628750 -1425
32301534 5628750 -1375
32301752 5628750 -725
32301777 5628750 -729
32301501 5628750 -675
32301771 5629050 -2675
32301777 5629050 -2675
32301777 5629025 -1525
32301777 5629031 -1475
32301777 5629050 -1522
32301777 5629011 -1425
32301777 5628992 -1375
32301547 5629050 -1325
32301777 5629050 -1363
32301559 5629050 -1275
32301577 5629050 -1225
32301596 5629050 -1175
32301777 5628791 -725
32301679 5629050 -675
32301777 5629050 -696
32301777 5629055 -2675
32301777 5629350 -2625
32301697 5629350 -1475
32301777 5629350 -1485
32301777 5629280 -1325
32301777 5629268 -1275
32301777 5629248 -1225
32301777 5629229 -1175
32301597 5629350 -1125
32301777 5629350 -1154
32301616 5629350 -1075
32301635 5629350 -1025
32301777 5629276 -675
32301635 5629350 -625
32301777 5629350 -667
32301777 5629355 -2625
32301659 5629650 -2575
32301777 5629650 -2575
32301777 5629409 -1475
32301733 5629650 -1425
32301777 5629650 -1432
32301777 5629525 -1125
32301777 5629506 -1075
32301777 5629488 -1025
32301633 5629650 -975
32301777 5629650 -997
32301652 5629650 -925
32301671 5629650 -875
32301691 5629650 -825
32301777 5629545 -625
32301673 5629650 -575
32301777 5629650 -602
32301480 5629650 -525
32301777 5629654 -2575
32301772 5629950 -2525
32301777 5629950 -2525
32301777 5629694 -1425
32301754 5629950 -1375
32301777 5629950 -1381
32301585 5629950 -1325
32301777 5629791 -975
32301777 5629772 -925
32301777 5629753 -875
32301777 5629737 -825
32301678 5629950 -775
32301777 5629950 -790
32301697 5629950 -725
32301716 5629950 -675
32301736 5629950 -625
32301777 5629746 -575
32301777 5629926 -525
32301653 5629950 -475
32301777 5629950 -518
32301515 5629950 -425
32301777 5629954 -2525
32301772 5630250 -2475
32301777 5630250 -2475
32301478 5630250 -1625
32301777 5629972 -1375
32301777 5630142 -1325
32301714 5630250 -1275
32301777 5630250 -1292
32301546 5630250 -1225
32301777 5630048 -775
32301777 5630029 -725
32301777 5630010 -675
32301777 5630250 -637
32301692 5630250 -625
32301712 5630250 -575
32301732 5630250 -525
32301777 5630074 -475
32301752 5630250 -475
32301777 5630217 -425
32301700 5630250 -375
32301777 5630250 -413
32301606 5630250 -325
32301518 5630250 -275
32301777 5630254 -2475
32301777 5630254 -2425
32301772 5630550 -2375
32301777 5630550 -2375
32301487 5630550 -1525
32301528 5630550 -1475
32301777 5630300 -1275
32301777 5630441 -1225
32301746 5630550 -1175
32301777 5630550 -1185
32301611 5630550 -1125
32301485 5630550 -1075
32301777 5630333 -625
32301777 5630313 -575
32301777 5630294 -525
32301777 5630550 -486
32301698 5630550 -475
32301718 5630550 -425
32301777 5630339 -375
32301738 5630550 -375
32301759 5630550 -325
32301777 5630453 -325
32301777 5630550 -281
32301691 5630550 -225
32301620 5630550 -175
32301553 5630550 -125
32301489 5630550 -75
32301777 5630554 -2375
32301777 5630554 -2325
32301772 5630850 -2275
32301777 5630850 -2275
32301777 5630850 -1512
32301777 5630815 -1475
32301663 5630850 -1475
32301777 5630850 -1470
32301505 5630850 -1375
32301547 5630850 -1325
32301777 5630576 -1175
32301777 5630699 -1125
32301777 5630818 -1075
32301693 5630850 -1025
32301777 5630850 -1061
32301586 5630850 -975
32301485 5630850 -925
32301777 5630625 -475
32301777 5630606 -425
32301777 5630586 -375
32301777 5630850 -330
32301737 5630850 -325
32301777 5630562 -275
32301714 5630850 -275
32301777 5630656 -225
32301733 5630850 -225
32301752 5630850 -175
32301777 5630744 -175
32301771 5630850 -125
32301777 5630825 -125
32301777 5630850 -109
32301730 5630850 -75
32301663 5630850 -25
32301594 5630850 25
32301524 5630850 75
32301777 5630854 -2275
32301777 5630854 -2225
32301772 5631150 -2175
32301777 5631150 -2175
32301777 5630941 -1475
32301777 5631138 -1375
32301744 5631150 -1375
32301777 5631150 -1387
32301777 5631092 -1325
32301618 5631150 -1325
32301777 5631150 -1317
32301509 5631150 -1225
32301551 5631150 -1175
32301777 5630930 -1025
32301777 5631037 -975
32301777 5631143 -925
32301687 5631150 -875
32301777 5631150 -921
32301595 5631150 -825
32301509 5631150 -775
32301777 5630887 -325
32301777 5630908 -275
32301777 5630890 -225
32301777 5630872 -175
32301777 5631150 -134
32301711 5631150 -125
32301752 5630892 -106
32301777 5630913 -75
32301730 5631150 -75
32301749 5631150 -25
32301777 5631007 -25
32301717 5630942 -53
32301768 5631150 25
32301777 5631105 25
32301777 5631150 46
32301660 5631150 125
32301586 5631150 175
32301513 5631150 225
32301777 5631154 -2175
32301777 5631154 -2125
32301772 5631450 -2075
32301777 5631450 -2075
32301772 5631450 -2025
32301777 5631177 -1375
32301777 5631285 -1325
32301777 5631429 -1225
32301727 5631450 -1225
32301777 5631450 -1247
32301777 5631383 -1175
32301619 5631450 -1175
32301777 5631450 -1166
32301500 5631450 -1075
32301542 5631450 -1025
32301584 5631450 -975
32301777 5631241 -875
32301777 5631336 -825
32301777 5631430 -775
32301709 5631450 -725
32301777 5631450 -764
32301626 5631450 -675
32301546 5631450 -625
32301777 5631212 -125
32301777 5631194 -75
32301777 5631176 -25
32301777 5631450 14
32301703 5631450 25
32301777 5631198 75
32301722 5631450 75
32301777 5631286 125
32301741 5631450 125
32301760 5631450 175
32301777 5631373 175
32301777 5631450 219
32301695 5631450 275
32301621 5631450 325
32301548 5631450 375
32301777 5631454 -2075
32301777 5631454 -2025
32301777 5631454 -1975
32301772 5631750 -1925
32301777 5631750 -1925
32301772 5631750 -1875
32301777 5631493 -1225
32301777 5631590 -1175
32301777 5631736 -1075
32301746 5631750 -1075
32301777 5631750 -1090
32301777 5631690 -1025
32301649 5631750 -1025
32301585 5631649 -999
32301777 5631645 -975
32301556 5631750 -975
32301479 5631750 -925
32301777 5631750 -962
32301521 5631750 -875
32301563 5631750 -825
32301777 5631517 -725
32301777 5631602 -675
32301777 5631684 -625
32301761 5631750 -575
32301777 5631750 -584
32301683 5631750 -525
32301608 5631750 -475
32301534 5631750 -425
32301777 5631523 25
32301777 5631504 75
32301777 5631485 125
32301777 5631466 175
32301777 5631750 214
32301700 5631750 225
32301777 5631457 225
32301777 5631529 275
32301719 5631750 275
32301739 5631750 325
32301777 5631602 325
32301758 5631750 375
32301777 5631676 375
32301777 5631750 423
32301700 5631750 475
32301777 5631754 -1925
32301777 5631754 -1875
32301777 5631753 -1825
32301772 5632050 -1775
32301777 5632050 -1775
32301772 5632050 -1725
32301777 5631779 -1075
32301777 5631875 -1025
32301777 5631969 -975
32301777 5632050 -931
32301777 5632044 -925
32301766 5632050 -925
32301777 5632002 -875
32301680 5632050 -875
32301777 5631968 -825
32301608 5632050 -825
32301777 5632050 -815
32301493 5632050 -725
32301533 5632050 -675
32301777 5631765 -575
32301777 5631842 -525
32301777 5631918 -475
32301777 5631993 -425
32301759 5632050 -375
32301777 5632050 -386
32301684 5632050 -325
32301613 5632050 -275
32301543 5632050 -225
32301476 5632050 -175
32301777 5631825 225
32301777 5631806 275
32301777 5631787 325
32301777 5631768 375
32301777 5632050 414
32301702 5632050 425
32301777 5631752 425
32301777 5631830 475
32301722 5632050 475
32301777 5632054 -1775
32301777 5632054 -1725
32301777 5632053 -1675
32301772 5632350 -1625
32301777 5632350 -1625
32301772 5632350 -1575
32301777 5632060 -925
32301777 5632145 -875
32301777 5632218 -825
32301777 5632330 -725
32301733 5632350 -725
32301777 5632350 -749
32301777 5632289 -675
32301645 5632350 -675
32301595 5632350 -625
32301777 5632281 -625
32301777 5632350 -616
32301513 5632350 -525
32301551 5632350 -475
32301777 5632067 -375
32301777 5632142 -325
32301777 5632216 -275
32301777 5632289 -225
32301762 5632350 -175
32301777 5632350 -183
32301680 5632350 -125
32301601 5632350 -75
32301526 5632350 -25
32301777 5632122 425
32301777 5632103 475
32301777 5632354 -1625
32301777 5632354 -1575
32301777 5632353 -1525
32301777 5632353 -1475
32301772 5632650 -1425
32301777 5632650 -1425
32301773 5632650 -1375
32301777 5632393 -725
32301777 5632481 -675
32301777 5632532 -625
32301777 5632648 -575
32301773 5632650 -575
32301777 5632650 -576
32301777 5632610 -525
32301668 5632650 -525
32301777 5632571 -475
32301562 5632650 -475
32301777 5632650 -465
32301482 5632650 -425
32301517 5632650 -375
32301552 5632650 -325
32301777 5632365 -175
32301777 5632450 -125
32301777 5632518 -75
32301777 5632590 -25
32301759 5632650 25
32301777 5632650 18
32301626 5632650 75
32301485 5632650 125
32301777 5632654 -1425
32301777 5632653 -1375
32301777 5632653 -1325
32301777 5632653 -1275
32301773 5632950 -1225
32301777 5632950 -1225
32301773 5632950 -1175
32301777 5632654 -575
32301777 5632764 -525
32301777 5632878 -475
32301777 5632950 -444
32301777 5632935 -425
32301716 5632950 -425
32301777 5632900 -375
32301584 5632950 -375
32301777 5632866 -325
32301532 5632950 -275
32301777 5632950 -310
32301557 5632950 -225
32301591 5632950 -175
32301625 5632950 -125
32301777 5632671 25
32301777 5632841 75
32301686 5632950 125
32301777 5632950 104
32301777 5632953 -1225
32301777 5632953 -1175
32301777 5632953 -1125
32301777 5632998 -1075
32301773 5633250 -1025
32301777 5633250 -1034
32301773 5633250 -975
32301777 5633014 -425
32301777 5633197 -375
32301651 5633250 -325
32301777 5633250 -362
32301777 5633172 -275
32301475 5633250 -275
32301777 5633151 -225
32301777 5633118 -175
32301777 5633086 -125
32301636 5633250 -75
32301777 5633250 -96
32301671 5633250 -25
32301710 5633250 25
32301729 5633250 125
32301777 5633250 110
32301565 5633250 175
32301777 5633253 -1025
32301777 5633253 -975
32301777 5633253 -925
32301777 5633252 -875
32301773 5633550 -825
32301777 5633550 -825
32301774 5633550 -775
32301777 5633370 -325
32301775 5633550 -275
32301777 5633550 -275
32301640 5633550 -225
32301507 5633550 -175
32301777 5633384 -75
32301777 5633346 -25
32301777 5633309 25
32301777 5633275 75
32301777 5633350 125
32301777 5633550 121
32301751 5633550 125
32301777 5633550 152
32301560 5633550 275
32301777 5633553 -825
32301777 5633552 -775
32301777 5633552 -725
32301777 5633552 -675
32301774 5633850 -625
32301777 5633850 -625
32301774 5633850 -575
32301774 5633850 -525
32301777 5633550 -275
32301777 5633649 -225
32301777 5633745 -175
32301777 5633838 -125
32301690 5633850 -75
32301777 5633850 -118
32301594 5633850 -25
32301500 5633850 25
32301777 5633580 125
32301777 5633850 265
32301694 5633850 275
32301777 5633720 275
32301777 5633787 325
32301737 5633850 325
32301777 5633850 370
32301688 5633850 425
32301608 5633850 475
32301777 5633852 -625
32301777 5633852 -575
32301777 5633852 -525
32301777 5633852 -475
32301774 5634150 -425
32301777 5634150 -425
32301774 5634150 -375
32301774 5634150 -325
32301777 5633907 -75
32301777 5633970 -25
32301777 5634032 25
32301777 5634093 75
32301772 5634150 125
32301777 5634150 121
32301693 5634150 175
32301615 5634150 225
32301777 5633961 275
32301537 5634150 275
32301777 5633902 325
32301624 5634150 475
32301777 5633960 475
32301777 5634150 457
32301777 5634152 -425
32301777 5634152 -375
32301777 5634152 -325
32301777 5634152 -275
32301777 5634151 -225
32301774 5634450 -175
32301777 5634450 -175
32301774 5634450 -125
32301774 5634450 -75
32301777 5634153 125
32301777 5634201 175
32301777 5634249 225
32301777 5634296 275
32301777 5634344 325
32301777 5634392 375
32301777 5634441 425
32301728 5634406 437
32301777 5634389 475
32301708 5634450 475
32301777 5634450 433
32301777 5634453 -175
32301777 5634452 -125
32301777 5634452 -75
32301777 5634452 -25
32301777 5634452 25
32301773 5634750 75
32301777 5634750 74
32301774 5634750 125
32301774 5634750 175
32301777 5634491 475
32301777 5634753 75
32301777 5634753 125
32301777 5634752 175
32301777 5634752 225
32301777 5634752 275
32301773 5635050 325
32301777 5635050 324
32301774 5635050 375
32301774 5635050 425
32301777 5635053 325
32301777 5635053 375
32301777 5635052 425
32301777 5635052 475
32302078 5623650 -2726
32302078 5623950 -2726
32301995 5623650 -75
32302078 5623714 -75
32302078 5623650 -82
32302078 5623950 -46
32302078 5624250 -2726
32302078 5624059 -25
32302004 5624250 25
32302078 5624250 10
32301809 5624250 75
32302078 5624550 -2726
32301888 5624550 25
32302078 5624308 25
32302008 5624550 75
32302078 5624473 75
32301908 5624342 54
32302078 5624550 106
32302078 5624850 -2726
32301779 5624850 -225
32301870 5624850 -175
32301956 5624850 -125
32302040 5624850 -75
32302078 5624850 -52
32302078 5624790 -25
32302078 5624690 25
32302078 5624600 75
32302078 5625150 -2726
32301803 5625150 -425
32301890 5625150 -375
32301973 5625150 -325
32302052 5625150 -275
32302078 5625150 -258
32302078 5625099 -225
32302078 5625025 -175
32302078 5624953 -125
32302078 5624882 -75
32302078 5625450 -2726
32301795 5625450 -625
32301901 5625450 -575
32301999 5625450 -525
32302078 5625450 -481
32302078 5625440 -475
32302078 5625368 -425
32302078 5625300 -375
32302078 5625234 -325
32302078 5625171 -275
32302078 5625750 -2726
32301898 5625750 -725
32302031 5625750 -675
32302078 5625750 -656
32302078 5625688 -625
32302078 5625598 -575
32302078 5625516 -525
32302078 5626050 -2726
32301840 5626050 -825
32302018 5626050 -775
32302078 5626050 -757
32302078 5625947 -725
32302078 5625801 -675
32302078 5626350 -2726
32301983 5626350 -825
32302078 5626350 -803
32302078 5626161 -775
32302078 5626650 -2726
32302034 5626650 -825
32302078 5626650 -816
32302078 5626950 -2725
32302019 5626950 -825
32302078 5626950 -816
32302078 5627250 -2725
32301934 5627250 -825
32302078 5627250 -809
32302078 5627550 -2725
32302078 5627550 -797
32302078 5627850 -2725
32302078 5627850 -781
32302078 5628150 -2725
32302078 5628037 -775
32302078 5628150 -770
32302078 5628450 -2725
32302078 5628450 -767
32302072 5628750 -2725
32302078 5628750 -2725
32301786 5628750 -1525
32302078 5628750 -763
32302078 5628755 -2725
32302078 5629050 -2675
32302078 5629041 -1525
32301804 5629050 -1525
32302078 5629050 -1545
32302078 5629050 -1523
32301795 5629050 -1475
32301815 5629050 -1425
32301834 5629050 -1375
32301895 5629050 -725
32302078 5629050 -755
32302075 5629350 -2675
32302078 5629350 -2675
32302078 5629281 -1525
32302078 5629332 -1475
32302078 5629350 -1518
32302078 5629312 -1425
32302078 5629292 -1375
32301840 5629350 -1325
32302078 5629350 -1365
32301859 5629350 -1275
32301881 5629350 -1225
32301901 5629350 -1175
32302054 5629350 -725
32302078 5629350 -729
32301810 5629350 -675
32302078 5629353 -2675
32302073 5629650 -2625
32302078 5629650 -2625
32301975 5629650 -1475
32302078 5629650 -1496
32302078 5629582 -1325
32302078 5629563 -1275
32302078 5629541 -1225
32302078 5629650 -1178
32302054 5629650 -1175
32301904 5629650 -1125
32301924 5629650 -1075
32301943 5629650 -1025
32302078 5629375 -725
32302078 5629635 -675
32301874 5629650 -625
32302078 5629650 -672
32302078 5629655 -2625
32302073 5629950 -2575
32302078 5629950 -2575
32302078 5629764 -1475
32301999 5629950 -1425
32302078 5629950 -1439
32302078 5629674 -1175
32302078 5629824 -1125
32302078 5629804 -1075
32302078 5629785 -1025
32301934 5629950 -975
32302078 5629950 -998
32301954 5629950 -925
32301973 5629950 -875
32301989 5629950 -825
32302078 5629842 -625
32301990 5629950 -575
32302078 5629950 -598
32301801 5629950 -525
32302078 5629955 -2575
32302076 5630250 -2525
32302078 5630250 -2525
32302078 5630011 -1425
32302078 5630216 -1375
32301905 5630250 -1325
32302078 5630250 -1366
32302078 5630094 -975
32302078 5630074 -925
32302078 5630055 -875
32302078 5630250 -843
32301957 5630250 -825
32301977 5630250 -775
32301996 5630250 -725
32302015 5630250 -675
32302078 5630031 -575
32302078 5630208 -525
32301962 5630250 -475
32302078 5630250 -513
32301812 5630250 -425
32302078 5630251 -2525
32302078 5630254 -2475
32302073 5630550 -2425
32302078 5630550 -2425
32302078 5630393 -1325
32302067 5630550 -1275
32302078 5630550 -1278
32301901 5630550 -1225
32302078 5630370 -825
32302078 5630351 -775
32302078 5630331 -725
32302078 5630550 -690
32301974 5630550 -675
32301994 5630550 -625
32302014 5630550 -575
32302034 5630550 -525
32302078 5630367 -475
32302078 5630524 -425
32301981 5630550 -375
32302078 5630550 -417
32301870 5630550 -325
32302078 5630554 -2425
32302078 5630554 -2375
32302073 5630850 -2325
32302078 5630850 -2325
32301809 5630850 -1475
32302078 5630559 -1275
32302078 5630706 -1225
32302077 5630850 -1175
32302078 5630850 -1175
32301940 5630850 -1125
32301810 5630850 -1075
32302078 5630652 -675
32302078 5630632 -625
32302078 5630612 -575
32302078 5630850 -538
32301986 5630850 -525
32302007 5630850 -475
32302027 5630850 -425
32302078 5630663 -375
32302048 5630850 -375
32302078 5630798 -325
32302024 5630850 -275
32302078 5630850 -305
32301942 5630850 -225
32301866 5630850 -175
32301797 5630850 -125
32302078 5630854 -2325
32302078 5630854 -2275
32302073 5631150 -2225
32302078 5631150 -2225
32302078 5631121 -1475
32301995 5631150 -1475
32302078 5631150 -1506
32302078 5631150 -1470
32301788 5631150 -1375
32301832 5631150 -1325
32302078 5630850 -1175
32302078 5630981 -1125
32302078 5631109 -1075
32302000 5631150 -1025
32302078 5631150 -1058
32301889 5631150 -975
32301783 5631150 -925
32302078 5630938 -525
32302078 5630918 -475
32302078 5630898 -425
32302078 5631150 -387
32301991 5631150 -375
32302012 5631150 -325
32302078 5630918 -275
32302033 5631150 -275
32302053 5631150 -225
32302078 5631027 -225
32302074 5631150 -175
32302078 5631131 -175
32302078 5631150 -165
32302017 5631150 -125
32301945 5631150 -75
32301875 5631150 -25
32301807 5631150 25
32302078 5631154 -2225
32302078 5631154 -2175
32302073 5631450 -2125
32302078 5631450 -2125
32302078 5631230 -1475
32302078 5631439 -1375
32302051 5631450 -1375
32302078 5631450 -1386
32302078 5631393 -1325
32301940 5631450 -1325
32302078 5631450 -1317
32301797 5631450 -1225
32301844 5631450 -1175
32302078 5631236 -1025
32302078 5631341 -975
32302075 5631450 -925
32302078 5631450 -926
32301977 5631450 -875
32301884 5631450 -825
32301795 5631450 -775
32302078 5631233 -375
32302078 5631213 -325
32302078 5631193 -275
32302078 5631173 -225
32302078 5631450 -185
32302004 5631450 -175
32302078 5631219 -125
32302023 5631450 -125
32302042 5631450 -75
32302078 5631301 -75
32302061 5631450 -25
32302078 5631381 -25
32302000 5631365 16
32302078 5631450 18
32302068 5631450 25
32301993 5631450 75
32301917 5631450 125
32301843 5631450 175
32302078 5631454 -2125
32302078 5631454 -2075
32302075 5631750 -2025
32302078 5631750 -2025
32302074 5631750 -1975
32302078 5631476 -1375
32302078 5631588 -1325
32302078 5631725 -1225
32302026 5631750 -1225
32302078 5631750 -1250
32302078 5631677 -1175
32301930 5631750 -1175
32301851 5631750 -1125
32302078 5631647 -1125
32301791 5631750 -1075
32302078 5631750 -1112
32301838 5631750 -1025
32301887 5631750 -975
32302078 5631453 -925
32302078 5631562 -875
32302078 5631668 -825
32302060 5631750 -775
32302078 5631750 -785
32301982 5631750 -725
32301906 5631750 -675
32301834 5631750 -625
32302078 5631522 -175
32302078 5631503 -125
32302078 5631484 -75
32302078 5631750 -37
32301987 5631750 -25
32302078 5631460 25
32302005 5631750 25
32302024 5631750 75
32302078 5631536 75
32302055 5631473 33
32302043 5631750 125
32302078 5631611 125
32302062 5631750 175
32302078 5631686 175
32302078 5631750 216
32301895 5631564 217
32302065 5631750 225
32301991 5631750 275
32301918 5631750 325
32301846 5631750 375
32302078 5631753 -2025
32302078 5631754 -1975
32302078 5631753 -1925
32302073 5632050 -1875
32302078 5632050 -1875
32302074 5632050 -1825
32302078 5631801 -1225
32302078 5631900 -1175
32302078 5631985 -1125
32302078 5632050 -1096
32302078 5632029 -1075
32302036 5632050 -1075
32302078 5631982 -1025
32301942 5632050 -1025
32301879 5631939 -999
32302078 5631934 -975
32301852 5632050 -975
32301782 5632050 -925
32302078 5632050 -960
32301827 5632050 -875
32301863 5632050 -825
32302078 5631769 -775
32302078 5631855 -725
32302078 5631939 -675
32302078 5632021 -625
32302031 5632050 -575
32302078 5632050 -607
32301960 5632050 -525
32301892 5632050 -475
32301826 5632050 -425
32302078 5631837 -25
32302078 5631819 25
32302078 5631801 75
32302078 5631783 125
32302078 5632050 163
32301992 5632050 175
32302078 5631765 225
32302012 5632050 225
32302031 5632050 275
32302078 5631850 275
32302049 5631783 235
32302050 5632050 325
32302078 5631934 325
32302070 5632050 375
32302078 5632016 375
32302078 5632050 396
32302040 5632050 425
32301972 5632050 475
32302078 5632054 -1875
32302078 5632054 -1825
32302078 5632053 -1775
32302074 5632350 -1725
32302078 5632350 -1725
32302074 5632350 -1675
32302078 5632089 -1075
32302078 5632178 -1025
32302078 5632264 -975
32302078 5632350 -923
32302078 5632305 -875
32301990 5632350 -875
32302078 5632258 -825
32301902 5632350 -825
32302078 5632350 -814
32301797 5632350 -725
32301839 5632350 -675
32301849 5632350 -625
32302078 5632100 -575
32302078 5632174 -525
32302078 5632246 -475
32302078 5632317 -425
32302041 5632350 -375
32302078 5632350 -401
32301971 5632350 -325
32301902 5632350 -275
32301833 5632350 -225
32302078 5632136 175
32302078 5632117 225
32302078 5632097 275
32302078 5632077 325
32302078 5632058 375
32302078 5632086 425
32302078 5632350 414
32302002 5632350 425
32302021 5632350 475
32302078 5632151 475
32302016 5632108 443
32302078 5632354 -1725
32302078 5632353 -1675
32302078 5632353 -1625
32302078 5632353 -1575
32302074 5632650 -1525
32302078 5632650 -1525
32302074 5632650 -1475
32302078 5632432 -875
32302078 5632515 -825
32302078 5632635 -725
32302047 5632650 -725
32302078 5632650 -741
32302078 5632592 -675
32301954 5632650 -675
32302078 5632549 -625
32301862 5632650 -625
32302078 5632650 -613
32301778 5632650 -575
32301816 5632650 -525
32301854 5632650 -475
32302078 5632388 -375
32302078 5632462 -325
32302078 5632534 -275
32302078 5632607 -225
32302044 5632650 -175
32302078 5632650 -195
32301964 5632650 -125
32301901 5632650 -75
32301833 5632650 -25
32302078 5632424 425
32302078 5632406 475
32302078 5632653 -1525
32302078 5632653 -1475
32302078 5632653 -1425
32302074 5632950 -1375
32302078 5632950 -1375
32302074 5632950 -1325
32302074 5632950 -1275
32302078 5632680 -725
32302078 5632771 -675
32302078 5632862 -625
32302078 5632950 -577
32302078 5632948 -575
32302072 5632950 -575
32302078 5632908 -525
32301959 5632950 -525
32301873 5632850 -499
32302078 5632869 -475
32301846 5632950 -475
32301791 5632950 -425
32302078 5632950 -464
32301827 5632950 -375
32301864 5632950 -325
32302078 5632688 -175
32302078 5632782 -125
32302078 5632874 -75
32302061 5632950 -25
32302078 5632950 -32
32301953 5632950 25
32301844 5632950 75
32302078 5632953 -1375
32302078 5632953 -1325
32302078 5632953 -1275
32302078 5632953 -1225
32302074 5633250 -1175
32302078 5633250 -1175
32302074 5633250 -1125
32302027 5633250 -1075
32302078 5632955 -575
32302078 5633071 -525
32302078 5633193 -475
32302078 5633250 -452
32302078 5633228 -425
32301990 5633250 -425
32301854 5633143 -400
32302078 5633191 -375
32301822 5633250 -375
32302078 5633154 -325
32302078 5633118 -275
32301880 5633250 -225
32302078 5633250 -255
32301917 5633250 -175
32301952 5633250 -125
32302078 5632973 -25
32302078 5633127 25
32302007 5633250 75
32302078 5633250 63
32302078 5633253 -1175
32302078 5633253 -1125
32302078 5633253 -1075
32302078 5633252 -1025
32302074 5633550 -975
32302078 5633550 -975
32302075 5633550 -925
32302075 5633550 -875
32302078 5633326 -425
32302078 5633474 -375
32301979 5633550 -325
32302078 5633550 -351
32302078 5633450 -225
32302078 5633412 -175
32302078 5633376 -125
32302078 5633341 -75
32301980 5633550 -25
32302078 5633550 -41
32302018 5633550 25
32302078 5633321 75
32302053 5633550 75
32302078 5633550 109
32301972 5633550 125
32302078 5633553 -975
32302078 5633553 -925
32302078 5633552 -875
32302078 5633552 -825
32302075 5633850 -775
32302078 5633850 -775
32302075 5633850 -725
32302075 5633850 -675
32302078 5633608 -325
32302078 5633722 -275
32302078 5633839 -225
32301943 5633850 -175
32302078 5633850 -220
32301795 5633850 -125
32302078 5633668 -25
32302078 5633623 25
32302078 5633579 75
32302078 5633697 175
32302078 5633850 136
32302023 5633850 175
32302062 5633850 225
32302078 5633805 225
32302006 5633850 275
32302078 5633850 245
32301886 5633850 325
32302078 5633853 -775
32302078 5633852 -725
32302078 5633852 -675
32302078 5633852 -625
32302078 5633852 -575
32302075 5634150 -525
32302078 5634150 -525
32302075 5634150 -475
32302078 5633920 -175
32302078 5633996 -125
32302078 5634070 -75
32302078 5634143 -25
32301980 5634150 25
32302078 5634150 -20
32301874 5634150 75
32302078 5633926 175
32302078 5633872 225
32302078 5634150 353
32301989 5634150 375
32302078 5634011 375
32302029 5634150 425
32302078 5634072 425
32302078 5634134 475
32302078 5634152 -525
32302078 5634152 -475
32302078 5634152 -425
32302078 5634151 -375
32302075 5634450 -325
32302078 5634450 -325
32302075 5634450 -275
32302075 5634450 -225
32302078 5634201 25
32302078 5634255 75
32302078 5634309 125
32302078 5634362 175
32302078 5634414 225
32302051 5634450 275
32302078 5634450 259
32301965 5634450 325
32302078 5634292 375
32301878 5634450 375
32302078 5634227 425
32301792 5634450 425
32302078 5634165 475
32302078 5634453 -325
32302078 5634452 -275
32302078 5634452 -225
32302078 5634452 -175
32302078 5634451 -125
32302075 5634750 -75
32302078 5634750 -75
32302075 5634750 -25
32302075 5634750 25
32302078 5634466 275
32302078 5634517 325
32302078 5634569 375
32302078 5634621 425
32302078 5634674 475
32302078 5634753 -75
32302078 5634752 -25
32302078 5634752 25
32302078 5634752 75
32302078 5634752 125
32302075 5635050 175
32302078 5635050 174
32302075 5635050 225
32302075 5635050 275
32302078 5635053 175
32302078 5635052 225
32302078 5635052 275
32302078 5635052 325
32302078 5635052 375
32302075 5635350 425
32302078 5635350 424
32302075 5635350 475
32302078 5635353 425
32302078 5635352 475
32302379 5623650 -2726
32302379 5623950 -2726
32302353 5623950 -75
32302379 5623950 -77
32302379 5623650 -123
32302379 5624250 -2726
32302379 5623965 -75
32302360 5624250 -25
32302379 5624250 -27
32302379 5624550 -2726
32302379 5624255 -25
32302379 5624362 25
32302379 5624449 75
32302208 5624550 125
32302379 5624521 125
32302379 5624550 147
32302379 5624850 -2726
32302121 5624850 -25
32302196 5624850 25
32302265 5624850 75
32302329 5624850 125
32302379 5624850 164
32302379 5625150 -2726
32302128 5625150 -225
32302200 5625150 -175
32302267 5625150 -125
32302330 5625150 -75
32302379 5625150 -34
32302379 5625134 -25
32302379 5625055 25
32302379 5624980 75
32302379 5624908 125
32302379 5625450 -2726
32302089 5625450 -475
32302173 5625450 -425
32302253 5625450 -375
32302327 5625450 -325
32302379 5625450 -288
32302379 5625432 -275
32302379 5625370 -225
32302379 5625310 -175
32302379 5625252 -125
32302379 5625195 -75
32302379 5625750 -2726
32302147 5625750 -625
32302254 5625750 -575
32302354 5625750 -525
32302379 5625750 -512
32302379 5625691 -475
32302379 5625618 -425
32302379 5625552 -375
32302379 5625491 -325
32302379 5626050 -2726
32302168 5626050 -725
32302302 5626050 -675
32302379 5626050 -645
32302379 5625998 -625
32302379 5625880 -575
32302379 5625775 -525
32302379 5626350 -2726
32302172 5626350 -775
32302335 5626350 -725
32302379 5626350 -711
32302379 5626180 -675
32302379 5626650 -2726
32302243 5626650 -775
32302379 5626650 -740
32302379 5626489 -725
32302379 5626950 -2726
32302286 5626950 -775
32302379 5626950 -756
32302379 5627250 -2725
32302344 5627250 -775
32302379 5627250 -770
32302379 5627550 -2725
32302379 5627550 -780
32302379 5627391 -775
32302379 5627850 -2725
32302379 5627850 -783
32302379 5628150 -2725
32302159 5628150 -775
32302379 5628150 -785
32302379 5628450 -2725
32302182 5628450 -775
32302379 5628450 -788
32302379 5628750 -2725
32302150 5628750 -775
32302379 5628750 -800
32302379 5628755 -2725
32302379 5629050 -2675
32302086 5629050 -1525
32302224 5629050 -775
32302379 5629050 -804
32302379 5629350 -2675
32302379 5629334 -1525
32302117 5629350 -1525
32302379 5629350 -1565
32302379 5629350 -1522
32302096 5629350 -1475
32302117 5629350 -1425
32302137 5629350 -1375
32302343 5629350 -775
32302379 5629350 -780
32302379 5629355 -2675
32302379 5629650 -2625
32302298 5629650 -1525
32302379 5629650 -1535
32302379 5629625 -1475
32302379 5629605 -1425
32302379 5629584 -1375
32302147 5629650 -1325
32302379 5629650 -1363
32302167 5629650 -1275
32302187 5629650 -1225
32302379 5629390 -775
32302321 5629650 -725
32302379 5629650 -737
32302091 5629650 -675
32302379 5629655 -2625
32302379 5629950 -2575
32302379 5629718 -1525
32302287 5629950 -1475
32302379 5629950 -1489
32302379 5629882 -1325
32302379 5629862 -1275
32302379 5629842 -1225
32302183 5629950 -1175
32302379 5629950 -1207
32302203 5629950 -1125
32302223 5629950 -1075
32302243 5629950 -1025
32302379 5629707 -725
32302379 5629937 -675
32302185 5629950 -625
32302379 5629950 -672
32302379 5629954 -2575
32302379 5630250 -2525
32302379 5630025 -1475
32302358 5630250 -1425
32302379 5630250 -1429
32302117 5630250 -1375
32302379 5630147 -1175
32302379 5630127 -1125
32302379 5630107 -1075
32302379 5630250 -1051
32302213 5630250 -1025
32302232 5630250 -975
32302252 5630250 -925
32302271 5630250 -875
32302379 5630121 -625
32302326 5630250 -575
32302379 5630250 -588
32302126 5630250 -525
32302379 5630254 -2525
32302374 5630550 -2475
32302379 5630550 -2475
32302379 5630267 -1425
32302379 5630468 -1375
32302261 5630550 -1325
32302379 5630550 -1354
32302379 5630418 -1025
32302379 5630398 -975
32302379 5630378 -925
32302379 5630550 -897
32302236 5630550 -875
32302255 5630550 -825
32302274 5630550 -775
32302293 5630550 -725
32302379 5630293 -575
32302379 5630453 -525
32302306 5630550 -475
32302379 5630550 -494
32302110 5630550 -425
32302379 5630554 -2475
32302379 5630554 -2425
32302375 5630850 -2375
32302379 5630850 -2375
32302379 5630667 -1325
32302367 5630850 -1275
32302379 5630850 -1278
32302220 5630850 -1225
32302379 5630694 -875
32302379 5630674 -825
32302379 5630655 -775
32302379 5630850 -744
32302255 5630850 -725
32302274 5630850 -675
32302294 5630850 -625
32302313 5630850 -575
32302379 5630614 -475
32302379 5630783 -425
32302286 5630850 -375
32302379 5630850 -406
32302136 5630850 -325
32302379 5630854 -2375
32302375 5631150 -2325
32302379 5631150 -2325
32302375 5631150 -2275
32302107 5631150 -1475
32302379 5630862 -1275
32302379 5631017 -1225
32302361 5631150 -1175
32302379 5631150 -1182
32302237 5631150 -1125
32302116 5631150 -1075
32302379 5630973 -725
32302379 5630953 -675
32302379 5630934 -625
32302379 5631150 -591
32302271 5631150 -575
32302292 5631150 -525
32302312 5631150 -475
32302333 5631150 -425
32302379 5630950 -375
32302379 5631114 -325
32302295 5631150 -275
32302379 5631150 -314
32302193 5631150 -225
32302095 5631150 -175
32302379 5631154 -2325
32302379 5631154 -2275
32302379 5631154 -2225
32302375 5631450 -2175
32302379 5631450 -2175
32302379 5631428 -1475
32302314 5631450 -1475
32302379 5631450 -1498
32302379 5631450 -1471
32302089 5631450 -1375
32302136 5631450 -1325
32302379 5631169 -1175
32302379 5631308 -1125
32302379 5631446 -1075
32302266 5631450 -1025
32302379 5631450 -1073
32302173 5631450 -975
32302379 5631253 -575
32302379 5631233 -525
32302379 5631213 -475
32302379 5631450 -438
32302285 5631450 -425
32302302 5631450 -375
32302323 5631450 -325
32302379 5631250 -275
32302344 5631450 -275
32302365 5631450 -225
32302379 5631372 -225
32302379 5631450 -191
32302354 5631450 -175
32302279 5631450 -125
32302208 5631450 -75
32302138 5631450 -25
32302379 5631454 -2175
32302379 5631453 -2125
32302375 5631750 -2075
32302379 5631750 -2075
32302379 5631510 -1475
32302379 5631742 -1375
32302361 5631750 -1375
32302379 5631750 -1382
32302379 5631694 -1325
32302243 5631750 -1325
32302131 5631750 -1275
32302379 5631646 -1275
32302102 5631750 -1225
32302379 5631750 -1261
32302151 5631750 -1175
32302182 5631750 -1125
32302379 5631568 -1025
32302379 5631688 -975
32302332 5631750 -925
32302379 5631750 -949
32302236 5631750 -875
32302146 5631750 -825
32302379 5631537 -425
32302379 5631521 -375
32302379 5631501 -325
32302379 5631482 -275
32302379 5631750 -234
32302307 5631750 -225
32302351 5631497 -191
32302379 5631487 -175
32302328 5631750 -175
32302349 5631750 -125
32302379 5631599 -125
32302336 5631520 -157
32302371 5631750 -75
32302379 5631709 -75
32302379 5631750 -56
32302343 5631750 -25
32302298 5631750 25
32302240 5631750 75
32302182 5631750 125
32302125 5631750 175
32302379 5631754 -2075
32302379 5631753 -2025
32302379 5631753 -1975
32302375 5632050 -1925
32302379 5632050 -1925
32302379 5631766 -1375
32302379 5631880 -1325
32302379 5631991 -1275
32302379 5632050 -1248
32302379 5632026 -1225
32302330 5632050 -1225
32302379 5631977 -1175
32302228 5632050 -1175
32302167 5631955 -1146
32302379 5631927 -1125
32302131 5632050 -1125
32302099 5632050 -1075
32302379 5632050 -1109
32302147 5632050 -1025
32302196 5632050 -975
32302379 5631799 -925
32302379 5631900 -875
32302379 5631998 -825
32302339 5632050 -775
32302379 5632050 -798
32302257 5632050 -725
32302178 5632050 -675
32302103 5632050 -625
32302379 5631816 -225
32302379 5631796 -175
32302379 5631776 -125
32302379 5631757 -75
32302379 5631805 -25
32302379 5632050 -32
32302319 5632050 -25
32302342 5632050 25
32302379 5631884 25
32302329 5631835 -3
32302366 5632050 75
32302379 5631988 75
32302379 5632050 103
32302302 5632050 175
32302251 5632050 225
32302202 5632050 275
32302152 5632050 325
32302100 5632050 375
32302379 5632053 -1925
32302379 5632053 -1875
32302379 5632054 -1825
32302375 5632350 -1775
32302379 5632350 -1775
32302379 5632097 -1225
32302379 5632195 -1175
32302379 5632290 -1125
32302379 5632350 -1092
32302379 5632332 -1075
32302345 5632350 -1075
32302379 5632282 -1025
32302253 5632350 -1025
32302192 5632238 -1000
32302379 5632233 -975
32302165 5632350 -975
32302379 5632350 -960
32302123 5632350 -875
32302170 5632350 -825
32302379 5632089 -775
32302379 5632171 -725
32302379 5632250 -675
32302379 5632325 -625
32302329 5632350 -575
32302379 5632350 -607
32302255 5632350 -525
32302182 5632350 -475
32302111 5632350 -425
32302379 5632111 -25
32302379 5632088 25
32302379 5632063 75
32302279 5632350 175
32302379 5632350 160
32302379 5632115 175
32302297 5632350 225
32302379 5632158 225
32302282 5632131 198
32302316 5632350 275
32302379 5632201 275
32302336 5632350 325
32302379 5632245 325
32302356 5632350 375
32302379 5632292 375
32302379 5632342 425
32302308 5632350 475
32302379 5632350 431
32302379 5632353 -1775
32302379 5632353 -1725
32302379 5632353 -1675
32302375 5632650 -1625
32302379 5632650 -1625
32302376 5632650 -1575
32302379 5632382 -1075
32302379 5632470 -1025
32302379 5632555 -975
32302379 5632610 -875
32302304 5632650 -875
32302379 5632650 -916
32302379 5632562 -825
32302218 5632650 -825
32302133 5632650 -775
32302379 5632515 -775
32302092 5632650 -725
32302379 5632650 -759
32302134 5632650 -675
32302176 5632650 -625
32302379 5632397 -575
32302379 5632467 -525
32302379 5632534 -475
32302379 5632598 -425
32302367 5632650 -375
32302379 5632650 -382
32302289 5632650 -325
32302210 5632650 -275
32302128 5632650 -225
32302379 5632454 175
32302379 5632435 225
32302379 5632416 275
32302379 5632395 325
32302379 5632374 375
32302297 5632650 425
32302379 5632650 412
32302379 5632410 475
32302313 5632650 475
32302379 5632653 -1625
32302379 5632653 -1575
32302379 5632653 -1525
32302375 5632950 -1475
32302379 5632950 -1475
32302376 5632950 -1425
32302379 5632721 -875
32302379 5632805 -825
32302379 5632887 -775
32302379 5632950 -736
32302379 5632940 -725
32302358 5632950 -725
32302379 5632897 -675
32302263 5632950 -675
32302191 5632842 -650
32302379 5632854 -625
32302168 5632950 -625
32302094 5632936 -579
32302379 5632812 -575
32302119 5632950 -525
32302379 5632950 -558
32302158 5632950 -475
32302379 5632661 -375
32302379 5632737 -325
32302379 5632813 -275
32302379 5632891 -225
32302353 5632950 -175
32302379 5632950 -188
32302255 5632950 -125
32302158 5632950 -75
32302379 5632733 425
32302379 5632716 475
32302379 5632953 -1475
32302379 5632953 -1425
32302379 5632953 -1375
32302379 5632952 -1325
32302375 5633250 -1275
32302379 5633250 -1275
32302376 5633250 -1225
32302379 5632970 -725
32302379 5633062 -675
32302379 5633154 -625
32302379 5633248 -575
32302297 5633170 -573
32302379 5633210 -525
32302261 5633250 -525
32302379 5633250 -574
32302169 5633162 -497
32302379 5633171 -475
32302135 5633250 -475
32302143 5633196 -454
32302379 5633132 -425
32302136 5633250 -375
32302379 5633250 -409
32302173 5633250 -325
32302209 5633250 -275
32302379 5632975 -175
32302379 5633067 -125
32302379 5633156 -75
32302379 5633241 -25
32302223 5633250 25
32302379 5633250 -19
32302379 5633253 -1275
32302379 5633253 -1225
32302379 5633252 -1175
32302379 5633252 -1125
32302376 5633550 -1075
32302379 5633550 -1075
32302376 5633550 -1025
32302379 5633353 -525
32302379 5633463 -475
32302340 5633550 -425
32302379 5633550 -437
32302379 5633501 -375
32302168 5633550 -375
32302379 5633463 -325
32302379 5633426 -275
32302379 5633390 -225
32302210 5633550 -175
32302379 5633550 -202
32302245 5633550 -125
32302279 5633550 -75
32302379 5633375 25
32302379 5633526 75
32302379 5633550 82
32302379 5633553 -1075
32302379 5633553 -1025
32302379 5633552 -975
32302379 5633552 -925
32302376 5633850 -875
32302379 5633850 -875
32302376 5633850 -825
32302379 5633575 -425
32302379 5633683 -375
32302379 5633797 -325
32302284 5633850 -275
32302379 5633850 -302
32302096 5633850 -225
32302379 5633745 -175
32302379 5633706 -125
32302379 5633667 -75
32302379 5633629 -25
32302266 5633850 25
32302379 5633850 6
32302301 5633850 75
32302379 5633668 125
32302154 5633850 125
32302379 5633810 175
32302185 5633850 225
32302379 5633850 188
32302379 5633853 -875
32302379 5633852 -825
32302379 5633852 -775
32302379 5633852 -725
32302376 5634150 -675
32302379 5634150 -675
32302376 5634150 -625
32302377 5634150 -575
32302379 5633897 -275
32302379 5633985 -225
32302379 5634074 -175
32302358 5634150 -125
32302379 5634150 -132
32302226 5634150 -75
32302090 5634150 -25
32302379 5634000 25
32302379 5633953 75
32302379 5633907 125
32302379 5633862 175
32302379 5633913 225
32302379 5634150 210
32302274 5634150 225
32302379 5634000 275
32302313 5634150 275
32302318 5634150 325
32302379 5634086 325
32302347 5634150 375
32302379 5634150 362
32302224 5634150 425
32302106 5634150 475
32302379 5634152 -675
32302379 5634152 -625
32302379 5634152 -575
32302379 5634152 -525
32302379 5634151 -475
32302376 5634450 -425
32302379 5634450 -425
32302377 5634450 -375
32302379 5634160 -125
32302379 5634228 -75
32302379 5634294 -25
32302379 5634360 25
32302379 5634426 75
32302321 5634450 125
32302379 5634450 93
32302230 5634450 175
32302379 5634301 225
32302139 5634450 225
32302379 5634245 275
32302379 5634190 325
32302251 5634450 425
32302379 5634249 425
32302379 5634450 409
32302269 5634450 475
32302379 5634290 475
32302379 5634452 -425
32302379 5634452 -375
32302379 5634452 -325
32302379 5634451 -275
32302376 5634750 -225
32302379 5634750 -225
32302376 5634750 -175
32302377 5634750 -125
32302379 5634485 125
32302379 5634541 175
32302379 5634597 225
32302379 5634652 275
32302379 5634708 325
32302358 5634750 375
32302379 5634750 361
32302379 5634647 425
32302277 5634750 425
32302245 5634639 449
32302379 5634606 475
32302195 5634750 475
32302379 5634752 -225
32302379 5634752 -175
32302379 5634752 -125
32302379 5634752 -75
32302379 5634751 -25
32302376 5635050 25
32302379 5635050 24
32302376 5635050 75
32302376 5635050 125
32302379 5634765 375
32302379 5634822 425
32302379 5634880 475
32302379 5635053 25
32302379 5635052 75
32302379 5635052 125
32302379 5635052 175
32302379 5635052 225
32302376 5635350 275
32302379 5635350 274
32302376 5635350 325
32302377 5635350 375
32302379 5635352 275
32302379 5635352 325
32302379 5635352 375
32302379 5635352 425
32302379 5635351 475
32302680 5623650 -2726
32302680 5623950 -2726
32302572 5623950 -125
32302680 5623650 -149
32302403 5623650 -125
32302680 5623950 -151
32302680 5624250 -2726
32302680 5624064 -125
32302648 5624250 -75
32302680 5624250 -81
32302680 5624550 -2726
32302680 5624266 -75
32302680 5624389 -25
32302680 5624505 25
32302584 5624550 75
32302680 5624550 44
32302440 5624550 125
32302680 5624850 -2726
32302680 5624628 75
32302680 5624751 125
32302680 5624850 165
32302680 5625150 -2726
32302396 5625150 -25
32302483 5625150 25
32302567 5625150 75
32302651 5625150 125
32302680 5625150 141
32302680 5625450 -2726
32302400 5625450 -275
32302476 5625450 -225
32302550 5625450 -175
32302623 5625450 -125
32302680 5625450 -84
32302680 5625436 -75
32302680 5625368 -25
32302680 5625302 25
32302680 5625237 75
32302680 5625172 125
32302680 5625750 -2726
32302447 5625750 -475
32302534 5625750 -425
32302618 5625750 -375
32302680 5625750 -336
32302680 5625732 -325
32302680 5625665 -275
32302680 5625603 -225
32302680 5625545 -175
32302680 5625491 -125
32302680 5626050 -2726
32302423 5626050 -625
32302528 5626050 -575
32302628 5626050 -525
32302680 5626050 -498
32302680 5626000 -475
32302680 5625901 -425
32302680 5625812 -375
32302680 5626350 -2726
32302469 5626350 -675
32302590 5626350 -625
32302680 5626350 -586
32302680 5626307 -575
32302680 5626135 -525
32302680 5626650 -2726
32302425 5626650 -725
32302570 5626650 -675
32302680 5626650 -637
32302680 5626576 -625
32302680 5626950 -2726
32302498 5626950 -725
32302680 5626950 -677
32302680 5626934 -675
32302680 5627250 -2726
32302627 5627250 -725
32302680 5627250 -715
32302680 5627550 -2726
32302432 5627550 -775
32302680 5627550 -752
32302680 5627324 -725
32302680 5627850 -2726
32302680 5627850 -786
32302680 5627746 -775
32302680 5628150 -2725
32302680 5628150 -812
32302680 5628450 -2725
32302564 5628450 -825
32302680 5628450 -845
32302680 5628262 -825
32302680 5628750 -2725
32302549 5628750 -825
32302680 5628750 -849
32302674 5629050 -2725
32302680 5629050 -2725
32302537 5629050 -825
32302680 5629050 -843
32302680 5629055 -2725
32302680 5629350 -2675
32302396 5629350 -1525
32302676 5629350 -825
32302680 5629350 -825
32302675 5629650 -2675
32302680 5629650 -2675
32302680 5629650 -1570
32302680 5629630 -1525
32302404 5629650 -1475
32302680 5629650 -1521
32302425 5629650 -1425
32302445 5629650 -1375
32302680 5629356 -825
32302585 5629650 -775
32302680 5629650 -792
32302680 5629655 -2675
32302675 5629950 -2625
32302680 5629950 -2625
32302609 5629950 -1525
32302680 5629950 -1535
32302680 5629924 -1475
32302680 5629904 -1425
32302680 5629884 -1375
32302447 5629950 -1325
32302680 5629950 -1363
32302467 5629950 -1275
32302487 5629950 -1225
32302680 5629749 -775
32302613 5629950 -725
32302680 5629950 -739
32302391 5629950 -675
32302680 5629955 -2625
32302675 5630250 -2575
32302680 5630250 -2575
32302680 5630030 -1525
32302585 5630250 -1475
32302680 5630250 -1495
32302680 5630184 -1325
32302680 5630163 -1275
32302680 5630250 -1260
32302462 5630250 -1225
32302482 5630250 -1175
32302501 5630250 -1125
32302521 5630250 -1075
32302680 5630008 -725
32302680 5630203 -675
32302525 5630250 -625
32302680 5630250 -662
32302680 5630254 -2575
32302675 5630550 -2525
32302680 5630550 -2525
32302680 5630348 -1475
32302653 5630550 -1425
32302680 5630550 -1431
32302458 5630550 -1375
32302680 5630467 -1225
32302680 5630447 -1175
32302680 5630427 -1125
32302680 5630550 -1105
32302492 5630550 -1075
32302511 5630550 -1025
32302531 5630550 -975
32302548 5630550 -925
32302680 5630369 -625
32302680 5630519 -575
32302512 5630550 -525
32302680 5630550 -564
32302680 5630554 -2525
32302680 5630554 -2475
32302676 5630850 -2425
32302680 5630850 -2425
32302680 5630578 -1425
32302680 5630781 -1375
32302554 5630850 -1325
32302680 5630850 -1357
32302680 5630737 -1075
32302680 5630717 -1025
32302680 5630698 -975
32302680 5630850 -950
32302516 5630850 -925
32302535 5630850 -875
32302555 5630850 -825
32302574 5630850 -775
32302680 5630673 -525
32302680 5630827 -475
32302479 5630850 -425
32302680 5630850 -467
32302680 5630854 -2425
32302676 5631150 -2375
32302680 5631150 -2375
32302680 5630970 -1325
32302677 5631150 -1275
32302680 5631150 -1276
32302515 5631150 -1225
32302680 5631011 -925
32302680 5630992 -875
32302680 5630973 -825
32302680 5631150 -796
32302539 5631150 -775
32302559 5631150 -725
32302579 5631150 -675
32302598 5631150 -625
32302680 5631068 -425
32302574 5631150 -375
32302680 5631150 -410
32302415 5631150 -325
32302680 5631154 -2375
32302680 5631154 -2325
32302676 5631450 -2275
32302680 5631450 -2275
32302676 5631450 -2225
32302613 5631450 -1575
32302680 5631450 -1596
32302680 5631429 -1575
32302680 5631450 -1571
32302401 5631450 -1475
32302680 5631153 -1275
32302680 5631321 -1225
32302648 5631450 -1175
32302680 5631450 -1186
32302513 5631450 -1125
32302382 5631450 -1075
32302680 5631285 -775
32302680 5631266 -725
32302680 5631247 -675
32302680 5631450 -642
32302565 5631450 -625
32302585 5631450 -575
32302607 5631450 -525
32302628 5631450 -475
32302680 5631326 -375
32302625 5631450 -325
32302680 5631450 -352
32302528 5631450 -275
32302437 5631450 -225
32302680 5631454 -2275
32302680 5631454 -2225
32302680 5631454 -2175
32302676 5631750 -2125
32302680 5631750 -2125
32302680 5631515 -1575
32302680 5631727 -1475
32302618 5631750 -1475
32302680 5631750 -1498
32302487 5631750 -1425
32302680 5631679 -1425
32302386 5631750 -1375
32302680 5631750 -1414
32302435 5631750 -1325
32302484 5631750 -1275
32302680 5631484 -1175
32302680 5631632 -1125
32302657 5631750 -1075
32302680 5631750 -1084
32302544 5631750 -1025
32302434 5631750 -975
32302680 5631560 -625
32302680 5631540 -575
32302680 5631519 -525
32302680 5631499 -475
32302607 5631750 -425
32302680 5631750 -435
32302630 5631750 -375
32302680 5631547 -325
32302654 5631750 -325
32302678 5631750 -275
32302680 5631731 -275
32302680 5631750 -270
32302608 5631750 -225
32302534 5631750 -175
32302465 5631750 -125
32302402 5631750 -75
32302680 5631753 -2125
32302680 5631753 -2075
32302676 5632050 -2025
32302680 5632050 -2025
32302677 5632050 -1975
32302680 5631811 -1475
32302680 5631943 -1425
32302680 5632050 -1383
32302680 5632041 -1375
32302660 5632050 -1375
32302680 5631991 -1325
32302545 5632050 -1325
32302471 5631955 -1297
32302680 5631941 -1275
32302435 5632050 -1275
32302403 5632050 -1225
32302680 5632050 -1260
32302453 5632050 -1175
32302505 5632050 -1125
32302680 5631774 -1075
32302680 5631896 -1025
32302680 5632015 -975
32302611 5632050 -925
32302680 5632050 -960
32302517 5632050 -875
32302426 5632050 -825
32302680 5631819 -425
32302680 5631797 -375
32302680 5631774 -325
32302680 5631752 -275
32302631 5632050 -225
32302680 5631843 -225
32302680 5632050 -231
32302655 5632050 -175
32302680 5631944 -175
32302678 5632050 -125
32302680 5632042 -125
32302680 5632050 -121
32302548 5632050 -25
32302482 5632050 25
32302416 5632050 75
32302680 5632053 -2025
32302680 5632053 -1975
32302680 5632053 -1925
32302676 5632350 -1875
32302680 5632350 -1875
32302676 5632350 -1825
32302680 5632070 -1375
32302680 5632183 -1325
32302680 5632293 -1275
32302680 5632350 -1248
32302680 5632326 -1225
32302633 5632350 -1225
32302680 5632275 -1175
32302533 5632350 -1175
32302475 5632253 -1147
32302680 5632224 -1125
32302438 5632350 -1125
32302443 5632290 -1095
32302680 5632172 -1075
32302447 5632350 -1025
32302680 5632350 -1052
32302497 5632350 -975
32302680 5632119 -925
32302680 5632215 -875
32302680 5632306 -825
32302638 5632350 -775
32302680 5632350 -800
32302556 5632350 -725
32302478 5632350 -675
32302404 5632350 -625
32302680 5632100 -225
32302680 5632076 -175
32302680 5632051 -125
32302680 5632350 -35
32302602 5632350 -25
32302680 5632159 -25
32302621 5632350 25
32302680 5632210 25
32302640 5632350 75
32302680 5632257 75
32302680 5632302 125
32302659 5632350 125
32302680 5632346 175
32302631 5632350 225
32302680 5632350 179
32302575 5632350 275
32302516 5632350 325
32302454 5632350 375
32302388 5632350 425
32302680 5632353 -1875
32302680 5632353 -1825
32302680 5632353 -1775
32302677 5632650 -1725
32302680 5632650 -1725
32302677 5632650 -1675
32302680 5632396 -1225
32302680 5632493 -1175
32302680 5632586 -1125
32302653 5632650 -1075
32302680 5632650 -1089
32302680 5632584 -1025
32302563 5632650 -1025
32302499 5632534 -1000
32302680 5632534 -975
32302476 5632650 -975
32302680 5632482 -925
32302392 5632650 -925
32302680 5632650 -905
32302418 5632650 -875
32302465 5632650 -825
32302680 5632391 -775
32302512 5632650 -775
32302680 5632469 -725
32302680 5632544 -675
32302680 5632615 -625
32302645 5632650 -575
32302680 5632650 -599
32302573 5632650 -525
32302503 5632650 -475
32302435 5632650 -425
32302680 5632431 -25
32302680 5632412 25
32302680 5632392 75
32302680 5632372 125
32302680 5632351 175
32302667 5632359 180
32302680 5632392 225
32302680 5632650 211
32302584 5632650 225
32302603 5632650 275
32302680 5632440 275
32302606 5632414 245
32302622 5632650 325
32302680 5632491 325
32302642 5632650 375
32302680 5632544 375
32302680 5632600 425
32302666 5632650 475
32302680 5632650 466
32302680 5632653 -1725
32302680 5632653 -1675
32302680 5632652 -1625
32302677 5632950 -1575
32302680 5632950 -1575
32302677 5632950 -1525
32302680 5632676 -1075
32302680 5632764 -1025
32302680 5632849 -975
32302680 5632932 -925
32302512 5632785 -914
32302680 5632950 -914
32302612 5632950 -875
32302680 5632912 -875
32302680 5632865 -825
32302526 5632950 -825
32302480 5632851 -797
32302680 5632818 -775
32302443 5632950 -775
32302429 5632904 -739
32302680 5632770 -725
32302432 5632950 -675
32302680 5632950 -704
32302475 5632950 -625
32302680 5632685 -575
32302516 5632950 -575
32302680 5632756 -525
32302680 5632825 -475
32302680 5632893 -425
32302669 5632950 -375
32302680 5632950 -382
32302592 5632950 -325
32302516 5632950 -275
32302437 5632950 -225
32302680 5632744 225
32302680 5632726 275
32302680 5632707 325
32302680 5632687 375
32302680 5632667 425
32302680 5632664 475
32302680 5632950 465
32302615 5632950 475
32302680 5632953 -1575
32302680 5632953 -1525
32302680 5632952 -1475
32302680 5632952 -1425
32302677 5633250 -1375
32302680 5633250 -1375
32302677 5633250 -1325
32302680 5633017 -875
32302680 5633102 -825
32302680 5633186 -775
32302658 5633250 -725
32302680 5633250 -736
32302680 5633196 -675
32302565 5633250 -675
32302491 5633136 -651
32302680 5633153 -625
32302473 5633250 -625
32302680 5633110 -575
32302381 5633250 -575
32302680 5633068 -525
32302459 5633250 -475
32302680 5633250 -503
32302498 5633250 -425
32302680 5632961 -375
32302680 5633039 -325
32302680 5633117 -275
32302680 5633194 -225
32302654 5633250 -175
32302680 5633250 -189
32302565 5633250 -125
32302476 5633250 -75
32302388 5633250 -25
32302680 5633015 475
32302680 5633253 -1375
32302680 5633253 -1325
32302680 5633252 -1275
32302680 5633252 -1225
32302677 5633550 -1175
32302680 5633550 -1175
32302677 5633550 -1125
32302680 5633271 -725
32302680 5633362 -675
32302680 5633454 -625
32302680 5633547 -575
32302575 5633550 -525
32302680 5633550 -573
32302680 5633469 -475
32302465 5633550 -475
32302680 5633429 -425
32302680 5633390 -375
32302680 5633352 -325
32302505 5633550 -275
32302680 5633550 -299
32302542 5633550 -225
32302680 5633277 -175
32302680 5633374 -125
32302680 5633472 -75
32302654 5633550 -25
32302680 5633550 -35
32302529 5633550 25
32302399 5633550 75
32302680 5633553 -1175
32302680 5633552 -1125
32302680 5633552 -1075
32302680 5633552 -1025
32302677 5633850 -975
32302680 5633850 -975
32302678 5633850 -925
32302680 5633643 -525
32302680 5633742 -475
32302680 5633844 -425
32302565 5633850 -375
32302680 5633850 -422
32302438 5633850 -325
32302680 5633730 -275
32302680 5633691 -225
32302680 5633653 -175
32302680 5633615 -125
32302558 5633850 -75
32302680 5633850 -92
32302680 5633574 -25
32302596 5633850 -25
32302680 5633692 25
32302680 5633814 75
32302573 5633850 125
32302680 5633850 89
32302421 5633850 175
32302680 5633852 -975
32302680 5633852 -925
32302680 5633852 -875
32302680 5633852 -825
32302677 5634150 -775
32302680 5634150 -775
32302678 5634150 -725
32302680 5633935 -375
32302680 5634027 -325
32302680 5634122 -275
32302597 5634150 -225
32302680 5634150 -260
32302480 5634150 -175
32302680 5633986 -75
32302680 5633944 -25
32302680 5633903 25
32302680 5633861 75
32302680 5633922 125
32302680 5634150 112
32302593 5634150 125
32302633 5634150 175
32302680 5634026 175
32302680 5634130 225
32302584 5634150 275
32302680 5634150 234
32302466 5634150 325
32302680 5634152 -775
32302680 5634152 -725
32302680 5634152 -675
32302680 5634151 -625
32302678 5634450 -575
32302680 5634450 -575
32302678 5634450 -525
32302678 5634450 -475
32302680 5634205 -225
32302680 5634282 -175
32302680 5634360 -125
32302680 5634439 -75
32302598 5634450 -25
32302680 5634450 -68
32302505 5634450 25
32302413 5634450 75
32302680 5634255 125
32302680 5634207 175
32302680 5634159 225
32302680 5634450 343
32302631 5634450 375
32302680 5634364 375
32302680 5634438 425
32302607 5634450 475
32302680 5634450 433
32302680 5634452 -575
32302680 5634452 -525
32302680 5634452 -475
32302680 5634451 -425
32302680 5634451 -375
32302678 5634750 -325
32302680 5634750 -325
32302678 5634750 -275
32302680 5634503 -25
32302680 5634564 25
32302680 5634625 75
32302680 5634684 125
32302680 5634743 175
32302607 5634750 225
32302680 5634750 180
32302524 5634750 275
32302441 5634750 325
32302680 5634516 375
32302680 5634459 425
32302680 5634752 -325
32302680 5634752 -275
32302680 5634752 -225
32302680 5634751 -175
32302680 5634752 -125
32302678 5635050 -75
32302680 5635050 -75
32302678 5635050 -25
32302680 5634800 225
32302680 5634857 275
32302680 5634914 325
32302680 5634971 375
32302680 5635029 425
32302626 5635050 475
32302680 5635050 442
32302680 5635052 -75
32302680 5635052 -25
32302680 5635052 25
32302680 5635051 75
32302677 5635350 125
32302680 5635350 124
32302678 5635350 175
32302678 5635350 225
32302680 5635090 475
32302680 5635352 125
32302680 5635352 175
32302680 5635352 225
32302680 5635352 275
32302680 5635351 325
32302677 5635650 375
32302680 5635650 374
32302678 5635650 425
32302678 5635650 475
32302680 5635652 375
32302680 5635652 425
32302680 5635652 475
32302981 5623650 -2726
32302981 5623950 -2726
32302953 5623950 -275
32302981 5623950 -286
32302981 5623874 -275
32302981 5623650 -238
32302934 5623650 -225
32302837 5623950 -225
32302765 5623650 -175
32302728 5623950 -175
32302981 5624250 -2727
32302981 5624006 -275
32302981 5624233 -225
32302880 5624250 -175
32302981 5624250 -221
32302773 5624250 -125
32302981 5624550 -2727
32302981 5624360 -175
32302981 5624481 -125
32302929 5624550 -75
32302981 5624550 -97
32302818 5624550 -25
32302718 5624550 25
32302981 5624850 -2726
32302981 5624596 -75
32302981 5624698 -25
32302981 5624797 25
32302911 5624850 75
32302981 5624850 51
32302777 5624850 125
32302981 5625150 -2726
32302981 5624902 75
32302981 5625001 125
32302981 5625089 175
32302820 5625150 175
32302981 5625150 211
32302981 5625450 -2726
32302697 5625450 -75
32302784 5625450 -25
32302870 5625450 25
32302955 5625450 75
32302981 5625450 90
32302981 5625367 125
32302981 5625244 175
32302981 5625750 -2726
32302699 5625750 -325
32302776 5625750 -275
32302851 5625750 -225
32302924 5625750 -175
32302981 5625750 -134
32302981 5625735 -125
32302981 5625662 -75
32302981 5625595 -25
32302981 5625531 25
32302981 5625469 75
32302981 5626050 -2726
32302720 5626050 -475
32302802 5626050 -425
32302880 5626050 -375
32302954 5626050 -325
32302981 5626050 -305
32302981 5625990 -275
32302981 5625900 -225
32302981 5625815 -175
32302981 5626350 -2726
32302703 5626350 -575
32302796 5626350 -525
32302886 5626350 -475
32302972 5626350 -425
32302981 5626350 -419
32302981 5626224 -375
32302981 5626096 -325
32302981 5626650 -2726
32302707 5626650 -625
32302817 5626650 -575
32302924 5626650 -525
32302981 5626650 -497
32302981 5626558 -475
32302981 5626369 -425
32302981 5626950 -2726
32302686 5626950 -675
32302824 5626950 -625
32302963 5626950 -575
32302981 5626950 -568
32302981 5626760 -525
32302981 5627250 -2726
32302828 5627250 -675
32302981 5627250 -633
32302981 5627208 -625
32302981 5626979 -575
32302981 5627550 -2726
32302839 5627550 -725
32302981 5627550 -700
32302981 5627434 -675
32302981 5627850 -2726
32302871 5627850 -775
32302981 5627850 -768
32302981 5627656 -725
32302981 5628150 -2726
32302799 5628150 -825
32302981 5628150 -841
32302981 5628080 -825
32302981 5627875 -775
32302981 5628450 -2726
32302938 5628450 -875
32302981 5628450 -879
32302981 5628414 -875
32302981 5628750 -2725
32302839 5628750 -875
32302981 5628750 -895
32302981 5629050 -2725
32302864 5629050 -875
32302981 5629050 -893
32302981 5629062 -2725
32302981 5629350 -2676
32302962 5629350 -875
32302981 5629350 -878
32302981 5629650 -2675
32302700 5629650 -1525
32302981 5629386 -875
32302850 5629650 -825
32302981 5629650 -849
32302981 5629655 -2675
32302981 5629950 -2625
32302902 5629950 -1575
32302981 5629950 -1588
32302981 5629944 -1575
32302981 5629950 -1573
32302685 5629950 -1525
32302706 5629950 -1475
32302728 5629950 -1425
32302748 5629950 -1375
32302981 5629812 -825
32302846 5629950 -775
32302981 5629950 -803
32302976 5630250 -2625
32302981 5630250 -2625
32302981 5630052 -1575
32302981 5630250 -1547
32302981 5630240 -1525
32302847 5630250 -1525
32302981 5630219 -1475
32302981 5630198 -1425
32302981 5630250 -1416
32302730 5630250 -1375
32302748 5630250 -1325
32302768 5630250 -1275
32302981 5630098 -775
32302946 5630250 -725
32302981 5630250 -735
32302733 5630250 -675
32302981 5630255 -2625
32302980 5630550 -2575
32302981 5630550 -2575
32302981 5630379 -1525
32302888 5630550 -1475
32302981 5630550 -1493
32302981 5630500 -1375
32302981 5630480 -1325
32302981 5630460 -1275
32302764 5630550 -1225
32302981 5630550 -1260
32302784 5630550 -1175
32302804 5630550 -1125
32302981 5630282 -725
32302981 5630471 -675
32302884 5630550 -625
32302981 5630550 -653
32302715 5630550 -575
32302981 5630551 -2575
32302981 5630554 -2525
32302977 5630850 -2475
32302981 5630850 -2475
32302981 5630640 -1475
32302960 5630850 -1425
32302981 5630850 -1430
32302751 5630850 -1375
32302981 5630767 -1225
32302981 5630747 -1175
32302981 5630737 -1125
32302793 5630850 -1075
32302981 5630850 -1106
32302812 5630850 -1025
32302831 5630850 -975
32302981 5630642 -625
32302981 5630798 -575
32302873 5630850 -525
32302981 5630850 -557
32302706 5630850 -475
32302981 5630854 -2475
32302977 5631150 -2425
32302981 5631150 -2425
32302981 5630872 -1425
32302981 5631087 -1375
32302854 5631150 -1325
32302981 5631150 -1360
32302981 5631036 -1075
32302981 5631017 -1025
32302981 5631141 -975
32302820 5631150 -925
32302981 5631150 -973
32302840 5631150 -875
32302859 5631150 -825
32302981 5630985 -525
32302942 5631150 -475
32302981 5631150 -485
32302743 5631150 -425
32302981 5631154 -2425
32302981 5631154 -2375
32302977 5631450 -2325
32302981 5631450 -2325
32302701 5631450 -1575
32302981 5631289 -1325
32302950 5631450 -1275
32302981 5631450 -1284
32302796 5631450 -1225
32302981 5631307 -925
32302981 5631288 -875
32302981 5631269 -825
32302850 5631450 -775
32302981 5631450 -795
32302870 5631450 -725
32302890 5631450 -675
32302981 5631219 -475
32302922 5631450 -425
32302981 5631450 -443
32302757 5631450 -375
32302981 5631454 -2325
32302981 5631453 -2275
32302977 5631750 -2225
32302981 5631750 -2225
32302977 5631750 -2175
32302981 5631724 -1575
32302903 5631750 -1575
32302981 5631750 -1601
32302981 5631750 -1571
32302703 5631750 -1475
32302753 5631750 -1425
32302981 5631484 -1275
32302981 5631661 -1225
32302915 5631750 -1175
32302981 5631750 -1199
32302784 5631750 -1125
32302981 5631576 -775
32302981 5631557 -725
32302981 5631537 -675
32302879 5631750 -625
32302981 5631750 -640
32302900 5631750 -575
32302922 5631750 -525
32302945 5631750 -475
32302981 5631551 -425
32302941 5631750 -375
32302981 5631750 -391
32302817 5631750 -325
32302693 5631750 -275
32302981 5631754 -2225
32302981 5631753 -2175
32302981 5631753 -2125
32302978 5632050 -2075
32302981 5632050 -2075
32302981 5631831 -1575
32302981 5632021 -1475
32302907 5632050 -1475
32302981 5632050 -1503
32302981 5631972 -1425
32302781 5632050 -1425
32302981 5631923 -1375
32302740 5632050 -1325
32302981 5632050 -1356
32302792 5632050 -1275
32302981 5631822 -1175
32302981 5631967 -1125
32302932 5632050 -1075
32302981 5632050 -1096
32302820 5632050 -1025
32302712 5632050 -975
32302981 5631850 -625
32302981 5631828 -575
32302981 5631807 -525
32302981 5631785 -475
32302917 5632050 -425
32302981 5632050 -434
32302981 5631796 -375
32302939 5632050 -375
32302962 5632050 -325
32302981 5631935 -325
32302916 5631831 -354
32302981 5632050 -283
32302872 5632050 -225
32302779 5632050 -175
32302687 5632050 -125
32302981 5632053 -2075
32302981 5632053 -2025
32302978 5632350 -1975
32302981 5632350 -1975
32302978 5632350 -1925
32302981 5632125 -1475
32302981 5632255 -1425
32302953 5632350 -1375
32302981 5632350 -1387
32302981 5632286 -1325
32302842 5632350 -1325
32302771 5632255 -1297
32302981 5632235 -1275
32302735 5632350 -1275
32302748 5632287 -1250
32302981 5632184 -1225
32302756 5632350 -1175
32302981 5632350 -1202
32302809 5632350 -1125
32302981 5632100 -1075
32302862 5632350 -1075
32302981 5632216 -1025
32302981 5632328 -975
32302904 5632350 -925
32302981 5632350 -965
32302812 5632350 -875
32302723 5632350 -825
32302981 5632115 -425
32302981 5632092 -375
32302981 5632069 -325
32302981 5632350 -232
32302923 5632350 -225
32302981 5632146 -225
32302944 5632350 -175
32302981 5632225 -175
32302966 5632350 -125
32302981 5632300 -125
32302981 5632350 -89
32302902 5632350 -25
32302844 5632350 25
32302789 5632350 75
32302736 5632350 125
32302685 5632350 175
32302981 5632353 -1975
32302981 5632353 -1925
32302981 5632353 -1875
32302978 5632650 -1825
32302981 5632650 -1825
32302978 5632650 -1775
32302981 5632378 -1375
32302981 5632489 -1325
32302981 5632597 -1275
32302932 5632650 -1225
32302981 5632650 -1250
32302981 5632572 -1175
32302836 5632650 -1175
32302780 5632549 -1147
32302981 5632520 -1125
32302743 5632650 -1125
32302981 5632468 -1075
32302981 5632414 -1025
32302797 5632650 -975
32302981 5632650 -996
32302981 5632427 -925
32302849 5632650 -925
32302981 5632519 -875
32302981 5632607 -825
32302941 5632650 -775
32302981 5632650 -800
32302862 5632650 -725
32302787 5632650 -675
32302716 5632650 -625
32302981 5632409 -225
32302981 5632387 -175
32302981 5632365 -125
32302915 5632650 25
32302981 5632480 25
32302981 5632650 16
32302935 5632650 75
32302981 5632534 75
32302956 5632650 125
32302981 5632586 125
32302976 5632650 175
32302981 5632637 175
32302981 5632650 187
32302944 5632650 225
32302894 5632650 275
32302842 5632650 325
32302788 5632650 375
32302731 5632650 425
32302981 5632653 -1825
32302981 5632653 -1775
32302981 5632652 -1725
32302978 5632950 -1675
32302981 5632950 -1675
32302978 5632950 -1625
32302981 5632699 -1225
32302981 5632795 -1175
32302981 5632889 -1125
32302952 5632950 -1075
32302981 5632950 -1091
32302864 5632950 -1025
32302981 5632832 -975
32302780 5632950 -975
32302981 5632780 -925
32302698 5632950 -925
32302981 5632728 -875
32302981 5632676 -825
32302904 5632725 -800
32302981 5632691 -775
32302981 5632950 -793
32302814 5632950 -775
32302863 5632950 -725
32302981 5632771 -725
32302893 5632739 -756
32302981 5632848 -675
32302981 5632922 -625
32302937 5632950 -575
32302981 5632950 -605
32302866 5632950 -525
32302799 5632950 -475
32302734 5632950 -425
32302981 5632711 25
32302981 5632692 75
32302981 5632673 125
32302981 5632654 175
32302924 5632950 275
32302981 5632761 275
32302981 5632950 267
32302944 5632950 325
32302981 5632826 325
32302964 5632950 375
32302981 5632892 375
32302981 5632950 418
32302909 5632950 475
32302981 5632953 -1675
32302981 5632953 -1625
32302981 5632952 -1575
32302981 5632952 -1525
32302978 5633250 -1475
32302981 5633250 -1475
32302979 5633250 -1425
32302981 5632979 -1075
32302981 5633068 -1025
32302981 5633154 -975
32302981 5633239 -925
32302907 5633250 -875
32302981 5633250 -918
32302823 5633250 -825
32302981 5633112 -775
32302741 5633250 -775
32302981 5633064 -725
32302981 5633016 -675
32302981 5632968 -625
32302916 5633013 -603
32302981 5632997 -575
32302981 5633250 -592
32302827 5633250 -575
32302872 5633250 -525
32302981 5633073 -525
32302893 5633043 -554
32302981 5633148 -475
32302981 5633221 -425
32302937 5633250 -375
32302981 5633250 -405
32302865 5633250 -325
32302795 5633250 -275
32302727 5633250 -225
32302981 5633003 275
32302981 5632985 325
32302981 5632966 375
32302981 5633250 467
32302929 5633250 475
32302981 5633037 475
32302981 5633252 -1475
32302981 5633252 -1425
32302981 5633252 -1375
32302981 5633269 -1325
32302979 5633550 -1275
32302981 5633550 -1279
32302979 5633550 -1225
32302981 5633325 -875
32302981 5633412 -825
32302981 5633498 -775
32302946 5633550 -725
32302981 5633550 -744
32302857 5633550 -675
32302769 5633550 -625
32302981 5633397 -575
32302683 5633550 -575
32302981 5633353 -525
32302981 5633309 -475
32302981 5633266 -425
32302925 5633305 -403
32302981 5633301 -375
32302981 5633550 -390
32302852 5633550 -375
32302896 5633550 -325
32302981 5633385 -325
32302901 5633342 -354
32302981 5633470 -275
32302975 5633550 -225
32302981 5633550 -228
32302894 5633550 -175
32302815 5633550 -125
32302739 5633550 -75
32302981 5633299 475
32302981 5633552 -1275
32302981 5633552 -1225
32302981 5633552 -1175
32302980 5633850 -1125
32302981 5633850 -1125
32302979 5633850 -1075
32302979 5633850 -1025
32302981 5633584 -725
32302981 5633673 -675
32302981 5633763 -625
32302977 5633850 -575
32302981 5633850 -577
32302880 5633850 -525
32302783 5633850 -475
32302686 5633850 -425
32302981 5633673 -375
32302981 5633630 -325
32302981 5633588 -275
32302894 5633850 -175
32302981 5633850 -186
32302981 5633652 -175
32302938 5633850 -125
32302981 5633751 -125
32302886 5633680 -148
32302965 5633831 -77
32302981 5633850 -76
32302979 5633850 -75
32302885 5633850 -25
32302794 5633850 25
32302705 5633850 75
32302981 5633851 -1125
32302981 5633852 -1075
32302981 5633852 -1025
32302981 5633852 -975
32302981 5633851 -925
32302979 5634150 -875
32302981 5634150 -875
32302979 5634150 -825
32302981 5633853 -575
32302981 5633940 -525
32302981 5634028 -475
32302981 5634117 -425
32302917 5634150 -375
32302981 5634150 -406
32302814 5634150 -325
32302710 5634150 -275
32302981 5633939 -175
32302981 5633894 -125
32302928 5634150 25
32302981 5634036 25
32302981 5634150 18
32302971 5634150 75
32302981 5634127 75
32302981 5634150 87
32302904 5634150 125
32302802 5634150 175
32302700 5634150 225
32302981 5634152 -875
32302981 5634152 -825
32302981 5634151 -775
32302981 5634151 -725
32302979 5634450 -675
32302981 5634450 -675
32302979 5634450 -625
32302981 5634199 -375
32302981 5634277 -325
32302981 5634356 -275
32302981 5634436 -225
32302898 5634450 -175
32302981 5634450 -216
32302796 5634450 -125
32302694 5634450 -75
32302981 5634210 25
32302981 5634161 75
32302981 5634450 274
32302980 5634450 275
32302981 5634448 275
32302981 5634450 276
32302790 5634450 375
32302696 5634450 425
32302981 5634452 -675
32302981 5634452 -625
32302981 5634451 -575
32302981 5634451 -525
32302981 5634451 -475
32302979 5634750 -425
32302981 5634750 -425
32302979 5634750 -375
32302981 5634503 -175
32302981 5634567 -125
32302981 5634630 -75
32302981 5634691 -25
32302977 5634750 25
32302981 5634750 22
32302882 5634750 75
32302787 5634750 125
32302692 5634750 175
32302981 5634451 275
32302981 5634752 -425
32302981 5634752 -375
32302981 5634751 -325
32302981 5634751 -275
32302979 5635050 -225
32302981 5635050 -225
32302979 5635050 -175
32302979 5635050 -125
32302981 5634752 25
32302981 5634810 75
32302981 5634868 125
32302981 5634927 175
32302981 5634985 225
32302981 5635044 275
32302897 5635050 325
32302981 5635050 279
32302805 5635050 375
32302713 5635050 425
32302981 5635052 -225
32302981 5635052 -175
32302981 5635052 -125
32302981 5635051 -75
32302981 5635051 -25
32302979 5635350 25
32302981 5635350 24
32302979 5635350 75
32302981 5635108 325
32302981 5635172 375
32302981 5635236 425
32302981 5635300 475
32302981 5635352 25
32302981 5635352 75
32302981 5635351 125
32302981 5635351 175
32302981 5635351 225
32302979 5635650 275
32302981 5635650 274
32302979 5635650 325
32302981 5635652 275
32302981 5635652 325
32302981 5635651 375
32302981 5635651 425
32302979 5635950 475
32302981 5635950 474
32302981 5635952 475
32303283 5623650 -2726
32303283 5623950 -2726
32303244 5623950 -375
32303283 5623950 -386
32303283 5623912 -375
32303283 5623762 -325
32303090 5623950 -325
32303283 5623650 -283
32303227 5623650 -275
32303283 5624250 -2727
32303283 5624082 -375
32303201 5624250 -325
32303283 5624250 -359
32303091 5624250 -275
32302989 5624250 -225
32303283 5624550 -2727
32303283 5624334 -325
32303283 5624446 -275
32303283 5624547 -225
32303171 5624550 -175
32303283 5624550 -223
32303052 5624550 -125
32303283 5624850 -2727
32303283 5624627 -175
32303283 5624703 -125
32303283 5624777 -75
32303281 5624850 -25
32303283 5624850 -25
32303093 5624850 25
32303283 5625150 -2726
32303283 5624850 -25
32303283 5624931 25
32303283 5625007 75
32303283 5625082 125
32303254 5625150 175
32303283 5625150 171
32303283 5625450 -2726
32303086 5625450 125
32303283 5625231 175
32303248 5625450 175
32303283 5625450 185
32303283 5625750 -2726
32302996 5625750 -125
32303071 5625750 -75
32303143 5625750 -25
32303212 5625750 25
32303280 5625750 75
32303283 5625750 76
32303283 5625618 125
32303283 5625479 175
32303283 5626050 -2726
32303027 5626050 -275
32303099 5626050 -225
32303170 5626050 -175
32303241 5626050 -125
32303283 5626050 -95
32303283 5626009 -75
32303283 5625916 -25
32303283 5625831 25
32303283 5625752 75
32303283 5626350 -2726
32303053 5626350 -375
32303132 5626350 -325
32303210 5626350 -275
32303283 5626350 -227
32303283 5626343 -225
32303283 5626222 -175
32303283 5626111 -125
32303283 5626650 -2726
32303023 5626650 -475
32303112 5626650 -425
32303200 5626650 -375
32303283 5626650 -327
32303283 5626640 -325
32303283 5626485 -275
32303283 5626950 -2726
32303074 5626950 -525
32303179 5626950 -475
32303283 5626950 -425
32303283 5626948 -425
32303283 5626788 -375
32303283 5627250 -2726
32303005 5627250 -625
32303138 5627250 -575
32303272 5627250 -525
32303283 5627250 -520
32303283 5627102 -475
32303283 5627550 -2726
32303074 5627550 -675
32303255 5627550 -625
32303283 5627550 -617
32303283 5627417 -575
32303283 5627262 -525
32303283 5627850 -2726
32303283 5627850 -734
32303283 5627823 -725
32303283 5627694 -675
32303283 5627568 -625
32303283 5628150 -2726
32303283 5628150 -825
32303283 5628148 -825
32303283 5627979 -775
32303283 5628450 -2726
32303283 5628450 -891
32303283 5628374 -875
32303283 5628750 -2726
32303233 5628750 -925
32303283 5628750 -930
32303283 5628709 -925
32303283 5629050 -2725
32303155 5629050 -925
32303283 5629050 -946
32303270 5629350 -2725
32303283 5629350 -2725
32303192 5629350 -925
32303283 5629350 -943
32303283 5629355 -2725
32303283 5629650 -2675
32303283 5629621 -925
32303081 5629650 -875
32303283 5629650 -922
32303277 5629950 -2675
32303283 5629950 -2675
32302987 5629950 -1575
32303227 5629950 -875
32303283 5629950 -890
32303053 5629950 -825
32303283 5629955 -2675
32303283 5630250 -2625
32303283 5630239 -1575
32303138 5630250 -1575
32303283 5630250 -1598
32303283 5630250 -1573
32302991 5630250 -1525
32303013 5630250 -1475
32303034 5630250 -1425
32303283 5630021 -875
32303283 5630239 -825
32303098 5630250 -775
32303283 5630250 -822
32303283 5630254 -2625
32303283 5630550 -2575
32303283 5630412 -1575
32303283 5630550 -1554
32303283 5630537 -1525
32303135 5630550 -1525
32303283 5630516 -1475
32303283 5630496 -1425
32303031 5630550 -1375
32303283 5630550 -1416
32303052 5630550 -1325
32303072 5630550 -1275
32303283 5630417 -775
32303245 5630550 -725
32303283 5630550 -735
32303061 5630550 -675
32303283 5630554 -2575
32303278 5630850 -2525
32303283 5630850 -2525
32303283 5630712 -1525
32303175 5630850 -1475
32303283 5630850 -1499
32303283 5630798 -1375
32303283 5630778 -1325
32303283 5630850 -1313
32303045 5630850 -1275
32303065 5630850 -1225
32303085 5630850 -1175
32303095 5630850 -1125
32303283 5630586 -725
32303283 5630761 -675
32303202 5630850 -625
32303283 5630850 -648
32303037 5630850 -575
32303283 5630854 -2525
32303278 5631150 -2475
32303283 5631150 -2475
32303283 5630972 -1475
32303228 5631150 -1425
32303283 5631150 -1439
32303037 5631150 -1375
32303283 5631083 -1275
32303283 5631063 -1225
32303283 5631043 -1175
32303283 5631150 -1157
32303077 5631150 -1125
32303097 5631150 -1075
32303117 5631150 -1025
32302990 5631150 -975
32303283 5630953 -625
32303267 5631150 -575
32303283 5631150 -579
32303107 5631150 -525
32303283 5631154 -2475
32303283 5631154 -2425
32303278 5631450 -2375
32303283 5631450 -2375
32303283 5631214 -1425
32303283 5631445 -1375
32303116 5631450 -1325
32303283 5631450 -1374
32303283 5631349 -1125
32303283 5631330 -1075
32303283 5631310 -1025
32303283 5631450 -1002
32303109 5631450 -975
32303130 5631450 -925
32303150 5631450 -875
32303170 5631450 -825
32303283 5631177 -575
32303263 5631450 -525
32303283 5631450 -530
32303093 5631450 -475
32303283 5631454 -2375
32303283 5631453 -2325
32303279 5631750 -2275
32303283 5631750 -2275
32303220 5631750 -1675
32303283 5631750 -1693
32303283 5631732 -1675
32303283 5631750 -1672
32303008 5631750 -1575
32303283 5631652 -1325
32303203 5631750 -1275
32303283 5631750 -1301
32303055 5631750 -1225
32303283 5631616 -975
32303283 5631597 -925
32303283 5631577 -875
32303283 5631568 -825
32303162 5631750 -775
32303283 5631750 -795
32303183 5631750 -725
32303204 5631750 -675
32303283 5631484 -525
32303260 5631750 -475
32303283 5631750 -482
32303098 5631750 -425
32303283 5631753 -2275
32303283 5631753 -2225
32303279 5632050 -2175
32303283 5632050 -2175
32303279 5632050 -2125
32303283 5631818 -1675
32303283 5632014 -1575
32303180 5632050 -1575
32303283 5632050 -1611
32303040 5632050 -1525
32303283 5631966 -1525
32303011 5632050 -1475
32303283 5632050 -1512
32303063 5632050 -1425
32303114 5632050 -1375
32303283 5631841 -1275
32303283 5632014 -1225
32303180 5632050 -1175
32303283 5632050 -1214
32303053 5632050 -1125
32303283 5631866 -775
32303283 5631846 -725
32303283 5631826 -675
32303187 5632050 -625
32303283 5632050 -639
32303208 5632050 -575
32303230 5632050 -525
32303283 5631775 -475
32303251 5632050 -475
32303283 5631958 -425
32303219 5632050 -375
32303283 5632050 -400
32303092 5632050 -325
32303283 5632053 -2175
32303283 5632053 -2125
32303283 5632053 -2075
32303279 5632350 -2025
32303283 5632350 -2025
32303283 5632160 -1575
32303283 5632312 -1525
32303283 5632350 -1512
32303283 5632312 -1475
32303190 5632350 -1475
32303283 5632262 -1425
32303069 5632350 -1425
32303283 5632212 -1375
32303283 5632161 -1325
32303100 5632350 -1275
32303283 5632350 -1298
32303154 5632350 -1225
32303283 5632161 -1175
32303283 5632298 -1125
32303214 5632350 -1075
32303283 5632350 -1106
32303106 5632350 -1025
32303002 5632350 -975
32303283 5632145 -625
32303283 5632123 -575
32303283 5632102 -525
32303283 5632081 -475
32303215 5632350 -425
32303283 5632350 -434
32303283 5632109 -375
32303237 5632350 -375
32303259 5632350 -325
32303283 5632225 -325
32303283 5632340 -275
32303281 5632350 -275
32303204 5632350 -225
32303283 5632350 -270
32303119 5632350 -175
32303037 5632350 -125
32303283 5632353 -2025
32303283 5632352 -1975
32303283 5632355 -1925
32303280 5632650 -1875
32303283 5632650 -1875
32303283 5632447 -1475
32303283 5632574 -1425
32303240 5632650 -1375
32303283 5632650 -1394
32303134 5632650 -1325
32303283 5632527 -1275
32303031 5632650 -1275
32303283 5632475 -1225
32303283 5632422 -1175
32303115 5632650 -1125
32303283 5632650 -1145
32303283 5632421 -1075
32303168 5632650 -1075
32303223 5632650 -1025
32303283 5632533 -1025
32303180 5632458 -1050
32303283 5632641 -975
32303198 5632650 -925
32303283 5632650 -970
32303109 5632650 -875
32303023 5632650 -825
32303283 5632417 -425
32303283 5632395 -375
32303283 5632373 -325
32303283 5632351 -275
32303242 5632650 -175
32303283 5632505 -175
32303283 5632650 -195
32303263 5632650 -125
32303283 5632582 -125
32303283 5632650 -79
32303160 5632650 25
32303103 5632650 75
32303049 5632650 125
32302994 5632650 175
32303283 5632652 -1875
32303283 5632652 -1825
32303283 5632652 -1775
32303280 5632950 -1725
32303283 5632950 -1725
32303283 5632693 -1375
32303283 5632803 -1325
32303283 5632909 -1275
32303224 5632950 -1225
32303283 5632950 -1255
32303131 5632950 -1175
32303283 5632813 -1125
32303040 5632950 -1125
32303283 5632761 -1075
32303283 5632708 -1025
32303283 5632654 -975
32303252 5632678 -967
32303283 5632737 -925
32303283 5632950 -939
32303155 5632950 -925
32303208 5632950 -875
32303283 5632829 -875
32303169 5632768 -900
32303262 5632950 -825
32303283 5632918 -825
32303283 5632950 -806
32303232 5632950 -775
32303154 5632950 -725
32303080 5632950 -675
32303008 5632950 -625
32303283 5632689 -175
32303283 5632669 -125
32303283 5632950 18
32303230 5632950 25
32303283 5632787 25
32303251 5632950 75
32303283 5632851 75
32303271 5632950 125
32303283 5632915 125
32303283 5632950 152
32303145 5632950 275
32303089 5632950 325
32303032 5632950 375
32303283 5632952 -1725
32303283 5632952 -1675
32303283 5632952 -1625
32303280 5633250 -1575
32303283 5633250 -1575
32303280 5633250 -1525
32303283 5633010 -1225
32303283 5633105 -1175
32303283 5633199 -1125
32303244 5633250 -1075
32303283 5633250 -1096
32303157 5633250 -1025
32303073 5633250 -975
32303283 5633073 -925
32302992 5633250 -925
32303283 5633022 -875
32303283 5632969 -825
32303225 5633250 -675
32303283 5633163 -675
32303283 5633250 -685
32303276 5633250 -625
32303283 5633240 -625
32303283 5633250 -618
32303218 5633250 -575
32303146 5633250 -525
32303076 5633250 -475
32303007 5633250 -425
32303283 5633001 25
32303283 5632981 75
32303283 5632961 125
32303283 5633250 268
32303233 5633250 275
32303283 5633093 275
32303252 5633250 325
32303283 5633154 325
32303272 5633250 375
32303283 5633216 375
32303283 5633250 400
32303173 5633250 475
32303283 5633252 -1575
32303283 5633252 -1525
32303283 5633252 -1475
32303283 5633324 -1425
32303280 5633550 -1375
32303283 5633550 -1390
32303263 5633550 -1325
32303283 5633289 -1075
32303283 5633377 -1025
32303283 5633463 -975
32303283 5633548 -925
32303199 5633550 -875
32303283 5633550 -924
32303114 5633550 -825
32303031 5633550 -775
32303283 5633305 -675
32303283 5633256 -625
32303235 5633550 -475
32303283 5633472 -475
32303283 5633550 -480
32303282 5633550 -425
32303283 5633548 -425
32303283 5633550 -423
32303207 5633550 -375
32303129 5633550 -325
32303053 5633550 -275
32303283 5633299 275
32303283 5633279 325
32303283 5633260 375
32303283 5633550 468
32303239 5633550 475
32303283 5633370 475
32303283 5633552 -1375
32303283 5633552 -1325
32303283 5633551 -1275
32303280 5633850 -1225
32303283 5633850 -1225
32303280 5633850 -1175
32303283 5633633 -875
32303283 5633718 -825
32303283 5633801 -775
32303245 5633850 -725
32303283 5633850 -746
32303156 5633850 -675
32303067 5633850 -625
32303283 5633597 -475
32303283 5633551 -425
32303252 5633850 -275
32303283 5633792 -275
32303283 5633850 -278
32303283 5633850 -236
32303170 5633850 -175
32303076 5633850 -125
32303283 5633592 475
32303283 5633852 -1225
32303283 5633852 -1175
32303283 5633851 -1125
32303283 5633851 -1075
32303281 5634150 -1025
32303283 5634150 -1025
32303281 5634150 -975
32303281 5634150 -925
32303283 5633884 -725
32303283 5633967 -675
32303283 5634048 -625
32303283 5634129 -575
32303213 5634150 -525
32303283 5634150 -562
32303117 5634150 -475
32303019 5634150 -425
32303283 5633883 -275
32303142 5634150 25
32303014 5634150 75
32303283 5634151 -1025
32303283 5634152 -975
32303283 5634151 -925
32303283 5634151 -875
32303283 5634151 -825
32303281 5634450 -775
32303283 5634450 -775
32303281 5634450 -725
32303283 5634205 -525
32303283 5634278 -475
32303283 5634352 -425
32303283 5634425 -375
32303215 5634450 -325
32303283 5634450 -358
32303111 5634450 -275
32303001 5634450 -225
32302984 5634450 275
32303283 5634452 -775
32303283 5634451 -725
32303283 5634451 -675
32303283 5634451 -625
32303280 5634750 -575
32303283 5634750 -575
32303281 5634750 -525
32303281 5634750 -475
32303283 5634492 -325
32303283 5634556 -275
32303283 5634620 -225
32303283 5634685 -175
32303283 5634749 -125
32303182 5634750 -75
32303283 5634750 -124
32303080 5634750 -25
32303283 5634752 -575
32303283 5634751 -525
32303283 5634751 -475
32303283 5634751 -425
32303283 5634751 -375
32303280 5635050 -325
32303283 5635050 -325
32303281 5635050 -275
32303283 5634808 -75
32303283 5634867 -25
32303283 5634925 25
32303283 5634984 75
32303283 5635043 125
32303193 5635050 175
32303283 5635050 130
32303092 5635050 225
32302991 5635050 275
32303283 5635052 -325
32303283 5635051 -275
32303283 5635051 -225
32303283 5635051 -175
32303283 5635051 -125
32303280 5635350 -75
32303283 5635350 -75
32303281 5635350 -25
32303283 5635108 175
32303283 5635175 225
32303283 5635241 275
32303283 5635308 325
32303247 5635350 375
32303283 5635350 356
32303151 5635350 425
32303055 5635350 475
32303283 5635352 -75
32303283 5635351 -25
32303283 5635351 25
32303283 5635351 75
32303280 5635650 125
32303283 5635650 124
32303281 5635650 175
32303281 5635650 225
32303283 5635377 375
32303283 5635449 425
32303283 5635521 475
32303283 5635652 125
32303283 5635651 175
32303283 5635651 225
32303283 5635651 275
32303282 5635950 325
32303283 5635950 324
32303281 5635950 375
32303281 5635950 425
32303283 5635951 325
32303283 5635952 375
32303283 5635951 425
32303283 5635951 475
32303584 5623650 -2726
32303584 5623950 -2726
32303584 5623950 -394
32303584 5623912 -375
32303584 5623824 -325
32303320 5623650 -275
32303584 5623748 -275
32303504 5623650 -225
32303584 5623682 -225
32303584 5623650 -195
32303584 5624250 -2727
32303565 5624250 -425
32303584 5624250 -429
32303584 5624210 -425
32303350 5624250 -375
32303584 5624550 -2727
32303584 5624268 -425
32303584 5624478 -375
32303506 5624550 -325
32303584 5624550 -357
32303391 5624550 -275
32303286 5624550 -225
32303584 5624850 -2727
32303584 5624614 -325
32303584 5624708 -275
32303584 5624796 -225
32303548 5624850 -175
32303584 5624850 -193
32303455 5624850 -125
32303366 5624850 -75
32303584 5625150 -2727
32303584 5624877 -175
32303584 5624950 -125
32303584 5625020 -75
32303584 5625087 -25
32303579 5625150 25
32303584 5625150 22
32303473 5625150 75
32303372 5625150 125
32303584 5625450 -2726
32303584 5625154 25
32303584 5625254 75
32303584 5625353 125
32303570 5625450 175
32303584 5625450 174
32303584 5625750 -2726
32303384 5625750 125
32303584 5625453 175
32303493 5625750 175
32303584 5625750 214
32303584 5626050 -2726
32303315 5626050 -75
32303391 5626050 -25
32303465 5626050 25
32303537 5626050 75
32303584 5626050 108
32303584 5626001 125
32303584 5625861 175
32303584 5626350 -2726
32303287 5626350 -225
32303372 5626350 -175
32303458 5626350 -125
32303545 5626350 -75
32303584 5626350 -52
32303584 5626290 -25
32303584 5626193 25
32303584 5626104 75
32303584 5626650 -2726
32303288 5626650 -325
32303379 5626650 -275
32303472 5626650 -225
32303569 5626650 -175
32303584 5626650 -167
32303584 5626528 -125
32303584 5626400 -75
32303584 5626950 -2726
32303284 5626950 -425
32303375 5626950 -375
32303465 5626950 -325
32303553 5626950 -275
32303584 5626950 -257
32303584 5626839 -225
32303584 5626673 -175
32303584 5627250 -2726
32303397 5627250 -475
32303520 5627250 -425
32303584 5627250 -398
32303584 5627196 -375
32303584 5627087 -325
32303584 5626984 -275
32303584 5627550 -2726
32303426 5627550 -575
32303584 5627550 -528
32303584 5627543 -525
32303584 5627425 -475
32303584 5627309 -425
32303584 5627850 -2726
32303322 5627850 -725
32303519 5627850 -675
32303584 5627850 -658
32303584 5627772 -625
32303584 5627656 -575
32303584 5628150 -2726
32303286 5628150 -825
32303584 5628150 -780
32303584 5628135 -775
32303584 5628009 -725
32303584 5627889 -675
32303584 5628450 -2726
32303584 5628450 -876
32303584 5628444 -875
32303584 5628286 -825
32303584 5628750 -2726
32303584 5628750 -943
32303584 5628665 -925
32303584 5629050 -2726
32303499 5629050 -975
32303584 5629050 -985
32303584 5628975 -975
32303584 5629350 -2725
32303412 5629350 -975
32303584 5629350 -1012
32303578 5629650 -2725
32303584 5629650 -2725
32303461 5629650 -975
32303584 5629650 -1007
32303289 5629650 -925
32303584 5629655 -2725
32303584 5629950 -2675
32303584 5629946 -975
32303400 5629950 -925
32303584 5629950 -974
32303579 5630250 -2675
32303584 5630250 -2675
32303293 5630250 -1575
32303584 5630196 -925
32303453 5630250 -875
32303584 5630250 -913
32303291 5630250 -825
32303584 5630255 -2675
32303579 5630550 -2625
32303584 5630550 -2625
32303584 5630533 -1575
32303389 5630550 -1575
32303584 5630550 -1611
32303584 5630550 -1572
32303295 5630550 -1525
32303317 5630550 -1475
32303337 5630550 -1425
32303584 5630397 -875
32303561 5630550 -825
32303584 5630550 -832
32303404 5630550 -775
32303584 5630554 -2625
32303579 5630850 -2575
32303584 5630850 -2575
32303584 5630793 -1575
32303584 5630850 -1566
32303584 5630832 -1525
32303395 5630850 -1525
32303584 5630811 -1475
32303584 5630850 -1468
32303314 5630850 -1425
32303335 5630850 -1375
32303356 5630850 -1325
32303584 5630576 -825
32303584 5630760 -775
32303508 5630850 -725
32303584 5630850 -749
32303359 5630850 -675
32303584 5630854 -2575
32303584 5630854 -2525
32303584 5631150 -2475
32303584 5631086 -1525
32303426 5631150 -1475
32303584 5631150 -1513
32303584 5631112 -1425
32303584 5631092 -1375
32303584 5631071 -1325
32303351 5631150 -1275
32303584 5631150 -1312
32303372 5631150 -1225
32303392 5631150 -1175
32303584 5630961 -725
32303561 5631150 -675
32303584 5631150 -682
32303412 5631150 -625
32303584 5631154 -2475
32303580 5631450 -2425
32303584 5631450 -2425
32303584 5631354 -1475
32303467 5631450 -1425
32303584 5631450 -1456
32303286 5631450 -1375
32303584 5631375 -1275
32303584 5631355 -1225
32303584 5631335 -1175
32303387 5631450 -1125
32303584 5631450 -1156
32303407 5631450 -1075
32303428 5631450 -1025
32303584 5631193 -675
32303565 5631450 -625
32303584 5631450 -631
32303413 5631450 -575
32303584 5631454 -2425
32303584 5631453 -2375
32303580 5631750 -2325
32303584 5631750 -2325
32303572 5631750 -1775
32303584 5631750 -1778
32303584 5631746 -1775
32303584 5631750 -1774
32303302 5631750 -1675
32303584 5631600 -1425
32303523 5631750 -1375
32303584 5631750 -1393
32303359 5631750 -1325
32303584 5631639 -1125
32303584 5631619 -1075
32303584 5631599 -1025
32303422 5631750 -975
32303584 5631750 -1000
32303443 5631750 -925
32303464 5631750 -875
32303474 5631750 -825
32303584 5631485 -625
32303566 5631750 -575
32303584 5631750 -580
32303413 5631750 -525
32303584 5631753 -2325
32303584 5631753 -2275
32303580 5632050 -2225
32303584 5632050 -2225
32303584 5631763 -1775
32303584 5632018 -1675
32303480 5632050 -1675
32303584 5632050 -1708
32303325 5632050 -1625
32303584 5631970 -1625
32303320 5632050 -1575
32303584 5632050 -1612
32303371 5632050 -1525
32303584 5631825 -1375
32303584 5632028 -1325
32303455 5632050 -1275
32303584 5632050 -1319
32303312 5632050 -1225
32303584 5631906 -975
32303584 5631886 -925
32303584 5631866 -875
32303584 5631846 -825
32303473 5632050 -775
32303584 5632050 -791
32303494 5632050 -725
32303515 5632050 -675
32303584 5631775 -575
32303584 5631987 -525
32303488 5632050 -475
32303584 5632050 -510
32303351 5632050 -425
32303584 5632053 -2225
32303584 5632053 -2175
32303581 5632350 -2125
32303584 5632350 -2125
32303581 5632350 -2075
32303584 5632169 -1675
32303584 5632347 -1625
32303584 5632301 -1575
32303449 5632350 -1575
32303584 5632350 -1624
32303349 5632267 -1544
32303584 5632252 -1525
32303316 5632350 -1525
32303338 5632297 -1510
32303584 5632202 -1475
32303375 5632350 -1425
32303584 5632350 -1453
32303428 5632350 -1375
32303481 5632350 -1325
32303584 5632199 -1275
32303573 5632350 -1225
32303584 5632350 -1229
32303449 5632350 -1175
32303328 5632350 -1125
32303584 5632158 -775
32303584 5632137 -725
32303584 5632117 -675
32303492 5632350 -625
32303584 5632350 -638
32303513 5632350 -575
32303535 5632350 -525
32303584 5632155 -475
32303556 5632350 -475
32303584 5632303 -425
32303509 5632350 -375
32303584 5632350 -409
32303400 5632350 -325
32303292 5632350 -275
32303584 5632353 -2125
32303584 5632352 -2075
32303584 5632352 -2025
32303581 5632650 -1975
32303584 5632650 -1975
32303579 5632650 -1925
32303584 5632499 -1575
32303584 5632647 -1525
32303467 5632650 -1475
32303584 5632650 -1524
32303584 5632549 -1425
32303352 5632650 -1425
32303584 5632499 -1375
32303584 5632448 -1325
32303584 5632396 -1275
32303584 5632361 -1225
32303584 5632650 -1239
32303465 5632650 -1225
32303520 5632650 -1175
32303584 5632497 -1175
32303551 5632386 -1216
32303584 5632629 -1125
32303495 5632650 -1075
32303584 5632650 -1117
32303392 5632650 -1025
32303291 5632650 -975
32303584 5632440 -625
32303584 5632419 -575
32303584 5632398 -525
32303584 5632377 -475
32303517 5632650 -425
32303584 5632650 -434
32303584 5632426 -375
32303539 5632650 -375
32303561 5632650 -325
32303584 5632535 -325
32303583 5632650 -275
32303584 5632644 -275
32303584 5632650 -272
32303427 5632650 -175
32303351 5632650 -125
32303584 5632652 -1975
32303584 5632652 -1925
32303584 5632652 -1875
32303581 5632950 -1825
32303584 5632950 -1825
32303581 5632950 -1775
32303584 5632776 -1475
32303584 5632900 -1425
32303521 5632950 -1375
32303584 5632950 -1404
32303419 5632950 -1325
32303320 5632950 -1275
32303584 5632763 -1225
32303584 5632711 -1175
32303584 5632658 -1125
32303533 5632950 -1025
32303584 5632853 -1025
32303584 5632950 -1030
32303584 5632950 -979
32303485 5632950 -925
32303398 5632950 -875
32303313 5632950 -825
32303584 5632715 -425
32303584 5632694 -375
32303584 5632672 -325
32303584 5632651 -275
32303584 5632950 -179
32303547 5632950 -175
32303584 5632814 -175
32303569 5632950 -125
32303584 5632895 -125
32303584 5632950 -90
32303437 5632950 25
32303376 5632950 75
32303316 5632950 125
32303584 5632952 -1825
32303584 5632952 -1775
32303584 5632951 -1725
32303581 5633250 -1675
32303584 5633250 -1675
32303582 5633250 -1625
32303584 5633016 -1375
32303584 5633123 -1325
32303584 5633228 -1275
32303511 5633250 -1225
32303584 5633250 -1264
32303420 5633250 -1175
32303331 5633250 -1125
32303584 5632998 -1025
32303366 5633250 -675
32303292 5633250 -625
32303584 5632985 -175
32303584 5632964 -125
32303584 5633250 18
32303535 5633250 25
32303584 5633101 25
32303555 5633250 75
32303584 5633163 75
32303576 5633250 125
32303584 5633225 125
32303584 5633250 145
32303434 5633250 275
32303375 5633250 325
32303315 5633250 375
32303584 5633252 -1675
32303584 5633252 -1625
32303584 5633251 -1575
32303584 5633269 -1525
32303582 5633550 -1475
32303584 5633550 -1479
32303510 5633550 -1425
32303584 5633325 -1225
32303584 5633419 -1175
32303584 5633510 -1125
32303536 5633550 -1075
32303584 5633550 -1102
32303451 5633550 -1025
32303367 5633550 -975
32303284 5633550 -925
32303359 5633550 -475
32303284 5633550 -425
32303584 5633297 25
32303584 5633277 75
32303584 5633257 125
32303584 5633550 269
32303543 5633550 275
32303584 5633416 275
32303562 5633550 325
32303584 5633479 325
32303581 5633550 375
32303584 5633541 375
32303584 5633550 381
32303450 5633550 475
32303584 5633552 -1475
32303584 5633551 -1425
32303584 5633551 -1375
32303582 5633850 -1325
32303584 5633850 -1325
32303582 5633850 -1275
32303584 5633597 -1075
32303584 5633682 -1025
32303584 5633765 -975
32303584 5633847 -925
32303501 5633850 -875
32303584 5633850 -923
32303417 5633850 -825
32303332 5633850 -775
32303344 5633850 -275
32303584 5633590 275
32303584 5633571 325
32303584 5633552 375
32303584 5633850 468
32303539 5633850 475
32303584 5633678 475
32303584 5633852 -1325
32303584 5633851 -1275
32303584 5633851 -1225
32303584 5633851 -1175
32303582 5634150 -1125
32303584 5634150 -1125
32303582 5634150 -1075
32303584 5633927 -875
32303584 5634006 -825
32303584 5634085 -775
32303570 5634150 -725
32303584 5634150 -732
32303483 5634150 -675
32303395 5634150 -625
32303306 5634150 -575
32303584 5633898 475
32303584 5634152 -1125
32303584 5634151 -1075
32303584 5634151 -1025
32303584 5634151 -975
32303584 5634189 -925
32303582 5634450 -875
32303584 5634450 -885
32303582 5634450 -825
32303584 5634161 -725
32303584 5634232 -675
32303584 5634303 -625
32303584 5634372 -575
32303584 5634441 -525
32303506 5634450 -475
32303584 5634450 -518
32303413 5634450 -425
32303315 5634450 -375
32303584 5634451 -875
32303584 5634451 -825
32303584 5634451 -775
32303584 5634450 -725
32303582 5634750 -675
32303584 5634750 -675
32303582 5634750 -625
32303584 5634501 -475
32303584 5634561 -425
32303584 5634622 -375
32303584 5634684 -325
32303584 5634748 -275
32303486 5634750 -225
32303584 5634750 -274
32303385 5634750 -175
32303283 5634750 -125
32303584 5634751 -675
32303584 5634751 -625
32303584 5634751 -575
32303584 5634751 -525
32303584 5634751 -475
32303582 5635050 -425
32303584 5635050 -425
32303582 5635050 -375
32303584 5634806 -225
32303584 5634863 -175
32303584 5634921 -125
32303584 5634977 -75
32303584 5635034 -25
32303509 5635050 25
32303584 5635050 -10
32303403 5635050 75
32303294 5635050 125
32303584 5635051 -425
32303584 5635051 -375
32303584 5635051 -325
32303584 5635051 -275
32303582 5635350 -225
32303584 5635350 -225
32303582 5635350 -175
32303582 5635350 -125
32303584 5635094 25
32303584 5635156 75
32303584 5635219 125
32303584 5635284 175
32303584 5635349 225
32303469 5635350 275
32303584 5635350 225
32303354 5635350 325
32303584 5635352 -225
32303584 5635351 -175
32303584 5635351 -125
32303584 5635351 -75
32303584 5635351 -25
32303582 5635650 25
32303584 5635650 24
32303582 5635650 75
32303584 5635433 275
32303584 5635516 325
32303584 5635598 375
32303550 5635650 425
32303584 5635650 407
32303456 5635650 475
32303584 5635651 25
32303584 5635651 75
32303584 5635651 125
32303584 5635651 175
32303582 5635950 225
32303584 5635950 224
32303582 5635950 275
32303584 5635677 425
32303584 5635753 475
32303584 5635951 225
32303584 5635951 275
32303584 5635951 325
32303584 5635951 375
32303584 5635950 425
32303582 5636250 475
32303584 5636250 474
32303584 5636251 475
32303885 5623650 -2726
32303885 5623950 -2726
32303661 5623950 -375
32303819 5623950 -325
32303885 5623950 -297
32303885 5623924 -275
32303885 5623870 -225
32303620 5623650 -175
32303885 5623821 -175
32303697 5623650 -125
32303885 5623775 -125
32303764 5623650 -75
32303885 5623733 -75
32303823 5623650 -25
32303885 5623694 -25
32303878 5623650 25
32303885 5623655 25
32303885 5623650 32
32303885 5624250 -2727
32303764 5624250 -425
32303885 5624250 -421
32303885 5624122 -375
32303885 5624005 -325
32303885 5624550 -2727
32303885 5624334 -425
32303854 5624550 -425
32303885 5624550 -432
32303655 5624550 -375
32303885 5624850 -2727
32303885 5624577 -425
32303885 5624757 -375
32303834 5624850 -325
32303885 5624850 -349
32303733 5624850 -275
32303640 5624850 -225
32303885 5625150 -2727
32303885 5624895 -325
32303885 5624984 -275
32303885 5625067 -225
32303885 5625145 -175
32303808 5625150 -125
32303885 5625150 -172
32303730 5625150 -75
32303654 5625150 -25
32303885 5625450 -2727
32303885 5625218 -125
32303885 5625288 -75
32303885 5625357 -25
32303885 5625425 25
32303810 5625450 75
32303885 5625450 43
32303695 5625450 125
32303885 5625750 -2726
32303885 5625507 75
32303885 5625596 125
32303885 5625686 175
32303885 5625750 210
32303885 5626050 -2726
32303620 5626050 125
32303724 5626050 175
32303885 5625860 225
32303829 5626050 225
32303885 5626050 250
32303885 5626350 -2726
32303659 5626350 -25
32303799 5626350 25
32303885 5626350 54
32303885 5626312 75
32303885 5626229 125
32303885 5626155 175
32303885 5626085 225
32303885 5626650 -2726
32303770 5626650 -125
32303885 5626650 -108
32303885 5626553 -75
32303885 5626461 -25
32303885 5626386 25
32303885 5626950 -2726
32303675 5626950 -225
32303825 5626950 -175
32303885 5626950 -156
32303885 5626775 -125
32303885 5627250 -2726
32303638 5627250 -375
32303751 5627250 -325
32303862 5627250 -275
32303885 5627250 -264
32303885 5627142 -225
32303885 5627002 -175
32303885 5627550 -2726
32303593 5627550 -525
32303733 5627550 -475
32303874 5627550 -425
32303885 5627550 -421
32303885 5627459 -375
32303885 5627362 -325
32303885 5627269 -275
32303885 5627850 -2726
32303698 5627850 -625
32303866 5627850 -575
32303885 5627850 -569
32303885 5627760 -525
32303885 5627659 -475
32303885 5627558 -425
32303885 5628150 -2726
32303609 5628150 -775
32303834 5628150 -725
32303885 5628150 -713
32303885 5628067 -675
32303885 5627963 -625
32303885 5627861 -575
32303885 5628450 -2726
32303598 5628450 -875
32303885 5628450 -836
32303885 5628420 -825
32303885 5628296 -775
32303885 5628176 -725
32303885 5628750 -2726
32303885 5628750 -932
32303885 5628726 -925
32303885 5628567 -875
32303885 5629050 -2726
32303885 5629050 -1009
32303885 5628916 -975
32303885 5629350 -2725
32303676 5629350 -1025
32303885 5629350 -1050
32303885 5629165 -1025
32303885 5629650 -2725
32303672 5629650 -1025
32303885 5629650 -1063
32303885 5629729 -2725
32303885 5629950 -2687
32303787 5629950 -1025
32303885 5629950 -1047
32303585 5629950 -975
32303885 5630250 -2675
32303885 5630103 -1025
32303788 5630250 -975
32303885 5630250 -1001
32303621 5630250 -925
32303885 5630255 -2675
32303885 5630550 -2625
32303600 5630550 -1575
32303885 5630374 -975
32303857 5630550 -925
32303885 5630550 -933
32303705 5630550 -875
32303885 5630554 -2625
32303885 5630850 -2575
32303871 5630850 -1625
32303885 5630850 -1627
32303885 5630848 -1625
32303885 5630850 -1624
32303602 5630850 -1525
32303624 5630850 -1475
32303885 5630585 -925
32303885 5630778 -875
32303795 5630850 -825
32303885 5630850 -855
32303653 5630850 -775
32303885 5630854 -2575
32303881 5631150 -2525
32303885 5631150 -2525
32303885 5630869 -1625
32303885 5631146 -1575
32303848 5631150 -1575
32303885 5631150 -1583
32303885 5631124 -1525
32303631 5631150 -1525
32303885 5631103 -1475
32303622 5631150 -1425
32303885 5631150 -1467
32303643 5631150 -1375
32303665 5631150 -1325
32303885 5630975 -825
32303864 5631150 -775
32303885 5631150 -781
32303711 5631150 -725
32303885 5631154 -2525
32303881 5631450 -2475
32303885 5631450 -2475
32303885 5631200 -1575
32303853 5631450 -1525
32303885 5631450 -1533
32303655 5631450 -1475
32303885 5631404 -1425
32303885 5631383 -1375
32303885 5631362 -1325
32303661 5631450 -1275
32303885 5631450 -1310
32303682 5631450 -1225
32303703 5631450 -1175
32303885 5631183 -775
32303885 5631437 -725
32303728 5631450 -675
32303885 5631450 -722
32303885 5631454 -2475
32303885 5631453 -2425
32303881 5631750 -2375
32303885 5631750 -2375
32303587 5631750 -1775
32303885 5631494 -1525
32303876 5631750 -1475
32303885 5631750 -1477
32303696 5631750 -1425
32303885 5631665 -1275
32303885 5631645 -1225
32303885 5631625 -1175
32303699 5631750 -1125
32303885 5631750 -1154
32303720 5631750 -1075
32303741 5631750 -1025
32303885 5631732 -675
32303728 5631750 -625
32303885 5631750 -672
32303885 5631753 -2375
32303885 5631753 -2325
32303882 5632050 -2275
32303885 5632050 -2275
32303885 5632030 -1775
32303813 5632050 -1775
32303885 5632050 -1795
32303641 5632050 -1725
32303885 5631982 -1725
32303618 5632050 -1675
32303885 5632050 -1714
32303669 5632050 -1625
32303885 5631761 -1475
32303885 5631997 -1425
32303760 5632050 -1375
32303885 5632050 -1413
32303601 5632050 -1325
32303885 5631929 -1125
32303885 5631909 -1075
32303885 5631889 -1025
32303733 5632050 -975
32303885 5632050 -998
32303754 5632050 -925
32303775 5632050 -875
32303796 5632050 -825
32303885 5631985 -625
32303773 5632050 -575
32303885 5632050 -612
32303626 5632050 -525
32303885 5632053 -2275
32303885 5632052 -2225
32303882 5632350 -2175
32303885 5632350 -2175
32303885 5632139 -1775
32303884 5632350 -1725
32303885 5632350 -1725
32303885 5632301 -1675
32303733 5632350 -1675
32303590 5632341 -1627
32303885 5632252 -1625
32303586 5632350 -1625
32303885 5632204 -1575
32303688 5632350 -1525
32303885 5632350 -1552
32303741 5632350 -1475
32303885 5632203 -1375
32303849 5632350 -1325
32303885 5632350 -1337
32303710 5632350 -1275
32303885 5632198 -975
32303885 5632177 -925
32303885 5632156 -875
32303885 5632136 -825
32303781 5632350 -775
32303885 5632350 -790
32303802 5632350 -725
32303823 5632350 -675
32303885 5632183 -575
32303878 5632350 -525
32303885 5632350 -527
32303751 5632350 -475
32303623 5632350 -425
32303885 5632353 -2175
32303885 5632352 -2125
32303885 5632389 -2075
32303882 5632650 -2025
32303885 5632650 -2032
32303885 5632351 -1725
32303885 5632530 -1675
32303843 5632650 -1625
32303885 5632650 -1641
32303713 5632650 -1575
32303885 5632535 -1525
32303586 5632650 -1525
32303885 5632485 -1475
32303885 5632436 -1425
32303885 5632386 -1375
32303826 5632406 -1339
32303885 5632392 -1325
32303885 5632650 -1336
32303798 5632650 -1325
32303853 5632650 -1275
32303885 5632554 -1275
32303816 5632442 -1304
32303885 5632650 -1245
32303837 5632650 -1225
32303718 5632650 -1175
32303602 5632650 -1125
32303885 5632452 -775
32303885 5632431 -725
32303885 5632410 -675
32303885 5632390 -625
32303818 5632650 -575
32303885 5632650 -585
32303885 5632357 -525
32303839 5632650 -525
32303860 5632650 -475
32303885 5632491 -475
32303866 5632370 -518
32303885 5632624 -425
32303800 5632650 -375
32303885 5632650 -415
32303695 5632650 -325
32303589 5632650 -275
32303885 5632652 -2025
32303885 5632652 -1975
32303883 5632950 -1925
32303885 5632950 -1925
32303883 5632950 -1875
32303885 5632698 -1625
32303885 5632847 -1575
32303851 5632950 -1525
32303885 5632950 -1539
32303738 5632950 -1475
32303627 5632950 -1425
32303885 5632731 -1325
32303885 5632680 -1275
32303672 5632950 -1025
32303885 5632716 -575
32303885 5632695 -525
32303885 5632674 -475
32303885 5632654 -425
32303885 5632736 -375
32303885 5632950 -381
32303842 5632950 -375
32303864 5632950 -325
32303885 5632844 -325
32303885 5632950 -276
32303716 5632950 -175
32303637 5632950 -125
32303885 5632952 -1925
32303885 5632952 -1875
32303885 5632951 -1825
32303883 5633250 -1775
32303885 5633250 -1775
32303883 5633250 -1725
32303885 5632987 -1525
32303885 5633113 -1475
32303885 5633235 -1425
32303797 5633250 -1375
32303885 5633250 -1418
32303699 5633250 -1325
32303604 5633250 -1275
32303885 5632992 -375
32303885 5632971 -325
32303885 5633250 -180
32303847 5633250 -175
32303885 5633113 -175
32303868 5633250 -125
32303885 5633189 -125
32303885 5633250 -84
32303738 5633250 25
32303673 5633250 75
32303609 5633250 125
32303885 5633252 -1775
32303885 5633251 -1725
32303885 5633251 -1675
32303885 5633252 -1625
32303883 5633550 -1575
32303885 5633550 -1575
32303866 5633550 -1525
32303885 5633344 -1375
32303885 5633449 -1325
32303884 5633550 -1275
32303885 5633550 -1275
32303795 5633550 -1225
32303707 5633550 -1175
32303622 5633550 -1125
32303885 5633288 -175
32303885 5633267 -125
32303885 5633550 16
32303827 5633550 25
32303885 5633378 25
32303845 5633550 75
32303885 5633433 75
32303863 5633550 125
32303885 5633486 125
32303885 5633539 175
32303881 5633550 175
32303885 5633550 184
32303745 5633550 275
32303669 5633550 325
32303594 5633550 375
32303885 5633551 -1575
32303885 5633551 -1525
32303885 5633551 -1475
32303883 5633850 -1425
32303885 5633850 -1425
32303884 5633850 -1375
32303885 5633550 -1275
32303885 5633643 -1225
32303885 5633733 -1175
32303885 5633820 -1125
32303831 5633850 -1075
32303885 5633850 -1107
32303748 5633850 -1025
32303667 5633850 -975
32303586 5633850 -925
32303885 5633611 25
32303885 5633592 75
32303885 5633573 125
32303885 5633553 175
32303885 5633850 266
32303829 5633850 275
32303885 5633661 275
32303848 5633850 325
32303885 5633724 325
32303866 5633850 375
32303885 5633786 375
32303885 5633848 425
32303885 5633850 425
32303799 5633850 475
32303885 5633850 426
32303885 5633851 -1425
32303885 5633851 -1375
32303885 5633851 -1325
32303885 5633850 -1275
32303883 5634150 -1225
32303885 5634150 -1225
32303884 5634150 -1175
32303885 5633902 -1075
32303885 5633981 -1025
32303885 5634059 -975
32303885 5634134 -925
32303819 5634150 -875
32303885 5634150 -914
32303737 5634150 -825
32303654 5634150 -775
32303885 5633909 275
32303885 5633890 325
32303885 5633870 375
32303885 5633850 425
32303885 5634151 -1225
32303885 5634151 -1175
32303885 5634151 -1125
32303885 5634150 -1075
32303883 5634450 -1025
32303885 5634450 -1025
32303884 5634450 -975
32303839 5634450 -925
32303885 5634204 -875
32303885 5634271 -825
32303885 5634338 -775
32303885 5634402 -725
32303862 5634450 -675
32303885 5634450 -687
32303774 5634450 -625
32303686 5634450 -575
32303596 5634450 -525
32303885 5634451 -1025
32303885 5634451 -975
32303885 5634451 -925
32303885 5634450 -875
32303883 5634750 -825
32303885 5634750 -825
32303883 5634750 -775
32303884 5634750 -725
32303885 5634465 -675
32303885 5634522 -625
32303885 5634578 -575
32303885 5634635 -525
32303885 5634691 -475
32303885 5634747 -425
32303792 5634750 -375
32303885 5634750 -423
32303691 5634750 -325
32303586 5634750 -275
32303885 5634751 -825
32303885 5634751 -775
32303885 5634751 -725
32303885 5634751 -675
32303885 5634750 -625
32303883 5635050 -575
32303885 5635050 -575
32303883 5635050 -525
32303883 5635050 -475
32303885 5634802 -375
32303885 5634857 -325
32303885 5634911 -275
32303885 5634966 -225
32303885 5635020 -175
32303835 5635050 -125
32303885 5635050 -148
32303726 5635050 -75
32303615 5635050 -25
32303885 5635051 -575
32303885 5635051 -525
32303885 5635051 -475
32303885 5635051 -425
32303885 5635051 -375
32303883 5635350 -325
32303885 5635350 -325
32303883 5635350 -275
32303885 5635078 -125
32303885 5635137 -75
32303885 5635196 -25
32303885 5635255 25
32303885 5635313 75
32303838 5635350 125
32303885 5635350 105
32303713 5635350 175
32303585 5635350 225
32303885 5635351 -325
32303885 5635351 -275
32303885 5635351 -225
32303885 5635351 -175
32303885 5635351 -125
32303883 5635650 -75
32303885 5635650 -75
32303884 5635650 -25
32303885 5635382 125
32303885 5635467 175
32303885 5635554 225
32303885 5635641 275
32303777 5635650 325
32303885 5635650 279
32303659 5635650 375
32303885 5635651 -75
32303885 5635651 -25
32303885 5635651 25
32303885 5635651 75
32303885 5635650 125
32303884 5635950 175
32303885 5635950 174
32303885 5635747 325
32303885 5635852 375
32303882 5635950 425
32303885 5635950 423
32303801 5635950 475
32303885 5635951 175
32303885 5635950 225
32303885 5635950 275
32303885 5635950 325
32303884 5636250 375
32303885 5636250 374
32303885 5635952 425
32303884 5636250 425
32303885 5636030 475
32303885 5636251 375
32303885 5636250 425
32303883 5636550 475
32303885 5636550 474
32303885 5636551 475
32304186 5623650 -2727
32304186 5623950 -2727
32303927 5623950 -275
32304009 5623950 -225
32304077 5623950 -175
32304133 5623950 -125
32304181 5623950 -75
32304186 5623950 -69
32304186 5623911 -25
32304186 5623860 25
32303969 5623650 75
32304186 5623797 75
32304097 5623650 125
32304186 5623709 125
32304186 5623650 151
32304186 5624250 -2727
32304063 5624250 -375
32304186 5624250 -329
32304186 5624243 -325
32304186 5624173 -275
32304186 5624111 -225
32304186 5624055 -175
32304186 5624003 -125
32304186 5623955 -75
32304186 5624550 -2727
32304186 5624550 -445
32304186 5624481 -425
32304186 5624343 -375
32304186 5624850 -2727
32304123 5624850 -425
32304186 5624850 -444
32303964 5624850 -375
32304186 5625150 -2727
32304186 5624911 -425
32304186 5625067 -375
32304141 5625150 -325
32304186 5625150 -348
32304050 5625150 -275
32303966 5625150 -225
32303889 5625150 -175
32304186 5625450 -2727
32304186 5625191 -325
32304186 5625275 -275
32304186 5625354 -225
32304186 5625430 -175
32304129 5625450 -125
32304186 5625450 -161
32304053 5625450 -75
32303981 5625450 -25
32303911 5625450 25
32304186 5625750 -2727
32304186 5625499 -125
32304186 5625565 -75
32304186 5625629 -25
32304186 5625692 25
32304175 5625750 75
32304186 5625750 69
32304067 5625750 125
32303960 5625750 175
32304186 5626050 -2727
32304186 5625760 75
32304186 5625871 125
32304186 5625982 175
32304048 5626050 225
32304186 5626050 204
32304186 5626350 -2726
32304019 5626350 75
32304186 5626350 100
32304186 5626273 125
32304186 5626129 175
32304186 5626650 -2726
32304140 5626650 -75
32304186 5626650 -67
32304186 5626549 -25
32304186 5626456 25
32304186 5626382 75
32304186 5626950 -2726
32304139 5626950 -125
32304186 5626950 -120
32304186 5626691 -75
32304186 5627250 -2726
32304043 5627250 -225
32304186 5627250 -189
32304186 5627194 -175
32304186 5626975 -125
32304186 5627550 -2726
32304056 5627550 -375
32304186 5627550 -340
32304186 5627519 -325
32304186 5627418 -275
32304186 5627319 -225
32304186 5627850 -2726
32304046 5627850 -525
32304186 5627850 -486
32304186 5627827 -475
32304186 5627725 -425
32304186 5627623 -375
32304186 5628150 -2726
32304035 5628150 -675
32304186 5628150 -635
32304186 5628129 -625
32304186 5628027 -575
32304186 5627927 -525
32304186 5628450 -2726
32303954 5628450 -825
32304186 5628450 -784
32304186 5628430 -775
32304186 5628339 -725
32304186 5628232 -675
32304186 5628750 -2726
32303962 5628750 -925
32304186 5628750 -903
32304186 5628676 -875
32304186 5628550 -825
32304186 5629050 -2726
32304186 5629050 -995
32304186 5628981 -975
32304186 5628819 -925
32304186 5629350 -2726
32304186 5629350 -1059
32304186 5629186 -1025
32304186 5629650 -2725
32303996 5629650 -1075
32304186 5629650 -1092
32304186 5629490 -1075
32304107 5629950 -2725
32304186 5629950 -2725
32304049 5629950 -1075
32304186 5629950 -1096
32304186 5629955 -2725
32304186 5630250 -2675
32304186 5630212 -1075
32303979 5630250 -1025
32304186 5630250 -1071
32304181 5630550 -2675
32304186 5630550 -2675
32304186 5630533 -1025
32304019 5630550 -975
32304186 5630550 -1022
32304186 5630555 -2675
32304182 5630850 -2625
32304186 5630850 -2625
32303886 5630850 -1625
32304186 5630761 -975
32304094 5630850 -925
32304186 5630850 -953
32303942 5630850 -875
32304186 5630854 -2625
32304182 5631150 -2575
32304186 5631150 -2575
32304186 5631140 -1625
32304083 5631150 -1625
32304186 5631150 -1645
32304186 5631150 -1623
32303889 5631150 -1575
32303911 5631150 -1525
32303933 5631150 -1475
32304186 5630966 -925
32304181 5631150 -875
32304186 5631150 -876
32304020 5631150 -825
32304186 5631154 -2575
32304182 5631450 -2525
32304186 5631450 -2525
32304186 5631298 -1625
32304186 5631450 -1602
32304186 5631438 -1575
32304065 5631450 -1575
32304186 5631416 -1525
32304186 5631395 -1475
32303932 5631450 -1425
32304186 5631450 -1465
32303954 5631450 -1375
32303975 5631450 -1325
32304186 5631157 -875
32304186 5631367 -825
32304078 5631450 -775
32304186 5631450 -804
32303894 5631450 -725
32304186 5631453 -2525
32304186 5631453 -2475
32304183 5631750 -2425
32304186 5631750 -2425
32304186 5631621 -1575
32304072 5631750 -1525
32304186 5631750 -1553
32304186 5631695 -1425
32304186 5631674 -1375
32304186 5631654 -1325
32303972 5631750 -1275
32304186 5631750 -1309
32303993 5631750 -1225
32304014 5631750 -1175
32304186 5631602 -775
32304100 5631750 -725
32304186 5631750 -746
32303897 5631750 -675
32304186 5631753 -2425
32304186 5631753 -2375
32304183 5632050 -2325
32304186 5632050 -2325
32304184 5632050 -1875
32304186 5632050 -1875
32304186 5632049 -1875
32304186 5632005 -1825
32303999 5632050 -1825
32303906 5632050 -1775
32304186 5632050 -1817
32303958 5632050 -1725
32304186 5631907 -1525
32304102 5632050 -1475
32304186 5632050 -1498
32303925 5632050 -1425
32304186 5631957 -1275
32304186 5631936 -1225
32304186 5631916 -1175
32304009 5632050 -1125
32304186 5632050 -1152
32304030 5632050 -1075
32304051 5632050 -1025
32304186 5631870 -725
32304118 5632050 -675
32304186 5632050 -693
32303932 5632050 -625
32304186 5632053 -2325
32304186 5632052 -2275
32304183 5632350 -2225
32304186 5632350 -2225
32304186 5632053 -1875
32304186 5632306 -1825
32304186 5632350 -1816
32304186 5632310 -1775
32304047 5632350 -1775
32304186 5632262 -1725
32304186 5632215 -1675
32303990 5632350 -1625
32304186 5632350 -1653
32304042 5632350 -1575
32304186 5632162 -1475
32304156 5632350 -1425
32304186 5632350 -1434
32304000 5632350 -1375
32304186 5632221 -1125
32304186 5632201 -1075
32304186 5632181 -1025
32304186 5632313 -975
32304063 5632350 -925
32304186 5632350 -969
32304084 5632350 -875
32304105 5632350 -825
32304186 5632133 -675
32304180 5632350 -625
32304186 5632350 -626
32304028 5632350 -575
32304186 5632352 -2225
32304186 5632352 -2175
32304184 5632650 -2125
32304186 5632650 -2125
32304148 5632650 -2075
32304186 5632528 -1775
32304125 5632650 -1725
32304186 5632650 -1746
32303981 5632650 -1675
32304186 5632532 -1625
32304186 5632484 -1575
32304186 5632436 -1525
32304119 5632650 -1475
32304186 5632650 -1483
32304186 5632388 -1425
32304115 5632650 -1425
32304168 5632650 -1375
32304186 5632583 -1375
32304127 5632453 -1402
32304186 5632650 -1357
32304098 5632650 -1325
32303964 5632650 -1275
32304186 5632470 -925
32304186 5632450 -875
32304186 5632429 -825
32304087 5632650 -775
32304186 5632650 -790
32304108 5632650 -725
32304129 5632650 -675
32304186 5632356 -625
32304149 5632650 -625
32304186 5632520 -575
32304163 5632650 -525
32304186 5632650 -534
32304037 5632650 -475
32303910 5632650 -425
32304186 5632652 -2125
32304186 5632652 -2075
32304186 5632651 -2025
32304184 5632950 -1975
32304186 5632950 -1975
32304186 5632725 -1725
32304186 5632901 -1675
32304095 5632950 -1625
32304186 5632950 -1660
32303971 5632950 -1575
32304186 5632711 -1475
32304186 5632716 -1425
32304186 5632666 -1375
32304186 5632747 -775
32304186 5632726 -725
32304186 5632706 -675
32304186 5632686 -625
32304121 5632950 -575
32304186 5632950 -584
32304186 5632673 -525
32304142 5632950 -525
32304162 5632950 -475
32304186 5632801 -475
32304138 5632699 -510
32304182 5632950 -425
32304186 5632926 -425
32304186 5632950 -415
32304100 5632950 -375
32303992 5632950 -325
32304186 5632952 -1975
32304186 5632951 -1925
32304186 5633150 -1875
32304185 5633250 -1825
32304186 5633250 -1860
32304186 5633055 -1625
32304186 5633200 -1575
32304113 5633250 -1525
32304186 5633250 -1557
32304004 5633250 -1475
32303898 5633250 -1425
32304186 5633014 -575
32304186 5632994 -525
32304186 5632974 -475
32304186 5632953 -425
32304140 5633250 -375
32304186 5633030 -375
32304186 5633250 -381
32304160 5633250 -325
32304186 5633127 -325
32304186 5633223 -275
32304181 5633250 -275
32304186 5633250 -261
32304037 5633250 -175
32303953 5633250 -125
32304186 5633251 -1825
32304186 5633251 -1775
32304186 5633251 -1725
32304185 5633550 -1675
32304186 5633550 -1675
32304184 5633550 -1625
32304186 5633330 -1525
32304186 5633451 -1475
32304169 5633550 -1425
32304186 5633550 -1433
32304072 5633550 -1375
32303977 5633550 -1325
32304186 5633298 -375
32304186 5633277 -325
32304186 5633255 -275
32304186 5633550 -182
32304131 5633550 -175
32304186 5633368 -175
32304150 5633550 -125
32304186 5633432 -125
32304186 5633494 -75
32304169 5633550 -75
32304186 5633550 -27
32304110 5633550 25
32304039 5633550 75
32303968 5633550 125
32303899 5633550 175
32304186 5633551 -1675
32304186 5633551 -1625
32304186 5633550 -1575
32304185 5633850 -1525
32304186 5633850 -1525
32304185 5633850 -1475
32304186 5633567 -1425
32304186 5633670 -1375
32304186 5633770 -1325
32304170 5633850 -1275
32304186 5633850 -1283
32304083 5633850 -1225
32303997 5633850 -1175
32303914 5633850 -1125
32304186 5633609 -175
32304186 5633589 -125
32304186 5633569 -75
32304121 5633850 75
32304186 5633658 75
32304186 5633850 56
32304138 5633850 125
32304186 5633711 125
32304156 5633850 175
32304186 5633763 175
32304186 5633815 225
32304174 5633850 225
32304155 5633850 275
32304186 5633850 257
32304066 5633850 325
32303977 5633850 375
32303887 5633850 425
32304186 5633851 -1525
32304186 5633851 -1475
32304186 5633850 -1425
32304186 5633850 -1375
32304185 5634150 -1325
32304186 5634150 -1325
32304186 5633865 -1275
32304185 5634150 -1275
32304186 5633951 -1225
32304186 5634034 -1175
32304186 5634114 -1125
32304141 5634150 -1075
32304186 5634150 -1102
32304060 5634150 -1025
32303980 5634150 -975
32303901 5634150 -925
32304186 5633924 75
32304186 5633904 125
32304186 5633884 175
32304186 5633863 225
32304186 5633869 275
32304186 5634150 261
32304098 5634150 275
32304114 5634150 325
32304186 5633923 325
32304128 5633885 290
32304132 5634150 375
32304186 5633979 375
32304151 5634150 425
32304186 5634038 425
32304186 5634099 475
32304170 5634150 475
32304186 5634151 -1325
32304186 5634150 -1275
32304186 5634150 -1225
32304186 5634157 -1175
32304185 5634450 -1125
32304186 5634450 -1128
32304186 5634189 -1075
32304185 5634450 -1075
32304186 5634259 -1025
32304186 5634327 -975
32304186 5634393 -925
32304178 5634450 -875
32304186 5634450 -880
32304101 5634450 -825
32304023 5634450 -775
32303944 5634450 -725
32304186 5634249 275
32304186 5634231 325
32304186 5634210 375
32304186 5634189 425
32304186 5634167 475
32304186 5634451 -1125
32304186 5634450 -1075
32304186 5634450 -1025
32304186 5634450 -975
32304185 5634750 -925
32304186 5634750 -925
32304186 5634456 -875
32304185 5634750 -875
32304186 5634515 -825
32304186 5634573 -775
32304186 5634628 -725
32304186 5634682 -675
32304186 5634735 -625
32304133 5634750 -575
32304186 5634750 -610
32304056 5634750 -525
32303975 5634750 -475
32303888 5634750 -425
32304186 5634751 -925
32304186 5634751 -875
32304186 5634750 -825
32304186 5634750 -775
32304185 5635050 -725
32304186 5635050 -725
32304185 5635050 -675
32304185 5635050 -625
32304186 5634787 -575
32304186 5634838 -525
32304186 5634887 -475
32304186 5634935 -425
32304186 5634981 -375
32304186 5635027 -325
32304145 5635050 -275
32304186 5635050 -299
32304052 5635050 -225
32303947 5635050 -175
32304186 5635051 -725
32304186 5635051 -675
32304186 5635051 -625
32304186 5635051 -575
32304186 5635055 -525
32304185 5635350 -475
32304186 5635350 -476
32304185 5635350 -425
32304185 5635350 -375
32304186 5635075 -275
32304186 5635127 -225
32304186 5635180 -175
32304186 5635233 -125
32304186 5635287 -75
32304186 5635342 -25
32304089 5635350 25
32304186 5635350 -18
32303966 5635350 75
32304186 5635351 -475
32304186 5635351 -425
32304186 5635351 -375
32304186 5635351 -325
32304184 5635650 -275
32304186 5635650 -275
32304185 5635650 -225
32304185 5635650 -175
32304185 5635650 -125
32304186 5635415 25
32304186 5635493 75
32304186 5635574 125
32304172 5635650 175
32304186 5635650 169
32304038 5635650 225
32303898 5635650 275
32304186 5635651 -275
32304186 5635651 -225
32304186 5635651 -175
32304186 5635651 -125
32304186 5635651 -75
32304185 5635950 -25
32304186 5635950 -25
32304185 5635950 25
32304185 5635950 75
32304186 5635950 125
32304186 5635667 175
32304186 5635837 225
32304158 5635950 275
32304186 5635950 259
32304067 5635950 325
32303975 5635950 375
32304186 5635951 -25
32304186 5635951 25
32304186 5635950 75
32304186 5635950 125
32304186 5636144 175
32304186 5636031 225
32304186 5635982 275
32304158 5635995 256
32304186 5636250 275
32304186 5636250 245
32304186 5636250 325
32304186 5636082 325
32304186 5636177 375
32304172 5636250 425
32304186 5636250 414
32304103 5636250 475
32304185 5636550 225
32304186 5636356 225
32304186 5636550 224
32304186 5636550 275
32304186 5636550 325
32304186 5636550 375
32304186 5636550 390
32304134 5636550 475
32304186 5636550 225
32304186 5636550 275
32304186 5636550 325
32304186 5636850 374
32304184 5636850 375
32304186 5636576 425
32304185 5636850 425
32304186 5636614 475
32304185 5636850 475
32304186 5636851 375
32304186 5636851 425
32304186 5636851 475
32304487 5623650 -2727
32304487 5623950 -2727
32304239 5623950 -25
32304294 5623950 25
32304345 5623950 75
32304394 5623950 125
32304216 5623650 175
32304441 5623950 175
32304487 5623950 223
32304487 5623948 225
32304269 5623650 225
32304310 5623650 275
32304487 5623904 275
32304334 5623650 325
32304487 5623864 325
32304349 5623650 375
32304487 5623830 375
32304362 5623650 425
32304487 5623802 425
32304375 5623650 475
32304487 5623777 475
32304487 5624250 -2727
32304197 5624250 -325
32304301 5624250 -275
32304388 5624250 -225
32304462 5624250 -175
32304487 5624250 -155
32304487 5624222 -125
32304487 5624179 -75
32304487 5624138 -25
32304487 5624098 25
32304487 5624059 75
32304487 5624022 125
32304487 5623985 175
32304487 5624550 -2727
32304311 5624550 -425
32304487 5624550 -387
32304487 5624526 -375
32304487 5624443 -325
32304487 5624373 -275
32304487 5624314 -225
32304487 5624266 -175
32304487 5624850 -2727
32304487 5624850 -466
32304487 5624672 -425
32304487 5625150 -2727
32304417 5625150 -425
32304487 5625150 -447
32304265 5625150 -375
32304487 5625450 -2727
32304487 5625211 -425
32304487 5625347 -375
32304464 5625450 -325
32304487 5625450 -337
32304372 5625450 -275
32304287 5625450 -225
32304207 5625450 -175
32304487 5625750 -2727
32304487 5625470 -325
32304487 5625547 -275
32304487 5625621 -225
32304487 5625690 -175
32304479 5625750 -125
32304487 5625750 -130
32304401 5625750 -75
32304326 5625750 -25
32304252 5625750 25
32304487 5626050 -2727
32304487 5625757 -125
32304487 5625827 -75
32304487 5625913 -25
32304487 5625989 25
32304465 5626050 75
32304487 5626050 64
32304357 5626050 125
32304250 5626050 175
32304487 5626350 -2727
32304487 5626082 75
32304316 5626350 125
32304487 5626237 125
32304487 5626350 160
32304487 5626650 -2726
32304293 5626650 -25
32304386 5626650 25
32304454 5626650 75
32304487 5626650 106
32304487 5626552 125
32304487 5626950 -2726
32304392 5626950 -75
32304487 5626950 -47
32304487 5626893 -25
32304487 5626786 25
32304487 5626698 75
32304487 5627250 -2726
32304310 5627250 -175
32304487 5627250 -153
32304487 5627167 -125
32304487 5627026 -75
32304487 5627550 -2726
32304267 5627550 -325
32304487 5627550 -284
32304487 5627528 -275
32304487 5627412 -225
32304487 5627298 -175
32304487 5627850 -2726
32304233 5627850 -475
32304444 5627850 -425
32304487 5627850 -414
32304487 5627759 -375
32304487 5627645 -325
32304487 5628150 -2726
32304229 5628150 -625
32304434 5628150 -575
32304487 5628150 -561
32304487 5628075 -525
32304487 5627982 -475
32304487 5627872 -425
32304487 5628450 -2726
32304222 5628450 -775
32304403 5628450 -725
32304487 5628450 -704
32304487 5628386 -675
32304487 5628280 -625
32304487 5628176 -575
32304487 5628750 -2726
32304322 5628750 -875
32304487 5628750 -839
32304487 5628715 -825
32304487 5628602 -775
32304487 5628492 -725
32304487 5629050 -2726
32304334 5629050 -975
32304487 5629050 -953
32304487 5628972 -925
32304487 5628839 -875
32304487 5629350 -2726
32304487 5629350 -1038
32304487 5629302 -1025
32304487 5629125 -975
32304487 5629650 -2726
32304487 5629650 -1092
32304487 5629552 -1075
32304487 5629950 -2725
32304487 5629950 -1118
32304482 5630250 -2725
32304487 5630250 -2725
32304207 5630250 -1075
32304487 5630250 -1116
32304487 5630255 -2725
32304487 5630550 -2675
32304425 5630550 -1075
32304487 5630550 -1087
32304199 5630550 -1025
32304487 5630554 -2675
32304487 5630850 -2625
32304487 5630629 -1075
32304444 5630850 -1025
32304487 5630850 -1036
32304260 5630850 -975
32304487 5630854 -2625
32304487 5631150 -2575
32304196 5631150 -1625
32304487 5630901 -1025
32304487 5631114 -975
32304345 5631150 -925
32304487 5631150 -966
32304487 5631154 -2575
32304487 5631450 -2525
32304487 5631432 -1625
32304291 5631450 -1625
32304487 5631450 -1665
32304487 5631450 -1621
32304199 5631450 -1575
32304221 5631450 -1525
32304243 5631450 -1475
32304487 5631312 -925
32304441 5631450 -875
32304487 5631450 -887
32304259 5631450 -825
32304487 5631453 -2525
32304484 5631750 -2475
32304487 5631750 -2475
32304487 5631742 -1625
32304487 5631727 -1575
32304276 5631750 -1575
32304487 5631750 -1623
32304487 5631707 -1525
32304487 5631686 -1475
32304242 5631750 -1425
32304487 5631750 -1464
32304264 5631750 -1375
32304285 5631750 -1325
32304487 5631505 -875
32304487 5631716 -825
32304310 5631750 -775
32304487 5631750 -816
32304487 5631753 -2475
32304487 5631753 -2425
32304484 5632050 -2375
32304487 5632050 -2375
32304438 5632050 -1925
32304487 5632050 -1938
32304487 5632040 -1925
32304187 5632050 -1875
32304487 5632050 -1923
32304235 5632050 -1825
32304482 5632050 -1575
32304487 5632050 -1576
32304288 5632050 -1525
32304487 5631986 -1425
32304487 5631966 -1375
32304487 5631945 -1325
32304282 5632050 -1275
32304487 5632050 -1307
32304303 5632050 -1225
32304324 5632050 -1175
32304487 5631973 -775
32304330 5632050 -725
32304487 5632050 -760
32304487 5632053 -2375
32304487 5632052 -2325
32304485 5632350 -2275
32304487 5632350 -2275
32304487 5632133 -1925
32304487 5632350 -1899
32304487 5632326 -1875
32304396 5632350 -1875
32304196 5632082 -1870
32304487 5632279 -1825
32304215 5632350 -1825
32304231 5632299 -1814
32304487 5632233 -1775
32304281 5632350 -1725
32304487 5632350 -1755
32304333 5632350 -1675
32304487 5632058 -1575
32304487 5632335 -1525
32304324 5632350 -1475
32304487 5632350 -1522
32304487 5632248 -1275
32304487 5632228 -1225
32304487 5632208 -1175
32304371 5632350 -1125
32304487 5632350 -1142
32304339 5632350 -1075
32304360 5632350 -1025
32304225 5632350 -975
32304487 5632248 -725
32304368 5632350 -675
32304487 5632350 -707
32304487 5632352 -2275
32304487 5632352 -2225
32304485 5632650 -2175
32304487 5632650 -2175
32304487 5632478 -1875
32304436 5632650 -1825
32304487 5632650 -1841
32304277 5632650 -1775
32304487 5632539 -1725
32304487 5632492 -1675
32304487 5632445 -1625
32304367 5632650 -1575
32304487 5632650 -1592
32304419 5632650 -1525
32304487 5632572 -1475
32304387 5632650 -1425
32304487 5632650 -1458
32304237 5632650 -1375
32304487 5632461 -1125
32304487 5632493 -1075
32304487 5632473 -1025
32304487 5632454 -975
32304370 5632650 -925
32304487 5632650 -943
32304391 5632650 -875
32304412 5632650 -825
32304487 5632487 -675
32304453 5632650 -625
32304487 5632650 -636
32304306 5632650 -575
32304487 5632652 -2175
32304487 5632651 -2125
32304485 5632950 -2075
32304487 5632950 -2075
32304486 5632950 -2025
32304487 5632718 -1825
32304487 5632926 -1775
32304363 5632950 -1725
32304487 5632950 -1769
32304225 5632950 -1675
32304487 5632761 -1575
32304487 5632713 -1525
32304487 5632665 -1475
32304487 5632764 -925
32304487 5632744 -875
32304487 5632724 -825
32304487 5632704 -775
32304412 5632950 -725
32304487 5632950 -736
32304433 5632950 -675
32304487 5632685 -625
32304453 5632950 -625
32304487 5632836 -575
32304460 5632950 -525
32304487 5632950 -536
32304335 5632950 -475
32304210 5632950 -425
32304487 5632952 -2075
32304487 5632951 -2025
32304487 5632951 -1975
32304486 5633250 -1925
32304487 5633250 -1925
32304292 5633250 -1875
32304487 5633101 -1725
32304472 5633250 -1675
32304487 5633250 -1681
32304349 5633250 -1625
32304227 5633250 -1575
32304487 5633024 -725
32304487 5633004 -675
32304487 5632985 -625
32304451 5633250 -575
32304487 5633250 -580
32304487 5632975 -525
32304439 5633250 -525
32304458 5633250 -475
32304487 5633085 -475
32304432 5632997 -509
32304477 5633250 -425
32304487 5633193 -425
32304487 5633250 -398
32304437 5633250 -375
32304328 5633250 -325
32304217 5633250 -275
32304487 5633251 -1925
32304487 5633251 -1875
32304487 5633250 -1825
32304486 5633550 -1775
32304487 5633550 -1775
32304486 5633550 -1725
32304487 5633267 -1675
32304487 5633407 -1625
32304487 5633544 -1575
32304382 5633550 -1525
32304487 5633550 -1573
32304274 5633550 -1475
32304487 5633287 -575
32304487 5633300 -525
32304487 5633280 -475
32304487 5633260 -425
32304442 5633550 -325
32304487 5633366 -325
32304487 5633550 -331
32304460 5633550 -275
32304487 5633442 -275
32304487 5633515 -225
32304479 5633550 -225
32304442 5633550 -175
32304487 5633550 -200
32304354 5633550 -125
32304267 5633550 -75
32304487 5633551 -1775
32304487 5633550 -1725
32304487 5633550 -1675
32304486 5633850 -1625
32304487 5633850 -1625
32304487 5633850 -1575
32304487 5633660 -1525
32304487 5633773 -1475
32304457 5633850 -1425
32304487 5633850 -1440
32304359 5633850 -1375
32304263 5633850 -1325
32304487 5633599 -325
32304487 5633579 -275
32304487 5633559 -225
32304418 5633850 -125
32304487 5633636 -125
32304487 5633850 -134
32304435 5633850 -75
32304487 5633691 -75
32304487 5633745 -25
32304452 5633850 -25
32304446 5633850 25
32304487 5633798 25
32304487 5633850 75
32304487 5633850 74
32304405 5633850 125
32304323 5633850 175
32304240 5633850 225
32304487 5633851 -1625
32304487 5633850 -1575
32304487 5633850 -1525
32304486 5634150 -1475
32304487 5634150 -1475
32304487 5633879 -1425
32304487 5634150 -1425
32304487 5634150 -1375
32304487 5633974 -1375
32304487 5634065 -1325
32304482 5634150 -1275
32304487 5634150 -1277
32304394 5634150 -1225
32304308 5634150 -1175
32304224 5634150 -1125
32304487 5633927 -125
32304487 5633908 -75
32304487 5633889 -25
32304487 5633869 25
32304402 5634150 125
32304487 5634150 112
32304487 5633902 125
32304420 5634150 175
32304487 5633954 175
32304378 5633911 148
32304438 5634150 225
32304487 5634007 225
32304487 5634060 275
32304487 5634115 325
32304453 5634150 375
32304487 5634150 355
32304361 5634150 425
32304265 5634150 475
32304487 5634151 -1475
32304487 5634150 -1425
32304487 5634150 -1375
32304487 5634150 -1325
32304487 5634154 -1275
32304487 5634450 -1275
32304486 5634450 -1275
32304487 5634450 -1225
32304487 5634233 -1225
32304478 5634450 -1175
32304487 5634309 -1175
32304487 5634383 -1125
32304481 5634450 -1075
32304487 5634450 -1078
32304403 5634450 -1025
32304327 5634450 -975
32304252 5634450 -925
32304487 5634239 125
32304487 5634220 175
32304487 5634201 225
32304487 5634182 275
32304487 5634162 325
32304444 5634178 355
32304487 5634177 375
32304487 5634450 364
32304414 5634450 375
32304432 5634450 425
32304487 5634247 425
32304425 5634196 391
32304450 5634450 475
32304487 5634316 475
32304487 5634451 -1275
32304487 5634450 -1225
32304487 5634450 -1175
32304487 5634450 -1125
32304487 5634455 -1075
32304487 5634750 -1075
32304486 5634750 -1075
32304487 5634750 -1025
32304487 5634521 -1025
32304487 5634750 -975
32304487 5634586 -975
32304487 5634649 -925
32304487 5634710 -875
32304465 5634750 -825
32304487 5634750 -841
32304399 5634750 -775
32304333 5634750 -725
32304269 5634750 -675
32304205 5634750 -625
32304487 5634533 375
32304487 5634512 425
32304487 5634491 475
32304487 5634751 -1075
32304487 5634750 -1025
32304487 5634750 -975
32304487 5634750 -925
32304486 5635050 -875
32304487 5635050 -875
32304487 5634769 -825
32304486 5635050 -825
32304487 5635050 -775
32304487 5634827 -775
32304487 5634882 -725
32304487 5634935 -675
32304487 5634986 -625
32304487 5635034 -575
32304452 5635050 -525
32304487 5635050 -557
32304397 5635050 -475
32304340 5635050 -425
32304282 5635050 -375
32304219 5635050 -325
32304487 5635051 -875
32304487 5635051 -825
32304487 5635050 -775
32304487 5635050 -725
32304486 5635350 -675
32304487 5635350 -675
32304486 5635350 -625
32304486 5635350 -575
32304487 5635081 -525
32304481 5635350 -525
32304487 5635127 -475
32304487 5635173 -425
32304487 5635217 -375
32304487 5635260 -325
32304487 5635302 -275
32304487 5635345 -225
32304430 5635350 -175
32304487 5635350 -220
32304360 5635350 -125
32304283 5635350 -75
32304198 5635350 -25
32304487 5635351 -675
32304487 5635351 -625
32304487 5635351 -575
32304487 5635354 -525
32304487 5635650 -475
32304487 5635650 -475
32304487 5635650 -425
32304487 5635650 -375
32304486 5635650 -325
32304487 5635402 -175
32304487 5635461 -125
32304487 5635520 -75
32304487 5635580 -25
32304487 5635638 25
32304410 5635650 75
32304487 5635650 34
32304299 5635650 125
32304487 5635650 -475
32304487 5635650 -425
32304487 5635650 -375
32304487 5635950 -325
32304487 5635950 -325
32304487 5635950 -275
32304487 5635950 -225
32304487 5635950 -197
32304487 5635913 -175
32304487 5635840 -125
32304487 5635776 -75
32304487 5635717 -25
32304383 5635950 -25
32304487 5635660 25
32304351 5635950 25
32304317 5635950 75
32304283 5635950 125
32304373 5635950 175
32304264 5635950 225
32304487 5635950 -325
32304487 5635950 -275
32304487 5636250 -225
32304486 5636250 -225
32304487 5635982 -175
32304487 5636250 -175
32304487 5636250 -125
32304487 5636058 -125
32304487 5636250 -75
32304487 5636141 -75
32304487 5636232 -25
32304487 5636250 -25
32304487 5636250 -15
32304279 5636250 275
32304246 5636250 325
32304212 5636250 375
32304487 5636251 -225
32304487 5636250 -175
32304487 5636550 -125
32304486 5636550 -125
32304486 5636550 -75
32304486 5636550 -25
32304487 5636302 25
32304487 5636550 25
32304487 5636550 75
32304487 5636360 75
32304486 5636550 125
32304487 5636372 125
32304487 5636550 175
32304487 5636414 175
32304487 5636456 225
32304487 5636497 275
32304487 5636539 325
32304275 5636550 375
32304487 5636550 337
32304487 5636551 -125
32304487 5636551 -75
32304487 5636551 -25
32304487 5636550 25
32304487 5636850 74
32304485 5636850 75
32304485 5636850 125
32304486 5636850 175
32304486 5636850 225
32304486 5636850 275
32304486 5636850 325
32304487 5636594 375
32304487 5636651 425
32304487 5636706 475
32304487 5636852 75
32304487 5636852 125
32304487 5636851 175
32304487 5636851 225
32304487 5636851 275
32304487 5636851 325
32304485 5637150 375
32304487 5637150 374
32304485 5637150 425
32304486 5637150 475
32304487 5637152 375
32304487 5637152 425
32304487 5637151 475
32304789 5623650 -2727
32304789 5623950 -2727
32304489 5623950 225
32304529 5623950 275
32304571 5623950 325
32304619 5623950 375
32304669 5623950 425
32304715 5623950 475
32304789 5624250 -2727
32304544 5624250 -125
32304649 5624250 -75
32304789 5624250 -26
32304789 5624248 -25
32304789 5624202 25
32304789 5624161 75
32304789 5624126 125
32304789 5624099 175
32304789 5624081 225
32304789 5624067 275
32304789 5624051 325
32304789 5624031 375
32304789 5624010 425
32304789 5623989 475
32304789 5624550 -2727
32304520 5624550 -375
32304631 5624550 -325
32304721 5624550 -275
32304789 5624550 -228
32304789 5624545 -225
32304789 5624482 -175
32304789 5624417 -125
32304789 5624343 -75
32304789 5624850 -2727
32304716 5624850 -425
32304789 5624850 -407
32304789 5624778 -375
32304789 5624685 -325
32304789 5624609 -275
32304789 5625150 -2727
32304789 5625150 -472
32304789 5624912 -425
32304789 5625450 -2727
32304742 5625450 -425
32304789 5625450 -440
32304595 5625450 -375
32304789 5625750 -2727
32304789 5625487 -425
32304789 5625605 -375
32304789 5625720 -325
32304723 5625750 -275
32304789 5625750 -311
32304638 5625750 -225
32304557 5625750 -175
32304789 5626050 -2727
32304789 5625812 -275
32304789 5625893 -225
32304789 5625969 -175
32304789 5626043 -125
32304724 5626050 -75
32304789 5626050 -119
32304633 5626050 -25
32304552 5626050 25
32304789 5626350 -2727
32304789 5626122 -75
32304789 5626204 -25
32304789 5626287 25
32304749 5626350 75
32304789 5626350 62
32304596 5626350 125
32304789 5626650 -2727
32304789 5626395 75
32304614 5626650 125
32304789 5626568 125
32304789 5626650 149
32304789 5626950 -2726
32304556 5626950 -25
32304686 5626950 25
32304789 5626950 72
32304789 5626941 75
32304789 5626745 125
32304789 5627250 -2726
32304594 5627250 -125
32304762 5627250 -75
32304789 5627250 -66
32304789 5627151 -25
32304789 5627043 25
32304789 5627550 -2726
32304522 5627550 -275
32304707 5627550 -225
32304789 5627550 -201
32304789 5627487 -175
32304789 5627374 -125
32304789 5627267 -75
32304789 5627850 -2726
32304646 5627850 -375
32304789 5627850 -338
32304789 5627820 -325
32304789 5627722 -275
32304789 5627604 -225
32304789 5628150 -2726
32304607 5628150 -525
32304763 5628150 -475
32304789 5628150 -467
32304789 5628052 -425
32304789 5627936 -375
32304789 5628450 -2726
32304583 5628450 -675
32304739 5628450 -625
32304789 5628450 -608
32304789 5628378 -575
32304789 5628271 -525
32304789 5628165 -475
32304789 5628750 -2726
32304541 5628750 -825
32304714 5628750 -775
32304789 5628750 -752
32304789 5628690 -725
32304789 5628585 -675
32304789 5628482 -625
32304789 5629050 -2726
32304610 5629050 -925
32304789 5629050 -882
32304789 5629031 -875
32304789 5628913 -825
32304789 5628799 -775
32304789 5629350 -2726
32304567 5629350 -1025
32304789 5629350 -987
32304789 5629313 -975
32304789 5629168 -925
32304789 5629650 -2726
32304674 5629650 -1075
32304789 5629650 -1063
32304789 5629496 -1025
32304789 5629950 -2725
32304789 5629950 -1112
32304789 5629718 -1075
32304789 5630250 -2725
32304633 5630250 -1125
32304789 5630250 -1134
32304789 5630123 -1125
32304789 5630255 -2725
32304789 5630550 -2675
32304754 5630550 -1125
32304789 5630550 -1129
32304784 5630850 -2675
32304789 5630850 -2675
32304789 5630597 -1125
32304669 5630850 -1075
32304789 5630850 -1098
32304789 5630854 -2675
32304784 5631150 -2625
32304789 5631150 -2625
32304789 5630988 -1075
32304710 5631150 -1025
32304789 5631150 -1044
32304520 5631150 -975
32304789 5631154 -2625
32304785 5631450 -2575
32304789 5631450 -2575
32304506 5631450 -1625
32304789 5631235 -1025
32304789 5631438 -975
32304618 5631450 -925
32304789 5631450 -971
32304789 5631453 -2575
32304785 5631750 -2525
32304789 5631750 -2525
32304727 5631750 -1675
32304789 5631750 -1688
32304789 5631744 -1675
32304789 5631722 -1625
32304493 5631750 -1625
32304789 5631701 -1575
32304531 5631750 -1525
32304789 5631750 -1566
32304553 5631750 -1475
32304789 5631635 -925
32304715 5631750 -875
32304789 5631750 -893
32304519 5631750 -825
32304789 5631753 -2525
32304789 5631753 -2475
32304786 5632050 -2425
32304789 5632050 -2425
32304498 5632050 -1925
32304789 5631851 -1675
32304689 5632050 -1625
32304789 5632050 -1648
32304789 5631998 -1525
32304789 5631977 -1475
32304789 5631957 -1425
32304574 5632050 -1375
32304789 5632050 -1409
32304595 5632050 -1325
32304789 5631836 -875
32304778 5632050 -825
32304789 5632050 -827
32304554 5632050 -775
32304789 5632052 -2425
32304789 5632195 -2375
32304786 5632350 -2325
32304789 5632350 -2348
32304784 5632350 -1975
32304789 5632350 -1976
32304789 5632348 -1975
32304789 5632302 -1925
32304586 5632350 -1925
32304789 5632326 -1875
32304565 5632350 -1825
32304789 5632350 -1870
32304616 5632350 -1775
32304789 5632209 -1625
32304682 5632350 -1575
32304789 5632350 -1603
32304497 5632350 -1525
32304789 5632256 -1375
32304789 5632236 -1325
32304789 5632216 -1275
32304613 5632350 -1225
32304789 5632350 -1252
32304634 5632350 -1175
32304789 5632063 -825
32304787 5632350 -775
32304789 5632350 -775
32304569 5632350 -725
32304789 5632352 -2325
32304786 5632650 -2275
32304789 5632650 -2275
32304787 5632650 -2225
32304789 5632356 -1975
32304779 5632650 -1925
32304789 5632650 -1927
32304604 5632650 -1875
32304789 5632553 -1825
32304789 5632506 -1775
32304789 5632460 -1725
32304661 5632650 -1675
32304789 5632650 -1693
32304713 5632650 -1625
32304789 5632511 -1575
32304706 5632650 -1525
32304789 5632650 -1550
32304542 5632650 -1475
32304789 5632518 -1225
32304789 5632499 -1175
32304789 5632479 -1125
32304649 5632650 -1075
32304789 5632650 -1096
32304669 5632650 -1025
32304689 5632650 -975
32304789 5632352 -775
32304789 5632625 -725
32304627 5632650 -675
32304789 5632650 -720
32304789 5632652 -2275
32304789 5632652 -2225
32304789 5632651 -2175
32304787 5632950 -2125
32304789 5632950 -2125
32304789 5632663 -1925
32304789 5632911 -1875
32304658 5632950 -1825
32304789 5632950 -1867
32304505 5632950 -1775
32304789 5632766 -1675
32304789 5632719 -1625
32304789 5632672 -1575
32304789 5632767 -1525
32304789 5632950 -1530
32304748 5632950 -1525
32304789 5632950 -1484
32304789 5632785 -1075
32304789 5632765 -1025
32304789 5632746 -975
32304789 5632727 -925
32304698 5632950 -875
32304789 5632950 -889
32304717 5632950 -825
32304737 5632950 -775
32304789 5632822 -675
32304744 5632950 -625
32304789 5632950 -640
32304600 5632950 -575
32304789 5632951 -2125
32304789 5632951 -2075
32304787 5633250 -2025
32304789 5633250 -2025
32304787 5633250 -1975
32304789 5633116 -1825
32304744 5633250 -1775
32304789 5633250 -1790
32304606 5633250 -1725
32304789 5632987 -1525
32304789 5633040 -875
32304789 5633020 -825
32304789 5633001 -775
32304789 5633090 -725
32304731 5633250 -675
32304789 5633250 -705
32304789 5632989 -625
32304750 5633250 -625
32304789 5633114 -575
32304789 5633232 -525
32304684 5633250 -475
32304789 5633250 -517
32304557 5633250 -425
32304789 5633251 -2025
32304789 5633251 -1975
32304789 5633250 -1925
32304787 5633550 -1875
32304789 5633550 -1875
32304788 5633550 -1825
32304789 5633301 -1775
32304789 5633459 -1725
32304736 5633550 -1675
32304789 5633550 -1696
32304613 5633550 -1625
32304492 5633550 -1575
32304789 5633308 -675
32304789 5633290 -625
32304789 5633271 -575
32304789 5633253 -525
32304789 5633325 -475
32304789 5633550 -482
32304743 5633550 -475
32304760 5633550 -425
32304789 5633410 -425
32304789 5633491 -375
32304776 5633550 -375
32304760 5633550 -325
32304789 5633550 -338
32304653 5633550 -275
32304542 5633550 -225
32304789 5633551 -1875
32304789 5633550 -1825
32304789 5633550 -1775
32304788 5633850 -1725
32304789 5633850 -1725
32304789 5633604 -1675
32304788 5633850 -1675
32304789 5633732 -1625
32304781 5633850 -1575
32304789 5633850 -1578
32304669 5633850 -1525
32304561 5633850 -1475
32304789 5633599 -475
32304789 5633581 -425
32304789 5633563 -375
32304728 5633850 -275
32304789 5633629 -275
32304789 5633850 -283
32304743 5633850 -225
32304789 5633688 -225
32304789 5633746 -175
32304759 5633850 -175
32304789 5633801 -125
32304779 5633850 -75
32304789 5633850 -80
32304683 5633850 -25
32304586 5633850 25
32304789 5633850 -1725
32304789 5633850 -1675
32304789 5633850 -1625
32304789 5633856 -1575
32304789 5634150 -1575
32304788 5634150 -1575
32304788 5634150 -1525
32304789 5633961 -1525
32304789 5634063 -1475
32304774 5634150 -1425
32304789 5634150 -1432
32304673 5634150 -1375
32304576 5634150 -1325
32304789 5633917 -275
32304789 5633900 -225
32304789 5633883 -175
32304789 5633866 -125
32304789 5633856 -75
32304789 5634150 -87
32304705 5634150 -75
32304710 5634150 -25
32304789 5633906 -25
32304764 5633864 -67
32304726 5634150 25
32304789 5633956 25
32304789 5634006 75
32304741 5634150 75
32304789 5634056 125
32304789 5634106 175
32304773 5634150 225
32304789 5634150 217
32304666 5634150 275
32304556 5634150 325
32304789 5634150 -1575
32304789 5634150 -1525
32304789 5634150 -1475
32304789 5634162 -1425
32304789 5634450 -1425
32304788 5634450 -1425
32304788 5634450 -1375
32304789 5634248 -1375
32304788 5634450 -1325
32304789 5634331 -1325
32304789 5634413 -1275
32304738 5634450 -1225
32304789 5634450 -1252
32304649 5634450 -1175
32304563 5634450 -1125
32304789 5634242 -75
32304789 5634235 -25
32304789 5634219 25
32304789 5634202 75
32304789 5634184 125
32304789 5634166 175
32304789 5634159 225
32304789 5634450 213
32304712 5634450 225
32304729 5634450 275
32304789 5634225 275
32304752 5634171 235
32304747 5634450 325
32304789 5634293 325
32304789 5634362 375
32304789 5634432 425
32304706 5634450 475
32304789 5634450 437
32304789 5634451 -1425
32304789 5634450 -1375
32304789 5634450 -1325
32304789 5634450 -1275
32304789 5634489 -1225
32304789 5634750 -1225
32304788 5634750 -1225
32304788 5634750 -1175
32304789 5634560 -1175
32304788 5634750 -1125
32304789 5634630 -1125
32304789 5634698 -1075
32304769 5634750 -1025
32304789 5634750 -1036
32304687 5634750 -975
32304609 5634750 -925
32304535 5634750 -875
32304789 5634533 225
32304789 5634514 275
32304789 5634495 325
32304789 5634475 375
32304789 5634455 425
32304789 5634751 -1225
32304789 5634750 -1175
32304789 5634750 -1125
32304789 5635050 -1075
32304789 5635050 -1075
32304789 5635050 -1051
32304788 5635050 -925
32304789 5634888 -925
32304789 5635050 -956
32304789 5634949 -875
32304789 5635009 -825
32304764 5635050 -775
32304789 5635050 -790
32304692 5635050 -725
32304625 5635050 -675
32304564 5635050 -625
32304506 5635050 -575
32304789 5635050 -1075
32304789 5635050 -925
32304788 5635350 -875
32304789 5635350 -875
32304789 5635350 -825
32304789 5635350 -801
32304702 5635350 -675
32304672 5635350 -625
32304644 5635350 -575
32304618 5635350 -525
32304594 5635350 -475
32304691 5635350 -425
32304639 5635350 -375
32304589 5635350 -325
32304541 5635350 -275
32304492 5635350 -225
32304789 5635350 -875
32304789 5635350 -825
32304788 5635650 -725
32304789 5635447 -725
32304789 5635650 -725
32304789 5635511 -675
32304788 5635650 -675
32304788 5635650 -625
32304789 5635576 -625
32304789 5635650 -575
32304789 5635645 -575
32304789 5635650 -571
32304621 5635650 -475
32304552 5635650 -425
32304511 5635650 -375
32304640 5635650 -325
32304617 5635650 -275
32304595 5635650 -225
32304575 5635650 -175
32304556 5635650 -125
32304536 5635650 -75
32304515 5635650 -25
32304492 5635650 25
32304659 5635650 275
32304789 5635445 275
32304789 5635650 257
32304700 5635650 325
32304789 5635509 325
32304744 5635650 375
32304789 5635577 375
32304788 5635650 425
32304789 5635648 425
32304789 5635650 426
32304789 5635650 -725
32304789 5635650 -675
32304789 5635650 -625
32304789 5635950 -575
32304788 5635950 -575
32304789 5635721 -525
32304788 5635950 -525
32304789 5635800 -475
32304788 5635950 -475
32304788 5635950 -425
32304789 5635882 -425
32304789 5635950 -385
32304679 5635950 -325
32304599 5635950 -275
32304526 5635950 -225
32304789 5635732 275
32304789 5635708 325
32304789 5635924 375
32304789 5635658 425
32304789 5635951 -575
32304789 5635950 -525
32304789 5635950 -475
32304789 5636250 -425
32304787 5636250 -425
32304789 5635964 -375
32304788 5636250 -375
32304789 5636029 -325
32304788 5636250 -325
32304788 5636250 -275
32304789 5636093 -275
32304789 5636092 -225
32304789 5636135 -175
32304789 5636178 -125
32304789 5636221 -75
32304592 5636250 -25
32304789 5636250 -42
32304789 5636251 -425
32304789 5636251 -375
32304789 5636250 -325
32304789 5636550 -275
32304786 5636550 -275
32304787 5636550 -225
32304787 5636550 -175
32304789 5636274 -25
32304789 5636341 25
32304789 5636408 75
32304789 5636475 125
32304789 5636541 175
32304708 5636550 225
32304789 5636550 181
32304612 5636550 275
32304513 5636550 325
32304789 5636552 -275
32304789 5636551 -225
32304789 5636551 -175
32304789 5636551 -125
32304786 5636850 -75
32304789 5636850 -75
32304787 5636850 -25
32304787 5636850 25
32304789 5636602 225
32304789 5636662 275
32304789 5636721 325
32304789 5636779 375
32304789 5636837 425
32304721 5636850 475
32304789 5636850 436
32304789 5636852 -75
32304789 5636852 -25
32304789 5636851 25
32304789 5636851 75
32304789 5636851 125
32304789 5636885 175
32304786 5637150 225
32304789 5637150 214
32304787 5637150 275
32304787 5637150 325
32304789 5636888 475
32304789 5637152 225
32304789 5637152 275
32304789 5637151 325
32304789 5637151 375
32304789 5637151 425
32304789 5637182 475
32305090 5623650 -2727
32305090 5623950 -2727
32305090 5624250 -2727
32304790 5624250 -25
32304841 5624250 25
32304884 5624250 75
32304920 5624250 125
32304948 5624250 175
32304969 5624250 225
32304987 5624250 275
32305004 5624250 325
32305022 5624250 375
32305041 5624250 425
32305062 5624250 475
32305090 5624550 -2727
32304793 5624550 -225
32304852 5624550 -175
32304909 5624550 -125
32304965 5624550 -75
32305025 5624550 -25
32305090 5624550 20
32305090 5624545 25
32305090 5624499 75
32305090 5624459 125
32305090 5624427 175
32305090 5624402 225
32305090 5624382 275
32305090 5624363 325
32305090 5624342 375
32305090 5624317 425
32305090 5624288 475
32305090 5624850 -2727
32304860 5624850 -375
32304951 5624850 -325
32305024 5624850 -275
32305083 5624850 -225
32305090 5624850 -218
32305090 5624799 -175
32305090 5624742 -125
32305090 5624684 -75
32305090 5624621 -25
32305090 5625150 -2727
32305028 5625150 -425
32305090 5625150 -408
32305090 5625075 -375
32305090 5624985 -325
32305090 5624913 -275
32305090 5624856 -225
32305090 5625450 -2727
32305090 5625450 -465
32305090 5625219 -425
32305090 5625750 -2727
32305042 5625750 -425
32305090 5625750 -445
32304927 5625750 -375
32304817 5625750 -325
32305090 5626050 -2727
32305090 5625798 -425
32305090 5625914 -375
32305090 5626027 -325
32305022 5626050 -275
32305090 5626050 -314
32304941 5626050 -225
32304867 5626050 -175
32304796 5626050 -125
32305090 5626350 -2727
32305090 5626113 -275
32305090 5626191 -225
32305090 5626266 -175
32305090 5626340 -125
32305014 5626350 -75
32305090 5626350 -118
32304930 5626350 -25
32304849 5626350 25
32305090 5626650 -2727
32305090 5626419 -75
32305090 5626494 -25
32305090 5626566 25
32305090 5626636 75
32304903 5626650 125
32305090 5626650 84
32305090 5626950 -2727
32304794 5626950 75
32305090 5626764 125
32304923 5626950 125
32305090 5626902 175
32305046 5626950 175
32305090 5626950 192
32305090 5627250 -2726
32304871 5627250 -25
32304960 5627250 25
32305039 5627250 75
32305090 5627250 109
32305090 5627192 125
32305090 5627013 175
32305090 5627550 -2726
32304855 5627550 -175
32304969 5627550 -125
32305051 5627550 -75
32305090 5627550 -53
32305090 5627490 -25
32305090 5627394 25
32305090 5627305 75
32305090 5627850 -2726
32304825 5627850 -325
32304942 5627850 -275
32305073 5627850 -225
32305090 5627850 -217
32305090 5627761 -175
32305090 5627663 -125
32305090 5627587 -75
32305090 5628150 -2726
32304910 5628150 -425
32305049 5628150 -375
32305090 5628150 -359
32305090 5628074 -325
32305090 5627968 -275
32305090 5627864 -225
32305090 5628450 -2726
32304884 5628450 -575
32305021 5628450 -525
32305090 5628450 -499
32305090 5628397 -475
32305090 5628290 -425
32305090 5628182 -375
32305090 5628750 -2726
32304869 5628750 -725
32305009 5628750 -675
32305090 5628750 -645
32305090 5628707 -625
32305090 5628603 -575
32305090 5628501 -525
32305090 5629050 -2726
32304814 5629050 -875
32304972 5629050 -825
32305090 5629050 -786
32305090 5629025 -775
32305090 5628916 -725
32305090 5628811 -675
32305090 5629350 -2726
32304838 5629350 -975
32305031 5629350 -925
32305090 5629350 -909
32305090 5629264 -875
32305090 5629141 -825
32305090 5629650 -2726
32305000 5629650 -1025
32305090 5629650 -1008
32305090 5629547 -975
32305090 5629396 -925
32305090 5629950 -2726
32305090 5629950 -1081
32305090 5629924 -1075
32305090 5629718 -1025
32305090 5630250 -2725
32305090 5630250 -1127
32305090 5630230 -1125
32305085 5630550 -2725
32305090 5630550 -2725
32305090 5630550 -1147
32305090 5630554 -2725
32305090 5630850 -2675
32304973 5630850 -1125
32305090 5630850 -1140
32305090 5630854 -2675
32305090 5631150 -2625
32305090 5630996 -1125
32304931 5631150 -1075
32305090 5631150 -1107
32305090 5631162 -2625
32305090 5631450 -2576
32305090 5631325 -1075
32304990 5631450 -1025
32305090 5631450 -1049
32304800 5631450 -975
32305090 5631453 -2575
32305090 5631750 -2525
32304978 5631750 -1725
32305090 5631750 -1746
32305090 5631740 -1725
32304795 5631750 -1675
32305090 5631750 -1723
32304817 5631750 -1625
32304839 5631750 -1575
32305090 5631559 -1025
32305083 5631750 -975
32305090 5631750 -976
32304900 5631750 -925
32305090 5631753 -2525
32305087 5632050 -2475
32305090 5632050 -2475
32305090 5631971 -1725
32305090 5632050 -1717
32305090 5632032 -1675
32304903 5632050 -1675
32305090 5632010 -1625
32305090 5631990 -1575
32304843 5632050 -1525
32305090 5632050 -1564
32304864 5632050 -1475
32304885 5632050 -1425
32305090 5631758 -975
32305090 5631965 -925
32304979 5632050 -875
32305090 5632050 -903
32305090 5632052 -2475
32305087 5632350 -2425
32305090 5632350 -2425
32304951 5632350 -2375
32304997 5632350 -2025
32305090 5632350 -2046
32305090 5632330 -2025
32304790 5632350 -1975
32305090 5632350 -2021
32304842 5632350 -1925
32304816 5632350 -1875
32305066 5632350 -1675
32305090 5632350 -1680
32304871 5632350 -1625
32305090 5632285 -1525
32305090 5632265 -1475
32305090 5632245 -1425
32304886 5632350 -1375
32305090 5632350 -1407
32304907 5632350 -1325
32304927 5632350 -1275
32305090 5632196 -875
32305007 5632350 -825
32305090 5632350 -844
32305090 5632352 -2425
32305090 5632352 -2375
32305088 5632650 -2325
32305090 5632650 -2325
32305090 5632515 -2025
32305090 5632650 -2007
32305090 5632618 -1975
32304966 5632650 -1975
32305090 5632572 -1925
32305090 5632526 -1875
32304900 5632650 -1825
32305090 5632650 -1853
32304949 5632650 -1775
32305000 5632650 -1725
32305090 5632391 -1675
32305047 5632650 -1625
32305090 5632650 -1637
32304874 5632650 -1575
32305090 5632543 -1375
32305090 5632524 -1325
32305090 5632505 -1275
32304927 5632650 -1225
32305090 5632650 -1250
32304946 5632650 -1175
32304966 5632650 -1125
32305090 5632471 -825
32305007 5632650 -775
32305090 5632650 -796
32304807 5632650 -725
32305090 5632652 -2325
32305090 5632651 -2275
32305088 5632950 -2225
32305090 5632950 -2225
32305088 5632950 -2175
32305090 5632840 -1975
32304983 5632950 -1925
32305090 5632950 -1956
32304815 5632950 -1875
32305090 5632821 -1825
32305090 5632777 -1775
32305090 5632730 -1725
32305090 5632684 -1675
32305034 5632715 -1637
32305090 5632716 -1625
32305090 5632950 -1631
32305046 5632950 -1625
32305090 5632950 -1582
32304911 5632950 -1525
32305090 5632806 -1225
32305090 5632787 -1175
32305090 5632768 -1125
32305090 5632750 -1075
32304980 5632950 -1025
32305090 5632950 -1042
32304999 5632950 -975
32305019 5632950 -925
32305090 5632754 -775
32305060 5632950 -725
32305090 5632950 -734
32304901 5632950 -675
32305090 5632951 -2225
32305090 5632951 -2175
32305088 5633250 -2125
32305090 5633250 -2125
32305089 5633250 -2075
32305090 5633091 -1925
32305044 5633250 -1875
32305090 5633250 -1889
32304891 5633250 -1825
32305090 5632990 -1625
32305090 5633056 -1025
32305090 5633038 -975
32305090 5633019 -925
32305090 5633001 -875
32305022 5633250 -825
32305090 5633250 -835
32305040 5633250 -775
32305090 5632980 -725
32304951 5633250 -725
32305090 5633134 -675
32305064 5633250 -625
32305090 5633250 -635
32304938 5633250 -575
32304809 5633250 -525
32305090 5633251 -2125
32305090 5633251 -2075
32305090 5633250 -2025
32305089 5633550 -1975
32305090 5633550 -1975
32305089 5633550 -1925
32305090 5633303 -1875
32305090 5633480 -1825
32305005 5633550 -1775
32305090 5633550 -1805
32304867 5633550 -1725
32305090 5633317 -825
32305090 5633299 -775
32305090 5633281 -725
32305090 5633264 -675
32305054 5633274 -636
32305090 5633272 -625
32305090 5633550 -631
32305045 5633550 -625
32305061 5633550 -575
32305090 5633378 -575
32305037 5633292 -610
32305076 5633550 -525
32305090 5633476 -525
32305090 5633550 -484
32305071 5633550 -475
32304972 5633550 -425
32304868 5633550 -375
32305090 5633551 -1975
32305090 5633550 -1925
32305090 5633550 -1875
32305089 5633850 -1825
32305090 5633850 -1825
32305090 5633635 -1775
32305089 5633850 -1775
32305090 5633776 -1725
32305029 5633850 -1675
32305090 5633850 -1698
32304903 5633850 -1625
32305090 5633595 -625
32305090 5633578 -575
32305090 5633562 -525
32305046 5633850 -425
32305090 5633642 -425
32305090 5633850 -431
32305060 5633850 -375
32305090 5633712 -375
32305090 5633776 -325
32305073 5633850 -325
32305090 5633834 -275
32305039 5633850 -225
32305090 5633850 -260
32304963 5633850 -175
32304876 5633850 -125
32305090 5633850 -1825
32305090 5633850 -1775
32305089 5634150 -1725
32305090 5634150 -1725
32305090 5633903 -1675
32305089 5634150 -1675
32305089 5634150 -1625
32305090 5634016 -1625
32305090 5634128 -1575
32304996 5634150 -1525
32305090 5634150 -1565
32304882 5634150 -1475
32305090 5633893 -425
32305090 5633880 -375
32305090 5633866 -325
32305090 5633853 -275
32305035 5634150 -175
32305090 5633938 -175
32305090 5634150 -182
32305045 5634150 -125
32305090 5633984 -125
32305090 5634026 -75
32304829 5633877 -83
32305090 5634065 -25
32305090 5634102 25
32305090 5634138 75
32305024 5634150 125
32305090 5634150 89
32304906 5634150 175
32305090 5634150 -1725
32305090 5634150 -1675
32305090 5634150 -1625
32305090 5634150 -1575
32305090 5634223 -1525
32305090 5634450 -1525
32305089 5634450 -1525
32305089 5634450 -1475
32305090 5634313 -1475
32305090 5634401 -1425
32305041 5634450 -1375
32305090 5634450 -1397
32304934 5634450 -1325
32304833 5634450 -1275
32305090 5634204 -175
32305090 5634195 -125
32305090 5634185 -75
32305090 5634175 -25
32305090 5634164 25
32305024 5634450 75
32305090 5634450 65
32305090 5634195 125
32305039 5634450 125
32305054 5634450 175
32305090 5634269 175
32305090 5634350 225
32304863 5634197 213
32305090 5634433 275
32305017 5634450 325
32305090 5634450 284
32304919 5634450 375
32304816 5634450 425
32305090 5634450 -1525
32305090 5634450 -1475
32305090 5634450 -1425
32304934 5634750 -1225
32304894 5634750 -1175
32304855 5634750 -1125
32304817 5634750 -1075
32305090 5634521 75
32305090 5634505 125
32305090 5634489 175
32305090 5634471 225
32305090 5634453 275
32305039 5634750 375
32305090 5634561 375
32305090 5634750 367
32305057 5634750 425
32305090 5634627 425
32305090 5634694 475
32305075 5634750 475
32305090 5635050 -1225
32305090 5635050 -1225
32305090 5634988 -1225
32305090 5635050 -1175
32305090 5635049 -1175
32305090 5635050 -1174
32304845 5635050 -1075
32304887 5635050 -925
32304849 5635050 -875
32304813 5635050 -825
32305090 5634809 375
32305090 5634794 425
32305090 5634769 475
32305090 5635050 -1225
32305090 5635050 -1175
32305090 5635350 -1075
32305089 5635350 -1075
32305090 5635166 -1075
32305090 5635222 -1025
32305089 5635350 -1025
32305090 5635350 -975
32305090 5635278 -975
32305090 5635333 -925
32305090 5635350 -925
32305090 5635350 -910
32304990 5635350 -875
32304851 5635350 -825
32305090 5635350 -1075
32305090 5635350 -1025
32305090 5635350 -975
32305090 5635650 -925
32305089 5635650 -925
32305090 5635394 -875
32305089 5635650 -875
32305089 5635650 -825
32305090 5635458 -825
32305090 5635524 -775
32305089 5635650 -775
32305090 5635592 -725
32305061 5635650 -675
32305090 5635650 -684
32304922 5635650 -625
32304797 5635650 -575
32304916 5635650 275
32304878 5635650 325
32304836 5635650 375
32304790 5635650 425
32305090 5635651 -925
32305090 5635651 -875
32305090 5635650 -825
32305090 5635950 -775
32305088 5635950 -775
32305089 5635950 -725
32305090 5635665 -675
32305089 5635950 -675
32305089 5635950 -625
32305090 5635743 -625
32305090 5635820 -575
32305090 5635825 -525
32305090 5635872 -475
32305090 5635923 -425
32305090 5635950 -398
32305038 5635950 25
32305090 5635805 25
32305090 5635950 17
32305062 5635950 75
32305090 5635866 75
32305083 5635950 125
32305090 5635932 125
32305090 5635950 137
32305090 5635951 -775
32305090 5635951 -725
32305090 5635951 -675
32305090 5636250 -625
32305087 5636250 -625
32305088 5636250 -575
32305088 5636250 -525
32305088 5636250 -475
32305090 5635981 -375
32305090 5636046 -325
32305090 5636108 -275
32305090 5636167 -225
32305090 5636225 -175
32305010 5636250 -125
32305090 5636250 -153
32304872 5636250 -75
32305090 5636038 25
32305090 5635995 75
32305090 5635958 125
32304980 5636250 225
32305090 5636036 225
32305090 5636250 209
32305015 5636250 275
32305090 5636096 275
32305049 5636250 325
32305090 5636163 325
32305084 5636250 375
32305090 5636236 375
32305090 5636250 384
32305090 5636252 -625
32305090 5636252 -575
32305090 5636251 -525
32305090 5636251 -475
32305087 5636550 -425
32305090 5636550 -425
32305088 5636550 -375
32305088 5636550 -325
32305090 5636291 -125
32305090 5636366 -75
32305090 5636440 -25
32305090 5636513 25
32305032 5636550 75
32305090 5636550 50
32304916 5636550 125
32304803 5636550 175
32305090 5636388 225
32305090 5636344 275
32305090 5636300 325
32305090 5636257 375
32305090 5636552 -425
32305090 5636552 -375
32305090 5636551 -325
32305090 5636551 -275
32305087 5636850 -225
32305090 5636850 -225
32305088 5636850 -175
32305088 5636850 -125
32305090 5636583 75
32305090 5636650 125
32305090 5636716 175
32305090 5636779 225
32305090 5636842 275
32305004 5636850 325
32305090 5636850 281
32304907 5636850 375
32304810 5636850 425
32305090 5636852 -225
32305090 5636852 -175
32305090 5636851 -125
32305090 5636851 -75
32305090 5636851 -25
32305087 5637150 25
32305090 5637150 24
32305088 5637150 75
32305088 5637150 125
32305038 5637150 175
32305090 5636895 325
32305090 5636947 375
32305090 5637000 425
32305090 5637053 475
32305090 5637152 25
32305090 5637152 75
32305090 5637152 125
32305090 5637151 175
32305090 5637151 225
32305090 5637151 275
32305087 5637450 325
32305090 5637450 324
32305088 5637450 375
32305088 5637450 425
32305041 5637450 475
32305090 5637452 325
32305090 5637452 375
32305090 5637452 425
32305090 5637451 475
32305391 5623650 -2727
32305391 5623950 -2727
32305391 5624250 -2727
32305391 5624550 -2727
32305094 5624550 25
32305135 5624550 75
32305173 5624550 125
32305208 5624550 175
32305236 5624550 225
32305257 5624550 275
32305272 5624550 325
32305284 5624550 375
32305296 5624550 425
32305309 5624550 475
32305391 5624850 -2727
32305129 5624850 -175
32305170 5624850 -125
32305205 5624850 -75
32305238 5624850 -25
32305267 5624850 25
32305293 5624850 75
32305316 5624850 125
32305391 5624850 170
32305391 5624842 175
32305391 5624817 225
32305391 5624787 275
32305391 5624752 325
32305391 5624717 375
32305391 5624685 425
32305391 5624656 475
32305391 5625150 -2727
32305155 5625150 -375
32305235 5625150 -325
32305340 5625150 -275
32305391 5625150 -229
32305391 5625145 -225
32305391 5625103 -175
32305391 5625066 -125
32305391 5625031 -75
32305391 5624998 -25
32305391 5624967 25
32305391 5624939 75
32305391 5624913 125
32305391 5625450 -2727
32305391 5625450 -427
32305391 5625446 -425
32305391 5625360 -375
32305391 5625290 -325
32305391 5625195 -275
32305391 5625750 -2727
32305375 5625750 -475
32305391 5625750 -476
32305391 5625735 -475
32305391 5626050 -2727
32305391 5625759 -475
32305391 5626035 -425
32305254 5626050 -375
32305391 5626050 -422
32305117 5626050 -325
32305391 5626350 -2727
32305391 5626143 -375
32305391 5626237 -325
32305391 5626326 -275
32305313 5626350 -225
32305391 5626350 -261
32305207 5626350 -175
32305103 5626350 -125
32305391 5626650 -2727
32305391 5626402 -225
32305391 5626471 -175
32305391 5626539 -125
32305391 5626606 -75
32305345 5626650 -25
32305391 5626650 -43
32305224 5626650 25
32305111 5626650 75
32305391 5626950 -2727
32305391 5626683 -25
32305391 5626773 25
32305391 5626860 75
32305391 5626942 125
32305172 5626950 175
32305391 5626950 129
32305391 5627250 -2727
32305138 5627250 125
32305391 5627120 175
32305285 5627250 175
32305391 5627248 225
32305390 5627250 225
32305391 5627250 225
32305391 5627550 -2726
32305152 5627550 -25
32305251 5627550 25
32305339 5627550 75
32305391 5627550 107
32305391 5627499 125
32305391 5627355 175
32305391 5627251 225
32305391 5627850 -2726
32305207 5627850 -175
32305341 5627850 -125
32305391 5627850 -105
32305391 5627796 -75
32305391 5627718 -25
32305391 5627648 25
32305391 5627586 75
32305391 5628150 -2726
32305201 5628150 -325
32305364 5628150 -275
32305391 5628150 -266
32305391 5628066 -225
32305391 5627971 -175
32305391 5627882 -125
32305391 5628450 -2726
32305159 5628450 -475
32305302 5628450 -425
32305391 5628450 -394
32305391 5628405 -375
32305391 5628288 -325
32305391 5628169 -275
32305391 5628750 -2726
32305143 5628750 -625
32305272 5628750 -575
32305391 5628750 -527
32305391 5628744 -525
32305391 5628632 -475
32305391 5628520 -425
32305391 5629050 -2726
32305120 5629050 -775
32305253 5629050 -725
32305380 5629050 -675
32305391 5629050 -670
32305391 5628952 -625
32305391 5628847 -575
32305391 5629350 -2726
32305195 5629350 -875
32305343 5629350 -825
32305391 5629350 -808
32305391 5629275 -775
32305391 5629165 -725
32305391 5629059 -675
32305391 5629650 -2726
32305218 5629650 -975
32305391 5629650 -928
32305391 5629640 -925
32305391 5629513 -875
32305391 5629390 -825
32305391 5629950 -2726
32305125 5629950 -1075
32305391 5629950 -1026
32305391 5629944 -1025
32305391 5629789 -975
32305391 5630250 -2725
32305121 5630250 -1125
32305391 5630250 -1099
32305391 5630149 -1075
32305391 5630550 -2725
32305391 5630550 -1144
32305391 5630422 -1125
32305391 5630555 -2725
32305391 5630850 -2675
32305391 5630850 -1162
32305387 5631150 -2675
32305391 5631150 -2675
32305206 5631150 -1125
32305391 5631150 -1152
32305391 5631154 -2675
32305379 5631450 -2625
32305391 5631450 -2625
32305391 5631383 -1125
32305200 5631450 -1075
32305391 5631450 -1116
32305391 5631453 -2625
32305388 5631750 -2575
32305391 5631750 -2575
32305100 5631750 -1725
32305391 5631674 -1075
32305262 5631750 -1025
32305391 5631750 -1059
32305391 5631753 -2575
32305388 5632050 -2525
32305391 5632050 -2525
32305361 5632050 -1775
32305391 5632050 -1781
32305391 5632047 -1775
32305391 5632025 -1725
32305126 5632050 -1725
32305391 5632004 -1675
32305131 5632050 -1625
32305391 5632050 -1667
32305153 5632050 -1575
32305391 5631911 -1025
32305332 5632050 -975
32305391 5632050 -992
32305162 5632050 -925
32305391 5632053 -2525
32305388 5632350 -2475
32305391 5632350 -2475
32305112 5632350 -2025
32305391 5632124 -1775
32305266 5632350 -1725
32305391 5632350 -1755
32305391 5632295 -1625
32305391 5632274 -1575
32305391 5632254 -1525
32305179 5632350 -1475
32305391 5632350 -1508
32305201 5632350 -1425
32305391 5632139 -975
32305368 5632350 -925
32305391 5632350 -931
32305197 5632350 -875
32305391 5632352 -2475
32305391 5632352 -2425
32305389 5632650 -2375
32305391 5632650 -2375
32305365 5632650 -2075
32305391 5632650 -2081
32305391 5632643 -2075
32305391 5632597 -2025
32305160 5632650 -2025
32305391 5632550 -1975
32305177 5632650 -1925
32305391 5632650 -1957
32305230 5632650 -1875
32305391 5632613 -1725
32305225 5632650 -1675
32305391 5632650 -1720
32305391 5632549 -1475
32305391 5632529 -1425
32305391 5632509 -1375
32305223 5632650 -1325
32305391 5632650 -1351
32305244 5632650 -1275
32305391 5632392 -925
32305360 5632650 -875
32305391 5632650 -884
32305191 5632650 -825
32305391 5632652 -2375
32305391 5632651 -2325
32305389 5632950 -2275
32305391 5632950 -2275
32305391 5632694 -2075
32305342 5632950 -2025
32305391 5632950 -2038
32305158 5632950 -1975
32305391 5632841 -1925
32305391 5632793 -1875
32305391 5632746 -1825
32305285 5632950 -1775
32305391 5632950 -1790
32305338 5632950 -1725
32305391 5632946 -1675
32305391 5632950 -1675
32305391 5632950 -1674
32305228 5632950 -1625
32305391 5632807 -1325
32305391 5632788 -1275
32305391 5632769 -1225
32305264 5632950 -1175
32305391 5632950 -1194
32305282 5632950 -1125
32305302 5632950 -1075
32305391 5632705 -875
32305362 5632950 -825
32305391 5632950 -834
32305214 5632950 -775
32305391 5632951 -2275
32305391 5632951 -2225
32305390 5633250 -2175
32305391 5633250 -2175
32305391 5633016 -2025
32305377 5633250 -1975
32305391 5633250 -1979
32305207 5633250 -1925
32305391 5633046 -1775
32305391 5632998 -1725
32305391 5632950 -1675
32305391 5633070 -1175
32305391 5633053 -1125
32305391 5633034 -1075
32305391 5633016 -1025
32305313 5633250 -975
32305391 5633250 -986
32305332 5633250 -925
32305351 5633250 -875
32305391 5632992 -825
32305391 5633199 -775
32305303 5633250 -725
32305391 5633250 -762
32305185 5633250 -675
32305391 5633251 -2175
32305391 5633251 -2125
32305390 5633550 -2075
32305391 5633550 -2075
32305390 5633550 -2025
32305391 5633266 -1975
32305391 5633460 -1925
32305305 5633550 -1875
32305391 5633550 -1901
32305150 5633550 -1825
32305391 5633324 -975
32305391 5633306 -925
32305391 5633288 -875
32305391 5633271 -825
32305353 5633550 -775
32305391 5633550 -780
32305391 5633367 -725
32305370 5633550 -725
32305387 5633550 -675
32305391 5633515 -675
32305391 5633550 -662
32305326 5633550 -625
32305242 5633550 -575
32305158 5633550 -525
32305391 5633551 -2075
32305391 5633550 -2025
32305391 5633553 -1975
32305390 5633850 -1925
32305391 5633850 -1926
32305391 5633632 -1875
32305390 5633850 -1875
32305391 5633783 -1825
32305308 5633850 -1775
32305391 5633850 -1803
32305164 5633850 -1725
32305391 5633585 -775
32305391 5633569 -725
32305391 5633553 -675
32305245 5633850 -425
32305196 5633850 -375
32305149 5633850 -325
32305103 5633850 -275
32305391 5633850 -1925
32305391 5633850 -1875
32305391 5633951 -1825
32305223 5634150 -1725
32305196 5634150 -1675
32305147 5634150 -1625
32305115 5634150 -1575
32305208 5634150 -175
32305187 5634150 -125
32305167 5634150 -75
32305146 5634150 -25
32305124 5634150 25
32305099 5634150 75
32305206 5634450 -1525
32305160 5634450 -1475
32305114 5634450 -1425
32305222 5634450 75
32305233 5634450 125
32305196 5634450 175
32305153 5634450 225
32305101 5634450 275
32305370 5634750 275
32305391 5634691 275
32305391 5634750 272
32305391 5634732 325
32305385 5634750 325
32305347 5634750 375
32305391 5634750 344
32305266 5634750 425
32305173 5634750 475
32305391 5635050 -1375
32305391 5634948 -1375
32305391 5635050 -1375
32305391 5635050 -1325
32305391 5635010 -1325
32305391 5635050 -1291
32305218 5635050 -1225
32305090 5635050 -1175
32305391 5634774 275
32305391 5634757 325
32305391 5635050 -1375
32305391 5635050 -1325
32305391 5635350 -1225
32305390 5635350 -1225
32305391 5635128 -1225
32305390 5635350 -1175
32305391 5635186 -1175
32305391 5635242 -1125
32305391 5635350 -1125
32305391 5635298 -1075
32305384 5635350 -1025
32305391 5635350 -1027
32305254 5635350 -975
32305127 5635350 -925
32305391 5635351 -1225
32305391 5635350 -1175
32305391 5635350 -1125
32305389 5635650 -1075
32305391 5635650 -1075
32305391 5635353 -1025
32305390 5635650 -1025
32305390 5635650 -975
32305391 5635415 -975
32305391 5635478 -925
32305391 5635498 -875
32305391 5635534 -825
32305391 5635581 -775
32305391 5635630 -725
32305391 5635650 -704
32305348 5635650 -325
32305391 5635559 -325
32305391 5635650 -332
32305381 5635650 -275
32305391 5635629 -275
32305391 5635650 -259
32305391 5635651 -1075
32305391 5635651 -1025
32305391 5635651 -975
32305389 5635950 -925
32305391 5635950 -925
32305389 5635950 -875
32305389 5635950 -825
32305391 5635693 -675
32305391 5635766 -625
32305391 5635838 -575
32305391 5635907 -525
32305333 5635950 -475
32305391 5635950 -493
32305175 5635950 -425
32305391 5635733 -325
32305391 5635669 -275
32305265 5635950 -175
32305391 5635748 -175
32305391 5635950 -194
32305301 5635950 -125
32305391 5635803 -125
32305336 5635950 -75
32305391 5635859 -75
32305370 5635950 -25
32305391 5635915 -25
32305327 5635950 25
32305391 5635950 4
32305201 5635950 75
32305109 5635950 125
32305391 5635952 -925
32305391 5635952 -875
32305391 5635951 -825
32305391 5635951 -775
32305389 5636250 -725
32305391 5636250 -725
32305389 5636250 -675
32305391 5635975 -475
32305391 5636043 -425
32305391 5636109 -375
32305391 5636174 -325
32305391 5636240 -275
32305275 5636250 -225
32305391 5636250 -268
32305391 5636143 -175
32305145 5636250 -175
32305391 5636088 -125
32305391 5636035 -75
32305391 5635981 -25
32305319 5636004 5
32305229 5636250 25
32305391 5636250 2
32305391 5635976 25
32305267 5636250 75
32305391 5636040 75
32305274 5636001 45
32305304 5636250 125
32305391 5636103 125
32305391 5636165 175
32305341 5636250 175
32305391 5636228 225
32305318 5636250 275
32305391 5636250 242
32305211 5636250 325
32305108 5636250 375
32305391 5636252 -725
32305391 5636252 -675
32305391 5636251 -625
32305388 5636550 -575
32305391 5636550 -575
32305389 5636550 -525
32305389 5636550 -475
32305391 5636313 -225
32305391 5636384 -175
32305391 5636455 -125
32305391 5636524 -75
32305300 5636550 -25
32305391 5636550 -56
32305391 5636464 25
32305160 5636550 25
32305391 5636414 75
32305391 5636364 125
32305391 5636314 175
32305391 5636266 225
32305288 5636550 325
32305391 5636360 325
32305391 5636550 310
32305325 5636550 375
32305391 5636427 375
32305391 5636494 425
32305361 5636550 425
32305391 5636550 466
32305391 5636552 -575
32305391 5636552 -525
32305391 5636552 -475
32305391 5636551 -425
32305391 5636553 -375
32305389 5636850 -325
32305391 5636850 -325
32305389 5636850 -275
32305391 5636598 -25
32305391 5636673 25
32305391 5636747 75
32305391 5636817 125
32305328 5636850 175
32305391 5636850 148
32305214 5636850 225
32305103 5636850 275
32305391 5636684 325
32305391 5636636 375
32305391 5636589 425
32305391 5636852 -325
32305391 5636852 -275
32305391 5636851 -225
32305391 5636851 -175
32305391 5636851 -125
32305389 5637150 -75
32305391 5637150 -75
32305389 5637150 -25
32305391 5636881 175
32305391 5636939 225
32305391 5636996 275
32305391 5637054 325
32305391 5637111 375
32305359 5637150 425
32305391 5637150 408
32305262 5637150 475
32305391 5637152 -75
32305391 5637152 -25
32305391 5637151 25
32305391 5637151 75
32305391 5637151 125
32305389 5637450 175
32305391 5637450 174
32305389 5637450 225
32305389 5637450 275
32305391 5637166 425
32305391 5637218 475
32305391 5637452 175
32305391 5637452 225
32305391 5637451 275
32305391 5637451 325
32305391 5637451 375
32305391 5637451 425
32305391 5637451 475
32305692 5623650 -2727
32305692 5623950 -2727
32305692 5624250 -2727
32305692 5624550 -2727
32305692 5624850 -2727
32305399 5624850 175
32305430 5624850 225
32305470 5624850 275
32305514 5624850 325
32305550 5624850 375
32305578 5624850 425
32305599 5624850 475
32305692 5625150 -2727
32305396 5625150 -225
32305439 5625150 -175
32305477 5625150 -125
32305512 5625150 -75
32305545 5625150 -25
32305577 5625150 25
32305606 5625150 75
32305634 5625150 125
32305656 5625150 175
32305675 5625150 225
32305692 5625150 261
32305692 5625135 275
32305692 5625064 325
32305692 5625010 375
32305692 5624976 425
32305692 5624952 475
32305692 5625450 -2727
32305396 5625450 -425
32305501 5625450 -375
32305583 5625450 -325
32305646 5625450 -275
32305692 5625450 -228
32305692 5625446 -225
32305692 5625405 -175
32305692 5625368 -125
32305692 5625335 -75
32305692 5625304 -25
32305692 5625274 25
32305692 5625245 75
32305692 5625218 125
32305692 5625194 175
32305692 5625172 225
32305692 5625750 -2727
32305405 5625750 -475
32305692 5625750 -426
32305692 5625746 -425
32305692 5625638 -375
32305692 5625556 -325
32305692 5625494 -275
32305692 5626050 -2727
32305692 5626050 -453
32305416 5626050 -425
32305692 5626350 -2727
32305692 5626137 -425
32305692 5626294 -375
32305589 5626350 -325
32305692 5626350 -357
32305433 5626350 -275
32305692 5626650 -2727
32305692 5626409 -325
32305692 5626496 -275
32305692 5626580 -225
32305692 5626641 -175
32305587 5626650 -125
32305692 5626650 -169
32305468 5626650 -75
32305692 5626950 -2727
32305692 5626740 -125
32305692 5626849 -75
32305675 5626950 -25
32305692 5626950 -33
32305573 5626950 25
32305481 5626950 75
32305398 5626950 125
32305692 5627250 -2727
32305692 5626967 -25
32305692 5627066 25
32305692 5627155 75
32305692 5627234 125
32305532 5627250 175
32305692 5627250 135
32305393 5627250 225
32305692 5627550 -2727
32305462 5627550 125
32305692 5627505 175
32305663 5627550 175
32305692 5627550 182
32305692 5627850 -2726
32305485 5627850 -75
32305627 5627850 -25
32305692 5627850 0
32305692 5627801 25
32305692 5627714 75
32305692 5627635 125
32305692 5627560 175
32305692 5628150 -2726
32305536 5628150 -225
32305692 5628150 -179
32305692 5628140 -175
32305692 5628046 -125
32305692 5627961 -75
32305692 5627885 -25
32305692 5628450 -2726
32305451 5628450 -375
32305614 5628450 -325
32305692 5628450 -301
32305692 5628382 -275
32305692 5628259 -225
32305692 5628750 -2726
32305397 5628750 -525
32305529 5628750 -475
32305661 5628750 -425
32305692 5628750 -412
32305692 5628651 -375
32305692 5628516 -325
32305692 5629050 -2726
32305505 5629050 -625
32305627 5629050 -575
32305692 5629050 -547
32305692 5628998 -525
32305692 5628887 -475
32305692 5628776 -425
32305692 5629350 -2726
32305480 5629350 -775
32305610 5629350 -725
32305692 5629350 -692
32305692 5629312 -675
32305692 5629207 -625
32305692 5629104 -575
32305692 5629650 -2726
32305403 5629650 -925
32305558 5629650 -875
32305692 5629650 -830
32305692 5629637 -825
32305692 5629526 -775
32305692 5629418 -725
32305692 5629950 -2726
32305398 5629950 -1025
32305600 5629950 -975
32305692 5629950 -951
32305692 5629882 -925
32305692 5629758 -875
32305692 5630250 -2726
32305537 5630250 -1075
32305692 5630250 -1049
32305692 5630174 -1025
32305692 5630021 -975
32305692 5630550 -2725
32305632 5630550 -1125
32305692 5630550 -1120
32305692 5630358 -1075
32305692 5630804 -2725
32305692 5630850 -2716
32305692 5630850 -1163
32305692 5630583 -1125
32305692 5631150 -2675
32305644 5631150 -1175
32305692 5631150 -1179
32305692 5631072 -1175
32305692 5631154 -2675
32305692 5631450 -2625
32305692 5631273 -1175
32305439 5631450 -1125
32305692 5631450 -1168
32305689 5631750 -2625
32305692 5631750 -2625
32305647 5631750 -1125
32305692 5631750 -1135
32305450 5631750 -1075
32305692 5631753 -2625
32305689 5632050 -2575
32305692 5632050 -2575
32305613 5632050 -1825
32305692 5632050 -1840
32305692 5632043 -1825
32305692 5632021 -1775
32305417 5632050 -1725
32305692 5632050 -1769
32305440 5632050 -1675
32305692 5631825 -1125
32305646 5632050 -1075
32305692 5632050 -1089
32305489 5632050 -1025
32305692 5632053 -2575
32305692 5632227 -2525
32305692 5632350 -2502
32305689 5632350 -1825
32305692 5632350 -1825
32305473 5632350 -1775
32305692 5632306 -1725
32305692 5632285 -1675
32305451 5632350 -1625
32305692 5632350 -1663
32305472 5632350 -1575
32305494 5632350 -1525
32305692 5632142 -1075
32305648 5632350 -1025
32305692 5632350 -1040
32305509 5632350 -975
32305692 5632352 -2475
32305690 5632650 -2425
32305692 5632650 -2425
32305584 5632650 -2125
32305692 5632650 -2148
32305692 5632627 -2125
32305692 5632580 -2075
32305452 5632650 -2025
32305692 5632650 -2062
32305505 5632650 -1975
32305692 5632359 -1825
32305595 5632650 -1775
32305692 5632650 -1799
32305407 5632650 -1725
32305692 5632574 -1625
32305692 5632554 -1575
32305692 5632533 -1525
32305692 5632516 -1475
32305522 5632650 -1425
32305692 5632650 -1452
32305543 5632650 -1375
32305692 5632463 -1025
32305630 5632650 -975
32305692 5632650 -998
32305498 5632650 -925
32305692 5632652 -2425
32305691 5632950 -2375
32305692 5632950 -2375
32305691 5632950 -2325
32305692 5632848 -2125
32305538 5632950 -2075
32305692 5632950 -2112
32305692 5632864 -2025
32305692 5632816 -1975
32305692 5632768 -1925
32305569 5632950 -1875
32305692 5632950 -1893
32305623 5632950 -1825
32305692 5632842 -1775
32305565 5632950 -1725
32305692 5632950 -1760
32305393 5632950 -1675
32305692 5632808 -1425
32305692 5632788 -1375
32305692 5632768 -1325
32305566 5632950 -1275
32305692 5632950 -1294
32305586 5632950 -1225
32305692 5632814 -975
32305615 5632950 -925
32305692 5632950 -955
32305490 5632950 -875
32305692 5632951 -2375
32305692 5632951 -2325
32305691 5633250 -2275
32305692 5633250 -2275
32305691 5633250 -2225
32305692 5633161 -2075
32305562 5633250 -2025
32305692 5633250 -2059
32305692 5633062 -1875
32305692 5633012 -1825
32305692 5632963 -1775
32305692 5633144 -1725
32305692 5633250 -1728
32305671 5633250 -1725
32305692 5633250 -1705
32305692 5633068 -1275
32305692 5633048 -1225
32305692 5633029 -1175
32305692 5633010 -1125
32305624 5633250 -1075
32305692 5633250 -1085
32305644 5633250 -1025
32305692 5633114 -925
32305636 5633250 -875
32305692 5633250 -899
32305526 5633250 -825
32305418 5633250 -775
32305692 5633251 -2275
32305692 5633251 -2225
32305692 5633550 -2175
32305692 5633550 -2175
32305692 5633550 -2147
32305692 5633521 -2125
32305692 5633550 -2121
32305692 5633392 -2025
32305649 5633550 -1975
32305692 5633550 -1986
32305471 5633550 -1925
32305692 5633270 -1725
32305692 5633314 -1075
32305692 5633295 -1025
32305692 5633276 -975
32305692 5633258 -925
32305692 5633356 -875
32305692 5633550 -877
32305675 5633550 -875
32305692 5633550 -830
32305585 5633550 -775
32305496 5633550 -725
32305411 5633550 -675
32305692 5633550 -2175
32305692 5633550 -2075
32305692 5633680 -2025
32305524 5633850 -1925
32305469 5633850 -1875
32305415 5633850 -1825
32305692 5633565 -875
32305443 5634750 275
32305406 5634750 325
32305692 5635050 -1525
32305692 5634901 -1525
32305692 5635050 -1525
32305692 5635050 -1475
32305692 5634967 -1475
32305692 5635050 -1425
32305692 5635031 -1425
32305601 5635050 -1375
32305692 5635050 -1410
32305474 5635050 -1325
32305692 5635050 -1525
32305692 5635050 -1475
32305692 5635050 -1425
32305691 5635350 -1375
32305692 5635094 -1375
32305692 5635350 -1375
32305691 5635350 -1325
32305692 5635155 -1325
32305692 5635174 -1275
32305691 5635350 -1275
32305692 5635215 -1225
32305692 5635258 -1175
32305692 5635299 -1125
32305692 5635340 -1075
32305692 5635350 -1063
32305668 5635350 -625
32305692 5635311 -625
32305692 5635350 -629
32305692 5635350 -588
32305692 5635351 -1375
32305692 5635350 -1325
32305692 5635351 -1275
32305692 5635497 -1225
32305690 5635650 -1175
32305692 5635650 -1208
32305691 5635650 -1125
32305692 5635398 -1025
32305692 5635461 -975
32305692 5635525 -925
32305692 5635590 -875
32305679 5635650 -825
32305692 5635650 -830
32305560 5635650 -775
32305440 5635650 -725
32305692 5635391 -625
32305616 5635650 -475
32305692 5635519 -475
32305692 5635650 -485
32305666 5635650 -425
32305692 5635603 -425
32305692 5635650 -399
32305522 5635650 -325
32305420 5635650 -275
32305692 5635651 -1175
32305692 5635651 -1125
32305692 5635651 -1075
32305690 5635950 -1025
32305692 5635950 -1025
32305690 5635950 -975
32305692 5635658 -825
32305692 5635731 -775
32305692 5635804 -725
32305692 5635878 -675
32305690 5635950 -625
32305692 5635950 -625
32305574 5635950 -575
32305460 5635950 -525
32305692 5635753 -475
32305692 5635686 -425
32305692 5635950 -343
32305548 5635950 -325
32305692 5635755 -325
32305595 5635950 -275
32305692 5635823 -275
32305692 5635886 -225
32305642 5635950 -225
32305692 5635946 -175
32305610 5635950 -125
32305692 5635950 -171
32305525 5635950 -75
32305441 5635950 -25
32305692 5635952 -1025
32305692 5635951 -975
32305692 5635951 -925
32305690 5636250 -875
32305692 5636250 -875
32305690 5636250 -825
32305690 5636250 -775
32305692 5635951 -625
32305692 5636022 -575
32305692 5636090 -525
32305692 5636156 -475
32305692 5636218 -425
32305640 5636250 -375
32305692 5636250 -398
32305692 5636157 -325
32305527 5636250 -325
32305692 5636092 -275
32305408 5636250 -275
32305692 5636024 -225
32305692 5635954 -175
32305546 5636250 -75
32305692 5636053 -75
32305692 5636250 -95
32305586 5636250 -25
32305692 5636106 -25
32305692 5636160 25
32305467 5636018 4
32305692 5636216 75
32305643 5636250 125
32305692 5636250 104
32305530 5636250 175
32305426 5636250 225
32305692 5636252 -875
32305692 5636252 -825
32305692 5636252 -775
32305692 5636251 -725
32305690 5636550 -675
32305692 5636550 -675
32305690 5636550 -625
32305692 5636282 -375
32305692 5636351 -325
32305692 5636419 -275
32305692 5636489 -225
32305676 5636550 -175
32305692 5636550 -181
32305556 5636550 -125
32305692 5636441 -75
32305435 5636550 -75
32305692 5636389 -25
32305692 5636335 25
32305692 5636281 75
32305575 5636550 175
32305692 5636350 175
32305692 5636550 158
32305615 5636550 225
32305692 5636419 225
32305692 5636487 275
32305655 5636550 275
32305685 5636550 325
32305692 5636550 321
32305577 5636550 375
32305474 5636550 425
32305692 5636552 -675
32305692 5636552 -625
32305692 5636552 -575
32305692 5636551 -525
32305690 5636850 -475
32305692 5636850 -475
32305690 5636850 -425
32305688 5636850 -375
32305692 5636560 -175
32305692 5636636 -125
32305692 5636712 -75
32305692 5636788 -25
32305671 5636850 25
32305692 5636850 16
32305555 5636850 75
32305442 5636850 125
32305692 5636695 175
32305692 5636646 225
32305692 5636596 275
32305692 5636850 467
32305638 5636850 475
32305692 5636758 475
32305692 5636852 -475
32305692 5636852 -425
32305692 5636851 -375
32305692 5636851 -325
32305692 5636851 -275
32305690 5637150 -225
32305692 5637150 -225
32305690 5637150 -175
32305690 5637150 -125
32305692 5636861 25
32305692 5636924 75
32305692 5636987 125
32305692 5637051 175
32305692 5637114 225
32305647 5637150 275
32305692 5637150 252
32305549 5637150 325
32305454 5637150 375
32305692 5636921 475
32305692 5637152 -225
32305692 5637152 -175
32305692 5637151 -125
32305692 5637151 -75
32305692 5637151 -25
32305692 5637151 25
32305690 5637450 75
32305692 5637450 74
32305690 5637450 125
32305692 5637176 275
32305692 5637234 325
32305692 5637291 375
32305692 5637348 425
32305692 5637405 475
32305692 5637452 75
32305692 5637451 125
32305692 5637451 175
32305692 5637451 225
32305692 5637451 275
32305692 5637450 325
32305690 5637750 375
32305692 5637750 374
32305691 5637750 425
32305690 5637750 475
32305692 5637751 375
32305692 5637751 425
32305692 5637751 475
32305993 5623650 -2727
32305993 5623950 -2727
32305993 5624250 -2727
32305993 5624550 -2727
32305993 5624850 -2727
32305993 5625150 -2727
32305699 5625150 275
32305738 5625150 325
32305778 5625150 375
32305815 5625150 425
32305849 5625150 475
32305993 5625450 -2727
32305697 5625450 -225
32305758 5625450 -175
32305820 5625450 -125
32305888 5625450 -75
32305974 5625450 -25
32305993 5625450 -15
32305993 5625422 25
32305993 5625392 75
32305993 5625365 125
32305993 5625342 175
32305993 5625324 225
32305993 5625308 275
32305993 5625292 325
32305993 5625276 375
32305993 5625259 425
32305993 5625242 475
32305993 5625750 -2727
32305697 5625750 -425
32305834 5625750 -375
32305940 5625750 -325
32305993 5625750 -293
32305993 5625727 -275
32305993 5625672 -225
32305993 5625622 -175
32305993 5625574 -125
32305993 5625523 -75
32305993 5625463 -25
32305993 5626050 -2727
32305993 5626050 -428
32305993 5626037 -425
32305993 5625895 -375
32305993 5625795 -325
32305993 5626350 -2727
32305993 5626121 -425
32305781 5626350 -375
32305993 5626350 -415
32305993 5626650 -2727
32305993 5626460 -375
32305993 5626595 -325
32305918 5626650 -275
32305993 5626650 -303
32305794 5626650 -225
32305704 5626650 -175
32305993 5626950 -2727
32305993 5626704 -275
32305993 5626797 -225
32305993 5626891 -175
32305943 5626950 -125
32305993 5626950 -144
32305809 5626950 -75
32305993 5627250 -2727
32305993 5626993 -125
32305993 5627107 -75
32305993 5627225 -25
32305902 5627250 25
32305993 5627250 -15
32305800 5627250 75
32305710 5627250 125
32305993 5627550 -2727
32305993 5627351 25
32305993 5627462 75
32305970 5627550 125
32305993 5627550 120
32305726 5627550 175
32305993 5627850 -2727
32305764 5627850 25
32305889 5627850 75
32305993 5627850 122
32305993 5628150 -2727
32305705 5628150 -175
32305836 5628150 -125
32305955 5628150 -75
32305993 5628150 -57
32305993 5628083 -25
32305993 5627993 25
32305993 5627915 75
32305993 5628450 -2727
32305772 5628450 -275
32305917 5628450 -225
32305993 5628450 -198
32305993 5628395 -175
32305993 5628285 -125
32305993 5628183 -75
32305993 5628750 -2726
32305801 5628750 -375
32305947 5628750 -325
32305993 5628750 -309
32305993 5628658 -275
32305993 5628523 -225
32305993 5629050 -2726
32305752 5629050 -525
32305883 5629050 -475
32305993 5629050 -432
32305993 5629031 -425
32305993 5628910 -375
32305993 5628788 -325
32305993 5629350 -2726
32305737 5629350 -675
32305864 5629350 -625
32305988 5629350 -575
32305993 5629350 -572
32305993 5629246 -525
32305993 5629139 -475
32305993 5629650 -2726
32305707 5629650 -825
32305844 5629650 -775
32305977 5629650 -725
32305993 5629650 -718
32305993 5629558 -675
32305993 5629455 -625
32305993 5629354 -575
32305993 5629950 -2726
32305779 5629950 -925
32305940 5629950 -875
32305993 5629950 -857
32305993 5629877 -825
32305993 5629768 -775
32305993 5629662 -725
32305993 5630250 -2726
32305797 5630250 -1025
32305993 5630250 -978
32305993 5630239 -975
32305993 5630113 -925
32305993 5629991 -875
32305993 5630550 -2725
32305993 5630550 -1075
32305993 5630547 -1075
32305993 5630391 -1025
32305741 5630850 -2725
32305993 5630850 -2725
32305993 5630850 -1145
32305993 5630761 -1125
32305993 5630855 -2725
32305993 5631150 -2675
32305993 5631150 -1188
32305993 5631059 -1175
32305989 5631450 -2675
32305993 5631450 -2675
32305743 5631450 -1175
32305993 5631450 -1205
32305993 5631454 -2675
32305993 5631750 -2625
32305869 5631750 -1175
32305993 5631750 -1201
32305993 5631753 -2625
32305993 5632050 -2575
32305902 5632050 -1875
32305993 5632050 -1890
32305993 5632043 -1875
32305699 5632050 -1825
32305993 5632050 -1873
32305723 5632050 -1775
32305969 5632050 -1175
32305993 5632050 -1182
32305804 5632050 -1125
32305993 5632052 -2575
32305825 5632350 -2525
32305993 5632350 -2525
32305924 5632350 -1875
32305993 5632350 -1889
32305993 5632321 -1825
32305993 5632299 -1775
32305739 5632350 -1725
32305993 5632350 -1766
32305763 5632350 -1675
32305993 5632132 -1175
32305909 5632350 -1125
32305993 5632350 -1155
32305777 5632350 -1075
32305993 5632352 -2525
32305991 5632650 -2475
32305993 5632650 -2475
32305820 5632650 -2175
32305993 5632650 -2209
32305993 5632617 -2175
32305718 5632650 -2125
32305993 5632650 -2168
32305773 5632650 -2075
32305993 5632604 -1875
32305794 5632650 -1825
32305993 5632650 -1872
32305993 5632584 -1725
32305993 5632562 -1675
32305993 5632541 -1625
32305796 5632650 -1575
32305993 5632650 -1606
32305819 5632650 -1525
32305839 5632650 -1475
32305993 5632646 -1125
32305869 5632650 -1075
32305993 5632650 -1124
32305752 5632650 -1025
32305993 5632652 -2475
32305992 5632950 -2425
32305993 5632950 -2425
32305974 5632950 -2175
32305993 5632950 -2179
32305993 5632896 -2125
32305747 5632950 -2125
32305993 5632847 -2075
32305789 5632950 -2025
32305993 5632950 -2056
32305844 5632950 -1975
32305899 5632950 -1925
32305938 5632950 -1825
32305993 5632950 -1839
32305745 5632950 -1775
32305993 5632832 -1575
32305993 5632811 -1525
32305993 5632790 -1475
32305993 5632771 -1425
32305868 5632950 -1375
32305993 5632950 -1394
32305891 5632950 -1325
32305969 5632950 -1075
32305993 5632950 -1084
32305848 5632950 -1025
32305734 5632950 -975
32305993 5632951 -2425
32305993 5632951 -2375
32305993 5633250 -2325
32305993 5633250 -2325
32305993 5633179 -2275
32305993 5633250 -2304
32305956 5633250 -2275
32305993 5633059 -2225
32305894 5633250 -2225
32305832 5633250 -2175
32305970 5633250 -2125
32305758 5633250 -2075
32305993 5633140 -2025
32305993 5633088 -1975
32305993 5633037 -1925
32305896 5633250 -1875
32305993 5633250 -1889
32305993 5633031 -1825
32305952 5633250 -1825
32305993 5633250 -1787
32305762 5633250 -1725
32305993 5633066 -1375
32305993 5633045 -1325
32305993 5633025 -1275
32305910 5633250 -1225
32305993 5633250 -1237
32305931 5633250 -1175
32305953 5633250 -1125
32305993 5633002 -1075
32305985 5633250 -1025
32305993 5633250 -1028
32305863 5633250 -975
32305748 5633250 -925
32305993 5633250 -2325
32305728 5633550 -2175
32305796 5633550 -2075
32305737 5633550 -2025
32305993 5633307 -1875
32305993 5633274 -1825
32305993 5633329 -1225
32305993 5633308 -1175
32305993 5633288 -1125
32305993 5633268 -1075
32305993 5633264 -1025
32305993 5633550 -1029
32305965 5633550 -1025
32305986 5633550 -975
32305993 5633473 -975
32305974 5633303 -1014
32305993 5633550 -956
32305793 5633550 -875
32305993 5633577 -1025
32305993 5633557 -975
32305993 5634750 -1775
32305993 5634673 -1775
32305993 5634750 -1775
32305993 5634750 -1730
32305993 5634750 -1775
32305992 5635050 -1625
32305993 5634865 -1625
32305993 5635050 -1625
32305993 5635050 -1575
32305993 5634918 -1575
32305993 5634970 -1525
32305993 5635020 -1475
32305818 5635050 -1425
32305993 5635050 -1445
32305993 5635051 -1625
32305993 5635050 -1575
32305993 5635050 -1525
32305992 5635350 -1475
32305993 5635350 -1475
32305993 5635077 -1425
32305992 5635350 -1425
32305993 5635142 -1375
32305993 5635206 -1325
32305993 5635268 -1275
32305993 5635329 -1225
32305923 5635350 -1175
32305993 5635350 -1207
32305818 5635350 -1125
32305715 5635350 -1075
32305964 5635350 -775
32305993 5635317 -775
32305993 5635350 -778
32305993 5635350 -742
32305766 5635350 -625
32305993 5635351 -1475
32305993 5635351 -1425
32305993 5635350 -1375
32305991 5635650 -1325
32305993 5635650 -1325
32305992 5635650 -1275
32305811 5635650 -1225
32305993 5635392 -1175
32305993 5635457 -1125
32305993 5635521 -1075
32305993 5635586 -1025
32305991 5635650 -975
32305993 5635650 -976
32305888 5635650 -925
32305785 5635650 -875
32305993 5635388 -775
32305993 5635650 -637
32305896 5635650 -625
32305993 5635502 -625
32305993 5635571 -575
32305944 5635650 -575
32305991 5635650 -525
32305993 5635645 -525
32305884 5635650 -475
32305993 5635650 -522
32305760 5635650 -425
32305993 5635651 -1325
32305993 5635651 -1275
32305993 5635651 -1225
32305991 5635950 -1175
32305993 5635950 -1175
32305991 5635950 -1125
32305992 5635950 -1075
32305993 5635651 -975
32305993 5635723 -925
32305993 5635796 -875
32305993 5635870 -825
32305993 5635946 -775
32305895 5635950 -725
32305993 5635950 -772
32305792 5635950 -675
32305993 5635770 -625
32305993 5635711 -575
32305993 5635653 -525
32305896 5635950 -425
32305993 5635798 -425
32305993 5635950 -437
32305993 5635874 -375
32305945 5635950 -375
32305993 5635949 -325
32305897 5635950 -275
32305993 5635950 -324
32305799 5635950 -225
32305699 5635950 -175
32305993 5635952 -1175
32305993 5635952 -1125
32305993 5635951 -1075
32305993 5635951 -1025
32305991 5636250 -975
32305993 5636250 -975
32305991 5636250 -925
32305993 5636020 -725
32305993 5636094 -675
32305993 5636167 -625
32305993 5636240 -575
32305912 5636250 -525
32305993 5636250 -568
32305822 5636250 -475
32305993 5636071 -425
32305736 5636250 -425
32305993 5636010 -375
32305993 5635950 -325
32305917 5636250 -175
32305993 5636151 -175
32305993 5636250 -183
32305993 5636219 -125
32305969 5636250 -125
32305956 5636250 -75
32305993 5636250 -101
32305885 5636250 -25
32305813 5636250 25
32305738 5636250 75
32305993 5636252 -975
32305993 5636252 -925
32305993 5636251 -875
32305993 5636251 -825
32305991 5636550 -775
32305993 5636550 -775
32305991 5636550 -725
32305993 5636311 -525
32305993 5636381 -475
32305993 5636449 -425
32305993 5636517 -375
32305945 5636550 -325
32305993 5636550 -350
32305853 5636550 -275
32305766 5636550 -225
32305993 5636335 -175
32305993 5636276 -125
32305928 5636550 75
32305993 5636461 75
32305993 5636550 67
32305993 5636520 125
32305972 5636550 125
32305950 5636550 175
32305993 5636550 149
32305864 5636550 225
32305775 5636550 275
32305993 5636552 -775
32305993 5636552 -725
32305993 5636551 -675
32305993 5636551 -625
32305991 5636850 -575
32305993 5636850 -575
32305991 5636850 -525
32305993 5636587 -325
32305993 5636659 -275
32305993 5636729 -225
32305993 5636798 -175
32305969 5636850 -125
32305993 5636850 -136
32305870 5636850 -75
32305772 5636850 -25
32305993 5636625 75
32305993 5636574 125
32305992 5636850 375
32305993 5636847 375
32305993 5636850 374
32305993 5636850 377
32305817 5636850 475
32305993 5636852 -575
32305993 5636852 -525
32305993 5636851 -475
32305993 5636851 -425
32305993 5636851 -375
32305991 5637150 -325
32305993 5637150 -325
32305992 5637150 -275
32305993 5636867 -125
32305993 5636942 -75
32305993 5637016 -25
32305993 5637089 25
32305980 5637150 75
32305993 5637150 66
32305900 5637150 125
32305819 5637150 175
32305738 5637150 225
32305993 5636851 375
32305993 5637151 -325
32305993 5637151 -275
32305993 5637151 -225
32305993 5637151 -175
32305993 5637150 -125
32305993 5637150 -75
32305992 5637450 -25
32305993 5637450 -25
32305992 5637450 25
32305993 5637161 75
32305993 5637227 125
32305993 5637291 175
32305993 5637353 225
32305993 5637413 275
32305968 5637450 325
32305993 5637450 306
32305898 5637450 375
32305826 5637450 425
32305752 5637450 475
32305993 5637451 -25
32305993 5637451 25
32305993 5637451 75
32305993 5637450 125
32305993 5637450 175
32305993 5637450 225
32305992 5637750 275
32305993 5637750 274
32305993 5637468 325
32305992 5637750 325
32305993 5637518 375
32305993 5637568 425
32305993 5637618 475
32305993 5637751 275
32305993 5637751 325
32305993 5637751 375
32305993 5637750 425
32305993 5637750 475
32306295 5623650 -2727
32306295 5623950 -2727
32306295 5624250 -2727
32306295 5624550 -2727
32306295 5624850 -2727
32306295 5625150 -2727
32306295 5625450 -2727
32306051 5625450 25
32306118 5625450 75
32306176 5625450 125
32306224 5625450 175
32306263 5625450 225
32306295 5625450 271
32306295 5625448 275
32306295 5625434 325
32306295 5625419 375
32306295 5625405 425
32306295 5625391 475
32306295 5625750 -2727
32306028 5625750 -275
32306115 5625750 -225
32306203 5625750 -175
32306295 5625750 -127
32306295 5625747 -125
32306295 5625699 -75
32306295 5625651 -25
32306295 5625606 25
32306295 5625565 75
32306295 5625528 125
32306295 5625497 175
32306295 5625470 225
32306295 5626050 -2727
32306009 5626050 -425
32306191 5626050 -375
32306295 5626050 -338
32306295 5626025 -325
32306295 5625943 -275
32306295 5625872 -225
32306295 5625808 -175
32306295 5626350 -2727
32306295 5626336 -425
32306234 5626350 -425
32306295 5626350 -427
32306295 5626145 -375
32306295 5626650 -2727
32306295 5626366 -425
32306267 5626650 -375
32306295 5626650 -381
32306072 5626650 -325
32306295 5626950 -2727
32306295 5626667 -375
32306295 5626792 -325
32306295 5626914 -275
32306204 5626950 -225
32306295 5626950 -259
32306075 5626950 -175
32306295 5627250 -2727
32306295 5627031 -225
32306295 5627151 -175
32306267 5627250 -125
32306295 5627250 -136
32306144 5627250 -75
32306019 5627250 -25
32306295 5627550 -2727
32306295 5627280 -125
32306295 5627422 -75
32306276 5627550 -25
32306295 5627550 -32
32306164 5627550 25
32306069 5627550 75
32306295 5627850 -2727
32306295 5627570 -25
32306295 5627694 25
32306295 5627802 75
32306295 5627850 99
32306295 5628150 -2727
32306072 5628150 -25
32306181 5628150 25
32306279 5628150 75
32306295 5628150 83
32306295 5628450 -2727
32306054 5628450 -175
32306177 5628450 -125
32306294 5628450 -75
32306295 5628450 -74
32306295 5628342 -25
32306295 5628247 25
32306295 5628163 75
32306295 5628750 -2727
32306103 5628750 -275
32306269 5628750 -225
32306295 5628750 -217
32306295 5628655 -175
32306295 5628549 -125
32306295 5628450 -75
32306295 5629050 -2726
32306017 5629050 -425
32306174 5629050 -375
32306295 5629050 -338
32306295 5629016 -325
32306295 5628892 -275
32306295 5628768 -225
32306295 5629350 -2726
32306121 5629350 -525
32306256 5629350 -475
32306295 5629350 -460
32306295 5629265 -425
32306295 5629142 -375
32306295 5629650 -2726
32306107 5629650 -675
32306234 5629650 -625
32306295 5629650 -600
32306295 5629594 -575
32306295 5629487 -525
32306295 5629380 -475
32306295 5629950 -2726
32306086 5629950 -825
32306224 5629950 -775
32306295 5629950 -748
32306295 5629900 -725
32306295 5629798 -675
32306295 5629698 -625
32306295 5630250 -2726
32306007 5630250 -975
32306178 5630250 -925
32306295 5630250 -889
32306295 5630217 -875
32306295 5630109 -825
32306295 5630004 -775
32306295 5630550 -2726
32305997 5630550 -1075
32306233 5630550 -1025
32306295 5630550 -1011
32306295 5630458 -975
32306295 5630335 -925
32306295 5630850 -2725
32306162 5630850 -1125
32306295 5630850 -1108
32306295 5630745 -1075
32306295 5630590 -1025
32306290 5631150 -2725
32306295 5631150 -2725
32306295 5631150 -1178
32306295 5631133 -1175
32306295 5630920 -1125
32306295 5631154 -2725
32306295 5631450 -2675
32306293 5631450 -1225
32306295 5631450 -1225
32306295 5631449 -1225
32306291 5631750 -2675
32306295 5631750 -2675
32306136 5631750 -1225
32306295 5631750 -1250
32306295 5631753 -2675
32306292 5632050 -2625
32306295 5632050 -2625
32306001 5632050 -1875
32306155 5632050 -1225
32306295 5632050 -1259
32306295 5632052 -2625
32306292 5632350 -2575
32306295 5632350 -2575
32306192 5632350 -1925
32306295 5632350 -1942
32306295 5632341 -1925
32306295 5632319 -1875
32306025 5632350 -1825
32306295 5632350 -1869
32306049 5632350 -1775
32306198 5632350 -1225
32306295 5632350 -1255
32306048 5632350 -1175
32306295 5632352 -2575
32306293 5632650 -2525
32306295 5632650 -2525
32306031 5632650 -2175
32306245 5632650 -1925
32306295 5632650 -1934
32306005 5632650 -1875
32306295 5632599 -1825
32306295 5632577 -1775
32306295 5632554 -1725
32306088 5632650 -1675
32306295 5632650 -1708
32306112 5632650 -1625
32306260 5632650 -1225
32306295 5632650 -1236
32306122 5632650 -1175
32305994 5632650 -1125
32306295 5632652 -2525
32306294 5632950 -2475
32306295 5632950 -2475
32306252 5632950 -2375
32306295 5632950 -2406
32306295 5632884 -2375
32306295 5632781 -2325
32306185 5632950 -2325
32306295 5632677 -2275
32306119 5632950 -2275
32306295 5632833 -2225
32306053 5632950 -2225
32306295 5632801 -2175
32306053 5632950 -2125
32306295 5632950 -2148
32306108 5632950 -2075
32306295 5632757 -1925
32306150 5632950 -1875
32306295 5632950 -1907
32306295 5632842 -1675
32306295 5632820 -1625
32306295 5632797 -1575
32306143 5632950 -1525
32306295 5632950 -1548
32306167 5632950 -1475
32306188 5632950 -1425
32306295 5632743 -1225
32306228 5632950 -1175
32306295 5632950 -1198
32306094 5632950 -1125
32306295 5632950 -2475
32306294 5633250 -2425
32306295 5633250 -2425
32306295 5633172 -2375
32306295 5633250 -2375
32306295 5633250 -2363
32306097 5633250 -2325
32306295 5633092 -2125
32306295 5633059 -2075
32306295 5633026 -2025
32306295 5633110 -1975
32306295 5632992 -1925
32306098 5633250 -1875
32306038 5633250 -1825
32306295 5633094 -1525
32306295 5633071 -1475
32306295 5633049 -1425
32306295 5633027 -1375
32306210 5633250 -1325
32306295 5633250 -1338
32306232 5633250 -1275
32306295 5633063 -1175
32306264 5633250 -1125
32306295 5633250 -1135
32306120 5633250 -1075
32306295 5633250 -2425
32306295 5633250 -2375
32306294 5633550 -2325
32306295 5633435 -2325
32306295 5633550 -2325
32306295 5633550 -2300
32306295 5633314 -1325
32306295 5633297 -1275
32306295 5633280 -1225
32306295 5633267 -1175
32306253 5633284 -1136
32306295 5633286 -1125
32306295 5633550 -1130
32306262 5633550 -1125
32306284 5633550 -1075
32306295 5633461 -1075
32306240 5633333 -1105
32306295 5633550 -1049
32306214 5633550 -1025
32306051 5633550 -975
32306295 5633550 -2325
32306295 5633850 -2225
32306295 5633817 -2225
32306295 5633850 -2225
32306295 5633850 -2215
32306295 5633575 -1125
32306295 5633558 -1075
32306295 5633850 -2225
32306295 5634150 -2125
32306295 5634103 -2125
32306295 5634150 -2125
32306295 5634150 -2108
32306295 5634150 -2125
32306294 5634750 -1875
32306295 5634585 -1875
32306295 5634750 -1875
32306294 5634750 -1825
32306295 5634650 -1825
32306295 5634713 -1775
32306295 5634750 -1746
32306295 5634750 -1875
32306295 5634750 -1825
32306295 5634750 -1775
32306295 5634785 -1725
32306295 5635050 -1725
32306294 5635050 -1725
32306294 5635050 -1675
32306295 5634868 -1675
32306295 5634948 -1625
32306295 5635026 -1575
32306200 5635050 -1525
32306295 5635050 -1559
32306069 5635050 -1475
32306295 5635051 -1725
32306295 5635050 -1675
32306295 5635050 -1625
32306293 5635350 -1575
32306295 5635350 -1575
32306295 5635102 -1525
32306294 5635350 -1525
32306295 5635175 -1475
32306295 5635247 -1425
32306295 5635316 -1375
32306238 5635350 -1325
32306295 5635350 -1350
32306131 5635350 -1275
32306028 5635350 -1225
32306294 5635350 -925
32306295 5635349 -925
32306295 5635350 -925
32306295 5635350 -924
32306044 5635350 -775
32306295 5635351 -1575
32306295 5635351 -1525
32306295 5635350 -1475
32306293 5635650 -1425
32306295 5635650 -1425
32306293 5635650 -1375
32306295 5635386 -1325
32306295 5635456 -1275
32306295 5635526 -1225
32306295 5635594 -1175
32306276 5635650 -1125
32306295 5635650 -1134
32306179 5635650 -1075
32306084 5635650 -1025
32306295 5635350 -925
32306295 5635650 -785
32306207 5635650 -775
32306295 5635543 -775
32306295 5635607 -725
32306260 5635650 -725
32306295 5635650 -692
32306176 5635650 -625
32306088 5635650 -575
32305999 5635650 -525
32306295 5635651 -1425
32306295 5635651 -1375
32306295 5635651 -1325
32306293 5635950 -1275
32306295 5635950 -1275
32306293 5635950 -1225
32306295 5635663 -1125
32306295 5635736 -1075
32306295 5635809 -1025
32306295 5635882 -975
32306287 5635950 -925
32306295 5635950 -929
32306189 5635950 -875
32306093 5635950 -825
32306295 5635751 -775
32305998 5635950 -775
32306295 5635689 -725
32306263 5635950 -525
32306295 5635903 -525
32306295 5635950 -528
32306295 5635950 -496
32306166 5635950 -425
32306078 5635950 -375
32305995 5635950 -325
32306295 5635952 -1275
32306295 5635951 -1225
32306295 5635951 -1175
32306295 5635951 -1125
32306293 5636250 -1075
32306295 5636250 -1075
32306293 5636250 -1025
32306295 5635956 -925
32306295 5636030 -875
32306295 5636104 -825
32306295 5636178 -775
32306292 5636250 -725
32306295 5636250 -726
32306196 5636250 -675
32306100 5636250 -625
32306006 5636250 -575
32306295 5635987 -525
32306253 5636250 -325
32306295 5636195 -325
32306295 5636250 -329
32306295 5636250 -286
32306107 5636250 -175
32306028 5636250 -125
32306295 5636252 -1075
32306295 5636251 -1025
32306295 5636251 -975
32306295 5636251 -925
32306292 5636550 -875
32306295 5636550 -875
32306293 5636550 -825
32306295 5636251 -725
32306295 5636321 -675
32306295 5636389 -625
32306295 5636453 -575
32306295 5636514 -525
32306257 5636550 -475
32306295 5636550 -494
32306156 5636550 -425
32306048 5636550 -375
32306295 5636312 -325
32306260 5636550 -25
32306295 5636508 -25
32306295 5636550 -29
32306295 5636550 15
32306149 5636550 75
32306042 5636550 125
32306295 5636552 -875
32306295 5636551 -825
32306295 5636551 -775
32306295 5636551 -725
32306292 5636850 -675
32306295 5636850 -675
32306293 5636850 -625
32306295 5636577 -475
32306295 5636648 -425
32306295 5636719 -375
32306295 5636793 -325
32306269 5636850 -275
32306295 5636850 -287
32306169 5636850 -225
32306069 5636850 -175
32306295 5636592 -25
32305997 5636850 375
32306295 5636852 -675
32306295 5636851 -625
32306295 5636851 -575
32306295 5636851 -525
32306295 5636850 -475
32306293 5637150 -425
32306295 5637150 -425
32306293 5637150 -375
32306295 5636873 -275
32306295 5636965 -225
32306295 5637059 -175
32306293 5637150 -125
32306295 5637150 -126
32306214 5637150 -75
32306136 5637150 -25
32306059 5637150 25
32306295 5637151 -425
32306295 5637151 -375
32306295 5637151 -325
32306295 5637150 -275
32306295 5637150 -225
32306295 5637150 -175
32306295 5637151 -125
32306295 5637450 -125
32306294 5637450 -125
32306294 5637450 -75
32306295 5637223 -75
32306295 5637291 -25
32306295 5637358 25
32306295 5637422 75
32306255 5637450 125
32306295 5637450 97
32306184 5637450 175
32306113 5637450 225
32306040 5637450 275
32306295 5637451 -125
32306295 5637450 -75
32306295 5637450 -25
32306295 5637450 25
32306295 5637450 75
32306295 5637470 125
32306295 5637750 124
32306293 5637750 125
32306294 5637750 175
32306295 5637524 175
32306294 5637750 225
32306295 5637572 225
32306295 5637621 275
32306295 5637670 325
32306295 5637719 375
32306267 5637750 425
32306295 5637750 406
32306192 5637750 475
32306295 5637751 125
32306295 5637751 175
32306295 5637750 225
32306295 5637750 275
32306295 5637750 325
32306295 5637750 375
32306295 5637763 425
32306295 5638050 424
32306293 5638050 425
32306293 5638050 475
32306295 5637798 475
32306295 5638051 425
32306295 5638051 475
32306596 5623650 -2728
32306596 5623950 -2727
32306596 5624250 -2727
32306596 5624550 -2727
32306596 5624850 -2727
32306596 5625150 -2727
32306596 5625450 -2727
32306296 5625450 275
32306317 5625450 325
32306338 5625450 375
32306357 5625450 425
32306374 5625450 475
32306596 5625750 -2727
32306298 5625750 -125
32306367 5625750 -75
32306443 5625750 -25
32306531 5625750 25
32306596 5625750 57
32306596 5625738 75
32306596 5625708 125
32306596 5625684 175
32306596 5625667 225
32306596 5625656 275
32306596 5625648 325
32306596 5625642 375
32306596 5625634 425
32306596 5625625 475
32306596 5626050 -2727
32306325 5626050 -325
32306425 5626050 -275
32306509 5626050 -225
32306580 5626050 -175
32306596 5626050 -161
32306596 5626014 -125
32306596 5625964 -75
32306596 5625906 -25
32306596 5625827 25
32306596 5626350 -2727
32306312 5626350 -425
32306576 5626350 -375
32306596 5626350 -370
32306596 5626257 -325
32306596 5626176 -275
32306596 5626111 -225
32306596 5626060 -175
32306596 5626650 -2727
32306596 5626378 -375
32306596 5626650 -408
32306596 5626950 -2727
32306596 5626847 -375
32306483 5626950 -325
32306596 5626950 -359
32306335 5626950 -275
32306596 5627250 -2727
32306596 5627050 -325
32306596 5627198 -275
32306509 5627250 -225
32306596 5627250 -257
32306385 5627250 -175
32306596 5627550 -2727
32306596 5627333 -225
32306596 5627468 -175
32306530 5627550 -125
32306596 5627550 -147
32306396 5627550 -75
32306596 5627850 -2727
32306596 5627601 -125
32306596 5627712 -75
32306596 5627817 -25
32306485 5627850 25
32306596 5627850 -9
32306351 5627850 75
32306596 5628150 -2727
32306596 5627951 25
32306596 5628081 75
32306596 5628150 105
32306596 5628450 -2727
32306413 5628450 -25
32306520 5628450 25
32306596 5628450 64
32306596 5628376 75
32306596 5628750 -2727
32306414 5628750 -175
32306549 5628750 -125
32306596 5628750 -106
32306596 5628685 -75
32306596 5628592 -25
32306596 5628509 25
32306596 5629050 -2726
32306343 5629050 -325
32306525 5629050 -275
32306596 5629050 -256
32306596 5628981 -225
32306596 5628877 -175
32306596 5628782 -125
32306596 5629350 -2726
32306406 5629350 -425
32306570 5629350 -375
32306596 5629350 -367
32306596 5629239 -325
32306596 5629102 -275
32306596 5629650 -2726
32306362 5629650 -575
32306493 5629650 -525
32306596 5629650 -485
32306596 5629624 -475
32306596 5629500 -425
32306596 5629370 -375
32306596 5629950 -2726
32306356 5629950 -725
32306482 5629950 -675
32306596 5629950 -628
32306596 5629941 -625
32306596 5629837 -575
32306596 5629732 -525
32306596 5630250 -2726
32306338 5630250 -875
32306481 5630250 -825
32306596 5630250 -783
32306596 5630233 -775
32306596 5630134 -725
32306596 5630037 -675
32306596 5630550 -2726
32306430 5630550 -975
32306596 5630550 -928
32306596 5630542 -925
32306596 5630437 -875
32306596 5630334 -825
32306596 5630850 -2725
32306476 5630850 -1075
32306596 5630850 -1052
32306596 5630782 -1025
32306596 5630661 -975
32306596 5631150 -2725
32306338 5631150 -1175
32306596 5631150 -1150
32306596 5631070 -1125
32306596 5630919 -1075
32306596 5631177 -2725
32306596 5631450 -2678
32306596 5631450 -1225
32306596 5631446 -1225
32306596 5631247 -1175
32306596 5631750 -2675
32306547 5631750 -1275
32306596 5631750 -1279
32306596 5631724 -1275
32306593 5632050 -2675
32306596 5632050 -2675
32306376 5632050 -1275
32306596 5632050 -1314
32306596 5632053 -2675
32306595 5632350 -2625
32306596 5632350 -2625
32306524 5632350 -1975
32306596 5632350 -1984
32306596 5632345 -1975
32306304 5632350 -1925
32306596 5632350 -1974
32306328 5632350 -1875
32306575 5632350 -1325
32306596 5632350 -1329
32306596 5632257 -1325
32306370 5632350 -1275
32306596 5632351 -2625
32306595 5632650 -2575
32306596 5632650 -2575
32306530 5632650 -2425
32306596 5632650 -2470
32306596 5632619 -2425
32306596 5632590 -2375
32306457 5632650 -2375
32306596 5632650 -2357
32306531 5632650 -1975
32306596 5632650 -1985
32306596 5632621 -1925
32306596 5632598 -1875
32306596 5632575 -1825
32306374 5632650 -1775
32306596 5632650 -1811
32306398 5632650 -1725
32306596 5632557 -1325
32306423 5632650 -1275
32306596 5632650 -1322
32306596 5632650 -2575
32306595 5632950 -2525
32306596 5632950 -2525
32306412 5632950 -2425
32306596 5632950 -2453
32306596 5632821 -2325
32306596 5632771 -2275
32306495 5632950 -2225
32306596 5632950 -2241
32306550 5632950 -2175
32306584 5632950 -2125
32306596 5632950 -2133
32306596 5632932 -2125
32306596 5632831 -2075
32306516 5632950 -2075
32306596 5632730 -2025
32306449 5632950 -2025
32306383 5632950 -1975
32306318 5632950 -1925
32306596 5632815 -1775
32306596 5632796 -1725
32306596 5632813 -1675
32306433 5632950 -1625
32306596 5632950 -1651
32306457 5632950 -1575
32306551 5632950 -1275
32306596 5632950 -1287
32306380 5632950 -1225
32306596 5632950 -2525
32306595 5633250 -2475
32306596 5633250 -2475
32306596 5633181 -2425
32306358 5633250 -2375
32306596 5633250 -2416
32306596 5633047 -2225
32306596 5632993 -2175
32306567 5633020 -2134
32306596 5633250 -2130
32306560 5633250 -2125
32306596 5633014 -2125
32306596 5633250 -2091
32306596 5633073 -1625
32306596 5633055 -1575
32306596 5633036 -1525
32306553 5633250 -1475
32306596 5633250 -1479
32306586 5633250 -1425
32306596 5633250 -1410
32306596 5633164 -1375
32306596 5633042 -1325
32306499 5633250 -1325
32306443 5633250 -1275
32306389 5633250 -1225
32306433 5633250 -1175
32306596 5633250 -2475
32306596 5633250 -2425
32306596 5633460 -2375
32306596 5633550 -2375
32306596 5633550 -2375
32306596 5633550 -2357
32306425 5633550 -2325
32306596 5633286 -2125
32306596 5633280 -1475
32306596 5633257 -1425
32306584 5633550 -1275
32306596 5633495 -1275
32306596 5633550 -1277
32306596 5633550 -1243
32306410 5633550 -1125
32306334 5633550 -1075
32306596 5633550 -2375
32306342 5633850 -2225
32306596 5633564 -1275
32306596 5634150 -2225
32306596 5634150 -2225
32306596 5634056 -2225
32306596 5634145 -2175
32306596 5634150 -2175
32306372 5634150 -2125
32306596 5634150 -2173
32306596 5634150 -2225
32306596 5634150 -2175
32306596 5634450 -2075
32306595 5634450 -2075
32306596 5634302 -2075
32306591 5634450 -2025
32306596 5634378 -2025
32306596 5634450 -1977
32306596 5634450 -2075
32306596 5634450 -2025
32306596 5634750 -1975
32306594 5634750 -1975
32306596 5634453 -1975
32306595 5634750 -1925
32306596 5634559 -1925
32306596 5634661 -1875
32306573 5634750 -1825
32306596 5634750 -1831
32306396 5634750 -1775
32306596 5634751 -1975
32306596 5634750 -1925
32306596 5634750 -1875
32306596 5634758 -1825
32306596 5635050 -1825
32306594 5635050 -1825
32306595 5635050 -1775
32306596 5634825 -1775
32306596 5634890 -1725
32306596 5634955 -1675
32306596 5635020 -1625
32306337 5635050 -1575
32306596 5635050 -1614
32306596 5635051 -1825
32306596 5635051 -1775
32306596 5635053 -1725
32306594 5635350 -1675
32306596 5635350 -1676
32306595 5635350 -1625
32306596 5635160 -1575
32306596 5635220 -1525
32306596 5635279 -1475
32306596 5635338 -1425
32306406 5635350 -1375
32306596 5635350 -1414
32306295 5635350 -925
32306596 5635351 -1675
32306596 5635351 -1625
32306596 5635351 -1575
32306594 5635650 -1525
32306596 5635650 -1525
32306594 5635650 -1475
32306596 5635411 -1375
32306596 5635488 -1325
32306596 5635562 -1275
32306596 5635640 -1225
32306442 5635650 -1175
32306596 5635650 -1215
32306596 5635650 -875
32306591 5635650 -875
32306596 5635644 -875
32306596 5635650 -870
32306429 5635650 -775
32306347 5635650 -725
32306596 5635651 -1525
32306596 5635651 -1475
32306596 5635651 -1425
32306594 5635950 -1375
32306596 5635950 -1375
32306594 5635950 -1325
32306596 5635711 -1175
32306596 5635785 -1125
32306596 5635859 -1075
32306596 5635932 -1025
32306458 5635950 -975
32306596 5635950 -1012
32306596 5635658 -875
32306596 5635950 -686
32306518 5635950 -675
32306596 5635857 -675
32306596 5635950 -637
32306347 5635950 -525
32306596 5635952 -1375
32306596 5635951 -1325
32306596 5635951 -1275
32306596 5635951 -1225
32306594 5636250 -1175
32306596 5636250 -1175
32306594 5636250 -1125
32306596 5636006 -975
32306596 5636080 -925
32306596 5636153 -875
32306596 5636225 -825
32306475 5636250 -775
32306596 5636250 -807
32306596 5636070 -675
32306546 5636250 -425
32306596 5636189 -425
32306596 5636250 -432
32306596 5636250 -400
32306371 5636250 -325
32306596 5636252 -1175
32306596 5636251 -1125
32306596 5636251 -1075
32306596 5636251 -1025
32306594 5636550 -975
32306596 5636550 -975
32306594 5636550 -925
32306596 5636296 -775
32306596 5636366 -725
32306596 5636435 -675
32306596 5636502 -625
32306552 5636550 -575
32306596 5636550 -587
32306389 5636550 -525
32306596 5636334 -425
32306355 5636550 -25
32306596 5636552 -975
32306596 5636551 -925
32306596 5636551 -875
32306596 5636551 -825
32306594 5636850 -775
32306596 5636850 -775
32306594 5636850 -725
32306596 5636568 -575
32306596 5636638 -525
32306596 5636707 -475
32306596 5636777 -425
32306596 5636848 -375
32306421 5636850 -325
32306596 5636850 -373
32306596 5636852 -775
32306596 5636851 -725
32306596 5636851 -675
32306596 5636851 -625
32306596 5636851 -575
32306594 5637150 -525
32306596 5637150 -525
32306594 5637150 -475
32306596 5636924 -325
32306596 5636998 -275
32306596 5637071 -225
32306596 5637142 -175
32306596 5637150 -169
32306596 5637151 -525
32306596 5637151 -475
32306596 5637151 -425
32306596 5637151 -375
32306596 5637150 -325
32306595 5637450 -275
32306596 5637450 -275
32306595 5637450 -225
32306595 5637450 -175
32306596 5637213 -125
32306596 5637282 -75
32306596 5637350 -25
32306596 5637416 25
32306434 5637450 75
32306596 5637450 50
32306596 5637451 -275
32306596 5637451 -225
32306596 5637451 -175
32306596 5637450 -125
32306596 5637450 -75
32306596 5637450 -25
32306594 5637750 25
32306596 5637750 24
32306596 5637476 75
32306595 5637750 75
32306596 5637529 125
32306596 5637582 175
32306596 5637635 225
32306596 5637688 275
32306596 5637741 325
32306421 5637750 375
32306596 5637750 333
32306596 5637751 25
32306596 5637751 75
32306596 5637750 125
32306596 5637750 175
32306596 5637750 225
32306595 5638050 275
32306596 5638050 274
32306594 5638050 325
32306596 5637789 375
32306595 5638050 375
32306596 5637837 425
32306596 5637885 475
32306596 5638051 275
32306596 5638051 325
32306596 5638051 375
32306596 5638050 425
32306596 5638050 475
32306897 5623650 -2728
32306897 5623950 -2727
32306897 5624250 -2727
32306897 5624550 -2727
32306897 5624850 -2727
32306897 5625150 -2727
32306897 5625450 -2727
32306897 5625750 -2727
32306610 5625750 75
32306646 5625750 125
32306673 5625750 175
32306690 5625750 225
32306702 5625750 275
32306713 5625750 325
32306723 5625750 375
32306734 5625750 425
32306746 5625750 475
32306897 5626050 -2727
32306685 5626050 -125
32306848 5626050 -75
32306897 5626050 -52
32306897 5626040 -25
32306897 5626010 25
32306897 5625984 75
32306897 5625961 125
32306897 5625943 175
32306897 5625929 225
32306897 5625918 275
32306897 5625907 325
32306897 5625897 375
32306897 5625886 425
32306897 5625875 475
32306897 5626350 -2727
32306744 5626350 -325
32306882 5626350 -275
32306897 5626350 -268
32306897 5626282 -225
32306897 5626211 -175
32306897 5626140 -125
32306897 5626067 -75
32306897 5626650 -2727
32306897 5626650 -382
32306897 5626622 -375
32306897 5626471 -325
32306897 5626361 -275
32306897 5626950 -2727
32306723 5626950 -375
32306897 5626950 -395
32306897 5627250 -2727
32306897 5627046 -375
32306858 5627250 -325
32306897 5627250 -334
32306660 5627250 -275
32306897 5627550 -2727
32306897 5627273 -325
32306897 5627402 -275
32306897 5627532 -225
32306714 5627550 -175
32306897 5627550 -218
32306897 5627850 -2727
32306897 5627639 -175
32306897 5627743 -125
32306893 5627850 -75
32306897 5627850 -75
32306662 5627850 -25
32306897 5628150 -2727
32306897 5627852 -75
32306897 5628014 -25
32306852 5628150 25
32306897 5628150 15
32306673 5628150 75
32306897 5628450 -2727
32306897 5628208 25
32306787 5628450 75
32306897 5628431 75
32306897 5628450 80
32306897 5628750 -2727
32306680 5628750 -75
32306793 5628750 -25
32306889 5628750 25
32306897 5628750 29
32306897 5628486 75
32306897 5629050 -2727
32306702 5629050 -225
32306860 5629050 -175
32306897 5629050 -162
32306897 5628978 -125
32306897 5628893 -75
32306897 5628819 -25
32306897 5628755 25
32306897 5629350 -2726
32306758 5629350 -325
32306897 5629350 -290
32306897 5629309 -275
32306897 5629189 -225
32306897 5629076 -175
32306897 5629650 -2726
32306627 5629650 -475
32306774 5629650 -425
32306897 5629650 -384
32306897 5629621 -375
32306897 5629465 -325
32306897 5629950 -2726
32306606 5629950 -625
32306730 5629950 -575
32306851 5629950 -525
32306897 5629950 -505
32306897 5629877 -475
32306897 5629754 -425
32306897 5630250 -2726
32306618 5630250 -775
32306746 5630250 -725
32306870 5630250 -675
32306897 5630250 -663
32306897 5630175 -625
32306897 5630080 -575
32306897 5629985 -525
32306897 5630550 -2726
32306607 5630550 -925
32306759 5630550 -875
32306897 5630550 -827
32306897 5630545 -825
32306897 5630451 -775
32306897 5630359 -725
32306897 5630269 -675
32306897 5630850 -2725
32306707 5630850 -1025
32306897 5630850 -976
32306897 5630847 -975
32306897 5630744 -925
32306897 5630643 -875
32306897 5631150 -2725
32306758 5631150 -1125
32306897 5631150 -1102
32306897 5631084 -1075
32306897 5630964 -1025
32306872 5631450 -2725
32306897 5631450 -2725
32306608 5631450 -1225
32306897 5631450 -1204
32306897 5631362 -1175
32306897 5631216 -1125
32306893 5631750 -2725
32306897 5631750 -2725
32306897 5631750 -1285
32306897 5631711 -1275
32306897 5631525 -1225
32306897 5631753 -2725
32306897 5632050 -2675
32306705 5632050 -1325
32306897 5632050 -1343
32306897 5631956 -1325
32306896 5632350 -2675
32306897 5632350 -2675
32306891 5632350 -2175
32306897 5632350 -2178
32306897 5632344 -2175
32306897 5632330 -2125
32306813 5632350 -2125
32306897 5632350 -2101
32306601 5632350 -1975
32306887 5632350 -1375
32306897 5632350 -1376
32306897 5632337 -1375
32306897 5632351 -2675
32306896 5632650 -2625
32306897 5632650 -2625
32306637 5632650 -2475
32306897 5632650 -2504
32306897 5632622 -2475
32306897 5632577 -2425
32306698 5632650 -2375
32306897 5632650 -2410
32306774 5632650 -2175
32306897 5632650 -2189
32306801 5632650 -2125
32306897 5632454 -2075
32306727 5632650 -2075
32306897 5632588 -2025
32306653 5632650 -2025
32306897 5632570 -1975
32306897 5632551 -1925
32306673 5632650 -1875
32306897 5632650 -1902
32306707 5632650 -1825
32306865 5632650 -1375
32306897 5632650 -1381
32306607 5632650 -1325
32306897 5632650 -2625
32306896 5632950 -2575
32306897 5632950 -2575
32306751 5632950 -2475
32306897 5632950 -2494
32306897 5632832 -2375
32306736 5632950 -2325
32306897 5632950 -2352
32306790 5632950 -2275
32306884 5632950 -2175
32306897 5632950 -2176
32306897 5632804 -1875
32306897 5632780 -1825
32306897 5632928 -1775
32306800 5632950 -1725
32306897 5632950 -1770
32306795 5632950 -1675
32306893 5632950 -1525
32306897 5632950 -1528
32306897 5632943 -1525
32306897 5632842 -1475
32306828 5632950 -1475
32306897 5632740 -1425
32306765 5632950 -1425
32306702 5632950 -1375
32306641 5632950 -1325
32306897 5632950 -2575
32306897 5633250 -2525
32306897 5633250 -2525
32306897 5633136 -2475
32306652 5633250 -2425
32306897 5633250 -2462
32306897 5633106 -2325
32306897 5633053 -2275
32306805 5633250 -2225
32306897 5633250 -2240
32306897 5632965 -2175
32306859 5633250 -2175
32306804 5633250 -2125
32306897 5633250 -2139
32306897 5633046 -1725
32306897 5633022 -1675
32306897 5633003 -1625
32306822 5633250 -1575
32306897 5633250 -1588
32306897 5632957 -1525
32306843 5633250 -1525
32306897 5633076 -1475
32306897 5633190 -1425
32306897 5633250 -1398
32306897 5633250 -2525
32306897 5633550 -2475
32306897 5633550 -2475
32306897 5633459 -2425
32306897 5633550 -2425
32306897 5633550 -2408
32306701 5633550 -2375
32306897 5633345 -2225
32306897 5633290 -2175
32306897 5633336 -1575
32306897 5633312 -1525
32306897 5633287 -1475
32306848 5633550 -1425
32306897 5633550 -1433
32306897 5633325 -1375
32306868 5633550 -1375
32306887 5633550 -1325
32306897 5633480 -1325
32306760 5633550 -1275
32306897 5633550 -1301
32306897 5633550 -2475
32306897 5633550 -2425
32306897 5633850 -2375
32306897 5633683 -2375
32306897 5633850 -2375
32306897 5633850 -2332
32306620 5633850 -2275
32306897 5633827 -2275
32306897 5633850 -2305
32306897 5633850 -2263
32306852 5633850 -1975
32306897 5633677 -1975
32306897 5633850 -1984
32306893 5633850 -1925
32306897 5633834 -1925
32306897 5633850 -1920
32306897 5633608 -1425
32306897 5633584 -1375
32306897 5633561 -1325
32306897 5633850 -1228
32306877 5633850 -1225
32306897 5633735 -1225
32306897 5633850 -1175
32306897 5633850 -2375
32306896 5634150 -2275
32306897 5634150 -2275
32306897 5633925 -2225
32306897 5634020 -2175
32306813 5634150 -2125
32306897 5634114 -2125
32306897 5634150 -2116
32306897 5633917 -1975
32306897 5633855 -1925
32306883 5634150 -1825
32306897 5634112 -1825
32306897 5634150 -1827
32306897 5634150 -1810
32306897 5633872 -1225
32306897 5634151 -2275
32306897 5634150 -2225
32306896 5634450 -2175
32306897 5634450 -2175
32306896 5634450 -2125
32306897 5634302 -2075
32306897 5634386 -2025
32306897 5634450 -1986
32306897 5634174 -1825
32306897 5634451 -2175
32306897 5634450 -2125
32306896 5634750 -2075
32306897 5634750 -2075
32306896 5634750 -2025
32306897 5634475 -1975
32306897 5634586 -1925
32306897 5634695 -1875
32306897 5634750 -1850
32306859 5634750 -1525
32306897 5634683 -1525
32306897 5634750 -1532
32306897 5634750 -1479
32306897 5634751 -2075
32306897 5634751 -2025
32306897 5634750 -1975
32306896 5635050 -1925
32306897 5635050 -1925
32306896 5635050 -1875
32306897 5634800 -1825
32306897 5634899 -1775
32306897 5634998 -1725
32306822 5635050 -1675
32306897 5635050 -1698
32306668 5635050 -1625
32306897 5634811 -1525
32306852 5635050 -1375
32306897 5634952 -1375
32306897 5635050 -1382
32306897 5635050 -1325
32306897 5635049 -1325
32306897 5635050 -1324
32306897 5635051 -1925
32306897 5635051 -1875
32306897 5635050 -1825
32306895 5635350 -1775
32306897 5635350 -1775
32306891 5635350 -1725
32306897 5635094 -1675
32306897 5635185 -1625
32306897 5635275 -1575
32306875 5635350 -1525
32306897 5635350 -1533
32306746 5635350 -1475
32306621 5635350 -1425
32306897 5635123 -1375
32306897 5635050 -1325
32306896 5635350 -1225
32306897 5635346 -1225
32306897 5635350 -1225
32306875 5635350 -1175
32306897 5635310 -1175
32306897 5635350 -1151
32306897 5635351 -1775
32306897 5635351 -1725
32306897 5635350 -1675
32306895 5635650 -1625
32306897 5635650 -1625
32306896 5635650 -1575
32306897 5635364 -1525
32306897 5635449 -1475
32306897 5635533 -1425
32306897 5635615 -1375
32306833 5635650 -1325
32306897 5635650 -1353
32306723 5635650 -1275
32306897 5635353 -1225
32306615 5635650 -1225
32306897 5635385 -1175
32306816 5635650 -1025
32306897 5635547 -1025
32306897 5635650 -1034
32306874 5635650 -975
32306897 5635621 -975
32306897 5635650 -955
32306610 5635650 -875
32306897 5635651 -1625
32306897 5635651 -1575
32306897 5635651 -1525
32306895 5635950 -1475
32306897 5635950 -1475
32306895 5635950 -1425
32306897 5635695 -1325
32306897 5635774 -1275
32306897 5635851 -1225
32306897 5635926 -1175
32306825 5635950 -1125
32306897 5635950 -1159
32306722 5635950 -1075
32306897 5635753 -1025
32306620 5635950 -1025
32306897 5635679 -975
32306857 5635950 -775
32306897 5635901 -775
32306897 5635950 -779
32306897 5635950 -737
32306773 5635950 -675
32306897 5635951 -1475
32306897 5635951 -1425
32306897 5635951 -1375
32306897 5635952 -1325
32306895 5636250 -1275
32306897 5636250 -1275
32306895 5636250 -1225
32306897 5636002 -1125
32306897 5636076 -1075
32306897 5636150 -1025
32306897 5636222 -975
32306835 5636250 -925
32306897 5636250 -955
32306733 5636250 -875
32306631 5636250 -825
32306897 5636001 -775
32306892 5636250 -525
32306897 5636243 -525
32306897 5636250 -525
32306897 5636250 -519
32306712 5636250 -425
32306897 5636251 -1275
32306897 5636251 -1225
32306897 5636251 -1175
32306897 5636253 -1125
32306895 5636550 -1075
32306897 5636550 -1075
32306895 5636550 -1025
32306897 5636295 -925
32306897 5636368 -875
32306897 5636440 -825
32306897 5636511 -775
32306853 5636550 -725
32306897 5636550 -747
32306757 5636550 -675
32306663 5636550 -625
32306897 5636256 -525
32306897 5636551 -1075
32306897 5636551 -1025
32306897 5636551 -975
32306897 5636551 -925
32306895 5636850 -875
32306897 5636850 -875
32306895 5636850 -825
32306897 5636582 -725
32306897 5636651 -675
32306897 5636718 -625
32306897 5636784 -575
32306897 5636846 -525
32306804 5636850 -475
32306897 5636850 -521
32306703 5636850 -425
32306599 5636850 -375
32306895 5636850 -25
32306897 5636847 -25
32306897 5636850 -25
32306897 5636850 -22
32306897 5636851 -875
32306897 5636851 -825
32306897 5636851 -775
32306897 5636851 -725
32306897 5636850 -675
32306895 5637150 -625
32306897 5637150 -625
32306896 5637150 -575
32306897 5636910 -475
32306897 5636973 -425
32306897 5637034 -375
32306897 5637093 -325
32306894 5637150 -275
32306897 5637150 -276
32306757 5637150 -225
32306612 5637150 -175
32306897 5636852 -25
32306897 5637151 -625
32306897 5637151 -575
32306897 5637151 -525
32306897 5637150 -475
32306897 5637150 -425
32306896 5637450 -375
32306897 5637450 -375
32306896 5637450 -325
32306897 5637151 -275
32306897 5637221 -225
32306897 5637293 -175
32306897 5637366 -125
32306897 5637439 -75
32306786 5637450 -25
32306897 5637450 -67
32306659 5637450 25
32306897 5637451 -375
32306897 5637451 -325
32306897 5637451 -275
32306897 5637450 -225
32306897 5637450 -175
32306896 5637750 -125
32306897 5637750 -125
32306896 5637750 -75
32306897 5637502 -25
32306896 5637750 -25
32306897 5637562 25
32306897 5637622 75
32306897 5637681 125
32306897 5637739 175
32306813 5637750 225
32306897 5637750 183
32306711 5637750 275
32306612 5637750 325
32306897 5637751 -125
32306897 5637751 -75
32306897 5637750 -25
32306897 5637750 25
32306897 5637750 75
32306897 5637750 125
32306896 5638050 175
32306897 5638050 174
32306897 5637792 225
32306896 5638050 225
32306897 5637843 275
32306897 5637894 325
32306897 5637945 375
32306897 5637996 425
32306897 5638047 475
32306897 5638051 175
32306897 5638051 225
32306897 5638050 275
32306897 5638050 325
32306897 5638050 375
32306895 5638350 425
32306897 5638350 424
32306896 5638350 475
32306897 5638351 425
32306897 5638351 475
32307198 5623650 -2728
32307198 5623950 -2728
32307198 5624250 -2727
32307198 5624550 -2727
32307198 5624850 -2727
32307198 5625150 -2727
32307198 5625450 -2727
32307198 5625750 -2727
32307198 5626050 -2727
32306921 5626050 -25
32307001 5626050 25
32307073 5626050 75
32307133 5626050 125
32307176 5626050 175
32307198 5626050 214
32307198 5626048 225
32307198 5626038 275
32307198 5626026 325
32307198 5626017 375
32307198 5626021 425
32307198 5626018 475
32307198 5626350 -2727
32306997 5626350 -225
32307109 5626350 -175
32307198 5626350 -135
32307198 5626337 -125
32307198 5626283 -75
32307198 5626232 -25
32307198 5626183 25
32307198 5626137 75
32307198 5626097 125
32307198 5626066 175
32307198 5626650 -2727
32306927 5626650 -375
32307104 5626650 -325
32307198 5626650 -292
32307198 5626608 -275
32307198 5626504 -225
32307198 5626414 -175
32307198 5626950 -2727
32307132 5626950 -375
32307198 5626950 -368
32307198 5626754 -325
32307198 5627250 -2727
32307198 5627250 -367
32307198 5627550 -2727
32307198 5627440 -325
32307093 5627550 -275
32307198 5627550 -302
32306919 5627550 -225
32307198 5627850 -2727
32307198 5627621 -275
32307198 5627744 -225
32307183 5627850 -175
32307198 5627850 -180
32307038 5627850 -125
32307198 5628150 -2727
32307198 5627866 -175
32307198 5628023 -125
32307168 5628150 -75
32307198 5628150 -85
32307019 5628150 -25
32307198 5628450 -2727
32307198 5628232 -75
32307134 5628450 -25
32307198 5628450 -47
32307010 5628450 25
32306907 5628450 75
32307198 5628750 -2727
32307198 5628622 -25
32306935 5628750 25
32307198 5628750 -3
32307198 5629050 -2727
32307062 5629050 -125
32307198 5629050 -89
32307198 5628996 -75
32307198 5628823 -25
32307198 5629350 -2726
32306962 5629350 -275
32307163 5629350 -225
32307198 5629350 -216
32307198 5629239 -175
32307198 5629121 -125
32307198 5629650 -2726
32306928 5629650 -375
32307096 5629650 -325
32307198 5629650 -296
32307198 5629572 -275
32307198 5629384 -225
32307198 5629950 -2726
32306979 5629950 -475
32307112 5629950 -425
32307198 5629950 -392
32307198 5629900 -375
32307198 5629747 -325
32307198 5630250 -2726
32306996 5630250 -625
32307120 5630250 -575
32307198 5630250 -542
32307198 5630215 -525
32307198 5630116 -475
32307198 5630016 -425
32307198 5630550 -2726
32306904 5630550 -825
32307040 5630550 -775
32307170 5630550 -725
32307198 5630550 -713
32307198 5630480 -675
32307198 5630392 -625
32307198 5630305 -575
32307198 5630850 -2726
32306901 5630850 -975
32307063 5630850 -925
32307198 5630850 -880
32307198 5630839 -875
32307198 5630747 -825
32307198 5630657 -775
32307198 5630569 -725
32307198 5631150 -2725
32307015 5631150 -1075
32307198 5631150 -1030
32307198 5631138 -1025
32307198 5631037 -975
32307198 5630937 -925
32307198 5631450 -2725
32307096 5631450 -1175
32307198 5631450 -1159
32307198 5631369 -1125
32307198 5631252 -1075
32307198 5631750 -2725
32307049 5631750 -1275
32307198 5631750 -1264
32307198 5631635 -1225
32307198 5631494 -1175
32307196 5632050 -2725
32307198 5632050 -2725
32307198 5632050 -1344
32307198 5631974 -1325
32307198 5631787 -1275
32307197 5632350 -2725
32307198 5632350 -2725
32307198 5632350 -2195
32307198 5632340 -2175
32306924 5632350 -2125
32307198 5632350 -2173
32307198 5632350 -1396
32307198 5632225 -1375
32307198 5632351 -2725
32307197 5632650 -2675
32307198 5632650 -2675
32307120 5632650 -2525
32307198 5632650 -2532
32307198 5632643 -2525
32306928 5632650 -2475
32307198 5632650 -2523
32306980 5632650 -2425
32307198 5632650 -2216
32307198 5632607 -2125
32307198 5632584 -2075
32307198 5632561 -2025
32307004 5632650 -1975
32307198 5632650 -2008
32307029 5632650 -1925
32307104 5632650 -1475
32307198 5632650 -1517
32307198 5632545 -1475
32307198 5632421 -1425
32306993 5632650 -1425
32307198 5632651 -2675
32307198 5632950 -2625
32307198 5632950 -2625
32307158 5632950 -2525
32307198 5632950 -2529
32307198 5632897 -2475
32307198 5632850 -2425
32307025 5632950 -2375
32307198 5632950 -2405
32307198 5632950 -2211
32307198 5632837 -1975
32307198 5632832 -1925
32307033 5632950 -1875
32307198 5632950 -1906
32307055 5632950 -1825
32306915 5632950 -1775
32306930 5632950 -1525
32307198 5632950 -1500
32307198 5632950 -2625
32307198 5633250 -2575
32307198 5633250 -2575
32307198 5633005 -2525
32306986 5633250 -2475
32307198 5633250 -2504
32307198 5633118 -2375
32307198 5633067 -2325
32307099 5633250 -2275
32307198 5633250 -2292
32307198 5633065 -2175
32307074 5633250 -2125
32307198 5633219 -2125
32307198 5633250 -2114
32307198 5633133 -1875
32307198 5633109 -1825
32307198 5633084 -1775
32307079 5633250 -1725
32307198 5633250 -1747
32307101 5633250 -1675
32307114 5633250 -1625
32307198 5633095 -1475
32307063 5633250 -1425
32307198 5633250 -1446
32307198 5633250 -2575
32307197 5633550 -2525
32307198 5633550 -2525
32307198 5633302 -2475
32307198 5633391 -2425
32307033 5633550 -2375
32307198 5633479 -2375
32307198 5633550 -2334
32307198 5633386 -2275
32307198 5633371 -2225
32307098 5633550 -2175
32307198 5633550 -2195
32307141 5633550 -2125
32307198 5633458 -2075
32306932 5633550 -2075
32307198 5633550 -2056
32307198 5633387 -1725
32307198 5633362 -1675
32307198 5633338 -1625
32307198 5633325 -1575
32307123 5633550 -1525
32307198 5633550 -1539
32307145 5633550 -1475
32307198 5633323 -1425
32307198 5633485 -1375
32307032 5633550 -1325
32307198 5633550 -1354
32307198 5633551 -2525
32307198 5633551 -2475
32307197 5633850 -2425
32307198 5633850 -2425
32306928 5633850 -2325
32307198 5633587 -2325
32307198 5633817 -2275
32307198 5633850 -2260
32307198 5633725 -2175
32307198 5633651 -2125
32307198 5633850 -2101
32307062 5633850 -2075
32307198 5633619 -2025
32307105 5633850 -2025
32307198 5633725 -1975
32306923 5633850 -1925
32307198 5633850 -1947
32307198 5633631 -1525
32307198 5633607 -1475
32307198 5633583 -1425
32307139 5633850 -1375
32307198 5633850 -1384
32307198 5633623 -1325
32307159 5633850 -1325
32307198 5633743 -1275
32307180 5633850 -1275
32307183 5633850 -1225
32307198 5633850 -1227
32307198 5633851 -2425
32307197 5634150 -2375
32307198 5634150 -2375
32307197 5634150 -2325
32307198 5633965 -2225
32307198 5634123 -2175
32306992 5634150 -2125
32307198 5634150 -2166
32307198 5634041 -2075
32307198 5633981 -2025
32307198 5633982 -1975
32307198 5633941 -1925
32306955 5633880 -1933
32307102 5634150 -1925
32307198 5634150 -1954
32307198 5634032 -1875
32307144 5634150 -1875
32307198 5634121 -1825
32307198 5634150 -1808
32307198 5633915 -1375
32307198 5633893 -1325
32307198 5633870 -1275
32307198 5634150 -1180
32307165 5634150 -1175
32307198 5633962 -1175
32307183 5634150 -1125
32307198 5634066 -1125
32307198 5634150 -1083
32307198 5634151 -2375
32307198 5634151 -2325
32307197 5634450 -2275
32307198 5634450 -2275
32307197 5634450 -2225
32307198 5634262 -2125
32307198 5634395 -2075
32307069 5634450 -2025
32307198 5634450 -2054
32307198 5634291 -1925
32307198 5634230 -1875
32307062 5634450 -1825
32307198 5634450 -1846
32307198 5634233 -1775
32307112 5634450 -1775
32307167 5634450 -1725
32307198 5634356 -1725
32307198 5634450 -1686
32307198 5634191 -1175
32307198 5634168 -1125
32307190 5634450 -975
32307198 5634397 -975
32307198 5634450 -976
32307198 5634450 -951
32307198 5634451 -2275
32307198 5634451 -2225
32307198 5634450 -2175
32307197 5634750 -2125
32307198 5634750 -2125
32307198 5634520 -2025
32307198 5634639 -1975
32307187 5634750 -1925
32307198 5634750 -1927
32306994 5634750 -1875
32307198 5634621 -1825
32307198 5634558 -1775
32307198 5634497 -1725
32307198 5634750 -1693
32307078 5634750 -1675
32307198 5634476 -1675
32307128 5634750 -1625
32307198 5634590 -1625
32307179 5634750 -1575
32307198 5634704 -1575
32307079 5634750 -1525
32307198 5634750 -1555
32307198 5634459 -975
32307198 5634751 -2125
32307198 5634751 -2075
32307197 5635050 -2025
32307198 5635050 -2025
32307197 5635050 -1975
32307198 5634756 -1925
32307198 5634865 -1875
32307198 5634974 -1825
32307149 5635050 -1775
32307198 5635050 -1789
32306983 5635050 -1725
32307198 5634901 -1675
32307198 5634838 -1625
32307198 5634774 -1575
32307198 5635050 -1489
32307136 5635050 -1475
32307198 5634922 -1475
32307189 5635050 -1425
32307198 5635031 -1425
32307063 5635050 -1375
32307198 5635050 -1416
32306898 5635050 -1325
32307198 5635051 -2025
32307198 5635051 -1975
32307198 5635050 -1925
32307197 5635350 -1875
32307198 5635350 -1875
32307197 5635350 -1825
32307198 5635080 -1775
32307198 5635181 -1725
32307198 5635281 -1675
32307153 5635350 -1625
32307198 5635350 -1640
32307012 5635350 -1575
32307198 5635128 -1475
32307198 5635061 -1425
32307131 5635350 -1325
32307198 5635231 -1325
32307198 5635350 -1334
32307198 5635331 -1275
32307188 5635350 -1275
32306906 5635350 -1225
32307198 5635350 -1265
32306958 5635350 -1175
32307198 5635351 -1875
32307198 5635351 -1825
32307198 5635350 -1775
32307197 5635650 -1725
32307198 5635650 -1725
32307197 5635650 -1675
32307198 5635379 -1625
32307198 5635472 -1575
32307198 5635564 -1525
32307192 5635650 -1475
32307198 5635650 -1477
32307069 5635650 -1425
32306948 5635650 -1375
32307198 5635435 -1325
32307198 5635363 -1275
32307198 5635650 -1129
32307159 5635650 -1125
32307198 5635593 -1125
32307198 5635650 -1091
32307049 5635650 -1025
32306939 5635650 -975
32307198 5635651 -1725
32307198 5635651 -1675
32307198 5635650 -1625
32307197 5635950 -1575
32307198 5635950 -1575
32307197 5635950 -1525
32307198 5635654 -1475
32307198 5635739 -1425
32307198 5635823 -1375
32307198 5635904 -1325
32307150 5635950 -1275
32307198 5635950 -1296
32307040 5635950 -1225
32306931 5635950 -1175
32307198 5635701 -1125
32307198 5635950 -930
32307153 5635950 -925
32307198 5635892 -925
32307198 5635950 -881
32306976 5635950 -775
32307198 5635951 -1575
32307198 5635951 -1525
32307198 5635951 -1475
32307198 5635955 -1425
32307197 5636250 -1375
32307198 5636250 -1376
32307194 5636250 -1325
32307198 5635983 -1275
32307198 5636061 -1225
32307198 5636137 -1175
32307198 5636211 -1125
32307149 5636250 -1075
32307198 5636250 -1098
32307044 5636250 -1025
32306938 5636250 -975
32307198 5636010 -925
32307174 5636250 -675
32307198 5636217 -675
32307198 5636250 -678
32307198 5636250 -648
32306910 5636250 -525
32307198 5636251 -1375
32307198 5636251 -1325
32307198 5636251 -1275
32307196 5636550 -1225
32307198 5636550 -1225
32307197 5636550 -1175
32307194 5636550 -1125
32307198 5636285 -1075
32307198 5636360 -1025
32307198 5636433 -975
32307198 5636506 -925
32307158 5636550 -875
32307198 5636550 -894
32307056 5636550 -825
32306954 5636550 -775
32307198 5636281 -675
32307198 5636551 -1225
32307198 5636551 -1175
32307198 5636551 -1125
32307198 5636551 -1075
32307198 5636550 -1025
32307197 5636850 -975
32307198 5636850 -975
32307197 5636850 -925
32307198 5636579 -875
32307198 5636652 -825
32307198 5636725 -775
32307198 5636797 -725
32307175 5636850 -675
32307198 5636850 -687
32307083 5636850 -625
32306992 5636850 -575
32306902 5636850 -525
32306902 5636850 -25
32307198 5636851 -975
32307198 5636851 -925
32307198 5636851 -875
32307198 5636850 -825
32307197 5637150 -775
32307198 5637150 -775
32307197 5637150 -725
32307198 5636867 -675
32307197 5637150 -675
32307198 5636935 -625
32307198 5637003 -575
32307198 5637070 -525
32307198 5637137 -475
32307131 5637150 -425
32307198 5637150 -465
32307050 5637150 -375
32306972 5637150 -325
32307198 5637151 -775
32307198 5637151 -725
32307198 5637151 -675
32307198 5637150 -625
32307198 5637150 -575
32307197 5637450 -525
32307198 5637450 -525
32307197 5637450 -475
32307198 5637200 -425
32307197 5637450 -425
32307198 5637264 -375
32307198 5637327 -325
32307198 5637391 -275
32307191 5637450 -225
32307198 5637450 -228
32307097 5637450 -175
32307004 5637450 -125
32306911 5637450 -75
32307198 5637451 -525
32307198 5637451 -475
32307198 5637451 -425
32307198 5637450 -375
32307198 5637450 -325
32307198 5637450 -275
32307198 5637454 -225
32307198 5637750 -225
32307197 5637750 -225
32307197 5637750 -175
32307198 5637510 -175
32307198 5637567 -125
32307198 5637622 -75
32307198 5637678 -25
32307198 5637734 25
32307122 5637750 75
32307198 5637750 39
32307017 5637750 125
32306915 5637750 175
32307198 5637751 -225
32307198 5637751 -175
32307198 5637750 -125
32307198 5637750 -75
32307198 5637750 -25
32307197 5638050 25
32307198 5638050 24
32307198 5637788 75
32307197 5638050 75
32307197 5638050 125
32307198 5637841 125
32307198 5637894 175
32307198 5637948 225
32307198 5638001 275
32307190 5638050 325
32307198 5638050 320
32307092 5638050 375
32306996 5638050 425
32306902 5638050 475
32307198 5638051 25
32307198 5638051 75
32307198 5638050 125
32307198 5638050 175
32307198 5638050 225
32307197 5638350 275
32307198 5638350 274
32307198 5638054 325
32307197 5638350 325
32307197 5638350 375
32307198 5638107 375
32307198 5638159 425
32307198 5638211 475
32307198 5638351 275
32307198 5638351 325
32307198 5638351 375
32307198 5638350 425
32307198 5638350 475
32307500 5623650 -2728
32307500 5623950 -2728
32307500 5624250 -2728
32307500 5624550 -2727
32307500 5624850 -2727
32307500 5625150 -2727
32307500 5625450 -2727
32307500 5625750 -2727
32307500 5626050 -2727
32307202 5626050 225
32307218 5626050 275
32307237 5626050 325
32307254 5626050 375
32307247 5626050 425
32307253 5626050 475
32307500 5626350 -2727
32307217 5626350 -125
32307303 5626350 -75
32307397 5626350 -25
32307500 5626350 23
32307500 5626348 25
32307500 5626316 75
32307500 5626288 125
32307500 5626265 175
32307500 5626247 225
32307500 5626234 275
32307500 5626226 325
32307500 5626222 375
32307500 5626220 425
32307500 5626221 475
32307500 5626650 -2727
32307240 5626650 -275
32307345 5626650 -225
32307438 5626650 -175
32307500 5626650 -138
32307500 5626627 -125
32307500 5626543 -75
32307500 5626453 -25
32307500 5626950 -2727
32307349 5626950 -325
32307486 5626950 -275
32307500 5626950 -269
32307500 5626832 -225
32307500 5626719 -175
32307500 5627250 -2727
32307500 5627250 -349
32307500 5627134 -325
32307500 5626964 -275
32307500 5627550 -2727
32307314 5627550 -325
32307500 5627550 -359
32307500 5627850 -2727
32307500 5627787 -325
32307399 5627850 -275
32307500 5627850 -316
32307289 5627850 -225
32307500 5628150 -2727
32307500 5628055 -275
32307440 5628150 -225
32307500 5628150 -255
32307350 5628150 -175
32307265 5628150 -125
32307500 5628450 -2727
32307500 5628335 -225
32307435 5628450 -175
32307500 5628450 -206
32307337 5628450 -125
32307246 5628450 -75
32307500 5628750 -2727
32307500 5628615 -175
32307440 5628750 -125
32307500 5628750 -148
32307327 5628750 -75
32307234 5628750 -25
32307500 5629050 -2727
32307500 5628958 -125
32307500 5629050 -113
32307500 5629350 -2726
32307378 5629350 -175
32307500 5629350 -145
32307500 5629154 -125
32307500 5629650 -2726
32307267 5629650 -275
32307427 5629650 -225
32307500 5629650 -201
32307500 5629507 -175
32307500 5629950 -2726
32307254 5629950 -375
32307417 5629950 -325
32307500 5629950 -300
32307500 5629874 -275
32307500 5629723 -225
32307500 5630250 -2726
32307250 5630250 -525
32307397 5630250 -475
32307500 5630250 -440
32307500 5630217 -425
32307500 5630111 -375
32307500 5630004 -325
32307500 5630550 -2726
32307303 5630550 -675
32307433 5630550 -625
32307500 5630550 -598
32307500 5630506 -575
32307500 5630412 -525
32307500 5630317 -475
32307500 5630850 -2726
32307214 5630850 -875
32307351 5630850 -825
32307480 5630850 -775
32307500 5630850 -767
32307500 5630774 -725
32307500 5630685 -675
32307500 5630596 -625
32307500 5631150 -2726
32307216 5631150 -1025
32307375 5631150 -975
32307500 5631150 -933
32307500 5631134 -925
32307500 5631043 -875
32307500 5630953 -825
32307500 5630863 -775
32307500 5631450 -2725
32307344 5631450 -1125
32307500 5631450 -1086
32307500 5631427 -1075
32307500 5631327 -1025
32307500 5631230 -975
32307497 5631750 -2775
32307500 5631747 -2775
32307500 5631750 -2775
32307409 5631750 -1225
32307430 5631750 -1175
32307500 5631750 -1146
32307500 5631640 -1125
32307497 5632050 -2775
32307500 5632050 -2775
32307265 5632050 -1325
32307427 5632050 -1275
32307500 5632050 -1252
32307500 5631867 -1225
32307500 5631828 -1175
32307500 5632052 -2775
32307500 5632350 -2725
32307208 5632350 -2175
32307439 5632350 -1475
32307500 5632350 -1494
32307500 5632324 -1475
32307500 5632262 -1425
32307287 5632350 -1425
32307500 5632199 -1375
32307500 5632138 -1325
32307500 5632077 -1275
32307498 5632650 -2725
32307500 5632650 -2725
32307206 5632650 -2525
32307339 5632650 -2225
32307500 5632650 -2234
32307500 5632635 -2225
32307500 5632650 -2192
32307466 5632650 -2175
32307500 5632627 -2125
32307500 5632650 -2169
32307261 5632650 -2075
32307500 5632650 -2121
32307283 5632650 -2025
32307405 5632650 -1525
32307500 5632650 -1528
32307500 5632617 -1525
32307500 5632651 -2725
32307498 5632950 -2675
32307500 5632950 -2675
32307214 5632950 -2525
32307239 5632950 -2475
32307288 5632950 -2425
32307500 5632699 -2225
32307492 5632950 -2175
32307500 5632950 -2173
32307500 5632904 -2075
32307500 5632880 -2025
32307304 5632950 -1975
32307500 5632950 -2012
32307307 5632950 -1925
32307493 5632950 -1525
32307500 5632950 -1525
32307500 5632951 -2675
32307498 5633250 -2625
32307500 5633250 -2625
32307306 5633250 -2475
32307488 5633250 -2425
32307295 5633250 -2375
32307331 5633250 -2325
32307500 5633250 -2137
32307283 5633250 -2125
32307500 5633165 -1975
32307500 5633142 -1925
32307500 5633118 -1875
32307339 5633250 -1825
32307500 5633250 -1852
32307363 5633250 -1775
32307500 5632954 -1525
32307425 5633250 -1475
32307500 5633250 -1484
32307500 5633251 -2625
32307498 5633550 -2575
32307500 5633550 -2575
32307500 5633550 -2378
32307500 5633545 -2375
32307473 5633550 -2375
32307500 5633493 -2325
32307299 5633550 -2275
32307500 5633550 -2315
32307343 5633550 -2225
32307500 5633325 -2125
32307500 5633466 -2075
32307500 5633550 -2044
32307500 5633432 -1825
32307500 5633391 -1775
32307500 5633367 -1725
32307378 5633550 -1675
32307500 5633550 -1695
32307401 5633550 -1625
32307410 5633550 -1575
32307500 5633287 -1475
32307500 5633476 -1425
32307322 5633550 -1375
32307500 5633550 -1404
32307500 5633551 -2575
32307498 5633850 -2525
32307500 5633850 -2525
32307498 5633850 -2475
32307500 5633568 -2375
32307500 5633796 -2325
32307318 5633725 -2308
32307500 5633807 -2275
32307500 5633850 -2313
32307281 5633850 -2275
32307500 5633752 -2225
32307288 5633850 -2175
32307500 5633850 -2209
32307340 5633850 -2125
32307500 5633629 -2025
32307500 5633824 -1975
32307500 5633850 -1968
32307500 5633693 -1675
32307500 5633667 -1625
32307500 5633640 -1575
32307389 5633850 -1525
32307500 5633850 -1544
32307403 5633850 -1475
32307443 5633850 -1425
32307500 5633631 -1375
32307500 5633762 -1325
32307427 5633850 -1275
32307500 5633850 -1289
32307500 5633851 -2525
32307500 5633851 -2475
32307498 5634150 -2425
32307500 5634150 -2425
32307500 5633983 -2275
32307492 5634150 -2225
32307500 5634150 -2226
32307500 5634090 -2175
32307241 5634150 -2175
32307500 5634032 -2125
32307337 5634150 -2075
32307500 5634150 -2100
32307344 5634150 -2025
32307327 5634150 -1975
32307500 5633984 -1925
32307500 5634134 -1875
32307279 5634150 -1825
32307500 5634150 -1869
32307500 5633981 -1525
32307500 5633964 -1475
32307500 5633918 -1425
32307500 5633892 -1375
32307412 5634150 -1325
32307500 5634150 -1340
32307500 5633872 -1275
32307430 5634150 -1275
32307500 5633945 -1225
32307448 5634150 -1225
32307500 5634016 -1175
32307500 5634085 -1125
32307500 5634150 -1076
32307500 5634151 -2425
32307500 5634151 -2375
32307498 5634450 -2325
32307500 5634450 -2325
32307500 5634154 -2225
32307500 5634300 -2175
32307500 5634442 -2125
32307500 5634359 -2075
32307290 5634450 -2075
32307500 5634450 -2122
32307500 5634334 -2025
32307500 5634274 -1975
32307331 5634450 -1925
32307500 5634450 -1951
32307381 5634450 -1875
32307500 5634268 -1825
32307500 5634398 -1775
32307368 5634450 -1725
32307500 5634450 -1755
32307500 5634254 -1325
32307500 5634232 -1275
32307500 5634211 -1225
32307500 5634190 -1175
32307430 5634450 -1125
32307500 5634450 -1136
32307500 5634152 -1075
32307453 5634450 -1075
32307470 5634450 -1025
32307500 5634258 -1025
32307500 5634393 -975
32307500 5634450 -933
32307500 5634451 -2325
32307500 5634451 -2275
32307498 5634750 -2225
32307500 5634750 -2225
32307498 5634750 -2175
32307500 5634571 -2075
32307500 5634699 -2025
32307383 5634750 -1975
32307500 5634750 -2004
32307500 5634653 -1925
32307500 5634592 -1875
32307500 5634532 -1825
32307356 5634750 -1775
32307500 5634750 -1796
32307500 5634523 -1725
32307406 5634750 -1725
32307500 5634644 -1675
32307315 5634518 -1693
32307473 5634750 -1625
32307500 5634750 -1631
32307277 5634750 -1575
32307500 5634525 -1125
32307500 5634504 -1075
32307500 5634485 -1025
32307500 5634465 -975
32307480 5634750 -875
32307500 5634602 -875
32307500 5634750 -878
32307498 5634750 -825
32307500 5634741 -825
32307500 5634750 -822
32307500 5634751 -2225
32307500 5634751 -2175
32307498 5635050 -2125
32307500 5635050 -2125
32307498 5635050 -2075
32307500 5634820 -1975
32307500 5634937 -1925
32307492 5635050 -1875
32307500 5635050 -1877
32307319 5635050 -1825
32307500 5634923 -1775
32307500 5634862 -1725
32307500 5634801 -1675
32307500 5634765 -1625
32307500 5635050 -1643
32307373 5635050 -1625
32307425 5635050 -1575
32307500 5634881 -1575
32307414 5634787 -1608
32307500 5634999 -1525
32307462 5635050 -1525
32307400 5635050 -1475
32307500 5635050 -1503
32307228 5635050 -1425
32307500 5634770 -875
32307500 5634751 -825
32307500 5635051 -2125
32307500 5635051 -2075
32307500 5635051 -2025
32307498 5635350 -1975
32307500 5635350 -1975
32307498 5635350 -1925
32307500 5635054 -1875
32307500 5635164 -1825
32307500 5635274 -1775
32307452 5635350 -1725
32307500 5635350 -1740
32307301 5635350 -1675
32307500 5635202 -1625
32307500 5635139 -1575
32307500 5635076 -1525
32307437 5635350 -1425
32307500 5635223 -1425
32307500 5635350 -1433
32307500 5635335 -1375
32307492 5635350 -1375
32307372 5635350 -1325
32307500 5635350 -1368
32307226 5635350 -1275
32307500 5635351 -1975
32307500 5635351 -1925
32307500 5635350 -1875
32307498 5635650 -1825
32307500 5635650 -1825
32307498 5635650 -1775
32307500 5635381 -1725
32307500 5635482 -1675
32307500 5635582 -1625
32307455 5635650 -1575
32307500 5635650 -1591
32307322 5635650 -1525
32307500 5635426 -1425
32307500 5635358 -1375
32307500 5635650 -1226
32307487 5635650 -1225
32307500 5635629 -1225
32307500 5635650 -1214
32307279 5635650 -1125
32307500 5635651 -1825
32307500 5635651 -1775
32307500 5635650 -1725
32307498 5635950 -1675
32307500 5635950 -1675
32307498 5635950 -1625
32307500 5635680 -1575
32307500 5635772 -1525
32307500 5635862 -1475
32307499 5635950 -1425
32307500 5635950 -1425
32307380 5635950 -1375
32307263 5635950 -1325
32307500 5635665 -1225
32307286 5635950 -925
32307500 5635951 -1675
32307500 5635951 -1625
32307500 5635950 -1575
32307500 5635950 -1525
32307498 5636250 -1475
32307500 5636250 -1475
32307500 5635950 -1425
32307492 5636250 -1425
32307500 5636034 -1375
32307500 5636115 -1325
32307500 5636195 -1275
32307467 5636250 -1225
32307500 5636250 -1240
32307359 5636250 -1175
32307253 5636250 -1125
32307485 5636250 -825
32307500 5636231 -825
32307500 5636250 -826
32307500 5636250 -808
32307251 5636250 -675
32307500 5636251 -1475
32307500 5636251 -1425
32307500 5636250 -1375
32307498 5636550 -1325
32307500 5636550 -1325
32307498 5636550 -1275
32307500 5636273 -1225
32307500 5636351 -1175
32307500 5636428 -1125
32307500 5636504 -1075
32307459 5636550 -1025
32307500 5636550 -1044
32307357 5636550 -975
32307258 5636550 -925
32307500 5636267 -825
32307500 5636551 -1325
32307500 5636551 -1275
32307500 5636551 -1225
32307500 5636550 -1175
32307500 5636754 -1125
32307498 5636850 -1075
32307500 5636850 -1117
32307500 5636580 -1025
32307498 5636850 -1025
32307500 5636657 -975
32307500 5636735 -925
32307500 5636813 -875
32307447 5636850 -825
32307500 5636850 -851
32307353 5636850 -775
32307263 5636850 -725
32307500 5636851 -1075
32307500 5636851 -1025
32307500 5636850 -975
32307500 5636850 -925
32307498 5637150 -875
32307500 5637150 -875
32307500 5636889 -825
32307498 5637150 -825
32307500 5636962 -775
32307500 5637034 -725
32307500 5637105 -675
32307465 5637150 -625
32307500 5637150 -643
32307377 5637150 -575
32307293 5637150 -525
32307213 5637150 -475
32307500 5637151 -875
32307500 5637151 -825
32307500 5637150 -775
32307500 5637150 -725
32307500 5637150 -675
32307500 5637173 -625
32307500 5637450 -625
32307498 5637450 -625
32307499 5637450 -575
32307500 5637235 -575
32307500 5637294 -525
32307500 5637352 -475
32307500 5637408 -425
32307477 5637450 -375
32307500 5637450 -386
32307380 5637450 -325
32307284 5637450 -275
32307500 5637451 -625
32307500 5637450 -575
32307500 5637450 -525
32307500 5637450 -475
32307500 5637450 -425
32307500 5637462 -375
32307500 5637750 -375
32307498 5637750 -375
32307498 5637750 -325
32307500 5637517 -325
32307499 5637750 -275
32307500 5637570 -275
32307500 5637623 -225
32307500 5637675 -175
32307500 5637726 -125
32307440 5637750 -75
32307500 5637750 -102
32307333 5637750 -25
32307228 5637750 25
32307500 5637751 -375
32307500 5637751 -325
32307500 5637750 -275
32307500 5637750 -225
32307500 5637750 -175
32307498 5638050 -125
32307500 5638050 -125
32307500 5637780 -75
32307498 5638050 -75
32307499 5638050 -25
32307500 5637835 -25
32307500 5637891 25
32307500 5637946 75
32307500 5638001 125
32307487 5638050 175
32307500 5638050 168
32307386 5638050 225
32307287 5638050 275
32307500 5638051 -125
32307500 5638051 -75
32307500 5638050 -25
32307500 5638050 25
32307500 5638050 75
32307498 5638350 125
32307500 5638350 124
32307500 5638057 175
32307498 5638350 175
32307498 5638350 225
32307500 5638113 225
32307500 5638169 275
32307500 5638224 325
32307500 5638278 375
32307500 5638331 425
32307441 5638350 475
32307500 5638350 442
32307500 5638351 125
32307500 5638351 175
32307500 5638351 225
32307500 5638350 275
32307500 5638350 325
32307500 5638350 375
32307498 5638650 425
32307500 5638650 424
32307500 5638384 475
32307498 5638650 475
32307500 5638651 425
32307500 5638651 475
32307801 5623650 -2728
32307801 5623950 -2728
32307801 5624250 -2728
32307801 5624550 -2728
32307801 5624850 -2727
32307801 5625150 -2727
32307801 5625450 -2727
32307801 5625750 -2727
32307801 5626050 -2727
32307801 5626350 -2727
32307501 5626350 25
32307546 5626350 75
32307586 5626350 125
32307619 5626350 175
32307645 5626350 225
32307662 5626350 275
32307671 5626350 325
32307675 5626350 375
32307674 5626350 425
32307671 5626350 475
32307801 5626650 -2727
32307523 5626650 -125
32307612 5626650 -75
32307715 5626650 -25
32307801 5626650 9
32307801 5626634 25
32307801 5626590 75
32307801 5626551 125
32307801 5626520 175
32307801 5626496 225
32307801 5626480 275
32307801 5626471 325
32307801 5626467 375
32307801 5626468 425
32307801 5626472 475
32307801 5626950 -2727
32307589 5626950 -225
32307676 5626950 -175
32307749 5626950 -125
32307801 5626950 -80
32307801 5626937 -75
32307801 5626801 -25
32307801 5627250 -2727
32307595 5627250 -325
32307756 5627250 -275
32307801 5627250 -257
32307801 5627169 -225
32307801 5627072 -175
32307801 5626998 -125
32307801 5627550 -2727
32307801 5627550 -347
32307801 5627452 -325
32307801 5627291 -275
32307801 5627850 -2727
32307544 5627850 -325
32307801 5627850 -374
32307801 5628150 -2727
32307678 5628150 -325
32307801 5628150 -367
32307546 5628150 -275
32307801 5628450 -2727
32307786 5628450 -325
32307801 5628450 -330
32307656 5628450 -275
32307540 5628450 -225
32307801 5628750 -2727
32307801 5628473 -325
32307801 5628677 -275
32307708 5628750 -225
32307801 5628750 -255
32307568 5628750 -175
32307801 5629050 -2727
32307801 5628862 -225
32307801 5629025 -175
32307559 5629050 -125
32307801 5629050 -166
32307801 5629350 -2727
32307777 5629350 -125
32307801 5629338 -125
32307801 5629350 -123
32307801 5629650 -2726
32307605 5629650 -175
32307782 5629650 -125
32307801 5629650 -119
32307801 5629950 -2726
32307605 5629950 -275
32307801 5629950 -225
32307801 5629947 -225
32307801 5629803 -175
32307801 5629665 -125
32307801 5630250 -2726
32307561 5630250 -425
32307762 5630250 -375
32307801 5630250 -365
32307801 5630160 -325
32307801 5630052 -275
32307801 5630550 -2726
32307570 5630550 -575
32307718 5630550 -525
32307801 5630550 -496
32307801 5630502 -475
32307801 5630390 -425
32307801 5630272 -375
32307801 5630850 -2726
32307564 5630850 -725
32307637 5630850 -675
32307708 5630850 -625
32307776 5630850 -575
32307801 5630850 -556
32307801 5630696 -525
32307796 5631150 -2775
32307801 5631144 -2775
32307801 5631150 -2775
32307513 5631150 -925
32307590 5631150 -875
32307664 5631150 -825
32307735 5631150 -775
32307801 5631150 -725
32307801 5631148 -725
32307801 5631060 -675
32307801 5630972 -625
32307801 5630882 -575
32307797 5631450 -2775
32307801 5631450 -2775
32307520 5631450 -1075
32307607 5631450 -1025
32307689 5631450 -975
32307768 5631450 -925
32307801 5631450 -903
32307801 5631401 -875
32307801 5631315 -825
32307801 5631231 -775
32307801 5631750 -2775
32307585 5631750 -1125
32307769 5631750 -1075
32307801 5631750 -1066
32307801 5631671 -1025
32307801 5631578 -975
32307801 5631488 -925
32307801 5632050 -2775
32307783 5632050 -1375
32307801 5632050 -1383
32307801 5632041 -1375
32307801 5631992 -1325
32307670 5632050 -1325
32307801 5631943 -1275
32307554 5632050 -1275
32307801 5631896 -1225
32307801 5631849 -1175
32307801 5631803 -1125
32307801 5631757 -1075
32307798 5632350 -2775
32307801 5632350 -2775
32307759 5632350 -1475
32307801 5632350 -1471
32307801 5632189 -1425
32307798 5632650 -2775
32307801 5632650 -2775
32307556 5632650 -2225
32307521 5632650 -2125
32307714 5632650 -1525
32307801 5632650 -1523
32307801 5632368 -1475
32307801 5632652 -2775
32307799 5632950 -2725
32307801 5632950 -2725
32307801 5632950 -2140
32307801 5632942 -2125
32307544 5632950 -2075
32307801 5632950 -2123
32307566 5632950 -2025
32307801 5632950 -1537
32307801 5632681 -1525
32307801 5632952 -2725
32307799 5633250 -2675
32307801 5633250 -2675
32307801 5633250 -2127
32307801 5633225 -2075
32307801 5633202 -2025
32307801 5633172 -1975
32307599 5633250 -1925
32307801 5633250 -1962
32307621 5633250 -1875
32307801 5633111 -1525
32307801 5633250 -1513
32307801 5633251 -2675
32307799 5633550 -2625
32307801 5633550 -2625
32307504 5633550 -2375
32307556 5633550 -2325
32307801 5633269 -2125
32307713 5633550 -2075
32307801 5633550 -2087
32307801 5633473 -1925
32307801 5633449 -1875
32307801 5633425 -1825
32307641 5633550 -1775
32307801 5633550 -1804
32307662 5633550 -1725
32307801 5633348 -1475
32307801 5633470 -1425
32307801 5633550 -1391
32307801 5633551 -2625
32307799 5633850 -2575
32307801 5633850 -2575
32307801 5633850 -2364
32307801 5633807 -2325
32307569 5633850 -2325
32307801 5633850 -2318
32307539 5633850 -2275
32307591 5633850 -2225
32307801 5633607 -2075
32307801 5633833 -2025
32307537 5633850 -1975
32307801 5633850 -2021
32307801 5633732 -1775
32307801 5633708 -1725
32307801 5633685 -1675
32307656 5633850 -1625
32307801 5633850 -1648
32307678 5633850 -1575
32307801 5633600 -1375
32307801 5633788 -1325
32307801 5633850 -1289
32307801 5633851 -2575
32307801 5633851 -2525
32307799 5634150 -2475
32307801 5634150 -2475
32307801 5634003 -2325
32307801 5634150 -2286
32307801 5634137 -2275
32307743 5634150 -2275
32307801 5634080 -2225
32307801 5634024 -2175
32307605 5634150 -2125
32307801 5634150 -2156
32307801 5634008 -1975
32307764 5634150 -1925
32307801 5634150 -1932
32307525 5634150 -1875
32307801 5634004 -1625
32307801 5633981 -1575
32307801 5633958 -1525
32307731 5634150 -1475
32307801 5634150 -1486
32307693 5634150 -1425
32307714 5634150 -1375
32307801 5633885 -1275
32307801 5634003 -1225
32307801 5634115 -1175
32307674 5634150 -1125
32307801 5634150 -1158
32307801 5634151 -2475
32307801 5634151 -2425
32307799 5634450 -2375
32307801 5634450 -2375
32307801 5634186 -2275
32307801 5634343 -2225
32307732 5634450 -2175
32307801 5634450 -2190
32307801 5634373 -2125
32307511 5634450 -2125
32307801 5634315 -2075
32307600 5634450 -2025
32307801 5634450 -2056
32307651 5634450 -1975
32307801 5634171 -1925
32307801 5634314 -1875
32307795 5634450 -1825
32307801 5634450 -1826
32307583 5634450 -1775
32307801 5634226 -1475
32307801 5634265 -1425
32307801 5634243 -1375
32307801 5634221 -1325
32307704 5634450 -1275
32307801 5634450 -1290
32307722 5634450 -1225
32307741 5634450 -1175
32307801 5634224 -1125
32307801 5634330 -1075
32307801 5634432 -1025
32307650 5634450 -975
32307801 5634450 -1016
32307801 5634451 -2375
32307801 5634450 -2325
32307799 5634750 -2275
32307801 5634750 -2275
32307801 5634493 -2175
32307801 5634630 -2125
32307777 5634750 -2075
32307801 5634750 -2080
32307801 5634683 -2025
32307579 5634750 -2025
32307801 5634624 -1975
32307801 5634565 -1925
32307634 5634750 -1875
32307801 5634750 -1900
32307801 5634453 -1825
32307685 5634750 -1825
32307801 5634582 -1775
32307801 5634711 -1725
32307666 5634750 -1675
32307801 5634750 -1709
32307801 5634553 -1275
32307801 5634533 -1225
32307801 5634513 -1175
32307801 5634492 -1125
32307801 5634472 -1075
32307751 5634750 -1025
32307801 5634750 -1032
32307801 5634549 -975
32307770 5634750 -975
32307801 5634671 -925
32307789 5634750 -925
32307726 5634750 -875
32307801 5634750 -893
32307512 5634750 -825
32307801 5634751 -2275
32307801 5634751 -2225
32307799 5635050 -2175
32307801 5635050 -2175
32307801 5634764 -2075
32307801 5634890 -2025
32307801 5635015 -1975
32307671 5635050 -1925
32307801 5635050 -1961
32307801 5634945 -1875
32307801 5634885 -1825
32307801 5634826 -1775
32307660 5635050 -1725
32307801 5635050 -1745
32307801 5634836 -1675
32307712 5635050 -1675
32307801 5634960 -1625
32307590 5634809 -1637
32307750 5635050 -1575
32307801 5635050 -1589
32307574 5635050 -1525
32307801 5634800 -1025
32307801 5634781 -975
32307801 5634761 -925
32307801 5635051 -2175
32307801 5635051 -2125
32307801 5635145 -2075
32307799 5635350 -2025
32307801 5635350 -2046
32307801 5635134 -1925
32307801 5635252 -1875
32307773 5635350 -1825
32307801 5635350 -1833
32307611 5635350 -1775
32307801 5635215 -1725
32307801 5635153 -1675
32307801 5635092 -1625
32307734 5635350 -1525
32307801 5635202 -1525
32307801 5635350 -1534
32307801 5635323 -1475
32307789 5635350 -1475
32307677 5635350 -1425
32307801 5635350 -1464
32307520 5635350 -1375
32307801 5635351 -2025
32307801 5635350 -1975
32307799 5635650 -1925
32307801 5635650 -1925
32307799 5635650 -1875
32307801 5635368 -1825
32307801 5635476 -1775
32307801 5635585 -1725
32307741 5635650 -1675
32307801 5635650 -1695
32307596 5635650 -1625
32307801 5635428 -1525
32307801 5635363 -1475
32307745 5635650 -1375
32307801 5635543 -1375
32307801 5635650 -1382
32307801 5635650 -1326
32307527 5635650 -1225
32307801 5635651 -1925
32307801 5635651 -1875
32307801 5635650 -1825
32307799 5635950 -1775
32307801 5635950 -1775
32307799 5635950 -1725
32307801 5635690 -1675
32307801 5635788 -1625
32307801 5635886 -1575
32307755 5635950 -1525
32307801 5635950 -1542
32307626 5635950 -1475
32307801 5635718 -1375
32307801 5635950 -1176
32307787 5635950 -1175
32307801 5635928 -1175
32307801 5635950 -1162
32307801 5635951 -1775
32307801 5635951 -1725
32307801 5635950 -1675
32307801 5635950 -1625
32307799 5636250 -1575
32307801 5636250 -1575
32307801 5635980 -1525
32307799 5636250 -1525
32307801 5636069 -1475
32307801 5636157 -1425
32307801 5636242 -1375
32307693 5636250 -1325
32307801 5636250 -1370
32307578 5636250 -1275
32307801 5635967 -1175
32307525 5636250 -825
32307801 5636251 -1575
32307801 5636251 -1525
32307801 5636250 -1475
32307799 5636550 -1425
32307801 5636550 -1425
32307800 5636550 -1375
32307801 5636325 -1325
32307801 5636406 -1275
32307801 5636486 -1225
32307780 5636550 -1175
32307801 5636550 -1184
32307670 5636550 -1125
32307563 5636550 -1075
32307801 5636551 -1425
32307801 5636551 -1375
32307801 5636550 -1325
32307801 5636550 -1275
32307799 5636850 -1225
32307801 5636850 -1225
32307801 5636564 -1175
32307800 5636850 -1175
32307722 5636616 -1157
32307564 5636850 -1125
32307801 5636643 -1125
32307801 5636721 -1075
32307801 5636799 -1025
32307762 5636850 -975
32307801 5636850 -992
32307654 5636850 -925
32307548 5636850 -875
32307801 5636851 -1225
32307801 5636851 -1175
32307801 5636850 -1125
32307801 5636850 -1075
32307801 5636850 -1025
32307801 5636876 -975
32307801 5637150 -975
32307800 5637150 -975
32307800 5637150 -925
32307801 5636951 -925
32307801 5637025 -875
32307801 5637099 -825
32307769 5637150 -775
32307801 5637150 -790
32307665 5637150 -725
32307563 5637150 -675
32307801 5637151 -975
32307801 5637150 -925
32307801 5637150 -875
32307801 5637150 -825
32307801 5637169 -775
32307801 5637450 -775
32307799 5637450 -775
32307800 5637450 -725
32307801 5637234 -725
32307800 5637450 -675
32307801 5637296 -675
32307801 5637355 -625
32307801 5637411 -575
32307775 5637450 -525
32307801 5637450 -538
32307679 5637450 -475
32307580 5637450 -425
32307801 5637451 -775
32307801 5637450 -725
32307801 5637450 -675
32307801 5637450 -625
32307801 5637450 -575
32307801 5637465 -525
32307801 5637750 -525
32307799 5637750 -525
32307800 5637750 -475
32307801 5637520 -475
32307800 5637750 -425
32307801 5637575 -425
32307801 5637629 -375
32307801 5637685 -325
32307801 5637741 -275
32307724 5637750 -225
32307801 5637750 -267
32307633 5637750 -175
32307541 5637750 -125
32307801 5637751 -525
32307801 5637751 -475
32307801 5637750 -425
32307801 5637750 -375
32307801 5637750 -325
32307799 5638050 -275
32307801 5638050 -275
32307801 5637797 -225
32307800 5638050 -225
32307800 5638050 -175
32307801 5637852 -175
32307801 5637908 -125
32307801 5637964 -75
32307801 5638019 -25
32307760 5638050 25
32307801 5638050 2
32307670 5638050 75
32307579 5638050 125
32307801 5638051 -275
32307801 5638051 -225
32307801 5638050 -175
32307801 5638050 -125
32307801 5638050 -75
32307799 5638350 -25
32307801 5638350 -25
32307801 5638075 25
32307799 5638350 25
32307800 5638350 75
32307801 5638130 75
32307801 5638185 125
32307801 5638240 175
32307801 5638294 225
32307801 5638347 275
32307712 5638350 325
32307801 5638350 276
32307621 5638350 375
32307531 5638350 425
32307801 5638351 -25
32307801 5638351 25
32307801 5638350 75
32307801 5638350 125
32307801 5638350 175
32307799 5638650 225
32307801 5638650 224
32307799 5638650 275
32307801 5638402 325
32307800 5638650 325
32307799 5638650 375
32307801 5638456 375
32307801 5638509 425
32307801 5638562 475
32307801 5638651 225
32307801 5638651 275
32307801 5638651 325
32307801 5638650 375
32307801 5638650 425
32307801 5638650 475
32308102 5623650 -2728
32308102 5623950 -2728
32308102 5624250 -2728
32308102 5624550 -2728
32308102 5624850 -2728
32308102 5625150 -2727
32308102 5625450 -2727
32308102 5625750 -2727
32308102 5626050 -2727
32308102 5626350 -2727
32308102 5626650 -2727
32307818 5626650 25
32307869 5626650 75
32307914 5626650 125
32307952 5626650 175
32307981 5626650 225
32308001 5626650 275
32308011 5626650 325
32308013 5626650 375
32308010 5626650 425
32308002 5626650 475
32308102 5626950 -2727
32307809 5626950 -75
32307884 5626950 -25
32307978 5626950 25
32308102 5626950 67
32308102 5626940 75
32308102 5626883 125
32308102 5626835 175
32308102 5626798 225
32308102 5626773 275
32308102 5626760 325
32308102 5626757 375
32308102 5626760 425
32308102 5626769 475
32308102 5627250 -2727
32307868 5627250 -225
32307956 5627250 -175
32308028 5627250 -125
32308085 5627250 -75
32308102 5627250 -55
32308102 5627190 -25
32308102 5627082 25
32308102 5627550 -2727
32307880 5627550 -325
32308025 5627550 -275
32308102 5627550 -241
32308102 5627507 -225
32308102 5627404 -175
32308102 5627325 -125
32308102 5627267 -75
32308102 5627850 -2727
32308102 5627850 -330
32308102 5627823 -325
32308102 5627639 -275
32308102 5628150 -2727
32308102 5628150 -369
32308102 5628450 -2727
32308102 5628450 -365
32308102 5628750 -2727
32308102 5628699 -325
32307894 5628750 -275
32308102 5628750 -316
32308102 5629050 -2727
32308102 5628919 -275
32308040 5629050 -225
32308102 5629050 -239
32307833 5629050 -175
32308102 5629350 -2727
32308102 5629116 -225
32308102 5629326 -175
32307812 5629350 -125
32308102 5629350 -168
32308102 5629650 -2727
32307944 5629650 -125
32308102 5629650 -131
32308102 5629950 -2727
32307807 5629950 -225
32308102 5629950 -181
32308102 5629914 -175
32308102 5630250 -2726
32307885 5630250 -325
32307985 5630250 -275
32308079 5630250 -225
32308102 5630250 -212
32308097 5630550 -2775
32308102 5630545 -2775
32308102 5630550 -2775
32307840 5630550 -475
32307931 5630550 -425
32308021 5630550 -375
32308102 5630550 -330
32308102 5630535 -325
32308102 5630407 -275
32308102 5630280 -225
32308095 5630850 -2775
32308102 5630850 -2776
32307883 5630850 -525
32308009 5630850 -475
32308102 5630850 -438
32308102 5630816 -425
32308102 5630680 -375
32308102 5631150 -2776
32307802 5631150 -725
32307911 5631150 -675
32308013 5631150 -625
32308102 5631150 -578
32308102 5631142 -575
32308102 5631041 -525
32308102 5630933 -475
32308102 5631450 -2776
32307869 5631450 -875
32307981 5631450 -825
32308084 5631450 -775
32308102 5631450 -766
32308102 5631383 -725
32308102 5631303 -675
32308102 5631223 -625
32308098 5631750 -2825
32308102 5631746 -2825
32308102 5631750 -2825
32307972 5631750 -1125
32308102 5631750 -1173
32308102 5631711 -1125
32308102 5631673 -1075
32307828 5631750 -1075
32308102 5631634 -1025
32308102 5631597 -975
32308102 5631695 -925
32308102 5631615 -875
32308102 5631537 -825
32308102 5631462 -775
32308099 5632050 -2825
32308102 5632050 -2825
32307843 5632050 -1375
32308081 5632050 -1325
32308102 5632050 -1320
32308102 5631953 -1275
32308102 5631851 -1225
32308102 5631753 -1175
32308099 5632350 -2825
32308102 5632350 -2825
32308102 5632350 -1431
32308102 5632330 -1425
32308102 5632193 -1375
32308102 5632061 -1325
32308102 5632353 -2825
32308102 5632650 -2775
32308102 5632650 -1505
32308102 5632524 -1475
32308100 5632950 -2775
32308102 5632950 -2775
32307808 5632950 -2125
32308102 5632950 -1539
32308102 5632821 -1525
32308102 5632952 -2775
32308100 5633250 -2725
32308102 5633250 -2725
32308102 5633250 -2155
32308102 5633236 -2125
32308102 5633213 -2075
32307849 5633250 -2025
32308102 5633250 -2068
32307873 5633250 -1975
32308102 5633021 -1525
32308102 5633250 -1477
32308102 5633251 -2725
32308100 5633550 -2675
32308102 5633550 -2675
32308084 5633550 -2125
32308102 5633550 -2127
32308102 5633502 -2025
32308102 5633479 -1975
32308102 5633460 -1925
32307901 5633550 -1875
32308102 5633550 -1909
32307924 5633550 -1825
32308102 5633268 -1475
32308034 5633550 -1425
32308102 5633550 -1434
32308102 5633551 -2675
32308100 5633850 -2625
32308102 5633850 -2625
32307863 5633850 -2375
32308102 5633850 -2414
32308102 5633808 -2375
32307842 5633850 -2325
32308102 5633850 -2368
32308102 5633563 -2125
32308102 5633838 -2075
32307822 5633850 -2025
32308102 5633850 -2072
32308102 5633756 -1875
32308102 5633733 -1825
32308102 5633710 -1775
32307937 5633850 -1725
32308102 5633850 -1752
32307960 5633850 -1675
32308102 5633588 -1425
32308102 5633777 -1375
32307961 5633850 -1325
32308102 5633850 -1355
32308102 5633851 -2625
32308102 5633851 -2575
32308101 5634150 -2525
32308102 5634150 -2525
32308102 5634023 -2375
32308102 5634150 -2345
32308102 5634127 -2325
32307997 5634150 -2325
32308102 5634072 -2275
32307865 5634150 -2225
32308102 5634150 -2263
32307917 5634150 -2175
32308102 5634036 -2025
32308005 5634150 -1975
32308102 5634150 -1994
32308102 5634022 -1725
32308102 5633999 -1675
32308102 5633975 -1625
32307960 5634150 -1575
32308102 5634150 -1597
32307982 5634150 -1525
32308102 5633933 -1325
32308102 5634067 -1275
32308036 5634150 -1225
32308102 5634150 -1242
32307856 5634150 -1175
32308102 5634151 -2525
32308102 5634153 -2475
32308101 5634450 -2425
32308102 5634450 -2425
32308102 5634221 -2325
32308102 5634391 -2275
32307955 5634450 -2225
32308102 5634450 -2257
32308102 5634412 -2225
32308102 5634355 -2175
32307877 5634450 -2125
32308102 5634450 -2160
32307921 5634450 -2075
32308102 5634212 -1975
32308102 5634367 -1925
32308005 5634450 -1875
32308102 5634450 -1897
32308102 5634299 -1575
32308102 5634276 -1525
32308102 5634254 -1475
32308102 5634231 -1425
32307995 5634450 -1375
32308102 5634450 -1391
32308016 5634450 -1325
32308102 5634192 -1225
32308102 5634306 -1175
32308102 5634416 -1125
32307988 5634450 -1075
32308102 5634450 -1109
32307827 5634450 -1025
32308102 5634451 -2425
32308101 5634750 -2375
32308102 5634750 -2375
32308101 5634750 -2325
32308102 5634546 -2225
32308102 5634692 -2175
32307979 5634750 -2125
32308102 5634750 -2155
32308102 5634710 -2125
32308102 5634655 -2075
32308102 5634597 -2025
32307911 5634750 -1975
32308102 5634750 -2004
32307962 5634750 -1925
32308102 5634512 -1875
32308102 5634649 -1825
32308052 5634750 -1775
32308102 5634750 -1787
32307859 5634750 -1725
32308102 5634562 -1375
32308102 5634540 -1325
32308102 5634519 -1275
32308102 5634497 -1225
32308027 5634750 -1175
32308102 5634750 -1186
32308046 5634750 -1125
32308102 5634530 -1075
32308066 5634750 -1075
32308102 5634646 -1025
32308086 5634750 -975
32308102 5634750 -979
32307912 5634750 -925
32308102 5634751 -2375
32308102 5634751 -2325
32308102 5634750 -2275
32308101 5635050 -2225
32308102 5635050 -2225
32308102 5634829 -2125
32308102 5634962 -2075
32308039 5635050 -2025
32308102 5635050 -2041
32308102 5634970 -1975
32307852 5635050 -1975
32308102 5634910 -1925
32308102 5634851 -1875
32307944 5635050 -1825
32308102 5635050 -1848
32308102 5634783 -1775
32307996 5635050 -1775
32308102 5634911 -1725
32308102 5635041 -1675
32307931 5635050 -1625
32308102 5635050 -1671
32308102 5634827 -1175
32308102 5634807 -1125
32308102 5634787 -1075
32308102 5634767 -1025
32308102 5634764 -975
32308102 5635050 -980
32308069 5635050 -975
32308084 5635050 -925
32308102 5634910 -925
32308058 5634783 -963
32308102 5635050 -880
32308102 5635051 -2225
32308102 5635050 -2175
32308100 5635350 -2125
32308102 5635350 -2125
32307984 5635350 -2075
32308102 5635090 -2025
32308102 5635213 -1975
32308102 5635336 -1925
32307946 5635350 -1875
32308102 5635350 -1919
32308102 5635233 -1825
32308102 5635173 -1775
32308102 5635113 -1725
32308012 5635350 -1675
32308102 5635350 -1687
32308102 5635165 -1625
32308024 5635350 -1625
32308102 5635291 -1575
32308077 5635350 -1575
32308009 5635350 -1525
32308102 5635350 -1552
32307838 5635350 -1475
32308102 5635082 -975
32308102 5635067 -925
32308102 5635351 -2125
32308102 5635351 -2075
32308102 5635350 -2025
32308101 5635650 -1975
32308102 5635650 -1975
32308102 5635452 -1875
32308102 5635566 -1825
32308058 5635650 -1775
32308102 5635650 -1788
32307896 5635650 -1725
32308102 5635461 -1675
32308102 5635441 -1625
32308102 5635378 -1575
32308045 5635650 -1475
32308102 5635528 -1475
32308102 5635650 -1483
32308102 5635646 -1425
32308100 5635650 -1425
32307951 5635650 -1375
32308102 5635650 -1423
32308102 5635651 -1975
32308102 5635650 -1925
32308102 5635650 -1875
32308101 5635950 -1825
32308102 5635950 -1825
32308102 5635678 -1775
32308102 5635783 -1725
32308102 5635887 -1675
32308043 5635950 -1625
32308102 5635950 -1644
32307896 5635950 -1575
32308102 5635720 -1475
32308102 5635652 -1425
32307832 5635950 -1175
32308102 5635951 -1825
32308102 5635950 -1775
32308102 5635950 -1725
32308101 5636250 -1675
32308102 5636250 -1675
32308102 5635987 -1625
32308101 5636250 -1625
32308102 5636081 -1575
32308102 5636173 -1525
32308079 5636250 -1475
32308102 5636250 -1483
32307944 5636250 -1425
32307812 5636250 -1375
32308102 5636251 -1675
32308102 5636250 -1625
32308102 5636250 -1575
32308100 5636550 -1525
32308102 5636550 -1525
32308102 5636264 -1475
32308101 5636550 -1475
32308102 5636349 -1425
32308102 5636433 -1375
32308102 5636516 -1325
32308028 5636550 -1275
32308102 5636550 -1303
32307901 5636550 -1225
32308102 5636551 -1525
32308102 5636551 -1475
32308102 5636550 -1425
32308102 5636550 -1375
32308101 5636850 -1325
32308102 5636850 -1325
32308102 5636596 -1275
32308101 5636850 -1275
32308102 5636675 -1225
32308102 5636754 -1175
32308102 5636831 -1125
32308006 5636850 -1075
32308102 5636850 -1112
32307881 5636850 -1025
32308102 5636851 -1325
32308102 5636851 -1275
32308102 5636850 -1225
32308102 5636850 -1175
32308101 5637150 -1125
32308102 5637150 -1125
32308102 5636907 -1075
32308101 5637150 -1075
32308100 5637150 -1025
32308102 5636983 -1025
32308102 5637059 -975
32308102 5637134 -925
32308006 5637150 -875
32308102 5637150 -914
32307885 5637150 -825
32308102 5637151 -1125
32308102 5637150 -1075
32308102 5637150 -1025
32308102 5637150 -975
32308102 5637150 -925
32308102 5637206 -875
32308102 5637450 -875
32308101 5637450 -875
32308101 5637450 -825
32308102 5637276 -825
32308102 5637346 -775
32308102 5637414 -725
32308055 5637450 -675
32308102 5637450 -698
32307957 5637450 -625
32307865 5637450 -575
32308102 5637451 -875
32308102 5637450 -825
32308102 5637450 -775
32308102 5637450 -725
32308102 5637480 -675
32308102 5637750 -675
32308101 5637750 -675
32308101 5637750 -625
32308102 5637545 -625
32308101 5637750 -575
32308102 5637609 -575
32308102 5637675 -525
32308102 5637740 -475
32308031 5637750 -425
32308102 5637750 -468
32307953 5637750 -375
32307880 5637750 -325
32307810 5637750 -275
32308102 5637751 -675
32308102 5637750 -625
32308102 5637750 -575
32308102 5637750 -525
32308102 5637750 -475
32308102 5637798 -425
32308102 5638050 -425
32308101 5638050 -425
32308101 5638050 -375
32308102 5637852 -375
32308101 5638050 -325
32308102 5637904 -325
32308102 5637955 -275
32308102 5638005 -225
32308095 5638050 -175
32308102 5638050 -179
32308012 5638050 -125
32307929 5638050 -75
32307846 5638050 -25
32308102 5638051 -425
32308102 5638050 -375
32308102 5638050 -325
32308102 5638050 -275
32308102 5638050 -225
32308102 5638054 -175
32308102 5638350 -175
32308100 5638350 -175
32308101 5638350 -125
32308102 5638103 -125
32308101 5638350 -75
32308102 5638152 -75
32308102 5638201 -25
32308102 5638252 25
32308102 5638302 75
32308093 5638350 125
32308102 5638350 120
32307994 5638350 175
32307898 5638350 225
32307804 5638350 275
32308102 5638351 -175
32308102 5638351 -125
32308102 5638350 -75
32308102 5638350 -25
32308102 5638350 25
32308100 5638650 75
32308102 5638650 74
32308102 5638355 125
32308101 5638650 125
32308101 5638650 175
32308102 5638412 175
32308102 5638469 225
32308102 5638524 275
32308102 5638580 325
32308102 5638634 375
32308037 5638650 425
32308102 5638650 389
32307948 5638650 475
32308102 5638651 75
32308102 5638651 125
32308102 5638651 175
32308102 5638650 225
32308102 5638650 275
32308102 5638650 325
32308101 5638950 375
32308102 5638950 374
32308102 5638689 425
32308101 5638950 425
32308101 5638950 475
32308102 5638743 475
32308102 5638951 375
32308102 5638951 425
32308102 5638950 475
32308403 5623650 -2729
32308403 5623950 -2728
32308403 5624250 -2728
32308403 5624550 -2728
32308403 5624850 -2728
32308403 5625150 -2728
32308403 5625450 -2728
32308403 5625750 -2727
32308403 5626050 -2727
32308403 5626350 -2727
32308403 5626650 -2727
32308403 5626950 -2727
32308109 5626950 75
32308149 5626950 125
32308181 5626950 175
32308205 5626950 225
32308223 5626950 275
32308234 5626950 325
32308241 5626950 375
32308243 5626950 425
32308241 5626950 475
32308403 5627250 -2727
32308151 5627250 -25
32308237 5627250 25
32308350 5627250 75
32308403 5627250 93
32308403 5627223 125
32308403 5627189 175
32308403 5627164 225
32308403 5627146 275
32308403 5627134 325
32308403 5627128 375
32308403 5627126 425
32308403 5627128 475
32308403 5627550 -2727
32308133 5627550 -225
32308217 5627550 -175
32308291 5627550 -125
32308357 5627550 -75
32308403 5627550 -33
32308403 5627528 -25
32308403 5627416 25
32308403 5627296 75
32308403 5627850 -2727
32308114 5627850 -325
32308208 5627850 -275
32308289 5627850 -225
32308358 5627850 -175
32308403 5627850 -137
32308403 5627800 -125
32308403 5627641 -75
32308403 5628150 -2727
32308212 5628150 -325
32308317 5628150 -275
32308403 5628150 -225
32308403 5628145 -225
32308403 5627957 -175
32308403 5628450 -2727
32308284 5628450 -325
32308403 5628450 -294
32308403 5628355 -275
32308403 5628750 -2727
32308403 5628750 -318
32308403 5629050 -2727
32308271 5629050 -275
32308403 5629050 -302
32308403 5629350 -2727
32308403 5629219 -275
32308305 5629350 -225
32308403 5629350 -251
32308124 5629350 -175
32308403 5629650 -2727
32308403 5629499 -225
32308311 5629650 -175
32308403 5629650 -194
32308403 5629950 -2727
32308121 5629950 -175
32308403 5629704 -175
32308403 5629836 -125
32308272 5629950 -125
32308403 5629950 -77
32308403 5630250 -2727
32308232 5630250 -175
32308377 5630250 -125
32308403 5630250 -114
32308403 5630544 -2775
32308403 5630550 -2775
32308121 5630550 -325
32308285 5630550 -275
32308403 5630550 -235
32308403 5630519 -225
32308403 5630389 -175
32308403 5630271 -125
32308403 5630850 -2776
32308143 5630850 -425
32308296 5630850 -375
32308403 5630850 -340
32308403 5630805 -325
32308403 5630662 -275
32308403 5631150 -2776
32308111 5631150 -575
32308227 5631150 -525
32308339 5631150 -475
32308403 5631150 -445
32308403 5631097 -425
32308403 5630958 -375
32308396 5631450 -2825
32308403 5631443 -2825
32308403 5631450 -2826
32308391 5631450 -875
32308403 5631450 -879
32308403 5631446 -875
32308403 5631411 -825
32308263 5631450 -825
32308403 5631450 -811
32308192 5631450 -725
32308296 5631450 -675
32308392 5631450 -625
32308403 5631450 -619
32308403 5631375 -575
32308403 5631290 -525
32308403 5631202 -475
32308403 5631750 -2826
32308251 5631750 -1125
32308392 5631750 -1075
32308403 5631750 -1070
32308403 5631675 -1025
32308403 5631595 -975
32308403 5631518 -925
32308403 5631545 -775
32308403 5631515 -725
32308403 5631484 -675
32308403 5631453 -625
32308400 5632050 -2875
32308403 5632046 -2875
32308403 5632050 -2875
32308283 5632050 -1275
32308403 5632050 -1242
32308403 5632017 -1225
32308403 5631927 -1175
32308403 5631840 -1125
32308403 5631756 -1075
32308403 5632053 -2875
32308403 5632350 -2825
32308144 5632350 -1425
32308403 5632350 -1379
32308403 5632340 -1375
32308403 5632226 -1325
32308403 5632118 -1275
32308400 5632650 -2825
32308403 5632650 -2825
32308206 5632650 -1475
32308403 5632650 -1448
32308403 5632487 -1425
32308403 5632652 -2825
32308403 5632950 -2775
32308172 5632950 -1525
32308400 5632950 -1475
32308403 5632950 -1474
32308401 5633250 -2775
32308403 5633250 -2775
32308321 5633250 -2175
32308403 5633250 -2182
32308403 5633246 -2175
32308116 5633250 -2125
32308403 5633250 -2174
32308140 5633250 -2075
32308403 5632961 -1475
32308403 5633250 -1493
32308403 5633251 -2775
32308401 5633550 -2725
32308403 5633550 -2725
32308403 5633381 -2175
32308403 5633531 -2125
32308403 5633550 -2165
32308403 5633508 -2075
32308403 5633487 -2025
32308174 5633550 -1975
32308403 5633550 -2013
32308193 5633550 -1925
32308403 5633519 -1475
32308403 5633550 -1472
32308403 5633551 -2725
32308403 5633558 -2675
32308403 5633850 -2626
32308143 5633850 -2375
32308403 5633834 -2125
32308114 5633850 -2075
32308403 5633850 -2122
32308403 5633781 -1975
32308403 5633758 -1925
32308195 5633850 -1875
32308403 5633850 -1909
32308217 5633850 -1825
32308240 5633850 -1775
32308403 5633797 -1425
32308201 5633850 -1375
32308403 5633850 -1414
32308403 5633851 -2625
32308402 5634150 -2575
32308403 5634150 -2575
32308403 5634120 -2375
32308256 5634150 -2375
32308403 5634150 -2402
32308403 5634069 -2325
32308176 5634150 -2275
32308403 5634150 -2312
32308403 5634064 -2075
32308251 5634150 -2025
32308403 5634150 -2055
32308403 5634064 -1875
32308403 5634041 -1825
32308403 5634018 -1775
32308403 5633994 -1725
32308248 5634150 -1675
32308403 5634150 -1700
32308270 5634150 -1625
32308403 5633980 -1375
32308403 5634138 -1325
32308223 5634150 -1275
32308403 5634150 -1321
32308403 5634151 -2575
32308403 5634188 -2525
32308399 5634450 -2475
32308403 5634450 -2482
32308403 5634255 -2375
32308403 5634441 -2325
32308337 5634411 -2317
32308403 5634396 -2275
32308181 5634450 -2275
32308403 5634450 -2322
32308403 5634340 -2225
32308188 5634450 -2175
32308403 5634450 -2208
32308403 5634254 -2025
32308403 5634423 -1975
32308219 5634450 -1925
32308403 5634450 -1967
32308403 5634312 -1675
32308403 5634289 -1625
32308403 5634266 -1575
32308267 5634450 -1525
32308403 5634450 -1546
32308288 5634450 -1475
32308310 5634450 -1425
32308403 5634268 -1275
32308403 5634391 -1225
32308318 5634450 -1175
32308403 5634450 -1200
32308152 5634450 -1125
32308403 5634451 -2475
32308402 5634750 -2425
32308403 5634750 -2425
32308403 5634599 -2275
32308397 5634750 -2225
32308403 5634750 -2226
32308403 5634690 -2175
32308186 5634750 -2175
32308188 5634689 -2155
32308403 5634632 -2125
32308204 5634750 -2075
32308403 5634750 -2105
32308237 5634750 -2025
32308403 5634572 -1925
32308403 5634716 -1875
32308250 5634750 -1825
32308403 5634750 -1863
32308403 5634593 -1525
32308403 5634570 -1475
32308403 5634548 -1425
32308403 5634526 -1375
32308301 5634750 -1325
32308403 5634750 -1341
32308321 5634750 -1275
32308341 5634750 -1225
32308403 5634508 -1175
32308403 5634623 -1125
32308403 5634734 -1075
32308256 5634750 -1025
32308403 5634750 -1067
32308403 5634751 -2425
32308403 5634751 -2375
32308402 5635050 -2325
32308403 5635050 -2325
32308402 5635050 -2275
32308403 5634753 -2225
32308403 5634892 -2175
32308403 5635029 -2125
32308303 5634979 -2111
32308403 5634985 -2075
32308234 5635050 -2075
32308403 5635050 -2117
32308403 5634939 -2025
32308403 5634880 -1975
32308224 5635050 -1925
32308403 5635050 -1952
32308275 5635050 -1875
32308403 5634851 -1825
32308403 5634983 -1775
32308307 5635050 -1725
32308403 5635050 -1749
32308114 5635050 -1675
32308403 5634856 -1325
32308403 5634835 -1275
32308403 5634814 -1225
32308403 5634793 -1175
32308336 5635050 -1125
32308403 5635050 -1135
32308356 5635050 -1075
32308403 5634860 -1025
32308375 5635050 -1025
32308403 5634992 -975
32308181 5634811 -983
32308288 5635050 -925
32308403 5635050 -953
32308403 5635051 -2325
32308403 5635051 -2275
32308403 5635050 -2225
32308402 5635350 -2175
32308403 5635350 -2175
32308403 5635158 -2075
32308403 5635285 -2025
32308311 5635350 -1975
32308403 5635350 -1999
32308403 5635259 -1925
32308122 5635350 -1925
32308403 5635198 -1875
32308403 5635138 -1825
32308403 5635097 -1775
32308315 5635114 -1747
32308403 5635112 -1725
32308403 5635350 -1745
32308307 5635350 -1725
32308403 5635238 -1675
32308378 5635350 -1625
32308403 5635350 -1631
32308189 5635350 -1575
32308403 5635119 -1125
32308403 5635098 -1075
32308403 5635078 -1025
32308403 5635058 -975
32308403 5635350 -875
32308401 5635350 -875
32308403 5635327 -875
32308403 5635350 -869
32308403 5635351 -2175
32308403 5635350 -2125
32308402 5635650 -2075
32308403 5635650 -2075
32308402 5635650 -2025
32308403 5635407 -1975
32308403 5635525 -1925
32308403 5635643 -1875
32308233 5635650 -1825
32308403 5635650 -1872
32308403 5635464 -1725
32308403 5635403 -1675
32308331 5635650 -1575
32308403 5635484 -1575
32308403 5635650 -1585
32308403 5635605 -1525
32308384 5635650 -1525
32308288 5635650 -1475
32308403 5635650 -1506
32308107 5635650 -1425
32308403 5635352 -875
32308403 5635651 -2075
32308403 5635651 -2025
32308403 5635650 -1975
32308402 5635950 -1925
32308403 5635950 -1925
32308402 5635950 -1875
32308403 5635752 -1825
32308403 5635860 -1775
32308374 5635950 -1725
32308403 5635950 -1733
32308205 5635950 -1675
32308403 5635740 -1575
32308403 5635673 -1525
32308403 5635950 -1376
32308394 5635950 -1375
32308403 5635931 -1375
32308403 5635950 -1366
32308403 5635951 -1925
32308403 5635950 -1875
32308403 5635950 -1825
32308402 5636250 -1775
32308403 5636250 -1775
32308403 5635966 -1725
32308402 5636250 -1725
32308403 5636064 -1675
32308403 5636161 -1625
32308392 5636250 -1575
32308403 5636250 -1578
32308233 5636250 -1525
32308403 5635962 -1375
32308403 5636251 -1775
32308403 5636250 -1725
32308403 5636250 -1675
32308402 5636550 -1625
32308403 5636550 -1625
32308403 5636256 -1575
32308402 5636550 -1575
32308403 5636344 -1525
32308403 5636430 -1475
32308403 5636515 -1425
32308314 5636550 -1375
32308403 5636550 -1404
32308164 5636550 -1325
32308403 5636551 -1625
32308403 5636551 -1575
32308403 5636550 -1525
32308403 5636550 -1475
32308402 5636850 -1425
32308403 5636850 -1425
32308403 5636597 -1375
32308402 5636850 -1375
32308403 5636677 -1325
32308403 5636756 -1275
32308403 5636833 -1225
32308288 5636850 -1175
32308403 5636850 -1213
32308138 5636850 -1125
32308403 5636851 -1425
32308403 5636851 -1375
32308403 5636850 -1325
32308403 5636850 -1275
32308402 5637150 -1225
32308403 5637150 -1225
32308403 5636909 -1175
32308402 5637150 -1175
32308403 5636985 -1125
32308403 5637059 -1075
32308403 5637133 -1025
32308287 5637150 -975
32308403 5637150 -1013
32308135 5637150 -925
32308403 5637151 -1225
32308403 5637150 -1175
32308403 5637150 -1125
32308403 5637150 -1075
32308402 5637450 -1025
32308403 5637450 -1025
32308403 5637207 -975
32308402 5637450 -975
32308402 5637450 -925
32308403 5637282 -925
32308403 5637356 -875
32308403 5637429 -825
32308306 5637450 -775
32308403 5637450 -811
32308173 5637450 -725
32308403 5637451 -1025
32308403 5637450 -975
32308403 5637450 -925
32308403 5637450 -875
32308403 5637450 -825
32308403 5637502 -775
32308403 5637750 -775
32308402 5637750 -775
32308402 5637750 -725
32308403 5637574 -725
32308403 5637646 -675
32308403 5637719 -625
32308337 5637750 -575
32308403 5637750 -604
32308226 5637750 -525
32308117 5637750 -475
32308403 5637750 -775
32308403 5637750 -725
32308403 5637750 -675
32308403 5637750 -625
32308403 5637785 -575
32308403 5638050 -575
32308402 5638050 -575
32308402 5638050 -525
32308403 5637844 -525
32308402 5638050 -475
32308403 5637901 -475
32308403 5637956 -425
32308403 5638009 -375
32308382 5638050 -325
32308403 5638050 -335
32308285 5638050 -275
32308189 5638050 -225
32308403 5638051 -575
32308403 5638050 -525
32308403 5638050 -475
32308403 5638050 -425
32308403 5638050 -375
32308403 5638060 -325
32308403 5638350 -325
32308402 5638350 -325
32308402 5638350 -275
32308403 5638109 -275
32308402 5638350 -225
32308403 5638157 -225
32308403 5638206 -175
32308403 5638255 -125
32308403 5638306 -75
32308387 5638350 -25
32308403 5638350 -32
32308287 5638350 25
32308189 5638350 75
32308403 5638351 -325
32308403 5638351 -275
32308403 5638351 -225
32308403 5638350 -175
32308403 5638350 -125
32308402 5638650 -75
32308403 5638650 -75
32308403 5638359 -25
32308402 5638650 -25
32308402 5638650 25
32308403 5638421 25
32308403 5638481 75
32308403 5638540 125
32308403 5638598 175
32308394 5638650 225
32308403 5638650 219
32308303 5638650 275
32308215 5638650 325
32308127 5638650 375
32308403 5638651 -75
32308403 5638651 -25
32308403 5638650 25
32308403 5638650 75
32308403 5638650 125
32308403 5638650 175
32308403 5638658 225
32308403 5638950 224
32308402 5638950 225
32308403 5638950 275
32308403 5638742 275
32308403 5638950 325
32308403 5638823 325
32308403 5638902 375
32308380 5638950 425
32308403 5638950 405
32308323 5638950 475
32308403 5638950 225
32308403 5638950 275
32308403 5638950 325
32308403 5638950 375
32308402 5639250 475
32308403 5639024 475
32308403 5639250 474
32308403 5639250 475
32308704 5623650 -2729
32308704 5623950 -2729
32308704 5624250 -2728
32308704 5624550 -2728
32308704 5624850 -2728
32308704 5625150 -2728
32308704 5625450 -2728
32308704 5625750 -2728
32308704 5626050 -2727
32308704 5626350 -2727
32308704 5626650 -2727
32308704 5626950 -2727
32308704 5627250 -2727
32308439 5627250 125
32308488 5627250 175
32308526 5627250 225
32308552 5627250 275
32308565 5627250 325
32308568 5627250 375
32308562 5627250 425
32308551 5627250 475
32308704 5627550 -2727
32308416 5627550 -25
32308491 5627550 25
32308585 5627550 75
32308704 5627550 121
32308704 5627544 125
32308704 5627481 175
32308704 5627444 225
32308704 5627414 275
32308704 5627393 325
32308704 5627387 375
32308704 5627391 425
32308704 5627402 475
32308704 5627850 -2727
32308415 5627850 -125
32308460 5627850 -75
32308500 5627850 -25
32308536 5627850 25
32308571 5627850 75
32308704 5627557 125
32308604 5627850 125
32308640 5627850 175
32308704 5627645 175
32308678 5627850 225
32308704 5627745 225
32308704 5627850 255
32308704 5628150 -2727
32308404 5628150 -225
32308458 5628150 -175
32308502 5628150 -125
32308540 5628150 -75
32308573 5628150 -25
32308603 5628150 25
32308633 5628150 75
32308665 5628150 125
32308699 5628150 175
32308704 5628150 181
32308704 5627952 225
32308704 5628450 -2727
32308444 5628450 -275
32308535 5628450 -225
32308604 5628450 -175
32308659 5628450 -125
32308704 5628450 -75
32308704 5628450 -74
32308704 5628391 -25
32308704 5628334 25
32308704 5628276 75
32308704 5628217 125
32308704 5628157 175
32308704 5628750 -2727
32308704 5628750 -290
32308704 5628720 -275
32308704 5628634 -225
32308704 5628563 -175
32308704 5628503 -125
32308704 5628450 -75
32308704 5629050 -2727
32308544 5629050 -325
32308704 5629050 -352
32308704 5628911 -325
32308704 5629350 -2727
32308654 5629350 -325
32308704 5629350 -339
32308484 5629350 -275
32308704 5629650 -2727
32308704 5629443 -325
32308660 5629650 -275
32308704 5629650 -288
32308704 5629613 -225
32308704 5629650 -252
32308704 5629650 -207
32308704 5629950 -2726
32308704 5629679 -275
32308704 5629792 -175
32308643 5629950 -125
32308704 5629950 -136
32308703 5630250 -2775
32308704 5630248 -2775
32308704 5630250 -2775
32308704 5630006 -125
32308704 5630217 -75
32308650 5630250 -75
32308704 5630250 -66
32308704 5630550 -2777
32308435 5630550 -225
32308566 5630550 -175
32308680 5630550 -125
32308704 5630550 -113
32308704 5630307 -75
32308704 5630850 -2776
32308456 5630850 -325
32308623 5630850 -275
32308704 5630850 -249
32308704 5630789 -225
32308704 5630674 -175
32308704 5630572 -125
32308697 5631150 -2825
32308704 5631143 -2825
32308704 5631150 -2826
32308636 5631150 -575
32308704 5631150 -612
32308704 5631120 -575
32308704 5631150 -565
32308470 5631150 -425
32308636 5631150 -375
32308704 5631150 -355
32308704 5631068 -325
32308704 5630925 -275
32308704 5631450 -2844
32308417 5631450 -875
32308556 5631450 -825
32308618 5631450 -725
32308704 5631450 -768
32308704 5631369 -725
32308704 5631273 -675
32308517 5631450 -675
32308704 5631174 -625
32308415 5631450 -625
32308704 5631278 -525
32308704 5631241 -475
32308704 5631204 -425
32308704 5631165 -375
32308700 5631750 -2875
32308704 5631667 -2875
32308704 5631750 -2875
32308536 5631750 -1025
32308669 5631750 -975
32308704 5631750 -960
32308704 5631693 -925
32308704 5631614 -875
32308704 5631537 -825
32308704 5631460 -775
32308704 5632050 -2875
32308467 5632050 -1225
32308637 5632050 -1175
32308704 5632050 -1153
32308704 5632003 -1125
32308704 5631923 -1075
32308704 5631845 -1025
32308704 5631770 -975
32308701 5632350 -2875
32308704 5632350 -2875
32308414 5632350 -1375
32308533 5632350 -1325
32308704 5632350 -1292
32308704 5632266 -1275
32308704 5632174 -1225
32308704 5632086 -1175
32308704 5632352 -2875
32308704 5632650 -2825
32308563 5632650 -1425
32308704 5632650 -1376
32308704 5632647 -1375
32308704 5632526 -1325
32308702 5632950 -2825
32308704 5632950 -2825
32308704 5632950 -1461
32308704 5632817 -1425
32308704 5632952 -2825
32308704 5633250 -2775
32308406 5633250 -2175
32308704 5633250 -1504
32308704 5633040 -1475
32308704 5633251 -2775
32308704 5633550 -2725
32308704 5633537 -2175
32308480 5633550 -2175
32308704 5633550 -2202
32308704 5633515 -2125
32308446 5633550 -2075
32308704 5633550 -2118
32308468 5633550 -2025
32308422 5633550 -1475
32308704 5633550 -1505
32308704 5633551 -2725
32308696 5633850 -2675
32308704 5633850 -2675
32308704 5633805 -2175
32308417 5633850 -2125
32308704 5633850 -2170
32308704 5633806 -2075
32308704 5633783 -2025
32308499 5633850 -1975
32308704 5633850 -2009
32308496 5633850 -1925
32308704 5633793 -1475
32308461 5633850 -1425
32308704 5633850 -1467
32308704 5633851 -2675
32308703 5634150 -2625
32308704 5634150 -2625
32308523 5634150 -2425
32308704 5634150 -2458
32308704 5634115 -2425
32308432 5634150 -2375
32308704 5634150 -2419
32308482 5634150 -2325
32308704 5634087 -2125
32308505 5634150 -2075
32308704 5634150 -2112
32308704 5634059 -1975
32308704 5634062 -1925
32308704 5634038 -1875
32308543 5634150 -1825
32308704 5634150 -1851
32308532 5634150 -1775
32308555 5634150 -1725
32308704 5634022 -1425
32308630 5634150 -1375
32308704 5634150 -1392
32308418 5634150 -1325
32308704 5634151 -2625
32308704 5634150 -2575
32308662 5634450 -2525
32308704 5634450 -2525
32308704 5634286 -2425
32308704 5634450 -2384
32308704 5634439 -2375
32308656 5634450 -2375
32308463 5634423 -2337
32308704 5634383 -2325
32308414 5634450 -2325
32308704 5634450 -2314
32308455 5634450 -2275
32308505 5634450 -2225
32308704 5634293 -2075
32308668 5634450 -2025
32308704 5634450 -2032
32308439 5634450 -1975
32308704 5634319 -1825
32308704 5634328 -1775
32308704 5634304 -1725
32308704 5634281 -1675
32308557 5634450 -1625
32308704 5634450 -1648
32308579 5634450 -1575
32308704 5634199 -1375
32308704 5634339 -1325
32308673 5634450 -1275
32308704 5634450 -1283
32308491 5634450 -1225
32308704 5634451 -2525
32308703 5634750 -2475
32308704 5634750 -2475
32308704 5634483 -2375
32308704 5634648 -2325
32308704 5634750 -2294
32308704 5634726 -2275
32308619 5634750 -2275
32308704 5634670 -2225
32308704 5634613 -2175
32308509 5634750 -2125
32308704 5634750 -2155
32308704 5634474 -2025
32308704 5634627 -1975
32308664 5634750 -1925
32308704 5634750 -1934
32308453 5634750 -1875
32308704 5634604 -1625
32308704 5634581 -1575
32308704 5634559 -1525
32308579 5634750 -1475
32308704 5634750 -1495
32308594 5634750 -1425
32308615 5634750 -1375
32308704 5634470 -1275
32308704 5634587 -1225
32308704 5634700 -1175
32308606 5634750 -1125
32308704 5634750 -1152
32308428 5634750 -1075
32308704 5634751 -2475
32308704 5634750 -2425
32308703 5635050 -2375
32308704 5635050 -2375
32308704 5634805 -2275
32308704 5634948 -2225
32308644 5635050 -2175
32308704 5635050 -2189
32308704 5634973 -2125
32308434 5635050 -2125
32308704 5634914 -2075
32308704 5634855 -2025
32308551 5635050 -1975
32308704 5635050 -1998
32308704 5634775 -1925
32308704 5634911 -1875
32308704 5635045 -1825
32308507 5635050 -1775
32308704 5635050 -1823
32308704 5634883 -1475
32308704 5634866 -1425
32308704 5634844 -1375
32308704 5634823 -1325
32308637 5635050 -1275
32308704 5635050 -1285
32308626 5635050 -1225
32308646 5635050 -1175
32308704 5634814 -1125
32308704 5634930 -1075
32308704 5635045 -1025
32308498 5635050 -975
32308704 5635050 -1023
32308704 5635051 -2375
32308704 5635050 -2325
32308703 5635350 -2275
32308704 5635350 -2275
32308703 5635350 -2225
32308704 5635086 -2175
32308704 5635216 -2125
32308704 5635345 -2075
32308508 5635350 -2025
32308704 5635350 -2073
32308704 5635230 -1975
32308704 5635170 -1925
32308704 5635111 -1875
32308583 5635350 -1825
32308704 5635350 -1843
32308704 5635171 -1775
32308601 5635350 -1775
32308704 5635297 -1725
32308583 5635350 -1675
32308704 5635350 -1704
32308704 5635122 -1275
32308704 5635132 -1225
32308704 5635111 -1175
32308704 5635090 -1125
32308704 5635070 -1075
32308663 5635350 -1025
32308704 5635350 -1031
32308704 5635187 -975
32308683 5635350 -975
32308704 5635340 -925
32308703 5635350 -925
32308438 5635350 -875
32308704 5635350 -921
32308704 5635351 -2275
32308704 5635351 -2225
32308704 5635350 -2175
32308703 5635650 -2125
32308704 5635650 -2125
32308704 5635465 -2025
32308704 5635585 -1975
32308614 5635650 -1925
32308704 5635650 -1947
32308414 5635650 -1875
32308704 5635497 -1825
32308704 5635435 -1775
32308704 5635374 -1725
32308704 5635419 -1675
32308704 5635650 -1689
32308607 5635650 -1675
32308704 5635539 -1625
32308658 5635650 -1625
32308686 5635650 -1575
32308704 5635650 -1579
32308479 5635650 -1525
32308704 5635393 -1025
32308704 5635372 -975
32308704 5635351 -925
32308704 5635651 -2125
32308704 5635650 -2075
32308704 5635722 -2025
32308703 5635950 -1975
32308704 5635950 -1995
32308704 5635700 -1925
32308704 5635810 -1875
32308704 5635920 -1825
32308564 5635950 -1775
32308704 5635950 -1811
32308704 5635772 -1675
32308704 5635708 -1625
32308704 5635950 -1480
32308671 5635950 -1475
32308704 5635877 -1475
32308704 5635950 -1441
32308437 5635950 -1375
32308704 5635951 -1975
32308704 5635950 -1925
32308703 5636250 -1875
32308704 5636250 -1875
32308703 5636250 -1825
32308704 5636023 -1775
32308704 5636122 -1725
32308704 5636221 -1675
32308575 5636250 -1625
32308704 5636250 -1660
32308704 5635996 -1475
32308704 5636251 -1875
32308704 5636251 -1825
32308704 5636250 -1775
32308704 5636250 -1725
32308703 5636550 -1675
32308704 5636550 -1675
32308704 5636313 -1625
32308704 5636403 -1575
32308704 5636490 -1525
32308651 5636550 -1475
32308704 5636550 -1490
32308476 5636550 -1425
32308704 5636551 -1675
32308704 5636550 -1625
32308704 5636550 -1575
32308703 5636850 -1525
32308704 5636850 -1525
32308704 5636584 -1475
32308704 5636850 -1475
32308704 5636695 -1425
32308704 5636736 -1375
32308704 5636813 -1325
32308615 5636850 -1275
32308704 5636850 -1301
32308442 5636850 -1225
32308702 5636850 -875
32308704 5636845 -875
32308704 5636850 -875
32308704 5636850 -871
32308704 5636851 -1525
32308704 5636850 -1475
32308704 5636850 -1425
32308704 5636850 -1375
32308703 5637150 -1325
32308704 5637150 -1325
32308704 5636904 -1275
32308704 5637150 -1275
32308704 5637007 -1225
32308704 5637107 -1175
32308644 5637150 -1125
32308704 5637150 -1153
32308536 5637150 -1075
32308443 5637150 -1025
32308704 5636854 -875
32308704 5637151 -1325
32308704 5637150 -1275
32308704 5637150 -1225
32308704 5637150 -1175
32308704 5637193 -1125
32308704 5637450 -1125
32308703 5637450 -1125
32308704 5637450 -1075
32308704 5637268 -1075
32308704 5637302 -1025
32308704 5637404 -975
32308646 5637450 -925
32308704 5637450 -952
32308541 5637450 -875
32308433 5637450 -825
32308704 5637450 -1125
32308704 5637450 -1075
32308704 5637450 -1025
32308704 5637450 -975
32308704 5637491 -925
32308704 5637750 -925
32308703 5637750 -925
32308704 5637750 -875
32308704 5637567 -875
32308703 5637750 -825
32308704 5637643 -825
32308704 5637719 -775
32308645 5637750 -725
32308704 5637750 -755
32308546 5637750 -675
32308446 5637750 -625
32308704 5637750 -925
32308704 5637750 -875
32308704 5637750 -825
32308704 5637750 -775
32308704 5638050 -675
32308704 5637861 -675
32308704 5638050 -675
32308704 5638050 -625
32308704 5637929 -625
32308704 5637996 -575
32308690 5638050 -525
32308704 5638050 -534
32308613 5638050 -475
32308536 5638050 -425
32308461 5638050 -375
32308704 5638050 -675
32308704 5638050 -625
32308704 5638050 -575
32308704 5638350 -425
32308704 5638178 -425
32308704 5638350 -431
32308704 5638350 -375
32308704 5638236 -375
32308704 5638293 -325
32308704 5638350 -275
32308704 5638350 -275
32308643 5638350 -225
32308581 5638350 -175
32308519 5638350 -125
32308457 5638350 -75
32308704 5638350 -425
32308704 5638350 -375
32308704 5638350 -325
32308704 5638650 -175
32308704 5638476 -175
32308704 5638650 -175
32308704 5638650 -125
32308704 5638538 -125
32308704 5638598 -75
32308696 5638650 -25
32308704 5638650 -31
32308638 5638650 25
32308579 5638650 75
32308519 5638650 125
32308458 5638650 175
32308704 5638650 -175
32308704 5638650 -125
32308704 5638650 -75
32308704 5638950 75
32308704 5638827 75
32308704 5638950 74
32308704 5638950 125
32308704 5638908 125
32308704 5638950 150
32308616 5638950 225
32308557 5638950 275
32308498 5638950 325
32308439 5638950 375
32308704 5638950 75
32308704 5638950 125
32308704 5639250 325
32308704 5639138 325
32308704 5639250 324
32308704 5639250 375
32308704 5639192 375
32308704 5639245 425
32308704 5639250 425
32308651 5639250 475
32308704 5639250 429
32308704 5639250 325
32308704 5639250 375
32308704 5639250 425
32309006 5623650 -2729
32309006 5623950 -2729
32309006 5624250 -2728
32309006 5624550 -2728
32309006 5624850 -2728
32309006 5625150 -2728
32309006 5625450 -2728
32309006 5625750 -2728
32309006 5626050 -2728
32309006 5626350 -2727
32309006 5626650 -2727
32309006 5626950 -2727
32309006 5627250 -2727
32309006 5627550 -2727
32308707 5627550 125
32308741 5627550 175
32308761 5627550 225
32308779 5627550 275
32308793 5627550 325
32308798 5627550 375
32308799 5627550 425
32308795 5627550 475
32309006 5627850 -2727
32308766 5627850 275
32308898 5627850 325
32308986 5627850 375
32309006 5627850 392
32309006 5627831 425
32309006 5627814 475
32309006 5628150 -2727
32309006 5628150 210
32309006 5628111 225
32309006 5627987 275
32309006 5627906 325
32309006 5627859 375
32309006 5628450 -2727
32308999 5628450 -125
32309006 5628450 -125
32309006 5628449 -125
32309006 5628396 -75
32308707 5628450 -75
32309006 5628348 -25
32309006 5628304 25
32309006 5628260 75
32309006 5628218 125
32309006 5628177 175
32309006 5628750 -2727
32308899 5628750 -325
32309006 5628750 -342
32309006 5628718 -325
32309006 5628637 -275
32309006 5628566 -225
32309006 5628504 -175
32309006 5629050 -2727
32308796 5629050 -375
32309006 5629050 -424
32309006 5628865 -375
32309006 5629350 -2727
32308971 5629350 -425
32309006 5629350 -435
32309006 5629058 -425
32308811 5629350 -375
32309006 5629650 -2726
32309006 5629379 -425
32309006 5629511 -375
32309006 5629607 -325
32309006 5629650 -317
32308750 5629650 -225
32309006 5629950 -2726
32309006 5629781 -275
32309006 5629919 -225
32308854 5629950 -175
32309006 5629950 -212
32309006 5630239 -2775
32309006 5630250 -2776
32309006 5630037 -175
32309006 5630139 -125
32309006 5630227 -75
32309006 5630250 -61
32309006 5630550 -2776
32308807 5630550 -75
32309006 5630417 -25
32308929 5630550 -25
32309006 5630550 8
32308999 5630850 -2825
32309006 5630843 -2825
32309006 5630850 -2826
32308926 5630850 -375
32309006 5630850 -424
32309006 5630810 -375
32309006 5630774 -325
32308846 5630850 -325
32309006 5630850 -302
32308793 5630850 -225
32308957 5630850 -175
32309006 5630850 -159
32309006 5630778 -125
32309006 5630685 -75
32309006 5630601 -25
32308998 5631150 -2875
32309006 5631142 -2875
32309006 5631150 -2876
32308883 5631150 -575
32308968 5631150 -525
32309006 5631150 -549
32309006 5631089 -525
32309006 5630967 -475
32308890 5631150 -475
32309006 5630850 -425
32308812 5631150 -425
32308735 5631150 -375
32309006 5630934 -275
32309006 5630897 -225
32309006 5630861 -175
32308887 5631450 -2875
32309006 5631450 -2876
32308848 5631450 -725
32309006 5631450 -675
32309006 5631449 -675
32309006 5631336 -625
32309006 5631216 -575
32309006 5631750 -2876
32308809 5631750 -925
32308944 5631750 -875
32309006 5631750 -850
32309006 5631707 -825
32309006 5631623 -775
32309006 5631537 -725
32309006 5632050 -2875
32308756 5632050 -1125
32308962 5632050 -1075
32309006 5632050 -1060
32309006 5631997 -1025
32309006 5631923 -975
32309006 5631852 -925
32309006 5631783 -875
32309006 5632350 -2875
32308801 5632350 -1275
32308906 5632350 -1225
32309005 5632350 -1175
32309006 5632350 -1174
32309006 5632271 -1125
32309006 5632086 -1075
32309006 5632383 -2875
32309006 5632650 -2829
32308714 5632650 -1375
32309006 5632650 -1335
32309006 5632629 -1325
32309006 5632530 -1275
32309006 5632438 -1225
32309006 5632350 -1175
32309006 5632950 -2825
32309006 5632950 -1447
32309006 5632886 -1425
32309006 5632751 -1375
32309005 5633250 -2825
32309006 5633250 -2825
32309006 5633250 -1512
32309006 5633073 -1475
32309006 5633250 -2825
32309004 5633550 -2775
32309006 5633550 -2775
32308898 5633550 -2225
32309006 5633550 -2237
32309006 5633544 -2225
32308717 5633550 -2175
32309006 5633550 -2224
32308740 5633550 -2125
32308908 5633550 -1525
32309006 5633550 -1534
32309006 5633419 -1525
32309006 5633551 -2775
32309004 5633850 -2725
32309006 5633850 -2725
32309006 5633718 -2225
32309006 5633850 -2215
32309006 5633831 -2175
32308736 5633850 -2175
32309006 5633809 -2125
32309006 5633787 -2075
32308772 5633850 -2025
32309006 5633850 -2064
32309006 5633690 -1525
32308751 5633850 -1475
32309006 5633850 -1514
32309006 5633851 -2725
32309004 5634150 -2675
32309006 5634150 -2675
32308801 5634150 -2475
32309006 5634150 -2510
32309006 5634113 -2475
32308739 5634150 -2425
32309006 5634150 -2468
32309006 5634099 -2175
32308772 5634150 -2125
32309006 5634150 -2166
32309006 5634084 -2025
32309006 5634061 -1975
32309006 5634038 -1925
32308815 5634150 -1875
32309006 5634150 -1906
32309006 5634051 -1475
32308859 5634150 -1425
32309006 5634150 -1455
32309006 5634151 -2675
32309006 5634150 -2625
32309005 5634450 -2575
32309006 5634450 -2575
32309006 5634310 -2475
32309006 5634450 -2443
32309006 5634429 -2425
32308910 5634450 -2425
32309006 5634375 -2375
32308767 5634450 -2325
32309006 5634450 -2363
32309006 5634324 -2125
32308910 5634450 -2075
32309006 5634450 -2094
32309006 5634346 -1875
32309006 5634322 -1825
32309006 5634299 -1775
32308845 5634450 -1725
32309006 5634450 -1751
32308867 5634450 -1675
32309006 5634248 -1425
32309006 5634403 -1375
32308867 5634450 -1325
32309006 5634450 -1359
32309006 5634450 -2575
32309004 5634750 -2525
32309006 5634750 -2525
32309006 5634515 -2425
32309006 5634690 -2375
32308850 5634750 -2325
32309006 5634750 -2357
32309006 5634712 -2325
32309006 5634655 -2275
32309006 5634686 -2225
32308828 5634750 -2175
32309006 5634750 -2216
32309006 5634513 -2075
32309006 5634674 -2025
32308886 5634750 -1975
32309006 5634750 -2001
32309006 5634619 -1725
32309006 5634595 -1675
32309006 5634572 -1625
32308863 5634750 -1575
32309006 5634750 -1597
32308885 5634750 -1525
32309006 5634535 -1325
32309006 5634655 -1275
32308974 5634750 -1225
32309006 5634750 -1233
32308787 5634750 -1175
32309006 5634751 -2525
32309006 5634750 -2475
32309004 5635050 -2425
32309006 5635050 -2425
32309006 5634847 -2325
32309006 5634995 -2275
32308865 5635050 -2225
32309006 5635050 -2256
32309006 5634954 -2175
32309006 5634895 -2125
32308822 5635050 -2075
32309006 5635050 -2103
32308872 5635050 -2025
32309006 5634823 -1975
32309006 5634960 -1925
32308931 5635050 -1875
32309006 5635050 -1892
32308712 5635050 -1825
32309006 5634901 -1575
32309006 5634879 -1525
32309006 5634856 -1475
32309006 5634834 -1425
32308896 5635050 -1375
32309006 5635050 -1392
32308916 5635050 -1325
32309006 5634768 -1225
32309006 5634879 -1175
32309006 5634986 -1125
32308923 5635050 -1075
32309006 5635050 -1094
32308712 5635050 -1025
32309006 5635051 -2425
32309006 5635050 -2375
32309004 5635350 -2325
32309006 5635350 -2325
32309006 5635133 -2225
32309006 5635264 -2175
32308930 5635350 -2125
32309006 5635350 -2142
32309006 5635268 -2075
32308712 5635350 -2075
32309006 5635208 -2025
32309006 5635148 -1975
32308855 5635350 -1925
32309006 5635350 -1948
32309006 5635093 -1875
32308905 5635350 -1875
32309006 5635218 -1825
32309006 5635343 -1775
32308796 5635350 -1725
32309006 5635350 -1772
32309006 5635167 -1375
32309006 5635145 -1325
32309006 5635124 -1275
32309006 5635103 -1225
32308928 5635350 -1175
32309006 5635350 -1187
32308947 5635350 -1125
32309006 5635097 -1075
32308967 5635350 -1075
32309006 5635218 -1025
32309006 5635344 -975
32308723 5635350 -925
32309006 5635350 -972
32309006 5635351 -2325
32309006 5635350 -2275
32309006 5635354 -2225
32309005 5635650 -2175
32309006 5635650 -2176
32309006 5635415 -2125
32309006 5635605 -2075
32309006 5635632 -2025
32308822 5635650 -1975
32309006 5635650 -2017
32309006 5635535 -1925
32309006 5635474 -1875
32309006 5635413 -1825
32308878 5635650 -1775
32309006 5635650 -1794
32309006 5635461 -1725
32308928 5635650 -1725
32309006 5635579 -1675
32308914 5635650 -1625
32309006 5635650 -1645
32309006 5635434 -1175
32309006 5635412 -1125
32309006 5635391 -1075
32309006 5635371 -1025
32309006 5635350 -975
32309006 5635485 -925
32309006 5635650 -928
32308984 5635650 -925
32309006 5635640 -875
32309004 5635650 -875
32309006 5635650 -872
32309006 5635650 -2175
32309006 5635650 -2125
32309005 5635950 -2075
32309006 5635950 -2075
32308921 5635950 -2025
32309006 5635794 -1975
32308996 5635950 -1925
32309006 5635950 -1928
32308868 5635950 -1875
32308739 5635950 -1825
32309006 5635786 -1775
32309006 5635750 -1725
32309006 5635687 -1675
32309006 5635950 -1585
32308940 5635950 -1575
32309006 5635802 -1575
32308989 5635950 -1525
32309006 5635912 -1525
32308857 5635950 -1475
32309006 5635950 -1507
32309006 5635674 -925
32309006 5635651 -875
32309006 5635951 -2075
32309006 5635950 -2025
32309006 5635950 -1975
32309006 5635958 -1925
32309006 5636250 -1925
32309005 5636250 -1925
32309006 5636060 -1875
32309006 5636161 -1825
32308990 5636250 -1775
32309006 5636250 -1781
32308866 5636250 -1725
32308741 5636250 -1675
32309006 5636024 -1575
32309006 5635968 -1525
32309006 5636250 -1428
32308977 5636250 -1425
32309006 5636180 -1425
32308983 5636250 -1375
32309006 5636205 -1375
32309006 5636250 -1351
32309006 5636250 -1925
32309006 5636250 -1875
32309006 5636250 -1825
32309006 5636261 -1775
32309006 5636550 -1775
32309004 5636550 -1775
32309005 5636550 -1725
32309006 5636354 -1725
32309006 5636445 -1675
32309006 5636535 -1625
32308906 5636550 -1575
32309006 5636550 -1616
32308787 5636550 -1525
32309006 5636285 -1425
32309006 5636277 -1375
32308998 5636550 -1225
32309006 5636534 -1225
32309006 5636550 -1226
32309006 5636550 -1217
32309006 5636551 -1775
32309006 5636550 -1725
32309006 5636550 -1675
32309004 5636850 -1625
32309006 5636850 -1625
32309006 5636620 -1575
32309005 5636850 -1575
32309006 5636703 -1525
32309006 5636785 -1475
32308972 5636850 -1425
32309006 5636850 -1434
32308872 5636850 -1375
32308759 5636850 -1325
32309006 5636560 -1225
32308712 5636850 -875
32309006 5636851 -1625
32309006 5636850 -1575
32309006 5636850 -1525
32309006 5636850 -1475
32309006 5636864 -1425
32309006 5637150 -1425
32309004 5637150 -1425
32309005 5637150 -1375
32309006 5636942 -1375
32309006 5637018 -1325
32309006 5637092 -1275
32308966 5637150 -1225
32309006 5637150 -1235
32308784 5637150 -1175
32309005 5637150 -775
32309006 5637148 -775
32309006 5637150 -775
32309006 5637150 -773
32309006 5637151 -1425
32309006 5637150 -1375
32309006 5637150 -1325
32309006 5637150 -1275
32309006 5637166 -1225
32309006 5637450 -1225
32309004 5637450 -1225
32309005 5637450 -1175
32309006 5637241 -1175
32309006 5637316 -1125
32309006 5637389 -1075
32308975 5637450 -1025
32309006 5637450 -1033
32308789 5637450 -975
32309006 5637151 -775
32309006 5637451 -1225
32309006 5637450 -1175
32309006 5637450 -1125
32309006 5637450 -1075
32309006 5637463 -1025
32309006 5637750 -1025
32309004 5637750 -1025
32309005 5637750 -975
32309006 5637540 -975
32309006 5637618 -925
32309006 5637696 -875
32308949 5637750 -825
32309006 5637750 -841
32308774 5637750 -775
32309006 5637751 -1025
32309006 5637750 -975
32309006 5637750 -925
32309006 5637750 -875
32309006 5637776 -825
32309006 5638050 -825
32309005 5638050 -825
32309005 5638050 -775
32309006 5637855 -775
32309006 5637935 -725
32309005 5638050 -725
32309006 5638017 -675
32308929 5638050 -625
32309006 5638050 -655
32308804 5638050 -575
32309006 5638050 -825
32309006 5638050 -775
32309006 5638050 -725
32309006 5638050 -675
32309005 5638350 -575
32309006 5638165 -575
32309006 5638350 -575
32309006 5638235 -525
32309005 5638350 -525
32308996 5638350 -475
32309006 5638304 -475
32308976 5638350 -425
32309006 5638350 -441
32308884 5638350 -375
32308794 5638350 -325
32309006 5638350 -575
32309006 5638350 -525
32309006 5638350 -475
32309005 5638650 -325
32309006 5638502 -325
32309006 5638650 -325
32309006 5638566 -275
32309005 5638650 -275
32309005 5638650 -225
32309006 5638629 -225
32308948 5638650 -175
32309006 5638650 -208
32308863 5638650 -125
32308758 5638650 -75
32309006 5638650 -325
32309006 5638650 -275
32309006 5638650 -225
32309005 5638950 -75
32309006 5638894 -75
32309006 5638950 -75
32309006 5638950 -29
32308830 5638950 75
32308747 5638950 125
32309006 5638950 -75
32309006 5639250 174
32309005 5639250 175
32309006 5639176 175
32309005 5639250 225
32309006 5639231 225
32309006 5639250 241
32308870 5639250 325
32308790 5639250 375
32308711 5639250 425
32309006 5639250 175
32309006 5639250 225
32309005 5639550 425
32309006 5639449 425
32309006 5639550 424
32309006 5639503 475
32309005 5639550 475
32309006 5639550 425
32309006 5639550 475
32309307 5623650 -2729
32309307 5623950 -2729
32309307 5624250 -2729
32309307 5624550 -2728
32309307 5624850 -2728
32309307 5625150 -2728
32309307 5625450 -2728
32309307 5625750 -2728
32309307 5626050 -2728
32309307 5626350 -2728
32309307 5626650 -2727
32309307 5626950 -2727
32309307 5627250 -2727
32309307 5627550 -2727
32309307 5627850 -2727
32309021 5627850 425
32309036 5627850 475
32309307 5628150 -2727
32309289 5628150 25
32309307 5628150 14
32309307 5628139 25
32309307 5628100 75
32309217 5628150 75
32309307 5628071 125
32309149 5628150 125
32309307 5628052 175
32309074 5628150 175
32309307 5628040 225
32309307 5628032 275
32309307 5628028 325
32309307 5628024 375
32309307 5628022 425
32309307 5628021 475
32309307 5628450 -2727
32309293 5628450 -225
32309307 5628450 -228
32309307 5628444 -225
32309307 5628369 -175
32309130 5628450 -175
32309307 5628301 -125
32309307 5628240 -75
32309307 5628186 -25
32309307 5628750 -2727
32309284 5628750 -375
32309307 5628750 -377
32309307 5628744 -375
32309307 5628640 -325
32309307 5628540 -275
32309307 5629050 -2727
32309307 5629050 -398
32309307 5629350 -2727
32309307 5629350 -428
32309307 5629313 -425
32309307 5629650 -2727
32309307 5629393 -425
32309213 5629650 -375
32309307 5629650 -400
32309033 5629650 -325
32309307 5629950 -2727
32309307 5629733 -375
32309307 5629876 -325
32309231 5629950 -275
32309307 5629950 -296
32309050 5629950 -225
32309307 5630237 -2775
32309307 5630250 -2777
32309307 5629990 -275
32309307 5630078 -225
32309307 5630154 -175
32309307 5630224 -125
32309099 5630250 -75
32309307 5630250 -105
32309295 5630550 -2825
32309307 5630537 -2825
32309307 5630550 -2827
32309297 5630550 -275
32309307 5630550 -285
32309307 5630535 -275
32309307 5630463 -225
32309250 5630550 -225
32309307 5630382 -175
32309201 5630550 -175
32309307 5630550 -147
32309307 5630312 -75
32309307 5630405 -25
32309098 5630550 25
32309307 5630490 25
32309307 5630550 62
32309307 5630850 -2827
32309303 5630850 -375
32309307 5630850 -374
32309307 5630670 -325
32309177 5630850 -275
32309106 5630850 -225
32309030 5630850 -175
32309307 5630620 -125
32309307 5630636 -75
32309307 5630605 -25
32309307 5630573 25
32309307 5631143 -2875
32309307 5631150 -2876
32309161 5631150 -525
32309307 5631150 -501
32309307 5631079 -475
32309307 5630958 -425
32309307 5630851 -375
32309307 5631450 -2876
32309006 5631450 -675
32309219 5631450 -625
32309307 5631450 -603
32309307 5631370 -575
32309307 5631222 -525
32309307 5631750 -2875
32309047 5631750 -825
32309126 5631750 -775
32309307 5631750 -734
32309307 5631698 -725
32309307 5631601 -675
32309307 5631497 -625
32309307 5632050 -2875
32309067 5632050 -1025
32309150 5632050 -975
32309228 5632050 -925
32309302 5632050 -875
32309307 5632050 -871
32309307 5631986 -825
32309307 5631916 -775
32309307 5632350 -2875
32309226 5632350 -1125
32309307 5632350 -1105
32309307 5632307 -1075
32309307 5632239 -1025
32309307 5632174 -975
32309307 5632112 -925
32309307 5632054 -875
32309279 5632650 -2875
32309307 5632650 -2875
32309087 5632650 -1325
32309307 5632650 -1295
32309307 5632613 -1275
32309307 5632530 -1225
32309307 5632451 -1175
32309307 5632377 -1125
32309307 5632652 -2875
32309307 5632950 -2825
32309307 5632950 -1432
32309307 5632931 -1425
32309307 5632816 -1375
32309307 5632709 -1325
32309307 5633250 -2825
32309307 5633250 -1518
32309307 5633091 -1475
32309307 5633251 -2825
32309307 5633550 -2775
32309011 5633550 -2225
32309307 5633550 -1558
32309307 5633294 -1525
32309307 5633551 -2775
32309307 5633850 -2725
32309307 5633835 -2225
32309077 5633850 -2225
32309307 5633850 -2257
32309307 5633813 -2175
32309047 5633850 -2125
32309307 5633850 -2168
32309071 5633850 -2075
32309083 5633850 -1525
32309307 5633850 -1555
32309307 5633850 -2725
32309307 5634150 -2675
32309093 5634150 -2525
32309307 5634150 -2560
32309307 5634114 -2525
32309042 5634150 -2475
32309307 5634150 -2518
32309307 5634087 -2225
32309055 5634150 -2175
32309307 5634150 -2216
32309307 5634107 -2125
32309307 5634084 -2075
32309307 5634062 -2025
32309095 5634150 -1975
32309307 5634150 -2010
32309118 5634150 -1925
32309307 5634055 -1525
32309111 5634150 -1475
32309307 5634150 -1510
32309307 5634150 -2675
32309306 5634450 -2625
32309307 5634450 -2625
32309307 5634320 -2525
32309307 5634450 -2498
32309307 5634425 -2475
32309179 5634450 -2475
32309307 5634371 -2425
32309077 5634450 -2375
32309307 5634450 -2412
32309307 5634341 -2175
32309167 5634450 -2125
32309307 5634450 -2151
32309307 5634366 -1975
32309307 5634343 -1925
32309307 5634320 -1875
32309129 5634450 -1825
32309307 5634450 -1854
32309152 5634450 -1775
32309307 5634282 -1475
32309294 5634450 -1425
32309307 5634450 -1427
32309072 5634450 -1375
32309307 5634450 -2625
32309307 5634450 -2575
32309307 5634750 -2525
32309307 5634636 -2475
32309202 5634750 -2425
32309307 5634750 -2460
32309307 5634702 -2375
32309092 5634750 -2375
32309307 5634646 -2325
32309091 5634750 -2275
32309307 5634750 -2309
32309060 5634750 -2225
32309307 5634540 -2125
32309307 5634711 -2075
32309120 5634750 -2025
32309307 5634750 -2063
32309307 5634636 -1825
32309307 5634613 -1775
32309307 5634589 -1725
32309151 5634750 -1675
32309307 5634750 -1700
32309173 5634750 -1625
32309307 5634457 -1425
32309307 5634588 -1375
32309307 5634713 -1325
32309167 5634750 -1275
32309307 5634750 -1309
32309307 5634750 -2525
32309306 5635050 -2475
32309307 5635050 -2475
32309307 5634861 -2425
32309307 5634986 -2375
32309198 5635050 -2325
32309307 5635050 -2363
32309307 5634961 -2275
32309058 5635050 -2275
32309307 5634911 -2225
32309307 5634861 -2175
32309163 5635050 -2125
32309307 5635050 -2144
32309307 5634859 -2025
32309307 5635000 -1975
32309158 5635050 -1925
32309307 5635050 -1956
32309307 5634916 -1675
32309307 5634893 -1625
32309307 5634870 -1575
32309307 5634847 -1525
32309185 5635050 -1475
32309307 5635050 -1494
32309205 5635050 -1425
32309307 5634827 -1275
32309307 5634933 -1225
32309307 5635036 -1175
32309129 5635050 -1125
32309307 5635050 -1168
32309307 5635050 -2475
32309307 5635050 -2425
32309306 5635350 -2375
32309307 5635350 -2375
32309307 5635155 -2325
32309307 5635289 -2275
32309232 5635350 -2225
32309307 5635350 -2252
32309095 5635350 -2175
32309307 5635196 -2125
32309307 5635169 -2075
32309144 5635350 -2025
32309307 5635350 -2046
32309202 5635350 -1975
32309307 5635182 -1925
32309282 5635350 -1875
32309307 5635350 -1884
32309151 5635350 -1825
32309018 5635350 -1775
32309307 5635182 -1475
32309307 5635160 -1425
32309307 5635138 -1375
32309307 5635116 -1325
32309213 5635350 -1275
32309307 5635350 -1290
32309232 5635350 -1225
32309307 5635142 -1125
32309307 5635249 -1075
32309293 5635350 -1025
32309307 5635350 -1027
32309018 5635350 -975
32309307 5635350 -2375
32309307 5635350 -2325
32309306 5635650 -2275
32309307 5635650 -2275
32309307 5635417 -2225
32309302 5635650 -2225
32309307 5635539 -2175
32309286 5635650 -2125
32309307 5635650 -2129
32309059 5635650 -2075
32309307 5635521 -2025
32309025 5635650 -2025
32309307 5635460 -1975
32309307 5635399 -1925
32309307 5635371 -1875
32309307 5635650 -1893
32309172 5635650 -1875
32309229 5635650 -1825
32309307 5635485 -1825
32309242 5635405 -1860
32309307 5635578 -1775
32309224 5635650 -1725
32309307 5635650 -1755
32309088 5635650 -1675
32309307 5635452 -1275
32309307 5635431 -1225
32309307 5635410 -1175
32309307 5635389 -1125
32309307 5635368 -1075
32309307 5635356 -1025
32309307 5635650 -1032
32309262 5635650 -1025
32309282 5635650 -975
32309307 5635478 -975
32309150 5635358 -998
32309307 5635607 -925
32309029 5635650 -875
32309307 5635650 -909
32309307 5635651 -2275
32309307 5635650 -2225
32309307 5635650 -2175
32309307 5635660 -2125
32309307 5635950 -2125
32309306 5635950 -2125
32309307 5635773 -2075
32309307 5635886 -2025
32309212 5635950 -1975
32309307 5635950 -1996
32309307 5635797 -1875
32309307 5635735 -1825
32309307 5635673 -1775
32309243 5635950 -1675
32309307 5635825 -1675
32309307 5635950 -1683
32309307 5635934 -1625
32309299 5635950 -1625
32309191 5635950 -1575
32309307 5635950 -1617
32309053 5635950 -1525
32309307 5635700 -1025
32309307 5635678 -975
32309307 5635656 -925
32309307 5635950 -2125
32309307 5635950 -2075
32309306 5636250 -2025
32309307 5636250 -2025
32309307 5635994 -1975
32309306 5636250 -1975
32309307 5636098 -1925
32309307 5636202 -1875
32309194 5636250 -1825
32309307 5636250 -1851
32309307 5636023 -1675
32309307 5635958 -1625
32309251 5636250 -1525
32309307 5636134 -1525
32309307 5636250 -1533
32309307 5636232 -1475
32309298 5636250 -1475
32309122 5636250 -1425
32309307 5636250 -1465
32309069 5636250 -1375
32309307 5636251 -2025
32309307 5636250 -1975
32309307 5636250 -1925
32309306 5636550 -1875
32309307 5636550 -1875
32309307 5636300 -1825
32309306 5636550 -1825
32309307 5636395 -1775
32309307 5636489 -1725
32309239 5636550 -1675
32309307 5636550 -1691
32309038 5636550 -1625
32309307 5636329 -1525
32309307 5636262 -1475
32309307 5636550 -1329
32309276 5636550 -1325
32309307 5636493 -1325
32309307 5636550 -1290
32309035 5636550 -1225
32309307 5636551 -1875
32309307 5636550 -1825
32309307 5636550 -1775
32309305 5636850 -1725
32309307 5636850 -1725
32309307 5636579 -1675
32309306 5636850 -1675
32309307 5636666 -1625
32309307 5636750 -1575
32309307 5636833 -1525
32309159 5636850 -1475
32309307 5636850 -1514
32309307 5636596 -1325
32309275 5636850 -1125
32309307 5636797 -1125
32309307 5636850 -1129
32309307 5636850 -1087
32309307 5636851 -1725
32309307 5636850 -1675
32309307 5636850 -1625
32309307 5636850 -1575
32309306 5637150 -1525
32309307 5637150 -1525
32309307 5636914 -1475
32309306 5637150 -1475
32309307 5636992 -1425
32309307 5637069 -1375
32309307 5637145 -1325
32309144 5637150 -1275
32309307 5637150 -1321
32309307 5636898 -1125
32309294 5637150 -875
32309307 5637129 -875
32309307 5637150 -876
32309307 5637150 -858
32309010 5637150 -775
32309307 5637151 -1525
32309307 5637150 -1475
32309307 5637150 -1425
32309306 5637450 -1375
32309307 5637450 -1375
32309306 5637450 -1325
32309307 5637221 -1275
32309306 5637450 -1275
32309307 5637296 -1225
32309307 5637370 -1175
32309307 5637443 -1125
32309151 5637450 -1075
32309307 5637450 -1120
32309307 5637168 -875
32309305 5637450 -625
32309307 5637447 -625
32309307 5637450 -625
32309307 5637450 -622
32309307 5637451 -1375
32309307 5637451 -1325
32309307 5637450 -1275
32309307 5637450 -1225
32309306 5637750 -1175
32309307 5637750 -1175
32309306 5637750 -1125
32309307 5637521 -1075
32309306 5637750 -1075
32309307 5637599 -1025
32309307 5637677 -975
32309293 5637750 -925
32309307 5637750 -929
32309123 5637750 -875
32309307 5637452 -625
32309307 5637750 -1175
32309307 5637751 -1125
32309307 5637750 -1075
32309307 5637750 -1025
32309307 5637750 -975
32309307 5637757 -925
32309307 5638050 -925
32309306 5638050 -925
32309306 5638050 -875
32309307 5637841 -875
32309307 5637928 -825
32309307 5638017 -775
32309213 5638050 -725
32309307 5638050 -757
32309065 5638050 -675
32309307 5638050 -925
32309307 5638050 -875
32309307 5638050 -825
32309307 5638050 -775
32309307 5638105 -725
32309307 5638350 -725
32309306 5638350 -725
32309306 5638350 -675
32309307 5638187 -675
32309307 5638270 -625
32309306 5638350 -625
32309303 5638350 -575
32309307 5638350 -576
32309191 5638350 -525
32309081 5638350 -475
32309307 5638350 -725
32309307 5638350 -675
32309307 5638350 -625
32309307 5638650 -475
32309307 5638571 -475
32309307 5638650 -475
32309307 5638650 -438
32309158 5638650 -325
32309092 5638650 -275
32309027 5638650 -225
32309307 5638650 -475
32309307 5638950 -225
32309307 5638911 -225
32309307 5638950 -225
32309307 5638950 -193
32309088 5638950 -75
32309307 5638950 -225
32309307 5639250 -25
32309306 5639250 -25
32309307 5639149 -25
32309307 5639250 25
32309307 5639209 25
32309307 5639250 59
32309113 5639250 175
32309032 5639250 225
32309307 5639250 -25
32309307 5639250 25
32309306 5639550 225
32309307 5639447 225
32309307 5639550 224
32309307 5639505 275
32309307 5639550 275
32309307 5639550 313
32309143 5639550 425
32309070 5639550 475
32309307 5639550 225
32309307 5639550 275
32309306 5639850 475
32309307 5639726 475
32309307 5639850 474
32309608 5623650 -2730
32309608 5623950 -2729
32309608 5624250 -2729
32309608 5624550 -2729
32309608 5624850 -2728
32309608 5625150 -2728
32309608 5625450 -2728
32309608 5625750 -2728
32309608 5626050 -2728
32309608 5626350 -2728
32309608 5626650 -2728
32309608 5626950 -2727
32309608 5627250 -2727
32309608 5627550 -2727
32309608 5627850 -2727
32309608 5628150 -2727
32309320 5628150 25
32309367 5628150 75
32309401 5628150 125
32309424 5628150 175
32309439 5628150 225
32309448 5628150 275
32309453 5628150 325
32309455 5628150 375
32309456 5628150 425
32309455 5628150 475
32309608 5628450 -2727
32309317 5628450 -225
32309434 5628450 -175
32309519 5628450 -125
32309578 5628450 -75
32309608 5628450 -39
32309608 5628439 -25
32309608 5628408 25
32309608 5628450 53
32309587 5628450 75
32309595 5628450 125
32309604 5628450 175
32309608 5628450 201
32309608 5628439 225
32309608 5628412 275
32309608 5628388 325
32309608 5628370 375
32309608 5628358 425
32309608 5628350 475
32309608 5628750 -2727
32309313 5628750 -375
32309419 5628750 -325
32309508 5628750 -275
32309581 5628750 -225
32309608 5628750 -203
32309608 5628683 -175
32309608 5628582 -125
32309608 5628498 -75
32309608 5628482 75
32309608 5628469 125
32309608 5628456 175
32309608 5629050 -2727
32309451 5629050 -375
32309608 5629050 -343
32309608 5629005 -325
32309608 5628894 -275
32309608 5628791 -225
32309608 5629350 -2727
32309597 5629350 -425
32309608 5629350 -424
32309608 5629162 -375
32309608 5629650 -2727
32309608 5629650 -449
32309461 5629650 -425
32309608 5629352 -425
32309596 5629950 -2775
32309608 5629938 -2775
32309608 5629950 -2776
32309571 5629950 -575
32309608 5629950 -613
32309608 5629885 -575
32309608 5629950 -563
32309608 5629783 -425
32309555 5629950 -375
32309608 5629950 -391
32309396 5629950 -325
32309598 5630250 -2825
32309608 5630240 -2825
32309608 5630250 -2826
32309608 5630072 -575
32309586 5630250 -475
32309608 5630250 -504
32309608 5630185 -475
32309608 5630055 -425
32309548 5630250 -425
32309510 5630250 -375
32309472 5630250 -325
32309434 5630250 -275
32309397 5630250 -225
32309359 5630250 -175
32309321 5630250 -125
32309608 5630550 -2826
32309608 5630326 -475
32309608 5630437 -425
32309608 5630527 -375
32309469 5630550 -325
32309608 5630550 -361
32309397 5630550 -125
32309415 5630550 -75
32309378 5630550 -25
32309338 5630550 25
32309608 5630850 -2852
32309608 5630850 -363
32309608 5631031 -2875
32309608 5631150 -2876
32309517 5631150 -475
32309608 5631150 -461
32309608 5631024 -425
32309608 5630878 -375
32309608 5631450 -2875
32309365 5631450 -575
32309462 5631450 -525
32309556 5631450 -475
32309608 5631450 -446
32309608 5631750 -2875
32309353 5631750 -725
32309434 5631750 -675
32309511 5631750 -625
32309586 5631750 -575
32309608 5631750 -559
32309608 5631666 -525
32309608 5631533 -475
32309608 5632050 -2875
32309479 5632050 -825
32309608 5632050 -786
32309608 5632033 -775
32309608 5631966 -725
32309608 5631900 -675
32309608 5631834 -625
32309608 5631769 -575
32309608 5632350 -2875
32309464 5632350 -1075
32309608 5632350 -1044
32309608 5632323 -1025
32309608 5632260 -975
32309608 5632200 -925
32309608 5632143 -875
32309608 5632089 -825
32309608 5632650 -2875
32309491 5632650 -1275
32309608 5632650 -1260
32309608 5632593 -1225
32309608 5632520 -1175
32309608 5632451 -1125
32309608 5632386 -1075
32309608 5632721 -2875
32309608 5632950 -2834
32309484 5632950 -1425
32309608 5632950 -1419
32309608 5632858 -1375
32309608 5632762 -1325
32309608 5632673 -1275
32309608 5633250 -2825
32309608 5633250 -1523
32309608 5633103 -1475
32309608 5632964 -1425
32309608 5633259 -2825
32309608 5633550 -2776
32309553 5633550 -1575
32309608 5633550 -1578
32309608 5633528 -1575
32309608 5633258 -1525
32309607 5633850 -2775
32309608 5633850 -2775
32309570 5633850 -2675
32309608 5633850 -2685
32309608 5633841 -2675
32309608 5633833 -2625
32309480 5633850 -2625
32309608 5633850 -2622
32309447 5633850 -2275
32309608 5633850 -2295
32309608 5633840 -2275
32309608 5633819 -2225
32309345 5633850 -2175
32309608 5633850 -2219
32309481 5633850 -1575
32309608 5633850 -1589
32309608 5633850 -2775
32309607 5634150 -2725
32309608 5634150 -2725
32309608 5633935 -2675
32309528 5634150 -2625
32309608 5634150 -2648
32309608 5634086 -2575
32309358 5634150 -2575
32309349 5634150 -2525
32309608 5634150 -2562
32309608 5634032 -2275
32309363 5634150 -2225
32309608 5634150 -2261
32309608 5634110 -2175
32309608 5634087 -2125
32309608 5634111 -2075
32309396 5634150 -2025
32309608 5634150 -2068
32309608 5633991 -1575
32309395 5634150 -1525
32309608 5634150 -1558
32309608 5634150 -2725
32309607 5634450 -2675
32309608 5634450 -2675
32309608 5634273 -2625
32309555 5634450 -2575
32309608 5634450 -2591
32309608 5634380 -2525
32309393 5634450 -2525
32309608 5634327 -2475
32309395 5634450 -2425
32309608 5634450 -2455
32309540 5634450 -2225
32309608 5634450 -2246
32309382 5634450 -2175
32309608 5634366 -2025
32309608 5634343 -1975
32309420 5634450 -1925
32309608 5634450 -1955
32309434 5634450 -1875
32309608 5634294 -1525
32309543 5634450 -1475
32309608 5634450 -1487
32309608 5634450 -2675
32309608 5634450 -2625
32309608 5634515 -2575
32309608 5634750 -2575
32309607 5634750 -2575
32309608 5634712 -2525
32309385 5634750 -2475
32309608 5634750 -2515
32309608 5634649 -2425
32309608 5634593 -2375
32309418 5634750 -2325
32309608 5634750 -2351
32309608 5634529 -2225
32309608 5634713 -2175
32309489 5634750 -2125
32309608 5634750 -2164
32309341 5634750 -2075
32309608 5634633 -1925
32309608 5634620 -1875
32309608 5634609 -1825
32309608 5634585 -1775
32309459 5634750 -1725
32309608 5634750 -1749
32309608 5634486 -1475
32309608 5634626 -1425
32309589 5634750 -1375
32309608 5634750 -1379
32309371 5634750 -1325
32309608 5634750 -2575
32309607 5635050 -2525
32309608 5635050 -2525
32309608 5634880 -2475
32309608 5635040 -2425
32309366 5635050 -2375
32309608 5635050 -2421
32309608 5634936 -2325
32309608 5634878 -2275
32309447 5635050 -2225
32309608 5635050 -2250
32309497 5635050 -2175
32309608 5634869 -2125
32309608 5635016 -2075
32309499 5635050 -2025
32309608 5635050 -2063
32309357 5635050 -1975
32309608 5634900 -1725
32309608 5634878 -1675
32309608 5634856 -1625
32309492 5635050 -1575
32309608 5635050 -1592
32309493 5635050 -1525
32309608 5634759 -1375
32309608 5634870 -1325
32309608 5634977 -1275
32309545 5635050 -1225
32309608 5635050 -1239
32309335 5635050 -1175
32309608 5635050 -2525
32309608 5635050 -2475
32309607 5635350 -2425
32309608 5635350 -2425
32309608 5635180 -2375
32309608 5635318 -2325
32309418 5635350 -2275
32309608 5635350 -2313
32309608 5635243 -2225
32309608 5635183 -2175
32309608 5635123 -2125
32309483 5635350 -2075
32309608 5635350 -2094
32309608 5635149 -2025
32309608 5635277 -1975
32309506 5635350 -1925
32309608 5635350 -1946
32309608 5635168 -1575
32309608 5635167 -1525
32309608 5635146 -1475
32309608 5635125 -1425
32309608 5635105 -1375
32309534 5635350 -1325
32309608 5635350 -1336
32309608 5635079 -1225
32309608 5635180 -1175
32309608 5635278 -1125
32309546 5635350 -1075
32309608 5635350 -1087
32309608 5635350 -2425
32309608 5635350 -2375
32309607 5635650 -2325
32309608 5635650 -2325
32309608 5635446 -2275
32309608 5635570 -2225
32309523 5635650 -2175
32309608 5635650 -2192
32309608 5635505 -2075
32309608 5635445 -2025
32309608 5635384 -1975
32309608 5635399 -1925
32309608 5635650 -1941
32309506 5635650 -1925
32309608 5635516 -1875
32309420 5635401 -1893
32309608 5635632 -1825
32309402 5635650 -1775
32309608 5635650 -1817
32309608 5635426 -1325
32309608 5635422 -1275
32309608 5635402 -1225
32309608 5635383 -1175
32309560 5635650 -1125
32309608 5635650 -1132
32309608 5635394 -1075
32309580 5635650 -1075
32309608 5635577 -1025
32309392 5635389 -1035
32309515 5635650 -975
32309608 5635650 -1005
32309424 5635650 -925
32309608 5635650 -2325
32309608 5635650 -2275
32309607 5635950 -2225
32309608 5635950 -2225
32309608 5635691 -2175
32309607 5635950 -2175
32309608 5635806 -2125
32309608 5635920 -2075
32309439 5635950 -2025
32309608 5635950 -2061
32309608 5635780 -1925
32309608 5635719 -1875
32309608 5635658 -1825
32309608 5635743 -1775
32309608 5635950 -1789
32309520 5635950 -1775
32309608 5635852 -1725
32309567 5635950 -1725
32309582 5635950 -1675
32309608 5635950 -1680
32309341 5635950 -1625
32309608 5635699 -1125
32309608 5635678 -1075
32309608 5635657 -1025
32309608 5635951 -2225
32309608 5635950 -2175
32309608 5635950 -2125
32309607 5636250 -2075
32309608 5636250 -2075
32309608 5636029 -2025
32309608 5636135 -1975
32309608 5636240 -1925
32309409 5636250 -1875
32309608 5636250 -1920
32309608 5636067 -1775
32309608 5636005 -1725
32309522 5636250 -1625
32309608 5636063 -1625
32309608 5636250 -1638
32309608 5636164 -1575
32309569 5636250 -1575
32309574 5636250 -1525
32309608 5636250 -1532
32309349 5636250 -1475
32309608 5636251 -2075
32309608 5636250 -2025
32309608 5636250 -1975
32309607 5636550 -1925
32309608 5636550 -1925
32309608 5636340 -1875
32309608 5636438 -1825
32309608 5636534 -1775
32309440 5636550 -1725
32309608 5636550 -1766
32309608 5636368 -1625
32309608 5636304 -1575
32309608 5636550 -1433
32309555 5636550 -1425
32309608 5636446 -1425
32309600 5636550 -1375
32309608 5636535 -1375
32309443 5636550 -1325
32309608 5636550 -1366
32309608 5636551 -1925
32309608 5636550 -1875
32309608 5636551 -1825
32309607 5636850 -1775
32309608 5636850 -1775
32309608 5636626 -1725
32309608 5636715 -1675
32309608 5636803 -1625
32309524 5636850 -1575
32309608 5636850 -1597
32309343 5636850 -1525
32309608 5636626 -1425
32309608 5636560 -1375
32309566 5636850 -1225
32309608 5636776 -1225
32309608 5636850 -1231
32309608 5636850 -1176
32309434 5636850 -1125
32309608 5636851 -1775
32309608 5636850 -1725
32309608 5636850 -1675
32309607 5637150 -1625
32309608 5637150 -1625
32309608 5636888 -1575
32309607 5637150 -1575
32309608 5636971 -1525
32309608 5637052 -1475
32309608 5637132 -1425
32309481 5637150 -1375
32309608 5637150 -1413
32309318 5637150 -1325
32309608 5636912 -1225
32309556 5637150 -1025
32309608 5637064 -1025
32309608 5637150 -1032
32309596 5637150 -975
32309608 5637130 -975
32309608 5637150 -960
32309355 5637150 -875
32309608 5637151 -1625
32309608 5637150 -1575
32309608 5637150 -1525
32309606 5637450 -1475
32309608 5637450 -1475
32309607 5637450 -1425
32309608 5637211 -1375
32309608 5637289 -1325
32309608 5637366 -1275
32309608 5637441 -1225
32309473 5637450 -1175
32309608 5637450 -1218
32309320 5637450 -1125
32309608 5637224 -1025
32309608 5637166 -975
32309576 5637450 -775
32309608 5637395 -775
32309608 5637450 -779
32309608 5637450 -730
32309313 5637450 -625
32309608 5637451 -1475
32309608 5637451 -1425
32309608 5637450 -1375
32309608 5637450 -1325
32309607 5637750 -1275
32309608 5637750 -1275
32309607 5637750 -1225
32309608 5637519 -1175
32309608 5637598 -1125
32309608 5637675 -1075
32309601 5637750 -1025
32309608 5637750 -1027
32309449 5637750 -975
32309608 5637492 -775
32309608 5637751 -1275
32309608 5637751 -1225
32309608 5637750 -1175
32309608 5637750 -1125
32309607 5638050 -1075
32309608 5638050 -1075
32309608 5637753 -1025
32309607 5638050 -1025
32309607 5638050 -975
32309608 5637838 -975
32309608 5637924 -925
32309608 5638012 -875
32309520 5638050 -825
32309608 5638050 -853
32309364 5638050 -775
32309608 5638051 -1075
32309608 5638050 -1025
32309608 5638050 -975
32309608 5638050 -925
32309607 5638350 -875
32309608 5638350 -875
32309608 5638103 -825
32309607 5638350 -825
32309607 5638350 -775
32309608 5638197 -775
32309608 5638295 -725
32309551 5638350 -675
32309608 5638350 -697
32309425 5638350 -625
32309608 5638350 -875
32309608 5638350 -825
32309608 5638350 -775
32309608 5638350 -725
32309608 5638650 -625
32309608 5638558 -625
32309608 5638650 -625
32309608 5638650 -592
32309376 5638650 -475
32309608 5638650 -625
32309608 5638950 -425
32309608 5638950 -425
32309608 5638873 -425
32309608 5638950 -375
32309608 5638933 -375
32309608 5638950 -361
32309363 5638950 -225
32309608 5638950 -425
32309608 5638950 -375
32309608 5639250 -225
32309608 5639250 -225
32309608 5639135 -225
32309608 5639203 -175
32309608 5639250 -175
32309608 5639250 -140
32309434 5639250 -25
32309359 5639250 25
32309608 5639250 -225
32309608 5639250 -175
32309608 5639550 25
32309608 5639462 25
32309608 5639550 24
32309608 5639524 75
32309608 5639550 75
32309608 5639550 96
32309431 5639550 225
32309361 5639550 275
32309608 5639550 25
32309608 5639550 75
32309608 5639850 275
32309608 5639752 275
32309608 5639850 274
32309608 5639807 325
32309608 5639850 325
32309608 5639850 363
32309462 5639850 475
32309909 5623650 -2734
32309909 5623950 -2729
32309909 5624250 -2729
32309909 5624550 -2729
32309909 5624850 -2729
32309909 5625150 -2728
32309909 5625450 -2728
32309909 5625750 -2728
32309909 5626050 -2728
32309909 5626350 -2728
32309909 5626650 -2728
32309909 5626950 -2727
32309909 5627250 -2727
32309909 5627550 -2727
32309909 5627850 -2727
32309909 5628150 -2727
32309909 5628450 -2727
32309616 5628450 -25
32309641 5628450 25
32309615 5628450 225
32309633 5628450 275
32309651 5628450 325
32309664 5628450 375
32309675 5628450 425
32309683 5628450 475
32309909 5628750 -2727
32309651 5628750 -175
32309717 5628750 -125
32309775 5628750 -75
32309825 5628750 -25
32309868 5628750 25
32309906 5628750 75
32309909 5628750 80
32309909 5628727 125
32309909 5628707 175
32309909 5628691 225
32309909 5628679 275
32309909 5628669 325
32309909 5628661 375
32309909 5628655 425
32309909 5628649 475
32309909 5629050 -2727
32309648 5629050 -325
32309737 5629050 -275
32309809 5629050 -225
32309867 5629050 -175
32309909 5629050 -131
32309909 5629040 -125
32309909 5628965 -75
32309909 5628891 -25
32309909 5628820 25
32309909 5628755 75
32309909 5629350 -2726
32309798 5629350 -375
32309909 5629350 -335
32309909 5629331 -325
32309909 5629248 -275
32309909 5629173 -225
32309909 5629104 -175
32309897 5629650 -2775
32309909 5629638 -2775
32309909 5629650 -2776
32309894 5629650 -675
32309909 5629650 -689
32309909 5629636 -675
32309909 5629589 -625
32309836 5629650 -625
32309909 5629544 -575
32309775 5629650 -575
32309909 5629499 -525
32309711 5629650 -525
32309909 5629456 -475
32309644 5629650 -475
32309909 5629547 -425
32309909 5629429 -375
32309909 5629950 -2776
32309811 5629950 -675
32309909 5629950 -706
32309647 5629950 -625
32309741 5629950 -525
32309692 5629950 -475
32309642 5629950 -425
32309909 5630238 -2825
32309909 5630250 -2826
32309909 5630131 -675
32309856 5630250 -625
32309909 5630250 -650
32309753 5630250 -575
32309650 5630250 -525
32309909 5630550 -2826
32309909 5630293 -625
32309909 5630371 -575
32309865 5630550 -525
32309909 5630550 -533
32309783 5630550 -475
32309703 5630550 -425
32309628 5630550 -375
32309909 5630850 -2826
32309909 5630594 -525
32309909 5630675 -475
32309909 5630753 -425
32309638 5630850 -375
32309909 5630850 -406
32309909 5631144 -2875
32309909 5631150 -2875
32309731 5631150 -425
32309909 5631115 -375
32309876 5631150 -375
32309909 5631150 -362
32309909 5631450 -2875
32309756 5631450 -425
32309909 5631450 -398
32309909 5631255 -375
32309909 5631750 -2875
32309781 5631750 -525
32309909 5631750 -496
32309909 5631688 -475
32309909 5631536 -425
32309909 5632050 -2875
32309670 5632050 -775
32309907 5632050 -725
32309909 5632050 -724
32309909 5631982 -675
32309909 5631915 -625
32309909 5631850 -575
32309909 5631786 -525
32309909 5632350 -2875
32309743 5632350 -1025
32309909 5632350 -998
32309909 5632321 -975
32309909 5632260 -925
32309909 5632204 -875
32309909 5632150 -825
32309909 5632099 -775
32309909 5632050 -725
32309909 5632650 -2875
32309909 5632650 -1232
32309909 5632639 -1225
32309909 5632567 -1175
32309909 5632500 -1125
32309909 5632438 -1075
32309909 5632379 -1025
32309852 5632950 -2875
32309909 5632950 -2875
32309909 5632950 -1407
32309909 5632888 -1375
32309909 5632799 -1325
32309909 5632716 -1275
32309909 5632951 -2875
32309909 5633250 -2825
32309847 5633250 -1525
32309909 5633250 -1525
32309909 5633248 -1525
32309909 5633114 -1475
32309909 5632991 -1425
32309904 5633550 -2825
32309909 5633550 -2825
32309859 5633550 -2725
32309909 5633550 -2738
32309909 5633538 -2725
32309909 5633550 -2722
32309909 5633550 -1593
32309909 5633463 -1575
32309909 5633550 -2825
32309909 5633850 -2775
32309909 5633828 -2725
32309909 5633850 -2723
32309909 5633806 -2675
32309628 5633850 -2625
32309909 5633850 -2666
32309720 5633850 -2325
32309909 5633850 -2374
32309909 5633830 -2325
32309909 5633809 -2275
32309642 5633850 -2225
32309909 5633850 -2267
32309909 5633850 -1616
32309909 5633850 -2775
32309909 5634150 -2725
32309800 5634150 -2675
32309909 5634150 -2690
32309909 5634086 -2625
32309685 5634150 -2575
32309909 5634150 -2613
32309836 5634150 -2325
32309909 5634150 -2345
32309656 5634150 -2275
32309909 5634095 -2225
32309909 5634073 -2175
32309675 5634150 -2125
32309909 5634150 -2161
32309651 5634150 -2075
32309735 5634150 -1575
32309909 5634150 -1597
32309909 5634150 -2725
32309909 5634235 -2675
32309909 5634450 -2675
32309830 5634450 -2625
32309909 5634450 -2636
32309909 5634382 -2575
32309909 5634334 -2525
32309726 5634450 -2475
32309909 5634450 -2505
32309909 5634264 -2325
32309796 5634450 -2275
32309909 5634450 -2292
32309909 5634372 -2125
32309909 5634348 -2075
32309909 5634325 -2025
32309720 5634450 -1975
32309909 5634450 -2004
32309909 5634263 -1575
32309832 5634450 -1525
32309909 5634450 -1537
32309909 5634450 -2675
32309909 5634500 -2625
32309909 5634750 -2625
32309909 5634750 -2625
32309909 5634708 -2575
32309666 5634750 -2525
32309909 5634750 -2564
32309909 5634650 -2475
32309909 5634595 -2425
32309750 5634750 -2375
32309909 5634750 -2401
32309909 5634518 -2275
32309909 5634715 -2225
32309667 5634750 -2175
32309909 5634750 -2216
32309909 5634635 -1975
32309909 5634611 -1925
32309909 5634587 -1875
32309751 5634750 -1825
32309909 5634750 -1849
32309774 5634750 -1775
32309909 5634527 -1525
32309875 5634750 -1475
32309909 5634750 -1486
32309735 5634750 -1425
32309909 5634750 -2625
32309909 5634750 -2575
32309909 5634885 -2525
32309909 5635050 -2525
32309906 5635050 -2475
32309909 5635050 -2475
32309625 5635050 -2425
32309909 5634933 -2375
32309909 5634876 -2325
32309755 5635050 -2275
32309909 5635050 -2300
32309909 5634878 -2175
32309909 5635032 -2125
32309670 5635050 -2075
32309909 5635050 -2119
32309909 5634909 -1825
32309909 5634886 -1775
32309909 5634862 -1725
32309909 5634838 -1675
32309799 5635050 -1625
32309909 5635050 -1643
32309909 5634778 -1475
32309909 5634897 -1425
32309909 5635010 -1375
32309826 5635050 -1325
32309909 5635050 -1356
32309697 5635050 -1275
32309909 5635050 -2525
32309909 5635051 -2475
32309909 5635350 -2475
32309908 5635350 -2475
32309909 5635196 -2425
32309909 5635338 -2375
32309668 5635350 -2325
32309909 5635350 -2370
32309909 5635235 -2275
32309909 5635176 -2225
32309909 5635116 -2175
32309794 5635350 -2125
32309909 5635350 -2143
32309909 5635167 -2075
32309909 5635298 -2025
32309756 5635350 -1975
32309909 5635350 -2004
32309909 5635171 -1625
32309909 5635148 -1575
32309909 5635126 -1525
32309909 5635103 -1475
32309825 5635350 -1425
32309909 5635350 -1438
32309845 5635350 -1375
32309909 5635116 -1325
32309909 5635216 -1275
32309909 5635313 -1225
32309831 5635350 -1175
32309909 5635350 -1205
32309703 5635350 -1125
32309909 5635350 -2475
32309909 5635350 -2425
32309908 5635650 -2375
32309909 5635650 -2375
32309909 5635467 -2325
32309909 5635595 -2275
32309768 5635650 -2225
32309909 5635650 -2253
32309909 5635494 -2125
32309909 5635434 -2075
32309771 5635650 -2025
32309909 5635650 -2047
32309909 5635421 -1975
32309818 5635650 -1975
32309909 5635540 -1925
32309892 5635650 -1875
32309909 5635650 -1878
32309645 5635650 -1825
32309909 5635443 -1425
32309909 5635421 -1375
32309909 5635400 -1325
32309909 5635378 -1275
32309909 5635358 -1225
32309909 5635412 -1175
32309909 5635650 -1182
32309866 5635650 -1175
32309909 5635514 -1125
32309909 5635615 -1075
32309721 5635650 -1025
32309909 5635650 -1058
32309909 5635650 -2375
32309909 5635650 -2325
32309908 5635950 -2275
32309909 5635950 -2275
32309909 5635717 -2225
32309909 5635834 -2175
32309906 5635950 -2125
32309909 5635950 -2125
32309670 5635950 -2075
32309909 5635826 -2025
32309909 5635766 -1975
32309909 5635705 -1925
32309909 5635657 -1875
32309909 5635950 -1894
32309787 5635950 -1875
32309834 5635950 -1825
32309909 5635769 -1825
32309810 5635668 -1857
32309909 5635880 -1775
32309820 5635950 -1725
32309909 5635950 -1743
32309909 5635697 -1175
32309909 5635677 -1125
32309909 5635656 -1075
32309909 5635951 -2275
32309909 5635950 -2225
32309908 5636250 -2175
32309909 5636250 -2175
32309909 5635951 -2125
32309908 5636250 -2125
32309909 5636061 -2075
32309909 5636171 -2025
32309848 5636250 -1975
32309909 5636250 -1988
32309627 5636250 -1925
32309909 5636109 -1875
32309909 5636048 -1825
32309909 5635987 -1775
32309815 5636001 -1743
32309909 5635989 -1725
32309909 5636250 -1743
32309794 5636250 -1725
32309909 5636095 -1675
32309841 5636250 -1675
32309909 5636200 -1625
32309794 5636250 -1575
32309909 5636250 -1601
32309909 5636251 -2175
32309909 5636250 -2125
32309909 5636250 -2075
32309908 5636550 -2025
32309909 5636550 -2025
32309909 5636278 -1975
32309908 5636550 -1975
32309909 5636381 -1925
32309909 5636483 -1875
32309841 5636550 -1825
32309909 5636550 -1841
32309640 5636550 -1775
32309909 5636403 -1725
32309909 5636341 -1675
32309909 5636279 -1625
32309909 5636550 -1536
32309836 5636550 -1525
32309909 5636398 -1525
32309882 5636550 -1475
32309909 5636494 -1475
32309830 5636550 -1425
32309909 5636550 -1445
32309639 5636550 -1375
32309909 5636551 -2025
32309909 5636550 -1975
32309909 5636550 -1925
32309908 5636850 -1875
32309909 5636850 -1875
32309909 5636582 -1825
32309906 5636850 -1825
32309909 5636677 -1775
32309909 5636771 -1725
32309883 5636850 -1675
32309909 5636850 -1682
32309704 5636850 -1625
32309909 5636651 -1525
32309909 5636587 -1475
32309909 5636850 -1332
32309859 5636850 -1325
32309909 5636758 -1325
32309905 5636850 -1275
32309909 5636842 -1275
32309763 5636850 -1225
32309909 5636850 -1270
32309909 5636851 -1875
32309909 5636850 -1825
32309909 5636850 -1775
32309908 5637150 -1725
32309909 5637150 -1725
32309909 5636862 -1675
32309908 5637150 -1675
32309909 5636951 -1625
32309909 5637037 -1575
32309909 5637122 -1525
32309801 5637150 -1475
32309909 5637150 -1508
32309643 5637150 -1425
32309909 5636919 -1325
32309909 5636856 -1275
32309864 5637150 -1125
32309909 5637073 -1125
32309909 5637150 -1131
32309907 5637150 -1075
32309909 5637147 -1075
32309778 5637150 -1025
32309909 5637150 -1073
32309645 5637150 -975
32309909 5637151 -1725
32309909 5637151 -1675
32309909 5637150 -1625
32309908 5637450 -1575
32309909 5637450 -1575
32309908 5637450 -1525
32309909 5637206 -1475
32309909 5637288 -1425
32309909 5637369 -1375
32309909 5637447 -1325
32309767 5637450 -1275
32309909 5637450 -1323
32309625 5637450 -1225
32309909 5637212 -1125
32309909 5637152 -1075
32309909 5637450 -932
32309855 5637450 -925
32309909 5637362 -925
32309897 5637450 -875
32309909 5637430 -875
32309909 5637450 -860
32309706 5637450 -775
32309909 5637451 -1575
32309909 5637451 -1525
32309909 5637450 -1475
32309909 5637450 -1425
32309908 5637750 -1375
32309909 5637750 -1375
32309908 5637750 -1325
32309909 5637529 -1275
32309909 5637609 -1225
32309909 5637687 -1175
32309881 5637750 -1125
32309909 5637750 -1134
32309741 5637750 -1075
32309909 5637520 -925
32309909 5637465 -875
32309886 5637750 -675
32309909 5637708 -675
32309909 5637750 -678
32309909 5637750 -643
32309909 5637751 -1375
32309909 5637751 -1325
32309909 5637750 -1275
32309908 5638050 -1225
32309909 5638050 -1225
32309908 5638050 -1175
32309909 5637766 -1125
32309908 5638050 -1125
32309909 5637850 -1075
32309909 5637933 -1025
32309909 5638015 -975
32309824 5638050 -925
32309909 5638050 -954
32309673 5638050 -875
32309909 5637779 -675
32309909 5638051 -1225
32309909 5638051 -1175
32309909 5638050 -1125
32309909 5638050 -1075
32309908 5638350 -1025
32309909 5638350 -1025
32309908 5638350 -975
32309909 5638103 -925
32309908 5638350 -925
32309909 5638197 -875
32309909 5638292 -825
32309847 5638350 -775
32309909 5638350 -795
32309658 5638350 -725
32309909 5638351 -1025
32309909 5638350 -975
32309909 5638350 -925
32309909 5638350 -875
32309909 5638650 -825
32309909 5638650 -825
32309909 5638430 -775
32309909 5638650 -775
32309909 5638650 -725
32309909 5638641 -725
32309909 5638650 -720
32309683 5638650 -625
32309909 5638650 -825
32309909 5638650 -775
32309909 5638650 -725
32309909 5638950 -575
32309909 5638950 -575
32309909 5638924 -575
32309909 5638950 -561
32309698 5638950 -425
32309627 5638950 -375
32309909 5638950 -575
32309909 5639250 -375
32309909 5639242 -375
32309909 5639250 -375
32309909 5639250 -370
32309719 5639250 -225
32309653 5639250 -175
32309909 5639250 -375
32309704 5639550 25
32309637 5639550 75
32309909 5639850 75
32309909 5639786 75
32309909 5639850 74
32309909 5639844 125
32309909 5639850 125
32309909 5639850 130
32309722 5639850 275
32309658 5639850 325
32310210 5623650 -2764
32310210 5623950 -2729
32310210 5624250 -2729
32310210 5624550 -2729
32310210 5624850 -2729
32310210 5625150 -2728
32310210 5625450 -2728
32310210 5625750 -2728
32310210 5626050 -2728
32310210 5626350 -2728
32310210 5626650 -2728
32310210 5626950 -2728
32310210 5627250 -2727
32310210 5627550 -2727
32310210 5627850 -2727
32310210 5628150 -2727
32310210 5628450 -2727
32310210 5628750 -2727
32309945 5628750 125
32309978 5628750 175
32310004 5628750 225
32310022 5628750 275
32310035 5628750 325
32310044 5628750 375
32310050 5628750 425
32310056 5628750 475
32310210 5629050 -2727
32309915 5629050 -125
32309955 5629050 -75
32309989 5629050 -25
32310018 5629050 25
32310044 5629050 75
32310068 5629050 125
32310091 5629050 175
32310115 5629050 225
32310140 5629050 275
32310165 5629050 325
32310192 5629050 375
32310210 5629050 407
32310210 5629027 425
32310210 5628978 475
32310201 5629350 -2775
32310210 5629340 -2775
32310210 5629350 -2776
32310152 5629350 -475
32310210 5629350 -519
32310210 5629328 -475
32310210 5629305 -425
32310077 5629350 -425
32310210 5629283 -375
32309990 5629350 -375
32309932 5629350 -325
32310210 5629350 -352
32310019 5629350 -275
32310086 5629350 -225
32310137 5629350 -175
32310176 5629350 -125
32310206 5629350 -75
32310210 5629350 -65
32310210 5629328 -25
32310210 5629302 25
32310210 5629276 75
32310210 5629247 125
32310210 5629216 175
32310210 5629181 225
32310210 5629144 275
32310210 5629107 325
32310210 5629072 375
32310210 5629650 -2776
32310210 5629650 -715
32310210 5629579 -675
32310210 5629497 -625
32310210 5629422 -575
32310210 5629356 -525
32310210 5629425 -325
32310210 5629405 -275
32310210 5629388 -225
32310210 5629374 -175
32310210 5629362 -125
32310210 5629351 -75
32310199 5629950 -2825
32310210 5629938 -2825
32310210 5629950 -2826
32310210 5629950 -710
32310210 5630250 -2826
32310033 5630250 -675
32310210 5630250 -711
32310210 5630550 -2826
32310210 5630478 -675
32310157 5630550 -625
32310210 5630550 -662
32310087 5630550 -575
32310205 5630850 -2875
32310210 5630844 -2875
32310210 5630850 -2875
32310210 5630705 -625
32310192 5630850 -575
32310210 5630850 -587
32310122 5630850 -525
32310054 5630850 -475
32309989 5630850 -425
32310210 5631150 -2876
32310210 5630898 -575
32310210 5631076 -525
32310154 5631150 -475
32310210 5631150 -502
32310048 5631150 -425
32309939 5631150 -375
32310210 5631450 -2875
32310210 5631297 -475
32310098 5631450 -425
32310210 5631450 -443
32310210 5631750 -2875
32310210 5631750 -491
32310210 5631651 -475
32310210 5632050 -2875
32310210 5632050 -695
32310210 5632018 -675
32310210 5631942 -625
32310210 5631868 -575
32310210 5631797 -525
32310210 5632350 -2875
32310132 5632350 -975
32310210 5632350 -966
32310210 5632297 -925
32310210 5632238 -875
32310210 5632181 -825
32310210 5632128 -775
32310210 5632078 -725
32310210 5632650 -2875
32310007 5632650 -1225
32310210 5632650 -1208
32310210 5632601 -1175
32310210 5632534 -1125
32310210 5632471 -1075
32310210 5632413 -1025
32310210 5632359 -975
32310210 5632950 -2875
32310210 5632950 -1394
32310210 5632914 -1375
32310210 5632827 -1325
32310210 5632746 -1275
32310210 5632672 -1225
32310210 5632951 -2875
32310210 5633250 -2825
32309976 5633250 -1525
32310210 5633250 -1523
32310210 5633128 -1475
32310210 5633015 -1425
32310210 5633550 -2825
32309922 5633550 -2725
32310210 5633550 -1602
32310210 5633440 -1575
32310210 5633255 -1525
32310210 5633550 -2825
32310210 5633850 -2775
32310210 5633850 -2757
32309918 5633850 -2725
32310210 5633820 -2725
32310210 5633850 -2719
32309958 5633850 -2675
32309915 5633850 -2375
32310210 5633850 -2404
32310210 5633837 -2375
32310210 5633816 -2325
32309954 5633850 -2275
32310210 5633850 -2318
32310180 5633850 -1675
32310210 5633850 -1681
32310210 5633823 -1675
32310210 5633632 -1625
32309948 5633850 -1625
32310210 5634150 -2775
32310210 5634150 -2775
32310210 5634150 -2726
32310196 5634150 -2725
32310210 5634098 -2675
32310210 5634053 -2625
32310210 5634150 -2607
32310170 5634150 -2375
32310210 5634150 -2379
32310210 5634103 -2275
32310210 5634081 -2225
32309987 5634150 -2175
32310210 5634150 -2213
32310210 5634054 -1675
32310021 5634150 -1625
32310210 5634150 -1671
32310210 5634150 -2775
32310210 5634450 -2725
32310210 5634160 -2725
32310210 5634450 -2725
32310210 5634450 -2677
32310195 5634450 -2675
32310210 5634345 -2575
32310021 5634450 -2525
32310210 5634450 -2557
32310210 5634179 -2375
32310160 5634450 -2325
32310210 5634450 -2331
32310210 5634377 -2175
32310210 5634354 -2125
32310210 5634332 -2075
32310031 5634450 -2025
32310210 5634450 -2055
32310210 5634438 -1625
32310040 5634450 -1575
32310210 5634450 -1623
32310210 5634450 -2725
32310210 5634750 -2675
32310210 5634462 -2675
32310210 5634750 -2675
32310210 5634680 -2625
32309977 5634750 -2575
32310210 5634750 -2609
32310210 5634658 -2525
32310210 5634604 -2475
32310049 5634750 -2425
32310210 5634750 -2452
32310210 5634478 -2325
32310210 5634691 -2275
32309969 5634750 -2225
32310210 5634750 -2261
32310210 5634638 -2025
32310210 5634614 -1975
32310210 5634591 -1925
32310063 5634750 -1875
32310210 5634750 -1899
32310210 5634619 -1575
32310140 5634750 -1525
32310210 5634750 -1536
32310210 5634750 -2675
32310210 5634750 -2625
32310210 5634871 -2575
32310210 5635050 -2575
32310210 5635050 -2575
32310210 5635047 -2525
32310210 5635050 -2524
32310210 5634936 -2425
32310210 5634879 -2375
32310059 5635050 -2325
32310210 5635050 -2350
32310210 5634869 -2225
32310210 5635032 -2175
32309944 5635050 -2125
32310210 5635050 -2169
32310210 5634909 -1875
32310210 5634886 -1825
32310210 5634862 -1775
32310210 5634849 -1725
32310103 5635050 -1675
32310210 5635050 -1694
32310210 5634779 -1525
32310210 5634905 -1475
32310210 5635026 -1425
32310002 5635050 -1375
32310210 5635050 -1414
32310210 5635050 -2575
32310210 5635350 -2525
32310210 5635350 -2525
32310210 5635198 -2475
32310210 5635346 -2425
32309933 5635350 -2375
32310210 5635350 -2423
32310210 5635233 -2325
32310210 5635174 -2275
32310052 5635350 -2225
32310210 5635350 -2250
32310100 5635350 -2175
32310210 5635174 -2125
32310210 5635310 -2075
32310018 5635350 -2025
32310210 5635350 -2060
32310210 5635169 -1675
32310210 5635146 -1625
32310210 5635123 -1575
32310210 5635100 -1525
32310130 5635350 -1475
32310210 5635350 -1488
32310210 5635134 -1375
32310210 5635237 -1325
32310210 5635335 -1275
32310003 5635350 -1225
32310210 5635350 -1267
32310210 5635350 -2525
32310210 5635350 -2475
32310210 5635650 -2425
32310210 5635650 -2425
32310210 5635480 -2375
32310210 5635612 -2325
32310023 5635650 -2275
32310210 5635650 -2310
32310210 5635546 -2225
32310210 5635487 -2175
32310210 5635427 -2125
32310081 5635650 -2075
32310210 5635650 -2095
32310210 5635437 -2025
32310210 5635559 -1975
32310146 5635650 -1925
32310210 5635650 -1937
32310210 5635439 -1475
32310210 5635417 -1425
32310210 5635395 -1375
32310210 5635374 -1325
32310152 5635650 -1275
32310210 5635650 -1284
32310210 5635436 -1225
32310171 5635650 -1225
32310210 5635535 -1175
32310210 5635633 -1125
32309997 5635650 -1075
32310210 5635650 -1116
32310210 5635650 -2425
32310210 5635650 -2375
32310209 5635950 -2325
32310210 5635950 -2325
32310210 5635737 -2275
32310210 5635858 -2225
32310151 5635950 -2175
32310210 5635950 -2187
32310210 5635814 -2075
32310210 5635753 -2025
32310210 5635699 -1975
32310210 5635679 -1925
32310210 5635950 -1944
32310101 5635950 -1925
32310210 5635794 -1875
32310210 5635908 -1825
32310058 5635950 -1775
32310210 5635950 -1806
32310210 5635714 -1275
32310210 5635693 -1225
32310210 5635673 -1175
32310210 5635653 -1125
32310210 5635950 -2325
32310210 5635950 -2275
32310209 5636250 -2225
32310210 5636250 -2225
32310210 5635977 -2175
32310210 5636092 -2125
32310210 5636205 -2075
32310072 5636250 -2025
32310210 5636250 -2055
32310210 5636091 -1925
32310210 5636030 -1875
32310210 5635973 -1825
32310210 5636020 -1775
32310210 5636250 -1791
32310113 5636250 -1775
32310210 5636129 -1725
32310210 5636239 -1675
32310013 5636250 -1625
32310210 5636250 -1670
32310210 5636251 -2225
32310210 5636250 -2175
32310209 5636550 -2125
32310210 5636550 -2125
32310209 5636550 -2075
32310210 5636315 -2025
32310210 5636422 -1975
32310210 5636529 -1925
32310044 5636550 -1875
32310210 5636550 -1915
32310210 5636377 -1775
32310210 5636316 -1725
32310210 5636255 -1675
32310210 5636343 -1625
32310210 5636550 -1639
32310115 5636550 -1625
32310210 5636445 -1575
32310163 5636550 -1575
32310210 5636548 -1525
32310021 5636550 -1475
32310210 5636550 -1524
32310210 5636551 -2125
32310210 5636551 -2075
32310210 5636550 -2025
32310209 5636850 -1975
32310210 5636850 -1975
32310209 5636850 -1925
32310210 5636631 -1875
32310210 5636730 -1825
32310210 5636829 -1775
32310064 5636850 -1725
32310210 5636850 -1764
32310210 5636675 -1625
32310210 5636613 -1575
32310210 5636551 -1525
32310210 5636642 -1475
32310210 5636850 -1490
32310105 5636850 -1475
32310210 5636735 -1425
32310152 5636850 -1425
32310199 5636850 -1375
32310210 5636827 -1375
32310086 5636850 -1325
32310210 5636850 -1362
32309924 5636850 -1275
32310210 5636851 -1975
32310210 5636851 -1925
32310210 5636850 -1875
32310209 5637150 -1825
32310210 5637150 -1825
32310209 5637150 -1775
32310210 5636924 -1725
32310210 5637016 -1675
32310210 5637107 -1625
32310124 5637150 -1575
32310210 5637150 -1601
32309961 5637150 -1525
32310210 5636991 -1475
32310210 5636929 -1425
32310210 5636865 -1375
32310124 5637150 -1275
32310210 5636997 -1275
32310210 5637150 -1287
32310210 5637079 -1225
32310170 5637150 -1225
32310210 5637150 -1181
32310050 5637150 -1125
32309914 5637150 -1075
32310210 5637151 -1825
32310210 5637151 -1775
32310210 5637150 -1725
32310209 5637450 -1675
32310210 5637450 -1675
32310209 5637450 -1625
32310210 5637196 -1575
32310210 5637283 -1525
32310210 5637368 -1475
32310207 5637450 -1425
32310210 5637450 -1426
32310058 5637450 -1375
32309913 5637450 -1325
32310210 5637265 -1275
32310210 5637203 -1225
32310210 5637450 -1034
32310173 5637450 -1025
32310210 5637389 -1025
32310210 5637450 -983
32310063 5637450 -925
32309943 5637450 -875
32310210 5637451 -1675
32310210 5637451 -1625
32310210 5637450 -1575
32310209 5637750 -1525
32310210 5637750 -1525
32310209 5637750 -1475
32310210 5637451 -1425
32310209 5637750 -1425
32310210 5637536 -1375
32310210 5637619 -1325
32310210 5637700 -1275
32310157 5637750 -1225
32310210 5637750 -1244
32310018 5637750 -1175
32310210 5637498 -1025
32310210 5637750 -830
32310169 5637750 -825
32310210 5637681 -825
32310210 5637750 -775
32309977 5637750 -675
32310210 5637751 -1525
32310210 5637751 -1475
32310210 5637751 -1425
32310210 5637750 -1375
32310209 5638050 -1325
32310210 5638050 -1325
32310209 5638050 -1275
32310210 5637782 -1225
32310210 5637866 -1175
32310210 5637948 -1125
32310210 5638029 -1075
32310107 5638050 -1025
32310210 5638050 -1062
32309968 5638050 -975
32310210 5637802 -825
32310210 5638051 -1325
32310210 5638051 -1275
32310210 5638050 -1225
32310209 5638350 -1175
32310210 5638350 -1175
32310209 5638350 -1125
32310210 5638350 -1075
32310210 5638164 -1025
32310210 5638317 -975
32310143 5638350 -925
32310210 5638350 -964
32310055 5638350 -875
32309964 5638350 -825
32310210 5638351 -1175
32310210 5638350 -1125
32310210 5638350 -1075
32310210 5638350 -1025
32310210 5638650 -975
32310210 5638650 -975
32310210 5638429 -925
32310210 5638650 -925
32310210 5638650 -875
32310210 5638532 -875
32310210 5638637 -825
32310081 5638650 -775
32310210 5638650 -819
32309923 5638650 -725
32310210 5638650 -975
32310210 5638650 -925
32310210 5638650 -875
32310210 5638650 -825
32310210 5638754 -775
32310210 5638950 -775
32310210 5638950 -775
32310210 5638950 -725
32310210 5638880 -725
32310210 5638950 -699
32309938 5638950 -575
32310210 5638950 -775
32310210 5638950 -725
32310210 5639250 -575
32310210 5639250 -575
32310210 5639184 -575
32310210 5639250 -536
32309918 5639250 -375
32310210 5639250 -575
32310210 5639550 -375
32310210 5639550 -375
32310210 5639478 -375
32310210 5639549 -325
32310210 5639550 -325
32310210 5639550 -324
32310210 5639550 -375
32310210 5639550 -325
32310210 5639850 -125
32310210 5639816 -125
32310210 5639850 -151
32310210 5639850 -99
32309981 5639850 75
32309916 5639850 125
32310289 5623650 -2775
32310512 5623650 -2778
32310512 5623672 -2775
32310512 5623950 -2729
32310512 5624250 -2729
32310512 5624550 -2729
32310512 5624850 -2729
32310512 5625150 -2729
32310512 5625450 -2728
32310512 5625750 -2728
32310512 5626050 -2728
32310512 5626350 -2728
32310512 5626650 -2728
32310512 5626950 -2728
32310512 5627250 -2728
32310512 5627550 -2727
32310512 5627850 -2727
32310512 5628150 -2727
32310512 5628450 -2727
32310512 5628750 -2756
32310499 5629050 -2775
32310512 5628858 -2775
32310512 5629050 -2777
32310243 5629050 425
32310318 5629050 475
32310508 5629350 -2825
32310512 5629346 -2825
32310512 5629350 -2825
32310392 5629350 -475
32310512 5629350 -439
32310512 5629338 -425
32310512 5629298 -375
32310512 5629259 -325
32310411 5629350 -325
32310512 5629225 -275
32310368 5629350 -275
32310512 5629276 -225
32310326 5629350 -225
32310512 5629261 -175
32310287 5629350 -175
32310512 5629247 -125
32310251 5629350 -125
32310512 5629232 -75
32310216 5629350 -75
32310512 5629218 -25
32310512 5629203 25
32310512 5629188 75
32310512 5629172 125
32310512 5629289 175
32310512 5629261 225
32310512 5629233 275
32310512 5629206 325
32310512 5629180 375
32310512 5629156 425
32310512 5629134 475
32310503 5629650 -2825
32310512 5629650 -2826
32310368 5629650 -675
32310512 5629650 -628
32310512 5629645 -625
32310512 5629553 -575
32310512 5629471 -525
32310512 5629397 -475
32310512 5629950 -2826
32310449 5629950 -775
32310512 5629950 -795
32310512 5629911 -775
32310512 5629820 -725
32310270 5629950 -725
32310512 5629730 -675
32310512 5630250 -2827
32310436 5630250 -825
32310512 5630250 -867
32310512 5630073 -825
32310340 5630250 -775
32310239 5630250 -725
32310504 5630550 -2875
32310512 5630538 -2875
32310512 5630550 -2876
32310444 5630550 -825
32310512 5630550 -872
32310373 5630550 -775
32310301 5630550 -725
32310229 5630550 -675
32310512 5630850 -2876
32310512 5630839 -825
32310448 5630850 -775
32310512 5630850 -823
32310383 5630850 -725
32310319 5630850 -675
32310256 5630850 -625
32310512 5631150 -2876
32310512 5631012 -775
32310505 5631150 -725
32310512 5631150 -729
32310437 5631150 -675
32310369 5631150 -625
32310303 5631150 -575
32310239 5631150 -525
32310512 5631450 -2875
32310512 5631165 -725
32310512 5631311 -675
32310512 5631440 -625
32310433 5631450 -575
32310512 5631450 -620
32310348 5631450 -525
32310263 5631450 -475
32310512 5631750 -2875
32310488 5631750 -575
32310512 5631750 -582
32310326 5631750 -525
32310512 5632050 -2875
32310512 5632050 -708
32310512 5631968 -675
32310512 5631849 -625
32310512 5632350 -2875
32310512 5632350 -948
32310512 5632315 -925
32310512 5632247 -875
32310512 5632183 -825
32310512 5632124 -775
32310512 5632067 -725
32310512 5632650 -2875
32310512 5632650 -1188
32310512 5632630 -1175
32310512 5632559 -1125
32310512 5632494 -1075
32310512 5632433 -1025
32310512 5632377 -975
32310512 5632950 -2875
32310512 5632950 -1378
32310512 5632943 -1375
32310512 5632855 -1325
32310512 5632774 -1275
32310512 5632700 -1225
32310511 5633250 -2875
32310512 5633250 -2875
32310221 5633250 -1525
32310512 5633250 -1570
32310512 5633171 -1525
32310512 5633090 -1475
32310512 5633043 -1425
32310512 5633250 -2875
32310512 5633550 -2825
32310250 5633550 -2775
32310512 5633550 -2799
32310512 5633529 -2775
32310512 5633550 -2771
32310349 5633550 -1625
32310512 5633550 -1652
32310512 5633442 -1625
32310512 5633264 -1575
32310511 5633850 -2825
32310512 5633850 -2825
32310512 5633850 -2786
32310389 5633850 -2775
32310512 5633796 -2725
32310512 5633850 -2714
32310467 5633850 -2425
32310512 5633850 -2428
32310512 5633848 -2425
32310512 5633827 -2375
32310245 5633850 -2325
32310512 5633850 -2371
32310512 5633850 -1692
32310512 5633715 -1675
32310512 5633850 -2825
32310512 5634150 -2775
32310512 5633968 -2775
32310512 5634150 -2757
32310512 5634072 -2675
32310308 5634150 -2625
32310512 5634150 -2661
32310512 5633899 -2425
32310512 5634150 -2407
32310512 5634113 -2325
32310512 5634092 -2275
32310280 5634150 -2225
32310512 5634150 -2264
32310257 5634150 -1675
32310512 5634150 -1691
32310512 5634150 -2775
32310512 5634359 -2725
32310512 5634450 -2725
32310512 5634450 -2711
32310512 5634363 -2625
32310512 5634313 -2575
32310512 5634450 -2551
32310512 5634376 -2375
32310512 5634450 -2364
32310512 5634386 -2225
32310512 5634363 -2175
32310512 5634341 -2125
32310326 5634450 -2075
32310512 5634450 -2106
32310512 5634279 -1675
32310229 5634450 -1625
32310512 5634450 -1653
32310512 5634450 -2725
32310512 5634621 -2675
32310512 5634750 -2675
32310333 5634750 -2625
32310512 5634750 -2647
32310512 5634619 -2525
32310342 5634750 -2475
32310512 5634750 -2504
32310512 5634633 -2325
32310318 5634750 -2275
32310512 5634750 -2299
32310512 5634644 -2075
32310512 5634621 -2025
32310512 5634598 -1975
32310361 5634750 -1925
32310512 5634750 -1950
32310512 5634562 -1625
32310496 5634750 -1575
32310512 5634750 -1577
32310512 5634750 -2675
32310512 5634835 -2625
32310512 5635050 -2625
32310511 5635050 -2625
32310512 5635022 -2575
32310215 5635050 -2525
32310512 5635050 -2567
32310512 5634945 -2475
32310512 5634889 -2425
32310357 5635050 -2375
32310512 5635050 -2401
32310512 5634838 -2275
32310512 5635013 -2225
32310246 5635050 -2175
32310512 5635050 -2214
32310512 5634913 -1925
32310512 5634889 -1875
32310512 5634866 -1825
32310383 5635050 -1775
32310512 5635050 -1796
32310392 5635050 -1725
32310512 5634755 -1575
32310512 5634894 -1525
32310512 5635026 -1475
32310269 5635050 -1425
32310512 5635050 -1465
32310512 5635050 -2625
32310511 5635350 -2575
32310512 5635350 -2575
32310512 5635184 -2525
32310512 5635341 -2475
32310218 5635350 -2425
32310512 5635350 -2472
32310512 5635236 -2375
32310512 5635178 -2325
32310355 5635350 -2275
32310512 5635350 -2301
32310512 5635166 -2175
32310512 5635310 -2125
32310298 5635350 -2075
32310512 5635350 -2111
32310512 5635192 -1775
32310512 5635168 -1725
32310512 5635145 -1675
32310512 5635122 -1625
32310414 5635350 -1575
32310512 5635350 -1591
32310434 5635350 -1525
32310512 5635141 -1425
32310512 5635249 -1375
32310505 5635350 -1325
32310512 5635350 -1326
32310248 5635350 -1275
32310512 5635350 -2575
32310512 5635350 -2525
32310511 5635650 -2475
32310512 5635650 -2475
32310512 5635481 -2425
32310512 5635619 -2375
32310292 5635650 -2325
32310512 5635650 -2363
32310512 5635543 -2275
32310512 5635484 -2225
32310358 5635650 -2175
32310512 5635650 -2200
32310389 5635650 -2125
32310512 5635443 -2075
32310512 5635571 -2025
32310410 5635650 -1975
32310512 5635650 -1993
32310512 5635458 -1575
32310512 5635436 -1525
32310512 5635414 -1475
32310512 5635392 -1425
32310512 5635371 -1375
32310512 5635352 -1325
32310512 5635650 -1334
32310457 5635650 -1325
32310512 5635455 -1275
32310512 5635555 -1225
32310502 5635650 -1175
32310512 5635650 -1176
32310252 5635650 -1125
32310512 5635650 -2475
32310512 5635650 -2425
32310511 5635950 -2375
32310512 5635950 -2375
32310512 5635749 -2325
32310512 5635875 -2275
32310405 5635950 -2225
32310512 5635950 -2245
32310512 5635850 -2175
32310512 5635805 -2125
32310512 5635745 -2075
32310365 5635950 -2025
32310512 5635950 -2048
32310512 5635695 -1975
32310403 5635950 -1975
32310512 5635815 -1925
32310512 5635934 -1875
32310299 5635950 -1825
32310512 5635950 -1868
32310512 5635710 -1325
32310512 5635689 -1275
32310512 5635669 -1225
32310512 5635950 -1076
32310500 5635950 -1075
32310512 5635876 -1075
32310512 5635950 -1042
32310512 5635950 -2375
32310512 5635950 -2325
32310510 5636250 -2275
32310512 5636250 -2275
32310512 5635998 -2225
32310512 5636117 -2175
32310512 5636236 -2125
32310302 5636250 -2075
32310512 5636250 -2119
32310512 5636135 -2025
32310512 5636075 -1975
32310512 5636016 -1925
32310383 5636250 -1875
32310512 5636250 -1895
32310512 5636049 -1825
32310424 5636250 -1825
32310512 5636163 -1775
32310456 5636250 -1725
32310512 5636250 -1737
32310232 5636250 -1675
32310512 5635962 -1075
32310512 5636251 -2275
32310512 5636250 -2225
32310510 5636550 -2175
32310512 5636550 -2175
32310512 5636349 -2075
32310512 5636461 -2025
32310467 5636550 -1975
32310512 5636550 -1985
32310252 5636550 -1925
32310512 5636415 -1875
32310512 5636354 -1825
32310512 5636294 -1775
32310512 5636276 -1725
32310512 5636550 -1743
32310392 5636550 -1725
32310440 5636550 -1675
32310512 5636385 -1675
32310311 5636275 -1690
32310512 5636493 -1625
32310414 5636550 -1575
32310512 5636550 -1599
32310214 5636550 -1525
32310512 5636551 -2175
32310512 5636550 -2125
32310510 5636850 -2075
32310512 5636850 -2075
32310510 5636850 -2025
32310512 5636571 -1975
32310512 5636677 -1925
32310512 5636781 -1875
32310444 5636850 -1825
32310512 5636850 -1842
32310250 5636850 -1775
32310512 5636704 -1725
32310512 5636643 -1675
32310512 5636581 -1625
32310417 5636605 -1597
32310512 5636598 -1575
32310512 5636850 -1593
32310391 5636850 -1575
32310439 5636850 -1525
32310512 5636698 -1525
32310228 5636557 -1527
32310512 5636797 -1475
32310429 5636850 -1425
32310512 5636850 -1448
32310253 5636850 -1375
32310512 5636851 -2075
32310512 5636851 -2025
32310512 5636850 -1975
32310510 5637150 -1925
32310512 5637150 -1925
32310510 5637150 -1875
32310512 5636884 -1825
32310512 5636982 -1775
32310512 5637078 -1725
32310467 5637150 -1675
32310512 5637150 -1687
32310292 5637150 -1625
32310512 5637009 -1575
32310512 5636946 -1525
32310512 5636883 -1475
32310422 5637150 -1375
32310512 5636981 -1375
32310512 5637150 -1388
32310512 5637069 -1325
32310468 5637150 -1325
32310501 5637150 -1275
32310512 5637150 -1278
32310344 5637150 -1225
32310512 5637151 -1925
32310512 5637151 -1875
32310512 5637150 -1825
32310510 5637450 -1775
32310512 5637450 -1775
32310510 5637450 -1725
32310512 5637173 -1675
32310512 5637265 -1625
32310512 5637355 -1575
32310512 5637443 -1525
32310363 5637450 -1475
32310512 5637450 -1521
32310512 5637270 -1375
32310512 5637208 -1325
32310512 5637450 -1185
32310436 5637450 -1175
32310512 5637317 -1175
32310480 5637450 -1125
32310512 5637395 -1125
32310512 5637450 -1089
32310327 5637450 -1025
32310512 5637451 -1775
32310512 5637451 -1725
32310512 5637450 -1675
32310510 5637750 -1625
32310512 5637750 -1625
32310510 5637750 -1575
32310512 5637532 -1475
32310512 5637619 -1425
32310512 5637704 -1375
32310444 5637750 -1325
32310512 5637750 -1347
32310299 5637750 -1275
32310512 5637549 -1175
32310512 5637491 -1125
32310512 5637750 -984
32310441 5637750 -975
32310512 5637627 -975
32310484 5637750 -925
32310512 5637702 -925
32310512 5637750 -892
32310336 5637750 -825
32310512 5637751 -1625
32310512 5637751 -1575
32310512 5637751 -1525
32310510 5638050 -1475
32310512 5638050 -1475
32310510 5638050 -1425
32310510 5638050 -1375
32310512 5637791 -1325
32310512 5637878 -1275
32310512 5637964 -1225
32310512 5638049 -1175
32310378 5638050 -1125
32310512 5638050 -1174
32310239 5638050 -1075
32310512 5637820 -975
32310512 5637778 -925
32310512 5638051 -1475
32310512 5638051 -1425
32310512 5638051 -1375
32310510 5638350 -1325
32310512 5638350 -1325
32310510 5638350 -1275
32310511 5638350 -1225
32310512 5638206 -1125
32310503 5638350 -1075
32310512 5638350 -1078
32310371 5638350 -1025
32310239 5638350 -975
32310512 5638351 -1325
32310512 5638351 -1275
32310512 5638350 -1225
32310512 5638350 -1175
32310511 5638650 -1125
32310512 5638650 -1125
32310512 5638356 -1075
32310511 5638650 -1075
32310511 5638650 -1025
32310512 5638456 -1025
32310512 5638555 -975
32310508 5638650 -925
32310512 5638650 -926
32310373 5638650 -875
32310228 5638650 -825
32310512 5638651 -1125
32310512 5638650 -1075
32310512 5638650 -1025
32310511 5638950 -975
32310512 5638950 -975
32310512 5638653 -925
32310511 5638950 -925
32310511 5638950 -875
32310512 5638777 -875
32310511 5638950 -825
32310512 5638909 -825
32310512 5638950 -810
32310422 5638950 -775
32310285 5638950 -725
32310512 5638950 -975
32310512 5638950 -925
32310512 5638950 -875
32310512 5638950 -825
32310511 5639250 -775
32310512 5639041 -775
32310512 5639250 -775
32310511 5639250 -725
32310512 5639177 -725
32310512 5639250 -699
32310278 5639250 -575
32310512 5639250 -775
32310512 5639250 -725
32310512 5639550 -575
32310511 5639550 -575
32310512 5639492 -575
32310512 5639550 -544
32310278 5639550 -375
32310211 5639550 -325
32310512 5639550 -575
32310512 5639850 -375
32310511 5639850 -375
32310512 5639787 -375
32310512 5639850 -329
32310243 5639850 -125
32310813 5623650 -2779
32310813 5623676 -2775
32310813 5623950 -2730
32310813 5624250 -2729
32310813 5624550 -2729
32310813 5624850 -2729
32310813 5625150 -2729
32310813 5625450 -2729
32310813 5625750 -2728
32310813 5626050 -2728
32310813 5626350 -2728
32310813 5626650 -2728
32310813 5626950 -2728
32310813 5627250 -2728
32310813 5627550 -2727
32310813 5627850 -2727
32310813 5628150 -2727
32310802 5628450 -2775
32310813 5628439 -2775
32310813 5628450 -2776
32310617 5628750 -2775
32310813 5628750 -2777
32310803 5629050 -2825
32310813 5629040 -2825
32310813 5629050 -2826
32310808 5629050 -75
32310813 5629050 -80
32310813 5629047 -75
32310813 5629027 -25
32310769 5629050 -25
32310813 5629008 25
32310736 5629050 25
32310813 5628991 75
32310706 5629050 75
32310813 5628977 125
32310680 5629050 125
32310813 5628966 175
32310659 5629050 175
32310813 5629050 210
32310813 5629350 -2826
32310533 5629350 -425
32310607 5629350 -375
32310681 5629350 -325
32310758 5629350 -275
32310813 5629350 -241
32310813 5629326 -225
32310813 5629248 -175
32310813 5629154 -125
32310813 5629110 225
32310813 5629103 275
32310813 5629100 325
32310813 5629100 375
32310813 5629102 425
32310813 5629104 475
32310813 5629650 -2827
32310804 5629650 -625
32310813 5629650 -624
32310813 5629613 -575
32310813 5629575 -525
32310813 5629537 -475
32310813 5629499 -425
32310813 5629459 -375
32310813 5629419 -325
32310813 5629377 -275
32310805 5629950 -2875
32310813 5629939 -2875
32310813 5629950 -2876
32310770 5629950 -875
32310813 5629950 -890
32310813 5629930 -875
32310813 5629870 -825
32310618 5629950 -825
32310813 5629812 -775
32310813 5629756 -725
32310813 5629702 -675
32310813 5629650 -625
32310803 5630250 -2875
32310813 5630250 -2876
32310732 5630250 -975
32310813 5630250 -1018
32310813 5630143 -975
32310813 5630025 -925
32310633 5630250 -925
32310529 5630250 -875
32310813 5630550 -2876
32310761 5630550 -1025
32310813 5630550 -1057
32310813 5630300 -1025
32310681 5630550 -975
32310600 5630550 -925
32310517 5630550 -875
32310813 5630850 -2876
32310806 5630850 -1025
32310813 5630850 -1029
32310733 5630850 -975
32310660 5630850 -925
32310587 5630850 -875
32310514 5630850 -825
32310813 5631150 -2876
32310813 5630868 -1025
32310813 5631051 -975
32310783 5631150 -925
32310813 5631150 -946
32310713 5631150 -875
32310643 5631150 -825
32310574 5631150 -775
32310813 5631450 -2875
32310813 5631208 -925
32310813 5631335 -875
32310812 5631450 -825
32310813 5631450 -825
32310737 5631450 -775
32310663 5631450 -725
32310590 5631450 -675
32310517 5631450 -625
32310813 5631750 -2875
32310813 5631451 -825
32310813 5631613 -775
32310809 5631750 -725
32310813 5631750 -727
32310705 5631750 -675
32310601 5631750 -625
32310813 5632050 -2875
32310615 5632050 -725
32310813 5632050 -759
32310813 5632350 -2875
32310813 5632350 -943
32310813 5632316 -925
32310813 5632229 -875
32310813 5632148 -825
32310813 5632072 -775
32310813 5632650 -2875
32310694 5632650 -1175
32310813 5632650 -1165
32310813 5632585 -1125
32310813 5632513 -1075
32310813 5632446 -1025
32310813 5632386 -975
32310813 5632950 -2875
32310813 5632950 -1423
32310813 5632884 -1375
32310813 5632822 -1325
32310813 5632763 -1275
32310813 5632709 -1225
32310813 5632658 -1175
32310813 5633250 -2875
32310813 5633250 -1555
32310813 5633173 -1525
32310813 5633057 -1475
32310813 5632953 -1425
32310813 5633250 -2875
32310813 5633550 -2825
32310813 5633550 -2821
32310813 5633512 -2775
32310813 5633550 -2767
32310813 5633550 -1643
32310813 5633480 -1625
32310813 5633311 -1575
32310813 5633850 -2825
32310813 5633850 -2808
32310813 5633778 -2725
32310813 5633850 -2711
32310813 5633850 -2445
32310813 5633841 -2425
32310534 5633850 -2375
32310813 5633850 -2423
32310813 5633850 -1691
32310813 5633739 -1675
32310813 5633850 -2825
32310732 5634150 -2775
32310813 5634052 -2675
32310813 5634150 -2657
32310769 5634150 -2425
32310813 5634150 -2428
32310813 5634127 -2375
32310813 5634105 -2325
32310570 5634150 -2275
32310813 5634150 -2317
32310813 5634150 -1701
32310813 5634450 -2775
32310812 5634450 -2775
32310813 5634194 -2775
32310813 5634450 -2738
32310663 5634450 -2725
32310813 5634338 -2625
32310641 5634450 -2575
32310813 5634450 -2605
32310813 5634173 -2425
32310634 5634450 -2375
32310813 5634450 -2390
32310813 5634398 -2275
32310813 5634376 -2225
32310813 5634360 -2175
32310618 5634450 -2125
32310813 5634450 -2159
32310813 5634432 -1675
32310813 5634450 -1673
32310813 5634450 -2775
32310812 5634750 -2725
32310813 5634519 -2725
32310813 5634750 -2725
32310813 5634750 -2679
32310768 5634750 -2675
32310813 5634640 -2575
32310666 5634750 -2525
32310813 5634750 -2551
32310813 5634528 -2375
32310747 5634750 -2325
32310813 5634750 -2331
32310813 5634654 -2125
32310813 5634631 -2075
32310634 5634750 -2025
32310813 5634750 -2055
32310656 5634750 -1975
32310813 5634676 -1625
32310813 5634750 -1609
32310813 5634750 -2725
32310812 5635050 -2675
32310813 5634769 -2675
32310813 5635050 -2675
32310813 5634969 -2625
32310571 5635050 -2575
32310813 5635050 -2604
32310813 5634928 -2525
32310813 5634906 -2475
32310649 5635050 -2425
32310813 5635050 -2453
32310813 5634776 -2325
32310813 5634969 -2275
32310592 5635050 -2225
32310813 5635050 -2253
32310813 5634941 -2025
32310813 5634919 -1975
32310813 5634895 -1925
32310813 5634872 -1875
32310681 5635050 -1825
32310813 5635050 -1847
32310813 5634856 -1575
32310813 5635006 -1525
32310573 5635050 -1475
32310813 5635050 -1510
32310813 5635050 -2675
32310813 5635050 -2625
32310813 5635150 -2575
32310813 5635350 -2575
32310813 5635317 -2525
32310531 5635350 -2475
32310813 5635350 -2515
32310813 5635246 -2425
32310813 5635188 -2375
32310654 5635350 -2325
32310813 5635350 -2351
32310813 5635140 -2225
32310813 5635296 -2175
32310601 5635350 -2125
32310813 5635350 -2157
32310813 5635194 -1825
32310813 5635171 -1775
32310813 5635148 -1725
32310711 5635350 -1675
32310813 5635350 -1691
32310717 5635350 -1625
32310813 5635135 -1475
32310813 5635252 -1425
32310777 5635350 -1375
32310813 5635350 -1381
32310813 5635350 -2575
32310812 5635650 -2525
32310813 5635650 -2525
32310813 5635468 -2475
32310813 5635614 -2425
32310580 5635650 -2375
32310813 5635650 -2412
32310813 5635546 -2325
32310813 5635487 -2275
32310645 5635650 -2225
32310813 5635650 -2252
32310813 5635439 -2125
32310813 5635574 -2075
32310687 5635650 -2025
32310813 5635650 -2046
32310813 5635463 -1675
32310813 5635456 -1625
32310813 5635434 -1575
32310813 5635412 -1525
32310813 5635390 -1475
32310743 5635650 -1425
32310813 5635650 -1436
32310813 5635363 -1375
32310759 5635650 -1375
32310813 5635470 -1325
32310813 5635573 -1275
32310753 5635650 -1225
32310813 5635650 -1236
32310813 5635650 -2525
32310813 5635650 -2475
32310812 5635950 -2425
32310813 5635950 -2425
32310813 5635750 -2375
32310813 5635883 -2325
32310675 5635950 -2275
32310813 5635950 -2299
32310813 5635860 -2225
32310813 5635800 -2175
32310813 5635741 -2125
32310674 5635950 -2075
32310813 5635950 -2097
32310813 5635705 -2025
32310813 5635830 -1975
32310803 5635950 -1925
32310813 5635950 -1926
32310546 5635950 -1875
32310813 5635726 -1425
32310813 5635705 -1375
32310813 5635685 -1325
32310813 5635665 -1275
32310813 5635786 -1175
32310813 5635950 -1216
32310786 5635950 -1175
32310804 5635950 -1125
32310813 5635896 -1125
32310681 5635950 -1075
32310813 5635950 -1100
32310813 5635950 -2425
32310813 5635950 -2375
32310812 5636250 -2325
32310813 5636250 -2325
32310813 5636011 -2275
32310813 5636135 -2225
32310793 5636250 -2175
32310813 5636250 -2178
32310541 5636250 -2125
32310813 5636124 -2075
32310813 5636065 -2025
32310649 5636250 -1975
32310813 5636250 -2001
32310813 5635954 -1925
32310697 5636250 -1925
32310813 5636074 -1875
32310813 5636193 -1825
32310689 5636250 -1775
32310813 5636250 -1801
32310813 5635978 -1175
32310813 5635959 -1125
32310813 5636251 -2325
32310813 5636250 -2275
32310812 5636550 -2225
32310813 5636550 -2225
32310813 5636258 -2175
32310813 5636376 -2125
32310813 5636493 -2075
32310693 5636550 -2025
32310813 5636550 -2050
32310813 5636457 -1975
32310813 5636396 -1925
32310813 5636337 -1875
32310665 5636550 -1825
32310813 5636550 -1848
32310813 5636309 -1775
32310713 5636550 -1775
32310813 5636423 -1725
32310630 5636310 -1744
32310813 5636537 -1675
32310621 5636550 -1625
32310813 5636550 -1669
32310813 5636551 -2225
32310813 5636550 -2175
32310811 5636850 -2125
32310813 5636850 -2125
32310813 5636607 -2025
32310813 5636717 -1975
32310813 5636826 -1925
32310648 5636850 -1875
32310813 5636850 -1914
32310813 5636739 -1825
32310813 5636678 -1775
32310813 5636617 -1725
32310672 5636850 -1675
32310813 5636850 -1696
32310813 5636644 -1625
32310719 5636850 -1625
32310813 5636749 -1575
32310807 5636850 -1525
32310813 5636850 -1526
32310614 5636850 -1475
32310813 5636851 -2125
32310813 5636851 -2075
32310811 5637150 -2025
32310813 5637150 -2025
32310811 5637150 -1975
32310813 5636931 -1875
32310813 5637033 -1825
32310813 5637134 -1775
32310652 5637150 -1725
32310813 5637150 -1767
32310813 5637035 -1675
32310813 5636972 -1625
32310813 5636910 -1575
32310711 5637150 -1475
32310813 5636947 -1475
32310813 5637150 -1490
32310813 5637041 -1425
32310758 5637150 -1425
32310813 5637132 -1375
32310673 5637150 -1325
32310813 5637150 -1365
32310813 5637151 -2025
32310813 5637151 -1975
32310813 5637151 -1925
32310811 5637450 -1875
32310813 5637450 -1875
32310811 5637450 -1825
32310813 5637231 -1725
32310813 5637327 -1675
32310813 5637420 -1625
32310695 5637450 -1575
32310813 5637450 -1608
32310524 5637450 -1525
32310813 5637285 -1475
32310813 5637224 -1425
32310813 5637162 -1375
32310813 5637219 -1325
32310813 5637450 -1343
32310689 5637450 -1325
32310813 5637303 -1275
32310733 5637450 -1275
32310777 5637450 -1225
32310813 5637384 -1225
32310784 5637450 -1175
32310813 5637450 -1183
32310625 5637450 -1125
32310813 5637451 -1875
32310813 5637451 -1825
32310813 5637469 -1775
32310811 5637750 -1725
32310813 5637750 -1730
32310811 5637750 -1675
32310813 5637513 -1575
32310813 5637605 -1525
32310813 5637695 -1475
32310752 5637750 -1425
32310813 5637750 -1444
32310595 5637750 -1375
32310813 5637612 -1325
32310813 5637554 -1275
32310813 5637497 -1225
32310704 5637750 -1125
32310813 5637546 -1125
32310813 5637750 -1140
32310813 5637625 -1075
32310746 5637750 -1075
32310788 5637750 -1025
32310813 5637703 -1025
32310656 5637750 -975
32310813 5637750 -1012
32310568 5637750 -925
32310813 5637751 -1725
32310813 5637751 -1675
32310811 5638050 -1625
32310813 5638050 -1625
32310811 5638050 -1575
32310812 5638050 -1525
32310813 5637812 -1425
32310813 5637971 -1375
32310769 5638050 -1325
32310813 5638050 -1350
32310682 5638050 -1275
32310596 5638050 -1225
32310512 5638050 -1175
32310813 5637858 -1125
32310813 5637816 -1075
32310813 5637774 -1025
32310813 5638051 -1625
32310813 5638051 -1575
32310813 5638051 -1525
32310813 5638056 -1475
32310811 5638350 -1425
32310813 5638350 -1426
32310812 5638350 -1375
32310813 5638101 -1325
32310813 5638202 -1275
32310813 5638302 -1225
32310747 5638350 -1175
32310813 5638350 -1201
32310623 5638350 -1125
32310813 5638351 -1425
32310813 5638350 -1375
32310813 5638350 -1325
32310812 5638650 -1275
32310813 5638650 -1275
32310812 5638650 -1225
32310813 5638408 -1175
32310812 5638650 -1175
32310813 5638518 -1125
32310813 5638627 -1075
32310725 5638650 -1025
32310813 5638650 -1064
32310616 5638650 -975
32310813 5638651 -1275
32310813 5638650 -1225
32310813 5638650 -1175
32310812 5638950 -1125
32310813 5638950 -1125
32310812 5638950 -1075
32310813 5638751 -1025
32310812 5638950 -1025
32310813 5638881 -975
32310761 5638950 -925
32310813 5638950 -949
32310654 5638950 -875
32310544 5638950 -825
32310813 5638950 -1125
32310813 5638950 -1075
32310813 5638950 -1025
32310813 5638950 -975
32310813 5639020 -925
32310813 5639250 -925
32310812 5639250 -925
32310813 5639250 -875
32310813 5639173 -875
32310813 5639250 -851
32310664 5639250 -775
32310564 5639250 -725
32310813 5639250 -925
32310813 5639250 -875
32310813 5639550 -775
32310813 5639550 -775
32310813 5639444 -775
32310813 5639550 -736
32310558 5639550 -575
32310813 5639550 -775
32310813 5639850 -575
32310813 5639850 -575
32310813 5639827 -575
32310813 5639850 -560
32310570 5639850 -375
32311114 5623650 -2779
32311114 5623677 -2775
32311114 5623950 -2730
32311114 5624250 -2730
32311114 5624550 -2729
32311114 5624850 -2729
32311114 5625150 -2729
32311114 5625450 -2729
32311114 5625750 -2728
32311114 5626050 -2728
32311114 5626350 -2728
32311114 5626650 -2728
32311114 5626950 -2728
32311114 5627250 -2727
32311114 5627550 -2727
32311114 5627850 -2727
32311099 5628150 -2775
32311114 5628134 -2775
32311114 5628150 -2777
32311114 5628450 -2792
32311103 5628750 -2825
32311114 5628663 -2825
32311114 5628750 -2826
32311114 5629050 -2827
32310818 5629050 -75
32310867 5629050 -25
32310909 5629050 25
32310945 5629050 75
32311042 5629050 125
32311068 5629050 175
32311104 5629050 325
32311114 5629050 313
32311114 5629048 325
32311114 5629044 375
32311077 5629050 375
32311114 5629050 376
32311105 5629350 -2875
32311114 5629340 -2875
32311114 5629350 -2876
32310848 5629350 -225
32310950 5629350 -175
32311049 5629350 -125
32311114 5629350 -90
32311114 5629339 -75
32311114 5629308 -25
32311114 5629278 25
32311114 5629250 75
32311114 5629151 125
32311114 5629118 175
32311114 5629090 225
32311114 5629066 275
32311114 5629234 425
32311114 5629230 475
32311103 5629650 -2875
32311114 5629650 -2876
32311114 5629650 -578
32311114 5629648 -575
32311114 5629625 -525
32311114 5629600 -475
32311114 5629574 -425
32311114 5629546 -375
32311114 5629516 -325
32311114 5629484 -275
32311114 5629449 -225
32311114 5629413 -175
32311114 5629375 -125
32311114 5629950 -2876
32310963 5629950 -925
32311114 5629950 -963
32311114 5629912 -925
32311114 5629867 -875
32311114 5629825 -825
32311114 5629786 -775
32311114 5629749 -725
32311114 5629714 -675
32311114 5629680 -625
32311114 5630250 -2876
32311100 5630250 -1125
32311114 5630250 -1130
32311114 5630239 -1125
32311114 5630142 -1075
32310970 5630250 -1075
32311114 5630051 -1025
32310832 5630250 -1025
32311114 5629967 -975
32311114 5630550 -2876
32311070 5630550 -1175
32311114 5630550 -1195
32311114 5630452 -1175
32310962 5630550 -1125
32310852 5630550 -1075
32311114 5630850 -2875
32311088 5630850 -1175
32311114 5630850 -1188
32310994 5630850 -1125
32310900 5630850 -1075
32311114 5631150 -2875
32311114 5630913 -1175
32311114 5631129 -1125
32311037 5631150 -1075
32311114 5631150 -1119
32310950 5631150 -1025
32310864 5631150 -975
32311114 5631450 -2875
32311114 5631271 -1075
32311114 5631394 -1025
32311070 5631450 -975
32311114 5631450 -1000
32310984 5631450 -925
32310899 5631450 -875
32311114 5631750 -2875
32311114 5631516 -975
32311114 5631635 -925
32311114 5631742 -875
32311019 5631750 -825
32311114 5631750 -871
32310915 5631750 -775
32311114 5632050 -2875
32311108 5632050 -825
32311114 5632050 -826
32310887 5632050 -775
32311114 5632350 -2875
32311114 5632350 -939
32311114 5632307 -925
32311114 5632171 -875
32311114 5632650 -2875
32310864 5632650 -1175
32311114 5632650 -1223
32311114 5632589 -1175
32311114 5632531 -1125
32311114 5632477 -1075
32311114 5632427 -1025
32311114 5632381 -975
32311114 5632950 -2875
32311114 5632950 -1391
32311114 5632915 -1375
32311114 5632817 -1325
32311114 5632730 -1275
32311114 5632652 -1225
32311114 5633250 -2875
32310852 5633250 -2825
32311114 5633250 -2839
32311114 5633238 -2825
32311114 5633250 -2822
32311114 5633250 -1526
32311114 5633246 -1525
32311114 5633125 -1475
32311114 5633016 -1425
32311113 5633550 -2875
32311114 5633550 -2875
32311114 5633550 -2836
32310880 5633550 -2825
32310852 5633550 -2775
32311114 5633550 -2823
32311075 5633550 -1625
32311114 5633550 -1622
32311114 5633394 -1575
32311114 5633550 -2875
32311114 5633850 -2825
32311114 5633803 -2825
32311114 5633808 -2775
32311114 5633850 -2823
32310886 5633850 -2725
32311114 5633850 -2767
32310821 5633850 -2425
32311114 5633850 -1679
32311114 5633824 -1675
32311114 5633564 -1625
32311114 5634150 -2825
32311114 5634150 -2825
32311114 5634150 -2797
32311114 5634084 -2725
32310908 5634150 -2675
32311114 5634150 -2713
32311114 5634150 -2440
32311114 5634143 -2425
32311114 5634122 -2375
32310857 5634150 -2325
32311114 5634150 -2370
32311114 5634150 -1699
32311114 5634150 -2825
32311114 5634450 -2775
32311114 5634324 -2775
32311114 5634450 -2758
32311114 5634369 -2675
32310918 5634450 -2625
32311114 5634450 -2660
32311114 5634292 -2425
32311114 5634450 -2408
32311114 5634413 -2325
32311114 5634391 -2275
32310886 5634450 -2225
32311114 5634450 -2264
32310900 5634450 -2175
32310857 5634450 -1675
32311114 5634450 -1684
32311114 5634450 -2775
32311114 5634637 -2725
32311114 5634750 -2725
32311114 5634750 -2704
32311114 5634667 -2625
32311114 5634616 -2575
32311114 5634750 -2552
32311114 5634645 -2375
32311114 5634750 -2357
32311114 5634688 -2225
32311114 5634666 -2175
32311114 5634644 -2125
32310926 5634750 -2075
32311114 5634750 -2107
32311114 5634506 -1675
32311006 5634750 -1625
32311114 5634750 -1633
32311114 5634750 -2725
32311114 5634879 -2675
32311114 5635050 -2675
32311008 5635050 -2625
32311114 5635050 -2635
32311114 5634929 -2525
32310937 5635050 -2475
32311114 5635050 -2506
32311114 5634887 -2325
32311006 5635050 -2275
32311114 5635050 -2286
32311114 5634951 -2075
32311114 5634928 -2025
32311114 5634905 -1975
32310956 5635050 -1925
32311114 5635050 -1951
32310978 5635050 -1875
32311114 5634782 -1625
32311114 5634960 -1575
32310927 5635050 -1525
32311114 5635050 -1549
32311114 5635050 -2675
32311114 5635089 -2625
32311114 5635350 -2625
32311113 5635350 -2625
32311114 5635269 -2575
32310891 5635350 -2525
32311114 5635350 -2552
32311114 5635261 -2475
32311114 5635205 -2425
32310947 5635350 -2375
32311114 5635350 -2403
32311114 5635090 -2275
32311114 5635261 -2225
32310940 5635350 -2175
32311114 5635350 -2198
32311114 5635221 -1925
32311114 5635198 -1875
32311114 5635175 -1825
32311114 5635152 -1775
32310997 5635350 -1725
32311114 5635350 -1744
32311114 5635115 -1525
32311114 5635246 -1475
32311063 5635350 -1425
32311114 5635350 -1433
32311114 5635350 -2625
32311113 5635650 -2575
32311114 5635650 -2575
32311114 5635436 -2525
32311114 5635591 -2475
32310898 5635650 -2425
32311114 5635650 -2456
32311114 5635554 -2375
32311114 5635496 -2325
32310945 5635650 -2275
32311114 5635650 -2303
32311114 5635419 -2175
32311114 5635565 -2125
32310985 5635650 -2075
32311114 5635650 -2095
32311114 5635478 -1725
32311114 5635456 -1675
32311114 5635433 -1625
32311114 5635411 -1575
32311028 5635650 -1525
32311114 5635650 -1539
32311047 5635650 -1475
32311114 5635370 -1425
32311114 5635483 -1375
32311114 5635592 -1325
32311000 5635650 -1275
32311114 5635650 -1297
32311114 5635650 -2575
32311114 5635650 -2525
32311113 5635950 -2475
32311114 5635950 -2475
32311114 5635737 -2425
32311114 5635877 -2375
32310966 5635950 -2325
32311114 5635950 -2349
32311114 5635861 -2275
32311114 5635801 -2225
32310932 5635950 -2175
32311114 5635950 -2205
32310980 5635950 -2125
32311114 5635705 -2075
32311114 5635837 -2025
32311075 5635950 -1975
32311114 5635950 -1982
32311114 5635744 -1525
32311114 5635722 -1475
32311114 5635701 -1425
32311114 5635681 -1375
32311055 5635950 -1325
32311114 5635950 -1334
32311114 5635701 -1275
32311073 5635950 -1275
32311114 5635812 -1225
32310875 5635950 -1225
32311114 5635922 -1175
32310932 5635950 -1125
32311114 5635950 -1162
32311114 5635950 -2475
32311113 5636250 -2425
32311114 5636250 -2425
32311113 5636250 -2375
32311114 5636012 -2325
32311114 5636142 -2275
32311066 5636250 -2225
32311114 5636250 -2233
32311114 5636178 -2175
32311114 5636118 -2125
32311114 5636059 -2075
32310960 5636250 -2025
32311114 5636250 -2049
32311114 5635967 -1975
32311114 5636092 -1925
32311114 5636217 -1875
32310930 5636250 -1825
32311114 5636250 -1861
32311114 5636013 -1325
32311114 5635993 -1275
32311114 5635974 -1225
32311114 5635954 -1175
32311114 5636250 -1076
32311103 5636250 -1075
32311114 5636171 -1075
32311114 5636250 -1045
32311114 5636251 -2425
32311114 5636250 -2375
32311112 5636550 -2325
32311114 5636550 -2325
32311113 5636550 -2275
32311114 5636271 -2225
32311114 5636393 -2175
32311114 5636515 -2125
32310933 5636550 -2075
32311114 5636550 -2110
32311114 5636444 -2025
32311114 5636384 -1975
32310934 5636550 -1925
32311114 5636550 -1953
32310982 5636550 -1875
32311114 5636337 -1825
32311114 5636455 -1775
32311066 5636550 -1725
32311114 5636550 -1735
32310837 5636550 -1675
32311114 5636261 -1075
32311114 5636551 -2325
32311114 5636551 -2275
32311112 5636850 -2225
32311114 5636850 -2225
32311113 5636850 -2175
32311114 5636632 -2075
32311114 5636747 -2025
32311090 5636850 -1975
32311114 5636850 -1980
32311114 5636781 -1925
32310861 5636850 -1925
32311114 5636719 -1875
32311114 5636658 -1825
32310947 5636850 -1775
32311114 5636850 -1801
32311114 5636573 -1725
32310994 5636850 -1725
32311114 5636683 -1675
32311114 5636793 -1625
32311013 5636850 -1575
32311114 5636850 -1598
32311114 5636851 -2225
32311114 5636851 -2175
32311112 5637150 -2125
32311114 5637150 -2125
32311112 5637150 -2075
32311114 5636861 -1975
32311114 5636968 -1925
32311114 5637075 -1875
32311053 5637150 -1825
32311114 5637150 -1839
32311114 5637069 -1775
32310845 5637150 -1775
32311114 5637006 -1725
32311114 5636944 -1675
32311114 5636890 -1625
32311019 5636907 -1597
32311114 5636898 -1575
32311114 5637150 -1596
32310994 5637150 -1575
32311114 5636996 -1525
32311040 5637150 -1525
32311114 5637093 -1475
32311036 5637150 -1425
32311114 5637150 -1445
32310849 5637150 -1375
32311114 5637151 -2125
32311114 5637151 -2075
32311114 5637151 -2025
32311112 5637450 -1975
32311114 5637450 -1975
32311112 5637450 -1925
32311114 5637179 -1825
32311114 5637280 -1775
32311114 5637379 -1725
32311062 5637450 -1675
32311114 5637450 -1688
32310873 5637450 -1625
32311114 5637310 -1575
32311114 5637248 -1525
32311114 5637186 -1475
32311025 5637205 -1445
32311114 5637187 -1425
32311114 5637450 -1445
32310979 5637450 -1425
32311024 5637450 -1375
32311114 5637275 -1375
32310928 5637188 -1393
32311114 5637361 -1325
32311114 5637445 -1275
32310953 5637450 -1225
32311114 5637450 -1271
32311114 5637451 -1975
32311114 5637451 -1925
32311112 5637750 -1875
32311114 5637750 -1875
32311112 5637750 -1825
32311086 5637750 -1775
32311114 5637477 -1675
32311114 5637574 -1625
32311114 5637670 -1575
32311089 5637750 -1525
32311114 5637750 -1532
32310873 5637750 -1475
32311114 5637591 -1425
32311114 5637544 -1375
32311114 5637498 -1325
32311114 5637452 -1275
32311114 5637577 -1225
32311114 5637750 -1233
32311046 5637750 -1225
32311114 5637708 -1175
32311098 5637750 -1175
32311052 5637750 -1125
32311114 5637750 -1158
32310960 5637750 -1075
32310868 5637750 -1025
32311114 5637752 -1875
32311114 5637751 -1825
32311114 5637751 -1775
32311112 5638050 -1725
32311114 5638050 -1725
32311113 5638050 -1675
32311114 5637775 -1525
32311114 5637994 -1475
32311045 5638050 -1425
32311114 5638050 -1446
32310889 5638050 -1375
32311114 5637817 -1225
32311114 5637766 -1175
32311090 5638050 -1025
32311114 5637996 -1025
32311114 5638050 -1028
32311114 5638050 -996
32311114 5638051 -1725
32311114 5638051 -1675
32311114 5638051 -1625
32311112 5638350 -1575
32311114 5638350 -1575
32311113 5638350 -1525
32311106 5638350 -1475
32311114 5638099 -1425
32311114 5638213 -1375
32311114 5638326 -1325
32311006 5638350 -1275
32311114 5638350 -1314
32310874 5638350 -1225
32311114 5638076 -1025
32311114 5638351 -1575
32311114 5638351 -1525
32311114 5638350 -1475
32311113 5638650 -1425
32311114 5638650 -1425
32311113 5638650 -1375
32311113 5638650 -1325
32311114 5638452 -1275
32311114 5638583 -1225
32311057 5638650 -1175
32311114 5638650 -1199
32310943 5638650 -1125
32310835 5638650 -1075
32311114 5638651 -1425
32311114 5638651 -1375
32311114 5638650 -1325
32311113 5638950 -1275
32311114 5638950 -1275
32311113 5638950 -1225
32311114 5638721 -1175
32311114 5638950 -1175
32311114 5638872 -1125
32311061 5638950 -1075
32311114 5638950 -1099
32310958 5638950 -1025
32310861 5638950 -975
32311114 5638951 -1275
32311114 5638950 -1225
32311114 5638950 -1175
32311113 5639250 -1125
32311114 5639250 -1125
32311114 5639027 -1075
32311114 5639250 -1075
32311114 5639250 -1025
32311114 5639189 -1025
32311114 5639250 -1006
32310949 5639250 -925
32310855 5639250 -875
32311114 5639250 -1125
32311114 5639250 -1075
32311114 5639250 -1025
32311114 5639550 -925
32311114 5639550 -925
32311114 5639469 -925
32311114 5639550 -895
32310883 5639550 -775
32311114 5639550 -925
32310831 5639850 -575
32311415 5623650 -2780
32311415 5623680 -2775
32311415 5623950 -2730
32311415 5624250 -2730
32311415 5624550 -2729
32311415 5624850 -2729
32311415 5625150 -2729
32311415 5625450 -2729
32311415 5625750 -2729
32311415 5626050 -2728
32311415 5626350 -2728
32311415 5626650 -2728
32311415 5626950 -2728
32311404 5627250 -2775
32311415 5627239 -2775
32311415 5627250 -2776
32311405 5627550 -2775
32311415 5627550 -2776
32311399 5627850 -2775
32311415 5627850 -2780
32311402 5628150 -2825
32311415 5628121 -2825
32311415 5628150 -2827
32311309 5628450 -2825
32311415 5628450 -2827
32311406 5628750 -2875
32311415 5628741 -2875
32311415 5628750 -2876
32311405 5629050 -2875
32311415 5629050 -2876
32311116 5629050 325
32311122 5629050 375
32311415 5629350 -2876
32311130 5629350 -75
32311180 5629350 -25
32311227 5629350 25
32311270 5629350 75
32311311 5629350 125
32311349 5629350 175
32311380 5629350 225
32311400 5629350 275
32311413 5629350 325
32311415 5629350 338
32311415 5629347 375
32311415 5629344 425
32311415 5629341 475
32311415 5629650 -2876
32311120 5629650 -575
32311203 5629650 -525
32311276 5629650 -475
32311341 5629650 -425
32311403 5629650 -375
32311415 5629650 -364
32311415 5629634 -325
32311415 5629613 -275
32311415 5629590 -225
32311415 5629565 -175
32311415 5629539 -125
32311415 5629512 -75
32311415 5629485 -25
32311415 5629458 25
32311415 5629432 75
32311415 5629408 125
32311415 5629386 175
32311415 5629369 225
32311415 5629358 275
32311415 5629351 325
32311415 5629950 -2876
32311415 5629950 -934
32311415 5629942 -925
32311415 5629906 -875
32311415 5629874 -825
32311415 5629844 -775
32311415 5629817 -725
32311415 5629792 -675
32311415 5629769 -625
32311415 5629747 -575
32311415 5629726 -525
32311415 5629704 -475
32311415 5629680 -425
32311415 5629655 -375
32311415 5630250 -2876
32311415 5630250 -1160
32311415 5630196 -1125
32311415 5630124 -1075
32311415 5630057 -1025
32311415 5629995 -975
32311415 5630550 -2875
32311247 5630550 -1225
32311415 5630550 -1263
32311415 5630434 -1225
32311415 5630290 -1175
32311415 5630850 -2875
32311382 5630850 -1275
32311415 5630850 -1285
32311415 5630705 -1275
32311228 5630850 -1225
32311415 5631150 -2875
32311415 5630922 -1275
32311380 5631150 -1225
32311415 5631150 -1239
32311254 5631150 -1175
32311127 5631150 -1125
32311415 5631450 -2875
32311415 5631193 -1225
32311415 5631337 -1175
32311399 5631450 -1125
32311415 5631450 -1131
32311285 5631450 -1075
32311170 5631450 -1025
32311415 5631750 -2875
32311415 5631466 -1125
32311415 5631578 -1075
32311415 5631680 -1025
32311382 5631750 -975
32311415 5631750 -988
32311255 5631750 -925
32311124 5631750 -875
32311415 5632050 -2875
32311415 5631791 -975
32311415 5631938 -925
32311368 5632050 -875
32311415 5632050 -884
32311415 5632350 -2875
32311362 5632350 -1025
32311415 5632350 -1044
32311415 5632310 -1025
32311415 5632213 -975
32311220 5632350 -975
32311415 5632121 -925
32311415 5632650 -2875
32311415 5632650 -1179
32311415 5632637 -1175
32311415 5632515 -1125
32311415 5632408 -1075
32311415 5632950 -2875
32311214 5632950 -1375
32311415 5632950 -1339
32311415 5632918 -1325
32311415 5632815 -1275
32311415 5632724 -1225
32311415 5633250 -2875
32311415 5633250 -2846
32311415 5633233 -2825
32311415 5633250 -2821
32311122 5633250 -1525
32311415 5633250 -1478
32311415 5633241 -1475
32311415 5633123 -1425
32311415 5633018 -1375
32311415 5633550 -2875
32311415 5633550 -2840
32311415 5633550 -2822
32311415 5633550 -1583
32311415 5633521 -1575
32311415 5633373 -1525
32311415 5633850 -2875
32311415 5633850 -2875
32311230 5633850 -2825
32311415 5633850 -2828
32311415 5633805 -2775
32311415 5633850 -2766
32311168 5633850 -1675
32311415 5633850 -1653
32311415 5633719 -1625
32311415 5633850 -2875
32311415 5634150 -2825
32311415 5633890 -2825
32311415 5634150 -2805
32311415 5634078 -2725
32311415 5634150 -2711
32311415 5634150 -2443
32311415 5634142 -2425
32311141 5634150 -2375
32311415 5634150 -2423
32311415 5634150 -1687
32311415 5634033 -1675
32311415 5634254 -2825
32311415 5634412 -2775
32311415 5634450 -2780
32311415 5634450 -2770
32311415 5634359 -2675
32311415 5634450 -2658
32311415 5634369 -2425
32311415 5634431 -2375
32311415 5634450 -2418
32311415 5634409 -2325
32311171 5634450 -2275
32311415 5634450 -2317
32311415 5634450 -1686
32311415 5634750 -2775
32311415 5634750 -2775
32311415 5634734 -2725
32311415 5634750 -2722
32311415 5634651 -2625
32311234 5634750 -2575
32311415 5634750 -2608
32311413 5634750 -2375
32311415 5634750 -2375
32311415 5634704 -2275
32311415 5634682 -2225
32311415 5634660 -2175
32311215 5634750 -2125
32311415 5634750 -2159
32311415 5634552 -1675
32311415 5634750 -1652
32311415 5634750 -2775
32311415 5635050 -2725
32311415 5635050 -2725
32311415 5634977 -2675
32311415 5635050 -2659
32311415 5634959 -2575
32311415 5634907 -2525
32311415 5635050 -2502
32311415 5634750 -2375
32311415 5634993 -2325
32311415 5635050 -2313
32311415 5634962 -2125
32311415 5634939 -2075
32311415 5634916 -2025
32311250 5635050 -1975
32311415 5635050 -2003
32311415 5634870 -1625
32311338 5635050 -1575
32311415 5635050 -1583
32311415 5635050 -2725
32311414 5635350 -2675
32311415 5635350 -2675
32311415 5635187 -2625
32311333 5635350 -2575
32311415 5635350 -2583
32311415 5635228 -2475
32311235 5635350 -2425
32311415 5635350 -2456
32311415 5635196 -2275
32311336 5635350 -2225
32311415 5635350 -2234
32311415 5635228 -1975
32311415 5635205 -1925
32311415 5635182 -1875
32311275 5635350 -1825
32311415 5635350 -1848
32311296 5635350 -1775
32311415 5635077 -1575
32311415 5635230 -1525
32311357 5635350 -1475
32311415 5635350 -1484
32311415 5635350 -2675
32311414 5635650 -2625
32311415 5635650 -2625
32311415 5635378 -2575
32311415 5635545 -2525
32311264 5635650 -2475
32311415 5635650 -2493
32311415 5635569 -2425
32311415 5635511 -2375
32311239 5635650 -2325
32311415 5635650 -2355
32311415 5635379 -2225
32311415 5635538 -2175
32311314 5635650 -2125
32311415 5635650 -2139
32311415 5635502 -1825
32311415 5635479 -1775
32311415 5635456 -1725
32311415 5635434 -1675
32311312 5635650 -1625
32311415 5635650 -1642
32311332 5635650 -1575
32311415 5635374 -1475
32311415 5635498 -1425
32311415 5635618 -1375
32311241 5635650 -1325
32311415 5635650 -1361
32311415 5635650 -2625
32311415 5635650 -2575
32311414 5635950 -2525
32311415 5635950 -2525
32311415 5635705 -2475
32311415 5635854 -2425
32311292 5635950 -2375
32311415 5635950 -2392
32311415 5635868 -2325
32311415 5635809 -2275
32311233 5635950 -2225
32311415 5635950 -2255
32311415 5635691 -2125
32311415 5635832 -2075
32311367 5635950 -2025
32311415 5635950 -2032
32311415 5635762 -1625
32311415 5635740 -1575
32311415 5635718 -1525
32311415 5635697 -1475
32311342 5635950 -1425
32311415 5635950 -1436
32311361 5635950 -1375
32311415 5635734 -1325
32311415 5635848 -1275
32311394 5635950 -1225
32311415 5635950 -1229
32311170 5635950 -1175
32311415 5635950 -2525
32311414 5636250 -2475
32311415 5636250 -2475
32311415 5635998 -2375
32311415 5636135 -2325
32311368 5636250 -2275
32311415 5636250 -2282
32311415 5636179 -2225
32311415 5636119 -2175
32311218 5636250 -2125
32311415 5636250 -2157
32311266 5636250 -2075
32311415 5635970 -2025
32311415 5636101 -1975
32311415 5636231 -1925
32311184 5636250 -1875
32311415 5636250 -1917
32311415 5636028 -1425
32311415 5636008 -1375
32311415 5635987 -1325
32311415 5635967 -1275
32311415 5635961 -1225
32311415 5636250 -1231
32311372 5636250 -1225
32311391 5636250 -1175
32311415 5636084 -1175
32311331 5635972 -1208
32311415 5636211 -1125
32311410 5636250 -1125
32311252 5636250 -1075
32311415 5636250 -1110
32311415 5636251 -2475
32311415 5636251 -2425
32311414 5636550 -2375
32311415 5636550 -2375
32311415 5636269 -2275
32311415 5636396 -2225
32311415 5636524 -2175
32311415 5636500 -2125
32311192 5636550 -2125
32311415 5636550 -2164
32311415 5636439 -2075
32311415 5636378 -2025
32311245 5636550 -1975
32311415 5636550 -2002
32311415 5636355 -1875
32311415 5636479 -1825
32311308 5636550 -1775
32311415 5636550 -1796
32311415 5636295 -1225
32311415 5636275 -1175
32311415 5636255 -1125
32311415 5636551 -2375
32311415 5636551 -2325
32311414 5636850 -2275
32311415 5636850 -2275
32311415 5636645 -2125
32311415 5636764 -2075
32311342 5636850 -2025
32311415 5636850 -2039
32311415 5636769 -1975
32311415 5636707 -1925
32311415 5636650 -1875
32311263 5636850 -1825
32311415 5636850 -1850
32311415 5636599 -1775
32311415 5636714 -1725
32311415 5636828 -1675
32311230 5636850 -1625
32311415 5636850 -1665
32311415 5636851 -2275
32311415 5636851 -2225
32311413 5637150 -2175
32311415 5637150 -2175
32311415 5636881 -2025
32311415 5636994 -1975
32311415 5637105 -1925
32311277 5637150 -1875
32311415 5637150 -1904
32311415 5637049 -1825
32311415 5636986 -1775
32311415 5637134 -1725
32311270 5637150 -1675
32311415 5637150 -1723
32311415 5636935 -1625
32311300 5637150 -1625
32311415 5637038 -1575
32311415 5637140 -1525
32311232 5637150 -1475
32311415 5637150 -1520
32311415 5637151 -2175
32311415 5637151 -2125
32311413 5637450 -2075
32311415 5637450 -2075
32311413 5637450 -2025
32311415 5637213 -1875
32311415 5637318 -1825
32311415 5637420 -1775
32311264 5637450 -1725
32311415 5637450 -1760
32311415 5637343 -1675
32311415 5637280 -1625
32311415 5637218 -1575
32311264 5637450 -1525
32311415 5637450 -1548
32311415 5637264 -1475
32311337 5637450 -1475
32311415 5637432 -1425
32311323 5637450 -1375
32311415 5637450 -1418
32311221 5637450 -1325
32311120 5637450 -1275
32311415 5637452 -2075
32311415 5637451 -2025
32311413 5637750 -1975
32311415 5637750 -1975
32311414 5637750 -1925
32311415 5637573 -1725
32311415 5637742 -1675
32311311 5637750 -1625
32311415 5637750 -1672
32311204 5637750 -1575
32311415 5637609 -1525
32311415 5637532 -1475
32311415 5637457 -1425
32311379 5637480 -1414
32311415 5637530 -1375
32311415 5637750 -1391
32311308 5637750 -1375
32311350 5637750 -1325
32311415 5637618 -1325
32311293 5637547 -1349
32311392 5637750 -1275
32311415 5637704 -1275
32311415 5637750 -1247
32311339 5637750 -1225
32311169 5637750 -1175
32311415 5637751 -1975
32311415 5637751 -1925
32311415 5637751 -1875
32311413 5638050 -1825
32311415 5638050 -1825
32311414 5638050 -1775
32311415 5637853 -1625
32311415 5637959 -1575
32311389 5638050 -1525
32311415 5638050 -1532
32311212 5638050 -1475
32311415 5637881 -1375
32311415 5637829 -1325
32311415 5637778 -1275
32311345 5638050 -1175
32311415 5637887 -1175
32311415 5638050 -1185
32311415 5637981 -1125
32311386 5638050 -1125
32311415 5638050 -1087
32311211 5638050 -1025
32311415 5638051 -1825
32311415 5638051 -1775
32311415 5638055 -1725
32311414 5638350 -1675
32311415 5638350 -1676
32311414 5638350 -1625
32311415 5638067 -1525
32311415 5638190 -1475
32311415 5638313 -1425
32311302 5638350 -1375
32311415 5638350 -1410
32311146 5638350 -1325
32311415 5638126 -1175
32311415 5638082 -1125
32311415 5638350 -975
32311410 5638350 -975
32311415 5638333 -975
32311415 5638350 -968
32311415 5638351 -1675
32311415 5638351 -1625
32311413 5638650 -1575
32311415 5638650 -1575
32311414 5638650 -1525
32311414 5638650 -1475
32311415 5638453 -1375
32311415 5638604 -1325
32311316 5638650 -1275
32311415 5638650 -1310
32311181 5638650 -1225
32311415 5638355 -975
32311415 5638651 -1575
32311415 5638651 -1525
32311415 5638651 -1475
32311414 5638950 -1425
32311415 5638950 -1425
32311414 5638950 -1375
32311415 5638950 -1325
32311415 5638767 -1275
32311415 5638938 -1225
32311295 5638950 -1175
32311415 5638950 -1221
32311173 5638950 -1125
32311415 5638951 -1425
32311415 5638950 -1375
32311415 5638950 -1325
32311415 5639192 -1275
32311415 5639250 -1225
32311415 5639250 -1269
32311415 5639100 -1175
32311415 5639250 -1175
32311415 5639250 -1129
32311403 5639250 -1125
32311278 5639250 -1075
32311157 5639250 -1025
32311415 5639250 -1225
32311415 5639250 -1175
32311415 5639550 -1075
32311415 5639395 -1075
32311415 5639550 -1075
32311415 5639550 -1025
32311415 5639527 -1025
32311415 5639550 -1016
32311188 5639550 -925
32311415 5639550 -1075
32311415 5639550 -1025
32311415 5639835 -875
32311415 5639850 -875
32311415 5639850 -875
32311415 5639850 -867
32311716 5623650 -2780
32311716 5623682 -2775
32311716 5623950 -2730
32311716 5624250 -2730
32311716 5624550 -2729
32311716 5624850 -2729
32311716 5625150 -2729
32311716 5625450 -2729
32311716 5625750 -2729
32311716 5626050 -2728
32311716 5626350 -2728
32311703 5626650 -2775
32311716 5626636 -2775
32311716 5626650 -2777
32311704 5626950 -2775
32311716 5626950 -2777
32311705 5627250 -2825
32311716 5627238 -2825
32311716 5627250 -2826
32311703 5627550 -2825
32311716 5627550 -2827
32311681 5627850 -2825
32311716 5627850 -2827
32311708 5628150 -2875
32311716 5628141 -2875
32311716 5628150 -2876
32311706 5628450 -2875
32311716 5628450 -2876
32311716 5628750 -2876
32311716 5629050 -2876
32311716 5629350 -2876
32311419 5629350 375
32311424 5629350 425
32311428 5629350 475
32311716 5629650 -2876
32311440 5629650 -325
32311472 5629650 -275
32311505 5629650 -225
32311538 5629650 -175
32311571 5629650 -125
32311605 5629650 -75
32311638 5629650 -25
32311671 5629650 25
32311703 5629650 75
32311716 5629650 97
32311716 5629638 125
32311716 5629620 175
32311716 5629603 225
32311716 5629589 275
32311716 5629578 325
32311716 5629569 375
32311716 5629561 425
32311716 5629554 475
32311716 5629950 -2876
32311428 5629950 -925
32311489 5629950 -875
32311541 5629950 -825
32311587 5629950 -775
32311626 5629950 -725
32311661 5629950 -675
32311692 5629950 -625
32311716 5629950 -579
32311716 5629948 -575
32311716 5629933 -525
32311716 5629918 -475
32311716 5629903 -425
32311716 5629887 -375
32311716 5629871 -325
32311716 5629852 -275
32311716 5629831 -225
32311716 5629808 -175
32311716 5629782 -125
32311716 5629753 -75
32311716 5629722 -25
32311716 5629691 25
32311716 5629662 75
32311716 5630250 -2875
32311530 5630250 -1125
32311672 5630250 -1075
32311716 5630250 -1057
32311716 5630219 -1025
32311716 5630176 -975
32311716 5630136 -925
32311716 5630100 -875
32311716 5630068 -825
32311716 5630038 -775
32311716 5630012 -725
32311716 5629988 -675
32311716 5629967 -625
32311716 5630550 -2875
32311716 5630550 -1241
32311716 5630519 -1225
32311716 5630431 -1175
32311716 5630349 -1125
32311716 5630274 -1075
32311716 5630850 -2875
32311716 5630850 -1310
32311716 5630692 -1275
32311716 5631150 -2875
32311604 5631150 -1275
32311716 5631150 -1296
32311716 5631450 -2875
32311716 5631231 -1275
32311716 5631404 -1225
32311580 5631450 -1175
32311716 5631450 -1210
32311716 5631747 -2875
32311576 5631750 -2875
32311716 5631750 -2874
32311700 5631750 -1175
32311716 5631750 -1185
32311623 5631750 -1125
32311668 5631750 -1075
32311555 5631750 -1025
32311606 5632050 -2875
32311716 5632050 -2874
32311716 5631776 -1175
32311716 5631898 -1125
32311716 5631899 -1075
32311662 5632050 -1025
32311716 5632050 -1056
32311576 5632050 -975
32311488 5632050 -925
32311716 5632350 -2925
32311716 5632319 -2925
32311716 5632350 -2925
32311716 5632222 -2875
32311630 5632350 -1025
32311716 5632284 -1025
32311716 5632350 -1016
32311716 5632650 -2925
32311716 5632650 -2925
32311437 5632650 -1175
32311649 5632650 -1125
32311716 5632650 -1107
32311716 5632532 -1075
32311716 5632374 -1025
32311716 5632652 -2925
32311716 5632950 -2875
32311473 5632950 -1325
32311663 5632950 -1275
32311716 5632950 -1259
32311716 5632871 -1225
32311716 5632768 -1175
32311716 5632679 -1125
32311716 5633250 -2875
32311456 5633250 -2825
32311431 5633250 -1475
32311648 5633250 -1425
32311716 5633250 -1407
32311716 5633173 -1375
32311716 5633068 -1325
32311716 5632976 -1275
32311716 5633550 -2875
32311716 5633550 -2834
32311716 5633530 -2825
32311716 5633550 -2823
32311466 5633550 -1575
32311716 5633550 -1527
32311716 5633541 -1525
32311716 5633406 -1475
32311716 5633287 -1425
32311716 5633850 -2875
32311716 5633791 -2825
32311593 5633850 -2825
32311716 5633850 -2822
32311716 5633810 -2775
32311716 5633850 -2767
32311634 5633850 -1625
32311716 5633850 -1613
32311716 5633705 -1575
32311716 5633851 -2875
32311716 5634150 -2825
32311716 5634150 -2803
32311483 5634150 -2725
32311716 5634150 -2770
32311423 5634150 -2425
32311583 5634150 -1675
32311716 5634150 -1664
32311716 5633912 -1625
32311539 5634450 -2825
32311716 5634450 -2825
32311716 5634438 -2775
32311716 5634404 -2725
32311716 5634450 -2773
32311498 5634450 -2675
32311716 5634450 -2716
32311716 5634430 -2375
32311716 5634450 -2419
32311455 5634450 -2325
32311716 5634450 -2371
32311716 5634450 -1681
32311716 5634334 -1675
32311716 5634450 -2825
32311716 5634750 -2775
32311495 5634750 -2725
32311716 5634750 -2731
32311716 5634693 -2675
32311716 5634704 -2625
32311716 5634750 -2616
32311716 5634750 -2385
32311716 5634723 -2325
32311716 5634700 -2275
32311716 5634678 -2225
32311502 5634750 -2175
32311716 5634750 -2212
32311716 5634556 -1675
32311716 5634750 -1664
32311716 5634761 -2775
32311716 5634786 -2725
32311716 5635050 -2727
32311691 5635050 -2675
32311716 5635050 -2676
32311716 5634943 -2575
32311539 5635050 -2525
32311716 5635050 -2557
32311716 5634807 -2375
32311592 5635050 -2325
32311716 5635050 -2332
32311716 5634976 -2175
32311716 5634954 -2125
32311520 5635050 -2075
32311716 5635050 -2108
32311541 5635050 -2025
32311716 5634985 -1625
32311716 5635050 -1614
32311716 5635350 -2725
32311716 5635350 -2725
32311716 5635056 -2675
32311716 5635272 -2625
32311716 5635350 -2607
32311716 5635259 -2525
32311517 5635350 -2475
32311716 5635350 -2510
32311716 5635084 -2325
32311716 5635300 -2275
32311716 5635350 -2263
32311716 5635260 -2075
32311716 5635237 -2025
32311716 5635214 -1975
32311566 5635350 -1925
32311716 5635350 -1950
32311572 5635350 -1875
32311716 5635197 -1575
32311664 5635350 -1525
32311716 5635350 -1533
32311716 5635350 -2725
32311716 5635351 -2675
32311716 5635650 -2625
32311716 5635466 -2575
32311716 5635648 -2525
32311716 5635592 -2475
32311716 5635650 -2524
32311716 5635534 -2425
32311529 5635650 -2375
32311716 5635650 -2407
32311716 5635485 -2225
32311694 5635650 -2175
32311716 5635650 -2177
32311716 5635514 -1925
32311716 5635506 -1875
32311716 5635482 -1825
32311716 5635459 -1775
32311594 5635650 -1725
32311716 5635650 -1745
32311615 5635650 -1675
32311716 5635373 -1525
32311716 5635514 -1475
32311715 5635650 -1425
32311716 5635650 -1425
32311478 5635650 -1375
32311716 5635650 -2625
32311715 5635950 -2575
32311716 5635950 -2575
32311716 5635807 -2475
32311676 5635950 -2425
32311716 5635950 -2429
32311716 5635883 -2375
32311716 5635824 -2325
32311528 5635950 -2275
32311716 5635950 -2307
32311716 5635658 -2175
32311716 5635809 -2125
32311694 5635950 -2075
32311716 5635950 -2078
32311716 5635783 -1725
32311716 5635760 -1675
32311716 5635737 -1625
32311716 5635715 -1575
32311629 5635950 -1525
32311716 5635950 -1539
32311649 5635950 -1475
32311716 5635650 -1425
32311716 5635773 -1375
32311716 5635893 -1325
32311606 5635950 -1275
32311716 5635950 -1300
32311716 5635951 -2575
32311715 5636250 -2525
32311716 5636250 -2525
32311716 5635964 -2425
32311716 5636107 -2375
32311716 5636250 -2325
32311716 5636250 -2325
32311716 5636188 -2275
32311716 5636126 -2225
32311519 5636250 -2175
32311716 5636250 -2208
32311716 5635959 -2075
32311716 5636096 -2025
32311716 5636233 -1975
32311456 5636250 -1925
32311716 5636250 -1968
32311716 5636044 -1525
32311716 5636022 -1475
32311716 5636001 -1425
32311716 5635980 -1375
32311660 5636250 -1325
32311716 5636250 -1334
32311716 5636011 -1275
32311679 5636250 -1275
32311716 5636133 -1225
32311489 5635986 -1235
32311708 5636250 -1175
32311716 5636250 -1176
32311482 5636250 -1125
32311716 5636251 -2525
32311716 5636251 -2475
32311715 5636550 -2425
32311716 5636550 -2425
32311716 5636250 -2325
32311716 5636382 -2275
32311716 5636515 -2225
32311716 5636503 -2175
32311480 5636550 -2175
32311716 5636550 -2211
32311716 5636441 -2125
32311502 5636550 -2075
32311716 5636550 -2110
32311550 5636550 -2025
32311716 5636362 -1925
32311716 5636489 -1875
32311570 5636550 -1825
32311716 5636550 -1851
32311716 5636310 -1325
32311716 5636289 -1275
32311716 5636269 -1225
32311693 5636550 -1125
32311716 5636384 -1125
32311716 5636550 -1128
32311716 5636519 -1075
32311712 5636550 -1075
32311716 5636550 -1064
32311716 5636551 -2425
32311714 5636850 -2375
32311716 5636850 -2375
32311715 5636850 -2325
32311716 5636641 -2175
32311716 5636765 -2125
32311624 5636850 -2075
32311716 5636850 -2090
32311716 5636830 -2075
32311716 5636766 -2025
32311716 5636703 -1975
32311525 5636850 -1925
32311716 5636850 -1956
32311568 5636850 -1875
32311716 5636613 -1825
32311716 5636732 -1775
32311712 5636850 -1725
32311716 5636850 -1725
32311461 5636850 -1675
32311716 5636575 -1125
32311716 5636554 -1075
32311716 5636852 -2375
32311716 5636851 -2325
32311714 5637150 -2275
32311716 5637150 -2275
32311715 5637150 -2225
32311716 5636886 -2075
32311716 5637003 -2025
32311716 5637118 -1975
32311716 5637103 -1925
32311522 5637150 -1925
32311716 5637150 -1961
32311716 5637039 -1875
32311716 5636975 -1825
32311539 5637150 -1775
32311716 5637150 -1803
32311716 5636851 -1725
32311422 5637150 -1725
32311716 5636961 -1675
32311716 5637070 -1625
32311658 5637150 -1575
32311716 5637150 -1587
32311436 5637150 -1525
32311716 5637152 -2275
32311716 5637151 -2225
32311714 5637450 -2175
32311716 5637450 -2175
32311714 5637450 -2125
32311716 5637285 -1925
32311703 5637450 -1875
32311716 5637450 -1880
32311575 5637450 -1825
32311716 5637341 -1775
32311450 5637450 -1775
32311716 5637290 -1725
32311716 5637239 -1675
32311569 5637450 -1625
32311716 5637450 -1643
32311716 5637192 -1575
32311626 5637450 -1575
32311716 5637354 -1525
32311653 5637450 -1475
32311716 5637450 -1494
32311439 5637450 -1425
32311716 5637452 -2175
32311716 5637452 -2125
32311716 5637482 -2075
32311714 5637750 -2025
32311716 5637750 -2030
32311716 5637461 -1875
32311716 5637570 -1825
32311716 5637677 -1775
32311646 5637750 -1725
32311716 5637750 -1740
32311425 5637750 -1675
32311716 5637608 -1625
32311716 5637547 -1575
32311716 5637487 -1525
32311641 5637506 -1494
32311716 5637487 -1475
32311716 5637750 -1494
32311592 5637750 -1475
32311636 5637750 -1425
32311716 5637582 -1425
32311506 5637480 -1438
32311716 5637674 -1375
32311689 5637750 -1325
32311716 5637750 -1332
32311511 5637750 -1275
32311716 5637751 -2025
32311716 5637751 -1975
32311714 5638050 -1925
32311716 5638050 -1925
32311715 5638050 -1875
32311716 5637785 -1725
32311716 5637897 -1675
32311716 5638007 -1625
32311588 5638050 -1575
32311716 5638050 -1605
32311716 5637903 -1475
32311716 5637849 -1425
32311716 5637795 -1375
32311716 5637764 -1325
32311716 5638050 -1343
32311594 5638050 -1325
32311636 5638050 -1275
32311716 5637863 -1275
32311638 5637784 -1309
32311716 5637959 -1225
32311677 5638050 -1225
32311711 5638050 -1175
32311716 5638050 -1176
32311541 5638050 -1125
32311716 5638052 -1925
32311716 5638051 -1875
32311714 5638350 -1825
32311716 5638350 -1825
32311715 5638350 -1775
32311709 5638350 -1725
32311716 5638128 -1575
32311716 5638256 -1525
32311662 5638350 -1475
32311716 5638350 -1488
32311470 5638350 -1425
32311716 5638185 -1325
32311716 5638138 -1275
32311716 5638092 -1225
32311662 5638350 -1125
32311716 5638179 -1125
32311716 5638350 -1133
32311716 5638307 -1075
32311703 5638350 -1075
32311716 5638350 -1058
32311437 5638350 -975
32311716 5638352 -1825
32311716 5638351 -1775
32311716 5638351 -1725
32311715 5638650 -1675
32311716 5638650 -1675
32311715 5638650 -1625
32311716 5638393 -1475
32311716 5638551 -1425
32311643 5638650 -1375
32311716 5638650 -1394
32311466 5638650 -1325
32311716 5638403 -1125
32311716 5638362 -1075
32311716 5638651 -1675
32311716 5638651 -1625
32311716 5638651 -1575
32311715 5638950 -1525
32311716 5638950 -1525
32311715 5638950 -1475
32311716 5638722 -1375
32311716 5638907 -1325
32311587 5638950 -1275
32311716 5638950 -1313
32311426 5638950 -1225
32311716 5638951 -1525
32311716 5638951 -1475
32311716 5638950 -1425
32311715 5639250 -1375
32311716 5639250 -1375
32311716 5639250 -1325
32311716 5639085 -1275
32311477 5639250 -1275
32311716 5639250 -1228
32311705 5639250 -1225
32311551 5639250 -1175
32311716 5639250 -1375
32311716 5639250 -1325
32311716 5639250 -1275
32311716 5639550 -1225
32311716 5639260 -1225
32311716 5639550 -1225
32311716 5639550 -1175
32311716 5639406 -1175
32311716 5639550 -1125
32311575 5639550 -1075
32311438 5639550 -1025
32311716 5639550 -1225
32311716 5639550 -1175
32311716 5639850 -1025
32311716 5639772 -1025
32311716 5639850 -1025
32311716 5639850 -989
32311433 5639850 -875
32312018 5623650 -2780
32312018 5623718 -2775
32312018 5623950 -2736
32312018 5624250 -2730
32312018 5624550 -2729
32312018 5624850 -2729
32312018 5625150 -2729
32312018 5625450 -2729
32312018 5625750 -2729
32312018 5626050 -2728
32312002 5626350 -2775
32312018 5626334 -2775
32312018 5626350 -2777
32312018 5626650 -2778
32312004 5626950 -2825
32312018 5626936 -2825
32312018 5626950 -2827
32312018 5627250 -2827
32312005 5627550 -2875
32312018 5627536 -2875
32312018 5627550 -2877
32312000 5627850 -2875
32312018 5627850 -2877
32312018 5628150 -2877
32312018 5628450 -2877
32312018 5628750 -2876
32312018 5629050 -2876
32312018 5629350 -2876
32312018 5629650 -2876
32311726 5629650 125
32311741 5629650 175
32311755 5629650 225
32311767 5629650 275
32311779 5629650 325
32311789 5629650 375
32311799 5629650 425
32311808 5629650 475
32312018 5629950 -2876
32311718 5629950 -575
32311732 5629950 -525
32311746 5629950 -475
32311759 5629950 -425
32311772 5629950 -375
32311784 5629950 -325
32311797 5629950 -275
32311810 5629950 -225
32311824 5629950 -175
32311838 5629950 -125
32311853 5629950 -75
32311868 5629950 -25
32311884 5629950 25
32311899 5629950 75
32311916 5629950 125
32311933 5629950 175
32311951 5629950 225
32311970 5629950 275
32311990 5629950 325
32312010 5629950 375
32312018 5629950 395
32312018 5629933 425
32312018 5629909 475
32312018 5630250 -2876
32311751 5630250 -1025
32311801 5630250 -975
32311846 5630250 -925
32311886 5630250 -875
32311922 5630250 -825
32311954 5630250 -775
32311983 5630250 -725
32312007 5630250 -675
32312018 5630250 -647
32312018 5630243 -625
32312018 5630232 -575
32312018 5630222 -525
32312018 5630214 -475
32312018 5630207 -425
32312018 5630201 -375
32312018 5630195 -325
32312018 5630188 -275
32312018 5630181 -225
32312018 5630172 -175
32312018 5630162 -125
32312018 5630149 -75
32312018 5630135 -25
32312018 5630119 25
32312018 5630100 75
32312018 5630081 125
32312018 5630059 175
32312018 5630035 225
32312018 5630010 275
32312018 5629985 325
32312018 5629959 375
32312018 5630550 -2875
32311756 5630550 -1225
32311868 5630550 -1175
32311970 5630550 -1125
32312018 5630550 -1099
32312018 5630525 -1075
32312018 5630479 -1025
32312018 5630437 -975
32312018 5630398 -925
32312018 5630363 -875
32312018 5630332 -825
32312018 5630304 -775
32312018 5630280 -725
32312018 5630259 -675
32312018 5630850 -2875
32311912 5630850 -1275
32312018 5630850 -1254
32312018 5630787 -1225
32312018 5630687 -1175
32312018 5630594 -1125
32312018 5631150 -2875
32312018 5631150 -1289
32312018 5631026 -1275
32312018 5631450 -2875
32311998 5631450 -1325
32312018 5631450 -1332
32312018 5631400 -1325
32311872 5631450 -1275
32311750 5631450 -1225
32311719 5631750 -2875
32312018 5631750 -2923
32312018 5631472 -1325
32312018 5631613 -1275
32312018 5631740 -1225
32312018 5631750 -1220
32311981 5632050 -2925
32312018 5631856 -2925
32312018 5632050 -2925
32312018 5632050 -2880
32312018 5632047 -2875
32312018 5632050 -2874
32312018 5631851 -1175
32312018 5631952 -1125
32312018 5632044 -1075
32312018 5632050 -1072
32312018 5632350 -2925
32312018 5632148 -2875
32312018 5632191 -1025
32311982 5632350 -975
32312018 5632333 -975
32312018 5632350 -968
32312018 5632650 -2925
32311821 5632650 -1075
32311967 5632650 -1025
32312018 5632650 -1006
32312018 5632394 -975
32312011 5632950 -2925
32312018 5632950 -2925
32311820 5632950 -1225
32311956 5632950 -1175
32312018 5632950 -1150
32312018 5632887 -1125
32312018 5632777 -1075
32312018 5632682 -1025
32312017 5633250 -2925
32312018 5633250 -2925
32311828 5633250 -1375
32311984 5633250 -1325
32312018 5633250 -1313
32312018 5633167 -1275
32312018 5633071 -1225
32312018 5632987 -1175
32312018 5633250 -2925
32312018 5633550 -2875
32311866 5633550 -2825
32311729 5633550 -1525
32311935 5633550 -1475
32312018 5633550 -1453
32312018 5633479 -1425
32312018 5633369 -1375
32312018 5633270 -1325
32312018 5633850 -2875
32311753 5633850 -2775
32311936 5633850 -1575
32312018 5633850 -1559
32312018 5633742 -1525
32312018 5633604 -1475
32312014 5634150 -2875
32312018 5634150 -2875
32312018 5634150 -2790
32312018 5634136 -2775
32312018 5634150 -2772
32312018 5634150 -1630
32312018 5634122 -1625
32312018 5633908 -1575
32312018 5634150 -2875
32312018 5634450 -2825
32312018 5634348 -2775
32311772 5634422 -2772
32312018 5634450 -2767
32312018 5634411 -2725
32312018 5634450 -2718
32311735 5634450 -2375
32311847 5634450 -1675
32312018 5634450 -1666
32312017 5634750 -2825
32312018 5634750 -2825
32312018 5634750 -2732
32312018 5634694 -2675
32311756 5634750 -2625
32312018 5634750 -2665
32312018 5634750 -2386
32312018 5634745 -2375
32312018 5634722 -2325
32311764 5634750 -2275
32312018 5634750 -2320
32311785 5634750 -2225
32312018 5634750 -1669
32312018 5634750 -2825
32311993 5635050 -2775
32312018 5635050 -2775
32312018 5634793 -2725
32312018 5635050 -2684
32312018 5634988 -2625
32311809 5635050 -2575
32312018 5635050 -2614
32312018 5634828 -2375
32312018 5635050 -2344
32312018 5635017 -2275
32312018 5634994 -2225
32312018 5634972 -2175
32311808 5635050 -2125
32312018 5635050 -2161
32311849 5635050 -1625
32312018 5635050 -1638
32312018 5635050 -2775
32312018 5635350 -2725
32312018 5635094 -2675
32312018 5635338 -2625
32312018 5635297 -2575
32312018 5635350 -2622
32312018 5635270 -2525
32312018 5635350 -2512
32312018 5635146 -2325
32311878 5635350 -2275
32312018 5635350 -2284
32312018 5635273 -2125
32312018 5635250 -2075
32312018 5635226 -2025
32311844 5635350 -1975
32312018 5635350 -2004
32312018 5635115 -1625
32312009 5635350 -1575
32312018 5635350 -1576
32312018 5635350 -2725
32312014 5635650 -2675
32312018 5635650 -2675
32312018 5635539 -2575
32311723 5635650 -2525
32312018 5635650 -2547
32312018 5635566 -2475
32311811 5635650 -2425
32312018 5635650 -2462
32312018 5635388 -2275
32312018 5635584 -2225
32312018 5635650 -2208
32312018 5635536 -1975
32312018 5635512 -1925
32312018 5635489 -1875
32311872 5635650 -1825
32312018 5635650 -1849
32311894 5635650 -1775
32312018 5635354 -1575
32312018 5635520 -1525
32311966 5635650 -1475
32312018 5635650 -1484
32312018 5635650 -2675
32312016 5635950 -2625
32312018 5635950 -2625
32312018 5635726 -2525
32312018 5635896 -2475
32312018 5635908 -2425
32312018 5635950 -2459
32312018 5635848 -2375
32311817 5635950 -2325
32312018 5635950 -2360
32312018 5635759 -2175
32312018 5635923 -2125
32312018 5635950 -2116
32312018 5635808 -1825
32312018 5635784 -1775
32312018 5635760 -1725
32311892 5635950 -1675
32312018 5635950 -1695
32311913 5635950 -1625
32311934 5635950 -1575
32312018 5635676 -1475
32312018 5635809 -1425
32312018 5635937 -1375
32311819 5635950 -1325
32312018 5635950 -1369
32312018 5635951 -2625
32312016 5636250 -2575
32312018 5636250 -2575
32312018 5636053 -2425
32312018 5636204 -2375
32312018 5636206 -2325
32312018 5636250 -2359
32312018 5636144 -2275
32311813 5636250 -2225
32312018 5636250 -2260
32312018 5636071 -2075
32312018 5636215 -2025
32311758 5636250 -1975
32312018 5636250 -2012
32312018 5636086 -1675
32312018 5636063 -1625
32312018 5636040 -1575
32312018 5636018 -1525
32311927 5636250 -1475
32312018 5636250 -1489
32311947 5636250 -1425
32311967 5636250 -1375
32312018 5636059 -1325
32312018 5636178 -1275
32311930 5636250 -1225
32312018 5636250 -1244
32312018 5636251 -2575
32312018 5636251 -2525
32312016 5636550 -2475
32312018 5636550 -2475
32312018 5636346 -2325
32312018 5636483 -2275
32311817 5636550 -2225
32312018 5636550 -2250
32312018 5636516 -2225
32311820 5636506 -2210
32312018 5636453 -2175
32311800 5636550 -2125
32312018 5636550 -2162
32312018 5636350 -1975
32312018 5636482 -1925
32311862 5636550 -1875
32312018 5636550 -1899
32312018 5636348 -1475
32312018 5636326 -1425
32312018 5636304 -1375
32312018 5636283 -1325
32311959 5636550 -1275
32312018 5636550 -1284
32312018 5636297 -1225
32311979 5636550 -1225
32312018 5636422 -1175
32311998 5636550 -1175
32312017 5636550 -1125
32312018 5636550 -1125
32311770 5636550 -1075
32312018 5636551 -2475
32312015 5636850 -2425
32312018 5636850 -2425
32312018 5636616 -2225
32312018 5636744 -2175
32311956 5636850 -2125
32312018 5636850 -2133
32312018 5636838 -2125
32312018 5636773 -2075
32311780 5636850 -2025
32312018 5636850 -2065
32311828 5636850 -1975
32312018 5636610 -1875
32312018 5636734 -1825
32311999 5636850 -1775
32312018 5636850 -1778
32312018 5636608 -1275
32312018 5636588 -1225
32312018 5636569 -1175
32312018 5636852 -2425
32312018 5636851 -2375
32312015 5637150 -2325
32312018 5637150 -2325
32312018 5636870 -2125
32312018 5636991 -2075
32311756 5637150 -1975
32312018 5637150 -2017
32312018 5637057 -1975
32312018 5637004 -1925
32311816 5637150 -1875
32312018 5637150 -1902
32311874 5637150 -1825
32312018 5636862 -1775
32312018 5637060 -1725
32311944 5637150 -1675
32312018 5637150 -1702
32311812 5637150 -1625
32312018 5637152 -2325
32312018 5637151 -2275
32312015 5637450 -2225
32312018 5637450 -2225
32312018 5637349 -1975
32311982 5637450 -1925
32312018 5637450 -1930
32312018 5637376 -1875
32312018 5637310 -1825
32312018 5637245 -1775
32311862 5637450 -1725
32312018 5637450 -1750
32312018 5637209 -1675
32311909 5637450 -1675
32312018 5637315 -1625
32312018 5637420 -1575
32311852 5637450 -1525
32312018 5637450 -1560
32312018 5637452 -2225
32312018 5637451 -2175
32312015 5637750 -2125
32312018 5637750 -2125
32311982 5637750 -2075
32312018 5637463 -1925
32312018 5637576 -1875
32312018 5637687 -1825
32311900 5637750 -1775
32312018 5637750 -1796
32312018 5637658 -1725
32312018 5637595 -1675
32312018 5637532 -1625
32311867 5637750 -1575
32312018 5637750 -1599
32312018 5637522 -1525
32311913 5637750 -1525
32312018 5637622 -1475
32312018 5637720 -1425
32311879 5637750 -1375
32312018 5637750 -1409
32312018 5637752 -2125
32312018 5637751 -2075
32312015 5638050 -2025
32312018 5638050 -2025
32312015 5638050 -1975
32312018 5637800 -1775
32312018 5637915 -1725
32312018 5638029 -1675
32311810 5638050 -1625
32312018 5638050 -1665
32312018 5637942 -1575
32312018 5637883 -1525
32312018 5637825 -1475
32311876 5638050 -1425
32312018 5638050 -1447
32312018 5637821 -1375
32311919 5638050 -1375
32312018 5637923 -1325
32311798 5637795 -1338
32312018 5638023 -1275
32311884 5638050 -1225
32312018 5638050 -1261
32312018 5638052 -2025
32312018 5638052 -1975
32312015 5638350 -1925
32312018 5638350 -1925
32312015 5638350 -1875
32312018 5638156 -1625
32312018 5638286 -1575
32311890 5638350 -1525
32312018 5638350 -1550
32312018 5638215 -1425
32312018 5638163 -1375
32312018 5638112 -1325
32311903 5638350 -1275
32312018 5638350 -1292
32312018 5638139 -1225
32311946 5638350 -1225
32312018 5638262 -1175
32311988 5638350 -1175
32311961 5638350 -1125
32312018 5638350 -1139
32311775 5638350 -1075
32312018 5638352 -1925
32312018 5638352 -1875
32312018 5638351 -1825
32312015 5638650 -1775
32312018 5638650 -1775
32312016 5638650 -1725
32312018 5638430 -1525
32312018 5638591 -1475
32311859 5638650 -1425
32312018 5638650 -1457
32312018 5638470 -1275
32312018 5638425 -1225
32312018 5638380 -1175
32312001 5638650 -1075
32312018 5638579 -1075
32312018 5638650 -1077
32312018 5638650 -1056
32312018 5638652 -1775
32312018 5638651 -1725
32312018 5638667 -1675
32312016 5638950 -1625
32312018 5638950 -1628
32312016 5638950 -1575
32312018 5638774 -1425
32311990 5638950 -1375
32312018 5638950 -1380
32311765 5638950 -1325
32312018 5638665 -1075
32312018 5638951 -1625
32312018 5638951 -1575
32312016 5639250 -1525
32312018 5639250 -1525
32312016 5639250 -1475
32312017 5639250 -1425
32312018 5638973 -1375
32312018 5639176 -1325
32311890 5639250 -1275
32312018 5639250 -1307
32312018 5639251 -1525
32312018 5639251 -1475
32312018 5639250 -1425
32312018 5639268 -1375
32312017 5639550 -1325
32312018 5639550 -1329
32312018 5639361 -1275
32312017 5639550 -1275
32312018 5639536 -1225
32311867 5639550 -1175
32312018 5639550 -1221
32312018 5639550 -1325
32312018 5639550 -1275
32312018 5639550 -1225
32312018 5639669 -1175
32312018 5639850 -1175
32312017 5639850 -1175
32312018 5639798 -1125
32312017 5639850 -1125
32312018 5639850 -1104
32311804 5639850 -1025
32312253 5623950 -2775
32312319 5623950 -2780
32312319 5623650 -2780
32312319 5623981 -2775
32312319 5624250 -2730
32312319 5624550 -2729
32312319 5624850 -2729
32312319 5625150 -2729
32312319 5625450 -2729
32312319 5625750 -2729
32312319 5626050 -2729
32312319 5626327 -2775
32312319 5626350 -2778
32312302 5626650 -2825
32312319 5626632 -2825
32312319 5626650 -2827
32312309 5626950 -2875
32312319 5626940 -2875
32312319 5626950 -2876
32312303 5627250 -2875
32312319 5627250 -2877
32312319 5627550 -2878
32312319 5627850 -2877
32312319 5628150 -2877
32312319 5628450 -2877
32312319 5628750 -2876
32312319 5629050 -2876
32312319 5629350 -2876
32312319 5629650 -2876
32312319 5629950 -2876
32312029 5629950 425
32312047 5629950 475
32312319 5630250 -2876
32312024 5630250 -625
32312035 5630250 -575
32312044 5630250 -525
32312051 5630250 -475
32312057 5630250 -425
32312062 5630250 -375
32312066 5630250 -325
32312071 5630250 -275
32312076 5630250 -225
32312082 5630250 -175
32312089 5630250 -125
32312097 5630250 -75
32312108 5630250 -25
32312119 5630250 25
32312133 5630250 75
32312147 5630250 125
32312162 5630250 175
32312179 5630250 225
32312196 5630250 275
32312214 5630250 325
32312232 5630250 375
32312251 5630250 425
32312269 5630250 475
32312319 5630550 -2875
32312044 5630550 -1075
32312093 5630550 -1025
32312138 5630550 -975
32312179 5630550 -925
32312216 5630550 -875
32312250 5630550 -825
32312280 5630550 -775
32312306 5630550 -725
32312319 5630550 -697
32312319 5630543 -675
32312319 5630530 -625
32312319 5630519 -575
32312319 5630511 -525
32312319 5630506 -475
32312319 5630501 -425
32312319 5630498 -375
32312319 5630496 -325
32312319 5630494 -275
32312319 5630491 -225
32312319 5630489 -175
32312319 5630485 -125
32312319 5630481 -75
32312319 5630476 -25
32312319 5630469 25
32312319 5630460 75
32312319 5630449 125
32312319 5630437 175
32312319 5630422 225
32312319 5630404 275
32312319 5630384 325
32312319 5630362 375
32312319 5630339 425
32312319 5630314 475
32312319 5630850 -2875
32312080 5630850 -1225
32312181 5630850 -1175
32312274 5630850 -1125
32312319 5630850 -1098
32312319 5630824 -1075
32312319 5630775 -1025
32312319 5630730 -975
32312319 5630689 -925
32312319 5630652 -875
32312319 5630618 -825
32312319 5630588 -775
32312319 5630562 -725
32312319 5631150 -2875
32312319 5631150 -1308
32312319 5631096 -1275
32312319 5631021 -1225
32312319 5630950 -1175
32312319 5630882 -1125
32312319 5631450 -2879
32312091 5631450 -1325
32312319 5631450 -1302
32312106 5631750 -2925
32312319 5631748 -2925
32312319 5631750 -2925
32312319 5631547 -1275
32312319 5631712 -1225
32312319 5631750 -1212
32312319 5632050 -2925
32312029 5632050 -2875
32312319 5631833 -1175
32312319 5631936 -1125
32312319 5632029 -1075
32312319 5632050 -1063
32312319 5632350 -2925
32312319 5632134 -1025
32312319 5632238 -975
32312271 5632350 -925
32312319 5632334 -925
32312319 5632350 -916
32312319 5632650 -2925
32312105 5632650 -975
32312238 5632650 -925
32312319 5632650 -893
32312319 5632950 -2925
32312081 5632950 -1125
32312199 5632950 -1075
32312309 5632950 -1025
32312319 5632950 -1020
32312319 5632829 -975
32312319 5632714 -925
32312319 5633250 -2925
32312124 5633250 -1275
32312253 5633250 -1225
32312319 5633250 -1198
32312319 5633202 -1175
32312319 5633110 -1125
32312319 5633028 -1075
32312319 5632956 -1025
32312318 5633550 -2925
32312319 5633550 -2925
32312116 5633550 -1425
32312279 5633550 -1375
32312319 5633550 -1362
32312319 5633471 -1325
32312319 5633376 -1275
32312319 5633291 -1225
32312319 5633552 -2925
32312319 5633850 -2875
32312176 5633850 -1525
32312319 5633850 -1492
32312319 5633804 -1475
32312319 5633683 -1425
32312319 5633575 -1375
32312319 5634150 -2875
32312214 5634150 -2775
32312057 5634150 -1625
32312319 5634150 -1585
32312319 5634112 -1575
32312319 5633947 -1525
32312318 5634450 -2875
32312319 5634450 -2875
32312054 5634450 -2725
32312319 5634450 -1642
32312319 5634352 -1625
32312319 5634450 -2875
32312319 5634750 -2825
32312230 5634750 -2725
32312066 5634750 -2675
32312319 5634750 -2376
32312319 5634749 -2375
32312044 5634750 -2325
32312319 5634750 -2374
32312319 5634750 -1664
32312318 5635050 -2825
32312319 5635050 -2825
32312319 5635042 -2675
32312319 5635050 -2682
32312172 5635050 -2625
32312319 5635050 -2669
32312319 5634767 -2375
32312319 5635040 -2325
32312319 5635050 -2345
32312319 5635017 -2275
32312319 5635041 -2225
32312092 5635050 -2175
32312319 5635050 -2223
32312319 5635050 -1652
32312319 5635051 -2825
32312318 5635350 -2775
32312319 5635350 -2775
32312319 5635090 -2675
32312151 5635265 -2639
32312319 5635330 -2625
32312319 5635350 -2628
32312135 5635350 -2625
32312319 5635291 -2575
32312083 5635350 -2525
32312319 5635350 -2565
32312319 5635174 -2325
32312319 5635350 -2296
32312319 5635291 -2175
32312319 5635267 -2125
32312112 5635350 -2075
32312319 5635350 -2111
32312134 5635350 -2025
32312319 5635241 -1625
32312319 5635350 -1609
32312319 5635351 -2775
32312318 5635650 -2725
32312319 5635650 -2725
32312319 5635366 -2625
32312319 5635588 -2575
32312319 5635608 -2525
32312319 5635650 -2561
32312086 5635650 -2475
32312319 5635650 -2518
32312319 5635446 -2275
32312251 5635650 -2225
32312319 5635650 -2229
32312319 5635573 -2075
32312319 5635548 -2025
32312319 5635524 -1975
32312145 5635650 -1925
32312319 5635650 -1954
32312168 5635650 -1875
32312319 5635489 -1575
32312258 5635650 -1525
32312319 5635650 -1534
32312319 5635651 -2725
32312317 5635950 -2675
32312319 5635950 -2675
32312319 5635783 -2525
32312245 5635950 -2475
32312319 5635950 -2479
32312319 5635943 -2475
32312319 5635883 -2425
32312098 5635950 -2375
32312319 5635950 -2415
32312319 5635667 -2225
32312319 5635847 -2175
32312100 5635950 -2125
32312319 5635950 -2146
32312319 5635839 -1925
32312319 5635814 -1875
32312319 5635789 -1825
32312170 5635950 -1775
32312319 5635950 -1799
32312192 5635950 -1725
32312319 5635679 -1525
32312319 5635827 -1475
32312282 5635950 -1425
32312319 5635950 -1432
32312041 5635950 -1375
32312319 5635951 -2675
32312317 5636250 -2625
32312319 5636250 -2625
32312319 5635965 -2475
32312319 5636126 -2425
32312189 5636250 -2375
32312319 5636250 -2386
32312319 5636235 -2375
32312319 5636173 -2325
32312099 5636250 -2275
32312319 5636250 -2314
32312319 5636015 -2125
32312319 5636168 -2075
32312119 5636250 -2025
32312319 5636250 -2048
32312319 5636113 -1775
32312319 5636088 -1725
32312319 5636064 -1675
32312319 5636040 -1625
32312209 5636250 -1575
32312319 5636250 -1593
32312231 5636250 -1525
32312319 5635968 -1425
32312319 5636094 -1375
32312319 5636215 -1325
32312154 5636250 -1275
32312319 5636250 -1310
32312319 5636251 -2625
32312319 5636259 -2575
32312317 5636550 -2525
32312319 5636550 -2526
32312319 5636282 -2375
32312319 5636425 -2325
32312255 5636550 -2275
32312319 5636550 -2281
32312319 5636541 -2275
32312319 5636476 -2225
32312091 5636550 -2175
32312319 5636550 -2215
32312319 5636314 -2025
32312319 5636451 -1975
32312210 5636550 -1925
32312319 5636550 -1939
32312319 5636370 -1575
32312319 5636338 -1525
32312319 5636317 -1475
32312289 5636550 -1425
32312319 5636550 -1429
32312264 5636550 -1375
32312286 5636550 -1325
32312319 5636423 -1275
32312259 5636550 -1225
32312319 5636550 -1249
32312137 5636550 -1175
32312319 5636551 -2525
32312316 5636850 -2475
32312319 5636850 -2475
32312319 5636566 -2275
32312319 5636698 -2225
32312319 5636793 -2125
32312319 5636850 -2167
32312074 5636850 -2075
32312319 5636850 -2117
32312319 5636615 -1925
32312319 5636845 -1875
32312162 5636850 -1825
32312319 5636850 -1874
32312319 5636580 -1425
32312319 5636605 -1375
32312319 5636583 -1325
32312319 5636561 -1275
32312301 5636850 -1175
32312319 5636736 -1175
32312319 5636850 -1185
32312319 5636850 -1131
32312319 5636852 -2475
32312319 5636852 -2425
32312317 5637150 -2375
32312319 5637150 -2375
32312319 5637031 -2125
32312242 5637150 -2075
32312319 5637150 -2097
32312319 5637125 -2075
32312072 5637150 -2025
32312319 5637055 -2025
32312319 5637150 -2012
32312101 5637150 -1975
32312148 5637150 -1925
32312319 5636967 -1825
32312319 5637086 -1775
32312164 5637150 -1725
32312319 5637150 -1748
32312319 5636869 -1175
32312319 5637152 -2375
32312316 5637450 -2325
32312319 5637450 -2325
32312317 5637450 -2275
32312319 5637203 -2075
32312319 5637321 -2025
32312319 5637389 -1925
32312319 5637450 -1969
32312319 5637321 -1875
32312117 5637450 -1825
32312319 5637450 -1859
32312165 5637450 -1775
32312319 5637202 -1725
32312319 5637313 -1675
32312319 5637423 -1625
32312098 5637450 -1575
32312319 5637450 -1612
32312319 5637452 -2325
32312319 5637452 -2275
32312316 5637750 -2225
32312319 5637750 -2225
32312316 5637750 -2175
32312319 5637553 -1925
32312319 5637668 -1875
32312219 5637750 -1825
32312319 5637750 -1838
32312319 5637731 -1825
32312319 5637665 -1775
32312319 5637603 -1725
32312129 5637750 -1675
32312319 5637750 -1707
32312174 5637750 -1625
32312319 5637531 -1575
32312319 5637636 -1525
32312319 5637740 -1475
32312092 5637750 -1425
32312319 5637750 -1470
32312319 5637752 -2225
32312319 5637752 -2175
32312316 5638050 -2125
32312319 5638050 -2125
32312316 5638050 -2075
32312319 5637782 -1825
32312319 5637900 -1775
32312319 5638013 -1725
32312319 5638005 -1675
32312078 5638050 -1675
32312319 5638050 -1710
32312319 5637943 -1625
32312149 5638050 -1575
32312319 5638050 -1603
32312143 5638050 -1525
32312187 5638050 -1475
32312319 5637847 -1425
32312319 5637953 -1375
32312303 5638050 -1325
32312319 5638050 -1328
32312075 5638050 -1275
32312319 5638052 -2125
32312319 5638052 -2075
32312317 5638350 -2025
32312319 5638350 -2025
32312316 5638350 -1975
32312319 5638141 -1675
32312319 5638270 -1625
32312185 5638350 -1575
32312319 5638350 -1594
32312319 5638307 -1575
32312319 5638270 -1525
32312319 5638213 -1475
32312319 5638157 -1425
32312171 5638350 -1375
32312319 5638350 -1399
32312319 5638057 -1325
32312214 5638350 -1325
32312319 5638178 -1275
32312319 5638298 -1225
32312181 5638350 -1175
32312319 5638350 -1203
32312319 5638351 -2025
32312319 5638352 -1975
32312319 5638352 -1925
32312316 5638650 -1875
32312319 5638650 -1875
32312316 5638650 -1825
32312319 5638409 -1575
32312319 5638566 -1525
32312143 5638650 -1475
32312319 5638650 -1498
32312319 5638519 -1375
32312319 5638468 -1325
32312319 5638419 -1275
32312221 5638650 -1225
32312319 5638650 -1241
32312319 5638440 -1175
32312264 5638650 -1175
32312319 5638603 -1125
32312306 5638650 -1125
32312120 5638650 -1075
32312319 5638650 -1110
32312319 5638652 -1875
32312319 5638652 -1825
32312316 5638950 -1775
32312319 5638950 -1775
32312317 5638950 -1725
32312297 5638950 -1675
32312319 5638744 -1475
32312319 5638948 -1425
32312319 5638950 -1424
32312319 5638752 -1225
32312319 5638706 -1175
32312319 5638662 -1125
32312296 5638950 -1075
32312319 5638822 -1075
32312319 5638950 -1078
32312319 5638950 -1049
32312319 5638952 -1775
32312319 5638952 -1725
32312319 5638951 -1675
32312317 5639250 -1625
32312319 5639250 -1625
32312317 5639250 -1575
32312319 5639175 -1375
32312116 5639250 -1325
32312319 5639250 -1359
32312319 5638972 -1075
32312319 5639251 -1625
32312319 5639251 -1575
32312319 5639251 -1525
32312317 5639550 -1475
32312319 5639550 -1475
32312318 5639550 -1425
32312292 5639550 -1375
32312319 5639386 -1325
32312269 5639550 -1275
32312319 5639550 -1285
32312034 5639550 -1225
32312319 5639551 -1475
32312319 5639551 -1425
32312319 5639550 -1375
32312318 5639850 -1325
32312319 5639850 -1325
32312319 5639579 -1275
32312318 5639850 -1275
32312318 5639850 -1225
32312319 5639725 -1225
32312319 5639850 -1182
32312289 5639850 -1175
32312091 5639850 -1125
32312620 5623650 -2780
32312620 5623950 -2780
32312620 5624052 -2775
32312620 5624250 -2741
32312620 5624550 -2729
32312620 5624850 -2729
32312620 5625150 -2729
32312620 5625450 -2729
32312620 5625750 -2730
32312595 5626050 -2775
32312620 5626014 -2775
32312620 5626050 -2779
32312597 5626350 -2825
32312620 5626327 -2825
32312620 5626350 -2828
32312620 5626650 -2828
32312620 5626928 -2875
32312620 5626950 -2878
32312620 5627250 -2878
32312620 5627550 -2878
32312620 5627850 -2877
32312620 5628150 -2877
32312620 5628450 -2877
32312620 5628750 -2877
32312620 5629050 -2876
32312620 5629350 -2876
32312620 5629650 -2876
32312620 5629950 -2876
32312620 5630250 -2876
32312620 5630550 -2876
32312326 5630550 -675
32312341 5630550 -625
32312352 5630550 -575
32312361 5630550 -525
32312368 5630550 -475
32312374 5630550 -425
32312378 5630550 -375
32312382 5630550 -325
32312385 5630550 -275
32312388 5630550 -225
32312391 5630550 -175
32312396 5630550 -125
32312401 5630550 -75
32312409 5630550 -25
32312417 5630550 25
32312428 5630550 75
32312441 5630550 125
32312456 5630550 175
32312473 5630550 225
32312492 5630550 275
32312512 5630550 325
32312534 5630550 375
32312556 5630550 425
32312620 5630850 -2875
32312371 5630850 -1075
32312471 5630850 -1025
32312563 5630850 -975
32312620 5630850 -941
32312620 5630842 -925
32312551 5630850 -875
32312620 5630850 -915
32312593 5630850 -825
32312620 5630850 -789
32312620 5630843 -775
32312620 5630823 -725
32312620 5630805 -675
32312620 5630790 -625
32312620 5630776 -575
32312620 5630764 -525
32312620 5630753 -475
32312620 5630744 -425
32312620 5630736 -375
32312620 5630729 -325
32312620 5630723 -275
32312620 5630716 -225
32312620 5630710 -175
32312620 5630704 -125
32312620 5630698 -75
32312620 5630692 -25
32312620 5630684 25
32312620 5630677 75
32312620 5630668 125
32312620 5630659 175
32312620 5630648 225
32312620 5630637 275
32312620 5630624 325
32312620 5630611 375
32312620 5630596 425
32312579 5630550 475
32312620 5630580 475
32312620 5631150 -2875
32312397 5631150 -1275
32312509 5631150 -1225
32312618 5631150 -1175
32312620 5631150 -1174
32312620 5631074 -1125
32312620 5631004 -1075
32312620 5630941 -1025
32312620 5630884 -975
32312620 5630899 -875
32312620 5630869 -825
32312617 5631450 -2925
32312620 5631449 -2925
32312620 5631450 -2925
32312416 5631450 -1275
32312599 5631450 -1225
32312620 5631450 -1219
32312620 5631154 -1175
32312620 5631750 -2925
32312532 5631750 -1175
32312620 5631678 -1175
32312620 5631750 -1160
32312620 5632050 -2925
32312620 5631836 -1125
32312620 5631949 -1075
32312620 5632050 -1026
32312620 5632350 -2925
32312620 5632052 -1025
32312620 5632153 -975
32312620 5632247 -925
32312561 5632350 -875
32312620 5632334 -875
32312620 5632350 -865
32312620 5632650 -2925
32312372 5632650 -875
32312620 5632517 -825
32312521 5632650 -825
32312620 5632650 -792
32312620 5632950 -2925
32312421 5632950 -975
32312532 5632950 -925
32312620 5632950 -884
32312620 5632915 -875
32312620 5632746 -825
32312620 5633250 -2925
32312375 5633250 -1175
32312492 5633250 -1125
32312604 5633250 -1075
32312620 5633250 -1067
32312620 5633168 -1025
32312620 5633082 -975
32312620 5633005 -925
32312620 5633550 -2925
32312426 5633550 -1325
32312565 5633550 -1275
32312620 5633550 -1254
32312620 5633494 -1225
32312620 5633407 -1175
32312620 5633329 -1125
32312620 5633259 -1075
32312617 5633850 -2925
32312620 5633850 -2925
32312384 5633850 -1475
32312567 5633850 -1425
32312620 5633850 -1410
32312620 5633773 -1375
32312620 5633673 -1325
32312620 5633583 -1275
32312620 5633937 -2925
32312620 5634150 -2887
32312374 5634150 -1575
32312620 5634150 -1526
32312620 5634144 -1525
32312620 5634006 -1475
32312620 5633883 -1425
32312620 5634450 -2875
32312459 5634450 -1625
32312620 5634450 -1605
32312620 5634327 -1575
32312619 5634750 -2875
32312620 5634750 -2875
32312320 5634750 -2375
32312620 5634750 -1646
32312620 5634588 -1625
32312620 5634751 -2875
32312620 5635050 -2825
32312487 5635050 -2675
32312620 5635045 -2325
32312620 5635050 -2335
32312350 5635050 -2275
32312620 5635050 -2324
32312327 5635050 -2225
32312620 5635050 -1653
32312620 5635055 -2825
32312620 5635350 -2775
32312574 5635350 -2625
32312367 5635350 -2575
32312620 5635128 -2325
32312620 5635339 -2275
32312620 5635350 -2296
32312620 5635315 -2225
32312442 5635350 -2175
32312620 5635350 -2210
32312396 5635350 -2125
32312572 5635350 -1625
32312620 5635350 -1627
32312618 5635650 -2775
32312620 5635650 -2775
32312352 5635650 -2525
32312620 5635464 -2275
32312620 5635650 -2239
32312620 5635567 -2175
32312620 5635592 -2125
32312620 5635567 -2075
32312412 5635650 -2025
32312620 5635650 -2061
32312435 5635650 -1975
32312620 5635365 -1625
32312620 5635624 -1575
32312620 5635650 -1569
32312620 5635651 -2775
32312618 5635950 -2725
32312620 5635950 -2725
32312620 5635930 -2475
32312620 5635950 -2490
32312371 5635950 -2425
32312620 5635950 -2472
32312620 5635709 -2225
32312620 5635910 -2175
32312620 5635950 -2165
32312620 5635878 -2025
32312620 5635852 -1975
32312620 5635827 -1925
32312443 5635950 -1875
32312620 5635950 -1905
32312465 5635950 -1825
32312620 5635805 -1525
32312575 5635950 -1475
32312620 5635950 -1482
32312620 5635951 -2725
32312618 5636250 -2675
32312620 5636250 -2675
32312620 5636004 -2475
32312620 5636214 -2375
32312620 5636250 -2402
32312377 5636250 -2325
32312620 5636250 -2369
32312620 5636082 -2125
32312620 5636246 -2075
32312620 5636250 -2073
32312620 5636146 -1875
32312620 5636121 -1825
32312620 5636095 -1775
32312465 5636250 -1725
32312620 5636250 -1751
32312487 5636250 -1675
32312509 5636250 -1625
32312620 5635989 -1475
32312615 5636250 -1425
32312620 5636250 -1426
32312481 5636250 -1375
32312354 5636250 -1325
32312620 5636252 -2675
32312620 5636255 -2625
32312607 5636550 -2575
32312620 5636550 -2576
32312620 5636333 -2375
32312325 5636550 -2275
32312373 5636550 -2225
32312620 5636521 -2025
32312451 5636550 -1975
32312620 5636550 -2019
32312620 5636409 -1725
32312620 5636386 -1675
32312620 5636363 -1625
32312620 5636329 -1575
32312527 5636550 -1525
32312620 5636550 -1540
32312548 5636550 -1475
32312620 5636254 -1425
32312620 5636379 -1375
32312620 5636502 -1325
32312453 5636550 -1275
32312620 5636550 -1305
32312620 5636552 -2575
32312618 5636850 -2525
32312620 5636850 -2525
32312620 5636850 -2241
32312620 5636831 -2225
32312552 5636850 -2225
32312620 5636850 -2219
32312367 5636850 -2125
32312620 5636667 -1975
32312620 5636798 -1925
32312327 5636850 -1875
32312620 5636850 -1904
32312620 5636654 -1525
32312620 5636629 -1475
32312620 5636605 -1425
32312620 5636582 -1375
32312561 5636850 -1325
32312620 5636850 -1334
32312620 5636624 -1275
32312582 5636850 -1275
32312620 5636750 -1225
32312563 5636850 -1225
32312558 5636850 -1175
32312620 5636850 -1186
32312620 5636852 -2525
32312617 5637150 -2475
32312620 5637150 -2475
32312618 5637150 -2425
32312620 5636892 -2225
32312620 5637084 -2075
32312620 5637150 -2122
32312387 5637150 -2025
32312620 5637150 -2066
32312620 5636923 -1875
32312620 5637044 -1825
32312560 5637150 -1775
32312620 5637150 -1781
32312620 5636916 -1325
32312620 5636891 -1275
32312620 5636868 -1225
32312620 5637150 -1129
32312593 5637150 -1125
32312620 5636996 -1125
32312615 5637150 -1075
32312620 5637120 -1075
32312620 5637150 -1063
32312620 5637152 -2475
32312620 5637152 -2425
32312617 5637450 -2375
32312620 5637450 -2375
32312620 5637264 -2075
32312620 5637419 -1975
32312376 5637450 -1975
32312620 5637450 -1996
32312361 5637450 -1925
32312620 5637450 -1971
32312407 5637450 -1875
32312620 5637164 -1775
32312620 5637279 -1725
32312620 5637392 -1675
32312416 5637450 -1625
32312620 5637450 -1649
32312620 5637180 -1125
32312620 5637155 -1075
32312616 5637450 -925
32312620 5637432 -925
32312620 5637450 -925
32312620 5637450 -916
32312620 5637452 -2375
32312620 5637452 -2325
32312617 5637750 -2275
32312620 5637750 -2275
32312620 5637501 -1975
32312620 5637692 -1825
32312620 5637750 -1867
32312377 5637750 -1775
32312620 5637750 -1818
32312418 5637750 -1725
32312620 5637504 -1625
32312620 5637612 -1575
32312620 5637719 -1525
32312354 5637750 -1475
32312620 5637750 -1510
32312620 5637454 -925
32312620 5637752 -2275
32312620 5637752 -2225
32312617 5638050 -2175
32312620 5638050 -2175
32312620 5637849 -1825
32312620 5638050 -1738
32312620 5638032 -1725
32312474 5638050 -1725
32312620 5638050 -1722
32312360 5638050 -1675
32312394 5638050 -1625
32312620 5637828 -1475
32312620 5637935 -1425
32312620 5638041 -1375
32312620 5638050 -1370
32312620 5638053 -2175
32312620 5638052 -2125
32312617 5638350 -2075
32312620 5638350 -2075
32312620 5638084 -1725
32312620 5638295 -1575
32312620 5638350 -1619
32312378 5638350 -1525
32312620 5638350 -1567
32312421 5638350 -1475
32312464 5638350 -1425
32312620 5638158 -1325
32312620 5638274 -1275
32312487 5638350 -1225
32312620 5638350 -1241
32312620 5638353 -2075
32312620 5638352 -2025
32312617 5638650 -1975
32312620 5638650 -1975
32312617 5638650 -1925
32312620 5638484 -1575
32312620 5638599 -1475
32312620 5638650 -1520
32312620 5638544 -1425
32312620 5638500 -1375
32312467 5638650 -1325
32312620 5638650 -1354
32312509 5638650 -1275
32312620 5638399 -1225
32312620 5638550 -1175
32312451 5638650 -1125
32312620 5638650 -1142
32312620 5638653 -1975
32312620 5638652 -1925
32312620 5638698 -1875
32312617 5638950 -1825
32312620 5638950 -1833
32312620 5638823 -1475
32312325 5638950 -1425
32312620 5638950 -1443
32312620 5638826 -1325
32312620 5638776 -1275
32312620 5638727 -1225
32312537 5638950 -1175
32312620 5638950 -1189
32312620 5638731 -1125
32312581 5638950 -1125
32312620 5638950 -1080
32312565 5638950 -1075
32312620 5638952 -1825
32312620 5638952 -1775
32312617 5639250 -1725
32312620 5639250 -1725
32312618 5639250 -1675
32312620 5639031 -1425
32312559 5639250 -1375
32312620 5639250 -1378
32312620 5639039 -1175
32312620 5638991 -1125
32312620 5639252 -1725
32312620 5639252 -1675
32312620 5639251 -1625
32312618 5639550 -1575
32312620 5639550 -1575
32312618 5639550 -1525
32312620 5639265 -1375
32312620 5639476 -1325
32312620 5639550 -1308
32312620 5639552 -1575
32312620 5639551 -1525
32312620 5639551 -1475
32312618 5639850 -1425
32312620 5639850 -1425
32312619 5639850 -1375
32312620 5639653 -1275
32312620 5639807 -1225
32312620 5639850 -1211
32312921 5623650 -2780
32312921 5623950 -2779
32312821 5624250 -2775
32312921 5624250 -2779
32312892 5624550 -2775
32312921 5624550 -2779
32312921 5624579 -2775
32312921 5624850 -2729
32312921 5625150 -2729
32312894 5625450 -2775
32312921 5625421 -2775
32312921 5625450 -2779
32312885 5625750 -2775
32312921 5625750 -2779
32312897 5626050 -2825
32312921 5626025 -2825
32312921 5626050 -2828
32312921 5626350 -2828
32312899 5626650 -2875
32312921 5626627 -2875
32312921 5626650 -2878
32312921 5626950 -2878
32312921 5627250 -2878
32312921 5627550 -2878
32312921 5627850 -2878
32312921 5628150 -2877
32312921 5628450 -2877
32312921 5628750 -2877
32312921 5629050 -2876
32312921 5629350 -2876
32312921 5629650 -2876
32312921 5629950 -2876
32312921 5630250 -2876
32312921 5630550 -2876
32312921 5630850 -2876
32312633 5630850 -925
32312635 5630850 -775
32312684 5630850 -725
32312729 5630850 -675
32312772 5630850 -625
32312812 5630850 -575
32312852 5630850 -525
32312790 5630850 -475
32312813 5630850 -425
32312837 5630850 -375
32312862 5630850 -325
32312888 5630850 -275
32312916 5630850 -225
32312921 5630850 -216
32312921 5630841 -175
32312921 5630831 -125
32312921 5630821 -75
32312921 5630812 -25
32312921 5630803 25
32312921 5630794 75
32312921 5630785 125
32312921 5630777 175
32312921 5630769 225
32312921 5630760 275
32312921 5630752 325
32312921 5630743 375
32312921 5631150 -2876
32312692 5631150 -1125
32312764 5631150 -1075
32312835 5631150 -1025
32312904 5631150 -975
32312921 5631150 -962
32312921 5631116 -925
32312921 5631074 -875
32312921 5631036 -825
32312921 5631003 -775
32312921 5630973 -725
32312921 5630946 -675
32312921 5630922 -625
32312921 5630900 -575
32312921 5630880 -525
32312921 5630920 -475
32312921 5630905 -425
32312921 5630891 -375
32312921 5630878 -325
32312921 5630865 -275
32312921 5630852 -225
32312921 5631448 -2925
32312921 5631450 -2925
32312713 5631450 -1175
32312819 5631450 -1125
32312921 5631450 -1077
32312921 5631441 -1075
32312921 5631304 -1025
32312921 5631179 -975
32312921 5631750 -2925
32312720 5631750 -1125
32312921 5631493 -1075
32312869 5631750 -1075
32312921 5631750 -1058
32312921 5632050 -2925
32312625 5632050 -1025
32312921 5631849 -1025
32312821 5632050 -975
32312921 5631989 -975
32312921 5632050 -951
32312921 5632350 -2925
32312921 5632109 -925
32312921 5632212 -875
32312805 5632350 -825
32312921 5632308 -825
32312921 5632350 -802
32312921 5632650 -2925
32312676 5632650 -775
32312921 5632436 -775
32312846 5632650 -725
32312921 5632588 -725
32312921 5632650 -704
32312921 5632950 -2925
32312641 5632950 -875
32312756 5632950 -825
32312872 5632950 -775
32312921 5632950 -753
32312921 5632769 -725
32312921 5633250 -2925
32312713 5633250 -1025
32312820 5633250 -975
32312921 5633250 -926
32312921 5633246 -925
32312921 5633149 -875
32312921 5633061 -825
32312921 5632981 -775
32312921 5633550 -2925
32312694 5633550 -1225
32312816 5633550 -1175
32312921 5633550 -1130
32312921 5633540 -1125
32312921 5633456 -1075
32312921 5633380 -1025
32312921 5633311 -975
32312921 5633850 -2925
32312729 5633850 -1375
32312880 5633850 -1325
32312921 5633850 -1310
32312921 5633781 -1275
32312921 5633693 -1225
32312921 5633614 -1175
32312815 5634150 -2925
32312921 5634150 -2925
32312628 5634150 -1525
32312829 5634150 -1475
32312921 5634150 -1451
32312921 5634085 -1425
32312921 5633975 -1375
32312921 5633875 -1325
32312920 5634450 -2925
32312921 5634450 -2925
32312789 5634450 -1575
32312921 5634450 -1551
32312921 5634363 -1525
32312921 5634213 -1475
32312921 5634451 -2925
32312921 5634750 -2875
32312810 5634750 -1625
32312921 5634750 -1612
32312921 5634560 -1575
32312919 5635050 -2875
32312921 5635050 -2875
32312624 5635050 -2325
32312921 5635050 -1637
32312921 5634899 -1625
32312921 5635051 -2875
32312913 5635350 -2825
32312921 5635350 -2825
32312921 5635345 -2275
32312921 5635350 -2283
32312652 5635350 -2225
32312921 5635350 -2274
32312921 5635350 -1628
32312921 5635351 -2825
32312921 5635650 -2775
32312921 5635405 -2275
32312921 5635643 -2225
32312921 5635650 -2237
32312921 5635618 -2175
32312673 5635650 -2125
32312921 5635650 -2169
32312696 5635650 -2075
32312921 5635373 -1625
32312707 5635650 -1575
32312921 5635650 -1586
32312921 5635656 -2775
32312921 5635950 -2726
32312635 5635950 -2475
32312921 5635705 -2225
32312921 5635933 -2175
32312921 5635925 -2125
32312921 5635950 -2171
32312921 5635899 -2075
32312921 5635873 -2025
32312708 5635950 -1975
32312921 5635950 -2012
32312731 5635950 -1925
32312921 5635821 -1575
32312770 5635950 -1525
32312921 5635950 -1565
32312921 5636000 -2725
32312921 5636250 -2684
32312646 5636250 -2375
32312921 5636117 -2125
32312646 5636250 -2075
32312921 5636250 -2087
32312921 5636170 -1975
32312921 5636146 -1925
32312921 5636122 -1875
32312744 5636250 -1825
32312921 5636250 -1853
32312769 5636250 -1775
32312921 5636077 -1525
32312921 5636228 -1475
32312921 5636250 -1467
32312921 5636252 -2675
32312914 5636550 -2625
32312921 5636550 -2625
32312921 5636327 -2075
32312706 5636550 -2025
32312921 5636550 -2037
32312921 5636435 -1825
32312921 5636409 -1775
32312921 5636383 -1725
32312777 5636550 -1675
32312921 5636550 -1699
32312800 5636550 -1625
32312822 5636550 -1575
32312921 5636361 -1425
32312921 5636487 -1375
32312749 5636550 -1325
32312921 5636550 -1349
32312921 5636552 -2625
32312919 5636850 -2575
32312921 5636850 -2575
32312636 5636850 -2225
32312921 5636584 -2025
32312921 5636718 -1975
32312913 5636850 -1925
32312921 5636850 -1925
32312921 5636715 -1675
32312921 5636689 -1625
32312921 5636663 -1575
32312921 5636637 -1525
32312813 5636850 -1475
32312921 5636850 -1493
32312835 5636850 -1425
32312857 5636850 -1375
32312921 5636609 -1325
32312921 5636729 -1275
32312921 5636849 -1225
32312921 5636850 -1224
32312921 5636852 -2575
32312918 5637150 -2525
32312921 5637150 -2525
32312665 5637150 -2075
32312921 5636851 -1925
32312921 5636974 -1875
32312921 5637096 -1825
32312921 5637150 -1802
32312921 5636975 -1475
32312921 5636949 -1425
32312921 5636924 -1375
32312921 5636899 -1325
32312845 5637150 -1275
32312921 5637150 -1288
32312867 5637150 -1225
32312921 5636966 -1175
32312888 5637150 -1175
32312921 5637085 -1125
32312719 5637150 -1075
32312921 5637150 -1098
32312921 5637152 -2525
32312921 5637152 -2475
32312918 5637450 -2425
32312921 5637450 -2425
32312640 5637450 -1975
32312921 5637214 -1775
32312921 5637329 -1725
32312921 5637443 -1675
32312921 5637450 -1672
32312921 5637239 -1275
32312921 5637214 -1225
32312921 5637188 -1175
32312921 5637163 -1125
32312921 5637199 -1075
32312921 5637450 -1083
32312871 5637450 -1075
32312921 5637304 -1025
32312892 5637450 -1025
32312913 5637450 -975
32312921 5637409 -975
32312686 5637450 -925
32312921 5637450 -955
32312921 5637453 -2425
32312918 5637750 -2375
32312921 5637750 -2375
32312918 5637750 -2325
32312658 5637750 -1825
32312921 5637553 -1625
32312921 5637662 -1575
32312800 5637750 -1525
32312921 5637750 -1534
32312921 5637510 -1075
32312921 5637485 -1025
32312921 5637459 -975
32312907 5637750 -825
32312921 5637687 -825
32312921 5637750 -827
32312921 5637750 -788
32312921 5637753 -2375
32312921 5637753 -2325
32312917 5638050 -2275
32312921 5638050 -2275
32312918 5638050 -2225
32312632 5638050 -1725
32312921 5637770 -1525
32312921 5637879 -1475
32312921 5637986 -1425
32312673 5638050 -1375
32312921 5638050 -1394
32312921 5637766 -825
32312921 5638053 -2275
32312921 5638053 -2225
32312917 5638350 -2175
32312921 5638350 -2175
32312918 5638350 -2125
32312658 5638350 -1575
32312921 5638095 -1375
32312921 5638208 -1325
32312921 5638318 -1275
32312921 5638350 -1260
32312921 5638353 -2175
32312921 5638353 -2125
32312917 5638650 -2075
32312921 5638650 -2075
32312918 5638650 -2025
32312921 5638649 -1525
32312896 5638650 -1525
32312921 5638650 -1525
32312662 5638650 -1475
32312921 5638650 -1524
32312699 5638650 -1425
32312730 5638650 -1375
32312921 5638445 -1225
32312921 5638577 -1175
32312921 5638650 -1147
32312921 5638653 -2075
32312921 5638653 -2025
32312921 5638653 -1975
32312918 5638950 -1925
32312921 5638950 -1925
32312863 5638950 -1875
32312921 5638651 -1525
32312921 5638934 -1425
32312921 5638950 -1438
32312921 5638881 -1375
32312921 5638828 -1325
32312759 5638950 -1275
32312921 5638950 -1306
32312799 5638950 -1225
32312921 5638734 -1125
32312778 5638950 -1075
32312921 5638930 -1075
32312921 5638950 -1070
32312921 5638953 -1925
32312921 5638953 -1875
32312918 5639250 -1825
32312921 5639250 -1825
32312918 5639250 -1775
32312921 5639006 -1425
32312723 5639250 -1375
32312921 5639216 -1375
32312921 5639250 -1367
32312921 5639152 -1275
32312921 5639101 -1225
32312921 5639051 -1175
32312833 5639250 -1125
32312921 5639250 -1143
32312873 5639250 -1075
32312921 5639189 -1025
32312770 5639250 -1025
32312921 5639250 -1014
32312921 5639253 -1825
32312921 5639253 -1775
32312921 5639252 -1725
32312918 5639550 -1675
32312921 5639550 -1675
32312919 5639550 -1625
32312921 5639418 -1325
32312921 5639550 -1292
32312921 5639365 -1125
32312921 5639313 -1075
32312921 5639261 -1025
32312921 5639552 -1675
32312921 5639552 -1625
32312921 5639552 -1575
32312919 5639850 -1525
32312921 5639850 -1525
32312919 5639850 -1475
32312921 5639606 -1275
32312921 5639762 -1225
32312921 5639850 -1196
32313194 5623650 -2825
32313222 5623650 -2829
32313222 5623678 -2825
32313222 5623950 -2779
32313222 5624250 -2779
32313222 5624550 -2779
32313194 5624850 -2775
32313222 5624850 -2779
32313194 5625150 -2775
32313222 5625150 -2779
32313222 5625450 -2779
32313198 5625750 -2825
32313222 5625723 -2825
32313222 5625750 -2829
32313222 5626050 -2828
32313199 5626350 -2875
32313222 5626326 -2875
32313222 5626350 -2878
32313222 5626650 -2878
32313222 5626950 -2878
32313222 5627250 -2878
32313222 5627550 -2878
32313222 5627850 -2878
32313222 5628150 -2877
32313222 5628450 -2877
32313222 5628750 -2877
32313222 5629050 -2877
32313222 5629350 -2876
32313222 5629650 -2876
32313222 5629950 -2876
32313222 5630250 -2876
32313222 5630550 -2876
32313222 5630850 -2876
32312951 5630850 -175
32312991 5630850 -125
32312993 5630850 -75
32313021 5630850 -25
32313051 5630850 25
32313080 5630850 75
32313108 5630850 125
32313134 5630850 175
32313158 5630850 225
32313180 5630850 275
32313198 5630850 325
32313222 5631150 -2905
32312956 5631150 -925
32313001 5631150 -875
32313045 5631150 -825
32313088 5631150 -775
32313129 5631150 -725
32313170 5631150 -675
32313210 5631150 -625
32313222 5631150 -609
32313222 5631131 -575
32313222 5631106 -525
32313222 5631082 -475
32313222 5631059 -425
32313222 5631037 -375
32313222 5631015 -325
32313222 5630994 -275
32313222 5630973 -225
32313222 5630952 -175
32313222 5630932 -125
32313222 5630952 -75
32313222 5630936 -25
32313222 5630921 25
32313222 5630907 75
32313222 5630895 125
32313222 5630884 175
32313222 5630875 225
32313222 5630870 275
32313222 5630861 325
32313213 5630850 375
32313222 5630854 375
32313222 5630850 415
32313222 5631269 -2925
32313222 5631450 -2926
32312925 5631450 -1075
32312993 5631450 -1025
32313060 5631450 -975
32313127 5631450 -925
32313195 5631450 -875
32313222 5631450 -855
32313222 5631403 -825
32313222 5631334 -775
32313222 5631271 -725
32313222 5631214 -675
32313222 5631164 -625
32313222 5631750 -2926
32312980 5631750 -1025
32313070 5631750 -975
32313163 5631750 -925
32313222 5631750 -894
32313222 5631597 -875
32313222 5632050 -2925
32312982 5632050 -925
32313222 5631841 -875
32313102 5632050 -875
32313222 5632050 -828
32313222 5632350 -2925
32313222 5632058 -825
32313001 5632350 -775
32313222 5632189 -775
32313162 5632350 -725
32313222 5632310 -725
32313222 5632350 -707
32313222 5632650 -2925
32313013 5632650 -675
32313222 5632457 -675
32313183 5632650 -625
32313222 5632616 -625
32313222 5632650 -614
32313222 5632950 -2925
32312991 5632950 -725
32313115 5632950 -675
32313222 5632950 -633
32313222 5632812 -625
32313222 5633250 -2925
32312924 5633250 -925
32313028 5633250 -875
32313131 5633250 -825
32313222 5633250 -780
32313222 5633238 -775
32313222 5633129 -725
32313222 5633028 -675
32313222 5633550 -2925
32312933 5633550 -1125
32313043 5633550 -1075
32313150 5633550 -1025
32313222 5633550 -990
32313222 5633523 -975
32313222 5633445 -925
32313222 5633372 -875
32313222 5633305 -825
32313222 5633850 -2925
32313015 5633850 -1275
32313144 5633850 -1225
32313222 5633850 -1193
32313222 5633817 -1175
32313222 5633736 -1125
32313222 5633661 -1075
32313222 5633593 -1025
32313222 5634150 -2925
32313008 5634150 -1425
32313167 5634150 -1375
32313222 5634150 -1357
32313222 5634082 -1325
32313222 5633987 -1275
32313222 5633900 -1225
32313222 5634450 -2925
32313029 5634450 -1525
32313222 5634450 -1477
32313222 5634443 -1475
32313222 5634309 -1425
32313222 5634189 -1375
32313220 5634750 -2925
32313222 5634750 -2925
32313123 5634750 -1575
32313222 5634750 -1556
32313222 5634623 -1525
32313222 5634752 -2925
32313222 5635050 -2875
32313016 5635050 -1625
32313222 5635050 -1598
32313222 5634877 -1575
32313220 5635350 -2875
32313222 5635350 -2875
32312925 5635350 -2275
32312965 5635350 -1625
32313222 5635350 -1606
32313222 5635352 -2875
32313220 5635650 -2825
32313222 5635650 -2825
32313130 5635650 -2225
32312950 5635650 -2175
32313222 5635650 -1582
32313222 5635652 -2825
32313213 5635950 -2775
32313222 5635950 -2775
32313222 5635950 -2164
32313222 5635929 -2125
32312966 5635950 -2075
32313222 5635950 -2121
32312993 5635950 -2025
32313208 5635950 -1575
32313222 5635950 -1575
32313222 5635952 -2775
32313157 5636250 -2725
32313222 5636250 -2725
32313146 5636250 -2125
32313222 5636250 -2137
32313222 5636219 -2075
32313222 5636191 -2025
32313222 5636162 -1975
32313020 5636250 -1925
32313222 5636250 -1961
32313043 5636250 -1875
32313222 5635951 -1575
32313222 5636130 -1525
32313012 5636250 -1475
32313222 5636250 -1490
32313222 5636252 -2725
32313220 5636550 -2675
32313222 5636550 -2675
32313222 5636290 -2125
32313222 5636454 -2075
32313222 5636550 -2045
32313222 5636484 -1925
32313222 5636457 -1875
32313222 5636429 -1825
32313043 5636550 -1775
32313222 5636550 -1806
32313066 5636550 -1725
32313222 5636294 -1475
32313222 5636431 -1425
32313170 5636550 -1375
32313222 5636550 -1380
32313222 5636552 -2675
32313220 5636850 -2625
32313222 5636850 -2625
32313222 5636607 -2025
32313222 5636746 -1975
32313222 5636850 -1937
32313222 5636761 -1775
32313222 5636733 -1725
32313222 5636706 -1675
32313058 5636850 -1625
32313222 5636850 -1653
32313081 5636850 -1575
32313103 5636850 -1525
32313222 5636562 -1375
32313222 5636680 -1325
32313222 5636795 -1275
32312922 5636850 -1225
32313222 5636850 -1250
32313222 5636852 -2625
32313219 5637150 -2575
32313222 5637150 -2575
32313222 5636881 -1925
32313222 5637006 -1875
32313222 5637130 -1825
32313222 5637150 -1816
32313222 5637045 -1625
32313222 5637018 -1575
32313222 5636991 -1525
32313222 5636965 -1475
32313090 5637150 -1425
32313222 5637150 -1448
32313112 5637150 -1375
32313134 5637150 -1325
32313222 5636907 -1225
32313222 5637017 -1175
32313222 5637127 -1125
32313222 5637150 -1114
32313222 5637153 -2575
32313222 5637152 -2525
32313219 5637450 -2475
32313222 5637450 -2475
32313222 5637247 -1775
32313222 5637362 -1725
32312981 5637450 -1675
32313222 5637450 -1686
32313222 5637309 -1425
32313222 5637282 -1375
32313222 5637256 -1325
32313222 5637230 -1275
32313117 5637450 -1225
32313222 5637450 -1243
32313138 5637450 -1175
32313159 5637450 -1125
32313222 5637233 -1075
32313222 5637338 -1025
32313222 5637442 -975
32313222 5637450 -971
32313222 5637453 -2475
32313218 5637750 -2425
32313222 5637750 -2425
32313222 5637476 -1675
32313222 5637587 -1625
32313222 5637697 -1575
32313222 5637750 -1550
32313222 5637577 -1225
32313222 5637552 -1175
32313222 5637526 -1125
32313222 5637501 -1075
32313139 5637750 -1025
32313222 5637750 -1039
32313159 5637750 -975
32313222 5637541 -925
32313179 5637750 -925
32313199 5637750 -875
32313222 5637638 -875
32313222 5637733 -825
32313222 5637750 -816
32313222 5637753 -2425
32313222 5637753 -2375
32313218 5638050 -2325
32313222 5638050 -2325
32313222 5637806 -1525
32313222 5637915 -1475
32313222 5638023 -1425
32313222 5638050 -1412
32313222 5637851 -1025
32313222 5637826 -975
32313222 5637801 -925
32313222 5637777 -875
32313222 5637753 -825
32313222 5637830 -775
32313222 5638050 -782
32313178 5638050 -775
32313199 5638050 -725
32313222 5637929 -725
32313219 5638050 -675
32313222 5638032 -675
32313222 5638050 -666
32313222 5638054 -2325
32313222 5638053 -2275
32313218 5638350 -2225
32313222 5638350 -2225
32313222 5638134 -1375
32313222 5638244 -1325
32313200 5638350 -1275
32313222 5638350 -1276
32313222 5638103 -775
32313222 5638078 -725
32313222 5638054 -675
32313209 5638350 -525
32313222 5638295 -525
32313222 5638350 -527
32313222 5638350 -492
32313222 5638354 -2225
32313222 5638353 -2175
32313218 5638650 -2125
32313222 5638650 -2125
32312922 5638650 -1525
32313222 5638352 -1275
32313222 5638472 -1225
32313222 5638587 -1175
32313222 5638650 -1147
32313222 5638365 -525
32313215 5638650 -275
32313222 5638621 -275
32313222 5638650 -276
32313222 5638650 -250
32313222 5638654 -2125
32313222 5638653 -2075
32313218 5638950 -2025
32313222 5638950 -2025
32313219 5638950 -1975
32313222 5638950 -1426
32313222 5638948 -1425
32312972 5638950 -1375
32313222 5638950 -1424
32313012 5638950 -1325
32313222 5638711 -1125
32313222 5638849 -1075
32313222 5638950 -1037
32313222 5638658 -275
32313222 5638954 -2025
32313222 5638953 -1975
32313222 5638953 -1925
32313219 5639250 -1875
32313222 5639250 -1875
32313222 5638954 -1425
32313222 5639235 -1325
32313222 5639250 -1338
32313222 5639183 -1275
32313032 5639250 -1225
32313222 5639250 -1265
32313070 5639250 -1175
32313222 5638994 -1025
32313124 5639250 -975
32313222 5639172 -975
32313222 5639250 -953
32313222 5639253 -1875
32313222 5639253 -1825
32313219 5639550 -1775
32313222 5639550 -1775
32313219 5639550 -1725
32313222 5639297 -1325
32313063 5639550 -1275
32313222 5639472 -1275
32313222 5639550 -1253
32313222 5639520 -1225
32313222 5639467 -1175
32313222 5639416 -1125
32313222 5639383 -1075
32313122 5639550 -1025
32313222 5639550 -1050
32313156 5639550 -975
32313222 5639355 -925
32313019 5639550 -925
32313215 5639550 -875
32313222 5639542 -875
32313222 5639550 -872
32313222 5639553 -1775
32313222 5639553 -1725
32313222 5639552 -1675
32313219 5639850 -1625
32313222 5639850 -1625
32313219 5639850 -1575
32313222 5639634 -1225
32313077 5639850 -1175
32313222 5639784 -1175
32313222 5639850 -1153
32313222 5639709 -1025
32313222 5639656 -975
32313222 5639603 -925
32313222 5639850 -890
32313153 5639850 -875
32313222 5639685 -825
32313186 5639850 -825
32313217 5639850 -775
32313222 5639824 -775
32313222 5639850 -765
32313497 5623950 -2825
32313524 5623950 -2829
32313524 5623650 -2829
32313497 5624250 -2825
32313524 5624250 -2829
32313498 5624550 -2825
32313524 5624550 -2829
32313496 5624850 -2825
32313524 5624850 -2829
32313497 5625150 -2825
32313524 5625150 -2829
32313495 5625450 -2825
32313524 5625450 -2829
32313500 5625750 -2875
32313524 5625725 -2875
32313524 5625750 -2878
32313500 5626050 -2875
32313524 5626050 -2878
32313524 5626350 -2878
32313524 5626650 -2878
32313524 5626950 -2878
32313524 5627250 -2878
32313524 5627550 -2878
32313524 5627850 -2878
32313524 5628150 -2877
32313524 5628450 -2877
32313524 5628750 -2877
32313524 5629050 -2877
32313524 5629350 -2876
32313524 5629650 -2876
32313524 5629950 -2876
32313524 5630250 -2876
32313524 5630550 -2876
32313524 5630850 -2876
32313332 5631150 -2925
32313524 5631142 -2925
32313524 5631150 -2926
32313241 5631150 -575
32313268 5631150 -525
32313294 5631150 -475
32313320 5631150 -425
32313345 5631150 -375
32313368 5631150 -325
32313390 5631150 -275
32313411 5631150 -225
32313429 5631150 -175
32313445 5631150 -125
32313458 5631150 -75
32313468 5631150 -25
32313476 5631150 25
32313484 5631150 75
32313492 5631150 125
32313503 5631150 175
32313514 5631150 225
32313522 5631150 275
32313524 5631150 281
32313524 5631137 325
32313524 5631118 375
32313224 5630850 425
32313524 5631099 425
32313524 5631450 -2926
32313250 5631450 -825
32313294 5631450 -775
32313338 5631450 -725
32313382 5631450 -675
32313426 5631450 -625
32313470 5631450 -575
32313514 5631450 -525
32313524 5631450 -514
32313524 5631417 -475
32313524 5631378 -425
32313524 5631342 -375
32313524 5631310 -325
32313524 5631282 -275
32313524 5631257 -225
32313524 5631236 -175
32313524 5631218 -125
32313524 5631204 -75
32313524 5631194 -25
32313524 5631185 25
32313524 5631179 75
32313524 5631172 125
32313524 5631163 175
32313524 5631156 225
32313524 5631151 275
32313524 5631750 -2926
32313246 5631750 -875
32313306 5631750 -825
32313367 5631750 -775
32313429 5631750 -725
32313490 5631750 -675
32313524 5631750 -648
32313524 5631694 -625
32313524 5631580 -575
32313524 5631472 -525
32313524 5632050 -2926
32313227 5632050 -825
32313304 5632050 -775
32313383 5632050 -725
32313464 5632050 -675
32313524 5632050 -638
32313524 5632350 -2926
32313289 5632350 -675
32313524 5632111 -625
32313395 5632350 -625
32313509 5632350 -575
32313524 5632323 -575
32313524 5632350 -568
32313524 5632650 -2925
32313330 5632650 -575
32313524 5632579 -525
32313480 5632650 -525
32313524 5632650 -511
32313521 5632950 -2975
32313524 5632946 -2975
32313246 5632950 -625
32313386 5632950 -575
32313524 5632950 -529
32313524 5632868 -525
32313521 5633250 -2975
32313234 5633250 -775
32313345 5633250 -725
32313460 5633250 -675
32313524 5633250 -648
32313524 5633188 -625
32313524 5633061 -575
32313521 5633550 -2975
32313255 5633550 -975
32313360 5633550 -925
32313464 5633550 -875
32313524 5633550 -845
32313524 5633514 -825
32313524 5633434 -775
32313524 5633358 -725
32313524 5633287 -675
32313521 5633850 -2975
32313265 5633850 -1175
32313378 5633850 -1125
32313491 5633850 -1075
32313524 5633850 -1060
32313524 5633793 -1025
32313524 5633718 -975
32313524 5633648 -925
32313524 5633584 -875
32313524 5633853 -2975
32313524 5634150 -2925
32313308 5634150 -1325
32313437 5634150 -1275
32313524 5634150 -1241
32313524 5634118 -1225
32313524 5634028 -1175
32313524 5633946 -1125
32313524 5633871 -1075
32313524 5634450 -2925
32313230 5634450 -1475
32313383 5634450 -1425
32313524 5634450 -1378
32313524 5634441 -1375
32313524 5634323 -1325
32313524 5634216 -1275
32313524 5634750 -2925
32313339 5634750 -1525
32313522 5634750 -1475
32313524 5634750 -1474
32313524 5634588 -1425
32313521 5635050 -2925
32313524 5635050 -2925
32313332 5635050 -1575
32313524 5635050 -1533
32313524 5635005 -1525
32313524 5634752 -1475
32313524 5635052 -2925
32313524 5635350 -2875
32313419 5635350 -1575
32313524 5635350 -1558
32313524 5635434 -2875
32313524 5635650 -2838
32313524 5635650 -1599
32313524 5635468 -1575
32313521 5635950 -2825
32313524 5635950 -2825
32313242 5635950 -2125
32313524 5635846 -1575
32313232 5635950 -1575
32313524 5635950 -1562
32313524 5635952 -2825
32313521 5636250 -2775
32313524 5636250 -2775
32313524 5636250 -2126
32313524 5636249 -2125
32313524 5636222 -2075
32313275 5636250 -2025
32313524 5636250 -2070
32313298 5636250 -1975
32313524 5636114 -1525
32313524 5636250 -1494
32313524 5636252 -2775
32313521 5636550 -2725
32313524 5636550 -2725
32313524 5636253 -2125
32313524 5636436 -2075
32313524 5636539 -2025
32313524 5636550 -2043
32313524 5636512 -1975
32313524 5636485 -1925
32313302 5636550 -1875
32313524 5636550 -1914
32313325 5636550 -1825
32313524 5636311 -1475
32313524 5636465 -1425
32313524 5636550 -1397
32313524 5636552 -2725
32313520 5636850 -2675
32313524 5636850 -2675
32313524 5636605 -2025
32313524 5636756 -1975
32313524 5636850 -1943
32313524 5636812 -1875
32313524 5636784 -1825
32313524 5636757 -1775
32313320 5636850 -1725
32313524 5636850 -1760
32313343 5636850 -1675
32313524 5636605 -1375
32313524 5636728 -1325
32313524 5636847 -1275
32313524 5636850 -1274
32313524 5636853 -2675
32313520 5637150 -2625
32313524 5637150 -2625
32313524 5636898 -1925
32313524 5637029 -1875
32313438 5637150 -1825
32313524 5637150 -1828
32313524 5637093 -1725
32313524 5637065 -1675
32313524 5637038 -1625
32313332 5637150 -1575
32313524 5637150 -1608
32313355 5637150 -1525
32313377 5637150 -1475
32313524 5636958 -1225
32313524 5637067 -1175
32313361 5637150 -1125
32313524 5637150 -1136
32313524 5637153 -2625
32313524 5637153 -2575
32313520 5637450 -2525
32313524 5637450 -2525
32313524 5637157 -1825
32313524 5637278 -1775
32313524 5637396 -1725
32313524 5637450 -1702
32313524 5637380 -1575
32313524 5637353 -1525
32313524 5637326 -1475
32313524 5637299 -1425
32313361 5637450 -1375
32313524 5637450 -1403
32313383 5637450 -1325
32313405 5637450 -1275
32313524 5637175 -1125
32313524 5637282 -1075
32313524 5637390 -1025
32313261 5637450 -975
32313524 5637450 -997
32313524 5637453 -2525
32313519 5637750 -2475
32313524 5637750 -2475
32313524 5637513 -1675
32313524 5637627 -1625
32313524 5637739 -1575
32313524 5637750 -1570
32313524 5637645 -1375
32313524 5637618 -1325
32313524 5637592 -1275
32313524 5637565 -1225
32313388 5637750 -1175
32313524 5637750 -1198
32313409 5637750 -1125
32313431 5637750 -1075
32313524 5637498 -975
32313524 5637605 -925
32313524 5637713 -875
32313281 5637750 -825
32313524 5637750 -858
32313524 5637754 -2475
32313524 5637753 -2425
32313519 5638050 -2375
32313524 5638050 -2375
32313524 5637853 -1525
32313524 5637965 -1475
32313374 5638050 -1425
32313524 5638050 -1437
32313524 5637911 -1175
32313524 5637885 -1125
32313524 5637859 -1075
32313524 5637834 -1025
32313412 5638050 -975
32313524 5638050 -993
32313434 5638050 -925
32313455 5638050 -875
32313524 5637818 -825
32313476 5638050 -825
32313524 5637919 -775
32313524 5638019 -725
32313283 5638050 -675
32313524 5638050 -708
32313524 5638054 -2375
32313524 5638054 -2325
32313519 5638350 -2275
32313524 5638350 -2275
32313524 5638078 -1425
32313524 5638192 -1375
32313524 5638305 -1325
32313524 5638350 -1304
32313524 5638180 -975
32313524 5638155 -925
32313524 5638130 -875
32313524 5638105 -825
32313524 5638081 -775
32313453 5638350 -725
32313524 5638350 -736
32313524 5638113 -675
32313472 5638350 -675
32313524 5638202 -625
32313492 5638350 -625
32313510 5638350 -575
32313524 5638287 -575
32313452 5638350 -525
32313524 5638350 -536
32313524 5638354 -2275
32313524 5638356 -2225
32313519 5638650 -2175
32313524 5638650 -2176
32313524 5638419 -1275
32313524 5638534 -1225
32313524 5638645 -1175
32313524 5638650 -1172
32313524 5638433 -725
32313524 5638410 -675
32313524 5638387 -625
32313524 5638366 -575
32313524 5638650 -482
32313478 5638650 -475
32313524 5638446 -475
32313496 5638650 -425
32313524 5638524 -425
32313513 5638650 -375
32313524 5638600 -375
32313524 5638650 -340
32313311 5638650 -275
32313524 5638654 -2175
32313524 5638654 -2125
32313519 5638950 -2075
32313524 5638950 -2075
32313223 5638950 -1425
32313524 5638761 -1125
32313524 5638873 -1075
32313524 5638950 -1039
32313524 5638703 -475
32313524 5638682 -425
32313524 5638662 -375
32313524 5638950 -283
32313472 5638950 -275
32313524 5638727 -275
32313524 5638783 -225
32313486 5638950 -225
32313500 5638950 -175
32313524 5638842 -175
32313513 5638950 -125
32313524 5638902 -125
32313524 5638950 -85
32313524 5638954 -2075
32313524 5638954 -2025
32313519 5639250 -1975
32313524 5639250 -1975
32313519 5639250 -1925
32313233 5639250 -1325
32313272 5639250 -1275
32313524 5638985 -1025
32313524 5639107 -975
32313445 5639250 -925
32313524 5639224 -925
32313524 5639250 -913
32313524 5639010 -275
32313524 5638994 -225
32313524 5638978 -175
32313524 5638961 -125
32313508 5639250 25
32313524 5639138 25
32313524 5639250 22
32313520 5639250 75
32313524 5639221 75
32313524 5639250 92
32313524 5639254 -1975
32313524 5639254 -1925
32313524 5639261 -1875
32313520 5639550 -1825
32313524 5639550 -1827
32313475 5639550 -1225
32313391 5639550 -1175
32313316 5639550 -1125
32313334 5639550 -1075
32313524 5639354 -875
32313433 5639550 -825
32313524 5639489 -825
32313524 5639550 -802
32313524 5639268 25
32313524 5639254 75
32313524 5639554 -1825
32313524 5639553 -1775
32313519 5639850 -1725
32313524 5639850 -1725
32313520 5639850 -1675
32313416 5639850 -1125
32313524 5639850 -1108
32313524 5639815 -1075
32313524 5639764 -1025
32313347 5639850 -975
32313524 5639850 -1013
32313379 5639850 -925
32313524 5639620 -775
32313379 5639850 -725
32313524 5639747 -725
32313524 5639850 -684
32313799 5623650 -2875
32313825 5623650 -2879
32313825 5623675 -2875
32313825 5623950 -2829
32313825 5624250 -2829
32313825 5624550 -2829
32313825 5624850 -2829
32313801 5625150 -2875
32313825 5625126 -2875
32313825 5625150 -2878
32313802 5625450 -2875
32313825 5625450 -2878
32313825 5625750 -2878
32313825 5626050 -2878
32313825 5626350 -2878
32313825 5626650 -2878
32313825 5626950 -2878
32313825 5627250 -2878
32313825 5627550 -2878
32313825 5627850 -2878
32313825 5628150 -2878
32313825 5628450 -2877
32313825 5628750 -2877
32313825 5629050 -2877
32313825 5629350 -2877
32313825 5629650 -2876
32313825 5629950 -2876
32313825 5630250 -2876
32313825 5630550 -2876
32313825 5630850 -2877
32313825 5631139 -2925
32313825 5631150 -2926
32313532 5631150 325
32313545 5631150 375
32313825 5631450 -2926
32313549 5631450 -475
32313580 5631450 -425
32313611 5631450 -375
32313640 5631450 -325
32313669 5631450 -275
32313696 5631450 -225
32313723 5631450 -175
32313748 5631450 -125
32313771 5631450 -75
32313793 5631450 -25
32313813 5631450 25
32313825 5631450 60
32313825 5631445 75
32313825 5631432 125
32313825 5631422 175
32313825 5631416 225
32313825 5631411 275
32313825 5631407 325
32313825 5631402 375
32313560 5631150 425
32313825 5631396 425
32313576 5631150 475
32313825 5631389 475
32313825 5631750 -2926
32313544 5631750 -625
32313586 5631750 -575
32313628 5631750 -525
32313668 5631750 -475
32313707 5631750 -425
32313743 5631750 -375
32313778 5631750 -325
32313810 5631750 -275
32313825 5631750 -249
32313825 5631726 -225
32313825 5631680 -175
32313825 5631636 -125
32313825 5631591 -75
32313825 5631543 -25
32313825 5631490 25
32313825 5632050 -2926
32313539 5632050 -625
32313594 5632050 -575
32313649 5632050 -525
32313704 5632050 -475
32313757 5632050 -425
32313810 5632050 -375
32313825 5632050 -360
32313825 5631947 -325
32313825 5631812 -275
32313825 5632350 -2926
32313590 5632350 -525
32313669 5632350 -475
32313751 5632350 -425
32313825 5632350 -380
32313825 5632264 -375
32313821 5632650 -2975
32313825 5632646 -2975
32313607 5632650 -475
32313728 5632650 -425
32313825 5632650 -387
32313537 5632950 -525
32313687 5632950 -475
32313825 5632950 -432
32313825 5632896 -425
32313585 5633250 -625
32313726 5633250 -575
32313825 5633250 -543
32313825 5633198 -525
32313825 5633061 -475
32313570 5633550 -825
32313683 5633550 -775
32313803 5633550 -725
32313825 5633550 -716
32313825 5633473 -675
32313825 5633385 -625
32313825 5633301 -575
32313596 5633850 -1025
32313701 5633850 -975
32313807 5633850 -925
32313825 5633850 -916
32313825 5633780 -875
32313825 5633702 -825
32313825 5633629 -775
32313825 5633561 -725
32313820 5634150 -2975
32313559 5634150 -1225
32313666 5634150 -1175
32313772 5634150 -1125
32313825 5634150 -1100
32313825 5634103 -1075
32313825 5634017 -1025
32313825 5633936 -975
32313825 5633861 -925
32313821 5634450 -2975
32313532 5634450 -1375
32313650 5634450 -1325
32313765 5634450 -1275
32313825 5634450 -1248
32313825 5634397 -1225
32313825 5634292 -1175
32313825 5634195 -1125
32313825 5634453 -2975
32313825 5634750 -2925
32313656 5634750 -1425
32313785 5634750 -1375
32313825 5634750 -1359
32313825 5634650 -1325
32313825 5634516 -1275
32313825 5635050 -2925
32313550 5635050 -1525
32313705 5635050 -1475
32313825 5635050 -1434
32313825 5635008 -1425
32313825 5634808 -1375
32313821 5635350 -2925
32313825 5635350 -2925
32313825 5635350 -1529
32313825 5635335 -1525
32313825 5635173 -1475
32313825 5635353 -2925
32313727 5635650 -2875
32313825 5635650 -2875
32313651 5635650 -1575
32313825 5635650 -1540
32313825 5635653 -2875
32313825 5635950 -2825
32313807 5635950 -1525
32313825 5635910 -1525
32313825 5635950 -1522
32313822 5636250 -2825
32313825 5636250 -2825
32313524 5636250 -2125
32313547 5636250 -2075
32313825 5636250 -1476
32313825 5636253 -2825
32313821 5636550 -2775
32313825 5636550 -2775
32313532 5636550 -2025
32313556 5636550 -1975
32313579 5636550 -1925
32313825 5636254 -1475
32313825 5636451 -1425
32313825 5636550 -1399
32313825 5636553 -2775
32313821 5636850 -2725
32313825 5636850 -2725
32313825 5636839 -1925
32313825 5636850 -1944
32313555 5636850 -1875
32313825 5636850 -1923
32313579 5636850 -1825
32313602 5636850 -1775
32313825 5636622 -1375
32313825 5636765 -1325
32313537 5636850 -1275
32313825 5636850 -1294
32313825 5636853 -2725
32313821 5637150 -2675
32313825 5637150 -2675
32313825 5636907 -1925
32313825 5637141 -1825
32313825 5637150 -1840
32313825 5637113 -1775
32313708 5637150 -1725
32313825 5637150 -1749
32313594 5637150 -1675
32313617 5637150 -1625
32313825 5636897 -1275
32313825 5637018 -1225
32313825 5637136 -1175
32313825 5637150 -1169
32313825 5637153 -2675
32313825 5637153 -2625
32313821 5637450 -2575
32313825 5637450 -2575
32313825 5637191 -1825
32313825 5637321 -1775
32313825 5637422 -1675
32313825 5637450 -1724
32313825 5637395 -1625
32313825 5637368 -1575
32313605 5637450 -1525
32313825 5637450 -1562
32313628 5637450 -1475
32313651 5637450 -1425
32313825 5637252 -1125
32313825 5637368 -1075
32313714 5637450 -1025
32313825 5637450 -1040
32313825 5637453 -2575
32313820 5637750 -2525
32313825 5637750 -2525
32313825 5637571 -1675
32313825 5637692 -1625
32313567 5637750 -1575
32313825 5637750 -1601
32313825 5637708 -1525
32313825 5637681 -1475
32313825 5637654 -1425
32313825 5637627 -1375
32313636 5637750 -1325
32313825 5637750 -1357
32313659 5637750 -1275
32313682 5637750 -1225
32313825 5637485 -1025
32313825 5637604 -975
32313825 5637723 -925
32313611 5637750 -875
32313825 5637750 -914
32313825 5637754 -2525
32313825 5637753 -2475
32313820 5638050 -2425
32313825 5638050 -2425
32313825 5637813 -1575
32313825 5637933 -1525
32313816 5638050 -1475
32313825 5638050 -1476
32313825 5637968 -1325
32313825 5637941 -1275
32313825 5637914 -1225
32313825 5637887 -1175
32313667 5638050 -1125
32313825 5638050 -1151
32313690 5638050 -1075
32313714 5638050 -1025
32313825 5637844 -875
32313825 5637965 -825
32313763 5638050 -775
32313825 5638050 -790
32313578 5638050 -725
32313825 5638054 -2425
32313820 5638350 -2375
32313825 5638350 -2375
32313820 5638350 -2325
32313825 5638052 -1475
32313825 5638174 -1425
32313825 5638295 -1375
32313648 5638350 -1325
32313825 5638350 -1352
32313825 5638227 -1125
32313825 5638200 -1075
32313825 5638174 -1025
32313825 5638147 -975
32313699 5638350 -925
32313825 5638350 -945
32313723 5638350 -875
32313747 5638350 -825
32313825 5638087 -775
32313772 5638350 -775
32313825 5638208 -725
32313825 5638332 -675
32313712 5638350 -625
32313825 5638350 -667
32313599 5638350 -575
32313825 5638354 -2375
32313825 5638354 -2325
32313820 5638650 -2275
32313825 5638650 -2275
32313817 5638650 -2225
32313825 5638417 -1325
32313825 5638537 -1275
32313810 5638650 -1225
32313825 5638650 -1227
32313535 5638650 -1175
32313825 5638489 -925
32313825 5638462 -875
32313825 5638434 -825
32313825 5638407 -775
32313723 5638650 -725
32313825 5638650 -740
32313746 5638650 -675
32313825 5638431 -625
32313768 5638650 -625
32313790 5638650 -575
32313825 5638520 -575
32313825 5638601 -525
32313811 5638650 -525
32313788 5638650 -475
32313825 5638650 -491
32313685 5638650 -425
32313587 5638650 -375
32313825 5638654 -2275
32313825 5638654 -2225
32313820 5638950 -2175
32313825 5638950 -2175
32313820 5638950 -2125
32313825 5638655 -1225
32313825 5638772 -1175
32313825 5638882 -1125
32313717 5638950 -1075
32313825 5638950 -1093
32313825 5638764 -725
32313825 5638738 -675
32313825 5638713 -625
32313825 5638688 -575
32313825 5638665 -525
32313825 5638672 -475
32313825 5638950 -487
32313742 5638950 -475
32313759 5638950 -425
32313825 5638732 -425
32313756 5638688 -458
32313776 5638950 -375
32313825 5638788 -375
32313825 5638839 -325
32313792 5638950 -325
32313825 5638888 -275
32313825 5638935 -225
32313752 5638950 -175
32313825 5638950 -208
32313632 5638950 -125
32313825 5638954 -2175
32313825 5638954 -2125
32313825 5638954 -2075
32313820 5639250 -2025
32313825 5639250 -2025
32313825 5638990 -1075
32313825 5639097 -1025
32313825 5639198 -975
32313618 5639250 -925
32313825 5639250 -947
32313825 5639043 -475
32313825 5639023 -425
32313825 5639004 -375
32313825 5638986 -325
32313825 5638970 -275
32313823 5639250 -225
32313825 5639250 -225
32313825 5638985 -175
32313766 5639250 -175
32313779 5639250 -125
32313825 5639038 -125
32313825 5639091 -75
32313792 5639250 -75
32313804 5639250 -25
32313825 5639145 -25
32313825 5639202 25
32313730 5639250 75
32313825 5639250 66
32313825 5639254 -2025
32313825 5639254 -1975
32313820 5639550 -1925
32313825 5639550 -1925
32313812 5639550 -1875
32313825 5639298 -925
32313825 5639402 -875
32313825 5639502 -825
32313825 5639550 -800
32313825 5639252 -225
32313825 5639318 -175
32313825 5639302 -125
32313825 5639287 -75
32313825 5639273 -25
32313825 5639260 25
32313825 5639261 75
32313825 5639550 67
32313780 5639550 75
32313825 5639328 125
32313791 5639550 125
32313802 5639550 175
32313825 5639395 175
32313812 5639550 225
32313825 5639462 225
32313673 5639550 275
32313825 5639530 275
32313825 5639550 289
32313825 5639554 -1925
32313825 5639554 -1875
32313825 5639553 -1825
32313820 5639850 -1775
32313825 5639850 -1775
32313548 5639850 -1075
32313584 5639850 -1025
32313825 5639603 -775
32313825 5639707 -725
32313626 5639850 -675
32313825 5639810 -675
32313825 5639850 -655
32313825 5639603 75
32313825 5639590 125
32313825 5639577 175
32313825 5639565 225
32313825 5639553 275
32313825 5639850 318
32313788 5639850 325
32313825 5639596 325
32313798 5639850 375
32313825 5639661 375
32313807 5639850 425
32313825 5639725 425
32313816 5639850 475
32313825 5639789 475
32314101 5623950 -2875
32314126 5623950 -2879
32314126 5623650 -2879
32314102 5624250 -2875
32314126 5624250 -2878
32314102 5624550 -2875
32314126 5624550 -2878
32314102 5624850 -2875
32314126 5624850 -2878
32314126 5625150 -2878
32314126 5625450 -2878
32314126 5625750 -2878
32314126 5626050 -2878
32314126 5626350 -2878
32314126 5626650 -2878
32314126 5626950 -2878
32314126 5627250 -2878
32314126 5627550 -2878
32314126 5627850 -2878
32314126 5628150 -2878
32314126 5628450 -2877
32314126 5628750 -2877
32314126 5629050 -2877
32314126 5629350 -2877
32314126 5629650 -2877
32314126 5629950 -2877
32314126 5630250 -2877
32314126 5630550 -2877
32314114 5630850 -2925
32314126 5630840 -2925
32314126 5630850 -2926
32314126 5631150 -2926
32314126 5631450 -2926
32313829 5631450 75
32313842 5631450 125
32313851 5631450 175
32313858 5631450 225
32313862 5631450 275
32313867 5631450 325
32313871 5631450 375
32314126 5631750 -2926
32313837 5631750 -225
32313862 5631750 -175
32313885 5631750 -125
32313906 5631750 -75
32313926 5631750 -25
32313946 5631750 25
32313967 5631750 75
32313988 5631750 125
32314010 5631750 175
32314031 5631750 225
32314050 5631750 275
32314067 5631750 325
32314082 5631750 375
32313877 5631450 425
32314095 5631750 425
32313883 5631450 475
32314109 5631750 475
32314126 5632050 -2926
32313854 5632050 -325
32313895 5632050 -275
32313936 5632050 -225
32313977 5632050 -175
32314019 5632050 -125
32314061 5632050 -75
32314103 5632050 -25
32314126 5632050 2
32314126 5632027 25
32314126 5631982 75
32314126 5631940 125
32314126 5631902 175
32314126 5631871 225
32314126 5631845 275
32314126 5631825 325
32314126 5631807 375
32314126 5631790 425
32314126 5631772 475
32314120 5632350 -2975
32314126 5632344 -2975
32313831 5632350 -375
32313893 5632350 -325
32313955 5632350 -275
32314017 5632350 -225
32314081 5632350 -175
32314126 5632350 -139
32314126 5632316 -125
32314126 5632205 -75
32314126 5632102 -25
32313846 5632650 -375
32313936 5632650 -325
32314029 5632650 -275
32314124 5632650 -225
32314126 5632650 -223
32314126 5632470 -175
32313843 5632950 -425
32313967 5632950 -375
32314097 5632950 -325
32314126 5632950 -314
32314126 5632814 -275
32314126 5632653 -225
32313872 5633250 -525
32314012 5633250 -475
32314126 5633250 -437
32314126 5633218 -425
32314126 5633092 -375
32314126 5632974 -325
32313918 5633550 -675
32314038 5633550 -625
32314126 5633550 -591
32314126 5633516 -575
32314126 5633414 -525
32314126 5633318 -475
32313902 5633850 -875
32313997 5633850 -825
32314094 5633850 -775
32314126 5633850 -758
32314126 5633786 -725
32314126 5633694 -675
32314126 5633607 -625
32313870 5634150 -1075
32313958 5634150 -1025
32314044 5634150 -975
32314126 5634150 -926
32314126 5634147 -925
32314126 5634053 -875
32314126 5633963 -825
32314126 5633877 -775
32313869 5634450 -1225
32313960 5634450 -1175
32314047 5634450 -1125
32314126 5634450 -1078
32314126 5634442 -1075
32314126 5634338 -1025
32314126 5634240 -975
32314122 5634750 -2975
32313894 5634750 -1325
32313991 5634750 -1275
32314085 5634750 -1225
32314126 5634750 -1201
32314126 5634680 -1175
32314126 5634520 -1125
32314126 5634754 -2975
32314126 5635050 -2925
32313864 5635050 -1425
32314050 5635050 -1375
32314126 5635050 -1353
32314126 5634990 -1325
32314126 5634889 -1275
32314126 5634792 -1225
32314126 5635350 -2925
32313837 5635350 -1525
32313971 5635350 -1475
32314098 5635350 -1425
32314126 5635350 -1413
32314126 5635153 -1375
32314125 5635650 -2925
32314126 5635650 -2925
32313876 5635650 -1525
32314038 5635650 -1475
32314126 5635650 -1446
32314126 5635450 -1425
32314126 5635650 -2925
32314123 5635950 -2875
32314126 5635950 -2875
32314032 5635950 -1475
32314126 5635950 -1452
32314126 5635953 -2875
32314126 5636250 -2825
32313832 5636250 -1475
32314126 5636250 -1431
32314126 5636253 -2825
32314126 5636550 -2775
32314126 5636292 -1425
32314126 5636550 -1382
32314126 5636554 -2775
32314126 5636850 -2725
32313834 5636850 -1925
32314126 5636579 -1375
32314126 5636771 -1325
32314126 5636850 -1304
32314126 5636853 -2725
32314126 5637150 -2675
32313832 5637150 -1825
32313856 5637150 -1775
32314126 5636938 -1275
32314126 5637085 -1225
32313877 5637150 -1175
32314126 5637150 -1202
32314126 5637153 -2675
32314122 5637450 -2625
32314126 5637450 -2625
32314126 5637433 -1725
32313830 5637450 -1725
32314126 5637450 -1754
32314126 5637450 -1722
32313848 5637450 -1675
32313872 5637450 -1625
32313896 5637450 -1575
32314126 5637224 -1175
32314126 5637359 -1125
32314027 5637450 -1075
32314126 5637450 -1091
32314126 5637454 -2625
32314122 5637750 -2575
32314126 5637750 -2575
32314126 5637532 -1725
32314126 5637750 -1644
32314126 5637739 -1625
32313987 5637750 -1625
32314126 5637711 -1575
32314126 5637684 -1525
32313885 5637750 -1475
32314126 5637750 -1515
32313909 5637750 -1425
32313933 5637750 -1375
32314126 5637493 -1075
32314126 5637625 -1025
32314110 5637750 -975
32314126 5637750 -978
32313874 5637750 -925
32314126 5637754 -2575
32314126 5637754 -2525
32314122 5638050 -2475
32314126 5638050 -2475
32314126 5637802 -1625
32314126 5637933 -1575
32314097 5638050 -1525
32314126 5638050 -1530
32314126 5638020 -1475
32314126 5637992 -1425
32314126 5637965 -1375
32313898 5638050 -1325
32314126 5638050 -1362
32313922 5638050 -1275
32313947 5638050 -1225
32313971 5638050 -1175
32314126 5637758 -975
32314126 5637890 -925
32314126 5638026 -875
32313958 5638050 -825
32314126 5638050 -866
32314126 5638054 -2475
32314121 5638350 -2425
32314126 5638350 -2425
32314126 5638063 -1525
32314126 5638193 -1475
32314126 5638323 -1425
32313932 5638350 -1375
32314126 5638350 -1414
32314126 5638301 -1325
32314126 5638274 -1275
32314126 5638246 -1225
32314126 5638219 -1175
32313937 5638350 -1125
32314126 5638350 -1155
32313962 5638350 -1075
32313987 5638350 -1025
32314012 5638350 -975
32314126 5638161 -825
32314126 5638297 -775
32314016 5638350 -725
32314126 5638350 -755
32313848 5638350 -675
32314126 5638354 -2425
32314126 5638354 -2375
32314121 5638650 -2325
32314126 5638650 -2325
32314126 5638452 -1375
32314126 5638580 -1325
32314028 5638650 -1275
32314126 5638650 -1297
32314126 5638557 -1125
32314126 5638529 -1075
32314126 5638501 -1025
32314126 5638473 -975
32314126 5638445 -925
32313997 5638650 -875
32314126 5638650 -895
32314022 5638650 -825
32314047 5638650 -775
32314126 5638418 -725
32314126 5638524 -675
32314126 5638624 -625
32314025 5638650 -575
32314126 5638650 -611
32313901 5638650 -525
32314126 5638654 -2325
32314126 5638654 -2275
32314121 5638950 -2225
32314126 5638950 -2225
32314126 5638705 -1275
32314126 5638825 -1225
32314126 5638941 -1175
32313944 5638950 -1125
32314126 5638950 -1171
32314126 5638793 -875
32314126 5638766 -825
32314126 5638738 -775
32314126 5638711 -725
32314012 5638950 -675
32314126 5638950 -692
32314034 5638950 -625
32314126 5638708 -575
32314055 5638950 -575
32314075 5638950 -525
32314126 5638780 -525
32314126 5638845 -475
32314126 5638904 -425
32314110 5638950 -375
32314126 5638950 -383
32314021 5638950 -325
32313936 5638950 -275
32313852 5638950 -225
32314126 5638954 -2225
32314126 5638954 -2175
32314121 5639250 -2125
32314126 5639250 -2125
32314121 5639250 -2075
32314126 5639053 -1125
32314126 5639160 -1075
32314102 5639250 -1025
32314126 5639250 -1031
32313918 5639250 -975
32314126 5639076 -675
32314126 5639052 -625
32314126 5639029 -575
32314126 5639007 -525
32314126 5638985 -475
32314126 5638965 -425
32314126 5638959 -375
32314126 5639250 -387
32314044 5639250 -375
32314061 5639250 -325
32314126 5639014 -325
32314091 5638971 -364
32314076 5639250 -275
32314126 5639065 -275
32314126 5639115 -225
32314126 5639163 -175
32314126 5639211 -125
32314108 5639250 -75
32314126 5639250 -84
32314016 5639250 -25
32313915 5639250 25
32314126 5639254 -2125
32314126 5639254 -2075
32314126 5639254 -2025
32314121 5639550 -1975
32314126 5639550 -1975
32314126 5639262 -1025
32314126 5639363 -975
32314126 5639458 -925
32314126 5639548 -875
32313923 5639550 -825
32314126 5639550 -874
32314126 5639340 -375
32314126 5639322 -325
32314126 5639304 -275
32314126 5639288 -225
32314126 5639273 -175
32314049 5639550 -125
32314126 5639550 -137
32314126 5639259 -75
32314062 5639550 -75
32314075 5639550 -25
32314126 5639308 -25
32314088 5639269 -63
32314087 5639550 25
32314126 5639358 25
32314126 5639408 75
32314126 5639460 125
32314126 5639514 175
32314066 5639550 225
32314126 5639550 207
32313881 5639550 275
32314126 5639554 -1975
32314126 5639554 -1925
32314121 5639850 -1875
32314126 5639850 -1875
32314122 5639850 -1825
32314126 5639640 -825
32314126 5639728 -775
32314126 5639814 -725
32313947 5639850 -675
32314126 5639850 -703
32314126 5639637 -125
32314126 5639622 -75
32314126 5639608 -25
32314126 5639594 25
32314126 5639581 75
32314054 5639850 125
32314126 5639850 112
32314065 5639850 175
32314126 5639568 225
32314076 5639850 225
32314087 5639850 275
32314126 5639622 275
32314126 5639677 325
32314126 5639732 375
32314126 5639788 425
32314126 5639845 475
32314427 5623650 -2878
32314427 5623950 -2878
32314427 5624250 -2878
32314427 5624550 -2878
32314427 5624850 -2879
32314427 5625150 -2878
32314427 5625450 -2878
32314427 5625750 -2878
32314427 5626050 -2878
32314427 5626350 -2878
32314427 5626650 -2878
32314427 5626950 -2878
32314427 5627250 -2878
32314427 5627550 -2878
32314427 5627850 -2878
32314427 5628150 -2878
32314427 5628450 -2877
32314427 5628750 -2877
32314427 5629050 -2877
32314427 5629350 -2877
32314427 5629650 -2877
32314427 5629950 -2877
32314427 5630250 -2877
32314427 5630550 -2877
32314427 5630838 -2925
32314427 5630850 -2926
32314427 5631150 -2926
32314427 5631450 -2926
32314427 5631750 -2926
32314424 5632050 -2975
32314427 5632046 -2975
32314140 5632050 25
32314169 5632050 75
32314196 5632050 125
32314222 5632050 175
32314246 5632050 225
32314269 5632050 275
32314291 5632050 325
32314313 5632050 375
32314334 5632050 425
32314139 5632350 -125
32314185 5632350 -75
32314229 5632350 -25
32314272 5632350 25
32314314 5632350 75
32314355 5632350 125
32314394 5632350 175
32314427 5632350 218
32314427 5632343 225
32314427 5632298 275
32314427 5632257 325
32314427 5632218 375
32314427 5632182 425
32314189 5632650 -175
32314253 5632650 -125
32314317 5632650 -75
32314379 5632650 -25
32314427 5632650 14
32314427 5632631 25
32314427 5632549 75
32314427 5632474 125
32314427 5632405 175
32314193 5632950 -275
32314280 5632950 -225
32314366 5632950 -175
32314427 5632950 -139
32314427 5632918 -125
32314427 5632815 -75
32314427 5632720 -25
32314150 5633250 -425
32314250 5633250 -375
32314351 5633250 -325
32314427 5633250 -288
32314427 5633221 -275
32314427 5633115 -225
32314427 5633016 -175
32314157 5633550 -575
32314252 5633550 -525
32314349 5633550 -475
32314427 5633550 -434
32314427 5633528 -425
32314427 5633421 -375
32314427 5633320 -325
32314181 5633850 -725
32314263 5633850 -675
32314344 5633850 -625
32314424 5633850 -575
32314427 5633850 -573
32314427 5633743 -525
32314427 5633634 -475
32314128 5634150 -925
32314202 5634150 -875
32314275 5634150 -825
32314345 5634150 -775
32314413 5634150 -725
32314427 5634150 -714
32314427 5634065 -675
32314427 5633959 -625
32314427 5633853 -575
32314131 5634450 -1075
32314205 5634450 -1025
32314277 5634450 -975
32314345 5634450 -925
32314410 5634450 -875
32314427 5634450 -869
32314427 5634293 -825
32314427 5634227 -775
32314427 5634163 -725
32314190 5634750 -1175
32314342 5634750 -1125
32314413 5634750 -1075
32314427 5634750 -1064
32314427 5634688 -1025
32314427 5634612 -975
32314427 5634539 -925
32314427 5634469 -875
32314423 5635050 -2975
32314177 5635050 -1325
32314262 5635050 -1275
32314343 5635050 -1225
32314419 5635050 -1175
32314427 5635050 -1169
32314427 5634918 -1125
32314427 5634778 -1075
32314427 5635054 -2975
32314427 5635350 -2925
32314204 5635350 -1375
32314299 5635350 -1325
32314389 5635350 -1275
32314427 5635350 -1252
32314427 5635245 -1225
32314427 5635068 -1175
32314427 5635650 -2925
32314178 5635650 -1425
32314292 5635650 -1375
32314399 5635650 -1325
32314427 5635650 -1311
32314427 5635460 -1275
32314427 5635654 -2925
32314427 5635950 -2875
32314209 5635950 -1425
32314349 5635950 -1375
32314427 5635950 -1345
32314427 5635765 -1325
32314423 5636250 -2875
32314427 5636250 -2875
32314155 5636250 -1425
32314355 5636250 -1375
32314427 5636250 -1356
32314427 5636254 -2875
32314423 5636550 -2825
32314427 5636550 -2825
32314181 5636550 -1375
32314427 5636550 -1339
32314427 5636553 -2825
32314422 5636850 -2775
32314427 5636850 -2775
32314427 5636651 -1325
32314427 5636850 -1295
32314427 5636853 -2775
32314423 5637150 -2725
32314427 5637150 -2725
32314427 5636944 -1275
32314385 5637150 -1225
32314427 5637150 -1228
32314427 5637154 -2725
32314423 5637450 -2675
32314427 5637450 -2675
32314141 5637450 -1725
32314427 5637162 -1225
32314427 5637345 -1175
32314308 5637450 -1125
32314427 5637450 -1146
32314427 5637454 -2675
32314423 5637750 -2625
32314427 5637750 -2625
32314427 5637735 -1675
32314285 5637750 -1675
32314427 5637750 -1701
32314136 5637750 -1625
32314427 5637750 -1672
32314161 5637750 -1575
32314186 5637750 -1525
32314427 5637516 -1125
32314427 5637671 -1075
32314321 5637750 -1025
32314427 5637750 -1049
32314427 5637754 -2625
32314427 5637754 -2575
32314423 5638050 -2525
32314427 5638050 -2525
32314427 5637828 -1675
32314427 5638050 -1599
32314427 5638036 -1575
32314320 5638050 -1575
32314427 5638009 -1525
32314154 5638050 -1475
32314427 5638050 -1518
32314179 5638050 -1425
32314204 5638050 -1375
32314427 5637817 -1025
32314427 5637953 -975
32314369 5638050 -925
32314427 5638050 -939
32314162 5638050 -875
32314427 5638054 -2525
32314422 5638350 -2475
32314427 5638350 -2475
32314427 5638119 -1575
32314427 5638260 -1525
32314359 5638350 -1475
32314427 5638350 -1492
32314427 5638340 -1475
32314231 5638306 -1446
32314427 5638313 -1425
32314166 5638350 -1425
32314427 5638287 -1375
32314427 5638260 -1325
32314197 5638350 -1275
32314427 5638350 -1311
32314223 5638350 -1225
32314248 5638350 -1175
32314427 5638087 -925
32314427 5638217 -875
32314427 5638346 -825
32314214 5638350 -775
32314427 5638350 -823
32314427 5638354 -2475
32314427 5638354 -2425
32314423 5638650 -2375
32314427 5638650 -2375
32314427 5638398 -1475
32314427 5638535 -1425
32314402 5638650 -1375
32314427 5638650 -1382
32314224 5638650 -1325
32314427 5638593 -1275
32314427 5638566 -1225
32314427 5638540 -1175
32314427 5638513 -1125
32314238 5638650 -1075
32314427 5638650 -1104
32314263 5638650 -1025
32314289 5638650 -975
32314313 5638650 -925
32314427 5638457 -775
32314427 5638563 -725
32314400 5638650 -675
32314427 5638650 -681
32314185 5638650 -625
32314427 5638654 -2375
32314427 5638654 -2325
32314423 5638950 -2275
32314427 5638950 -2275
32314427 5638669 -1375
32314427 5638799 -1325
32314427 5638925 -1275
32314298 5638950 -1225
32314427 5638950 -1265
32314138 5638950 -1175
32314427 5638852 -1075
32314427 5638826 -1025
32314427 5638800 -975
32314427 5638774 -925
32314427 5638748 -875
32314291 5638950 -825
32314427 5638950 -846
32314313 5638950 -775
32314335 5638950 -725
32314427 5638661 -675
32314427 5638747 -625
32314427 5638827 -575
32314427 5638902 -525
32314377 5638950 -475
32314427 5638950 -491
32314235 5638950 -425
32314427 5638954 -2275
32314427 5638954 -2225
32314423 5639250 -2175
32314427 5639250 -2175
32314427 5639047 -1225
32314427 5639163 -1175
32314393 5639250 -1125
32314427 5639250 -1136
32314249 5639250 -1075
32314427 5639098 -825
32314427 5639074 -775
32314427 5639050 -725
32314427 5639027 -675
32314427 5639006 -625
32314325 5639250 -575
32314427 5639250 -590
32314345 5639250 -525
32314427 5638977 -475
32314364 5639250 -475
32314382 5639250 -425
32314427 5639055 -425
32314330 5638990 -454
32314427 5639128 -375
32314190 5638988 -387
32314427 5639196 -325
32314416 5639250 -275
32314427 5639250 -281
32314337 5639250 -225
32314260 5639250 -175
32314185 5639250 -125
32314427 5639254 -2175
32314427 5639254 -2125
32314423 5639550 -2075
32314427 5639550 -2075
32314423 5639550 -2025
32314427 5639275 -1125
32314427 5639379 -1075
32314427 5639479 -1025
32314391 5639550 -975
32314427 5639550 -988
32314257 5639550 -925
32314128 5639550 -875
32314427 5639361 -575
32314427 5639340 -525
32314427 5639319 -475
32314427 5639299 -425
32314326 5639550 -375
32314427 5639550 -390
32314333 5639550 -325
32314427 5639257 -275
32314349 5639550 -275
32314364 5639550 -225
32314427 5639308 -225
32314402 5639266 -266
32314378 5639550 -175
32314427 5639358 -175
32314427 5639406 -125
32314427 5639454 -75
32314427 5639502 -25
32314425 5639550 25
32314427 5639550 23
32314346 5639550 75
32314265 5639550 125
32314181 5639550 175
32314427 5639554 -2075
32314427 5639554 -2025
32314427 5639553 -1975
32314423 5639850 -1925
32314427 5639850 -1925
32314427 5639574 -975
32314427 5639663 -925
32314427 5639748 -875
32314427 5639830 -825
32314322 5639850 -775
32314427 5639850 -812
32314184 5639850 -725
32314427 5639662 -375
32314427 5639653 -325
32314427 5639636 -275
32314427 5639619 -225
32314427 5639604 -175
32314318 5639850 -125
32314427 5639850 -141
32314332 5639850 -75
32314345 5639850 -25
32314427 5639551 25
32314358 5639850 25
32314370 5639850 75
32314427 5639597 75
32314422 5639552 26
32314427 5639643 125
32314427 5639690 175
32314427 5639737 225
32314427 5639786 275
32314427 5639835 325
32314352 5639850 375
32314427 5639850 339
32314245 5639850 425
32314135 5639850 475
32314708 5623950 -2925
32314706 5623650 -2925
32314728 5623650 -2928
32314728 5623950 -2928
32314728 5623970 -2925
32314728 5624250 -2878
32314728 5624550 -2878
32314728 5624850 -2878
32314728 5625150 -2878
32314728 5625450 -2878
32314728 5625750 -2878
32314728 5626050 -2878
32314728 5626350 -2878
32314728 5626650 -2878
32314728 5626950 -2878
32314728 5627250 -2878
32314728 5627550 -2878
32314728 5627850 -2878
32314728 5628150 -2878
32314728 5628450 -2878
32314728 5628750 -2877
32314728 5629050 -2877
32314728 5629350 -2877
32314728 5629650 -2877
32314728 5629950 -2877
32314728 5630250 -2877
32314720 5630550 -2925
32314728 5630541 -2925
32314728 5630550 -2926
32314728 5630850 -2927
32314728 5631150 -2926
32314728 5631450 -2926
32314728 5631750 -2926
32314728 5632038 -2975
32314432 5632350 225
32314463 5632350 275
32314494 5632350 325
32314438 5632650 25
32314484 5632650 75
32314529 5632650 125
32314573 5632650 175
32314617 5632650 225
32314659 5632650 275
32314701 5632650 325
32314445 5632950 -125
32314506 5632950 -75
32314566 5632950 -25
32314625 5632950 25
32314682 5632950 75
32314728 5632950 116
32314728 5632937 125
32314728 5632869 175
32314728 5632805 225
32314728 5632744 275
32314728 5632687 325
32314446 5633250 -275
32314519 5633250 -225
32314590 5633250 -175
32314660 5633250 -125
32314728 5633250 -75
32314728 5633249 -75
32314728 5633164 -25
32314728 5633085 25
32314728 5633009 75
32314443 5633550 -425
32314520 5633550 -375
32314597 5633550 -325
32314672 5633550 -275
32314728 5633550 -236
32314728 5633527 -225
32314728 5633429 -175
32314728 5633337 -125
32314501 5633850 -525
32314576 5633850 -475
32314651 5633850 -425
32314724 5633850 -375
32314728 5633850 -372
32314728 5633742 -325
32314728 5633632 -275
32314483 5634150 -675
32314582 5634150 -625
32314728 5634150 -579
32314728 5634137 -575
32314728 5634065 -525
32314728 5633994 -475
32314728 5633923 -425
32314728 5633853 -375
32314580 5634450 -825
32314645 5634450 -775
32314709 5634450 -725
32314728 5634450 -709
32314728 5634399 -675
32314728 5634299 -625
32314482 5634750 -1025
32314548 5634750 -975
32314612 5634750 -925
32314673 5634750 -875
32314728 5634750 -827
32314728 5634743 -825
32314728 5634615 -775
32314728 5634489 -725
32314492 5635050 -1125
32314561 5635050 -1075
32314626 5635050 -1025
32314687 5635050 -975
32314728 5635050 -939
32314728 5635011 -925
32314728 5634875 -875
32314724 5635350 -2975
32314472 5635350 -1225
32314548 5635350 -1175
32314620 5635350 -1125
32314687 5635350 -1075
32314728 5635350 -1042
32314728 5635296 -1025
32314728 5635150 -975
32314728 5635354 -2975
32314728 5635650 -2925
32314493 5635650 -1275
32314579 5635650 -1225
32314659 5635650 -1175
32314728 5635650 -1128
32314728 5635638 -1125
32314728 5635459 -1075
32314724 5635950 -2925
32314728 5635950 -2925
32314473 5635950 -1325
32314578 5635950 -1275
32314674 5635950 -1225
32314728 5635950 -1194
32314728 5635857 -1175
32314728 5635954 -2925
32314728 5636250 -2875
32314516 5636250 -1325
32314648 5636250 -1275
32314728 5636250 -1241
32314728 5636138 -1225
32314725 5636550 -2875
32314728 5636550 -2875
32314493 5636550 -1325
32314696 5636550 -1275
32314728 5636550 -1266
32314728 5636553 -2875
32314724 5636850 -2825
32314728 5636850 -2825
32314642 5636850 -1275
32314728 5636850 -1266
32314728 5636854 -2825
32314724 5637150 -2775
32314728 5637150 -2775
32314728 5637150 -1243
32314728 5637154 -2775
32314724 5637450 -2725
32314728 5637450 -2725
32314728 5637270 -1225
32314591 5637450 -1175
32314728 5637450 -1198
32314728 5637454 -2725
32314728 5637453 -2675
32314728 5637750 -2625
32314441 5637750 -1675
32314728 5637548 -1175
32314720 5637750 -1125
32314728 5637750 -1127
32314524 5637750 -1075
32314728 5637754 -2625
32314724 5638050 -2575
32314728 5638050 -2575
32314728 5638045 -1675
32314697 5638050 -1675
32314728 5638050 -1683
32314728 5638050 -1674
32314440 5638050 -1575
32314466 5638050 -1525
32314728 5637756 -1125
32314728 5637908 -1075
32314721 5638050 -1025
32314728 5638050 -1027
32314549 5638050 -975
32314728 5638054 -2575
32314728 5638350 -2525
32314728 5638350 -2525
32314728 5638077 -1675
32314728 5638343 -1575
32314687 5638350 -1575
32314728 5638350 -1588
32314728 5638316 -1525
32314529 5638350 -1525
32314728 5638290 -1475
32314463 5638350 -1425
32314728 5638350 -1465
32314489 5638350 -1375
32314515 5638350 -1325
32314728 5638055 -1025
32314728 5638188 -975
32314728 5638317 -925
32314603 5638350 -875
32314728 5638350 -912
32314432 5638350 -825
32314728 5638350 -2525
32314728 5638354 -2475
32314724 5638650 -2425
32314728 5638650 -2425
32314728 5638390 -1575
32314728 5638539 -1525
32314693 5638650 -1475
32314728 5638650 -1487
32314728 5638617 -1425
32314550 5638650 -1425
32314728 5638592 -1375
32314728 5638566 -1325
32314728 5638540 -1275
32314509 5638650 -1225
32314728 5638650 -1258
32314535 5638650 -1175
32314560 5638650 -1125
32314728 5638441 -875
32314728 5638559 -825
32314698 5638650 -775
32314728 5638650 -785
32314552 5638650 -725
32314728 5638654 -2425
32314728 5638653 -2375
32314724 5638950 -2325
32314728 5638950 -2325
32314728 5638685 -1475
32314728 5638828 -1425
32314712 5638950 -1375
32314728 5638950 -1381
32314582 5638950 -1325
32314452 5638950 -1275
32314728 5638871 -1225
32314728 5638846 -1175
32314728 5638820 -1125
32314728 5638795 -1075
32314548 5638950 -1025
32314728 5638950 -1052
32314572 5638950 -975
32314596 5638950 -925
32314620 5638950 -875
32314728 5638671 -775
32314728 5638773 -725
32314728 5638867 -675
32314725 5638950 -625
32314728 5638950 -626
32314613 5638950 -575
32314501 5638950 -525
32314728 5638954 -2325
32314728 5638953 -2275
32314724 5639250 -2225
32314728 5639250 -2225
32314728 5638966 -1375
32314728 5639096 -1325
32314728 5639222 -1275
32314636 5639250 -1225
32314728 5639250 -1263
32314517 5639250 -1175
32314728 5639133 -1025
32314728 5639109 -975
32314728 5639085 -925
32314728 5639061 -875
32314574 5639250 -825
32314728 5639250 -847
32314596 5639250 -775
32314618 5639250 -725
32314639 5639250 -675
32314728 5638952 -625
32314659 5639250 -625
32314728 5639036 -575
32314728 5639117 -525
32314728 5639194 -475
32314701 5639250 -425
32314728 5639250 -438
32314600 5639250 -375
32314504 5639250 -325
32314728 5639254 -2225
32314728 5639253 -2175
32314724 5639550 -2125
32314728 5639550 -2125
32314728 5639336 -1225
32314728 5639444 -1175
32314728 5639549 -1125
32314618 5639550 -1075
32314728 5639550 -1124
32314507 5639550 -1025
32314728 5639410 -825
32314728 5639388 -775
32314728 5639365 -725
32314728 5639344 -675
32314728 5639323 -625
32314603 5639550 -575
32314728 5639550 -593
32314622 5639550 -525
32314641 5639550 -475
32314728 5639268 -425
32314658 5639550 -425
32314728 5639335 -375
32314728 5639398 -325
32314728 5639458 -275
32314728 5639516 -225
32314700 5639550 -175
32314728 5639550 -194
32314629 5639550 -125
32314559 5639550 -75
32314492 5639550 -25
32314728 5639554 -2125
32314728 5639553 -2075
32314728 5639836 -2025
32314724 5639850 -1975
32314728 5639850 -2022
32314728 5639642 -1075
32314728 5639731 -1025
32314728 5639816 -975
32314664 5639850 -925
32314728 5639850 -954
32314558 5639850 -875
32314453 5639850 -825
32314728 5639685 -575
32314728 5639665 -525
32314728 5639645 -475
32314728 5639626 -425
32314728 5639608 -375
32314607 5639850 -325
32314728 5639850 -342
32314622 5639850 -275
32314638 5639850 -225
32314728 5639568 -175
32314652 5639850 -175
32314728 5639616 -125
32314728 5639664 -75
32314728 5639711 -25
32314728 5639757 25
32314728 5639803 75
32314728 5639850 125
32314728 5639850 124
32314657 5639850 175
32314587 5639850 225
32314517 5639850 275
32314447 5639850 325
32315030 5623650 -2928
32315030 5623950 -2928
32315010 5624250 -2925
32315030 5624250 -2928
32315030 5624310 -2925
32315030 5624550 -2886
32315030 5624850 -2878
32315030 5625150 -2878
32315030 5625450 -2878
32315030 5625750 -2878
32315030 5626050 -2878
32315030 5626350 -2878
32315030 5626650 -2878
32315030 5626950 -2878
32315030 5627250 -2878
32315030 5627550 -2878
32315030 5627850 -2878
32315030 5628150 -2878
32315030 5628450 -2878
32315030 5628750 -2878
32315030 5629050 -2877
32315030 5629350 -2877
32315030 5629650 -2877
32315030 5629950 -2877
32315030 5630250 -2877
32315030 5630536 -2925
32315030 5630550 -2927
32315030 5630850 -2927
32315030 5631150 -2927
32315030 5631450 -2927
32315019 5631750 -2975
32315030 5631738 -2975
32314737 5632950 125
32314729 5633250 -75
32314785 5633250 -25
32314840 5633250 25
32314894 5633250 75
32314946 5633250 125
32314783 5632950 175
32314997 5633250 175
32314743 5633550 -225
32314808 5633550 -175
32314872 5633550 -125
32314933 5633550 -75
32314993 5633550 -25
32315030 5633550 -14
32315030 5633425 25
32315030 5633374 75
32315030 5633326 125
32315030 5633279 175
32314846 5633850 -325
32314967 5633850 -275
32315030 5633850 -248
32315030 5633820 -225
32315030 5633758 -175
32315030 5633699 -125
32315030 5633641 -75
32315030 5633584 -25
32314741 5634150 -575
32314818 5634150 -525
32314895 5634150 -475
32314971 5634150 -425
32315030 5634150 -385
32315030 5634125 -375
32315030 5634014 -325
32315030 5633906 -275
32314780 5634450 -675
32314855 5634450 -625
32314930 5634450 -575
32315005 5634450 -525
32315030 5634450 -508
32315030 5634365 -475
32315030 5634243 -425
32314732 5634750 -825
32314803 5634750 -775
32314874 5634750 -725
32314944 5634750 -675
32315015 5634750 -625
32315030 5634750 -614
32315030 5634637 -575
32315030 5634495 -525
32314748 5635050 -925
32314816 5635050 -875
32314883 5635050 -825
32314948 5635050 -775
32315012 5635050 -725
32315030 5635050 -711
32315030 5634939 -675
32315030 5634783 -625
32314753 5635350 -1025
32314823 5635350 -975
32314890 5635350 -925
32314953 5635350 -875
32315014 5635350 -825
32315030 5635350 -812
32315030 5635239 -775
32315030 5635090 -725
32315024 5635650 -2975
32314733 5635650 -1125
32314810 5635650 -1075
32314882 5635650 -1025
32314949 5635650 -975
32315012 5635650 -925
32315030 5635650 -910
32315030 5635538 -875
32315030 5635387 -825
32315030 5635655 -2975
32315030 5635950 -2925
32314764 5635950 -1175
32314849 5635950 -1125
32314927 5635950 -1075
32314998 5635950 -1025
32315030 5635950 -1001
32315030 5635859 -975
32315030 5635695 -925
32315025 5636250 -2925
32315030 5636250 -2925
32314767 5636250 -1225
32314872 5636250 -1175
32314967 5636250 -1125
32315030 5636250 -1087
32315030 5636202 -1075
32315030 5636027 -1025
32315030 5636254 -2925
32315030 5636550 -2875
32314862 5636550 -1225
32315003 5636550 -1175
32315030 5636550 -1164
32315030 5636388 -1125
32315030 5636554 -2875
32315030 5636850 -2825
32315002 5636850 -1225
32315030 5636850 -1220
32315030 5636602 -1175
32315030 5636854 -2825
32315030 5637150 -2775
32315030 5637150 -1249
32315030 5636893 -1225
32315030 5637154 -2775
32315030 5637450 -2725
32314895 5637450 -1225
32315030 5637450 -1246
32315030 5637453 -2725
32315026 5637750 -2675
32315030 5637750 -2675
32315030 5637603 -1225
32314915 5637750 -1175
32315030 5637750 -1204
32315030 5637753 -2675
32315026 5638050 -2625
32315030 5638050 -2625
32314733 5638050 -1675
32315030 5637860 -1175
32315030 5638039 -1125
32314881 5638050 -1075
32315030 5638050 -1122
32315030 5638053 -2625
32315030 5638053 -2575
32315030 5638350 -2525
32315030 5638337 -1675
32314963 5638350 -1675
32315030 5638350 -1699
32314828 5638350 -1625
32315030 5638311 -1625
32314736 5638350 -1575
32315030 5638350 -1619
32314762 5638350 -1525
32314789 5638350 -1475
32315030 5638182 -1075
32315030 5638316 -1025
32314921 5638350 -975
32315030 5638350 -1012
32314769 5638350 -925
32315030 5638353 -2525
32315026 5638650 -2475
32315030 5638650 -2475
32315030 5638433 -1675
32315030 5638600 -1625
32315030 5638650 -1610
32315030 5638632 -1575
32314944 5638650 -1575
32315030 5638607 -1525
32314821 5638650 -1525
32315030 5638581 -1475
32314762 5638650 -1425
32315030 5638650 -1464
32314788 5638650 -1375
32314815 5638650 -1325
32314841 5638650 -1275
32315030 5638451 -975
32315030 5638584 -925
32314965 5638650 -875
32315030 5638650 -900
32314835 5638650 -825
32315030 5638653 -2475
32315030 5638653 -2425
32315026 5638950 -2375
32315030 5638950 -2375
32315030 5638761 -1575
32315030 5638918 -1525
32314939 5638950 -1475
32315030 5638950 -1514
32315030 5638905 -1425
32314827 5638950 -1425
32315030 5638880 -1375
32315030 5638855 -1325
32315030 5638831 -1275
32314810 5638950 -1225
32315030 5638950 -1256
32314836 5638950 -1175
32314862 5638950 -1125
32314887 5638950 -1075
32315030 5638717 -875
32315030 5638848 -825
32315009 5638950 -775
32315030 5638950 -784
32314911 5638950 -725
32314816 5638950 -675
32315030 5638953 -2375
32315030 5638953 -2325
32315026 5639250 -2275
32315030 5639250 -2275
32314938 5639250 -1725
32315030 5639250 -1766
32315030 5639200 -1725
32315030 5639250 -1718
32315030 5639064 -1475
32315030 5639205 -1425
32314959 5639250 -1375
32315030 5639250 -1408
32314855 5639250 -1325
32314752 5639250 -1275
32315030 5639160 -1225
32315030 5639135 -1175
32315030 5639111 -1125
32315030 5639087 -1075
32314849 5639250 -1025
32315030 5639250 -1050
32314873 5639250 -975
32314897 5639250 -925
32314920 5639250 -875
32315030 5638970 -775
32315030 5639069 -725
32315030 5639160 -675
32315030 5639245 -625
32314951 5639250 -575
32315030 5639250 -622
32314869 5639250 -525
32314788 5639250 -475
32315030 5639253 -2275
32315030 5639253 -2225
32315026 5639550 -2175
32315030 5639550 -2175
32315030 5639364 -1725
32314967 5639550 -1625
32315030 5639550 -1655
32315030 5639513 -1625
32315030 5639453 -1575
32314863 5639550 -1575
32315030 5639550 -1562
32315030 5639332 -1375
32315030 5639449 -1325
32315019 5639550 -1275
32315030 5639550 -1280
32314922 5639550 -1225
32314825 5639550 -1175
32314729 5639550 -1125
32315030 5639428 -1025
32315030 5639406 -975
32315030 5639383 -925
32315030 5639360 -875
32315030 5639337 -825
32314888 5639550 -775
32315030 5639550 -795
32314909 5639550 -725
32314929 5639550 -675
32314949 5639550 -625
32315030 5639317 -575
32315030 5639386 -525
32315030 5639453 -475
32315030 5639518 -425
32314990 5639550 -375
32315030 5639550 -399
32314914 5639550 -325
32314840 5639550 -275
32314770 5639550 -225
32315030 5639553 -2175
32315030 5639553 -2125
32315026 5639850 -2075
32315030 5639850 -2075
32314743 5639850 -2025
32315030 5639619 -1625
32315030 5639733 -1575
32314937 5639850 -1475
32315030 5639850 -1521
32315030 5639793 -1475
32315030 5639731 -1425
32314839 5639850 -1425
32315030 5639850 -1410
32315030 5639560 -1275
32315030 5639658 -1225
32315030 5639751 -1175
32315030 5639840 -1125
32314948 5639850 -1075
32315030 5639850 -1119
32314857 5639850 -1025
32314765 5639850 -975
32315030 5639698 -775
32315030 5639677 -725
32315030 5639656 -675
32315030 5639635 -625
32314882 5639850 -575
32315030 5639850 -596
32314901 5639850 -525
32314919 5639850 -475
32314936 5639850 -425
32315030 5639578 -375
32314953 5639850 -375
32315030 5639634 -325
32315030 5639688 -275
32315030 5639741 -225
32315030 5639792 -175
32315030 5639842 -125
32314974 5639850 -75
32315030 5639850 -117
32314910 5639850 -25
32314848 5639850 25
32314787 5639850 75
32315331 5623650 -2928
32315331 5623950 -2928
32315331 5624250 -2928
32315274 5624550 -2925
32315331 5624550 -2928
32315331 5624571 -2925
32315331 5624850 -2879
32315331 5625150 -2878
32315331 5625450 -2878
32315331 5625750 -2878
32315331 5626050 -2878
32315331 5626350 -2878
32315331 5626650 -2878
32315331 5626950 -2878
32315331 5627250 -2878
32315331 5627550 -2878
32315331 5627850 -2878
32315331 5628150 -2878
32315331 5628450 -2878
32315331 5628750 -2878
32315331 5629050 -2878
32315331 5629350 -2878
32315331 5629650 -2877
32315331 5629950 -2877
32315329 5630250 -2925
32315331 5630247 -2925
32315331 5630250 -2925
32315331 5630550 -2927
32315331 5630850 -2927
32315331 5631150 -2927
32315331 5631450 -2927
32315331 5631736 -2975
32315061 5633850 -225
32315127 5633850 -175
32315191 5633850 -125
32315253 5633850 -75
32315312 5633850 -25
32315331 5633850 -8
32315331 5633796 25
32315160 5633550 25
32315046 5634150 -375
32315122 5634150 -325
32315196 5634150 -275
32315267 5634150 -225
32315331 5634150 -178
32315331 5634142 -175
32315331 5634051 -125
32315331 5633962 -75
32315331 5633876 -25
32315086 5634450 -475
32315168 5634450 -425
32315248 5634450 -375
32315326 5634450 -325
32315331 5634450 -322
32315331 5634348 -275
32315331 5634243 -225
32315098 5634750 -575
32315184 5634750 -525
32315270 5634750 -475
32315331 5634750 -438
32315331 5634714 -425
32315331 5634584 -375
32315331 5634457 -325
32315092 5635050 -675
32315177 5635050 -625
32315263 5635050 -575
32315331 5635050 -535
32315331 5635017 -525
32315331 5634862 -475
32315091 5635350 -775
32315172 5635350 -725
32315253 5635350 -675
32315331 5635350 -626
32315331 5635343 -625
32315331 5635180 -575
32315089 5635650 -875
32315169 5635650 -825
32315246 5635650 -775
32315321 5635650 -725
32315331 5635650 -718
32315331 5635508 -675
32315326 5635950 -2975
32315077 5635950 -975
32315160 5635950 -925
32315239 5635950 -875
32315313 5635950 -825
32315331 5635950 -812
32315331 5635832 -775
32315331 5635671 -725
32315331 5635955 -2975
32315331 5636250 -2925
32315058 5636250 -1075
32315160 5636250 -1025
32315253 5636250 -975
32315331 5636250 -928
32315331 5636241 -925
32315331 5636111 -875
32315331 5635981 -825
32315331 5636258 -2925
32315331 5636550 -2876
32315158 5636550 -1125
32315300 5636550 -1075
32315331 5636550 -1062
32315331 5636459 -1025
32315331 5636347 -975
32315326 5636850 -2875
32315331 5636850 -2875
32315331 5636850 -1182
32315331 5636829 -1175
32315331 5636695 -1125
32315331 5636576 -1075
32315331 5636854 -2875
32315327 5637150 -2825
32315331 5637150 -2825
32315331 5637150 -1263
32315331 5636998 -1225
32315331 5637154 -2825
32315327 5637450 -2775
32315331 5637450 -2775
32315197 5637450 -1275
32315331 5637450 -1298
32315331 5637244 -1275
32315331 5637453 -2775
32315327 5637750 -2725
32315331 5637750 -2725
32315291 5637750 -1275
32315331 5637750 -1285
32315106 5637750 -1225
32315331 5637753 -2725
32315331 5637753 -2675
32315331 5638050 -2625
32315331 5637807 -1275
32315325 5638050 -1225
32315331 5638050 -1227
32315183 5638050 -1175
32315038 5638050 -1125
32315331 5638053 -2625
32315328 5638350 -2575
32315331 5638350 -2575
32315216 5638350 -1775
32315331 5638350 -1821
32315331 5638326 -1775
32315331 5638350 -1771
32315043 5638350 -1675
32315070 5638350 -1625
32315331 5638057 -1225
32315331 5638219 -1175
32315314 5638350 -1125
32315331 5638350 -1131
32315191 5638350 -1075
32315063 5638350 -1025
32315331 5638353 -2575
32315331 5638359 -2525
32315331 5638650 -2476
32315314 5638650 -2075
32315331 5638650 -2081
32315331 5638642 -2075
32315331 5638584 -2025
32315197 5638650 -2025
32315331 5638650 -2014
32315331 5638531 -1775
32315331 5638640 -1725
32315287 5638650 -1725
32315331 5638650 -1744
32315331 5638615 -1675
32315175 5638650 -1675
32315079 5638544 -1647
32315331 5638590 -1625
32315063 5638650 -1625
32315049 5638650 -1575
32315331 5638650 -1615
32315076 5638650 -1525
32315103 5638650 -1475
32315331 5638370 -1125
32315331 5638515 -1075
32315327 5638650 -1025
32315331 5638650 -1026
32315212 5638650 -975
32315091 5638650 -925
32315331 5638652 -2475
32315328 5638950 -2425
32315331 5638950 -2425
32315331 5638676 -2075
32315331 5638866 -2025
32315331 5638917 -1975
32315270 5638950 -1975
32315331 5638950 -2002
32315331 5638859 -1925
32315161 5638950 -1925
32315331 5638950 -1911
32315331 5638718 -1725
32315331 5638893 -1675
32315260 5638950 -1625
32315331 5638950 -1658
32315331 5638908 -1575
32315155 5638950 -1575
32315069 5638877 -1541
32315331 5638884 -1525
32315051 5638950 -1525
32315331 5638859 -1475
32315331 5638835 -1425
32315105 5638950 -1375
32315331 5638950 -1407
32315131 5638950 -1325
32315158 5638950 -1275
32315331 5638655 -1025
32315331 5638806 -975
32315324 5638950 -925
32315331 5638950 -928
32315220 5638950 -875
32315114 5638950 -825
32315331 5638953 -2425
32315331 5638952 -2375
32315328 5639250 -2325
32315331 5639250 -2325
32315331 5639044 -1975
32315331 5639212 -1925
32315331 5639250 -1913
32315250 5639250 -1875
32315331 5639204 -1875
32315331 5639145 -1825
32315148 5639250 -1825
32315331 5639086 -1775
32315046 5639250 -1775
32315331 5639250 -1751
32315091 5639250 -1725
32315331 5639056 -1625
32315331 5639213 -1575
32315256 5639250 -1525
32315331 5639250 -1563
32315158 5639250 -1475
32315061 5639250 -1425
32315331 5639158 -1375
32315331 5639134 -1325
32315331 5639110 -1275
32315331 5639087 -1225
32315152 5639250 -1175
32315331 5639250 -1200
32315177 5639250 -1125
32315202 5639250 -1075
32315331 5638958 -925
32315331 5639083 -875
32315331 5639201 -825
32315282 5639250 -775
32315331 5639250 -803
32315199 5639250 -725
32315116 5639250 -675
32315034 5639250 -625
32315331 5639253 -2325
32315331 5639252 -2275
32315328 5639550 -2225
32315331 5639550 -2225
32315331 5639364 -1875
32315331 5639509 -1825
32315260 5639550 -1775
32315331 5639550 -1810
32315102 5639335 -1762
32315163 5639550 -1725
32315331 5639446 -1725
32315067 5639550 -1675
32315331 5639385 -1675
32315331 5639550 -1652
32315074 5639550 -1625
32315147 5639550 -1575
32315331 5639352 -1525
32315331 5639484 -1475
32315287 5639550 -1425
32315331 5639550 -1449
32315197 5639550 -1375
32315108 5639550 -1325
32315331 5639419 -1175
32315331 5639396 -1125
32315331 5639372 -1075
32315331 5639349 -1025
32315178 5639550 -975
32315331 5639550 -996
32315201 5639550 -925
32315223 5639550 -875
32315245 5639550 -825
32315331 5639299 -775
32315331 5639380 -725
32315331 5639457 -675
32315331 5639532 -625
32315275 5639550 -575
32315331 5639550 -613
32315204 5639550 -525
32315133 5639550 -475
32315064 5639550 -425
32315331 5639553 -2225
32315331 5639552 -2175
32315328 5639850 -2125
32315331 5639850 -2125
32315331 5639639 -1775
32315331 5639760 -1725
32315308 5639850 -1675
32315331 5639850 -1687
32315188 5639713 -1659
32315215 5639850 -1625
32315331 5639772 -1625
32315132 5639694 -1603
32315331 5639709 -1575
32315124 5639850 -1575
32315331 5639646 -1525
32315036 5639850 -1525
32315331 5639850 -1499
32315095 5639850 -1475
32315331 5639603 -1425
32315165 5639850 -1425
32315331 5639708 -1375
32315331 5639810 -1325
32315281 5639850 -1275
32315331 5639850 -1305
32315199 5639850 -1225
32315118 5639850 -1175
32315039 5639850 -1125
32315331 5639700 -975
32315331 5639679 -925
32315331 5639657 -875
32315331 5639636 -825
32315179 5639850 -775
32315331 5639850 -795
32315199 5639850 -725
32315219 5639850 -675
32315238 5639850 -625
32315331 5639598 -575
32315331 5639659 -525
32315331 5639718 -475
32315331 5639776 -425
32315331 5639832 -375
32315286 5639850 -325
32315331 5639850 -359
32315221 5639850 -275
32315159 5639850 -225
32315098 5639850 -175
32315038 5639850 -125
32315632 5623667 -2975
32315614 5623650 -2975
32315632 5623950 -2928
32315632 5624250 -2928
32315632 5624550 -2928
32315609 5624850 -2925
32315632 5624850 -2928
32315632 5624869 -2925
32315632 5625150 -2878
32315632 5625450 -2878
32315632 5625750 -2878
32315632 5626050 -2878
32315632 5626350 -2878
32315632 5626650 -2878
32315632 5626950 -2878
32315632 5627250 -2878
32315632 5627550 -2878
32315632 5627850 -2878
32315632 5628150 -2878
32315632 5628450 -2878
32315632 5628750 -2878
32315632 5629050 -2878
32315632 5629350 -2878
32315632 5629650 -2878
32315632 5629950 -2878
32315632 5630231 -2925
32315632 5630250 -2927
32315632 5630550 -2927
32315632 5630850 -2927
32315632 5631150 -2927
32315620 5631450 -2975
32315632 5631438 -2975
32315336 5634150 -175
32315404 5634150 -125
32315407 5634450 -275
32315485 5634450 -225
32315560 5634450 -175
32315631 5634450 -125
32315632 5634450 -124
32315632 5634366 -75
32315469 5634150 -75
32315357 5634750 -425
32315451 5634750 -375
32315542 5634750 -325
32315629 5634750 -275
32315632 5634750 -273
32315632 5634650 -225
32315632 5634549 -175
32315632 5634451 -125
32315354 5635050 -525
32315462 5635050 -475
32315567 5635050 -425
32315632 5635050 -392
32315632 5635003 -375
32315632 5634877 -325
32315632 5634754 -275
32315335 5635350 -625
32315452 5635350 -575
32315566 5635350 -525
32315632 5635350 -495
32315632 5635288 -475
32315632 5635142 -425
32315437 5635650 -675
32315558 5635650 -625
32315632 5635650 -593
32315632 5635593 -575
32315632 5635440 -525
32315434 5635950 -775
32315568 5635950 -725
32315632 5635950 -700
32315632 5635880 -675
32315632 5635740 -625
32315632 5635962 -2975
32315632 5636250 -2926
32315343 5636250 -925
32315520 5636250 -875
32315632 5636250 -842
32315632 5636213 -825
32315632 5636108 -775
32315632 5636002 -725
32315624 5636550 -2925
32315632 5636550 -2925
32315586 5636550 -1025
32315632 5636550 -1017
32315632 5636472 -975
32315632 5636385 -925
32315632 5636302 -875
32315632 5636554 -2925
32315632 5636850 -2875
32315632 5636850 -1180
32315632 5636837 -1175
32315632 5636737 -1125
32315632 5636645 -1075
32315632 5636561 -1025
32315632 5636854 -2875
32315632 5637150 -2825
32315434 5637150 -1275
32315632 5637150 -1298
32315632 5637083 -1275
32315632 5636953 -1225
32315632 5637153 -2825
32315632 5637450 -2775
32315457 5637450 -1325
32315632 5637450 -1362
32315632 5637267 -1325
32315632 5637453 -2775
32315632 5637750 -2725
32315627 5637750 -1375
32315632 5637750 -1376
32315632 5637713 -1375
32315462 5637750 -1325
32315632 5637753 -2725
32315629 5638050 -2675
32315632 5638050 -2675
32315516 5638050 -2275
32315632 5638050 -2315
32315632 5638008 -2275
32315632 5638050 -2267
32315632 5637764 -1375
32315585 5638050 -1325
32315632 5638050 -1343
32315455 5638050 -1275
32315632 5638052 -2675
32315629 5638350 -2625
32315632 5638350 -2625
32315632 5638331 -2275
32315632 5638350 -2272
32315513 5638350 -2225
32315632 5638298 -2225
32315632 5638244 -2175
32315388 5638350 -2175
32315632 5638350 -2157
32315576 5638350 -1925
32315632 5638350 -1948
32315632 5638338 -1925
32315632 5638350 -1923
32315357 5638350 -1775
32315632 5638128 -1325
32315632 5638331 -1275
32315534 5638350 -1225
32315632 5638350 -1270
32315425 5638350 -1175
32315632 5638352 -2625
32315632 5638352 -2575
32315624 5638650 -2525
32315632 5638650 -2525
32315632 5638596 -2225
32315541 5638650 -2175
32315632 5638650 -2214
32315632 5638549 -2125
32315427 5638650 -2125
32315632 5638493 -2075
32315417 5638650 -2025
32315632 5638650 -2049
32315632 5638460 -1925
32315632 5638645 -1875
32315613 5638650 -1875
32315632 5638650 -1883
32315632 5638620 -1825
32315504 5638650 -1825
32315632 5638595 -1775
32315397 5638650 -1775
32315632 5638650 -1766
32315342 5638650 -1725
32315369 5638650 -1675
32315397 5638650 -1625
32315632 5638494 -1225
32315632 5638645 -1175
32315534 5638650 -1125
32315632 5638650 -1173
32315431 5638650 -1075
32315632 5638652 -2525
32315631 5638950 -2475
32315632 5638950 -2475
32315632 5638820 -2175
32315590 5638950 -2125
32315632 5638950 -2144
32315483 5638950 -2075
32315632 5638812 -2025
32315377 5638950 -2025
32315402 5638862 -2003
32315632 5638755 -1975
32315451 5638950 -1925
32315632 5638950 -1945
32315632 5638685 -1875
32315632 5638879 -1825
32315567 5638950 -1775
32315632 5638950 -1806
32315632 5638909 -1725
32315465 5638950 -1725
32315374 5638824 -1699
32315632 5638885 -1675
32315364 5638950 -1675
32315632 5638860 -1625
32315632 5638836 -1575
32315404 5638950 -1525
32315632 5638950 -1557
32315431 5638950 -1475
32315457 5638950 -1425
32315632 5638794 -1125
32315632 5638940 -1075
32315537 5638950 -1025
32315632 5638950 -1071
32315433 5638950 -975
32315632 5638951 -2475
32315632 5638952 -2425
32315630 5639250 -2375
32315632 5639250 -2375
32315632 5639021 -2125
32315632 5639204 -2075
32315555 5639250 -2025
32315632 5639250 -2062
32315454 5639250 -1975
32315632 5639088 -1925
32315353 5639250 -1925
32315632 5639029 -1875
32315632 5638971 -1825
32315561 5639036 -1801
32315632 5639058 -1775
32315632 5639250 -1784
32315546 5639250 -1775
32315632 5639228 -1725
32315547 5639250 -1675
32315632 5639250 -1718
32315450 5639250 -1625
32315354 5639250 -1575
32315632 5639155 -1525
32315632 5639132 -1475
32315632 5639108 -1425
32315432 5639250 -1375
32315632 5639250 -1402
32315458 5639250 -1325
32315483 5639250 -1275
32315509 5639250 -1225
32315632 5639084 -1025
32315632 5639226 -975
32315555 5639250 -925
32315632 5639250 -966
32315462 5639250 -875
32315370 5639250 -825
32315632 5639252 -2375
32315632 5639251 -2325
32315630 5639550 -2275
32315632 5639550 -2275
32315632 5639367 -2025
32315632 5639522 -1975
32315551 5639550 -1925
32315632 5639550 -1965
32315454 5639550 -1875
32315358 5639550 -1825
32315632 5639317 -1775
32315632 5639257 -1725
32315588 5639301 -1713
32315632 5639379 -1675
32315632 5639550 -1684
32315541 5639550 -1675
32315632 5639525 -1625
32315556 5639550 -1575
32315632 5639550 -1616
32315465 5639550 -1525
32315376 5639550 -1475
32315632 5639433 -1375
32315632 5639409 -1325
32315632 5639386 -1275
32315632 5639363 -1225
32315472 5639550 -1175
32315632 5639550 -1196
32315497 5639550 -1125
32315522 5639550 -1075
32315545 5639550 -1025
32315632 5639347 -925
32315632 5639457 -875
32315625 5639550 -825
32315632 5639550 -830
32315555 5639550 -775
32315487 5639550 -725
32315417 5639550 -675
32315347 5639550 -625
32315632 5639552 -2275
32315632 5639551 -2225
32315630 5639850 -2175
32315632 5639850 -2175
32315632 5639657 -1925
32315632 5639786 -1875
32315584 5639850 -1825
32315632 5639850 -1850
32315491 5639850 -1775
32315399 5639850 -1725
32315632 5639625 -1675
32315632 5639560 -1625
32315578 5639850 -1525
32315632 5639767 -1525
32315632 5639850 -1530
32315523 5639733 -1491
32315632 5639850 -1489
32315607 5639850 -1475
32315523 5639850 -1425
32315441 5639850 -1375
32315362 5639850 -1325
32315632 5639699 -1175
32315632 5639676 -1125
32315632 5639653 -1075
32315632 5639631 -1025
32315489 5639850 -975
32315632 5639850 -993
32315511 5639850 -925
32315532 5639850 -875
32315632 5639558 -825
32315553 5639850 -825
32315632 5639635 -775
32315632 5639708 -725
32315632 5639778 -675
32315632 5639848 -625
32315577 5639850 -575
32315632 5639850 -623
32315519 5639850 -525
32315462 5639850 -475
32315405 5639850 -425
32315349 5639850 -375
32315917 5623950 -2975
32315933 5623966 -2975
32315933 5624250 -2928
32315933 5624550 -2927
32315933 5624850 -2927
32315932 5625150 -2925
32315933 5625150 -2925
32315933 5625151 -2925
32315933 5625450 -2878
32315933 5625750 -2878
32315933 5626050 -2878
32315933 5626350 -2878
32315933 5626650 -2878
32315933 5626950 -2878
32315933 5627250 -2878
32315933 5627550 -2878
32315933 5627850 -2878
32315933 5628150 -2878
32315933 5628450 -2878
32315933 5628750 -2878
32315933 5629050 -2878
32315933 5629350 -2878
32315933 5629650 -2878
32315929 5629950 -2925
32315933 5629945 -2925
32315933 5629950 -2925
32315933 5630250 -2928
32315933 5630550 -2928
32315933 5630850 -2928
32315933 5631150 -2927
32315933 5631434 -2975
32315725 5634750 -225
32315816 5634750 -175
32315902 5634750 -125
32315679 5635050 -375
32315804 5635050 -325
32315923 5635050 -275
32315933 5635050 -270
32315933 5634964 -225
32315933 5634872 -175
32315933 5634783 -125
32315933 5634750 -106
32315705 5635350 -475
32315873 5635350 -425
32315933 5635350 -406
32315933 5635279 -375
32315933 5635168 -325
32315933 5635059 -275
32315725 5635650 -575
32315933 5635650 -532
32315933 5635631 -525
32315933 5635512 -475
32315933 5635393 -425
32315894 5635950 -675
32315933 5635950 -671
32315933 5635850 -625
32315933 5635742 -575
32315921 5636250 -2975
32315933 5636250 -842
32315933 5636219 -825
32315933 5636131 -775
32315933 5636043 -725
32315933 5635956 -675
32315933 5636255 -2975
32315933 5636550 -2925
32315735 5636550 -1025
32315933 5636550 -1038
32315933 5636527 -1025
32315933 5636447 -975
32315933 5636370 -925
32315933 5636297 -875
32315931 5636850 -2925
32315933 5636850 -2925
32315933 5636850 -1219
32315933 5636769 -1175
32315933 5636683 -1125
32315933 5636604 -1075
32315933 5636852 -2925
32315930 5637150 -2875
32315933 5637150 -2875
32315775 5637150 -1325
32315933 5637150 -1354
32315933 5637077 -1325
32315933 5636964 -1275
32315933 5636860 -1225
32315933 5637153 -2875
32315930 5637450 -2825
32315933 5637450 -2825
32315878 5637450 -1425
32315933 5637450 -1439
32315933 5637396 -1425
32315933 5637216 -1375
32315681 5637450 -1375
32315933 5637453 -2825
32315930 5637750 -2775
32315933 5637750 -2775
32315908 5637750 -2425
32315933 5637750 -2432
32315933 5637743 -2425
32315933 5637750 -2423
32315782 5637750 -1425
32315933 5637750 -1474
32315933 5637752 -2775
32315931 5638050 -2725
32315933 5638050 -2725
32315933 5637940 -2425
32315933 5638004 -2375
32315801 5638050 -2375
32315933 5638050 -2420
32315933 5637954 -2325
32315659 5638050 -2325
32315933 5638050 -2306
32315690 5638050 -2275
32315835 5638050 -1425
32315933 5638050 -1463
32315711 5638050 -1375
32315933 5638052 -2725
32315933 5638052 -2675
32315933 5638350 -2625
32315891 5638350 -2375
32315933 5638350 -2391
32315764 5638350 -2325
32315933 5638227 -2275
32315639 5638350 -2275
32315933 5638174 -2225
32315780 5638350 -2175
32315933 5638350 -2193
32315646 5638350 -1925
32315933 5638284 -1425
32315851 5638350 -1375
32315933 5638350 -1413
32315746 5638350 -1325
32315642 5638350 -1275
32315933 5638351 -2625
32315931 5638650 -2575
32315933 5638650 -2575
32315933 5638456 -2375
32315886 5638650 -2325
32315933 5638650 -2344
32315770 5638650 -2275
32315655 5638650 -2225
32315933 5638461 -2175
32315933 5638406 -2125
32315850 5638650 -2075
32315933 5638650 -2084
32315829 5638650 -1975
32315933 5638650 -2022
32315933 5638626 -1975
32315933 5638601 -1925
32315721 5638650 -1925
32315933 5638650 -1916
32315637 5638650 -1875
32315665 5638650 -1825
32315694 5638650 -1775
32315933 5638494 -1375
32315923 5638650 -1325
32315933 5638650 -1330
32315826 5638650 -1275
32315730 5638650 -1225
32315635 5638650 -1175
32315933 5638651 -2575
32315933 5638651 -2525
32315933 5638950 -2475
32315933 5638748 -2325
32315915 5638950 -2275
32315933 5638950 -2283
32315805 5638950 -2225
32315697 5638950 -2175
32315933 5638710 -2075
32315933 5638653 -2025
32315933 5638857 -1975
32315933 5638950 -1978
32315899 5638950 -1975
32315933 5638950 -1953
32315874 5638950 -1925
32315933 5638911 -1875
32315772 5638950 -1875
32315933 5638886 -1825
32315669 5638950 -1825
32315933 5638861 -1775
32315933 5638838 -1725
32315705 5638950 -1675
32315933 5638950 -1707
32315732 5638950 -1625
32315759 5638950 -1575
32315933 5638666 -1325
32315933 5638815 -1275
32315929 5638950 -1225
32315933 5638950 -1226
32315834 5638950 -1175
32315737 5638950 -1125
32315639 5638950 -1075
32315933 5638951 -2475
32315933 5638952 -2425
32315933 5639250 -2375
32315933 5638983 -2275
32315933 5639180 -2225
32315866 5639250 -2175
32315933 5639250 -2206
32315761 5639250 -2125
32315658 5639250 -2075
32315933 5638975 -1975
32315743 5639250 -1775
32315644 5639250 -1725
32315933 5639154 -1675
32315933 5639130 -1625
32315933 5639106 -1575
32315737 5639250 -1525
32315933 5639250 -1552
32315763 5639250 -1475
32315789 5639250 -1425
32315933 5638955 -1225
32315933 5639099 -1175
32315933 5639239 -1125
32315847 5639250 -1075
32315933 5639250 -1120
32315750 5639250 -1025
32315649 5639250 -975
32315933 5639251 -2375
32315932 5639550 -2325
32315933 5639550 -2325
32315933 5639355 -2175
32315933 5639517 -2125
32315852 5639550 -2075
32315933 5639550 -2114
32315750 5639550 -2025
32315650 5639550 -1975
32315745 5639550 -1675
32315648 5639550 -1625
32315933 5639428 -1525
32315933 5639404 -1475
32315933 5639381 -1425
32315933 5639358 -1375
32315787 5639550 -1325
32315933 5639550 -1345
32315812 5639550 -1275
32315837 5639550 -1225
32315933 5639393 -1075
32315929 5639550 -1025
32315933 5639550 -1027
32315849 5639550 -975
32315771 5639550 -925
32315697 5639550 -875
32315933 5639551 -2325
32315933 5639551 -2275
32315933 5639850 -2225
32315933 5639850 -2225
32315933 5639658 -2075
32315933 5639792 -2025
32315877 5639850 -1975
32315933 5639850 -2003
32315778 5639850 -1925
32315680 5639850 -1875
32315697 5639850 -1525
32315933 5639687 -1325
32315933 5639663 -1275
32315933 5639639 -1225
32315799 5639850 -1175
32315933 5639850 -1193
32315821 5639850 -1125
32315846 5639850 -1075
32315933 5639555 -1025
32315872 5639850 -1025
32315933 5639674 -975
32315933 5639794 -925
32315899 5639850 -875
32315933 5639850 -901
32315841 5639850 -825
32315788 5639850 -775
32315737 5639850 -725
32315686 5639850 -675
32315634 5639850 -625
32316220 5624250 -2975
32316234 5624264 -2975
32316234 5624550 -2927
32316234 5624850 -2927
32316234 5625150 -2927
32316234 5625168 -2925
32316234 5625450 -2878
32316234 5625750 -2877
32316234 5626050 -2878
32316234 5626350 -2878
32316234 5626650 -2878
32316234 5626950 -2878
32316234 5627250 -2878
32316234 5627550 -2878
32316234 5627850 -2878
32316234 5628150 -2878
32316234 5628450 -2878
32316234 5628750 -2878
32316234 5629050 -2878
32316234 5629350 -2878
32316234 5629650 -2878
32316234 5629930 -2925
32316234 5629950 -2928
32316234 5630250 -2928
32316234 5630550 -2928
32316234 5630850 -2928
32316225 5631150 -2975
32316234 5631140 -2975
32316061 5635050 -225
32316095 5635350 -375
32316234 5635350 -346
32316234 5635314 -325
32316234 5635232 -275
32316234 5635153 -225
32316192 5635050 -175
32316234 5635075 -175
32316234 5635050 -157
32316067 5635650 -525
32316234 5635650 -514
32316234 5635577 -475
32316234 5635487 -425
32316234 5635399 -375
32315996 5635950 -675
32316234 5635950 -689
32316234 5635924 -675
32316234 5635838 -625
32316234 5635752 -575
32316234 5635667 -525
32316158 5636250 -875
32316234 5636250 -885
32316234 5636233 -875
32316234 5636154 -825
32316234 5636078 -775
32316234 5636002 -725
32316232 5636550 -2975
32316136 5636550 -1075
32316234 5636550 -1091
32316234 5636523 -1075
32316234 5636447 -1025
32316234 5636374 -975
32316234 5636303 -925
32316234 5636552 -2975
32316234 5636850 -2925
32316219 5636850 -1275
32316234 5636850 -1277
32316234 5636844 -1275
32316234 5636757 -1225
32315961 5636850 -1225
32316234 5636676 -1175
32316234 5636598 -1125
32316234 5636853 -2925
32316234 5637150 -2875
32316023 5637150 -1375
32316234 5637150 -1422
32316234 5637045 -1375
32316234 5636941 -1325
32316234 5637153 -2875
32316234 5637450 -2825
32316069 5637450 -1475
32316234 5637450 -1519
32316234 5637308 -1475
32316234 5637158 -1425
32316234 5637452 -2825
32316234 5637750 -2775
32316080 5637750 -2475
32316234 5637750 -2519
32316234 5637735 -2475
32316234 5637720 -2425
32316234 5637750 -2419
32316092 5637750 -1525
32316234 5637750 -1570
32316234 5637483 -1525
32315936 5637750 -1475
32316234 5637752 -2775
32316234 5638050 -2725
32316095 5638050 -2475
32316234 5638050 -2521
32315946 5638050 -2425
32316234 5638002 -2375
32316071 5638050 -2325
32316234 5638050 -2346
32316222 5638050 -1575
32316234 5638050 -1579
32316234 5637895 -1575
32316091 5638050 -1525
32315962 5638050 -1475
32316234 5638051 -2725
32316233 5638350 -2675
32316234 5638350 -2675
32316156 5638350 -2475
32316234 5638350 -2503
32316022 5638350 -2425
32316234 5638165 -2325
32316234 5638274 -2275
32316187 5638350 -2225
32316234 5638350 -2230
32316234 5638340 -2175
32316234 5638350 -2194
32316185 5638350 -2175
32316234 5638350 -2173
32316234 5638098 -1575
32316179 5638350 -1525
32316234 5638350 -1549
32316068 5638350 -1475
32315958 5638350 -1425
32316234 5638351 -2675
32316234 5638350 -2625
32316234 5638650 -2575
32316234 5638594 -2475
32316127 5638650 -2425
32316234 5638650 -2468
32316005 5638650 -2375
32316234 5638383 -2225
32316234 5638635 -2125
32316234 5638610 -2075
32316052 5638650 -2075
32316234 5638585 -2025
32315939 5638650 -2025
32316234 5638650 -2014
32315961 5638650 -1975
32315989 5638650 -1925
32316234 5638467 -1525
32316216 5638650 -1475
32316234 5638650 -1484
32316117 5638650 -1425
32316019 5638650 -1375
32316234 5638650 -2575
32316234 5638950 -2525
32316234 5638950 -2525
32316234 5638896 -2425
32316141 5638950 -2375
32316234 5638950 -2415
32316027 5638950 -2325
32316234 5638889 -1975
32315979 5638950 -1975
32316234 5638864 -1925
32316234 5638840 -1875
32316006 5638950 -1825
32316234 5638950 -1857
32316033 5638950 -1775
32316060 5638950 -1725
32316234 5638681 -1475
32316234 5638843 -1425
32316207 5638950 -1375
32316234 5638950 -1389
32316114 5638950 -1325
32316022 5638950 -1275
32316234 5638950 -2525
32316234 5638950 -2475
32316233 5639250 -2425
32316234 5639250 -2425
32316234 5639123 -2375
32316190 5639250 -2325
32316234 5639250 -2345
32316080 5639250 -2275
32315972 5639250 -2225
32316234 5639154 -1825
32316234 5639129 -1775
32316234 5639105 -1725
32316040 5639250 -1675
32316234 5639250 -1702
32316066 5639250 -1625
32316092 5639250 -1575
32316234 5638992 -1375
32316234 5639131 -1325
32316224 5639250 -1275
32316234 5639250 -1280
32316131 5639250 -1225
32316036 5639250 -1175
32315941 5639250 -1125
32316234 5639250 -2425
32316234 5639250 -2375
32316234 5639319 -2325
32316234 5639550 -2325
32316234 5639489 -2275
32316166 5639550 -2225
32316234 5639550 -2257
32316060 5639550 -2175
32315954 5639550 -2125
32316234 5639428 -1675
32316234 5639404 -1625
32316234 5639381 -1575
32316065 5639550 -1525
32316234 5639550 -1549
32316090 5639550 -1475
32316115 5639550 -1425
32316139 5639550 -1375
32316234 5639264 -1275
32316234 5639396 -1225
32316234 5639531 -1175
32316145 5639550 -1125
32316234 5639550 -1168
32316038 5639550 -1075
32316234 5639550 -2325
32316234 5639550 -2275
32316234 5639640 -2225
32316234 5639850 -2225
32316234 5639778 -2175
32316185 5639850 -2125
32316234 5639850 -2148
32316082 5639850 -2075
32315978 5639850 -2025
32316234 5639714 -1525
32316234 5639690 -1475
32316234 5639666 -1425
32316234 5639643 -1375
32316099 5639850 -1325
32316234 5639850 -1344
32316123 5639850 -1275
32316146 5639850 -1225
32316234 5639638 -1125
32316234 5639741 -1075
32316234 5639842 -1025
32316122 5639850 -975
32316234 5639850 -1021
32315994 5639850 -925
32316536 5624265 -2975
32316536 5624550 -2927
32316536 5624850 -2927
32316536 5625150 -2927
32316518 5625450 -2925
32316536 5625450 -2927
32316536 5625466 -2925
32316536 5625750 -2877
32316536 5626050 -2877
32316536 5626350 -2877
32316536 5626650 -2878
32316536 5626950 -2878
32316536 5627250 -2878
32316536 5627550 -2878
32316536 5627850 -2878
32316536 5628150 -2878
32316536 5628450 -2878
32316536 5628750 -2878
32316536 5629050 -2878
32316536 5629350 -2878
32316516 5629650 -2925
32316536 5629631 -2925
32316536 5629650 -2928
32316536 5629950 -2928
32316536 5630250 -2928
32316536 5630550 -2928
32316536 5630850 -2928
32316536 5631130 -2975
32316367 5635350 -325
32316536 5635350 -295
32316536 5635323 -275
32316536 5635262 -225
32316536 5635650 -511
32316536 5635597 -475
32316536 5635525 -425
32316536 5635456 -375
32316536 5635388 -325
32316536 5635950 -719
32316536 5635884 -675
32316536 5635811 -625
32316536 5635739 -575
32316536 5635668 -525
32316475 5636250 -925
32316536 5636250 -934
32316536 5636236 -925
32316536 5636164 -875
32316536 5636093 -825
32316536 5636024 -775
32316536 5635957 -725
32316413 5636550 -1125
32316536 5636550 -1146
32316536 5636516 -1125
32316536 5636443 -1075
32316536 5636372 -1025
32316536 5636303 -975
32316536 5636554 -2975
32316536 5636850 -2925
32316479 5636850 -1325
32316536 5636850 -1335
32316536 5636831 -1325
32316536 5636747 -1275
32316536 5636667 -1225
32316536 5636591 -1175
32316536 5636853 -2925
32316536 5637150 -2875
32316484 5637150 -1475
32316536 5637150 -1485
32316536 5637126 -1475
32316536 5637022 -1425
32316248 5637150 -1425
32316536 5636923 -1375
32316533 5637450 -2875
32316536 5637450 -2875
32316463 5637450 -1575
32316536 5637450 -1592
32316536 5637396 -1575
32316536 5637255 -1525
32316259 5637450 -1525
32316536 5637452 -2875
32316534 5637750 -2825
32316536 5637750 -2825
32316445 5637750 -2575
32316536 5637750 -2598
32316536 5637738 -2575
32316536 5637720 -2525
32316256 5637750 -2525
32316536 5637750 -2518
32316259 5637750 -2475
32316268 5637750 -2425
32316422 5637750 -1625
32316536 5637750 -1658
32316536 5637594 -1625
32316250 5637750 -1575
32316536 5637751 -2825
32316536 5637752 -2775
32316536 5638050 -2725
32316411 5638050 -2575
32316536 5638050 -2612
32316247 5638050 -2525
32316536 5637983 -2475
32316536 5637988 -2425
32316320 5638050 -2375
32316536 5638050 -2408
32316510 5638050 -1675
32316536 5638050 -1683
32316536 5637946 -1675
32316365 5638050 -1625
32316536 5638050 -2725
32316536 5638350 -2675
32316442 5638350 -2575
32316536 5638350 -2606
32316296 5638350 -2525
32316536 5638233 -2375
32316536 5638256 -2325
32316371 5638350 -2275
32316536 5638350 -2299
32316246 5638350 -2175
32316536 5638281 -1675
32316418 5638350 -1625
32316536 5638350 -1672
32316296 5638350 -1575
32316536 5638350 -2675
32316535 5638650 -2625
32316536 5638650 -2625
32316536 5638650 -2581
32316518 5638650 -2575
32316384 5638650 -2525
32316252 5638650 -2475
32316536 5638491 -2275
32316536 5638529 -2225
32316536 5638515 -2175
32316251 5638650 -2125
32316536 5638650 -2152
32316281 5638650 -2075
32316310 5638650 -2025
32316532 5638650 -1625
32316536 5638650 -1626
32316425 5638650 -1575
32316319 5638650 -1525
32316536 5638650 -2625
32316505 5638950 -2525
32316380 5638950 -2475
32316258 5638950 -2425
32316536 5638810 -2125
32316536 5638794 -2075
32316536 5638848 -2025
32316303 5638950 -1975
32316536 5638950 -2008
32316331 5638950 -1925
32316359 5638950 -1875
32316536 5638656 -1625
32316536 5638854 -1575
32316488 5638950 -1525
32316536 5638950 -1549
32316392 5638950 -1475
32316299 5638950 -1425
32316536 5639250 -2475
32316536 5639246 -2475
32316536 5639250 -2475
32316536 5639250 -2474
32316419 5639250 -2425
32316303 5639250 -2375
32316536 5639082 -1975
32316536 5639133 -1925
32316536 5639108 -1875
32316341 5639250 -1825
32316536 5639250 -1852
32316368 5639250 -1775
32316394 5639250 -1725
32316536 5639023 -1525
32316536 5639168 -1475
32316497 5639250 -1425
32316536 5639250 -1445
32316405 5639250 -1375
32316314 5639250 -1325
32316536 5639250 -2475
32316385 5639550 -2325
32316274 5639550 -2275
32316536 5639430 -1825
32316536 5639405 -1775
32316536 5639381 -1725
32316365 5639550 -1675
32316536 5639550 -1699
32316390 5639550 -1625
32316415 5639550 -1575
32316536 5639300 -1425
32316536 5639417 -1375
32316536 5639530 -1325
32316454 5639550 -1275
32316536 5639550 -1316
32316353 5639550 -1225
32316249 5639550 -1175
32316399 5639850 -2225
32316291 5639850 -2175
32316536 5639715 -1675
32316536 5639691 -1625
32316536 5639667 -1575
32316536 5639643 -1525
32316397 5639850 -1475
32316536 5639850 -1494
32316420 5639850 -1425
32316443 5639850 -1375
32316536 5639627 -1275
32316536 5639717 -1225
32316536 5639803 -1175
32316489 5639850 -1125
32316536 5639850 -1146
32316374 5639850 -1075
32316244 5639850 -1025
32316822 5624550 -2975
32316837 5624563 -2975
32316837 5624850 -2927
32316837 5625150 -2927
32316837 5625450 -2927
32316821 5625750 -2925
32316837 5625750 -2927
32316837 5625765 -2925
32316837 5626050 -2877
32316837 5626350 -2877
32316837 5626650 -2877
32316837 5626950 -2877
32316837 5627250 -2878
32316837 5627550 -2878
32316837 5627850 -2878
32316837 5628150 -2878
32316837 5628450 -2878
32316837 5628750 -2878
32316837 5629050 -2878
32316837 5629350 -2902
32316837 5629484 -2925
32316837 5629650 -2928
32316837 5629950 -2928
32316837 5630250 -2928
32316837 5630550 -2928
32316821 5630850 -2975
32316837 5630834 -2975
32316837 5635650 -492
32316837 5635628 -475
32316837 5635568 -425
32316837 5635510 -375
32316837 5635454 -325
32316632 5635350 -275
32316837 5635400 -275
32316837 5635350 -226
32316669 5635950 -725
32316837 5635950 -731
32316837 5635940 -725
32316837 5635875 -675
32316837 5635812 -625
32316837 5635749 -575
32316837 5635688 -525
32316837 5636250 -964
32316837 5636197 -925
32316837 5636131 -875
32316837 5636066 -825
32316837 5636003 -775
32316759 5636550 -1175
32316837 5636550 -1184
32316837 5636536 -1175
32316837 5636464 -1125
32316837 5636395 -1075
32316837 5636328 -1025
32316837 5636263 -975
32316837 5636554 -2975
32316837 5636850 -2925
32316811 5636850 -1375
32316837 5636850 -1378
32316837 5636843 -1375
32316837 5636762 -1325
32316837 5636683 -1275
32316837 5636608 -1225
32316834 5637150 -2925
32316837 5637150 -2925
32316771 5637150 -1525
32316837 5637150 -1535
32316837 5637127 -1525
32316837 5637028 -1475
32316837 5636933 -1425
32316837 5637152 -2925
32316837 5637450 -2875
32316696 5637450 -1625
32316837 5637450 -1653
32316837 5637374 -1625
32316837 5637245 -1575
32316837 5637452 -2875
32316837 5637750 -2825
32316651 5637750 -2625
32316837 5637750 -2667
32316837 5637730 -2625
32316549 5637750 -2575
32316837 5637750 -2621
32316577 5637750 -2525
32316812 5637750 -1725
32316837 5637750 -1731
32316837 5637725 -1725
32316837 5637531 -1675
32316606 5637750 -1675
32316837 5637751 -2825
32316836 5638050 -2775
32316837 5638050 -2775
32316771 5638050 -2675
32316837 5638050 -2692
32316837 5637840 -2675
32316583 5638050 -2625
32316837 5637993 -2575
32316837 5637969 -2525
32316615 5638050 -2475
32316837 5638050 -2509
32316644 5638050 -2425
32316677 5638050 -1725
32316837 5638050 -1771
32316837 5638050 -2775
32316837 5638350 -2725
32316837 5638350 -2725
32316837 5638350 -2696
32316763 5638350 -2675
32316596 5638350 -2625
32316837 5638238 -2475
32316837 5638214 -2425
32316673 5638350 -2375
32316837 5638350 -2400
32316702 5638350 -2325
32316830 5638350 -1775
32316837 5638350 -1777
32316837 5638222 -1775
32316686 5638350 -1725
32316543 5638350 -1675
32316837 5638350 -2725
32316666 5638650 -2625
32316837 5638491 -2375
32316837 5638466 -2325
32316837 5638512 -2275
32316748 5638650 -2225
32316837 5638650 -2238
32316684 5638650 -2175
32316837 5638377 -1775
32316774 5638650 -1725
32316837 5638650 -1750
32316652 5638650 -1675
32316837 5638728 -2225
32316837 5638789 -2175
32316785 5638950 -2125
32316837 5638950 -2132
32316705 5638950 -2075
32316651 5638950 -2025
32316837 5638782 -1725
32316800 5638950 -1675
32316837 5638950 -1691
32316693 5638950 -1625
32316588 5638950 -1575
32316537 5639250 -2475
32316837 5638996 -2125
32316837 5639073 -2075
32316837 5639057 -2025
32316714 5639250 -1975
32316837 5639250 -1993
32316665 5639250 -1925
32316692 5639250 -1875
32316837 5639009 -1675
32316837 5639178 -1625
32316781 5639250 -1575
32316837 5639250 -1603
32316684 5639250 -1525
32316589 5639250 -1475
32316837 5639367 -1975
32316837 5639350 -1925
32316837 5639379 -1875
32316837 5639432 -1825
32316691 5639550 -1775
32316837 5639550 -1807
32316717 5639550 -1725
32316837 5639323 -1575
32316837 5639450 -1525
32316820 5639550 -1475
32316837 5639550 -1483
32316728 5639550 -1425
32316639 5639550 -1375
32316551 5639550 -1325
32316837 5639637 -1775
32316837 5639665 -1725
32316837 5639641 -1675
32316700 5639850 -1625
32316837 5639850 -1644
32316725 5639850 -1575
32316749 5639850 -1525
32316837 5639568 -1475
32316837 5639672 -1425
32316837 5639773 -1375
32316818 5639850 -1325
32316837 5639850 -1336
32316734 5639850 -1275
32316653 5639850 -1225
32316577 5639850 -1175
32317125 5624850 -2975
32317138 5624862 -2975
32317138 5625150 -2927
32317138 5625450 -2927
32317138 5625750 -2927
32317123 5626050 -2925
32317138 5626050 -2927
32317138 5626077 -2925
32317138 5626350 -2879
32317138 5626650 -2877
32317138 5626950 -2877
32317138 5627250 -2877
32317138 5627550 -2877
32317138 5627850 -2878
32317138 5628150 -2878
32317138 5628450 -2878
32317138 5628750 -2878
32317138 5629050 -2896
32316973 5629350 -2925
32317138 5629218 -2925
32317138 5629350 -2928
32317138 5629650 -2928
32317138 5629950 -2928
32317138 5630250 -2928
32317138 5630550 -2928
32317138 5630829 -2975
32316926 5635650 -475
32317138 5635650 -430
32317138 5635644 -425
32317138 5635593 -375
32317138 5635545 -325
32316917 5635950 -725
32317138 5635950 -705
32317138 5635914 -675
32317138 5635857 -625
32317138 5635801 -575
32317138 5635747 -525
32317138 5635695 -475
32317138 5636250 -959
32317138 5636206 -925
32317138 5636145 -875
32317138 5636085 -825
32317138 5636027 -775
32317138 5635971 -725
32317138 5636550 -1193
32317138 5636523 -1175
32317138 5636457 -1125
32317138 5636392 -1075
32317138 5636329 -1025
32317138 5636267 -975
32317134 5636850 -2975
32317138 5636850 -1398
32317138 5636813 -1375
32317138 5636737 -1325
32317138 5636663 -1275
32317138 5636592 -1225
32317138 5636853 -2975
32317138 5637150 -2925
32317138 5637150 -1565
32317138 5637072 -1525
32317138 5636982 -1475
32317138 5636894 -1425
32317138 5637152 -2925
32317138 5637450 -2875
32316996 5637450 -1675
32317138 5637450 -1694
32317138 5637402 -1675
32317138 5637283 -1625
32317138 5637170 -1575
32317138 5637451 -2875
32317138 5637750 -2825
32316860 5637750 -2625
32317081 5637750 -1775
32317138 5637750 -1785
32317138 5637714 -1775
32317138 5637547 -1725
32317138 5637750 -2825
32317138 5638050 -2775
32316985 5638050 -2725
32317138 5638050 -2758
32317138 5637760 -2725
32317138 5638009 -2675
32317138 5637986 -2625
32316904 5638050 -2575
32317138 5638050 -2612
32316932 5638050 -2525
32317071 5638050 -1825
32317138 5638050 -1840
32317138 5637964 -1825
32316851 5638050 -1775
32317138 5638050 -2775
32316947 5638350 -2725
32317138 5638251 -2575
32317138 5638227 -2525
32316966 5638350 -2475
32317138 5638350 -2502
32316995 5638350 -2425
32317006 5638350 -1825
32317138 5638350 -1861
32317138 5638500 -2475
32317138 5638474 -2425
32317018 5638650 -2375
32317138 5638650 -2393
32317047 5638650 -2325
32317076 5638650 -2275
32317059 5638650 -1825
32317138 5638650 -1851
32316910 5638650 -1775
32317138 5638756 -2375
32317138 5638730 -2325
32317138 5638704 -2275
32317086 5638950 -2225
32317138 5638950 -2232
32317115 5638950 -2175
32317138 5638843 -1825
32317047 5638950 -1775
32317138 5638950 -1810
32316920 5638950 -1725
32317138 5638997 -2225
32317138 5638971 -2175
32317138 5639053 -2125
32317138 5639250 -2075
32317138 5639250 -2075
32317041 5639250 -2025
32317138 5639100 -1775
32317107 5639250 -1725
32317138 5639250 -1738
32316994 5639250 -1675
32316884 5639250 -1625
32317138 5639250 -2075
32317138 5639342 -2025
32317138 5639326 -1975
32317138 5639474 -1925
32317018 5639550 -1875
32317138 5639550 -1914
32316966 5639550 -1825
32317138 5639291 -1725
32317138 5639439 -1675
32317115 5639550 -1625
32317138 5639550 -1636
32317013 5639550 -1575
32316915 5639550 -1525
32317138 5639625 -1875
32317138 5639609 -1825
32317054 5639850 -1775
32317138 5639850 -1787
32317027 5639850 -1725
32317052 5639850 -1675
32317138 5639576 -1625
32317138 5639691 -1575
32317138 5639803 -1525
32317084 5639850 -1475
32317138 5639850 -1503
32316992 5639850 -1425
32316903 5639850 -1375
32317439 5625161 -2975
32317428 5625150 -2975
32317439 5625450 -2927
32317439 5625750 -2927
32317439 5626050 -2927
32317412 5626350 -2925
32317439 5626350 -2927
32317424 5626650 -2925
32317439 5626650 -2927
32317439 5626671 -2925
32317439 5626950 -2878
32317439 5627250 -2877
32317439 5627550 -2877
32317439 5627850 -2877
32317439 5628150 -2877
32317439 5628450 -2878
32317421 5628750 -2925
32317439 5628729 -2925
32317439 5628750 -2927
32317310 5629050 -2925
32317439 5629050 -2928
32317439 5629350 -2928
32317439 5629650 -2928
32317439 5629950 -2928
32317439 5630250 -2928
32317419 5630550 -2975
32317439 5630530 -2975
32317152 5635650 -425
32317255 5635950 -675
32317438 5635950 -625
32317439 5635950 -624
32317439 5635901 -575
32317439 5635853 -525
32317439 5635806 -475
32317439 5635761 -425
32317265 5635650 -375
32317439 5635718 -375
32317372 5635650 -325
32317439 5635676 -325
32317363 5636250 -925
32317439 5636250 -912
32317439 5636208 -875
32317439 5636153 -825
32317439 5636100 -775
32317439 5636049 -725
32317439 5635999 -675
32317439 5635950 -625
32317369 5636550 -1175
32317439 5636550 -1168
32317439 5636495 -1125
32317439 5636434 -1075
32317439 5636375 -1025
32317439 5636318 -975
32317439 5636263 -925
32317439 5636850 -1389
32317439 5636828 -1375
32317439 5636757 -1325
32317439 5636688 -1275
32317439 5636621 -1225
32317439 5636557 -1175
32317439 5636858 -2975
32317439 5637150 -2926
32317439 5637150 -1571
32317439 5637068 -1525
32317439 5636985 -1475
32317439 5636904 -1425
32317439 5637157 -2925
32317439 5637450 -2876
32317439 5637450 -1714
32317439 5637364 -1675
32317439 5637258 -1625
32317439 5637156 -1575
32317439 5637457 -2875
32317439 5637750 -2825
32317439 5637750 -1818
32317439 5637621 -1775
32317439 5637479 -1725
32317439 5637750 -2825
32317439 5638032 -2775
32317231 5638050 -2775
32317439 5638009 -2725
32317185 5638050 -2675
32317439 5638050 -2717
32317213 5638050 -2625
32317358 5638050 -1875
32317439 5638050 -1887
32317439 5637992 -1875
32317439 5637776 -1825
32317439 5638271 -2675
32317439 5638247 -2625
32317251 5638350 -2575
32317439 5638350 -2605
32317280 5638350 -2525
32317202 5638350 -1875
32317439 5638350 -1923
32317439 5638516 -2575
32317439 5638491 -2525
32317308 5638650 -2475
32317439 5638650 -2495
32317336 5638650 -2425
32317426 5638650 -1925
32317439 5638650 -1928
32317439 5638417 -1925
32317230 5638650 -1875
32317439 5638769 -2475
32317439 5638743 -2425
32317439 5638717 -2375
32317380 5638950 -2325
32317439 5638950 -2334
32317409 5638950 -2275
32317278 5638950 -2175
32317439 5638950 -2220
32317439 5638902 -2175
32317439 5638950 -2166
32317439 5638690 -1925
32317349 5638950 -1875
32317439 5638950 -1902
32317186 5638950 -1825
32317439 5639005 -2325
32317439 5638978 -2275
32317410 5639250 -2225
32317439 5639250 -2229
32317439 5639232 -2175
32317438 5639250 -2175
32317439 5639250 -2172
32317439 5639197 -2125
32317439 5639141 -2075
32317139 5639250 -2075
32317439 5639250 -2057
32317439 5639097 -1875
32317379 5639250 -1825
32317439 5639250 -1846
32317238 5639250 -1775
32317439 5639278 -2225
32317439 5639251 -2175
32317439 5639464 -2025
32317439 5639404 -1975
32317221 5639550 -1925
32317439 5639550 -1953
32317439 5639323 -1825
32317439 5639495 -1775
32317354 5639550 -1725
32317439 5639550 -1758
32317231 5639550 -1675
32317439 5639764 -1925
32317439 5639699 -1875
32317380 5639850 -1825
32317439 5639850 -1855
32317439 5639636 -1725
32317439 5639760 -1675
32317408 5639850 -1625
32317439 5639850 -1638
32317295 5639850 -1575
32317184 5639850 -1525
32317740 5625750 -2926
32317740 5626050 -2927
32317740 5626350 -2927
32317740 5626650 -2927
32317719 5626950 -2925
32317740 5626950 -2927
32317725 5627250 -2925
32317740 5627250 -2927
32317725 5627550 -2925
32317740 5627550 -2927
32317724 5627850 -2925
32317740 5627850 -2927
32317724 5628150 -2925
32317740 5628150 -2927
32317721 5628450 -2925
32317740 5628450 -2927
32317740 5628750 -2927
32317740 5629050 -2927
32317740 5629350 -2928
32317740 5629650 -2928
32317740 5629950 -2928
32317725 5630250 -2975
32317740 5630234 -2975
32317542 5635950 -575
32317640 5635950 -525
32317733 5635950 -475
32317740 5635950 -470
32317740 5635914 -425
32317559 5636250 -875
32317710 5636250 -825
32317740 5636250 -814
32317740 5636212 -775
32317740 5636165 -725
32317740 5636120 -675
32317740 5636076 -625
32317740 5636034 -575
32317740 5635993 -525
32317740 5635953 -475
32317650 5636550 -1125
32317740 5636550 -1105
32317740 5636516 -1075
32317740 5636461 -1025
32317740 5636409 -975
32317740 5636357 -925
32317740 5636308 -875
32317740 5636259 -825
32317556 5636850 -1375
32317740 5636850 -1350
32317740 5636816 -1325
32317740 5636752 -1275
32317740 5636690 -1225
32317740 5636630 -1175
32317740 5636572 -1125
32317740 5636858 -2975
32317740 5637150 -2926
32317740 5637150 -1551
32317740 5637107 -1525
32317740 5637030 -1475
32317740 5636956 -1425
32317740 5636884 -1375
32317734 5637450 -2925
32317740 5637450 -2926
32317740 5637450 -1710
32317740 5637380 -1675
32317740 5637284 -1625
32317740 5637192 -1575
32317740 5637456 -2925
32317734 5637750 -2875
32317740 5637750 -2875
32317607 5637750 -1825
32317740 5637750 -1829
32317740 5637736 -1825
32317740 5637608 -1775
32317740 5637485 -1725
32317740 5637755 -2875
32317740 5638038 -2825
32317459 5638050 -2775
32317740 5638050 -2822
32317486 5638050 -2725
32317740 5638050 -1913
32317740 5637909 -1875
32317740 5638296 -2775
32317740 5638274 -2725
32317528 5638350 -2675
32317740 5638350 -2710
32317556 5638350 -2625
32317447 5638350 -1925
32317740 5638350 -1963
32317740 5638118 -1925
32317740 5638540 -2675
32317740 5638516 -2625
32317588 5638650 -2575
32317740 5638650 -2600
32317616 5638650 -2525
32317705 5638650 -1975
32317740 5638650 -1981
32317740 5638543 -1975
32317740 5638790 -2575
32317740 5638764 -2525
32317740 5638741 -2475
32317664 5638950 -2425
32317740 5638950 -2437
32317691 5638950 -2375
32317692 5638950 -2275
32317740 5638950 -2285
32317740 5638939 -2275
32317740 5638889 -2225
32317459 5638950 -2225
32317740 5638950 -2213
32317495 5638950 -2175
32317740 5638800 -1975
32317542 5638950 -1925
32317740 5638950 -1968
32317740 5639022 -2425
32317740 5638996 -2375
32317698 5639250 -2325
32317740 5639250 -2331
32317740 5639033 -2275
32317725 5639250 -2275
32317740 5639250 -2247
32317650 5639250 -2225
32317740 5639171 -2175
32317450 5639250 -2175
32317740 5639117 -2125
32317559 5639250 -2075
32317740 5639250 -2102
32317739 5639250 -1925
32317740 5639250 -1925
32317549 5639250 -1875
32317740 5639291 -2325
32317740 5639264 -2275
32317740 5639424 -2075
32317740 5639366 -2025
32317589 5639550 -1975
32317740 5639550 -1996
32317740 5639251 -1925
32317740 5639453 -1875
32317656 5639550 -1825
32317740 5639550 -1850
32317492 5639550 -1775
32317740 5639707 -1975
32317740 5639644 -1925
32317740 5639581 -1875
32317740 5639621 -1825
32317740 5639850 -1838
32317740 5639759 -1775
32317692 5639850 -1725
32317740 5639850 -1741
32317545 5639850 -1675
32318042 5626350 -2926
32318042 5626650 -2927
32318042 5626950 -2927
32318042 5627250 -2927
32318042 5627550 -2927
32318042 5627850 -2927
32318042 5628150 -2927
32318042 5628450 -2927
32318042 5628750 -2927
32318042 5629050 -2927
32318042 5629350 -2927
32318042 5629650 -2927
32318033 5629950 -2975
32318042 5629941 -2975
32317822 5636250 -775
32317921 5636250 -725
32318015 5636250 -675
32318042 5636250 -660
32318042 5636221 -625
32318042 5636183 -575
32318042 5636146 -525
32318042 5636110 -475
32317832 5636550 -1075
32317976 5636550 -1025
32318042 5636550 -1001
32318042 5636524 -975
32318042 5636477 -925
32318042 5636431 -875
32318042 5636386 -825
32318042 5636343 -775
32318042 5636302 -725
32318042 5636261 -675
32317852 5636850 -1325
32318042 5636850 -1279
32318042 5636844 -1275
32318042 5636787 -1225
32318042 5636731 -1175
32318042 5636677 -1125
32318042 5636624 -1075
32318042 5636573 -1025
32318042 5636861 -2975
32318042 5637150 -2926
32317914 5637150 -1525
32318042 5637150 -1504
32318042 5637108 -1475
32318042 5637038 -1425
32318042 5636972 -1375
32318042 5636907 -1325
32318042 5637450 -2926
32318042 5637450 -1682
32318042 5637436 -1675
32318042 5637348 -1625
32318042 5637264 -1575
32318042 5637182 -1525
32318042 5637456 -2925
32318042 5637750 -2875
32317878 5637750 -1825
32318042 5637750 -1818
32318042 5637650 -1775
32318042 5637540 -1725
32318042 5637755 -2875
32317753 5638050 -2825
32318042 5638050 -2825
32318042 5638050 -1916
32318042 5637919 -1875
32318042 5637768 -1825
32318042 5638054 -2825
32317800 5638350 -2775
32318042 5638350 -2775
32317825 5638350 -2725
32317948 5638350 -1975
32318042 5638350 -1980
32318042 5638323 -1975
32318042 5638087 -1925
32318042 5638353 -2775
32318042 5638547 -2725
32317860 5638650 -2675
32318042 5638650 -2705
32317887 5638650 -2625
32317990 5638650 -2325
32318042 5638650 -2330
32318042 5638644 -2325
32318042 5638650 -2323
32318042 5638650 -2011
32318042 5638652 -2675
32318042 5638794 -2625
32317922 5638950 -2575
32318042 5638950 -2594
32317938 5638950 -2525
32317963 5638950 -2475
32318009 5638950 -2325
32318042 5638950 -2329
32318042 5638897 -2275
32318042 5638849 -2225
32318042 5638950 -2205
32317787 5638950 -1975
32318042 5638950 -2010
32318042 5639064 -2575
32318042 5639049 -2525
32318042 5639023 -2475
32317976 5639250 -2425
32318042 5639250 -2435
32318003 5639250 -2375
32318042 5639002 -2325
32317894 5639250 -2275
32318042 5639250 -2301
32318042 5639118 -2175
32318042 5639066 -2125
32318042 5639250 -2092
32318022 5639250 -1975
32318042 5639250 -1978
32318042 5639314 -2425
32318042 5639288 -2375
32318042 5639262 -2325
32318042 5639394 -2275
32318042 5639550 -2277
32318026 5639550 -2275
32318042 5639550 -2245
32318042 5639357 -2075
32318042 5639301 -2025
32318042 5639266 -1975
32318042 5639550 -1985
32318042 5639502 -1925
32317856 5639550 -1875
32318042 5639550 -1914
32318042 5639565 -2275
32318034 5639850 -2175
32318042 5639801 -2175
32318042 5639850 -2176
32318042 5639850 -2160
32318042 5639623 -1975
32318042 5639562 -1925
32318042 5639674 -1875
32318042 5639850 -1884
32317979 5639850 -1875
32318042 5639826 -1825
32317874 5639850 -1775
32318042 5639850 -1817
32318343 5626950 -2926
32318343 5627250 -2927
32318343 5627550 -2927
32318343 5627850 -2927
32318343 5628150 -2927
32318343 5628450 -2927
32318343 5628750 -2927
32318343 5629050 -2927
32318343 5629350 -2927
32318326 5629650 -2975
32318343 5629633 -2975
32318097 5636250 -625
32318100 5636550 -975
32318207 5636550 -925
32318310 5636550 -875
32318343 5636550 -858
32318343 5636522 -825
32318343 5636482 -775
32318343 5636442 -725
32318343 5636404 -675
32318343 5636368 -625
32318172 5636250 -575
32318343 5636332 -575
32318244 5636250 -525
32318343 5636297 -525
32318055 5636850 -1275
32318207 5636850 -1225
32318343 5636850 -1177
32318343 5636847 -1175
32318343 5636796 -1125
32318343 5636747 -1075
32318343 5636699 -1025
32318343 5636652 -975
32318343 5636607 -925
32318343 5636564 -875
32318332 5637150 -2975
32318168 5637150 -1475
32318343 5637150 -1431
32318343 5637141 -1425
32318343 5637078 -1375
32318343 5637017 -1325
32318343 5636959 -1275
32318343 5636902 -1225
32318343 5637157 -2975
32318343 5637450 -2926
32318090 5637450 -1675
32318343 5637450 -1632
32318343 5637438 -1625
32318343 5637360 -1575
32318343 5637284 -1525
32318343 5637211 -1475
32318343 5637456 -2925
32318343 5637750 -2875
32318343 5637750 -1786
32318343 5637726 -1775
32318343 5637626 -1725
32318343 5637529 -1675
32318343 5637755 -2875
32318343 5638050 -2825
32318343 5638050 -1899
32318343 5637982 -1875
32318343 5637849 -1825
32318343 5638054 -2825
32318343 5638350 -2775
32318343 5638350 -1976
32318343 5638343 -1975
32318343 5638146 -1925
32318343 5638353 -2775
32318153 5638650 -2725
32318343 5638650 -2725
32318048 5638650 -2325
32318343 5638650 -2019
32318343 5638652 -2725
32318343 5638818 -2675
32318206 5638950 -2625
32318343 5638950 -2650
32318343 5638950 -2355
32318343 5638922 -2325
32318343 5638876 -2275
32318150 5638950 -2225
32318343 5638950 -2260
32318269 5638950 -2025
32318343 5638950 -2029
32318343 5638811 -2025
32318343 5638952 -2625
32318343 5639058 -2575
32318247 5639250 -2525
32318343 5639250 -2541
32318273 5639250 -2475
32318244 5639250 -2325
32318343 5639250 -2336
32318343 5639139 -2225
32318343 5639090 -2175
32318226 5639250 -2125
32318343 5639250 -2145
32318343 5639018 -2025
32318343 5639250 -2008
32318343 5639346 -2525
32318343 5639320 -2475
32318275 5639550 -2425
32318343 5639550 -2436
32318300 5639550 -2375
32318343 5639325 -2325
32318325 5639550 -2325
32318343 5639550 -2289
32318243 5639550 -2275
32318343 5639373 -2125
32318343 5639320 -2075
32318273 5639550 -2025
32318343 5639550 -2036
32318343 5639440 -1975
32318118 5639550 -1925
32318343 5639550 -1955
32318343 5639620 -2425
32318343 5639594 -2375
32318343 5639568 -2325
32318313 5639850 -2275
32318343 5639610 -2275
32318343 5639850 -2279
32318343 5639809 -2225
32318338 5639850 -2225
32318121 5639850 -2175
32318343 5639850 -2214
32318343 5639630 -2025
32318343 5639572 -1975
32318343 5639657 -1925
32318343 5639850 -1934
32318287 5639850 -1925
32318343 5639829 -1875
32318088 5639850 -1825
32318343 5639850 -1868
32318644 5627850 -2927
32318644 5628150 -2927
32318644 5628450 -2927
32318644 5628750 -2930
32318629 5629050 -2975
32318644 5629016 -2975
32318629 5629350 -2975
32318404 5636550 -825
32318494 5636550 -775
32318580 5636550 -725
32318644 5636550 -686
32318644 5636541 -675
32318350 5636850 -1175
32318473 5636850 -1125
32318590 5636850 -1075
32318644 5636850 -1051
32318644 5636826 -1025
32318644 5636781 -975
32318644 5636738 -925
32318644 5636697 -875
32318644 5636656 -825
32318644 5636616 -775
32318644 5636578 -725
32318366 5637150 -1425
32318529 5637150 -1375
32318644 5637150 -1337
32318644 5637135 -1325
32318644 5637079 -1275
32318644 5637025 -1225
32318644 5636973 -1175
32318644 5636922 -1125
32318644 5636873 -1075
32318644 5637157 -2975
32318644 5637450 -2926
32318376 5637450 -1625
32318590 5637450 -1575
32318644 5637450 -1561
32318644 5637397 -1525
32318644 5637328 -1475
32318644 5637261 -1425
32318644 5637197 -1375
32318644 5637456 -2925
32318644 5637750 -2875
32318412 5637750 -1775
32318644 5637750 -1734
32318644 5637732 -1725
32318644 5637642 -1675
32318644 5637555 -1625
32318644 5637471 -1575
32318644 5637755 -2875
32318644 5638050 -2825
32318552 5638050 -1875
32318644 5638050 -1863
32318644 5637957 -1825
32318644 5637840 -1775
32318644 5638054 -2825
32318644 5638350 -2775
32318364 5638350 -1975
32318644 5638350 -1953
32318644 5638252 -1925
32318644 5638086 -1875
32318644 5638353 -2775
32318644 5638650 -2725
32318644 5638650 -2008
32318644 5638465 -1975
32318644 5638652 -2725
32318480 5638950 -2675
32318644 5638950 -2675
32318644 5638950 -2364
32318644 5638915 -2325
32318644 5638872 -2275
32318644 5638950 -2258
32318644 5638950 -2029
32318644 5638882 -2025
32318644 5638952 -2675
32318644 5638952 -2625
32318537 5639250 -2575
32318644 5639250 -2575
32318644 5639250 -2354
32318644 5639128 -2225
32318644 5639082 -2175
32318644 5639250 -2143
32318644 5639081 -2025
32318644 5639250 -2018
32318644 5639251 -2575
32318543 5639550 -2525
32318644 5639550 -2525
32318567 5639550 -2475
32318644 5639485 -2325
32318644 5639550 -2316
32318644 5639355 -2125
32318644 5639305 -2075
32318644 5639550 -2033
32318629 5639550 -1975
32318644 5639550 -1976
32318644 5639551 -2525
32318644 5639551 -2475
32318644 5639604 -2425
32318585 5639850 -2375
32318644 5639850 -2384
32318609 5639850 -2325
32318644 5639742 -2275
32318428 5639850 -2225
32318644 5639850 -2251
32318644 5639602 -2025
32318644 5639850 -1928
32318644 5639754 -1925
32318401 5639850 -1875
32318644 5639850 -1900
32318915 5628750 -2975
32318933 5628450 -2975
32318703 5636850 -1025
32318812 5636850 -975
32318917 5636850 -925
32318945 5636850 -911
32318945 5636820 -875
32318945 5636780 -825
32318945 5636741 -775
32318680 5637150 -1325
32318820 5637150 -1275
32318945 5637150 -1227
32318945 5637146 -1225
32318945 5637096 -1175
32318945 5637046 -1125
32318945 5636998 -1075
32318945 5636951 -1025
32318945 5636906 -975
32318945 5636861 -925
32318945 5637158 -2975
32318945 5637450 -2926
32318777 5637450 -1525
32318945 5637450 -1475
32318945 5637448 -1475
32318945 5637384 -1425
32318945 5637322 -1375
32318945 5637262 -1325
32318945 5637203 -1275
32318945 5637456 -2925
32318945 5637750 -2875
32318690 5637750 -1725
32318913 5637750 -1675
32318945 5637750 -1667
32318945 5637680 -1625
32318945 5637600 -1575
32318945 5637523 -1525
32318945 5637755 -2875
32318945 5638050 -2825
32318871 5638050 -1825
32318945 5638050 -1811
32318945 5637970 -1775
32318945 5637866 -1725
32318945 5637764 -1675
32318945 5638054 -2825
32318945 5638350 -2775
32318870 5638350 -1925
32318945 5638350 -1914
32318945 5638231 -1875
32318945 5638087 -1825
32318945 5638353 -2775
32318945 5638650 -2725
32318945 5638650 -1981
32318945 5638621 -1975
32318945 5638394 -1925
32318945 5638652 -2725
32318945 5638950 -2675
32318945 5638950 -2358
32318945 5638921 -2325
32318724 5638950 -2275
32318945 5638950 -2319
32318732 5638950 -2025
32318945 5638950 -2012
32318945 5638952 -2675
32318944 5639250 -2625
32318945 5639250 -2625
32318945 5639250 -2357
32318945 5639176 -2275
32318945 5639132 -2225
32318806 5639250 -2175
32318945 5639250 -2202
32318945 5639250 -2012
32318945 5639251 -2625
32318945 5639251 -2575
32318945 5639550 -2525
32318847 5639550 -2325
32318945 5639550 -2329
32318945 5639402 -2175
32318945 5639355 -2125
32318864 5639550 -2075
32318945 5639550 -2090
32318945 5639550 -1979
32318945 5639551 -2525
32318945 5639557 -2475
32318875 5639850 -2425
32318945 5639850 -2426
32318945 5639571 -2325
32318945 5639838 -2275
32318945 5639850 -2272
32318945 5639646 -2075
32318945 5639595 -2025
32318945 5639571 -1975
32318894 5639850 -1975
32318945 5639850 -1984
32318945 5639805 -1925
32318945 5639850 -1915
32318953 5637150 -1225
32319088 5637150 -1175
32319218 5637150 -1125
32319246 5637150 -1113
32319246 5637112 -1075
32319246 5637066 -1025
32319246 5637020 -975
32319246 5636976 -925
32319028 5636850 -875
32319246 5636932 -875
32319246 5637158 -2975
32319246 5637450 -2926
32318948 5637450 -1475
32319111 5637450 -1425
32319246 5637450 -1381
32319246 5637442 -1375
32319246 5637382 -1325
32319246 5637325 -1275
32319246 5637269 -1225
32319246 5637214 -1175
32319246 5637161 -1125
32319246 5637456 -2925
32319246 5637750 -2875
32319114 5637750 -1625
32319246 5637750 -1589
32319246 5637727 -1575
32319246 5637652 -1525
32319246 5637579 -1475
32319246 5637509 -1425
32319246 5637755 -2875
32319246 5638050 -2825
32319124 5638050 -1775
32319246 5638050 -1748
32319246 5638003 -1725
32319246 5637907 -1675
32319246 5637813 -1625
32319246 5638054 -2825
32319246 5638350 -2775
32319183 5638350 -1875
32319246 5638350 -1863
32319246 5638246 -1825
32319246 5638117 -1775
32319246 5638353 -2775
32319246 5638650 -2725
32318993 5638650 -1975
32319246 5638650 -1940
32319246 5638587 -1925
32319246 5638392 -1875
32319246 5638653 -2725
32319246 5638950 -2675
32319246 5638950 -2341
32319246 5638936 -2325
32319246 5638950 -2322
32319246 5638950 -1982
32319246 5638893 -1975
32319246 5638952 -2675
32319246 5639250 -2625
32319246 5639250 -2349
32319246 5639187 -2275
32319246 5639145 -2225
32319246 5639250 -2204
32319246 5639250 -1991
32319246 5639252 -2625
32319246 5639251 -2575
32319246 5639550 -2525
32319246 5639550 -2328
32319246 5639410 -2175
32319246 5639366 -2125
32319246 5639550 -2091
32319246 5639474 -1975
32319081 5639550 -1975
32319246 5639550 -1969
32319246 5639551 -2525
32319237 5639850 -2475
32319246 5639850 -2475
32319246 5639575 -2325
32319020 5639850 -2275
32319246 5639850 -2281
32319246 5639650 -2075
32319246 5639602 -2025
32319246 5639850 -1984
32319246 5639797 -1925
32319246 5639850 -1915
32319360 5637150 -1075
32319503 5637150 -1025
32319548 5637158 -2975
32319548 5637450 -2926
32319269 5637450 -1375
32319432 5637450 -1325
32319548 5637450 -1288
32319548 5637434 -1275
32319548 5637378 -1225
32319548 5637323 -1175
32319548 5637269 -1125
32319548 5637217 -1075
32319548 5637166 -1025
32319548 5637150 -1008
32319548 5637457 -2925
32319548 5637750 -2875
32319304 5637750 -1575
32319489 5637750 -1525
32319548 5637750 -1508
32319548 5637701 -1475
32319548 5637631 -1425
32319548 5637563 -1375
32319548 5637497 -1325
32319548 5637755 -2875
32319548 5638050 -2825
32319350 5638050 -1725
32319548 5638050 -1678
32319548 5638043 -1675
32319548 5637952 -1625
32319548 5637863 -1575
32319548 5637777 -1525
32319548 5638054 -2825
32319548 5638350 -2775
32319446 5638350 -1825
32319548 5638350 -1804
32319548 5638277 -1775
32319548 5638157 -1725
32319548 5638353 -2775
32319548 5638650 -2725
32319345 5638650 -1925
32319548 5638650 -1891
32319548 5638592 -1875
32319548 5638419 -1825
32319548 5638653 -2725
32319548 5638950 -2675
32319447 5638950 -2325
32319307 5638950 -1975
32319548 5638950 -1942
32319548 5638845 -1925
32319548 5638952 -2675
32319548 5639250 -2625
32319548 5639250 -2331
32319548 5639124 -2325
32319548 5639205 -2275
32319347 5639250 -2225
32319548 5639250 -2265
32319414 5639250 -1975
32319548 5639250 -1961
32319548 5639252 -2625
32319548 5639251 -2575
32319548 5639550 -2525
32319548 5639406 -2325
32319370 5639550 -2325
32319548 5639550 -2319
32319548 5639469 -2225
32319548 5639426 -2175
32319413 5639550 -2125
32319548 5639550 -2152
32319548 5639550 -1947
32319548 5639551 -2525
32319548 5639850 -2475
32319548 5639850 -2280
32319548 5639707 -2125
32319548 5639662 -2075
32319456 5639850 -2025
32319548 5639850 -2042
32319548 5639709 -1925
32319548 5639850 -1904
32319849 5637158 -2975
32319849 5637450 -2926
32319597 5637450 -1275
32319779 5637450 -1225
32319849 5637450 -1205
32319849 5637415 -1175
32319849 5637359 -1125
32319849 5637305 -1075
32319849 5637457 -2925
32319849 5637750 -2876
32319682 5637750 -1475
32319849 5637750 -1431
32319849 5637741 -1425
32319849 5637671 -1375
32319849 5637604 -1325
32319849 5637538 -1275
32319849 5637474 -1225
32319849 5637756 -2875
32319849 5638050 -2825
32319564 5638050 -1675
32319780 5638050 -1625
32319849 5638050 -1608
32319849 5637990 -1575
32319849 5637904 -1525
32319849 5637821 -1475
32319849 5638057 -2825
32319849 5638350 -2776
32319693 5638350 -1775
32319849 5638350 -1742
32319849 5638310 -1725
32319849 5638196 -1675
32319849 5638085 -1625
32319849 5638354 -2775
32319849 5638650 -2725
32319641 5638650 -1875
32319849 5638650 -1837
32319849 5638610 -1825
32319849 5638451 -1775
32319849 5638653 -2725
32319849 5638950 -2675
32319666 5638950 -1925
32319849 5638950 -1896
32319849 5638839 -1875
32319849 5638952 -2675
32319849 5639250 -2625
32319628 5639250 -2325
32319849 5639250 -2306
32319849 5639225 -2275
32319849 5639250 -2270
32319836 5639250 -1925
32319849 5639250 -1923
32319849 5639252 -2625
32319848 5639550 -2575
32319849 5639550 -2575
32319849 5639550 -2302
32319849 5639486 -2225
32319849 5639446 -2175
32319849 5639550 -2155
32319789 5639550 -1925
32319849 5639550 -1919
32319849 5639550 -2575
32319849 5639551 -2525
32319849 5639850 -2475
32319849 5639819 -2275
32319744 5639850 -2275
32319849 5639850 -2271
32319849 5639722 -2125
32319849 5639680 -2075
32319849 5639850 -2045
32319849 5639850 -1885
