32295451 5623950 -2475
32295451 5623650 -2475
32295451 5623650 -2475
32295451 5623950 -2475
32295392 5623719 -2447
32295150 5623650 -2425
32295363 5623650 -2425
32295451 5623724 -2425
32295451 5623650 -2454
32295304 5623950 -2425
32295150 5623778 -2425
32295150 5623950 -2405
32295451 5623849 -2375
32295213 5623650 -2375
32295425 5623950 -2325
32295451 5623950 -2334
32295150 5623719 -2325
32295150 5623650 -2353
32295150 5623839 -2275
32295282 5623950 -2275
32295150 5623950 -2228
32295451 5623951 -2475
32295451 5624250 -2425
32295450 5624250 -2425
32295150 5624250 -2375
32295451 5623975 -2325
32295451 5624113 -2275
32295451 5624250 -2225
32295451 5624250 -2225
32295150 5623958 -2225
32295150 5624089 -2175
32295315 5624250 -2175
32295150 5624221 -2125
32295180 5624250 -2125
32295150 5624250 -2113
32295450 5624550 -2425
32295451 5624550 -2425
32295150 5624550 -2375
32295451 5624250 -2225
32295451 5624406 -2175
32295440 5624550 -2125
32295451 5624550 -2129
32295150 5624365 -2075
32295310 5624550 -2075
32295150 5624513 -2025
32295181 5624550 -2025
32295150 5624550 -2012
32295451 5624557 -2425
32295450 5624850 -2375
32295451 5624850 -2376
32295150 5624551 -2375
32295150 5624850 -2325
32295451 5624565 -2125
32295451 5624744 -2075
32295400 5624850 -2025
32295451 5624850 -2045
32295150 5624676 -1975
32295276 5624850 -1975
32295150 5624844 -1925
32295154 5624850 -1925
32295150 5624850 -1923
32295449 5625150 -2375
32295451 5625150 -2375
32295449 5625150 -2325
32295150 5624852 -2325
32295150 5625150 -2275
32295451 5624932 -2025
32295451 5625131 -1975
32295344 5625150 -1925
32295451 5625150 -1970
32295150 5625027 -1875
32295227 5625150 -1875
32295150 5625150 -1841
32295451 5625152 -2375
32295451 5625450 -2325
32295449 5625450 -2325
32295449 5625450 -2275
32295150 5625152 -2275
32295150 5625450 -2225
32295451 5625339 -1925
32295398 5625450 -1875
32295451 5625450 -1898
32295150 5625214 -1825
32295286 5625450 -1825
32295150 5625406 -1775
32295175 5625450 -1775
32295150 5625450 -1763
32295451 5625452 -2325
32295451 5625750 -2275
32295449 5625750 -2275
32295449 5625750 -2225
32295150 5625452 -2225
32295150 5625750 -2175
32295451 5625545 -1875
32295451 5625750 -1825
32295451 5625750 -1825
32295343 5625750 -1775
32295150 5625595 -1725
32295236 5625750 -1725
32295150 5625750 -1684
32295451 5625752 -2275
32295451 5626050 -2225
32295449 5626050 -2225
32295449 5626050 -2175
32295150 5625752 -2175
32295150 5626050 -2125
32295451 5625750 -1825
32295451 5625939 -1775
32295408 5626050 -1725
32295451 5626050 -1745
32295150 5625782 -1675
32295304 5626050 -1675
32295150 5625959 -1625
32295202 5626050 -1625
32295150 5626050 -1599
32295451 5626052 -2225
32295451 5626350 -2175
32295448 5626350 -2175
32295449 5626350 -2125
32295150 5626052 -2125
32295150 5626350 -2075
32295451 5626119 -1725
32295451 5626287 -1675
32295388 5626350 -1625
32295451 5626350 -1656
32295150 5626127 -1575
32295288 5626350 -1575
32295150 5626287 -1525
32295188 5626350 -1525
32295150 5626350 -1505
32295451 5626352 -2175
32295451 5626352 -2125
32295448 5626650 -2075
32295451 5626650 -2075
32295150 5626353 -2075
32295449 5626650 -2025
32295150 5626352 -2025
32295150 5626650 -1975
32295451 5626439 -1625
32295451 5626583 -1575
32295398 5626650 -1525
32295451 5626650 -1552
32295150 5626434 -1475
32295300 5626650 -1475
32295150 5626574 -1425
32295203 5626650 -1425
32295150 5626650 -1398
32295451 5626652 -2075
32295451 5626950 -2025
32295448 5626950 -2025
32295448 5626950 -1975
32295150 5626653 -1975
32295448 5626950 -1925
32295150 5626653 -1925
32295150 5626950 -1875
32295451 5626715 -1525
32295451 5626836 -1475
32295445 5626950 -1425
32295451 5626950 -1428
32295150 5626703 -1375
32295350 5626950 -1375
32295150 5626820 -1325
32295255 5626950 -1325
32295150 5626938 -1275
32295159 5626950 -1275
32295150 5626950 -1270
32295451 5626953 -2025
32295451 5626952 -1975
32295451 5627250 -1925
32295448 5627250 -1925
32295448 5627250 -1875
32295150 5626953 -1875
32295448 5627250 -1825
32295150 5626952 -1825
32295150 5627250 -1775
32295451 5626957 -1425
32295451 5627057 -1375
32295451 5627158 -1325
32295443 5627250 -1275
32295451 5627250 -1279
32295150 5627033 -1225
32295355 5627250 -1225
32295150 5627126 -1175
32295267 5627250 -1175
32295150 5627219 -1125
32295179 5627250 -1125
32295150 5627250 -1108
32295451 5627253 -1925
32295451 5627253 -1875
32295451 5627375 -1825
32295448 5627550 -1775
32295451 5627550 -1798
32295150 5627253 -1775
32295448 5627550 -1725
32295150 5627253 -1725
32295150 5627550 -1675
32295451 5627258 -1275
32295451 5627342 -1225
32295451 5627427 -1175
32295451 5627513 -1125
32295408 5627550 -1075
32295451 5627550 -1103
32295150 5627299 -1075
32295150 5627372 -1025
32295333 5627550 -1025
32295150 5627443 -975
32295259 5627550 -975
32295150 5627514 -925
32295187 5627550 -925
32295150 5627550 -899
32295451 5627553 -1775
32295451 5627553 -1725
32295447 5627850 -1675
32295451 5627850 -1675
32295150 5627553 -1675
32295448 5627850 -1625
32295150 5627553 -1625
32295448 5627850 -1575
32295150 5627553 -1575
32295150 5627850 -1525
32295451 5627592 -1075
32295451 5627666 -1025
32295451 5627741 -975
32295451 5627816 -925
32295413 5627850 -875
32295451 5627850 -903
32295150 5627583 -875
32295150 5627650 -825
32295345 5627850 -825
32295150 5627719 -775
32295276 5627850 -775
32295150 5627791 -725
32295206 5627850 -725
32295150 5627850 -685
32295451 5627853 -1675
32295451 5627853 -1625
32295451 5627853 -1575
32295447 5628150 -1525
32295451 5628150 -1525
32295150 5627854 -1525
32295447 5628150 -1475
32295150 5627853 -1475
32295448 5628150 -1425
32295150 5627853 -1425
32295150 5628150 -1375
32295451 5627888 -875
32295451 5627957 -825
32295451 5628026 -775
32295451 5628096 -725
32295432 5628150 -675
32295451 5628150 -687
32295150 5627865 -675
32295150 5627941 -625
32295356 5628150 -625
32295150 5628019 -575
32295278 5628150 -575
32295150 5628099 -525
32295200 5628150 -525
32295150 5628150 -493
32295451 5628154 -1525
32295451 5628153 -1475
32295451 5628153 -1425
32295150 5628154 -1375
32295451 5628210 -1375
32295447 5628450 -1325
32295451 5628450 -1336
32295150 5628154 -1325
32295447 5628450 -1275
32295150 5628154 -1275
32295448 5628450 -1225
32295150 5628153 -1225
32295150 5628450 -1175
32295451 5628172 -675
32295451 5628262 -625
32295451 5628355 -575
32295451 5628449 -525
32295366 5628450 -475
32295451 5628450 -524
32295150 5628188 -475
32295150 5628291 -425
32295281 5628450 -425
32295150 5628396 -375
32295194 5628450 -375
32295150 5628450 -349
32295451 5628454 -1325
32295451 5628453 -1275
32295451 5628453 -1225
32295150 5628454 -1175
32295451 5628453 -1175
32295447 5628750 -1125
32295451 5628750 -1125
32295150 5628454 -1125
32295448 5628750 -1075
32295150 5628453 -1075
32295448 5628750 -1025
32295150 5628453 -1025
32295448 5628750 -975
32295150 5628453 -975
32295150 5628750 -925
32295451 5628577 -475
32295451 5628709 -425
32295382 5628750 -375
32295451 5628750 -409
32295150 5628533 -325
32295279 5628750 -325
32295150 5628711 -275
32295173 5628750 -275
32295150 5628750 -264
32295451 5628754 -1125
32295451 5628753 -1075
32295451 5628753 -1025
32295451 5628753 -975
32295150 5628753 -925
32295451 5628752 -925
32295448 5629050 -875
32295451 5629050 -875
32295150 5628753 -875
32295448 5629050 -825
32295150 5628753 -825
32295449 5629050 -775
32295150 5628753 -775
32295449 5629050 -725
32295150 5628752 -725
32295449 5629050 -675
32295150 5628752 -675
32295448 5629050 -625
32295150 5628753 -625
32295150 5629050 -575
32295451 5628896 -375
32295414 5629050 -325
32295451 5629050 -341
32295300 5629050 -275
32295150 5628967 -225
32295183 5629050 -225
32295150 5629050 -211
32295451 5629053 -875
32295451 5629052 -825
32295451 5629052 -775
32295451 5629052 -725
32295451 5629052 -675
32295451 5629051 -625
32295150 5629052 -575
32295451 5629051 -575
32295450 5629350 -525
32295451 5629350 -525
32295150 5629052 -525
32295450 5629350 -475
32295150 5629051 -475
32295450 5629350 -425
32295150 5629051 -425
32295451 5629350 -375
32295150 5629051 -375
32295150 5629050 -325
32295451 5629123 -325
32295451 5629350 -325
32295451 5629350 -275
32295451 5629349 -275
32295150 5629050 -275
32295451 5629350 -274
32295150 5629050 -225
32295451 5629351 -525
32295451 5629351 -475
32295451 5629350 -425
32295451 5629350 -375
32295451 5629350 -325
32295451 5629350 -275
32295752 5623950 -2525
32295753 5623683 -2525
32295753 5623950 -2525
32295525 5623650 -2475
32295753 5623814 -2475
32295753 5623943 -2425
32295590 5623950 -2375
32295753 5623950 -2422
32295751 5624250 -2525
32295753 5624250 -2525
32295751 5624250 -2475
32295753 5624087 -2375
32295753 5624231 -2325
32295611 5624250 -2275
32295753 5624250 -2318
32295753 5624251 -2525
32295753 5624550 -2475
32295751 5624550 -2475
32295753 5624394 -2275
32295743 5624550 -2225
32295753 5624550 -2228
32295590 5624550 -2175
32295751 5624850 -2475
32295753 5624850 -2475
32295745 5624850 -2425
32295753 5624561 -2225
32295753 5624752 -2175
32295680 5624850 -2125
32295753 5624850 -2149
32295535 5624850 -2075
32295753 5624851 -2475
32295753 5625150 -2425
32295751 5625150 -2425
32295753 5624955 -2125
32295738 5625150 -2075
32295753 5625150 -2080
32295600 5625150 -2025
32295463 5625150 -1975
32295753 5625163 -2425
32295751 5625450 -2375
32295753 5625450 -2377
32295753 5625173 -2075
32295753 5625400 -2025
32295649 5625450 -1975
32295753 5625450 -2014
32295519 5625450 -1925
32295750 5625750 -2375
32295753 5625750 -2375
32295750 5625750 -2325
32295753 5625624 -1975
32295698 5625750 -1925
32295753 5625750 -1946
32295573 5625750 -1875
32295753 5625752 -2375
32295753 5626050 -2325
32295750 5626050 -2325
32295750 5626050 -2275
32295753 5625839 -1925
32295753 5626043 -1875
32295637 5626050 -1825
32295753 5626050 -1873
32295519 5626050 -1775
32295753 5626052 -2325
32295753 5626088 -2275
32295750 5626350 -2225
32295753 5626350 -2231
32295753 5626221 -1825
32295720 5626350 -1775
32295753 5626350 -1789
32295606 5626350 -1725
32295493 5626350 -1675
32295753 5626352 -2225
32295750 5626650 -2175
32295753 5626650 -2175
32295750 5626650 -2125
32295753 5626392 -1775
32295753 5626543 -1725
32295720 5626650 -1675
32295753 5626650 -1689
32295610 5626650 -1625
32295501 5626650 -1575
32295753 5626652 -2175
32295753 5626950 -2125
32295749 5626950 -2125
32295750 5626950 -2075
32295753 5626687 -1675
32295753 5626815 -1625
32295753 5626942 -1575
32295654 5626950 -1525
32295753 5626950 -1572
32295549 5626950 -1475
32295753 5626953 -2125
32295753 5626952 -2075
32295749 5627250 -2025
32295753 5627250 -2025
32295750 5627250 -1975
32295753 5627051 -1525
32295753 5627160 -1475
32295736 5627250 -1425
32295753 5627250 -1433
32295638 5627250 -1375
32295540 5627250 -1325
32295753 5627253 -2025
32295753 5627252 -1975
32295749 5627550 -1925
32295753 5627550 -1925
32295749 5627550 -1875
32295626 5627550 -1825
32295753 5627266 -1425
32295753 5627360 -1375
32295753 5627454 -1325
32295753 5627549 -1275
32295665 5627550 -1225
32295753 5627550 -1274
32295577 5627550 -1175
32295489 5627550 -1125
32295753 5627553 -1925
32295753 5627553 -1875
32295753 5627613 -1825
32295749 5627850 -1775
32295753 5627850 -1787
32295749 5627850 -1725
32295753 5627633 -1225
32295753 5627717 -1175
32295753 5627801 -1125
32295719 5627850 -1075
32295753 5627850 -1096
32295642 5627850 -1025
32295564 5627850 -975
32295486 5627850 -925
32295753 5627853 -1775
32295753 5627853 -1725
32295748 5628150 -1675
32295753 5628150 -1675
32295749 5628150 -1625
32295749 5628150 -1575
32295753 5627882 -1075
32295753 5627958 -1025
32295753 5628035 -975
32295753 5628111 -925
32295718 5628150 -875
32295753 5628150 -899
32295648 5628150 -825
32295577 5628150 -775
32295506 5628150 -725
32295753 5628154 -1675
32295753 5628153 -1625
32295753 5628153 -1575
32295748 5628450 -1525
32295753 5628450 -1525
32295749 5628450 -1475
32295749 5628450 -1425
32295693 5628450 -1375
32295753 5628189 -875
32295753 5628269 -825
32295753 5628351 -775
32295753 5628436 -725
32295689 5628450 -675
32295753 5628450 -717
32295611 5628450 -625
32295532 5628450 -575
32295451 5628450 -525
32295753 5628454 -1525
32295753 5628453 -1475
32295753 5628453 -1425
32295753 5628453 -1375
32295748 5628750 -1325
32295753 5628750 -1325
32295749 5628750 -1275
32295749 5628750 -1225
32295749 5628750 -1175
32295753 5628530 -675
32295753 5628628 -625
32295753 5628728 -575
32295678 5628750 -525
32295753 5628750 -564
32295582 5628750 -475
32295483 5628750 -425
32295753 5628754 -1325
32295753 5628753 -1275
32295753 5628753 -1225
32295753 5628753 -1175
32295753 5628821 -1125
32295749 5629050 -1075
32295753 5629050 -1088
32295749 5629050 -1025
32295750 5629050 -975
32295750 5629050 -925
32295753 5628853 -525
32295753 5628992 -475
32295677 5629050 -425
32295753 5629050 -454
32295544 5629050 -375
32295753 5629053 -1075
32295753 5629053 -1025
32295753 5629052 -975
32295753 5629052 -925
32295753 5629052 -875
32295750 5629350 -825
32295753 5629350 -825
32295750 5629350 -775
32295750 5629350 -725
32295751 5629350 -675
32295751 5629350 -625
32295751 5629350 -575
32295753 5629184 -425
32295711 5629350 -375
32295753 5629350 -391
32295582 5629350 -325
32295452 5629350 -275
32295753 5629352 -825
32295753 5629352 -775
32295753 5629352 -725
32295753 5629351 -675
32295753 5629351 -625
32295753 5629351 -575
32295753 5629350 -525
32295753 5629350 -475
32295752 5629650 -425
32295753 5629650 -425
32295753 5629417 -375
32295752 5629650 -375
32295752 5629650 -325
32295753 5629618 -325
32295753 5629650 -316
32295753 5629650 -425
32295753 5629650 -375
32295753 5629650 -325
32296053 5623950 -2575
32296054 5623726 -2575
32296054 5623950 -2575
32296054 5623863 -2525
32295977 5623950 -2475
32296054 5623950 -2492
32295763 5623950 -2425
32296053 5624250 -2575
32296054 5624250 -2575
32296054 5624004 -2475
32296054 5624157 -2425
32295976 5624250 -2375
32296054 5624250 -2394
32295778 5624250 -2325
32296054 5624250 -2575
32296053 5624550 -2525
32296054 5624550 -2525
32296054 5624317 -2375
32296054 5624493 -2325
32295927 5624550 -2275
32296054 5624550 -2308
32296052 5624850 -2525
32296054 5624850 -2525
32296054 5624688 -2275
32296015 5624850 -2225
32296054 5624850 -2235
32295840 5624850 -2175
32296054 5624851 -2525
32296052 5625150 -2475
32296054 5625150 -2475
32296054 5624900 -2225
32296054 5625135 -2175
32295899 5625150 -2125
32296054 5625150 -2171
32296052 5625450 -2475
32296054 5625450 -2475
32296041 5625450 -2425
32296054 5625385 -2125
32295938 5625450 -2075
32296054 5625450 -2112
32295785 5625450 -2025
32296054 5625451 -2475
32296054 5625750 -2425
32296052 5625750 -2425
32296054 5625632 -2075
32295977 5625750 -2025
32296054 5625750 -2051
32295833 5625750 -1975
32296054 5625752 -2425
32296052 5626050 -2375
32296054 5626050 -2375
32296054 5625867 -2025
32296027 5626050 -1975
32296054 5626050 -1984
32295891 5626050 -1925
32295757 5626050 -1875
32296054 5626052 -2375
32296051 5626350 -2325
32296054 5626350 -2325
32296017 5626350 -2275
32296054 5626086 -1975
32296054 5626279 -1925
32295971 5626350 -1875
32296054 5626350 -1906
32295843 5626350 -1825
32296054 5626352 -2325
32296054 5626650 -2275
32296051 5626650 -2275
32296051 5626650 -2225
32296054 5626452 -1875
32296054 5626613 -1825
32295959 5626650 -1775
32296054 5626650 -1813
32295837 5626650 -1725
32296054 5626652 -2275
32296054 5626652 -2225
32296051 5626950 -2175
32296054 5626950 -2175
32296054 5626754 -1775
32296054 5626888 -1725
32295991 5626950 -1675
32296054 5626950 -1702
32295875 5626950 -1625
32295759 5626950 -1575
32296054 5626952 -2175
32296051 5627250 -2125
32296054 5627250 -2125
32296051 5627250 -2075
32296054 5627012 -1675
32296054 5627126 -1625
32296054 5627240 -1575
32295953 5627250 -1525
32296054 5627250 -1570
32295843 5627250 -1475
32296054 5627253 -2125
32296054 5627252 -2075
32296050 5627550 -2025
32296054 5627550 -2025
32296051 5627550 -1975
32296054 5627342 -1525
32296054 5627443 -1475
32296054 5627543 -1425
32295958 5627550 -1375
32296054 5627550 -1421
32295856 5627550 -1325
32295753 5627550 -1275
32296054 5627553 -2025
32296054 5627552 -1975
32296050 5627850 -1925
32296054 5627850 -1925
32296050 5627850 -1875
32295989 5627850 -1825
32296054 5627636 -1375
32296054 5627728 -1325
32296054 5627821 -1275
32295990 5627850 -1225
32296054 5627850 -1259
32295898 5627850 -1175
32295806 5627850 -1125
32296054 5627853 -1925
32296054 5627853 -1875
32296054 5627853 -1825
32296050 5628150 -1775
32296054 5628150 -1775
32296050 5628150 -1725
32296054 5627910 -1225
32296054 5627998 -1175
32296054 5628086 -1125
32296031 5628150 -1075
32296054 5628150 -1089
32295951 5628150 -1025
32295872 5628150 -975
32295793 5628150 -925
32296054 5628153 -1775
32296054 5628153 -1725
32296054 5628154 -1675
32296050 5628450 -1625
32296054 5628450 -1625
32296050 5628450 -1575
32296054 5628174 -1075
32296054 5628260 -1025
32296054 5628347 -975
32296054 5628436 -925
32295991 5628450 -875
32296054 5628450 -917
32295916 5628450 -825
32295841 5628450 -775
32295765 5628450 -725
32296054 5628453 -1625
32296054 5628453 -1575
32296054 5628453 -1525
32296050 5628750 -1475
32296054 5628750 -1475
32296050 5628750 -1425
32296050 5628750 -1375
32296054 5628521 -875
32296054 5628606 -825
32296054 5628691 -775
32296027 5628750 -725
32296054 5628750 -741
32295944 5628750 -675
32295859 5628750 -625
32295771 5628750 -575
32296054 5628753 -1475
32296054 5628753 -1425
32296054 5628753 -1375
32296054 5628753 -1325
32296050 5629050 -1275
32296054 5629050 -1275
32296050 5629050 -1225
32296051 5629050 -1175
32295984 5629050 -1125
32296054 5628778 -725
32296054 5628867 -675
32296054 5628959 -625
32296049 5629050 -575
32296054 5629050 -577
32295929 5629050 -525
32295804 5629050 -475
32296054 5629053 -1275
32296054 5629053 -1225
32296054 5629053 -1175
32296054 5629052 -1125
32296054 5629054 -1075
32296051 5629350 -1025
32296054 5629350 -1025
32296051 5629350 -975
32296051 5629350 -925
32296051 5629350 -875
32296054 5629056 -575
32296054 5629208 -525
32296035 5629350 -475
32296054 5629350 -481
32295872 5629350 -425
32296054 5629353 -1025
32296054 5629352 -975
32296054 5629352 -925
32296054 5629352 -875
32296054 5629351 -825
32296054 5629353 -775
32296052 5629650 -725
32296054 5629650 -725
32296052 5629650 -675
32296053 5629650 -625
32296053 5629650 -575
32296053 5629650 -525
32296054 5629382 -475
32296053 5629650 -475
32296054 5629650 -427
32296046 5629650 -425
32295912 5629650 -375
32295775 5629650 -325
32296054 5629651 -725
32296054 5629651 -675
32296054 5629651 -625
32296054 5629650 -575
32296054 5629650 -525
32296054 5629650 -475
32296354 5623950 -2625
32296355 5623720 -2625
32296355 5623950 -2625
32296355 5623864 -2575
32296238 5623950 -2525
32296355 5623950 -2545
32296355 5623983 -2625
32296355 5624250 -2583
32296355 5624015 -2525
32296355 5624176 -2475
32296213 5624250 -2425
32296355 5624250 -2452
32296354 5624550 -2575
32296355 5624550 -2575
32296355 5624351 -2425
32296355 5624539 -2375
32296130 5624550 -2325
32296355 5624550 -2372
32296353 5624850 -2575
32296355 5624850 -2575
32296355 5624759 -2325
32296224 5624850 -2275
32296355 5624850 -2304
32296355 5624851 -2575
32296353 5625150 -2525
32296355 5625150 -2525
32296355 5625003 -2275
32296266 5625150 -2225
32296355 5625150 -2246
32296066 5625150 -2175
32296353 5625450 -2525
32296355 5625450 -2525
32296355 5625272 -2225
32296285 5625450 -2175
32296355 5625450 -2193
32296101 5625450 -2125
32296355 5625451 -2525
32296353 5625750 -2475
32296355 5625750 -2475
32296355 5625553 -2175
32296303 5625750 -2125
32296355 5625750 -2140
32296133 5625750 -2075
32296355 5625751 -2475
32296353 5626050 -2425
32296355 5626050 -2425
32296355 5625826 -2125
32296336 5626050 -2075
32296355 5626050 -2081
32296179 5626050 -2025
32296355 5626051 -2425
32296353 5626350 -2375
32296355 5626350 -2375
32296355 5626076 -2075
32296355 5626290 -2025
32296249 5626350 -1975
32296355 5626350 -2011
32296105 5626350 -1925
32296355 5626352 -2375
32296353 5626650 -2325
32296355 5626650 -2325
32296355 5626477 -1975
32296353 5626650 -1925
32296355 5626650 -1925
32296217 5626650 -1875
32296084 5626650 -1825
32296355 5626652 -2325
32296352 5626950 -2275
32296355 5626950 -2275
32296353 5626950 -2225
32296355 5626652 -1925
32296355 5626796 -1875
32296355 5626939 -1825
32296237 5626950 -1775
32296355 5626950 -1821
32296111 5626950 -1725
32296355 5626952 -2275
32296355 5626952 -2225
32296352 5627250 -2175
32296355 5627250 -2175
32296355 5627061 -1775
32296355 5627181 -1725
32296304 5627250 -1675
32296355 5627250 -1696
32296183 5627250 -1625
32296064 5627250 -1575
32296355 5627252 -2175
32296352 5627550 -2125
32296355 5627550 -2125
32296352 5627550 -2075
32296355 5627294 -1675
32296355 5627400 -1625
32296355 5627505 -1575
32296290 5627550 -1525
32296355 5627550 -1553
32296176 5627550 -1475
32296061 5627550 -1425
32296355 5627553 -2125
32296355 5627552 -2075
32296352 5627850 -2025
32296355 5627850 -2025
32296352 5627850 -1975
32296355 5627605 -1525
32296355 5627704 -1475
32296355 5627802 -1425
32296300 5627850 -1375
32296355 5627850 -1400
32296194 5627850 -1325
32296087 5627850 -1275
32296355 5627853 -2025
32296355 5627853 -1975
32296355 5627854 -1925
32296352 5628150 -1875
32296355 5628150 -1875
32296352 5628150 -1825
32296355 5627899 -1375
32296355 5627996 -1325
32296355 5628095 -1275
32296312 5628150 -1225
32296355 5628150 -1247
32296217 5628150 -1175
32296122 5628150 -1125
32296355 5628153 -1875
32296355 5628153 -1825
32296351 5628450 -1775
32296355 5628450 -1775
32296351 5628450 -1725
32296351 5628450 -1675
32296355 5628194 -1225
32296355 5628292 -1175
32296355 5628394 -1125
32296316 5628450 -1075
32296355 5628450 -1097
32296232 5628450 -1025
32296149 5628450 -975
32296066 5628450 -925
32296355 5628453 -1775
32296355 5628453 -1725
32296355 5628453 -1675
32296351 5628750 -1625
32296355 5628750 -1625
32296351 5628750 -1575
32296352 5628750 -1525
32296355 5628492 -1075
32296355 5628585 -1025
32296355 5628678 -975
32296336 5628750 -925
32296355 5628750 -937
32296258 5628750 -875
32296182 5628750 -825
32296106 5628750 -775
32296355 5628753 -1625
32296355 5628753 -1575
32296355 5628753 -1525
32296355 5628752 -1475
32296351 5629050 -1425
32296355 5629050 -1425
32296352 5629050 -1375
32296352 5629050 -1325
32296355 5628769 -925
32296355 5628847 -875
32296355 5628922 -825
32296355 5628996 -775
32296332 5629050 -725
32296355 5629050 -738
32296242 5629050 -675
32296148 5629050 -625
32296355 5629053 -1425
32296355 5629053 -1375
32296355 5629053 -1325
32296355 5629052 -1275
32296352 5629350 -1225
32296355 5629350 -1225
32296352 5629350 -1175
32296352 5629350 -1125
32296351 5629350 -1075
32296355 5629075 -725
32296355 5629176 -675
32296355 5629279 -625
32296313 5629350 -575
32296355 5629350 -591
32296181 5629350 -525
32296355 5629353 -1225
32296355 5629353 -1175
32296355 5629352 -1125
32296355 5629352 -1075
32296355 5629352 -1025
32296352 5629650 -975
32296355 5629650 -975
32296353 5629650 -925
32296353 5629650 -875
32296353 5629650 -825
32296352 5629650 -775
32296355 5629408 -575
32296355 5629588 -525
32296239 5629650 -475
32296355 5629650 -508
32296355 5629652 -975
32296355 5629652 -925
32296355 5629652 -875
32296355 5629651 -825
32296355 5629651 -775
32296355 5629651 -725
32296354 5629950 -675
32296355 5629950 -675
32296354 5629950 -625
32296354 5629950 -575
32296354 5629950 -525
32296355 5629819 -475
32296355 5629950 -475
32296355 5629950 -451
32296355 5629951 -675
32296355 5629951 -625
32296355 5629950 -575
32296355 5629950 -525
32296355 5629950 -475
32296656 5623811 -2625
32296656 5623950 -2625
32296618 5623950 -2575
32296656 5623950 -2579
32296604 5624250 -2625
32296656 5624250 -2625
32296656 5623964 -2575
32296656 5624137 -2525
32296526 5624250 -2475
32296656 5624250 -2492
32296655 5624550 -2625
32296656 5624550 -2625
32296656 5624319 -2475
32296656 5624522 -2425
32296373 5624550 -2375
32296656 5624550 -2418
32296655 5624850 -2625
32296656 5624850 -2625
32296656 5624761 -2375
32296471 5624850 -2325
32296656 5624850 -2356
32296656 5624851 -2625
32296655 5625150 -2575
32296656 5625150 -2575
32296656 5625035 -2325
32296499 5625150 -2275
32296656 5625150 -2305
32296654 5625450 -2575
32296656 5625450 -2575
32296656 5625349 -2275
32296497 5625450 -2225
32296656 5625450 -2259
32296656 5625451 -2575
32296654 5625750 -2525
32296656 5625750 -2525
32296656 5625680 -2225
32296495 5625750 -2175
32296656 5625750 -2214
32296656 5625751 -2525
32296654 5626050 -2475
32296656 5626050 -2475
32296656 5625986 -2175
32296512 5626050 -2125
32296656 5626050 -2164
32296656 5626267 -2475
32296654 5626350 -2425
32296656 5626350 -2461
32296656 5626244 -2125
32296561 5626350 -2075
32296656 5626350 -2103
32296399 5626350 -2025
32296656 5626365 -2425
32296654 5626650 -2375
32296656 5626650 -2377
32296656 5626463 -2075
32296649 5626650 -2025
32296656 5626650 -2027
32296499 5626650 -1975
32296656 5626652 -2375
32296654 5626950 -2325
32296656 5626950 -2325
32296656 5626657 -2025
32296656 5626814 -1975
32296638 5626950 -1925
32296656 5626950 -1931
32296500 5626950 -1875
32296365 5626950 -1825
32296656 5626952 -2325
32296654 5627250 -2275
32296656 5627250 -2275
32296654 5627250 -2225
32296656 5626966 -1925
32296656 5627095 -1875
32296656 5627222 -1825
32296556 5627250 -1775
32296656 5627250 -1813
32296428 5627250 -1725
32296656 5627252 -2275
32296656 5627252 -2225
32296653 5627550 -2175
32296656 5627550 -2175
32296656 5627336 -1775
32296656 5627446 -1725
32296651 5627550 -1675
32296656 5627550 -1677
32296529 5627550 -1625
32296407 5627550 -1575
32296656 5627552 -2175
32296656 5627562 -2125
32296653 5627850 -2075
32296656 5627850 -2077
32296656 5627554 -1675
32296656 5627656 -1625
32296656 5627757 -1575
32296647 5627850 -1525
32296656 5627850 -1528
32296530 5627850 -1475
32296412 5627850 -1425
32296656 5627852 -2075
32296656 5627852 -2025
32296653 5628150 -1975
32296656 5628150 -1975
32296651 5628150 -1925
32296656 5627857 -1525
32296656 5627958 -1475
32296656 5628061 -1425
32296641 5628150 -1375
32296656 5628150 -1381
32296529 5628150 -1325
32296417 5628150 -1275
32296656 5628153 -1975
32296656 5628152 -1925
32296653 5628450 -1875
32296656 5628450 -1875
32296653 5628450 -1825
32296656 5628164 -1375
32296656 5628269 -1325
32296656 5628377 -1275
32296621 5628450 -1225
32296656 5628450 -1241
32296517 5628450 -1175
32296412 5628450 -1125
32296656 5628453 -1875
32296656 5628453 -1825
32296656 5628452 -1775
32296653 5628750 -1725
32296656 5628750 -1725
32296653 5628750 -1675
32296656 5628484 -1225
32296656 5628587 -1175
32296656 5628693 -1125
32296612 5628750 -1075
32296656 5628750 -1098
32296518 5628750 -1025
32296425 5628750 -975
32296656 5628753 -1725
32296656 5628753 -1675
32296656 5628752 -1625
32296653 5629050 -1575
32296656 5629050 -1575
32296653 5629050 -1525
32296653 5629050 -1475
32296656 5628792 -1075
32296656 5628881 -1025
32296656 5628970 -975
32296649 5629050 -925
32296656 5629050 -929
32296569 5629050 -875
32296490 5629050 -825
32296412 5629050 -775
32296656 5629053 -1575
32296656 5629053 -1525
32296656 5629052 -1475
32296656 5629052 -1425
32296653 5629350 -1375
32296656 5629350 -1375
32296653 5629350 -1325
32296653 5629350 -1275
32296656 5629057 -925
32296656 5629142 -875
32296656 5629227 -825
32296656 5629311 -775
32296608 5629350 -725
32296656 5629350 -751
32296516 5629350 -675
32296421 5629350 -625
32296656 5629353 -1375
32296656 5629352 -1325
32296656 5629352 -1275
32296656 5629352 -1225
32296653 5629650 -1175
32296656 5629650 -1175
32296653 5629650 -1125
32296654 5629650 -1075
32296654 5629650 -1025
32296656 5629407 -725
32296656 5629516 -675
32296656 5629625 -625
32296551 5629650 -575
32296656 5629650 -613
32296406 5629650 -525
32296656 5629652 -1175
32296656 5629652 -1125
32296656 5629652 -1075
32296656 5629652 -1025
32296656 5629651 -975
32296654 5629950 -925
32296656 5629950 -925
32296654 5629950 -875
32296654 5629950 -825
32296655 5629950 -775
32296655 5629950 -725
32296656 5629759 -575
32296656 5629908 -525
32296481 5629950 -475
32296656 5629950 -511
32296656 5629951 -925
32296656 5629952 -875
32296656 5629951 -825
32296656 5629951 -775
32296656 5629951 -725
32296656 5629950 -675
32296656 5629951 -625
32296655 5630250 -575
32296656 5630250 -575
32296656 5630250 -525
32296656 5630068 -475
32296656 5630250 -475
32296656 5630250 -425
32296656 5630250 -575
32296656 5630250 -525
32296656 5630250 -475
32296957 5623950 -2675
32296957 5623692 -2675
32296957 5623950 -2675
32296957 5623855 -2625
32296957 5623950 -2595
32296954 5623650 -2225
32296957 5623650 -2225
32296957 5623653 -2225
32296957 5623950 -2181
32296921 5623950 -2175
32296957 5623785 -2175
32296957 5623650 -2220
32296953 5623950 -2125
32296957 5623931 -2125
32296957 5623950 -2118
32296936 5623650 -1325
32296957 5623650 -1328
32296957 5623673 -1325
32296952 5623650 -1275
32296957 5623655 -1275
32296957 5623950 -1229
32296928 5623950 -1225
32296957 5623731 -1225
32296957 5623650 -1258
32296944 5623950 -1175
32296957 5623848 -1175
32296957 5623950 -1130
32296956 5624250 -2675
32296957 5624250 -2675
32296957 5624027 -2575
32296957 5624212 -2525
32296957 5624250 -2514
32296957 5623992 -2175
32296957 5624250 -2135
32296898 5624250 -2125
32296957 5624103 -2075
32296930 5624250 -2075
32296957 5624250 -2032
32296957 5623981 -1225
32296957 5624250 -1182
32296914 5624250 -1175
32296957 5623969 -1125
32296930 5624250 -1125
32296946 5624250 -1075
32296957 5624130 -1075
32296957 5624250 -1037
32296956 5624550 -2675
32296957 5624550 -2675
32296957 5624427 -2475
32296725 5624550 -2425
32296957 5624550 -2447
32296957 5624315 -2125
32296957 5624280 -2075
32296957 5624550 -2031
32296918 5624550 -2025
32296957 5624284 -2025
32296951 5624550 -1975
32296957 5624507 -1975
32296957 5624550 -1965
32296957 5624293 -1175
32296957 5624277 -1125
32296957 5624550 -1079
32296928 5624550 -1075
32296957 5624320 -1025
32296944 5624550 -1025
32296957 5624550 -983
32296957 5624551 -2675
32296957 5624850 -2625
32296957 5624674 -2425
32296805 5624850 -2375
32296957 5624850 -2393
32296957 5624590 -2025
32296957 5624850 -1981
32296918 5624850 -1975
32296957 5624794 -1925
32296951 5624850 -1925
32296957 5624850 -1915
32296957 5624579 -1075
32296957 5624563 -1025
32296957 5624850 -976
32296949 5624850 -975
32296957 5624625 -975
32296957 5624850 -950
32296956 5625150 -2625
32296957 5625150 -2625
32296957 5624974 -2375
32296789 5625150 -2325
32296957 5625150 -2349
32296957 5624889 -1975
32296957 5624856 -1925
32296957 5624858 -975
32296956 5625450 -2625
32296957 5625450 -2625
32296957 5625344 -2325
32296743 5625450 -2275
32296957 5625450 -2311
32296957 5625451 -2625
32296956 5625750 -2575
32296957 5625750 -2575
32296954 5625750 -2275
32296957 5625750 -2275
32296707 5625750 -2225
32296957 5625751 -2575
32296956 5626050 -2525
32296957 5626050 -2525
32296957 5625755 -2275
32296913 5626050 -2225
32296957 5626050 -2235
32296700 5626050 -2175
32296957 5626350 -2525
32296957 5626350 -2525
32296741 5626350 -2475
32296957 5626110 -2225
32296920 5626350 -2175
32296957 5626350 -2184
32296734 5626350 -2125
32296957 5626350 -2525
32296957 5626650 -2475
32296955 5626650 -2475
32296943 5626650 -2425
32296957 5626394 -2175
32296957 5626623 -2125
32296811 5626650 -2075
32296957 5626650 -2119
32296957 5626652 -2475
32296957 5626662 -2425
32296955 5626950 -2375
32296957 5626950 -2377
32296957 5626806 -2075
32296931 5626950 -2025
32296957 5626950 -2033
32296782 5626950 -1975
32296957 5626952 -2375
32296955 5627250 -2325
32296957 5627250 -2325
32296957 5626975 -2025
32296957 5627116 -1975
32296953 5627250 -1925
32296957 5627250 -1926
32296817 5627250 -1875
32296685 5627250 -1825
32296957 5627252 -2325
32296955 5627550 -2275
32296957 5627550 -2275
32296955 5627550 -2225
32296957 5627254 -1925
32296957 5627373 -1875
32296957 5627489 -1825
32296899 5627550 -1775
32296957 5627550 -1798
32296774 5627550 -1725
32296957 5627552 -2275
32296957 5627552 -2225
32296954 5627850 -2175
32296957 5627850 -2175
32296945 5627850 -2125
32296957 5627599 -1775
32296957 5627705 -1725
32296957 5627808 -1675
32296886 5627850 -1625
32296957 5627850 -1654
32296766 5627850 -1575
32296957 5627852 -2175
32296957 5627852 -2125
32296954 5628150 -2075
32296957 5628150 -2075
32296955 5628150 -2025
32296957 5627910 -1625
32296957 5628011 -1575
32296957 5628112 -1525
32296882 5628150 -1475
32296957 5628150 -1506
32296761 5628150 -1425
32296957 5628153 -2075
32296957 5628152 -2025
32296954 5628450 -1975
32296957 5628450 -1975
32296954 5628450 -1925
32296957 5628215 -1475
32296957 5628320 -1425
32296957 5628426 -1375
32296863 5628450 -1325
32296957 5628450 -1363
32296740 5628450 -1275
32296957 5628453 -1975
32296957 5628453 -1925
32296957 5628452 -1875
32296954 5628750 -1825
32296957 5628750 -1825
32296954 5628750 -1775
32296957 5628531 -1325
32296957 5628637 -1275
32296957 5628745 -1225
32296844 5628750 -1175
32296957 5628750 -1223
32296722 5628750 -1125
32296957 5628753 -1825
32296957 5628752 -1775
32296957 5628752 -1725
32296954 5629050 -1675
32296957 5629050 -1675
32296954 5629050 -1625
32296957 5628845 -1175
32296957 5628944 -1125
32296957 5629043 -1075
32296860 5629050 -1025
32296957 5629050 -1071
32296754 5629050 -975
32296957 5629053 -1675
32296957 5629052 -1625
32296957 5629052 -1575
32296954 5629350 -1525
32296957 5629350 -1525
32296954 5629350 -1475
32296955 5629350 -1425
32296957 5629135 -1025
32296957 5629227 -975
32296957 5629318 -925
32296894 5629350 -875
32296957 5629350 -907
32296798 5629350 -825
32296701 5629350 -775
32296957 5629353 -1525
32296957 5629353 -1475
32296957 5629352 -1425
32296957 5629352 -1375
32296954 5629650 -1325
32296957 5629650 -1325
32296955 5629650 -1275
32296955 5629650 -1225
32296957 5629410 -875
32296957 5629502 -825
32296957 5629595 -775
32296911 5629650 -725
32296957 5629650 -745
32296797 5629650 -675
32296682 5629650 -625
32296957 5629653 -1325
32296957 5629652 -1275
32296957 5629652 -1225
32296957 5629652 -1175
32296955 5629950 -1125
32296957 5629950 -1125
32296955 5629950 -1075
32296955 5629950 -1025
32296955 5629950 -975
32296957 5629689 -725
32296957 5629785 -675
32296957 5629883 -625
32296897 5629950 -575
32296957 5629950 -591
32296709 5629950 -525
32296957 5629952 -1125
32296957 5629952 -1075
32296957 5629952 -1025
32296957 5629952 -975
32296957 5629951 -925
32296956 5630250 -875
32296957 5630250 -875
32296955 5630250 -825
32296956 5630250 -775
32296956 5630250 -725
32296956 5630250 -675
32296955 5630250 -625
32296957 5629987 -575
32296957 5630107 -525
32296957 5630240 -475
32296957 5630250 -471
32296957 5630251 -875
32296957 5630252 -825
32296957 5630251 -775
32296957 5630251 -725
32296957 5630251 -675
32296957 5630250 -625
32296956 5630550 -575
32296957 5630550 -575
32296956 5630550 -525
32296957 5630550 -475
32296957 5630400 -425
32296957 5630550 -425
32296957 5630550 -383
32296957 5630551 -575
32296957 5630550 -525
32296957 5630550 -475
32296957 5630550 -425
32296957 5630850 -325
32296957 5630738 -325
32296957 5630850 -325
32296957 5630850 -291
32296957 5630850 -325
32297259 5623672 -2675
32297259 5623950 -2675
32297259 5623847 -2625
32297259 5623950 -2595
32297187 5623650 -2325
32297259 5623650 -2338
32297259 5623739 -2325
32297259 5623950 -2293
32297160 5623950 -2275
32297218 5623650 -2275
32297191 5623950 -2225
32297259 5623762 -2175
32297259 5623650 -2210
32297259 5623920 -2125
32297259 5623950 -2115
32297188 5623650 -1475
32297259 5623650 -1487
32297259 5623730 -1475
32297259 5623950 -1430
32297226 5623950 -1425
32297203 5623650 -1425
32297218 5623650 -1375
32297184 5623950 -1375
32297199 5623950 -1325
32297213 5623950 -1275
32297259 5623693 -1225
32297259 5623650 -1241
32297259 5623823 -1175
32297259 5623950 -1125
32297259 5624250 -2675
32297259 5624033 -2575
32297259 5624236 -2525
32297259 5624250 -2521
32297259 5624067 -2275
32297259 5624250 -2246
32297142 5624250 -2225
32297173 5624250 -2175
32297259 5624105 -2075
32297259 5624250 -2037
32297259 5623987 -1425
32297259 5624032 -1375
32297259 5624250 -1339
32297173 5624250 -1325
32297188 5624250 -1275
32297203 5624250 -1225
32297259 5623952 -1125
32297259 5624134 -1075
32297259 5624250 -1043
32297259 5624550 -2675
32297259 5624482 -2475
32297259 5624550 -2461
32297259 5624381 -2225
32297259 5624550 -2197
32297134 5624550 -2175
32297165 5624550 -2125
32297197 5624550 -2075
32297259 5624310 -2025
32297193 5624550 -1975
32297259 5624550 -1977
32297259 5624340 -1325
32297259 5624324 -1275
32297259 5624550 -1237
32297186 5624550 -1225
32297202 5624550 -1175
32297217 5624550 -1125
32297259 5624364 -1025
32297259 5624550 -995
32297257 5624850 -2675
32297259 5624850 -2675
32297259 5624784 -2425
32297259 5624850 -2414
32297259 5624683 -2175
32297259 5624649 -2125
32297259 5624850 -2091
32297168 5624850 -2075
32297201 5624850 -2025
32297259 5624568 -1975
32297095 5624850 -1925
32297259 5624850 -1935
32297259 5624623 -1225
32297259 5624607 -1175
32297259 5624850 -1133
32297207 5624850 -1125
32297223 5624850 -1075
32297239 5624850 -1025
32297259 5624737 -975
32297259 5624850 -963
32297257 5625150 -2675
32297259 5625150 -2675
32297215 5625150 -2375
32297259 5625150 -2379
32297259 5624941 -2075
32297259 5624908 -2025
32297214 5625150 -1975
32297259 5625150 -1982
32297259 5624969 -1925
32297248 5625150 -1925
32297259 5625150 -1908
32297259 5624902 -1125
32297259 5624886 -1075
32297259 5625150 -1029
32297230 5625150 -1025
32297246 5625150 -975
32297259 5625150 -933
32297259 5625151 -2675
32297259 5625450 -2625
32297259 5625194 -2375
32297059 5625450 -2325
32297259 5625450 -2350
32297259 5625193 -1975
32297259 5625160 -1925
32297259 5625178 -1025
32297259 5625162 -975
32297259 5625450 -925
32297256 5625450 -925
32297259 5625308 -925
32297259 5625450 -916
32297257 5625750 -2625
32297259 5625750 -2625
32297259 5625739 -2325
32297259 5625750 -2324
32297259 5625452 -925
32297259 5625751 -2625
32297257 5626050 -2575
32297259 5626050 -2575
32297161 5626050 -2275
32297259 5626050 -2293
32297259 5626051 -2575
32297259 5626350 -2525
32297259 5626191 -2275
32297131 5626350 -2225
32297259 5626350 -2254
32297257 5626650 -2525
32297259 5626650 -2525
32297259 5626510 -2225
32297164 5626650 -2175
32297259 5626650 -2199
32296979 5626650 -2125
32297259 5626651 -2525
32297258 5626950 -2475
32297259 5626950 -2475
32297246 5626950 -2425
32297259 5626752 -2175
32297252 5626950 -2125
32297259 5626950 -2126
32297088 5626950 -2075
32297259 5626950 -2475
32297259 5626951 -2425
32297256 5627250 -2375
32297259 5627250 -2375
32297259 5626956 -2125
32297259 5627116 -2075
32297236 5627250 -2025
32297259 5627250 -2032
32297092 5627250 -1975
32297259 5627252 -2375
32297256 5627550 -2325
32297259 5627550 -2325
32297259 5627270 -2025
32297259 5627402 -1975
32297259 5627529 -1925
32297150 5627550 -1875
32297259 5627550 -1916
32297023 5627550 -1825
32297259 5627552 -2325
32297259 5627558 -2275
32297256 5627850 -2225
32297259 5627850 -2226
32297259 5627645 -1875
32297259 5627757 -1825
32297241 5627850 -1775
32297259 5627850 -1782
32297122 5627850 -1725
32297004 5627850 -1675
32297259 5627852 -2225
32297256 5628150 -2175
32297259 5628150 -2175
32297256 5628150 -2125
32297259 5627865 -1775
32297259 5627968 -1725
32297259 5628070 -1675
32297234 5628150 -1625
32297259 5628150 -1635
32297117 5628150 -1575
32297000 5628150 -1525
32297259 5628152 -2175
32297259 5628152 -2125
32297255 5628450 -2075
32297259 5628450 -2075
32297256 5628450 -2025
32297259 5628171 -1625
32297259 5628271 -1575
32297259 5628371 -1525
32297232 5628450 -1475
32297259 5628450 -1485
32297110 5628450 -1425
32296985 5628450 -1375
32297259 5628453 -2075
32297259 5628452 -2025
32297259 5628452 -1975
32297255 5628750 -1925
32297259 5628750 -1925
32297256 5628750 -1875
32297259 5628472 -1475
32297259 5628573 -1425
32297259 5628675 -1375
32297223 5628750 -1325
32297259 5628750 -1339
32297095 5628750 -1275
32296962 5628750 -1225
32297259 5628753 -1925
32297259 5628752 -1875
32297256 5629050 -1825
32297259 5629050 -1825
32297255 5629050 -1775
32297256 5629050 -1725
32297259 5628778 -1325
32297259 5628879 -1275
32297259 5628982 -1225
32297217 5629050 -1175
32297259 5629050 -1192
32297093 5629050 -1125
32296966 5629050 -1075
32297259 5629052 -1825
32297259 5629053 -1775
32297259 5629052 -1725
32297259 5629072 -1675
32297255 5629350 -1625
32297259 5629350 -1629
32297256 5629350 -1575
32297259 5629083 -1175
32297259 5629180 -1125
32297259 5629279 -1075
32297225 5629350 -1025
32297259 5629350 -1039
32297111 5629350 -975
32296996 5629350 -925
32297259 5629353 -1625
32297259 5629352 -1575
32297259 5629352 -1525
32297255 5629650 -1475
32297259 5629650 -1475
32297256 5629650 -1425
32297256 5629650 -1375
32297259 5629376 -1025
32297259 5629465 -975
32297259 5629556 -925
32297259 5629648 -875
32297142 5629650 -825
32297259 5629650 -874
32297025 5629650 -775
32297259 5629653 -1475
32297259 5629652 -1425
32297259 5629652 -1375
32297259 5629652 -1325
32297255 5629950 -1275
32297259 5629950 -1275
32297256 5629950 -1225
32297256 5629950 -1175
32297259 5629726 -825
32297259 5629805 -775
32297259 5629884 -725
32297229 5629950 -675
32297259 5629950 -683
32297066 5629950 -625
32297259 5629953 -1275
32297259 5629952 -1225
32297259 5629952 -1175
32297259 5629952 -1125
32297255 5630250 -1075
32297259 5630250 -1075
32297256 5630250 -1025
32297256 5630250 -975
32297256 5630250 -925
32297259 5629964 -675
32297259 5630048 -625
32297259 5630136 -575
32297259 5630229 -525
32296981 5630250 -475
32297259 5630250 -514
32297259 5630253 -1075
32297259 5630252 -1025
32297259 5630252 -975
32297259 5630252 -925
32297259 5630251 -875
32297256 5630550 -825
32297259 5630550 -825
32297256 5630550 -775
32297257 5630550 -725
32297257 5630550 -675
32297257 5630550 -625
32297259 5630357 -475
32297259 5630505 -425
32297259 5630550 -410
32297259 5630552 -825
32297259 5630552 -775
32297259 5630551 -725
32297259 5630551 -675
32297259 5630850 -625
32297257 5630850 -625
32297257 5630850 -575
32297257 5630850 -525
32297258 5630850 -475
32297258 5630850 -425
32297259 5630693 -375
32297258 5630850 -375
32297175 5630850 -325
32297259 5630850 -338
32297259 5630851 -625
32297259 5630851 -575
32297259 5630851 -525
32297259 5630850 -475
32297259 5630850 -425
32297259 5631150 -375
32297258 5631150 -375
32297259 5630902 -325
32297258 5631150 -325
32297259 5631103 -275
32297258 5631150 -275
32297259 5631150 -263
32297259 5631150 -375
32297259 5631150 -325
32297259 5631150 -275
32297258 5631450 -175
32297259 5631427 -175
32297259 5631450 -175
32297259 5631450 -167
32297259 5631450 -175
32297559 5623950 -2725
32297559 5623650 -2725
32297560 5623650 -2725
32297560 5623950 -2725
32297347 5623650 -2675
32297560 5623781 -2625
32297560 5623650 -2659
32297560 5623950 -2580
32297415 5623650 -2425
32297560 5623650 -2453
32297560 5623832 -2425
32297560 5623950 -2406
32297393 5623950 -2375
32297445 5623650 -2375
32297423 5623950 -2325
32297560 5623671 -2175
32297560 5623650 -2181
32297560 5623844 -2125
32297560 5623950 -2093
32297434 5623650 -1625
32297560 5623650 -1647
32297560 5623794 -1625
32297448 5623650 -1575
32297560 5623778 -1575
32297560 5623950 -1547
32297433 5623950 -1525
32297463 5623650 -1525
32297447 5623950 -1475
32297346 5623650 -1225
32297560 5623670 -1175
32297560 5623650 -1182
32297262 5623950 -1125
32297560 5623810 -1125
32297560 5623950 -1075
32297559 5624250 -2725
32297560 5624250 -2725
32297560 5623975 -2575
32297560 5624200 -2525
32297560 5624250 -2514
32297560 5624149 -2375
32297560 5624250 -2358
32297380 5624250 -2325
32297410 5624250 -2275
32297560 5624031 -2075
32297530 5624250 -2025
32297560 5624244 -2025
32297560 5624250 -2023
32297560 5624090 -1525
32297560 5624250 -1499
32297425 5624250 -1475
32297440 5624250 -1425
32297454 5624250 -1375
32297560 5623950 -1075
32297411 5624250 -1025
32297560 5624165 -1025
32297560 5624250 -1006
32297558 5624550 -2725
32297560 5624550 -2725
32297560 5624474 -2475
32297560 5624550 -2461
32297560 5624454 -2325
32297560 5624550 -2309
32297376 5624550 -2275
32297407 5624550 -2225
32297427 5624550 -1975
32297560 5624537 -1975
32297560 5624550 -1972
32297560 5624393 -1475
32297560 5624378 -1425
32297560 5624550 -1396
32297440 5624550 -1375
32297454 5624550 -1325
32297469 5624550 -1275
32297507 5624550 -975
32297560 5624511 -975
32297560 5624550 -970
32297560 5624551 -2725
32297560 5624850 -2675
32297560 5624839 -2425
32297560 5624850 -2423
32297560 5624748 -2275
32297560 5624717 -2225
32297413 5624850 -2175
32297560 5624850 -2202
32297445 5624850 -2125
32297560 5624850 -1940
32297560 5624674 -1375
32297560 5624850 -1331
32297521 5624850 -1325
32297461 5624850 -1275
32297476 5624850 -1225
32297491 5624850 -1175
32297560 5624850 -951
32297560 5625150 -2675
32297560 5625150 -2396
32297560 5625001 -2175
32297560 5625150 -2148
32297428 5625150 -2125
32297461 5625150 -2075
32297494 5625150 -2025
32297560 5625126 -1925
32297560 5625150 -1923
32297560 5624888 -1325
32297560 5624949 -1275
32297560 5625150 -1240
32297472 5625150 -1225
32297488 5625150 -1175
32297503 5625150 -1125
32297518 5625150 -1075
32297560 5625150 -936
32297558 5625450 -2675
32297560 5625450 -2675
32297532 5625450 -2375
32297560 5625450 -2377
32297560 5625279 -2125
32297560 5625246 -2075
32297560 5625450 -2037
32297486 5625450 -2025
32297520 5625450 -1975
32297555 5625450 -1925
32297560 5625450 -1917
32297560 5625235 -1225
32297560 5625220 -1175
32297560 5625450 -1132
32297513 5625450 -1125
32297519 5625450 -1075
32297534 5625450 -1025
32297548 5625450 -975
32297387 5625450 -925
32297560 5625450 -935
32297560 5625451 -2675
32297560 5625750 -2625
32297560 5625492 -2375
32297266 5625750 -2325
32297560 5625750 -2360
32297560 5625520 -2025
32297560 5625487 -1975
32297560 5625750 -1926
32297553 5625750 -1925
32297560 5625750 -1915
32297560 5625493 -1125
32297560 5625488 -1075
32297560 5625474 -1025
32297560 5625720 -975
32297558 5626050 -2625
32297560 5626050 -2625
32297460 5626050 -2325
32297560 5626050 -2340
32297560 5625756 -1925
32297560 5626051 -2625
32297558 5626350 -2575
32297560 5626350 -2575
32297560 5626206 -2325
32297368 5626350 -2275
32297560 5626350 -2311
32297560 5626351 -2575
32297560 5626650 -2525
32297560 5626604 -2275
32297368 5626650 -2225
32297560 5626650 -2268
32297560 5626653 -2525
32297560 5626950 -2475
32297560 5626867 -2225
32297435 5626950 -2175
32297560 5626950 -2208
32297560 5626951 -2475
32297558 5627250 -2425
32297560 5627250 -2425
32297560 5627076 -2175
32297548 5627250 -2125
32297560 5627250 -2128
32297389 5627250 -2075
32297560 5627251 -2425
32297558 5627550 -2375
32297560 5627550 -2375
32297560 5627260 -2125
32297560 5627411 -2075
32297552 5627550 -2025
32297560 5627550 -2027
32297413 5627550 -1975
32297280 5627550 -1925
32297560 5627552 -2375
32297557 5627850 -2325
32297560 5627850 -2325
32297551 5627850 -2275
32297560 5627557 -2025
32297560 5627683 -1975
32297560 5627806 -1925
32297480 5627850 -1875
32297560 5627850 -1907
32297359 5627850 -1825
32297560 5627852 -2325
32297560 5627852 -2275
32297557 5628150 -2225
32297560 5628150 -2225
32297560 5627921 -1875
32297560 5628030 -1825
32297560 5628137 -1775
32297459 5628150 -1725
32297560 5628150 -1768
32297346 5628150 -1675
32297560 5628152 -2225
32297560 5628152 -2175
32297557 5628450 -2125
32297560 5628450 -2125
32297560 5628239 -1725
32297560 5628339 -1675
32297560 5628438 -1625
32297460 5628450 -1575
32297560 5628450 -1618
32297347 5628450 -1525
32297560 5628452 -2125
32297560 5628452 -2075
32297557 5628750 -2025
32297560 5628750 -2025
32297557 5628750 -1975
32297560 5628536 -1575
32297560 5628634 -1525
32297560 5628731 -1475
32297464 5628750 -1425
32297560 5628750 -1465
32297345 5628750 -1375
32297560 5628752 -2025
32297560 5628752 -1975
32297557 5629050 -1925
32297560 5629050 -1925
32297557 5629050 -1875
32297560 5628830 -1425
32297560 5628929 -1375
32297560 5629029 -1325
32297464 5629050 -1275
32297560 5629050 -1314
32297341 5629050 -1225
32297560 5629053 -1925
32297560 5629052 -1875
32297560 5629052 -1825
32297557 5629350 -1775
32297560 5629350 -1775
32297557 5629350 -1725
32297537 5629350 -1675
32297560 5629127 -1275
32297560 5629225 -1225
32297560 5629325 -1175
32297469 5629350 -1125
32297560 5629350 -1162
32297346 5629350 -1075
32297560 5629353 -1775
32297560 5629352 -1725
32297560 5629352 -1675
32297557 5629650 -1625
32297560 5629650 -1625
32297557 5629650 -1575
32297557 5629650 -1525
32297560 5629415 -1125
32297560 5629503 -1075
32297560 5629592 -1025
32297514 5629650 -975
32297560 5629650 -993
32297388 5629650 -925
32297260 5629650 -875
32297560 5629653 -1625
32297560 5629653 -1575
32297560 5629652 -1525
32297560 5629652 -1475
32297556 5629950 -1425
32297560 5629950 -1425
32297557 5629950 -1375
32297557 5629950 -1325
32297560 5629675 -975
32297560 5629744 -925
32297560 5629812 -875
32297560 5629880 -825
32297560 5629949 -775
32297396 5629950 -725
32297560 5629950 -774
32297560 5629953 -1425
32297560 5629952 -1375
32297560 5629952 -1325
32297560 5629952 -1275
32297556 5630250 -1225
32297560 5630250 -1225
32297557 5630250 -1175
32297557 5630250 -1125
32297560 5630017 -725
32297560 5630087 -675
32297560 5630161 -625
32297560 5630239 -575
32297316 5630250 -525
32297560 5630250 -568
32297560 5630253 -1225
32297560 5630253 -1175
32297560 5630252 -1125
32297560 5630252 -1075
32297556 5630550 -1025
32297560 5630550 -1025
32297557 5630550 -975
32297557 5630550 -925
32297557 5630550 -875
32297560 5630356 -525
32297560 5630481 -475
32297373 5630550 -425
32297560 5630550 -448
32297560 5630553 -1025
32297560 5630552 -975
32297560 5630552 -925
32297560 5630552 -875
32297557 5630850 -825
32297560 5630850 -825
32297557 5630850 -775
32297558 5630850 -725
32297558 5630850 -675
32297560 5630635 -425
32297560 5630822 -375
32297560 5630850 -367
32297560 5630852 -825
32297560 5630852 -775
32297560 5630852 -725
32297560 5630851 -675
32297558 5631150 -625
32297560 5631150 -625
32297558 5631150 -575
32297558 5631150 -525
32297559 5631150 -475
32297559 5631150 -425
32297560 5631056 -325
32297341 5631150 -275
32297560 5631150 -305
32297560 5631152 -625
32297560 5631151 -575
32297560 5631151 -525
32297560 5631151 -475
32297560 5631151 -425
32297559 5631450 -375
32297560 5631450 -375
32297559 5631450 -325
32297560 5631300 -275
32297560 5631450 -275
32297560 5631450 -244
32297287 5631450 -175
32297560 5631450 -375
32297560 5631450 -325
32297560 5631450 -275
32297560 5631750 -175
32297560 5631750 -175
32297560 5631707 -175
32297560 5631750 -163
32297560 5631750 -175
32297861 5623650 -2725
32297861 5623950 -2725
32297860 5623650 -2625
32297622 5623950 -2575
32297861 5623859 -2575
32297861 5623650 -2624
32297861 5623950 -2553
32297861 5623927 -2525
32297646 5623650 -2525
32297861 5623650 -2568
32297861 5623950 -2521
32297622 5623950 -2475
32297669 5623650 -2475
32297652 5623950 -2425
32297604 5623650 -2175
32297861 5623697 -2125
32297861 5623650 -2137
32297721 5623950 -2075
32297861 5623887 -2075
32297861 5623950 -2058
32297692 5623650 -1725
32297861 5623650 -1756
32297861 5623843 -1725
32297861 5623950 -1707
32297680 5623950 -1675
32297706 5623650 -1675
32297694 5623950 -1625
32297708 5623950 -1575
32297586 5623650 -1175
32297761 5623650 -1125
32297560 5623950 -1075
32297861 5623707 -1075
32297861 5623650 -1093
32297750 5623950 -1025
32297861 5623855 -1025
32297861 5623950 -993
32297861 5624250 -2725
32297861 5624095 -2525
32297861 5624236 -2475
32297861 5624250 -2494
32297861 5624250 -2472
32297613 5624250 -2425
32297643 5624250 -2375
32297861 5624112 -2025
32297861 5624250 -1996
32297861 5624150 -1675
32297861 5624250 -1658
32297675 5624250 -1625
32297689 5624250 -1575
32297703 5624250 -1525
32297695 5624250 -975
32297861 5624039 -975
32297861 5624250 -933
32297861 5624550 -2725
32297861 5624386 -2475
32297861 5624532 -2425
32297861 5624550 -2451
32297861 5624550 -2421
32297613 5624550 -2375
32297643 5624550 -2325
32297861 5624407 -1975
32297861 5624550 -1955
32297861 5624449 -1625
32297861 5624434 -1575
32297861 5624550 -1555
32297691 5624550 -1525
32297705 5624550 -1475
32297719 5624550 -1425
32297800 5624550 -925
32297861 5624365 -925
32297861 5624550 -912
32297859 5624850 -2725
32297861 5624850 -2725
32297861 5624816 -2425
32297861 5624818 -2375
32297861 5624850 -2421
32297861 5624850 -2369
32297622 5624850 -2325
32297653 5624850 -2275
32297682 5624850 -2225
32297861 5624850 -1933
32297861 5624726 -1525
32297861 5624850 -1503
32297702 5624850 -1475
32297714 5624850 -1425
32297728 5624850 -1375
32297783 5624850 -925
32297861 5624850 -915
32297861 5624851 -2725
32297861 5625150 -2675
32297861 5625150 -2403
32297861 5625097 -2325
32297861 5625065 -2275
32297861 5625150 -2259
32297672 5625150 -2225
32297704 5625150 -2175
32297693 5625150 -1925
32297861 5625150 -1926
32297861 5625010 -1475
32297861 5624998 -1425
32297861 5625150 -1398
32297728 5625150 -1375
32297743 5625150 -1325
32297758 5625150 -1275
32297861 5625150 -925
32297861 5625135 -925
32297861 5625450 -2675
32297861 5625450 -2393
32297861 5625338 -2225
32297861 5625305 -2175
32297732 5625450 -2125
32297861 5625450 -2148
32297765 5625450 -2075
32297727 5625450 -1925
32297861 5625450 -1931
32297861 5625279 -1375
32297861 5625265 -1325
32297861 5625450 -1291
32297764 5625450 -1275
32297779 5625450 -1225
32297794 5625450 -1175
32297861 5625450 -949
32297859 5625750 -2675
32297861 5625750 -2675
32297733 5625750 -2375
32297861 5625750 -2385
32297861 5625574 -2125
32297861 5625541 -2075
32297801 5625750 -2025
32297861 5625750 -2035
32297836 5625750 -1975
32297861 5625750 -1940
32297675 5625750 -1925
32297861 5625541 -1275
32297861 5625527 -1225
32297861 5625750 -1184
32297808 5625750 -1175
32297824 5625750 -1125
32297839 5625750 -1075
32297855 5625750 -1025
32297861 5625750 -1006
32297861 5625581 -975
32297861 5625751 -2675
32297861 5626050 -2625
32297861 5626049 -2375
32297861 5626050 -2374
32297861 5625806 -2025
32297861 5625772 -1975
32297861 5625798 -1175
32297861 5625783 -1125
32297861 5625769 -1075
32297861 5625821 -1025
32297859 5626350 -2625
32297861 5626350 -2625
32297652 5626350 -2325
32297861 5626350 -2355
32297861 5626351 -2625
32297859 5626650 -2575
32297861 5626650 -2575
32297861 5626642 -2325
32297594 5626650 -2275
32297861 5626650 -2324
32297861 5626651 -2575
32297858 5626950 -2525
32297861 5626950 -2525
32297854 5626950 -2275
32297861 5626950 -2276
32297632 5626950 -2225
32297861 5626951 -2525
32297859 5627250 -2475
32297861 5627250 -2475
32297861 5626957 -2275
32297861 5627186 -2225
32297728 5627250 -2175
32297861 5627250 -2210
32297861 5627251 -2475
32297859 5627550 -2425
32297861 5627550 -2425
32297861 5627378 -2175
32297857 5627550 -2125
32297861 5627550 -2126
32297702 5627550 -2075
32297861 5627551 -2425
32297859 5627850 -2375
32297861 5627850 -2375
32297861 5627553 -2125
32297861 5627699 -2075
32297861 5627841 -2025
32297735 5627850 -1975
32297861 5627850 -2021
32297605 5627850 -1925
32297861 5627852 -2375
32297861 5627851 -2325
32297859 5628150 -2275
32297861 5628150 -2275
32297861 5627966 -1975
32297861 5628087 -1925
32297805 5628150 -1875
32297861 5628150 -1898
32297687 5628150 -1825
32297573 5628150 -1775
32297861 5628152 -2275
32297858 5628450 -2225
32297861 5628450 -2225
32297859 5628450 -2175
32297861 5628201 -1875
32297861 5628310 -1825
32297861 5628415 -1775
32297787 5628450 -1725
32297861 5628450 -1758
32297679 5628450 -1675
32297573 5628450 -1625
32297861 5628452 -2225
32297861 5628452 -2175
32297858 5628750 -2125
32297861 5628750 -2125
32297858 5628750 -2075
32297861 5628518 -1725
32297861 5628618 -1675
32297861 5628716 -1625
32297791 5628750 -1575
32297861 5628750 -1607
32297685 5628750 -1525
32297579 5628750 -1475
32297861 5628752 -2125
32297861 5628752 -2075
32297861 5628752 -2025
32297858 5629050 -1975
32297861 5629050 -1975
32297861 5628813 -1575
32297861 5628911 -1525
32297861 5629008 -1475
32297800 5629050 -1425
32297861 5629050 -1453
32297691 5629050 -1375
32297582 5629050 -1325
32297861 5629052 -1975
32297861 5629052 -1925
32297858 5629350 -1875
32297861 5629350 -1875
32297858 5629350 -1825
32297861 5629103 -1425
32297861 5629199 -1375
32297861 5629294 -1325
32297814 5629350 -1275
32297861 5629350 -1296
32297702 5629350 -1225
32297588 5629350 -1175
32297861 5629353 -1875
32297861 5629352 -1825
32297861 5629352 -1775
32297858 5629650 -1725
32297861 5629650 -1725
32297858 5629650 -1675
32297861 5629387 -1275
32297861 5629473 -1225
32297861 5629560 -1175
32297861 5629647 -1125
32297752 5629650 -1075
32297861 5629650 -1123
32297636 5629650 -1025
32297861 5629653 -1725
32297861 5629652 -1675
32297861 5629652 -1625
32297858 5629950 -1575
32297861 5629950 -1575
32297858 5629950 -1525
32297858 5629950 -1475
32297861 5629718 -1075
32297861 5629788 -1025
32297861 5629856 -975
32297861 5629922 -925
32297798 5629950 -875
32297861 5629950 -904
32297684 5629950 -825
32297561 5629950 -775
32297861 5629953 -1575
32297861 5629952 -1525
32297861 5629952 -1475
32297861 5629952 -1425
32297858 5630250 -1375
32297861 5630250 -1375
32297858 5630250 -1325
32297858 5630250 -1275
32297861 5629987 -875
32297861 5630052 -825
32297861 5630121 -775
32297861 5630193 -725
32297828 5630250 -675
32297861 5630250 -688
32297705 5630250 -625
32297577 5630250 -575
32297861 5630253 -1375
32297861 5630253 -1325
32297861 5630252 -1275
32297861 5630252 -1225
32297858 5630550 -1175
32297861 5630550 -1175
32297858 5630550 -1125
32297858 5630550 -1075
32297861 5630274 -675
32297861 5630367 -625
32297861 5630467 -575
32297826 5630550 -525
32297861 5630550 -535
32297652 5630550 -475
32297861 5630553 -1175
32297861 5630553 -1125
32297861 5630552 -1075
32297861 5630553 -1025
32297858 5630850 -975
32297861 5630850 -975
32297858 5630850 -925
32297858 5630850 -875
32297861 5630578 -525
32297861 5630718 -475
32297845 5630850 -425
32297861 5630850 -428
32297597 5630850 -375
32297861 5630853 -975
32297861 5630852 -925
32297861 5630852 -875
32297861 5630852 -825
32297858 5631150 -775
32297861 5631150 -775
32297859 5631150 -725
32297859 5631150 -675
32297861 5630861 -425
32297861 5631049 -375
32297699 5631150 -325
32297861 5631150 -347
32297861 5631152 -775
32297861 5631152 -725
32297861 5631152 -675
32297861 5631151 -625
32297859 5631450 -575
32297861 5631450 -575
32297859 5631450 -525
32297860 5631450 -475
32297859 5631450 -425
32297861 5631265 -325
32297767 5631450 -275
32297861 5631450 -289
32297861 5631451 -575
32297861 5631451 -525
32297861 5631451 -475
32297861 5631450 -425
32297860 5631750 -375
32297861 5631750 -375
32297860 5631750 -325
32297861 5631525 -275
32297861 5631750 -275
32297861 5631750 -233
32297609 5631750 -175
32297861 5631750 -375
32297861 5631750 -325
32297861 5631750 -275
32298162 5623650 -2725
32298162 5623950 -2725
32297890 5623650 -2575
32297877 5623950 -2525
32297933 5623650 -2125
32298162 5623691 -2075
32298162 5623650 -2084
32298092 5623950 -2025
32298162 5623906 -2025
32298162 5623950 -2014
32297936 5623650 -1875
32298162 5623650 -1916
32298162 5623906 -1875
32298162 5623950 -1867
32297927 5623950 -1825
32297950 5623650 -1825
32297963 5623650 -1775
32297941 5623950 -1775
32297955 5623950 -1725
32297931 5623650 -1075
32298112 5623650 -1025
32297938 5623950 -975
32298162 5623770 -975
32298162 5623650 -1010
32298145 5623950 -925
32298162 5623935 -925
32298162 5623950 -920
32298162 5624250 -2725
32297873 5624250 -2475
32298055 5624250 -1975
32298162 5624179 -1975
32298162 5624250 -1962
32298162 5624208 -1825
32298162 5624193 -1775
32298162 5624250 -1765
32297938 5624250 -1725
32297952 5624250 -1675
32297898 5624250 -925
32298162 5624185 -875
32298111 5624250 -875
32298162 5624250 -862
32298162 5624550 -2725
32297877 5624550 -2425
32298162 5624550 -1930
32298162 5624488 -1725
32298162 5624550 -1714
32297941 5624550 -1675
32297955 5624550 -1625
32297969 5624550 -1575
32298027 5624550 -875
32298162 5624550 -841
32298162 5624850 -2725
32297890 5624850 -2375
32298162 5624682 -1925
32298023 5624850 -1925
32298162 5624850 -1917
32298162 5624778 -1675
32298162 5624763 -1625
32298162 5624850 -1609
32297966 5624850 -1575
32297980 5624850 -1525
32298087 5624850 -875
32298162 5624850 -860
32298160 5625150 -2725
32298162 5625150 -2725
32298162 5625150 -2402
32298162 5625132 -2375
32297911 5625150 -2325
32298162 5625150 -2371
32297943 5625150 -2275
32297951 5625150 -1925
32298162 5625150 -1921
32298162 5625047 -1575
32298162 5625150 -1556
32297982 5625150 -1525
32297997 5625150 -1475
32298012 5625150 -1425
32297867 5625150 -925
32298162 5625150 -899
32298162 5624959 -875
32298162 5625151 -2725
32298162 5625450 -2675
32298162 5625450 -2400
32298162 5625400 -2325
32298162 5625382 -2275
32297973 5625450 -2225
32298162 5625450 -2262
32298006 5625450 -2175
32298162 5625450 -1934
32298162 5625233 -1925
32298162 5625325 -1525
32298162 5625311 -1475
32298162 5625450 -1449
32298020 5625450 -1425
32298035 5625450 -1375
32298050 5625450 -1325
32298162 5625450 -948
32298162 5625307 -925
32298162 5625750 -2675
32298162 5625750 -2401
32298162 5625632 -2225
32298162 5625750 -2202
32298009 5625750 -2175
32298044 5625750 -2125
32298078 5625750 -2075
32298162 5625750 -1952
32298162 5625585 -1425
32298162 5625570 -1375
32298162 5625750 -1342
32298064 5625750 -1325
32298080 5625750 -1275
32298096 5625750 -1225
32298162 5625750 -1013
32298162 5625571 -975
32298161 5626050 -2675
32298162 5626050 -2675
32297861 5626050 -2375
32298162 5626050 -2398
32298162 5625895 -2175
32298162 5625862 -2125
32298162 5626050 -2088
32298086 5626050 -2075
32298120 5626050 -2025
32298156 5626050 -1975
32298162 5626050 -1967
32298162 5625841 -1325
32298162 5625826 -1275
32298162 5626050 -1233
32298115 5626050 -1225
32298131 5626050 -1175
32298148 5626050 -1125
32298162 5626050 -1084
32298162 5626008 -1075
32298162 5625796 -1025
32298162 5626051 -2675
32298162 5626350 -2625
32298036 5626350 -2375
32298162 5626350 -2388
32298162 5626122 -2075
32298162 5626089 -2025
32298162 5626055 -1975
32298162 5626094 -1225
32298162 5626078 -1175
32298162 5626062 -1125
32298161 5626650 -2625
32298162 5626650 -2625
32298162 5626539 -2375
32297866 5626650 -2325
32298162 5626650 -2367
32298162 5626651 -2625
32298161 5626950 -2575
32298162 5626950 -2575
32298128 5626950 -2325
32298162 5626950 -2331
32298162 5626951 -2575
32298161 5627250 -2525
32298162 5627250 -2525
32298162 5626985 -2325
32298144 5627250 -2275
32298162 5627250 -2278
32297923 5627250 -2225
32298162 5627251 -2525
32298160 5627550 -2475
32298162 5627550 -2475
32298162 5627267 -2275
32298162 5627483 -2225
32298036 5627550 -2175
32298162 5627550 -2209
32298162 5627551 -2475
32298160 5627850 -2425
32298162 5627850 -2425
32298162 5627669 -2175
32298162 5627840 -2125
32298018 5627850 -2075
32298162 5627850 -2122
32297870 5627850 -2025
32298162 5627851 -2425
32298160 5628150 -2375
32298162 5628150 -2375
32298160 5628150 -2325
32298162 5627985 -2075
32298162 5628125 -2025
32298054 5628150 -1975
32298162 5628150 -2016
32297927 5628150 -1925
32298162 5628152 -2375
32298162 5628151 -2325
32298160 5628450 -2275
32298162 5628450 -2275
32298162 5628252 -1975
32298162 5628374 -1925
32298120 5628450 -1875
32298162 5628450 -1892
32298007 5628450 -1825
32297897 5628450 -1775
32298162 5628452 -2275
32298162 5628451 -2225
32298160 5628750 -2175
32298162 5628750 -2175
32298162 5628490 -1875
32298162 5628600 -1825
32298162 5628707 -1775
32298100 5628750 -1725
32298162 5628750 -1754
32297996 5628750 -1675
32297895 5628750 -1625
32298162 5628752 -2175
32298162 5628752 -2125
32298160 5629050 -2075
32298162 5629050 -2075
32298159 5629050 -2025
32298162 5628810 -1725
32298162 5628912 -1675
32298162 5629011 -1625
32298101 5629050 -1575
32298162 5629050 -1605
32298002 5629050 -1525
32297903 5629050 -1475
32298162 5629052 -2075
32298162 5629052 -2025
32298159 5629350 -1975
32298162 5629350 -1975
32298160 5629350 -1925
32298162 5629109 -1575
32298162 5629206 -1525
32298162 5629301 -1475
32298114 5629350 -1425
32298162 5629350 -1449
32298016 5629350 -1375
32297917 5629350 -1325
32298162 5629352 -1975
32298162 5629352 -1925
32298162 5629352 -1875
32298159 5629650 -1825
32298162 5629650 -1825
32298160 5629650 -1775
32298162 5629395 -1425
32298162 5629485 -1375
32298162 5629576 -1325
32298145 5629650 -1275
32298162 5629650 -1284
32298051 5629650 -1225
32297958 5629650 -1175
32297864 5629650 -1125
32298162 5629652 -1825
32298162 5629652 -1775
32298162 5629652 -1725
32298159 5629950 -1675
32298162 5629950 -1675
32298159 5629950 -1625
32298162 5629665 -1275
32298162 5629746 -1225
32298162 5629826 -1175
32298162 5629907 -1125
32298124 5629950 -1075
32298162 5629950 -1098
32298044 5629950 -1025
32297967 5629950 -975
32297892 5629950 -925
32298162 5629952 -1675
32298162 5629952 -1625
32298162 5629952 -1575
32298159 5630250 -1525
32298162 5630250 -1525
32298159 5630250 -1475
32298160 5630250 -1425
32298162 5629983 -1075
32298162 5630054 -1025
32298162 5630124 -975
32298162 5630194 -925
32298147 5630250 -875
32298162 5630250 -885
32298073 5630250 -825
32297998 5630250 -775
32297920 5630250 -725
32298162 5630253 -1525
32298162 5630252 -1475
32298162 5630252 -1425
32298162 5630252 -1375
32298159 5630550 -1325
32298162 5630550 -1325
32298159 5630550 -1275
32298159 5630550 -1225
32298162 5630264 -875
32298162 5630332 -825
32298162 5630401 -775
32298162 5630474 -725
32298162 5630550 -675
32298162 5630550 -675
32298059 5630550 -625
32297951 5630550 -575
32298162 5630553 -1325
32298162 5630552 -1275
32298162 5630552 -1225
32298162 5630627 -1175
32298159 5630850 -1125
32298162 5630850 -1140
32298159 5630850 -1075
32298159 5630850 -1025
32298162 5630550 -675
32298162 5630648 -625
32298162 5630752 -575
32298150 5630850 -525
32298162 5630850 -529
32298002 5630850 -475
32298162 5630853 -1125
32298162 5630852 -1075
32298162 5630852 -1025
32298160 5631150 -975
32298162 5631150 -975
32298159 5631150 -925
32298159 5631150 -875
32298160 5631150 -825
32298162 5630860 -525
32298162 5630990 -475
32298162 5631118 -425
32297988 5631150 -375
32298162 5631150 -412
32298162 5631152 -975
32298162 5631152 -925
32298162 5631152 -875
32298162 5631152 -825
32298162 5631152 -775
32298160 5631450 -725
32298162 5631450 -725
32298160 5631450 -675
32298160 5631450 -625
32298162 5631282 -375
32298143 5631450 -325
32298162 5631450 -327
32298162 5631452 -725
32298162 5631452 -675
32298162 5631451 -625
32298162 5631451 -575
32298161 5631750 -525
32298162 5631750 -525
32298161 5631750 -475
32298161 5631750 -425
32298162 5631462 -325
32298162 5631714 -275
32298162 5631750 -268
32298162 5631751 -525
32298162 5631751 -475
32298162 5631750 -425
32298162 5631750 -375
32298161 5632050 -325
32298162 5632050 -325
32298162 5632050 -275
32298162 5631968 -225
32298162 5632050 -225
32298162 5632050 -209
32298162 5632050 -325
32298162 5632050 -275
32298162 5632050 -225
32298463 5623650 -2725
32298463 5623950 -2725
32298215 5623650 -2075
32298463 5623673 -2025
32298463 5623650 -2029
32298432 5623950 -1975
32298193 5623650 -1975
32298463 5623650 -2024
32298207 5623650 -1925
32298187 5623950 -1925
32298201 5623950 -1875
32298386 5623650 -975
32298463 5623810 -925
32298463 5623650 -963
32298463 5623950 -891
32298463 5624250 -2725
32298463 5624248 -1925
32298463 5624250 -1928
32298463 5624250 -1924
32298187 5624250 -1875
32298201 5624250 -1825
32298215 5624250 -1775
32298463 5624041 -875
32298463 5624250 -835
32298463 5624550 -2725
32298463 5624295 -1925
32298231 5624550 -1925
32298463 5624550 -1905
32298463 5624541 -1875
32298463 5624526 -1825
32298463 5624550 -1820
32298206 5624550 -1775
32298220 5624550 -1725
32298463 5624343 -825
32298286 5624550 -825
32298463 5624550 -800
32298463 5624850 -2725
32298463 5624850 -1900
32298463 5624813 -1775
32298463 5624850 -1768
32298218 5624850 -1725
32298232 5624850 -1675
32298247 5624850 -1625
32298389 5624850 -825
32298463 5624850 -812
32298463 5625150 -2725
32298180 5625150 -2375
32298463 5625150 -1910
32298463 5625095 -1725
32298463 5625080 -1675
32298463 5625150 -1662
32298251 5625150 -1625
32298265 5625150 -1575
32298383 5625150 -875
32298463 5625150 -865
32298463 5624915 -825
32298461 5625450 -2725
32298463 5625450 -2725
32298463 5625450 -2401
32298463 5625433 -2375
32298212 5625450 -2325
32298463 5625450 -2371
32298231 5625450 -2275
32298463 5625450 -1931
32298463 5625348 -1925
32298463 5625358 -1625
32298463 5625450 -1608
32298274 5625450 -1575
32298289 5625450 -1525
32298304 5625450 -1475
32298463 5625450 -932
32298463 5625412 -925
32298463 5625188 -875
32298463 5625451 -2725
32298463 5625750 -2675
32298463 5625750 -2408
32298463 5625694 -2325
32298463 5625750 -2314
32298249 5625750 -2275
32298283 5625750 -2225
32298463 5625750 -1956
32298463 5625632 -1575
32298463 5625617 -1525
32298463 5625750 -1500
32298318 5625750 -1475
32298334 5625750 -1425
32298349 5625750 -1375
32298463 5625750 -1002
32298463 5625627 -975
32298463 5626050 -2675
32298463 5626050 -2413
32298463 5625955 -2275
32298463 5625922 -2225
32298324 5626050 -2175
32298463 5626050 -2200
32298359 5626050 -2125
32298398 5626050 -1975
32298463 5626050 -1977
32298463 5626017 -1975
32298463 5625889 -1475
32298463 5625873 -1425
32298463 5626050 -1392
32298367 5626050 -1375
32298381 5626050 -1325
32298397 5626050 -1275
32298345 5626050 -1075
32298463 5626050 -1068
32298463 5625847 -1025
32298462 5626350 -2675
32298463 5626350 -2675
32298463 5626350 -2411
32298463 5626183 -2175
32298463 5626149 -2125
32298399 5626350 -2075
32298463 5626350 -2086
32298436 5626350 -2025
32298463 5626350 -1988
32298463 5626143 -1375
32298463 5626129 -1325
32298463 5626113 -1275
32298427 5626350 -1225
32298463 5626350 -1231
32298444 5626350 -1175
32298461 5626350 -1125
32298463 5626350 -1116
32298463 5626086 -1075
32298463 5626351 -2675
32298463 5626650 -2625
32298238 5626650 -2375
32298463 5626650 -2398
32298463 5626411 -2075
32298463 5626376 -2025
32298463 5626385 -1225
32298463 5626369 -1175
32298463 5626482 -1125
32298462 5626950 -2625
32298463 5626950 -2625
32298463 5626924 -2375
32298463 5626950 -2372
32298463 5626951 -2625
32298462 5627250 -2575
32298463 5627250 -2575
32298419 5627250 -2325
32298463 5627250 -2332
32298463 5627251 -2575
32298462 5627550 -2525
32298463 5627550 -2525
32298463 5627293 -2325
32298451 5627550 -2275
32298463 5627550 -2277
32298230 5627550 -2225
32298463 5627551 -2525
32298462 5627850 -2475
32298463 5627850 -2475
32298463 5627561 -2275
32298463 5627771 -2225
32298350 5627850 -2175
32298463 5627850 -2206
32298173 5627850 -2125
32298463 5627851 -2475
32298461 5628150 -2425
32298463 5628150 -2425
32298463 5627957 -2175
32298463 5628126 -2125
32298334 5628150 -2075
32298463 5628150 -2118
32298187 5628150 -2025
32298463 5628151 -2425
32298463 5628151 -2375
32298461 5628450 -2325
32298463 5628450 -2325
32298463 5628274 -2075
32298463 5628416 -2025
32298365 5628450 -1975
32298463 5628450 -2012
32298240 5628450 -1925
32298463 5628451 -2325
32298461 5628750 -2275
32298463 5628750 -2275
32298461 5628750 -2225
32298463 5628545 -1975
32298463 5628669 -1925
32298425 5628750 -1875
32298463 5628750 -1891
32298313 5628750 -1825
32298205 5628750 -1775
32298463 5628752 -2275
32298463 5628751 -2225
32298461 5629050 -2175
32298463 5629050 -2175
32298461 5629050 -2125
32298463 5628787 -1875
32298463 5628900 -1825
32298463 5629009 -1775
32298399 5629050 -1725
32298463 5629050 -1756
32298298 5629050 -1675
32298200 5629050 -1625
32298463 5629052 -2175
32298463 5629052 -2125
32298463 5629133 -2075
32298461 5629350 -2025
32298463 5629350 -2041
32298463 5629115 -1725
32298463 5629218 -1675
32298463 5629319 -1625
32298396 5629350 -1575
32298463 5629350 -1609
32298302 5629350 -1525
32298209 5629350 -1475
32298463 5629352 -2025
32298463 5629351 -1975
32298461 5629650 -1925
32298463 5629650 -1925
32298461 5629650 -1875
32298463 5629417 -1575
32298463 5629514 -1525
32298463 5629609 -1475
32298411 5629650 -1425
32298463 5629650 -1454
32298321 5629650 -1375
32298233 5629650 -1325
32298463 5629652 -1925
32298463 5629652 -1875
32298463 5629651 -1825
32298461 5629950 -1775
32298463 5629950 -1775
32298461 5629950 -1725
32298463 5629701 -1425
32298463 5629790 -1375
32298463 5629879 -1325
32298447 5629950 -1275
32298463 5629950 -1284
32298365 5629950 -1225
32298284 5629950 -1175
32298204 5629950 -1125
32298463 5629952 -1775
32298463 5629952 -1725
32298463 5629952 -1675
32298461 5630250 -1625
32298463 5630250 -1625
32298461 5630250 -1575
32298463 5629965 -1275
32298463 5630044 -1225
32298463 5630123 -1175
32298463 5630202 -1125
32298434 5630250 -1075
32298463 5630250 -1094
32298361 5630250 -1025
32298290 5630250 -975
32298218 5630250 -925
32298463 5630252 -1625
32298463 5630252 -1575
32298463 5630252 -1525
32298460 5630550 -1475
32298463 5630550 -1475
32298461 5630550 -1425
32298461 5630550 -1375
32298463 5630277 -1075
32298463 5630348 -1025
32298463 5630418 -975
32298463 5630490 -925
32298451 5630550 -875
32298463 5630550 -883
32298381 5630550 -825
32298310 5630550 -775
32298238 5630550 -725
32298463 5630552 -1475
32298463 5630552 -1425
32298463 5630552 -1375
32298463 5630552 -1325
32298460 5630850 -1275
32298463 5630850 -1275
32298461 5630850 -1225
32298383 5630850 -1175
32298463 5630561 -875
32298463 5630628 -825
32298463 5630697 -775
32298463 5630766 -725
32298463 5630839 -675
32298376 5630850 -625
32298463 5630850 -667
32298267 5630850 -575
32298463 5630853 -1275
32298463 5630852 -1225
32298463 5630852 -1175
32298463 5630852 -1125
32298460 5631150 -1075
32298463 5631150 -1075
32298461 5631150 -1025
32298463 5630925 -625
32298463 5631015 -575
32298463 5631106 -525
32298378 5631150 -475
32298463 5631150 -501
32298206 5631150 -425
32298463 5631153 -1075
32298463 5631152 -1025
32298463 5631152 -975
32298463 5631152 -925
32298461 5631450 -875
32298463 5631450 -875
32298461 5631450 -825
32298461 5631450 -775
32298463 5631212 -475
32298463 5631330 -425
32298463 5631446 -375
32298463 5631450 -373
32298463 5631452 -875
32298463 5631452 -825
32298463 5631452 -775
32298463 5631451 -725
32298461 5631750 -675
32298463 5631750 -675
32298461 5631750 -625
32298462 5631750 -575
32298463 5631625 -325
32298256 5631750 -275
32298463 5631750 -291
32298463 5631752 -675
32298463 5631751 -625
32298463 5631751 -575
32298463 5631751 -525
32298462 5632050 -475
32298463 5632050 -475
32298462 5632050 -425
32298463 5632050 -375
32298463 5631836 -275
32298347 5632050 -225
32298463 5632050 -235
32298463 5632051 -475
32298463 5632051 -425
32298463 5632050 -375
32298463 5632050 -325
32298463 5632050 -275
32298463 5632095 -225
32298463 5632350 -225
32298463 5632350 -225
32298463 5632317 -175
32298463 5632350 -175
32298463 5632350 -167
32298463 5632350 -225
32298463 5632350 -175
32298765 5623650 -2725
32298765 5623950 -2725
32298465 5623650 -2025
32298765 5623756 -925
32298765 5623650 -944
32298765 5623950 -890
32298765 5624250 -2725
32298464 5624250 -1925
32298765 5624046 -875
32298765 5624250 -841
32298765 5624550 -2725
32298472 5624550 -1875
32298486 5624550 -1825
32298765 5624387 -825
32298765 5624550 -803
32298765 5624850 -2725
32298765 5624850 -1885
32298765 5624846 -1875
32298765 5624850 -1874
32298485 5624850 -1825
32298500 5624850 -1775
32298765 5624850 -799
32298765 5625150 -2725
32298765 5625150 -1901
32298765 5625127 -1825
32298765 5625150 -1820
32298504 5625150 -1775
32298519 5625150 -1725
32298533 5625150 -1675
32298765 5625150 -842
32298765 5625024 -825
32298765 5625450 -2725
32298480 5625450 -2375
32298765 5625450 -1926
32298765 5625431 -1925
32298765 5625404 -1775
32298765 5625389 -1725
32298765 5625450 -1714
32298543 5625450 -1675
32298558 5625450 -1625
32298583 5625450 -925
32298765 5625450 -912
32298765 5625283 -875
32298763 5625750 -2725
32298765 5625750 -2725
32298486 5625750 -2375
32298520 5625750 -2325
32298765 5625750 -1954
32298765 5625664 -1675
32298765 5625649 -1625
32298586 5625750 -1575
32298765 5625750 -1606
32298601 5625750 -1525
32298765 5625750 -984
32298765 5625709 -975
32298765 5625499 -925
32298765 5625751 -2725
32298765 5626050 -2675
32298765 5626050 -2421
32298765 5626018 -2375
32298765 5625985 -2325
32298561 5626050 -2275
32298765 5626050 -2312
32298596 5626050 -2225
32298765 5626050 -1979
32298765 5625990 -1975
32298765 5625922 -1575
32298765 5625907 -1525
32298631 5626050 -1475
32298765 5626050 -1498
32298647 5626050 -1425
32298765 5626050 -1045
32298765 5625949 -1025
32298765 5626350 -2675
32298757 5626350 -2425
32298765 5626350 -2425
32298765 5626320 -2425
32298765 5626245 -2275
32298765 5626211 -2225
32298637 5626350 -2175
32298765 5626350 -2198
32298673 5626350 -2125
32298765 5626350 -1996
32298765 5626180 -1475
32298765 5626164 -1425
32298674 5626350 -1375
32298765 5626350 -1391
32298690 5626350 -1325
32298706 5626350 -1275
32298765 5626350 -1087
32298765 5626258 -1075
32298763 5626650 -2675
32298765 5626650 -2675
32298765 5626370 -2425
32298765 5626650 -2420
32298765 5626473 -2175
32298765 5626438 -2125
32298710 5626650 -2075
32298765 5626650 -2084
32298747 5626650 -2025
32298765 5626650 -2000
32298765 5626439 -1375
32298765 5626423 -1325
32298765 5626650 -1284
32298712 5626650 -1275
32298728 5626650 -1225
32298744 5626650 -1175
32298588 5626650 -1125
32298765 5626650 -1108
32298765 5626651 -2675
32298765 5626950 -2625
32298485 5626950 -2375
32298765 5626950 -2403
32298765 5626703 -2075
32298765 5626667 -2025
32298765 5626702 -1275
32298765 5626686 -1225
32298765 5626670 -1175
32298765 5626950 -1125
32298760 5626950 -1125
32298765 5626950 -1109
32298765 5626968 -2625
32298765 5627250 -2577
32298765 5627243 -2375
32298765 5627250 -2374
32298765 5626955 -1125
32298763 5627550 -2575
32298765 5627550 -2575
32298728 5627550 -2325
32298765 5627550 -2331
32298765 5627551 -2575
32298763 5627850 -2525
32298765 5627850 -2525
32298765 5627584 -2325
32298765 5627846 -2275
32298546 5627850 -2225
32298765 5627850 -2274
32298765 5627851 -2525
32298763 5628150 -2475
32298765 5628150 -2475
32298765 5628054 -2225
32298667 5628150 -2175
32298765 5628150 -2201
32298488 5628150 -2125
32298765 5628151 -2475
32298765 5628151 -2425
32298763 5628450 -2375
32298765 5628450 -2375
32298765 5628242 -2175
32298765 5628412 -2125
32298647 5628450 -2075
32298765 5628450 -2113
32298498 5628450 -2025
32298765 5628451 -2375
32298763 5628750 -2325
32298765 5628750 -2325
32298765 5628563 -2075
32298765 5628706 -2025
32298674 5628750 -1975
32298765 5628750 -2009
32298546 5628750 -1925
32298765 5628751 -2325
32298765 5628751 -2275
32298763 5629050 -2225
32298765 5629050 -2225
32298765 5628838 -1975
32298765 5628964 -1925
32298729 5629050 -1875
32298765 5629050 -1890
32298615 5629050 -1825
32298504 5629050 -1775
32298765 5629051 -2225
32298765 5629051 -2175
32298762 5629350 -2125
32298765 5629350 -2125
32298680 5629350 -2075
32298765 5629084 -1875
32298765 5629198 -1825
32298765 5629310 -1775
32298697 5629350 -1725
32298765 5629350 -1757
32298594 5629350 -1675
32298493 5629350 -1625
32298765 5629352 -2125
32298765 5629351 -2075
32298762 5629650 -2025
32298765 5629650 -2025
32298763 5629650 -1975
32298765 5629417 -1725
32298765 5629521 -1675
32298765 5629623 -1625
32298692 5629650 -1575
32298765 5629650 -1612
32298596 5629650 -1525
32298502 5629650 -1475
32298765 5629652 -2025
32298765 5629652 -1975
32298765 5629651 -1925
32298762 5629950 -1875
32298765 5629950 -1875
32298763 5629950 -1825
32298765 5629720 -1575
32298765 5629815 -1525
32298765 5629910 -1475
32298712 5629950 -1425
32298765 5629950 -1453
32298622 5629950 -1375
32298533 5629950 -1325
32298765 5629952 -1875
32298765 5629952 -1825
32298765 5629951 -1775
32298762 5630250 -1725
32298765 5630250 -1725
32298762 5630250 -1675
32298765 5629999 -1425
32298765 5630084 -1375
32298765 5630170 -1325
32298759 5630250 -1275
32298765 5630250 -1278
32298676 5630250 -1225
32298593 5630250 -1175
32298512 5630250 -1125
32298765 5630252 -1725
32298765 5630252 -1675
32298765 5630251 -1625
32298762 5630550 -1575
32298765 5630550 -1575
32298762 5630550 -1525
32298765 5630254 -1275
32298765 5630329 -1225
32298765 5630404 -1175
32298765 5630479 -1125
32298760 5630550 -1075
32298765 5630550 -1078
32298681 5630550 -1025
32298604 5630550 -975
32298527 5630550 -925
32298765 5630552 -1575
32298765 5630552 -1525
32298765 5630552 -1475
32298762 5630850 -1425
32298765 5630850 -1425
32298762 5630850 -1375
32298762 5630850 -1325
32298765 5630554 -1075
32298765 5630620 -1025
32298765 5630685 -975
32298765 5630750 -925
32298765 5630815 -875
32298727 5630850 -825
32298765 5630850 -848
32298645 5630850 -775
32298562 5630850 -725
32298476 5630850 -675
32298765 5630852 -1425
32298765 5630852 -1375
32298765 5630852 -1325
32298765 5630852 -1275
32298762 5631150 -1225
32298765 5631150 -1225
32298762 5631150 -1175
32298762 5631150 -1125
32298765 5630881 -825
32298765 5630949 -775
32298765 5631018 -725
32298765 5631087 -675
32298754 5631150 -625
32298765 5631150 -630
32298643 5631150 -575
32298524 5631150 -525
32298765 5631152 -1225
32298765 5631152 -1175
32298765 5631152 -1125
32298765 5631152 -1075
32298762 5631450 -1025
32298765 5631450 -1025
32298762 5631450 -975
32298762 5631450 -925
32298765 5631159 -625
32298765 5631248 -575
32298765 5631337 -525
32298765 5631423 -475
32298652 5631450 -425
32298765 5631450 -459
32298469 5631450 -375
32298765 5631452 -1025
32298765 5631452 -975
32298765 5631452 -925
32298765 5631452 -875
32298762 5631750 -825
32298765 5631750 -825
32298762 5631750 -775
32298763 5631750 -725
32298765 5631534 -425
32298765 5631659 -375
32298680 5631750 -325
32298765 5631750 -339
32298765 5631752 -825
32298765 5631752 -775
32298765 5631751 -725
32298765 5631751 -675
32298765 5631751 -625
32298763 5632050 -575
32298765 5632050 -575
32298763 5632050 -525
32298765 5631805 -325
32298765 5632007 -275
32298765 5632050 -265
32298765 5632051 -575
32298765 5632051 -525
32298765 5632051 -475
32298765 5632050 -425
32298764 5632350 -375
32298765 5632350 -375
32298764 5632350 -325
32298764 5632350 -275
32298765 5632238 -225
32298527 5632350 -175
32298765 5632350 -202
32298765 5632350 -375
32298765 5632350 -325
32298765 5632350 -275
32298765 5632350 -225
32299066 5623650 -2725
32299066 5623950 -2725
32299066 5623764 -925
32299066 5623650 -939
32299066 5623950 -902
32299066 5624250 -2725
32299066 5624176 -875
32299066 5624250 -865
32299066 5624550 -2725
32298969 5624550 -825
32299066 5624550 -834
32299066 5624850 -2725
32298768 5624850 -1875
32299066 5624790 -825
32299066 5624850 -822
32299066 5625150 -2725
32298772 5625150 -1875
32298787 5625150 -1825
32299066 5625150 -845
32299066 5624882 -825
32299066 5625450 -2725
32298919 5625450 -1925
32299066 5625450 -1923
32299066 5625435 -1875
32299066 5625431 -1825
32298811 5625450 -1775
32299066 5625450 -1821
32298827 5625450 -1725
32299066 5625450 -901
32299066 5625305 -875
32299066 5625750 -2725
32299066 5625750 -1953
32299066 5625464 -1925
32299066 5625695 -1775
32299066 5625750 -1765
32298838 5625750 -1725
32298854 5625750 -1675
32298869 5625750 -1625
32298935 5625750 -975
32299066 5625750 -967
32299066 5625553 -925
32299064 5626050 -2725
32299066 5626050 -2725
32299021 5626050 -2425
32299066 5626050 -2425
32299066 5626049 -2425
32298797 5626050 -2375
32299066 5626050 -2424
32298832 5626050 -2325
32299066 5626050 -1980
32299066 5625989 -1975
32299066 5625969 -1725
32299066 5625954 -1675
32299066 5626050 -1657
32298881 5626050 -1625
32298897 5626050 -1575
32298913 5626050 -1525
32299066 5626050 -1025
32299066 5626049 -1025
32299066 5625786 -975
32299066 5626051 -2725
32299066 5626350 -2675
32299066 5626350 -2434
32299066 5626309 -2375
32299066 5626275 -2325
32298873 5626350 -2275
32299066 5626350 -2310
32298909 5626350 -2225
32299066 5626350 -2000
32299066 5626229 -1625
32299066 5626213 -1575
32299066 5626350 -1550
32298923 5626350 -1525
32298939 5626350 -1475
32298955 5626350 -1425
32298929 5626350 -1075
32299066 5626350 -1063
32299066 5626650 -2675
32298867 5626650 -2425
32299066 5626650 -2434
32299066 5626536 -2275
32299066 5626502 -2225
32298947 5626650 -2175
32299066 5626650 -2196
32298983 5626650 -2125
32299066 5626650 -2009
32299066 5626490 -1525
32299066 5626474 -1475
32299066 5626459 -1425
32298977 5626650 -1375
32299066 5626650 -1390
32298993 5626650 -1325
32299066 5626650 -1083
32299066 5626517 -1075
32299064 5626950 -2675
32299066 5626950 -2675
32299060 5626950 -2425
32299066 5626950 -2425
32299066 5626766 -2175
32299066 5626730 -2125
32299016 5626950 -2075
32299066 5626950 -2083
32299053 5626950 -2025
32299066 5626950 -2007
32299066 5626738 -1375
32299066 5626723 -1325
32299010 5626950 -1275
32299066 5626950 -1284
32299026 5626950 -1225
32299041 5626950 -1175
32299066 5626950 -1090
32299066 5626951 -2675
32299047 5627250 -2625
32299066 5627250 -2625
32299066 5626956 -2425
32298771 5627250 -2375
32299066 5627250 -2405
32299066 5626999 -2075
32299066 5626962 -2025
32299066 5627006 -1275
32299066 5626990 -1225
32299066 5626975 -1175
32299055 5627250 -1125
32299066 5627250 -1126
32299066 5627250 -1089
32299066 5627251 -2625
32299066 5627550 -2575
32299066 5627529 -2375
32299066 5627550 -2372
32299066 5627260 -1125
32299064 5627850 -2575
32299066 5627850 -2575
32299051 5627850 -2325
32299066 5627850 -2327
32298768 5627850 -2275
32299066 5627851 -2575
32299064 5628150 -2525
32299066 5628150 -2525
32299066 5627863 -2325
32299066 5628117 -2275
32298868 5628150 -2225
32299066 5628150 -2268
32299066 5628151 -2525
32299066 5628152 -2475
32299064 5628450 -2425
32299066 5628450 -2425
32299066 5628327 -2225
32298991 5628450 -2175
32299066 5628450 -2194
32298806 5628450 -2125
32299066 5628451 -2425
32299064 5628750 -2375
32299066 5628750 -2375
32299066 5628517 -2175
32299066 5628685 -2125
32298968 5628750 -2075
32299066 5628750 -2105
32298812 5628750 -2025
32299066 5628751 -2375
32299066 5628755 -2325
32299064 5629050 -2275
32299066 5629050 -2276
32299066 5628839 -2075
32299066 5628982 -2025
32298993 5629050 -1975
32299066 5629050 -2000
32298857 5629050 -1925
32299066 5629051 -2275
32299064 5629350 -2225
32299066 5629350 -2225
32299064 5629350 -2175
32299066 5629116 -1975
32299066 5629242 -1925
32299049 5629350 -1875
32299066 5629350 -1881
32298927 5629350 -1825
32298807 5629350 -1775
32299066 5629352 -2225
32299066 5629351 -2175
32299066 5629363 -2125
32299064 5629650 -2075
32299066 5629650 -2078
32299066 5629364 -1875
32299066 5629478 -1825
32299066 5629590 -1775
32299014 5629650 -1725
32299066 5629650 -1747
32298902 5629650 -1675
32298793 5629650 -1625
32299066 5629651 -2075
32299066 5629651 -2025
32299064 5629950 -1975
32299066 5629950 -1975
32299064 5629950 -1925
32299066 5629696 -1725
32299066 5629798 -1675
32299066 5629899 -1625
32299014 5629950 -1575
32299066 5629950 -1599
32298910 5629950 -1525
32298807 5629950 -1475
32299066 5629952 -1975
32299066 5629951 -1925
32299066 5629951 -1875
32299064 5630250 -1825
32299066 5630250 -1825
32299064 5630250 -1775
32299066 5629995 -1575
32299066 5630086 -1525
32299066 5630177 -1475
32299046 5630250 -1425
32299066 5630250 -1435
32298950 5630250 -1375
32298854 5630250 -1325
32299066 5630252 -1825
32299066 5630251 -1775
32299066 5630251 -1725
32299064 5630550 -1675
32299066 5630550 -1675
32299064 5630550 -1625
32299066 5630266 -1425
32299066 5630347 -1375
32299066 5630427 -1325
32299066 5630507 -1275
32299024 5630550 -1225
32299066 5630550 -1248
32298936 5630550 -1175
32298848 5630550 -1125
32299066 5630552 -1675
32299066 5630551 -1625
32299066 5630551 -1575
32299063 5630850 -1525
32299066 5630850 -1525
32299064 5630850 -1475
32299066 5630584 -1225
32299066 5630655 -1175
32299066 5630725 -1125
32299066 5630794 -1075
32299051 5630850 -1025
32299066 5630850 -1034
32298971 5630850 -975
32298891 5630850 -925
32298809 5630850 -875
32299066 5630852 -1525
32299066 5630852 -1475
32299066 5630851 -1425
32299066 5630853 -1375
32299063 5631150 -1325
32299066 5631150 -1325
32299064 5631150 -1275
32299066 5630863 -1025
32299066 5630932 -975
32299066 5631001 -925
32299066 5631071 -875
32299066 5631141 -825
32298997 5631150 -775
32299066 5631150 -818
32298918 5631150 -725
32298838 5631150 -675
32299066 5631152 -1325
32299066 5631152 -1275
32299066 5631151 -1225
32299063 5631450 -1175
32299066 5631450 -1175
32299063 5631450 -1125
32299064 5631450 -1075
32299066 5631220 -775
32299066 5631300 -725
32299066 5631379 -675
32299057 5631450 -625
32299066 5631450 -630
32298971 5631450 -575
32298883 5631450 -525
32298793 5631450 -475
32299066 5631452 -1175
32299066 5631452 -1125
32299066 5631452 -1075
32299066 5631451 -1025
32299066 5631451 -975
32299063 5631750 -925
32299066 5631750 -925
32299064 5631750 -875
32299066 5631459 -625
32299066 5631545 -575
32299066 5631631 -525
32299066 5631717 -475
32298990 5631750 -425
32299066 5631750 -455
32298862 5631750 -375
32299066 5631752 -925
32299066 5631752 -875
32299066 5631751 -825
32299066 5631751 -775
32299064 5632050 -725
32299066 5632050 -725
32299064 5632050 -675
32299064 5632050 -625
32299066 5631821 -425
32299066 5631940 -375
32299041 5632050 -325
32299066 5632050 -331
32298813 5632050 -275
32299066 5632051 -725
32299066 5632051 -675
32299066 5632051 -625
32299066 5632051 -575
32299066 5632050 -525
32299065 5632350 -475
32299066 5632350 -475
32299065 5632350 -425
32299066 5632069 -325
32299066 5632242 -275
32298925 5632350 -225
32299066 5632350 -246
32299066 5632351 -475
32299066 5632350 -425
32299066 5632350 -375
32299066 5632350 -325
32299066 5632350 -275
32299066 5632423 -225
32299066 5632650 -225
32299065 5632650 -225
32299066 5632605 -175
32299066 5632650 -175
32299066 5632650 -163
32299066 5632650 -225
32299066 5632650 -175
32299367 5623650 -2725
32299367 5623950 -2725
32299367 5623874 -925
32299367 5623650 -937
32299367 5623950 -920
32299367 5624250 -2725
32299141 5624250 -875
32299367 5624250 -900
32299367 5624550 -2725
32299333 5624550 -875
32299367 5624550 -879
32299367 5624850 -2725
32299367 5624695 -875
32299080 5624850 -825
32299367 5624850 -869
32299367 5625150 -2725
32299309 5625150 -875
32299367 5625150 -881
32299367 5624986 -875
32299367 5625450 -2725
32299081 5625450 -1875
32299085 5625450 -1825
32299367 5625450 -918
32299367 5625750 -2725
32299367 5625750 -1956
32299367 5625740 -1925
32299367 5625724 -1875
32299367 5625750 -1870
32299107 5625750 -1825
32299123 5625750 -1775
32299367 5625750 -968
32299367 5625489 -925
32299367 5626050 -2725
32299066 5626050 -2425
32299367 5626050 -1983
32299367 5625956 -1975
32299367 5625999 -1825
32299367 5625984 -1775
32299150 5626050 -1725
32299367 5626050 -1763
32299166 5626050 -1675
32299067 5626050 -1025
32299367 5626050 -1017
32299367 5625787 -975
32299365 5626350 -2725
32299367 5626350 -2725
32299367 5626350 -2440
32299367 5626339 -2425
32299108 5626350 -2375
32299367 5626350 -2422
32299144 5626350 -2325
32299367 5626350 -2004
32299367 5626260 -1725
32299367 5626244 -1675
32299191 5626350 -1625
32299367 5626350 -1655
32299207 5626350 -1575
32299367 5626350 -1053
32299367 5626111 -1025
32299367 5626351 -2725
32299367 5626650 -2675
32299367 5626650 -2444
32299367 5626600 -2375
32299367 5626565 -2325
32299183 5626650 -2275
32299367 5626650 -2308
32299219 5626650 -2225
32299367 5626650 -2016
32299367 5626522 -1625
32299367 5626506 -1575
32299229 5626650 -1525
32299367 5626650 -1549
32299245 5626650 -1475
32299261 5626650 -1425
32299334 5626650 -1075
32299367 5626650 -1073
32299367 5626950 -2675
32299367 5626950 -2440
32299367 5626829 -2275
32299367 5626794 -2225
32299254 5626950 -2175
32299367 5626950 -2195
32299291 5626950 -2125
32299367 5626950 -2019
32299367 5626786 -1525
32299367 5626770 -1475
32299367 5626755 -1425
32299279 5626950 -1375
32299367 5626950 -1390
32299295 5626950 -1325
32299367 5626950 -1082
32299367 5626688 -1075
32299366 5627250 -2675
32299367 5627250 -2675
32299336 5627250 -2425
32299367 5627250 -2427
32299367 5627061 -2175
32299367 5627025 -2125
32299320 5627250 -2075
32299367 5627250 -2083
32299358 5627250 -2025
32299367 5627250 -2012
32299367 5627037 -1375
32299367 5627021 -1325
32299313 5627250 -1275
32299367 5627250 -1284
32299326 5627250 -1225
32299341 5627250 -1175
32299367 5627250 -1087
32299367 5627251 -2675
32299366 5627550 -2625
32299367 5627550 -2625
32299367 5627278 -2425
32299088 5627550 -2375
32299367 5627550 -2403
32299367 5627296 -2075
32299367 5627259 -2025
32299367 5627303 -1275
32299367 5627290 -1225
32299367 5627275 -1175
32299360 5627550 -1125
32299367 5627550 -1126
32299367 5627550 -1096
32299367 5627551 -2625
32299367 5627850 -2575
32299367 5627787 -2375
32299367 5627850 -2367
32299367 5627557 -1125
32299367 5627851 -2575
32299367 5628150 -2525
32299367 5628115 -2325
32299104 5628150 -2275
32299367 5628150 -2319
32299367 5628151 -2525
32299365 5628450 -2475
32299367 5628450 -2475
32299367 5628365 -2275
32299210 5628450 -2225
32299367 5628450 -2257
32299367 5628451 -2475
32299365 5628750 -2425
32299367 5628750 -2425
32299367 5628578 -2225
32299343 5628750 -2175
32299367 5628750 -2180
32299143 5628750 -2125
32299367 5628751 -2425
32299365 5629050 -2375
32299367 5629050 -2375
32299361 5629050 -2325
32299367 5628769 -2175
32299367 5628934 -2125
32299318 5629050 -2075
32299367 5629050 -2089
32299147 5629050 -2025
32299367 5629051 -2375
32299367 5629051 -2325
32299365 5629350 -2275
32299367 5629350 -2275
32299367 5629090 -2075
32299367 5629231 -2025
32299345 5629350 -1975
32299367 5629350 -1982
32299195 5629350 -1925
32299367 5629351 -2275
32299367 5629351 -2225
32299365 5629650 -2175
32299367 5629650 -2175
32299352 5629650 -2125
32299367 5629367 -1975
32299367 5629491 -1925
32299367 5629613 -1875
32299273 5629650 -1825
32299367 5629650 -1859
32299138 5629650 -1775
32299367 5629651 -2175
32299367 5629651 -2125
32299365 5629950 -2075
32299367 5629950 -2075
32299365 5629950 -2025
32299367 5629726 -1825
32299367 5629836 -1775
32299367 5629944 -1725
32299250 5629950 -1675
32299367 5629950 -1722
32299127 5629950 -1625
32299367 5629952 -2075
32299367 5629951 -2025
32299367 5629951 -1975
32299365 5630250 -1925
32299367 5630250 -1925
32299365 5630250 -1875
32299367 5630043 -1675
32299367 5630142 -1625
32299367 5630239 -1575
32299267 5630250 -1525
32299367 5630250 -1569
32299155 5630250 -1475
32299367 5630251 -1925
32299367 5630251 -1875
32299367 5630251 -1825
32299365 5630550 -1775
32299367 5630550 -1775
32299365 5630550 -1725
32299367 5630330 -1525
32299367 5630419 -1475
32299367 5630508 -1425
32299314 5630550 -1375
32299367 5630550 -1401
32299216 5630550 -1325
32299117 5630550 -1275
32299367 5630552 -1775
32299367 5630551 -1725
32299367 5630551 -1675
32299365 5630850 -1625
32299367 5630850 -1625
32299365 5630850 -1575
32299367 5630594 -1375
32299367 5630677 -1325
32299367 5630760 -1275
32299367 5630844 -1225
32299289 5630850 -1175
32299367 5630850 -1221
32299208 5630850 -1125
32299129 5630850 -1075
32299367 5630852 -1625
32299367 5630851 -1575
32299367 5630851 -1525
32299365 5631150 -1475
32299367 5631150 -1475
32299365 5631150 -1425
32299363 5631150 -1375
32299367 5630925 -1175
32299367 5631007 -1125
32299367 5631091 -1075
32299344 5631150 -1025
32299367 5631150 -1040
32299272 5631150 -975
32299203 5631150 -925
32299137 5631150 -875
32299073 5631150 -825
32299367 5631152 -1475
32299367 5631152 -1425
32299367 5631151 -1375
32299367 5631151 -1325
32299365 5631450 -1275
32299367 5631450 -1275
32299365 5631450 -1225
32299367 5631174 -1025
32299367 5631252 -975
32299367 5631329 -925
32299367 5631404 -875
32299339 5631450 -825
32299367 5631450 -843
32299267 5631450 -775
32299197 5631450 -725
32299127 5631450 -675
32299367 5631452 -1275
32299367 5631451 -1225
32299367 5631451 -1175
32299367 5631451 -1125
32299365 5631750 -1075
32299367 5631750 -1075
32299365 5631750 -1025
32299365 5631750 -975
32299367 5631478 -825
32299367 5631552 -775
32299367 5631624 -725
32299367 5631695 -675
32299350 5631750 -625
32299367 5631750 -635
32299266 5631750 -575
32299182 5631750 -525
32299098 5631750 -475
32299367 5631752 -1075
32299367 5631751 -1025
32299367 5631751 -975
32299367 5631751 -925
32299367 5631751 -875
32299365 5632050 -825
32299367 5632050 -825
32299365 5632050 -775
32299367 5631767 -625
32299367 5631851 -575
32299367 5631934 -525
32299367 5632017 -475
32299296 5632050 -425
32299367 5632050 -455
32299176 5632050 -375
32299367 5632051 -825
32299367 5632051 -775
32299367 5632051 -725
32299367 5632051 -675
32299365 5632350 -625
32299367 5632350 -625
32299366 5632350 -575
32299366 5632350 -525
32299367 5632116 -425
32299367 5632227 -375
32299367 5632343 -325
32299186 5632350 -275
32299367 5632350 -322
32299367 5632351 -625
32299367 5632351 -575
32299367 5632350 -525
32299367 5632350 -475
32299367 5632350 -425
32299366 5632650 -375
32299367 5632650 -375
32299366 5632650 -325
32299367 5632484 -275
32299367 5632650 -275
32299367 5632638 -225
32299130 5632650 -175
32299367 5632650 -221
32299367 5632650 -375
32299367 5632650 -325
32299367 5632650 -275
32299367 5632650 -225
32299668 5623650 -2725
32299668 5623950 -2725
32299489 5623950 -925
32299668 5623950 -930
32299668 5623650 -926
32299668 5624250 -2725
32299620 5624250 -925
32299668 5624250 -929
32299668 5624550 -2725
32299668 5624536 -925
32299668 5624550 -924
32299668 5624850 -2725
32299661 5624850 -925
32299668 5624850 -926
32299668 5624592 -925
32299394 5624850 -875
32299668 5625150 -2725
32299582 5625150 -925
32299668 5625150 -941
32299668 5625450 -2725
32299406 5625450 -925
32299668 5625450 -967
32299668 5625750 -2725
32299377 5625750 -1925
32299394 5625750 -1875
32299426 5625750 -975
32299668 5625750 -1000
32299668 5625517 -975
32299668 5626050 -2725
32299668 5626050 -1991
32299668 5625856 -1975
32299668 5626028 -1925
32299668 5626012 -1875
32299420 5626050 -1825
32299668 5626050 -1868
32299436 5626050 -1775
32299519 5626050 -1025
32299668 5626050 -1032
32299668 5625980 -1025
32299668 5626350 -2725
32299378 5626350 -2425
32299668 5626350 -2012
32299668 5626288 -1825
32299668 5626272 -1775
32299461 5626350 -1725
32299668 5626350 -1761
32299477 5626350 -1675
32299668 5626350 -1060
32299667 5626650 -2725
32299668 5626650 -2725
32299668 5626650 -2452
32299668 5626630 -2425
32299418 5626650 -2375
32299668 5626650 -2421
32299454 5626650 -2325
32299654 5626650 -2025
32299668 5626650 -2025
32299668 5626641 -2025
32299668 5626551 -1725
32299668 5626535 -1675
32299499 5626650 -1625
32299668 5626650 -1654
32299515 5626650 -1575
32299416 5626650 -1075
32299668 5626650 -1080
32299668 5626563 -1075
32299668 5626651 -2725
32299668 5626950 -2675
32299668 5626950 -2451
32299668 5626894 -2375
32299668 5626858 -2325
32299491 5626950 -2275
32299668 5626950 -2307
32299528 5626950 -2225
32299511 5626950 -2025
32299668 5626950 -2030
32299668 5626815 -1625
32299668 5626799 -1575
32299535 5626950 -1525
32299668 5626950 -1548
32299551 5626950 -1475
32299567 5626950 -1425
32299668 5626950 -1092
32299668 5627250 -2675
32299668 5627250 -2442
32299668 5627124 -2275
32299668 5627088 -2225
32299559 5627250 -2175
32299668 5627250 -2194
32299596 5627250 -2125
32299622 5627250 -2025
32299668 5627250 -2027
32299668 5627081 -1525
32299668 5627065 -1475
32299668 5627049 -1425
32299584 5627250 -1375
32299668 5627250 -1389
32299599 5627250 -1325
32299668 5627250 -1097
32299668 5627276 -2675
32299668 5627550 -2628
32299668 5627548 -2425
32299668 5627550 -2424
32299668 5627358 -2175
32299668 5627321 -2125
32299623 5627550 -2075
32299668 5627550 -2083
32299668 5627301 -2025
32299660 5627550 -2025
32299668 5627550 -2014
32299668 5627333 -1375
32299668 5627317 -1325
32299668 5627302 -1275
32299630 5627550 -1225
32299668 5627550 -1231
32299646 5627550 -1175
32299668 5627550 -1100
32299667 5627850 -2625
32299668 5627850 -2625
32299444 5627850 -2375
32299668 5627850 -2396
32299668 5627595 -2075
32299668 5627558 -2025
32299668 5627587 -1225
32299668 5627572 -1175
32299668 5627557 -1125
32299668 5627851 -2625
32299667 5628150 -2575
32299668 5628150 -2575
32299668 5628012 -2375
32299412 5628150 -2325
32299668 5628150 -2356
32299668 5628151 -2575
32299667 5628450 -2525
32299668 5628450 -2525
32299668 5628333 -2325
32299479 5628450 -2275
32299668 5628450 -2304
32299668 5628451 -2525
32299667 5628750 -2475
32299668 5628750 -2475
32299668 5628584 -2275
32299597 5628750 -2225
32299668 5628750 -2238
32299668 5628751 -2475
32299666 5629050 -2425
32299668 5629050 -2425
32299668 5628801 -2225
32299668 5628987 -2175
32299523 5629050 -2125
32299668 5629050 -2157
32299668 5629051 -2425
32299668 5629051 -2375
32299667 5629350 -2325
32299668 5629350 -2325
32299668 5629154 -2125
32299668 5629310 -2075
32299528 5629350 -2025
32299668 5629350 -2061
32299668 5629351 -2325
32299668 5629351 -2275
32299667 5629650 -2225
32299668 5629650 -2225
32299668 5629451 -2025
32299668 5629585 -1975
32299583 5629650 -1925
32299668 5629650 -1950
32299417 5629650 -1875
32299668 5629651 -2225
32299668 5629651 -2175
32299666 5629950 -2125
32299668 5629950 -2125
32299668 5629711 -1925
32299668 5629830 -1875
32299668 5629947 -1825
32299523 5629950 -1775
32299668 5629950 -1823
32299375 5629950 -1725
32299668 5629951 -2125
32299668 5629951 -2075
32299666 5630250 -2025
32299668 5630250 -2025
32299667 5630250 -1975
32299668 5630055 -1775
32299668 5630161 -1725
32299647 5630250 -1675
32299668 5630250 -1682
32299514 5630250 -1625
32299381 5630250 -1575
32299668 5630251 -2025
32299668 5630251 -1975
32299668 5630251 -1925
32299666 5630550 -1875
32299668 5630550 -1875
32299667 5630550 -1825
32299668 5630265 -1675
32299668 5630363 -1625
32299668 5630461 -1575
32299657 5630550 -1525
32299668 5630550 -1529
32299539 5630550 -1475
32299421 5630550 -1425
32299668 5630551 -1875
32299668 5630551 -1825
32299668 5630551 -1775
32299666 5630850 -1725
32299668 5630850 -1725
32299667 5630850 -1675
32299668 5630558 -1525
32299668 5630651 -1475
32299668 5630744 -1425
32299668 5630839 -1375
32299576 5630850 -1325
32299668 5630850 -1369
32299474 5630850 -1275
32299373 5630850 -1225
32299668 5630851 -1725
32299668 5630851 -1675
32299668 5630851 -1625
32299666 5631150 -1575
32299668 5631150 -1575
32299666 5631150 -1525
32299668 5630928 -1325
32299668 5631018 -1275
32299668 5631110 -1225
32299614 5631150 -1175
32299668 5631150 -1204
32299521 5631150 -1125
32299429 5631150 -1075
32299668 5631152 -1575
32299668 5631151 -1525
32299668 5631151 -1475
32299668 5631151 -1425
32299666 5631450 -1375
32299668 5631450 -1375
32299667 5631450 -1325
32299668 5631197 -1175
32299668 5631279 -1125
32299668 5631360 -1075
32299668 5631440 -1025
32299592 5631450 -975
32299668 5631450 -1018
32299505 5631450 -925
32299420 5631450 -875
32299668 5631451 -1375
32299668 5631451 -1325
32299668 5631451 -1275
32299668 5631451 -1225
32299666 5631750 -1175
32299668 5631750 -1175
32299667 5631750 -1125
32299668 5631516 -975
32299668 5631590 -925
32299668 5631662 -875
32299668 5631733 -825
32299602 5631750 -775
32299668 5631750 -813
32299517 5631750 -725
32299433 5631750 -675
32299668 5631751 -1175
32299668 5631751 -1125
32299668 5631751 -1075
32299668 5631751 -1025
32299666 5632050 -975
32299668 5632050 -975
32299667 5632050 -925
32299667 5632050 -875
32299668 5631810 -775
32299668 5631887 -725
32299668 5631964 -675
32299668 5632040 -625
32299587 5632050 -575
32299668 5632050 -618
32299494 5632050 -525
32299402 5632050 -475
32299668 5632051 -975
32299668 5632051 -925
32299668 5632051 -875
32299668 5632051 -825
32299668 5632050 -775
32299667 5632350 -725
32299668 5632350 -725
32299667 5632350 -675
32299668 5632127 -575
32299668 5632215 -525
32299668 5632303 -475
32299613 5632350 -425
32299668 5632350 -448
32299474 5632350 -375
32299372 5632350 -325
32299668 5632351 -725
32299668 5632351 -675
32299668 5632350 -625
32299668 5632350 -575
32299668 5632356 -525
32299667 5632650 -475
32299668 5632650 -476
32299668 5632411 -425
32299668 5632650 -425
32299668 5632564 -375
32299637 5632650 -325
32299668 5632650 -337
32299511 5632650 -275
32299377 5632650 -225
32299668 5632650 -475
32299668 5632650 -425
32299668 5632650 -375
32299668 5632950 -225
32299668 5632912 -225
32299668 5632950 -225
32299668 5632950 -209
32299668 5632950 -225
32299969 5623650 -2725
32299969 5623950 -2725
32299681 5623650 -925
32299811 5623950 -925
32299969 5623950 -918
32299969 5623650 -894
32299969 5624250 -2725
32299969 5624250 -938
32299969 5624044 -925
32299969 5624550 -2725
32299670 5624550 -925
32299969 5624550 -957
32299969 5624850 -2725
32299938 5624850 -975
32299969 5624850 -980
32299969 5624781 -975
32299969 5625150 -2725
32299813 5625150 -975
32299969 5625150 -1008
32299969 5625450 -2725
32299912 5625450 -1025
32299969 5625450 -1037
32299969 5625321 -1025
32299697 5625450 -975
32299969 5625750 -2725
32299788 5625750 -1025
32299969 5625750 -1060
32299969 5626050 -2725
32299969 5626050 -2005
32299969 5626039 -1975
32299691 5626050 -1925
32299969 5626050 -1973
32299708 5626050 -1875
32299941 5626050 -1075
32299969 5626050 -1079
32299969 5625981 -1075
32299969 5626350 -2725
32299969 5626350 -2024
32299969 5626316 -1925
32299969 5626299 -1875
32299732 5626350 -1825
32299969 5626350 -1865
32299749 5626350 -1775
32299793 5626350 -1075
32299969 5626350 -1095
32299969 5626650 -2725
32299688 5626650 -2425
32299969 5626650 -2036
32299969 5626357 -2025
32299969 5626578 -1825
32299969 5626561 -1775
32299771 5626650 -1725
32299969 5626650 -1759
32299788 5626650 -1675
32299969 5626650 -1109
32299968 5626950 -2725
32299969 5626950 -2725
32299969 5626950 -2459
32299969 5626924 -2425
32299969 5626938 -2375
32299763 5626950 -2325
32299969 5626950 -2372
32299969 5626950 -2042
32299969 5626842 -1725
32299969 5626825 -1675
32299808 5626950 -1625
32299969 5626950 -1652
32299824 5626950 -1575
32299969 5626950 -1118
32299969 5626951 -2725
32299969 5627250 -2675
32299969 5627250 -2453
32299969 5627153 -2325
32299795 5627250 -2275
32299969 5627250 -2306
32299833 5627250 -2225
32299969 5627250 -2040
32299969 5627107 -1625
32299969 5627091 -1575
32299969 5627075 -1525
32299858 5627250 -1475
32299969 5627250 -1494
32299874 5627250 -1425
32299969 5627250 -1121
32299942 5627550 -2675
32299969 5627550 -2675
32299670 5627550 -2425
32299969 5627550 -2439
32299969 5627423 -2275
32299969 5627386 -2225
32299860 5627550 -2175
32299969 5627550 -2194
32299898 5627550 -2125
32299877 5627550 -2025
32299969 5627550 -2029
32299969 5627359 -1475
32299969 5627343 -1425
32299903 5627550 -1375
32299969 5627550 -1386
32299905 5627550 -1325
32299921 5627550 -1275
32299969 5627550 -1118
32299969 5627551 -2675
32299969 5627850 -2625
32299969 5627739 -2425
32299969 5627850 -2416
32299969 5627660 -2175
32299969 5627621 -2125
32299969 5627586 -2075
32299969 5627621 -2025
32299969 5627850 -2027
32299958 5627850 -2025
32299969 5627850 -2009
32299969 5627615 -1375
32299969 5627614 -1325
32299969 5627598 -1275
32299969 5627582 -1225
32299949 5627850 -1175
32299969 5627850 -1178
32299964 5627850 -1125
32299969 5627850 -1108
32299968 5628150 -2625
32299969 5628150 -2625
32299874 5628150 -2375
32299969 5628150 -2383
32299969 5627861 -2025
32299969 5627870 -1175
32299969 5627854 -1125
32299969 5628151 -2625
32299968 5628450 -2575
32299969 5628450 -2575
32299969 5628206 -2375
32299847 5628450 -2325
32299969 5628450 -2338
32299969 5628451 -2575
32299968 5628750 -2525
32299969 5628750 -2525
32299969 5628523 -2325
32299922 5628750 -2275
32299969 5628750 -2281
32299969 5628751 -2525
32299968 5629050 -2475
32299969 5629050 -2475
32299969 5628778 -2275
32299969 5628990 -2225
32299765 5629050 -2175
32299969 5629050 -2210
32299969 5629051 -2475
32299969 5629051 -2425
32299968 5629350 -2375
32299969 5629350 -2375
32299969 5629176 -2175
32299968 5629350 -2125
32299969 5629350 -2125
32299730 5629350 -2075
32299969 5629351 -2375
32299968 5629650 -2325
32299969 5629650 -2325
32299968 5629650 -2275
32299969 5629350 -2125
32299969 5629500 -2075
32299969 5629648 -2025
32299767 5629650 -1975
32299969 5629650 -2024
32299969 5629651 -2325
32299969 5629651 -2275
32299968 5629950 -2225
32299969 5629950 -2225
32299968 5629950 -2175
32299969 5629778 -1975
32299969 5629906 -1925
32299851 5629950 -1875
32299969 5629950 -1907
32299672 5629950 -1825
32299969 5629951 -2225
32299969 5629951 -2175
32299969 5629976 -2125
32299968 5630250 -2075
32299969 5630250 -2080
32299969 5630026 -1875
32299969 5630141 -1825
32299964 5630250 -1775
32299969 5630250 -1776
32299803 5630250 -1725
32299969 5630251 -2075
32299969 5630251 -2025
32299967 5630550 -1975
32299969 5630550 -1975
32299968 5630550 -1925
32299969 5630253 -1775
32299969 5630358 -1725
32299969 5630463 -1675
32299946 5630550 -1625
32299969 5630550 -1632
32299801 5630550 -1575
32299969 5630551 -1975
32299969 5630551 -1925
32299969 5630551 -1875
32299967 5630850 -1825
32299969 5630850 -1825
32299968 5630850 -1775
32299969 5630565 -1625
32299969 5630663 -1575
32299969 5630760 -1525
32299958 5630850 -1475
32299969 5630850 -1479
32299822 5630850 -1425
32299684 5630850 -1375
32299969 5630851 -1825
32299969 5630851 -1775
32299969 5630851 -1725
32299967 5631150 -1675
32299969 5631150 -1675
32299968 5631150 -1625
32299969 5630858 -1475
32299969 5630949 -1425
32299969 5631041 -1375
32299969 5631134 -1325
32299861 5631150 -1275
32299969 5631150 -1316
32299727 5631150 -1225
32299969 5631151 -1675
32299969 5631151 -1625
32299969 5631151 -1575
32299969 5631152 -1525
32299968 5631450 -1475
32299969 5631450 -1475
32299968 5631450 -1425
32299969 5631220 -1275
32299969 5631305 -1225
32299969 5631390 -1175
32299934 5631450 -1125
32299969 5631450 -1139
32299811 5631450 -1075
32299684 5631450 -1025
32299969 5631451 -1475
32299969 5631451 -1425
32299969 5631451 -1375
32299967 5631750 -1325
32299969 5631750 -1325
32299968 5631750 -1275
32299968 5631750 -1225
32299969 5631473 -1125
32299969 5631553 -1075
32299969 5631633 -1025
32299969 5631712 -975
32299911 5631750 -925
32299969 5631750 -951
32299803 5631750 -875
32299694 5631750 -825
32299969 5631751 -1325
32299969 5631751 -1275
32299969 5631751 -1225
32299969 5631751 -1175
32299969 5631807 -1125
32299968 5632050 -1075
32299969 5632050 -1089
32299968 5632050 -1025
32299969 5631794 -925
32299969 5631876 -875
32299969 5631985 -825
32299935 5632050 -775
32299969 5632050 -793
32299848 5632050 -725
32299763 5632050 -675
32299679 5632050 -625
32299969 5632051 -1075
32299969 5632051 -1025
32299969 5632051 -975
32299969 5632050 -925
32299968 5632350 -875
32299969 5632350 -875
32299968 5632350 -825
32299969 5632085 -775
32299969 5632350 -775
32299969 5632174 -725
32299969 5632264 -675
32299965 5632350 -625
32299969 5632350 -627
32299878 5632350 -575
32299793 5632350 -525
32299711 5632350 -475
32299969 5632351 -875
32299969 5632350 -825
32299969 5632350 -775
32299969 5632350 -725
32299969 5632350 -675
32299969 5632355 -625
32299969 5632650 -625
32299969 5632650 -625
32299969 5632650 -575
32299969 5632451 -575
32299965 5632650 -525
32299969 5632549 -525
32299969 5632649 -475
32299860 5632650 -425
32299969 5632650 -474
32299750 5632650 -375
32299969 5632650 -625
32299969 5632650 -575
32299969 5632650 -525
32299969 5632650 -475
32299969 5632950 -375
32299969 5632843 -375
32299969 5632950 -375
32299969 5632944 -325
32299969 5632950 -325
32299969 5632950 -322
32299710 5632950 -225
32299969 5632950 -375
32299969 5632950 -325
32300271 5623650 -2725
32300271 5623950 -2725
32300080 5623650 -875
32300271 5623950 -880
32300271 5623908 -875
32300271 5623650 -840
32300271 5624250 -2725
32300253 5624250 -925
32300271 5624250 -924
32300271 5624550 -2725
32300271 5624550 -971
32300271 5624255 -925
32300271 5624850 -2725
32300271 5624850 -1021
32300271 5624571 -975
32300271 5625150 -2725
32300045 5625150 -1025
32300271 5625150 -1070
32300271 5624871 -1025
32300271 5625450 -2725
32300119 5625450 -1075
32300271 5625450 -1109
32300271 5625187 -1075
32300271 5625750 -2725
32300220 5625750 -1125
32300271 5625750 -1136
32300271 5625619 -1125
32300021 5625750 -1075
32300271 5626050 -2725
32299980 5626050 -1975
32300154 5626050 -1125
32300271 5626050 -1151
32300271 5626350 -2725
32299975 5626350 -2025
32300271 5626350 -2039
32300271 5626344 -2025
32300271 5626327 -1975
32300005 5626350 -1925
32300271 5626350 -1970
32300022 5626350 -1875
32300105 5626350 -1125
32300271 5626350 -1158
32300271 5626650 -2725
32300271 5626650 -2050
32300271 5626605 -1925
32300271 5626588 -1875
32300044 5626650 -1825
32300271 5626650 -1863
32300062 5626650 -1775
32300054 5626650 -1125
32300271 5626650 -1162
32300271 5626950 -2725
32299995 5626950 -2425
32299981 5626950 -2375
32300271 5626950 -2054
32300271 5626868 -1825
32300271 5626851 -1775
32300081 5626950 -1725
32300271 5626950 -1757
32300099 5626950 -1675
32300010 5626950 -1125
32300271 5626950 -1164
32300269 5627250 -2725
32300271 5627250 -2725
32300271 5627250 -2459
32300271 5627223 -2425
32300271 5627185 -2375
32300067 5627250 -2325
32300271 5627250 -2362
32300271 5627250 -2052
32300271 5627134 -1725
32300271 5627117 -1675
32300116 5627250 -1625
32300271 5627250 -1651
32300133 5627250 -1575
32300150 5627250 -1525
32299998 5627250 -1125
32300271 5627250 -1159
32300271 5627251 -2725
32300271 5627550 -2675
32300271 5627550 -2448
32300271 5627454 -2325
32300097 5627550 -2275
32300271 5627550 -2307
32300133 5627550 -2225
32300271 5627550 -2042
32300271 5627401 -1625
32300271 5627385 -1575
32300271 5627368 -1525
32300164 5627550 -1475
32300271 5627550 -1493
32300181 5627550 -1425
32300038 5627550 -1125
32300271 5627550 -1147
32300269 5627850 -2675
32300271 5627850 -2675
32300175 5627850 -2425
32300271 5627850 -2428
32300271 5627726 -2275
32300271 5627689 -2225
32300167 5627850 -2175
32300271 5627850 -2194
32300195 5627850 -2125
32300230 5627850 -2075
32300271 5627844 -2025
32300271 5627850 -2024
32300271 5627655 -1475
32300271 5627639 -1425
32300271 5627622 -1375
32300208 5627850 -1325
32300271 5627850 -1335
32300224 5627850 -1275
32300240 5627850 -1225
32300204 5627850 -1125
32300271 5627850 -1129
32300271 5627851 -2675
32300271 5628150 -2625
32300271 5627892 -2425
32300271 5628150 -2400
32300271 5627957 -2175
32300271 5627928 -2125
32300271 5627889 -2075
32300249 5628150 -2025
32300271 5628150 -2028
32300271 5628150 -1997
32300271 5627912 -1325
32300271 5627896 -1275
32300271 5627880 -1225
32300271 5627864 -1175
32300271 5627902 -1125
32300271 5628150 -1126
32300264 5628150 -1125
32300271 5628150 -1103
32300269 5628450 -2625
32300271 5628450 -2625
32300271 5628354 -2375
32300271 5628450 -2362
32300271 5628172 -2025
32300271 5628156 -1125
32300271 5628451 -2625
32300269 5628750 -2575
32300271 5628750 -2575
32300271 5628680 -2325
32300271 5628750 -2313
32300271 5628751 -2575
32300269 5629050 -2525
32300271 5629050 -2525
32300271 5628936 -2275
32300074 5629050 -2225
32300271 5629050 -2251
32300271 5629051 -2525
32300271 5629051 -2475
32300269 5629350 -2425
32300271 5629350 -2425
32300271 5629155 -2225
32300267 5629350 -2175
32300271 5629350 -2175
32300271 5629351 -2425
32300269 5629650 -2375
32300271 5629650 -2375
32300271 5629351 -2175
32300271 5629518 -2125
32300222 5629650 -2075
32300271 5629650 -2084
32299973 5629650 -2025
32300271 5629651 -2375
32300271 5629651 -2325
32300269 5629950 -2275
32300271 5629950 -2275
32300271 5629678 -2075
32300271 5629820 -2025
32300256 5629950 -1975
32300271 5629950 -1978
32300042 5629950 -1925
32300271 5629951 -2275
32300271 5629951 -2225
32300269 5630250 -2175
32300271 5630250 -2175
32300238 5630250 -2125
32300271 5629958 -1975
32300271 5630083 -1925
32300271 5630205 -1875
32300151 5630250 -1825
32300271 5630250 -1856
32300271 5630251 -2175
32300271 5630251 -2125
32300269 5630550 -2075
32300271 5630550 -2075
32300269 5630550 -2025
32300271 5630320 -1825
32300271 5630430 -1775
32300271 5630538 -1725
32300116 5630550 -1675
32300271 5630550 -1719
32300271 5630551 -2075
32300271 5630551 -2025
32300271 5630551 -1975
32300269 5630850 -1925
32300271 5630850 -1925
32300269 5630850 -1875
32300271 5630639 -1675
32300271 5630739 -1625
32300271 5630838 -1575
32300124 5630850 -1525
32300271 5630850 -1569
32300271 5630851 -1925
32300271 5630851 -1875
32300271 5630851 -1825
32300269 5631150 -1775
32300271 5631150 -1775
32300269 5631150 -1725
32300271 5630932 -1525
32300271 5631024 -1475
32300271 5631116 -1425
32300169 5631150 -1375
32300271 5631150 -1406
32299998 5631150 -1325
32300271 5631151 -1775
32300271 5631151 -1725
32300271 5631151 -1675
32300269 5631450 -1625
32300271 5631450 -1625
32300269 5631450 -1575
32300267 5631450 -1525
32300271 5631204 -1375
32300271 5631290 -1325
32300271 5631376 -1275
32300247 5631450 -1225
32300271 5631450 -1232
32300088 5631450 -1175
32300271 5631451 -1625
32300271 5631451 -1575
32300271 5631451 -1525
32300271 5631451 -1475
32300269 5631750 -1425
32300271 5631750 -1425
32300269 5631750 -1375
32300271 5631462 -1225
32300271 5631546 -1175
32300271 5631661 -1125
32300257 5631750 -1075
32300271 5631750 -1080
32300143 5631750 -1025
32300025 5631750 -975
32300271 5631751 -1425
32300271 5631751 -1375
32300271 5631751 -1325
32300271 5631751 -1275
32300269 5632050 -1225
32300271 5632050 -1225
32300269 5632050 -1175
32300203 5632050 -1125
32300271 5631760 -1075
32300271 5631848 -1025
32300271 5631939 -975
32300271 5632032 -925
32300186 5632050 -875
32300271 5632050 -915
32300052 5632050 -825
32300271 5632051 -1225
32300271 5632051 -1175
32300271 5632051 -1125
32300271 5632050 -1075
32300269 5632350 -1025
32300271 5632350 -1025
32300269 5632350 -975
32300270 5632350 -925
32300271 5632128 -875
32300271 5632227 -825
32300271 5632329 -775
32300180 5632350 -725
32300271 5632350 -764
32300070 5632350 -675
32300271 5632351 -1025
32300271 5632351 -975
32300271 5632350 -925
32300271 5632350 -875
32300271 5632350 -825
32300270 5632650 -775
32300271 5632650 -775
32300271 5632430 -725
32300270 5632650 -725
32300270 5632650 -675
32300271 5632532 -675
32300271 5632636 -625
32300176 5632650 -575
32300271 5632650 -618
32300071 5632650 -525
32299970 5632650 -475
32300271 5632650 -775
32300271 5632650 -725
32300271 5632650 -675
32300271 5632650 -625
32300271 5632732 -575
32300271 5632950 -575
32300270 5632950 -575
32300270 5632950 -525
32300271 5632824 -525
32300270 5632950 -475
32300271 5632916 -475
32300271 5632950 -457
32300086 5632950 -375
32299976 5632950 -325
32300271 5632950 -575
32300271 5632950 -525
32300271 5632950 -475
32300270 5633250 -325
32300271 5633158 -325
32300271 5633250 -325
32300271 5633236 -275
32300271 5633250 -275
32300271 5633250 -265
32300271 5633250 -325
32300271 5633250 -275
32300270 5633550 -75
32300271 5633516 -75
32300271 5633550 -75
32300271 5633550 -51
32300271 5633550 -75
32300271 5633850 175
32300271 5633830 175
32300271 5633850 174
32300271 5633850 191
32300271 5633850 175
32300270 5634150 425
32300271 5634116 425
32300271 5634150 424
32300271 5634150 454
32300271 5634150 425
32300572 5623650 -2725
32300572 5623950 -2725
32300299 5623950 -875
32300342 5623650 -825
32300549 5623950 -825
32300572 5623950 -820
32300572 5623659 -775
32300566 5623650 -775
32300572 5623650 -773
32300572 5624250 -2725
32300572 5624250 -884
32300572 5624202 -875
32300572 5623971 -825
32300572 5624550 -2725
32300572 5624550 -962
32300572 5624402 -925
32300572 5624850 -2725
32300323 5624850 -1025
32300572 5624850 -1041
32300572 5624786 -1025
32300572 5624597 -975
32300572 5625150 -2725
32300304 5625150 -1075
32300572 5625150 -1112
32300572 5624989 -1075
32300572 5625450 -2725
32300343 5625450 -1125
32300572 5625450 -1168
32300572 5625216 -1125
32300572 5625750 -2725
32300430 5625750 -1175
32300572 5625750 -1205
32300572 5625501 -1175
32300572 5626050 -2725
32300571 5626050 -1225
32300572 5626050 -1225
32300572 5626046 -1225
32300359 5626050 -1175
32300572 5626350 -2725
32300276 5626350 -2025
32300294 5626350 -1975
32300545 5626350 -1225
32300572 5626350 -1230
32300333 5626350 -1175
32300572 5626650 -2725
32300572 5626650 -2062
32300572 5626636 -2025
32300572 5626617 -1975
32300317 5626650 -1925
32300572 5626650 -1969
32300335 5626650 -1875
32300556 5626650 -1225
32300572 5626650 -1228
32300323 5626650 -1175
32300572 5626950 -2725
32300572 5626950 -2065
32300572 5626898 -1925
32300572 5626879 -1875
32300354 5626950 -1825
32300572 5626950 -1862
32300372 5626950 -1775
32300572 5626779 -1225
32300325 5626950 -1175
32300572 5626950 -1220
32300572 5627250 -2725
32300297 5627250 -2425
32300335 5627250 -2375
32300572 5627250 -2061
32300572 5627162 -1825
32300572 5627144 -1775
32300389 5627250 -1725
32300572 5627250 -1756
32300407 5627250 -1675
32300362 5627250 -1175
32300572 5627250 -1208
32300570 5627550 -2725
32300572 5627550 -2725
32300572 5627550 -2450
32300572 5627529 -2425
32300572 5627490 -2375
32300365 5627550 -2325
32300572 5627550 -2363
32300572 5627550 -2052
32300572 5627429 -1725
32300572 5627412 -1675
32300572 5627394 -1625
32300439 5627550 -1575
32300572 5627550 -1597
32300456 5627550 -1525
32300464 5627550 -1175
32300572 5627550 -1189
32300572 5627551 -2725
32300572 5627850 -2675
32300572 5627850 -2434
32300572 5627762 -2325
32300572 5627723 -2275
32300428 5627850 -2225
32300572 5627850 -2251
32300279 5627850 -2025
32300572 5627850 -2035
32300572 5627682 -1575
32300572 5627664 -1525
32300572 5627647 -1475
32300484 5627850 -1425
32300572 5627850 -1440
32300501 5627850 -1375
32300572 5627716 -1175
32300572 5627850 -1163
32300570 5628150 -2675
32300572 5628150 -2675
32300572 5627972 -2425
32300572 5628150 -2410
32300572 5627999 -2225
32300572 5627959 -2175
32300485 5628150 -2125
32300572 5628150 -2140
32300523 5628150 -2075
32300572 5627982 -2025
32300572 5628150 -2011
32300572 5627937 -1425
32300572 5627920 -1375
32300572 5627903 -1325
32300525 5628150 -1275
32300572 5628150 -1283
32300541 5628150 -1225
32300558 5628150 -1175
32300502 5628150 -1125
32300572 5628150 -1131
32300572 5628151 -2675
32300572 5628450 -2625
32300501 5628450 -2375
32300572 5628450 -2378
32300572 5628241 -2125
32300572 5628200 -2075
32300535 5628450 -2025
32300572 5628450 -2031
32300572 5628450 -1977
32300572 5628197 -1275
32300572 5628180 -1225
32300572 5628164 -1175
32300572 5628564 -2625
32300572 5628750 -2593
32300572 5628476 -2375
32300421 5628750 -2325
32300572 5628750 -2336
32300572 5628488 -2025
32300570 5629050 -2575
32300572 5629050 -2575
32300572 5628814 -2325
32300497 5629050 -2275
32300572 5629050 -2282
32300572 5629051 -2575
32300572 5629051 -2525
32300570 5629350 -2475
32300572 5629350 -2475
32300572 5629084 -2275
32300572 5629309 -2225
32300572 5629350 -2215
32300572 5629351 -2475
32300570 5629650 -2425
32300572 5629650 -2425
32300572 5629503 -2175
32300511 5629650 -2125
32300572 5629650 -2135
32300572 5629651 -2425
32300572 5629651 -2375
32300570 5629950 -2325
32300572 5629950 -2325
32300572 5629682 -2125
32300572 5629838 -2075
32300502 5629950 -2025
32300572 5629950 -2038
32300572 5629951 -2325
32300572 5629951 -2275
32300570 5630250 -2225
32300572 5630250 -2225
32300572 5629987 -2025
32300572 5630122 -1975
32300565 5630250 -1925
32300572 5630250 -1926
32300350 5630250 -1875
32300572 5630251 -2225
32300572 5630251 -2175
32300570 5630550 -2125
32300572 5630550 -2125
32300572 5630253 -1925
32300572 5630371 -1875
32300572 5630487 -1825
32300484 5630550 -1775
32300572 5630550 -1797
32300291 5630550 -1725
32300572 5630551 -2125
32300572 5630551 -2075
32300570 5630850 -2025
32300572 5630850 -2025
32300570 5630850 -1975
32300572 5630597 -1775
32300572 5630702 -1725
32300572 5630804 -1675
32300472 5630850 -1625
32300572 5630850 -1652
32300291 5630850 -1575
32300572 5630851 -2025
32300572 5630851 -1975
32300572 5630851 -1925
32300570 5631150 -1875
32300572 5631150 -1875
32300570 5631150 -1825
32300572 5630902 -1625
32300572 5630997 -1575
32300572 5631090 -1525
32300511 5631150 -1475
32300572 5631150 -1492
32300336 5631150 -1425
32300572 5631152 -1875
32300572 5631151 -1825
32300572 5631151 -1775
32300570 5631450 -1725
32300572 5631450 -1725
32300570 5631450 -1675
32300572 5631181 -1475
32300572 5631269 -1425
32300572 5631392 -1375
32300516 5631450 -1325
32300572 5631450 -1346
32300385 5631450 -1275
32300572 5631452 -1725
32300572 5631451 -1675
32300572 5631451 -1625
32300572 5631451 -1575
32300570 5631750 -1525
32300572 5631750 -1525
32300570 5631750 -1475
32300572 5631487 -1325
32300572 5631574 -1275
32300572 5631662 -1225
32300570 5631750 -1175
32300572 5631750 -1175
32300414 5631750 -1125
32300572 5631751 -1525
32300572 5631751 -1475
32300572 5631751 -1425
32300572 5631751 -1375
32300570 5632050 -1325
32300572 5632050 -1325
32300570 5632050 -1275
32300572 5631751 -1175
32300572 5631842 -1125
32300572 5631936 -1075
32300572 5632033 -1025
32300449 5632050 -975
32300572 5632050 -1016
32300299 5632050 -925
32300572 5632051 -1325
32300572 5632051 -1275
32300572 5632051 -1225
32300572 5632050 -1175
32300570 5632350 -1125
32300572 5632350 -1125
32300571 5632350 -1075
32300572 5632133 -975
32300572 5632238 -925
32300572 5632348 -875
32300436 5632350 -825
32300572 5632350 -874
32300298 5632350 -775
32300572 5632351 -1125
32300572 5632351 -1075
32300572 5632350 -1025
32300572 5632350 -975
32300571 5632650 -925
32300572 5632650 -925
32300571 5632650 -875
32300572 5632455 -825
32300571 5632650 -825
32300572 5632566 -775
32300538 5632650 -725
32300572 5632650 -738
32300411 5632650 -675
32300287 5632650 -625
32300572 5632651 -925
32300572 5632650 -875
32300572 5632650 -825
32300572 5632650 -775
32300572 5632676 -725
32300572 5632950 -725
32300571 5632950 -725
32300571 5632950 -675
32300572 5632774 -675
32300572 5632950 -625
32300572 5632873 -625
32300572 5632950 -585
32300545 5632950 -575
32300428 5632950 -525
32300312 5632950 -475
32300572 5632950 -725
32300572 5632950 -675
32300572 5632950 -625
32300571 5633250 -475
32300572 5633132 -475
32300572 5633250 -475
32300572 5633212 -425
32300572 5633250 -425
32300572 5633250 -400
32300403 5633250 -325
32300291 5633250 -275
32300572 5633250 -475
32300572 5633250 -425
32300572 5633550 -225
32300572 5633550 -225
32300572 5633497 -225
32300572 5633550 -186
32300324 5633550 -75
32300572 5633550 -225
32300572 5633850 -25
32300571 5633850 -25
32300572 5633755 -25
32300572 5633850 25
32300572 5633819 25
32300572 5633850 49
32300305 5633850 175
32300572 5633850 -25
32300572 5633850 25
32300572 5634150 224
32300571 5634150 225
32300572 5634060 225
32300572 5634150 275
32300572 5634120 275
32300572 5634150 299
32300327 5634150 425
32300572 5634150 225
32300572 5634150 275
32300572 5634450 474
32300571 5634450 475
32300572 5634349 475
32300572 5634450 475
32300873 5623650 -2725
32300873 5623950 -2725
32300769 5623950 -775
32300873 5623950 -749
32300873 5623757 -725
32300809 5623650 -725
32300873 5623650 -711
32300873 5624250 -2725
32300624 5624250 -875
32300872 5624250 -825
32300873 5624250 -824
32300873 5624049 -775
32300873 5624550 -2725
32300873 5624550 -927
32300873 5624543 -925
32300873 5624391 -875
32300873 5624250 -825
32300873 5624850 -2725
32300873 5624850 -1033
32300873 5624824 -1025
32300873 5624679 -975
32300873 5625150 -2725
32300817 5625150 -1125
32300873 5625150 -1127
32300873 5625140 -1125
32300873 5624977 -1075
32300873 5625450 -2725
32300628 5625450 -1175
32300873 5625450 -1201
32300873 5625339 -1175
32300873 5625750 -2725
32300693 5625750 -1225
32300873 5625750 -1251
32300873 5625591 -1225
32300873 5626050 -2725
32300853 5626050 -1275
32300873 5626050 -1278
32300873 5626013 -1275
32300873 5626350 -2725
32300805 5626350 -1275
32300873 5626350 -1286
32300873 5626650 -2725
32300586 5626650 -2025
32300605 5626650 -1975
32300826 5626650 -1275
32300873 5626650 -1282
32300873 5626950 -2725
32300873 5626950 -2070
32300873 5626932 -2025
32300873 5626913 -1975
32300625 5626950 -1925
32300873 5626950 -1968
32300643 5626950 -1875
32300873 5626862 -1275
32300595 5626950 -1225
32300873 5626950 -1271
32300873 5627250 -2725
32300873 5627250 -2066
32300873 5627195 -1925
32300873 5627176 -1875
32300660 5627250 -1825
32300873 5627250 -1862
32300679 5627250 -1775
32300673 5627250 -1225
32300873 5627250 -1255
32300873 5627550 -2725
32300592 5627550 -2425
32300630 5627550 -2375
32300873 5627550 -2056
32300873 5627461 -1825
32300873 5627442 -1775
32300873 5627424 -1725
32300711 5627550 -1675
32300873 5627550 -1702
32300730 5627550 -1625
32300818 5627550 -1225
32300873 5627550 -1232
32300871 5627850 -2725
32300873 5627850 -2725
32300873 5627850 -2433
32300873 5627843 -2425
32300873 5627802 -2375
32300656 5627850 -2325
32300873 5627850 -2366
32300694 5627850 -2275
32300873 5627850 -2041
32300873 5627711 -1675
32300873 5627692 -1625
32300873 5627674 -1575
32300759 5627850 -1525
32300873 5627850 -1544
32300776 5627850 -1475
32300873 5627629 -1225
32300656 5627850 -1175
32300873 5627850 -1203
32300873 5627851 -2725
32300873 5628150 -2675
32300873 5627982 -2425
32300873 5628150 -2414
32300873 5628077 -2325
32300873 5628036 -2275
32300716 5628150 -2225
32300873 5628150 -2254
32300754 5628150 -2175
32300873 5628089 -2025
32300873 5628150 -2020
32300873 5627964 -1525
32300873 5627946 -1475
32300873 5627928 -1425
32300802 5628150 -1375
32300873 5628150 -1387
32300819 5628150 -1325
32300873 5628096 -1175
32300873 5628150 -1168
32300871 5628450 -2675
32300873 5628450 -2675
32300873 5628450 -2387
32300873 5628315 -2225
32300873 5628274 -2175
32300770 5628450 -2125
32300873 5628450 -2143
32300809 5628450 -2075
32300873 5628450 -1991
32300873 5628221 -1375
32300873 5628204 -1325
32300873 5628186 -1275
32300841 5628450 -1225
32300873 5628450 -1230
32300858 5628450 -1175
32300873 5628450 -1129
32300873 5628451 -2675
32300750 5628750 -2625
32300873 5628750 -2625
32300873 5628553 -2375
32300873 5628750 -2351
32300873 5628559 -2125
32300873 5628518 -2075
32300817 5628750 -2025
32300873 5628750 -2035
32300873 5628583 -1975
32300856 5628750 -1975
32300873 5628750 -1953
32300873 5628482 -1225
32300873 5628465 -1175
32300873 5628751 -2625
32300873 5629050 -2575
32300873 5628926 -2325
32300873 5629050 -2306
32300873 5628809 -2025
32300873 5628767 -1975
32300873 5629051 -2575
32300871 5629350 -2525
32300873 5629350 -2525
32300873 5629213 -2275
32300654 5629350 -2225
32300873 5629350 -2248
32300873 5629351 -2525
32300871 5629650 -2475
32300873 5629650 -2475
32300873 5629450 -2225
32300854 5629650 -2175
32300873 5629650 -2177
32300873 5629651 -2475
32300873 5629651 -2425
32300871 5629950 -2375
32300873 5629950 -2375
32300873 5629659 -2175
32300873 5629835 -2125
32300776 5629950 -2075
32300873 5629950 -2091
32300873 5629951 -2375
32300871 5630250 -2325
32300873 5630250 -2325
32300871 5630250 -2275
32300873 5630000 -2075
32300873 5630148 -2025
32300801 5630250 -1975
32300873 5630250 -1989
32300873 5630251 -2325
32300873 5630251 -2275
32300873 5630266 -2225
32300871 5630550 -2175
32300873 5630550 -2178
32300873 5630288 -1975
32300873 5630416 -1925
32300873 5630541 -1875
32300682 5630550 -1825
32300873 5630550 -1871
32300873 5630551 -2175
32300873 5630551 -2125
32300871 5630850 -2075
32300873 5630850 -2075
32300873 5630654 -1825
32300873 5630765 -1775
32300833 5630850 -1725
32300873 5630850 -1735
32300651 5630850 -1675
32300873 5630851 -2075
32300873 5630851 -2025
32300873 5630859 -1975
32300871 5631150 -1925
32300873 5631150 -1927
32300873 5630872 -1725
32300873 5630972 -1675
32300873 5631071 -1625
32300786 5631150 -1575
32300873 5631150 -1597
32300655 5631150 -1525
32300873 5631151 -1925
32300873 5631151 -1875
32300872 5631450 -1825
32300873 5631450 -1825
32300871 5631450 -1775
32300873 5631211 -1575
32300873 5631303 -1525
32300873 5631395 -1475
32300824 5631450 -1425
32300873 5631450 -1444
32300658 5631450 -1375
32300873 5631450 -1825
32300873 5631451 -1775
32300873 5631451 -1725
32300873 5631451 -1675
32300871 5631750 -1625
32300873 5631750 -1625
32300872 5631750 -1575
32300873 5631485 -1425
32300873 5631575 -1375
32300873 5631664 -1325
32300867 5631750 -1275
32300873 5631750 -1277
32300719 5631750 -1225
32300873 5631751 -1625
32300873 5631751 -1575
32300873 5631751 -1525
32300871 5632050 -1475
32300873 5632050 -1475
32300871 5632050 -1425
32300872 5632050 -1375
32300873 5631753 -1275
32300873 5631845 -1225
32300873 5631938 -1175
32300873 5632032 -1125
32300751 5632050 -1075
32300873 5632050 -1115
32300598 5632050 -1025
32300873 5632051 -1475
32300873 5632051 -1425
32300873 5632051 -1375
32300873 5632051 -1325
32300871 5632350 -1275
32300873 5632350 -1275
32300872 5632350 -1225
32300872 5632350 -1175
32300873 5632131 -1075
32300873 5632233 -1025
32300873 5632340 -975
32300733 5632350 -925
32300873 5632350 -970
32300574 5632350 -875
32300873 5632351 -1275
32300873 5632351 -1225
32300873 5632351 -1175
32300873 5632350 -1125
32300872 5632650 -1075
32300873 5632650 -1075
32300872 5632650 -1025
32300872 5632650 -975
32300873 5632448 -925
32300873 5632561 -875
32300837 5632650 -825
32300873 5632650 -837
32300685 5632650 -775
32300873 5632651 -1075
32300873 5632651 -1025
32300873 5632650 -975
32300873 5632650 -925
32300872 5632950 -875
32300873 5632950 -875
32300873 5632675 -825
32300872 5632950 -825
32300873 5632950 -775
32300873 5632783 -775
32300873 5632892 -725
32300808 5632950 -675
32300873 5632950 -699
32300675 5632950 -625
32300873 5632950 -875
32300873 5632950 -825
32300873 5632950 -775
32300873 5632950 -725
32300873 5633250 -625
32300873 5633090 -625
32300873 5633250 -625
32300873 5633183 -575
32300873 5633250 -575
32300873 5633250 -539
32300731 5633250 -475
32300623 5633250 -425
32300873 5633250 -625
32300873 5633250 -575
32300873 5633550 -425
32300873 5633430 -425
32300873 5633550 -425
32300873 5633508 -375
32300873 5633550 -375
32300873 5633550 -347
32300641 5633550 -225
32300873 5633550 -425
32300873 5633550 -375
32300873 5633850 -175
32300873 5633850 -175
32300873 5633776 -175
32300873 5633850 -125
32300873 5633840 -125
32300873 5633850 -117
32300706 5633850 -25
32300615 5633850 25
32300873 5633850 -175
32300873 5633850 -125
32300873 5634150 74
32300873 5634150 75
32300873 5634073 75
32300873 5634150 125
32300873 5634131 125
32300873 5634150 140
32300712 5634150 225
32300618 5634150 275
32300873 5634150 75
32300873 5634150 125
32300873 5634362 325
32300873 5634450 316
32300873 5634450 325
32300873 5634450 375
32300873 5634419 375
32300873 5634450 401
32300736 5634450 475
32300873 5634450 325
32300873 5634450 375
32301174 5623650 -2725
32301174 5623950 -2725
32300989 5623950 -725
32301174 5623950 -684
32301174 5623818 -675
32301103 5623650 -675
32301174 5623650 -663
32301174 5624250 -2725
32301085 5624250 -775
32301174 5624250 -752
32301174 5624128 -725
32301174 5624550 -2725
32300884 5624550 -925
32301138 5624550 -875
32301174 5624550 -867
32301174 5624434 -825
32301174 5624305 -775
32301174 5624850 -2725
32300943 5624850 -1025
32301174 5624850 -995
32301174 5624797 -975
32301174 5624677 -925
32301174 5624566 -875
32301174 5625150 -2725
32300924 5625150 -1125
32301174 5625150 -1111
32301174 5625050 -1075
32301174 5624921 -1025
32301174 5625450 -2725
32301174 5625450 -1202
32301174 5625356 -1175
32301174 5625192 -1125
32301174 5625750 -2725
32301174 5625750 -1264
32301174 5625557 -1225
32301174 5626050 -2725
32301174 5626050 -1300
32301174 5625834 -1275
32301174 5626350 -2725
32301174 5626350 -1314
32301174 5626650 -2725
32301174 5626650 -1313
32301174 5626950 -2725
32300890 5626950 -2025
32300910 5626950 -1975
32300904 5626950 -1275
32301174 5626950 -1302
32301174 5627250 -2725
32301174 5627250 -2061
32301174 5627235 -2025
32301174 5627215 -1975
32300927 5627250 -1925
32301174 5627250 -1968
32300946 5627250 -1875
32301066 5627250 -1275
32301174 5627250 -1285
32301174 5627550 -2725
32301174 5627550 -2053
32301174 5627499 -1925
32301174 5627479 -1875
32301174 5627460 -1825
32300980 5627550 -1775
32301174 5627550 -1809
32300999 5627550 -1725
32301174 5627396 -1275
32301174 5627550 -1263
32301174 5627850 -2725
32300880 5627850 -2425
32300918 5627850 -2375
32301174 5627850 -2041
32301174 5627746 -1775
32301174 5627726 -1725
32301011 5627850 -1675
32301174 5627850 -1703
32301029 5627850 -1625
32301048 5627850 -1575
32301066 5627850 -1225
32301174 5627850 -1236
32301172 5628150 -2725
32301174 5628150 -2725
32301174 5628121 -2375
32301174 5628150 -2410
32300942 5628150 -2325
32301174 5628150 -2369
32300980 5628150 -2275
32301174 5628135 -2025
32301174 5628150 -2024
32301174 5628014 -1675
32301174 5627995 -1625
32301174 5627977 -1575
32301057 5628150 -1525
32301174 5628150 -1545
32301076 5628150 -1475
32301094 5628150 -1425
32301174 5627959 -1225
32300923 5628150 -1175
32301174 5628150 -1204
32301174 5628152 -2725
32301174 5628450 -2675
32301174 5628450 -2389
32301174 5628396 -2325
32301174 5628355 -2275
32301000 5628450 -2225
32301174 5628450 -2257
32301039 5628450 -2175
32301174 5628450 -2001
32301174 5628267 -1525
32301174 5628249 -1475
32301174 5628230 -1425
32301174 5628212 -1375
32301119 5628450 -1325
32301174 5628450 -1334
32301136 5628450 -1275
32301174 5628401 -1175
32301174 5628450 -1169
32301172 5628750 -2675
32301174 5628750 -2675
32301174 5628599 -2375
32301174 5628750 -2360
32301174 5628635 -2225
32301174 5628593 -2175
32301052 5628750 -2125
32301174 5628750 -2147
32301092 5628750 -2075
32301174 5628703 -1975
32301174 5628750 -1970
32301174 5628505 -1325
32301174 5628487 -1275
32301174 5628469 -1225
32301158 5628750 -1175
32301174 5628750 -1177
32301174 5628750 -1129
32301174 5628752 -2675
32301172 5629050 -2625
32301174 5629050 -2625
32301174 5629035 -2325
32301174 5629050 -2323
32301174 5628880 -2125
32301174 5628838 -2075
32301098 5629050 -2025
32301174 5629050 -2038
32301138 5629050 -1975
32301174 5629050 -1929
32301174 5628766 -1175
32301174 5629052 -2625
32301172 5629350 -2575
32301174 5629350 -2575
32301174 5629348 -2275
32301174 5629350 -2274
32301174 5629132 -2025
32301174 5629089 -1975
32301174 5629351 -2575
32301172 5629650 -2525
32301174 5629650 -2525
32301174 5629595 -2225
32301174 5629650 -2213
32301174 5629652 -2525
32301174 5629651 -2475
32301172 5629950 -2425
32301174 5629950 -2425
32301174 5629806 -2175
32301085 5629950 -2125
32301174 5629950 -2138
32301174 5629951 -2425
32301172 5630250 -2375
32301174 5630250 -2375
32301174 5629996 -2125
32301174 5630162 -2075
32301052 5630250 -2025
32301174 5630250 -2048
32301174 5630252 -2375
32301174 5630251 -2325
32301172 5630550 -2275
32301174 5630550 -2275
32301154 5630550 -2225
32301174 5630317 -2025
32301174 5630458 -1975
32301100 5630550 -1925
32301174 5630550 -1941
32300888 5630550 -1875
32301174 5630552 -2275
32301174 5630551 -2225
32301172 5630850 -2175
32301174 5630850 -2175
32301172 5630850 -2125
32301174 5630592 -1925
32301174 5630715 -1875
32301174 5630835 -1825
32301012 5630850 -1775
32301174 5630850 -1819
32301174 5630852 -2175
32301174 5630851 -2125
32301174 5630851 -2075
32301172 5631150 -2025
32301174 5631150 -2025
32301163 5631150 -1975
32301174 5630965 -1775
32301174 5631101 -1725
32301102 5631150 -1675
32301174 5631150 -1702
32300974 5631150 -1625
32301174 5631151 -2025
32301174 5631151 -1975
32301174 5631151 -1925
32301172 5631450 -1875
32301174 5631450 -1875
32301174 5631205 -1675
32301174 5631305 -1625
32301174 5631403 -1575
32301099 5631450 -1525
32301174 5631450 -1550
32300957 5631450 -1475
32301174 5631451 -1875
32301174 5631451 -1825
32301174 5631451 -1775
32301172 5631750 -1725
32301174 5631750 -1725
32301173 5631750 -1675
32301174 5631499 -1525
32301174 5631592 -1475
32301174 5631685 -1425
32301133 5631750 -1375
32301174 5631750 -1389
32300999 5631750 -1325
32301174 5631751 -1725
32301174 5631751 -1675
32301174 5631751 -1625
32301172 5632050 -1575
32301174 5632050 -1575
32301173 5632050 -1525
32301174 5631777 -1375
32301174 5631869 -1325
32301174 5631961 -1275
32301168 5632050 -1225
32301174 5632050 -1227
32301033 5632050 -1175
32300898 5632050 -1125
32301174 5632051 -1575
32301174 5632051 -1525
32301174 5632051 -1475
32301174 5632050 -1425
32301173 5632350 -1375
32301174 5632350 -1375
32301173 5632350 -1325
32301174 5632054 -1225
32301174 5632149 -1175
32301174 5632246 -1125
32301174 5632344 -1075
32301037 5632350 -1025
32301174 5632350 -1072
32300887 5632350 -975
32301174 5632351 -1375
32301174 5632351 -1325
32301174 5632351 -1275
32301174 5632350 -1225
32301173 5632650 -1175
32301174 5632650 -1175
32301173 5632650 -1125
32301174 5632447 -1025
32301174 5632554 -975
32301153 5632650 -925
32301174 5632650 -931
32300997 5632650 -875
32301174 5632651 -1175
32301174 5632650 -1125
32301174 5632650 -1075
32301174 5632650 -1025
32301173 5632950 -975
32301174 5632950 -975
32301174 5632664 -925
32301174 5632950 -925
32301174 5632775 -875
32301174 5632891 -825
32301100 5632950 -775
32301174 5632950 -800
32300951 5632950 -725
32301174 5632950 -975
32301174 5632950 -925
32301174 5632950 -875
32301174 5632950 -825
32301174 5633009 -775
32301174 5633250 -775
32301174 5633250 -775
32301174 5633250 -725
32301174 5633113 -725
32301174 5633225 -675
32301174 5633250 -675
32301078 5633250 -625
32301174 5633250 -664
32300957 5633250 -575
32301174 5633250 -775
32301174 5633250 -725
32301174 5633250 -675
32301174 5633550 -575
32301174 5633431 -575
32301174 5633550 -575
32301174 5633534 -525
32301174 5633550 -525
32301174 5633550 -517
32301016 5633550 -425
32300922 5633550 -375
32301174 5633550 -575
32301174 5633550 -525
32301174 5633850 -325
32301174 5633850 -325
32301174 5633832 -325
32301174 5633850 -313
32300964 5633850 -175
32300885 5633850 -125
32301174 5633850 -325
32301174 5634150 -125
32301174 5634067 -125
32301174 5634150 -125
32301174 5634126 -75
32301174 5634150 -75
32301174 5634150 -54
32300981 5634150 75
32300899 5634150 125
32301174 5634150 -125
32301174 5634150 -75
32301174 5634450 125
32301174 5634336 125
32301174 5634450 124
32301174 5634380 175
32301174 5634450 175
32301174 5634450 225
32301174 5634433 225
32301174 5634450 239
32301015 5634450 325
32300922 5634450 375
32301174 5634450 125
32301174 5634450 175
32301174 5634450 225
32301174 5634750 375
32301174 5634602 375
32301174 5634750 374
32301174 5634659 425
32301174 5634750 425
32301174 5634750 475
32301174 5634714 475
32301174 5634750 375
32301174 5634750 425
32301174 5634750 475
32301475 5623650 -2725
32301475 5623950 -2725
32301230 5623950 -675
32301475 5623950 -633
32301475 5623650 -629
32301475 5624250 -2725
32301292 5624250 -725
32301475 5624250 -679
32301475 5624221 -675
32301475 5624550 -2725
32301341 5624550 -825
32301475 5624550 -788
32301475 5624512 -775
32301475 5624372 -725
32301475 5624850 -2725
32301271 5624850 -975
32301475 5624850 -928
32301475 5624842 -925
32301475 5624729 -875
32301475 5624623 -825
32301475 5625150 -2725
32301397 5625150 -1075
32301475 5625150 -1061
32301475 5625061 -1025
32301475 5624948 -975
32301475 5625450 -2725
32301422 5625450 -1175
32301475 5625450 -1169
32301475 5625320 -1125
32301475 5625184 -1075
32301475 5625750 -2725
32301475 5625750 -1244
32301475 5625668 -1225
32301475 5625472 -1175
32301475 5626050 -2725
32301475 5626050 -1290
32301475 5625946 -1275
32301475 5626350 -2725
32301475 5626350 -1311
32301475 5626650 -2725
32301475 5626650 -1314
32301475 5626950 -2725
32301475 5626950 -1306
32301475 5627250 -2725
32301475 5627250 -2025
32301475 5627249 -2025
32301208 5627250 -1975
32301475 5627250 -2024
32301475 5627250 -1292
32301475 5627550 -2725
32301475 5627550 -2040
32301475 5627523 -1975
32301475 5627503 -1925
32301243 5627550 -1875
32301475 5627550 -1916
32301262 5627550 -1825
32301475 5627542 -1275
32301475 5627550 -1274
32301475 5627850 -2725
32301475 5627850 -2032
32301475 5627787 -1875
32301475 5627767 -1825
32301276 5627850 -1775
32301475 5627850 -1810
32301295 5627850 -1725
32301475 5627850 -1252
32301475 5628150 -2725
32301201 5628150 -2375
32301475 5628033 -2025
32301475 5628150 -2020
32301475 5628052 -1775
32301475 5628033 -1725
32301475 5628013 -1675
32301326 5628150 -1625
32301475 5628150 -1651
32301345 5628150 -1575
32301432 5628150 -1225
32301475 5628150 -1228
32301475 5628157 -2725
32301475 5628450 -2676
32301475 5628450 -2384
32301475 5628442 -2375
32301224 5628450 -2325
32301475 5628450 -2373
32301263 5628450 -2275
32301475 5628450 -2003
32301475 5628301 -1625
32301475 5628281 -1575
32301475 5628262 -1525
32301373 5628450 -1475
32301475 5628450 -1492
32301392 5628450 -1425
32301411 5628450 -1375
32301475 5628186 -1225
32301226 5628450 -1175
32301475 5628450 -1201
32301475 5628750 -2675
32301475 5628584 -2375
32301475 5628717 -2325
32301475 5628750 -2363
32301475 5628675 -2275
32301282 5628750 -2225
32301475 5628750 -2261
32301321 5628750 -2175
32301306 5628750 -1975
32301475 5628750 -1981
32301475 5628552 -1475
32301475 5628533 -1425
32301475 5628514 -1375
32301418 5628750 -1325
32301475 5628750 -1334
32301437 5628750 -1275
32301455 5628750 -1225
32301475 5628708 -1175
32301475 5628750 -1170
32301475 5628752 -2675
32301475 5629050 -2625
32301224 5629050 -2325
32301475 5629050 -2334
32301475 5628956 -2225
32301475 5628913 -2175
32301334 5629050 -2125
32301475 5629050 -2150
32301374 5629050 -2075
32301475 5628807 -1975
32301475 5629050 -1949
32301475 5628807 -1325
32301475 5628788 -1275
32301475 5628770 -1225
32301475 5628751 -1175
32301474 5629350 -2625
32301475 5629350 -2625
32301475 5629120 -2325
32301178 5629350 -2275
32301475 5629350 -2294
32301475 5629201 -2125
32301475 5629158 -2075
32301382 5629350 -2025
32301475 5629350 -2041
32301419 5629350 -1975
32301475 5629218 -1925
32301460 5629350 -1925
32301475 5629350 -1905
32301475 5629351 -2625
32301475 5629395 -2575
32301475 5629650 -2532
32301475 5629468 -2275
32301284 5629650 -2225
32301475 5629650 -2244
32301475 5629451 -2025
32301475 5629410 -1975
32301475 5629366 -1925
32301475 5629650 -1878
32301454 5629650 -1875
32301475 5629513 -1875
32301475 5629650 -1848
32301475 5629651 -2525
32301473 5629950 -2475
32301475 5629950 -2475
32301475 5629740 -2225
32301438 5629950 -2175
32301475 5629950 -2180
32301475 5629673 -1875
32301475 5629951 -2475
32301473 5630250 -2425
32301475 5630250 -2425
32301475 5629969 -2175
32301475 5630161 -2125
32301323 5630250 -2075
32301475 5630250 -2101
32301475 5630252 -2425
32301475 5630251 -2375
32301473 5630550 -2325
32301475 5630550 -2325
32301475 5630336 -2075
32301475 5630496 -2025
32301322 5630550 -1975
32301475 5630550 -2008
32301475 5630551 -2325
32301475 5630551 -2275
32301474 5630850 -2225
32301475 5630850 -2225
32301475 5630663 -1975
32301475 5630831 -1925
32301339 5630850 -1875
32301475 5630850 -1919
32301191 5630850 -1825
32301475 5630851 -2225
32301475 5630851 -2175
32301473 5631150 -2125
32301475 5631150 -2125
32301474 5631150 -2075
32301475 5630960 -1875
32301475 5631081 -1825
32301405 5631150 -1775
32301475 5631150 -1796
32301244 5631150 -1725
32301475 5631151 -2125
32301475 5631151 -2075
32301475 5631151 -2025
32301474 5631450 -1975
32301475 5631450 -1975
32301474 5631450 -1925
32301475 5631197 -1775
32301475 5631307 -1725
32301475 5631415 -1675
32301378 5631450 -1625
32301475 5631450 -1658
32301239 5631450 -1575
32301475 5631451 -1975
32301475 5631451 -1925
32301475 5631451 -1875
32301474 5631750 -1825
32301475 5631750 -1825
32301474 5631750 -1775
32301475 5631519 -1625
32301475 5631620 -1575
32301475 5631719 -1525
32301386 5631750 -1475
32301475 5631750 -1509
32301260 5631750 -1425
32301475 5631751 -1825
32301475 5631751 -1775
32301475 5631751 -1725
32301474 5632050 -1675
32301475 5632050 -1675
32301474 5632050 -1625
32301475 5631816 -1475
32301475 5631911 -1425
32301475 5632005 -1375
32301411 5632050 -1325
32301475 5632050 -1351
32301289 5632050 -1275
32301475 5632051 -1675
32301475 5632051 -1625
32301475 5632051 -1575
32301474 5632350 -1525
32301475 5632350 -1525
32301474 5632350 -1475
32301474 5632350 -1425
32301475 5632103 -1325
32301475 5632206 -1275
32301475 5632309 -1225
32301407 5632350 -1175
32301475 5632350 -1204
32301308 5632350 -1125
32301181 5632350 -1075
32301475 5632351 -1525
32301475 5632351 -1475
32301475 5632351 -1425
32301475 5632350 -1375
32301474 5632650 -1325
32301475 5632650 -1325
32301474 5632650 -1275
32301474 5632650 -1225
32301475 5632408 -1175
32301475 5632492 -1125
32301475 5632601 -1075
32301407 5632650 -1025
32301475 5632650 -1053
32301284 5632650 -975
32301475 5632651 -1325
32301475 5632651 -1275
32301475 5632650 -1225
32301475 5632650 -1175
32301474 5632950 -1125
32301475 5632950 -1125
32301475 5632950 -1075
32301475 5632708 -1025
32301475 5632950 -1025
32301475 5632816 -975
32301475 5632927 -925
32301373 5632950 -875
32301475 5632950 -915
32301241 5632950 -825
32301475 5632951 -1125
32301475 5632950 -1075
32301475 5632950 -1025
32301475 5632950 -975
32301475 5633250 -925
32301475 5633250 -925
32301475 5633039 -875
32301475 5633250 -875
32301475 5633250 -825
32301475 5633156 -825
32301475 5633250 -787
32301443 5633250 -775
32301324 5633250 -725
32301201 5633250 -675
32301475 5633250 -925
32301475 5633250 -875
32301475 5633250 -825
32301475 5633550 -725
32301475 5633382 -725
32301475 5633550 -725
32301475 5633550 -675
32301475 5633492 -675
32301475 5633550 -649
32301303 5633550 -575
32301191 5633550 -525
32301475 5633550 -725
32301475 5633550 -675
32301195 5633850 -325
32301475 5634150 -275
32301475 5634150 -275
32301475 5634109 -275
32301475 5634150 -241
32301284 5634150 -125
32301205 5634150 -75
32301475 5634150 -275
32301475 5634450 -25
32301475 5634450 -25
32301475 5634377 -25
32301475 5634450 25
32301475 5634427 25
32301475 5634450 47
32301346 5634450 125
32301277 5634450 175
32301198 5634450 225
32301475 5634450 -25
32301475 5634450 25
32301475 5634750 225
32301475 5634636 225
32301475 5634750 224
32301475 5634688 275
32301475 5634750 275
32301475 5634750 325
32301475 5634741 325
32301401 5634750 375
32301475 5634750 332
32301314 5634750 425
32301228 5634750 475
32301475 5634750 225
32301475 5634750 275
32301475 5634750 325
32301475 5635050 475
32301475 5634918 475
32301475 5635050 474
32301475 5635050 475
32301777 5623650 -2725
32301777 5623950 -2725
32301566 5623650 -625
32301574 5623950 -625
32301777 5623950 -607
32301777 5623650 -614
32301777 5624250 -2725
32301500 5624250 -675
32301757 5624250 -625
32301777 5624250 -620
32301777 5624550 -2725
32301523 5624550 -775
32301697 5624550 -725
32301777 5624550 -700
32301777 5624453 -675
32301777 5624265 -625
32301777 5624850 -2725
32301486 5624850 -925
32301655 5624850 -875
32301777 5624850 -835
32301777 5624825 -825
32301777 5624709 -775
32301777 5624601 -725
32301777 5625150 -2725
32301617 5625150 -1025
32301777 5625150 -980
32301777 5625138 -975
32301777 5625027 -925
32301777 5624925 -875
32301777 5625450 -2725
32301680 5625450 -1125
32301777 5625450 -1103
32301777 5625375 -1075
32301777 5625251 -1025
32301777 5625750 -2725
32301592 5625750 -1225
32301777 5625750 -1192
32301777 5625687 -1175
32301777 5625519 -1125
32301777 5626050 -2725
32301588 5626050 -1275
32301777 5626050 -1248
32301777 5625920 -1225
32301777 5626350 -2725
32301777 5626350 -1277
32301777 5626326 -1275
32301777 5626650 -2725
32301777 5626650 -1286
32301777 5626950 -2725
32301777 5626950 -1284
32301777 5627250 -2725
32301476 5627250 -2025
32301777 5627250 -1276
32301777 5627550 -2725
32301661 5627550 -2025
32301501 5627550 -1975
32301520 5627550 -1925
32301777 5627289 -1275
32301777 5627550 -1264
32301777 5627850 -2725
32301588 5627850 -2025
32301777 5627850 -2013
32301777 5627834 -1975
32301777 5627814 -1925
32301536 5627850 -1875
32301777 5627850 -1918
32301556 5627850 -1825
32301777 5627850 -1251
32301777 5628150 -2725
32301777 5628150 -2008
32301777 5628096 -1875
32301777 5628076 -1825
32301777 5628056 -1775
32301590 5628150 -1725
32301777 5628150 -1758
32301609 5628150 -1675
32301777 5628150 -1236
32301769 5628450 -2725
32301777 5628450 -2725
32301483 5628450 -2375
32301777 5628450 -2000
32301777 5628339 -1725
32301777 5628320 -1675
32301622 5628450 -1625
32301777 5628450 -1652
32301641 5628450 -1575
32301661 5628450 -1525
32301777 5628382 -1225
32301777 5628450 -1221
32301777 5628452 -2725
32301777 5628750 -2675
32301506 5628750 -2325
32301546 5628750 -2275
32301777 5628750 -1986
32301777 5628605 -1625
32301777 5628586 -1575
32301777 5628566 -1525
32301672 5628750 -1475
32301777 5628750 -1493
32301691 5628750 -1425
32301710 5628750 -1375
32301515 5628750 -1175
32301777 5628750 -1202
32301774 5629050 -2675
32301777 5629050 -2675
32301777 5629050 -2339
32301777 5629037 -2325
32301777 5628994 -2275
32301564 5629050 -2225
32301777 5629050 -2264
32301604 5629050 -2175
32301777 5628899 -1975
32301777 5629050 -1963
32301777 5628855 -1475
32301777 5628835 -1425
32301777 5628816 -1375
32301746 5629050 -1325
32301777 5629050 -1330
32301738 5629050 -1275
32301757 5629050 -1225
32301777 5629044 -1175
32301776 5629050 -1175
32301777 5629050 -1174
32301777 5629052 -2675
32301777 5629350 -2625
32301777 5629200 -2325
32301777 5629350 -2310
32301777 5629275 -2225
32301777 5629232 -2175
32301616 5629350 -2125
32301777 5629350 -2154
32301657 5629350 -2075
32301702 5629350 -1925
32301777 5629350 -1931
32301777 5629080 -1325
32301777 5629088 -1275
32301777 5629069 -1225
32301777 5629050 -1175
32301777 5629352 -2625
32301727 5629650 -2575
32301777 5629650 -2575
32301777 5629608 -2275
32301777 5629650 -2269
32301777 5629521 -2125
32301777 5629477 -2075
32301777 5629432 -2025
32301701 5629650 -1975
32301777 5629650 -1988
32301777 5629389 -1925
32301743 5629650 -1925
32301777 5629650 -1885
32301689 5629650 -1875
32301777 5629652 -2575
32301775 5629950 -2525
32301777 5629950 -2525
32301777 5629900 -2225
32301777 5629950 -2216
32301777 5629731 -1975
32301777 5629685 -1925
32301734 5629950 -1875
32301777 5629702 -1875
32301777 5629950 -1882
32301777 5629950 -1825
32301777 5629952 -2525
32301774 5630250 -2475
32301777 5630250 -2475
32301777 5630136 -2175
32301620 5630250 -2125
32301777 5630250 -2149
32301777 5629993 -1875
32301777 5630252 -2475
32301777 5630251 -2425
32301775 5630550 -2375
32301777 5630550 -2375
32301777 5630370 -2125
32301727 5630550 -2075
32301777 5630550 -2087
32301538 5630550 -2025
32301777 5630551 -2375
32301777 5630551 -2325
32301775 5630850 -2275
32301777 5630850 -2275
32301777 5630591 -2075
32301777 5630751 -2025
32301699 5630850 -1975
32301777 5630850 -1993
32301497 5630850 -1925
32301777 5630851 -2275
32301777 5630851 -2225
32301775 5631150 -2175
32301777 5631150 -2175
32301777 5630902 -1975
32301777 5631041 -1925
32301740 5631150 -1875
32301777 5631150 -1885
32301570 5631150 -1825
32301777 5631151 -2175
32301777 5631151 -2125
32301775 5631450 -2075
32301777 5631450 -2075
32301775 5631450 -2025
32301777 5631179 -1875
32301777 5631316 -1825
32301776 5631450 -1775
32301777 5631450 -1775
32301643 5631450 -1725
32301515 5631450 -1675
32301777 5631451 -2075
32301777 5631451 -2025
32301777 5631451 -1975
32301775 5631750 -1925
32301777 5631750 -1925
32301775 5631750 -1875
32301777 5631450 -1775
32301777 5631563 -1725
32301777 5631674 -1675
32301740 5631750 -1625
32301777 5631750 -1640
32301623 5631750 -1575
32301510 5631750 -1525
32301777 5631751 -1925
32301777 5631751 -1875
32301777 5631751 -1825
32301775 5632050 -1775
32301777 5632050 -1775
32301775 5632050 -1725
32301777 5631782 -1625
32301777 5631885 -1575
32301777 5631986 -1525
32301736 5632050 -1475
32301777 5632050 -1493
32301628 5632050 -1425
32301524 5632050 -1375
32301777 5632051 -1775
32301777 5632051 -1725
32301777 5632050 -1675
32301775 5632350 -1625
32301777 5632350 -1625
32301775 5632350 -1575
32301777 5632086 -1475
32301777 5632183 -1425
32301777 5632279 -1375
32301748 5632350 -1325
32301777 5632350 -1337
32301632 5632350 -1275
32301520 5632350 -1225
32301777 5632351 -1625
32301777 5632351 -1575
32301777 5632350 -1525
32301777 5632350 -1475
32301775 5632650 -1425
32301777 5632650 -1425
32301776 5632650 -1375
32301777 5632373 -1325
32301777 5632469 -1275
32301777 5632564 -1225
32301765 5632650 -1175
32301777 5632650 -1179
32301646 5632650 -1125
32301527 5632650 -1075
32301777 5632651 -1425
32301777 5632650 -1375
32301777 5632650 -1325
32301777 5632650 -1275
32301776 5632950 -1225
32301777 5632950 -1225
32301777 5632659 -1175
32301776 5632950 -1175
32301777 5632759 -1125
32301777 5632859 -1075
32301761 5632950 -1025
32301777 5632950 -1031
32301633 5632950 -975
32301501 5632950 -925
32301777 5632950 -1225
32301777 5632950 -1175
32301777 5632950 -1125
32301777 5632953 -1075
32301777 5632962 -1025
32301777 5633250 -1026
32301776 5633250 -1025
32301776 5633250 -975
32301777 5633070 -975
32301777 5633182 -925
32301720 5633250 -875
32301777 5633250 -895
32301583 5633250 -825
32301777 5633250 -1025
32301777 5633250 -975
32301777 5633250 -925
32301776 5633550 -825
32301777 5633404 -825
32301777 5633550 -825
32301777 5633520 -775
32301777 5633550 -775
32301677 5633550 -725
32301777 5633550 -762
32301543 5633550 -675
32301777 5633550 -825
32301777 5633550 -775
32301777 5633850 -625
32301776 5633850 -625
32301777 5633813 -625
32301777 5633850 -606
32301777 5633850 -625
32301776 5634150 -425
32301777 5634116 -425
32301777 5634150 -425
32301777 5634150 -400
32301536 5634150 -275
32301777 5634150 -425
32301776 5634450 -175
32301777 5634404 -175
32301777 5634450 -175
32301777 5634450 -131
32301597 5634450 -25
32301513 5634450 25
32301777 5634450 -175
32301777 5634750 74
32301776 5634750 75
32301777 5634656 75
32301776 5634750 125
32301777 5634705 125
32301777 5634750 170
32301676 5634750 225
32301583 5634750 275
32301490 5634750 325
32301777 5634750 75
32301777 5634750 125
32301776 5635050 325
32301777 5634934 325
32301777 5635050 324
32301777 5634994 375
32301776 5635050 375
32301777 5635050 421
32301679 5635050 475
32301777 5635050 325
32301777 5635050 375
32302078 5623650 -2725
32302078 5623950 -2725
32302078 5623650 -624
32302078 5623950 -614
32302078 5624250 -2725
32302078 5624250 -598
32302078 5624550 -2725
32301882 5624550 -675
32302077 5624550 -625
32302078 5624550 -624
32302078 5624850 -2725
32301808 5624850 -825
32301953 5624850 -775
32302078 5624850 -727
32302078 5624842 -725
32302078 5624693 -675
32302078 5624550 -625
32302078 5625150 -2725
32301792 5625150 -975
32301938 5625150 -925
32302070 5625150 -875
32302078 5625150 -871
32302078 5625044 -825
32302078 5624941 -775
32302078 5625450 -2725
32301870 5625450 -1075
32302027 5625450 -1025
32302078 5625450 -1007
32302078 5625370 -975
32302078 5625257 -925
32302078 5625156 -875
32302078 5625750 -2725
32301844 5625750 -1175
32302029 5625750 -1125
32302078 5625750 -1111
32302078 5625637 -1075
32302078 5625495 -1025
32302078 5626050 -2725
32301880 5626050 -1225
32302078 5626050 -1178
32302078 5626032 -1175
32302078 5625808 -1125
32302078 5626350 -2725
32301788 5626350 -1275
32302035 5626350 -1225
32302078 5626350 -1216
32302078 5626650 -2725
32301842 5626650 -1275
32302078 5626650 -1233
32302078 5626502 -1225
32302078 5626950 -2725
32301841 5626950 -1275
32302078 5626950 -1239
32302078 5627250 -2725
32301789 5627250 -1275
32302078 5627250 -1241
32302078 5627550 -2725
32302078 5627550 -1240
32302078 5627850 -2725
32301792 5627850 -1975
32301811 5627850 -1925
32302078 5627850 -1237
32302078 5628150 -2725
32302078 5628150 -1989
32302078 5628144 -1975
32302078 5628123 -1925
32301829 5628150 -1875
32302078 5628150 -1920
32301849 5628150 -1825
32301868 5628150 -1775
32302078 5628150 -1235
32302078 5628450 -2725
32302078 5628450 -1990
32302078 5628403 -1875
32302078 5628382 -1825
32302078 5628362 -1775
32301885 5628450 -1725
32302078 5628450 -1759
32301905 5628450 -1675
32301874 5628450 -1225
32302078 5628450 -1232
32302075 5628750 -2725
32302078 5628750 -2725
32302078 5628750 -1985
32302078 5628644 -1725
32302078 5628624 -1675
32302078 5628609 -1625
32301940 5628750 -1575
32302078 5628750 -1600
32301960 5628750 -1525
32302078 5628736 -1225
32302078 5628750 -1224
32302078 5628752 -2725
32302078 5629050 -2675
32301794 5629050 -2325
32301830 5629050 -2275
32302078 5629014 -1975
32302078 5629050 -1973
32302078 5628888 -1575
32302078 5628868 -1525
32301972 5629050 -1475
32302078 5629050 -1493
32301992 5629050 -1425
32302012 5629050 -1375
32301781 5629050 -1175
32302078 5629050 -1208
32302078 5629350 -2675
32302078 5629350 -2675
32302078 5629310 -2275
32302078 5629350 -2320
32301848 5629350 -2225
32302078 5629350 -2267
32301889 5629350 -2175
32302078 5629350 -1951
32302078 5629155 -1475
32302078 5629135 -1425
32302078 5629115 -1375
32302020 5629350 -1325
32302078 5629350 -1334
32302039 5629350 -1275
32302066 5629350 -1225
32302078 5629350 -1196
32302078 5629350 -2675
32302075 5629650 -2625
32302078 5629650 -2625
32301858 5629650 -2275
32302078 5629650 -2289
32302078 5629592 -2225
32302078 5629547 -2175
32301991 5629650 -2125
32302078 5629650 -2141
32301942 5629650 -2075
32301984 5629650 -2025
32302078 5629575 -1925
32302078 5629650 -1916
32302078 5629406 -1325
32302078 5629387 -1275
32302078 5629361 -1225
32302078 5629652 -2625
32302076 5629950 -2575
32302078 5629950 -2575
32302078 5629756 -2275
32301860 5629950 -2225
32302078 5629950 -2247
32302078 5629746 -2125
32302078 5629792 -2075
32302078 5629743 -2025
32301996 5629950 -1975
32302078 5629950 -1988
32302042 5629950 -1925
32302023 5629950 -1875
32302078 5629950 -1885
32302078 5629952 -2575
32302078 5630130 -2525
32302078 5630250 -2505
32302078 5630130 -2225
32301901 5630250 -2175
32302078 5630250 -2209
32302078 5630032 -1975
32302078 5629986 -1925
32302032 5630250 -1875
32302078 5630002 -1875
32302078 5630250 -1882
32302078 5630242 -1825
32302076 5630250 -1825
32302078 5630250 -1823
32302078 5630251 -2475
32302076 5630550 -2425
32302078 5630550 -2425
32302078 5630434 -2175
32301981 5630550 -2125
32302078 5630550 -2146
32302078 5630298 -1875
32302078 5630251 -1825
32302078 5630551 -2425
32302078 5630551 -2375
32302076 5630850 -2325
32302078 5630850 -2325
32302078 5630624 -2125
32302078 5630837 -2075
32301895 5630850 -2025
32302078 5630850 -2072
32302078 5630851 -2325
32302078 5630851 -2275
32302076 5631150 -2225
32302078 5631150 -2225
32302078 5631002 -2025
32302065 5631150 -1975
32302078 5631150 -1978
32301901 5631150 -1925
32302078 5631151 -2225
32302078 5631151 -2175
32302076 5631450 -2125
32302078 5631450 -2125
32302078 5631160 -1975
32302078 5631303 -1925
32302078 5631442 -1875
32301927 5631450 -1825
32302078 5631450 -1872
32302078 5631451 -2125
32302078 5631451 -2075
32302078 5631750 -2025
32302078 5631750 -2025
32302076 5631750 -1975
32302078 5631570 -1825
32302078 5631695 -1775
32302000 5631750 -1725
32302078 5631750 -1753
32301866 5631750 -1675
32302078 5631750 -2025
32302078 5631751 -1975
32302078 5631751 -1925
32302076 5632050 -1875
32302078 5632050 -1875
32302077 5632050 -1825
32302078 5631814 -1725
32302078 5631928 -1675
32302078 5632039 -1625
32301967 5632050 -1575
32302078 5632050 -1620
32301849 5632050 -1525
32302078 5632051 -1875
32302078 5632051 -1825
32302078 5632050 -1775
32302076 5632350 -1725
32302078 5632350 -1725
32302077 5632350 -1675
32302078 5632144 -1575
32302078 5632247 -1525
32302078 5632348 -1475
32301966 5632350 -1425
32302078 5632350 -1474
32301857 5632350 -1375
32302078 5632351 -1725
32302078 5632351 -1675
32302078 5632350 -1625
32302078 5632350 -1575
32302077 5632650 -1525
32302078 5632650 -1525
32302077 5632650 -1475
32302078 5632446 -1425
32302078 5632543 -1375
32302078 5632638 -1325
32301981 5632650 -1275
32302078 5632650 -1319
32301872 5632650 -1225
32302078 5632651 -1525
32302078 5632650 -1475
32302078 5632650 -1425
32302077 5632950 -1375
32302078 5632950 -1375
32302077 5632950 -1325
32302078 5632735 -1275
32302077 5632950 -1275
32302078 5632831 -1225
32302078 5632926 -1175
32301991 5632950 -1125
32302078 5632950 -1162
32301877 5632950 -1075
32302078 5632951 -1375
32302078 5632950 -1325
32302078 5632950 -1275
32302078 5632950 -1225
32302077 5633250 -1175
32302078 5633250 -1175
32302078 5633024 -1125
32302077 5633250 -1125
32302073 5633250 -1075
32302078 5633125 -1075
32302078 5633227 -1025
32301980 5633250 -975
32302078 5633250 -1014
32301853 5633250 -925
32302078 5633250 -1175
32302078 5633250 -1125
32302078 5633250 -1075
32302078 5633250 -1025
32302078 5633329 -975
32302078 5633550 -975
32302077 5633550 -975
32302078 5633550 -925
32302078 5633434 -925
32302078 5633542 -875
32302078 5633550 -875
32301952 5633550 -825
32302078 5633550 -871
32301812 5633550 -775
32302078 5633550 -975
32302078 5633550 -925
32302078 5633550 -875
32302077 5633850 -775
32302078 5633737 -775
32302078 5633850 -775
32302078 5633837 -725
32302078 5633850 -725
32302078 5633850 -719
32301827 5633850 -625
32302078 5633850 -775
32302078 5633850 -725
32301831 5634150 -425
32302078 5634450 -325
32302078 5634415 -325
32302078 5634450 -325
32302078 5634450 -295
32301855 5634450 -175
32302078 5634450 -325
32302078 5634750 -75
32302078 5634689 -75
32302078 5634750 -75
32302078 5634750 -25
32302078 5634740 -25
32302078 5634750 -15
32301931 5634750 75
32301851 5634750 125
32302078 5634750 -75
32302078 5634750 -25
32302078 5635050 174
32302077 5635050 175
32302078 5634973 175
32302078 5635050 225
32302078 5635032 225
32302078 5635050 239
32301938 5635050 325
32301855 5635050 375
32302078 5635050 175
32302078 5635050 225
32302078 5635350 424
32302078 5635350 425
32302078 5635282 425
32302078 5635350 475
32302078 5635344 475
32302078 5635350 425
32302078 5635350 475
32302379 5623650 -2726
32302379 5623950 -2725
32302162 5623950 -625
32302379 5623650 -653
32302085 5623650 -625
32302379 5623950 -651
32302379 5624250 -2725
32302379 5624200 -625
32302379 5624250 -619
32302379 5624550 -2725
32302379 5624550 -589
32302379 5624850 -2725
32302087 5624850 -725
32302244 5624850 -675
32302379 5624850 -627
32302379 5624829 -625
32302379 5625150 -2725
32302200 5625150 -825
32302319 5625150 -775
32302379 5625150 -747
32302379 5625088 -725
32302379 5624961 -675
32302379 5625450 -2725
32302167 5625450 -975
32302294 5625450 -925
32302379 5625450 -889
32302379 5625415 -875
32302379 5625302 -825
32302379 5625200 -775
32302379 5625750 -2725
32302185 5625750 -1075
32302325 5625750 -1025
32302379 5625750 -1004
32302379 5625664 -975
32302379 5625534 -925
32302379 5626050 -2725
32302090 5626050 -1175
32302250 5626050 -1125
32302379 5626050 -1083
32302379 5626016 -1075
32302379 5625822 -1025
32302379 5626350 -2725
32302224 5626350 -1175
32302379 5626350 -1130
32302379 5626314 -1125
32302379 5626650 -2725
32302112 5626650 -1225
32302311 5626650 -1175
32302379 5626650 -1157
32302379 5626950 -2725
32302147 5626950 -1225
32302379 5626950 -1175
32302379 5626938 -1175
32302379 5627250 -2725
32302174 5627250 -1225
32302379 5627250 -1190
32302379 5627550 -2725
32302206 5627550 -1225
32302379 5627550 -1205
32302379 5627850 -2725
32302278 5627850 -1225
32302379 5627850 -1218
32302379 5628150 -2725
32302083 5628150 -1975
32302103 5628150 -1925
32302379 5628150 -1230
32302379 5628005 -1225
32302379 5628450 -2725
32302375 5628450 -1975
32302379 5628450 -1974
32302379 5628429 -1925
32302124 5628450 -1875
32302379 5628450 -1921
32302144 5628450 -1825
32302164 5628450 -1775
32302379 5628450 -1240
32302379 5628750 -2725
32302379 5628750 -1981
32302379 5628460 -1975
32302379 5628705 -1875
32302379 5628685 -1825
32302379 5628665 -1775
32302184 5628750 -1725
32302379 5628750 -1759
32302204 5628750 -1675
32302218 5628750 -1625
32302083 5628750 -1225
32302379 5628750 -1243
32302379 5628752 -2725
32302379 5629050 -2675
32302155 5629050 -1975
32302379 5629050 -1979
32302379 5628944 -1725
32302379 5628924 -1675
32302379 5628999 -1625
32302241 5629050 -1575
32302379 5629050 -1615
32302262 5629050 -1525
32302185 5629050 -1225
32302379 5629050 -1254
32302379 5629350 -2675
32302277 5629350 -2325
32302379 5629350 -2327
32302379 5629348 -2325
32302116 5629350 -2275
32302379 5629350 -2324
32302379 5629152 -1975
32302379 5629350 -1966
32302379 5629183 -1575
32302379 5629163 -1525
32302279 5629350 -1475
32302379 5629350 -1491
32302300 5629350 -1425
32302321 5629350 -1375
32302298 5629350 -1225
32302379 5629350 -1235
32302379 5629352 -2675
32302379 5629650 -2625
32302379 5629381 -2325
32302379 5629622 -2275
32302379 5629650 -2306
32302379 5629581 -2225
32302177 5629650 -2175
32302379 5629650 -2212
32302137 5629650 -1925
32302379 5629650 -1959
32302379 5629447 -1475
32302379 5629427 -1425
32302379 5629406 -1375
32302328 5629650 -1325
32302379 5629650 -1333
32302348 5629650 -1275
32302379 5629435 -1225
32302369 5629650 -1225
32302379 5629650 -1199
32302379 5629652 -2625
32302379 5629950 -2575
32302265 5629950 -2275
32302379 5629950 -2291
32302379 5629849 -2175
32302379 5629799 -2125
32302238 5629950 -2075
32302379 5629950 -2098
32302288 5629950 -2025
32302379 5629931 -1925
32302379 5629950 -1922
32302379 5629701 -1325
32302379 5629680 -1275
32302379 5629660 -1225
32302379 5629950 -1176
32302368 5629950 -1175
32302379 5629792 -1175
32302379 5629950 -1147
32302379 5629952 -2575
32302200 5630250 -2525
32302379 5630250 -2525
32302379 5630094 -2275
32302172 5630250 -2225
32302379 5630250 -2257
32302379 5630086 -2075
32302379 5630041 -2025
32302293 5630250 -1975
32302379 5630250 -1989
32302331 5630250 -1925
32302379 5630232 -1875
32302087 5630250 -1825
32302379 5630250 -1871
32302379 5629961 -1175
32302379 5630251 -2525
32302377 5630550 -2475
32302379 5630550 -2475
32302379 5630424 -2225
32302214 5630550 -2175
32302379 5630550 -2201
32302379 5630337 -1975
32302379 5630298 -1925
32302379 5630252 -1875
32302379 5630512 -1825
32302379 5630550 -1826
32302373 5630550 -1825
32302379 5630550 -1818
32302379 5630551 -2475
32302379 5630551 -2425
32302377 5630850 -2375
32302379 5630850 -2375
32302379 5630667 -2175
32302337 5630850 -2125
32302379 5630850 -2133
32302092 5630850 -2075
32302379 5630556 -1825
32302379 5630851 -2375
32302378 5631150 -2325
32302379 5631150 -2325
32302378 5631150 -2275
32302379 5630881 -2125
32302379 5631070 -2075
32302262 5631150 -2025
32302379 5631150 -2053
32302379 5631151 -2325
32302379 5631151 -2275
32302379 5631151 -2225
32302378 5631450 -2175
32302379 5631450 -2175
32302379 5631244 -2025
32302379 5631407 -1975
32302252 5631450 -1925
32302379 5631450 -1961
32302086 5631450 -1875
32302379 5631451 -2175
32302379 5631451 -2125
32302378 5631750 -2075
32302379 5631750 -2075
32302379 5631557 -1925
32302379 5631700 -1875
32302282 5631750 -1825
32302379 5631750 -1857
32302139 5631750 -1775
32302379 5631751 -2075
32302379 5631751 -2025
32302379 5631750 -1975
32302378 5632050 -1925
32302379 5632050 -1925
32302379 5631834 -1825
32302379 5631962 -1775
32302340 5632050 -1725
32302379 5632050 -1739
32302212 5632050 -1675
32302090 5632050 -1625
32302379 5632051 -1925
32302379 5632050 -1875
32302379 5632050 -1825
32302378 5632350 -1775
32302379 5632350 -1775
32302379 5632084 -1725
32302379 5632199 -1675
32302379 5632311 -1625
32302303 5632350 -1575
32302379 5632350 -1607
32302189 5632350 -1525
32302079 5632350 -1475
32302379 5632350 -1775
32302379 5632350 -1725
32302379 5632350 -1675
32302378 5632650 -1625
32302379 5632650 -1625
32302379 5632418 -1575
32302378 5632650 -1575
32302379 5632522 -1525
32302379 5632623 -1475
32302299 5632650 -1425
32302379 5632650 -1461
32302193 5632650 -1375
32302090 5632650 -1325
32302379 5632650 -1625
32302379 5632650 -1575
32302379 5632650 -1525
32302378 5632950 -1475
32302379 5632950 -1475
32302379 5632722 -1425
32302378 5632950 -1425
32302379 5632819 -1375
32302379 5632914 -1325
32302312 5632950 -1275
32302379 5632950 -1306
32302207 5632950 -1225
32302103 5632950 -1175
32302379 5632950 -1475
32302379 5632950 -1425
32302379 5632950 -1375
32302379 5632950 -1325
32302379 5633010 -1275
32302379 5633250 -1275
32302378 5633250 -1275
32302379 5633250 -1225
32302379 5633105 -1225
32302379 5633200 -1175
32302325 5633250 -1125
32302379 5633250 -1149
32302214 5633250 -1075
32302102 5633250 -1025
32302379 5633250 -1275
32302379 5633250 -1225
32302379 5633250 -1175
32302379 5633550 -1075
32302379 5633392 -1075
32302379 5633550 -1075
32302379 5633550 -1025
32302379 5633489 -1025
32302379 5633550 -994
32302332 5633550 -975
32302211 5633550 -925
32302086 5633550 -875
32302379 5633550 -1075
32302379 5633550 -1025
32302379 5633850 -875
32302379 5633775 -875
32302379 5633850 -875
32302379 5633850 -836
32302224 5633850 -775
32302094 5633850 -725
32302379 5633850 -875
32302379 5634150 -675
32302379 5634150 -675
32302379 5634125 -675
32302379 5634150 -660
32302379 5634150 -675
32302134 5634450 -325
32302379 5634750 -225
32302379 5634727 -225
32302379 5634750 -225
32302379 5634750 -204
32302171 5634750 -75
32302092 5634750 -25
32302379 5634750 -225
32302379 5635050 24
32302379 5635050 25
32302379 5635012 25
32302379 5635050 58
32302185 5635050 175
32302102 5635050 225
32302379 5635050 25
32302379 5635350 274
32302379 5635350 275
32302379 5635317 275
32302379 5635350 300
32302168 5635350 425
32302085 5635350 475
32302379 5635350 275
32302680 5623650 -2726
32302680 5623950 -2726
32302479 5623950 -675
32302680 5623650 -702
32302510 5623650 -675
32302680 5623950 -719
32302680 5624250 -2725
32302634 5624250 -675
32302680 5624250 -684
32302405 5624250 -625
32302680 5624550 -2725
32302680 5624300 -675
32302680 5624537 -625
32302680 5624550 -622
32302680 5624850 -2725
32302397 5624850 -625
32302680 5624850 -583
32302680 5625150 -2725
32302444 5625150 -725
32302578 5625150 -675
32302680 5625150 -634
32302680 5625094 -625
32302680 5625450 -2725
32302414 5625450 -875
32302532 5625450 -825
32302643 5625450 -775
32302680 5625450 -757
32302680 5625362 -725
32302680 5625238 -675
32302680 5625750 -2725
32302453 5625750 -975
32302571 5625750 -925
32302680 5625750 -876
32302680 5625746 -875
32302680 5625608 -825
32302680 5625488 -775
32302680 5626050 -2725
32302400 5626050 -1075
32302528 5626050 -1025
32302651 5626050 -975
32302680 5626050 -962
32302680 5625910 -925
32302680 5626350 -2726
32302394 5626350 -1125
32302532 5626350 -1075
32302666 5626350 -1025
32302680 5626350 -1019
32302680 5626111 -975
32302680 5626650 -2726
32302479 5626650 -1125
32302630 5626650 -1075
32302680 5626650 -1058
32302680 5626391 -1025
32302680 5626950 -2725
32302381 5626950 -1175
32302559 5626950 -1125
32302680 5626950 -1091
32302680 5626801 -1075
32302680 5627250 -2725
32302450 5627250 -1175
32302677 5627250 -1125
32302680 5627250 -1124
32302680 5627550 -2725
32302574 5627550 -1175
32302680 5627550 -1159
32302680 5627255 -1125
32302680 5627850 -2725
32302680 5627850 -1193
32302680 5627688 -1175
32302680 5628150 -2725
32302641 5628150 -1225
32302680 5628150 -1224
32302680 5628450 -2725
32302399 5628450 -1925
32302680 5628450 -1247
32302680 5628160 -1225
32302680 5628750 -2725
32302593 5628750 -1975
32302680 5628750 -1972
32302680 5628730 -1925
32302423 5628750 -1875
32302680 5628750 -1921
32302444 5628750 -1825
32302465 5628750 -1775
32302644 5628750 -1275
32302680 5628750 -1279
32302680 5628710 -1275
32302677 5629050 -2725
32302680 5629050 -2725
32302680 5629050 -1981
32302680 5628830 -1975
32302680 5629004 -1875
32302680 5628983 -1825
32302680 5628958 -1775
32302489 5629050 -1725
32302680 5629050 -1757
32302510 5629050 -1675
32302433 5629050 -1625
32302603 5629050 -1275
32302680 5629050 -1281
32302680 5629052 -2725
32302680 5629350 -2675
32302381 5629350 -2325
32302460 5629350 -1975
32302680 5629350 -1996
32302680 5629234 -1725
32302680 5629213 -1675
32302680 5629350 -1650
32302531 5629350 -1625
32302552 5629350 -1575
32302573 5629350 -1525
32302680 5629240 -1275
32302680 5629350 -1271
32302678 5629650 -2675
32302680 5629650 -2675
32302680 5629633 -2325
32302520 5629650 -2325
32302680 5629650 -2345
32302680 5629650 -2321
32302409 5629650 -2275
32302453 5629650 -2225
32302580 5629650 -1975
32302680 5629650 -1982
32302680 5629497 -1625
32302680 5629476 -1575
32302680 5629455 -1525
32302584 5629650 -1475
32302680 5629650 -1491
32302605 5629650 -1425
32302626 5629650 -1375
32302546 5629650 -1225
32302680 5629650 -1244
32302680 5629652 -2675
32302678 5629950 -2625
32302680 5629950 -2625
32302680 5629932 -2325
32302627 5629909 -2319
32302680 5629950 -2323
32302680 5629905 -2275
32302680 5629860 -2225
32302486 5629950 -2175
32302680 5629950 -2208
32302532 5629950 -2125
32302680 5629780 -1975
32302395 5629950 -1925
32302680 5629950 -1965
32302680 5629745 -1475
32302680 5629724 -1425
32302680 5629704 -1375
32302630 5629950 -1325
32302680 5629950 -1333
32302650 5629950 -1275
32302680 5629790 -1225
32302671 5629950 -1225
32302680 5629950 -1201
32302530 5629950 -1175
32302680 5629952 -2625
32302678 5630250 -2575
32302680 5630250 -2575
32302539 5630250 -2275
32302680 5630250 -2290
32302680 5630143 -2175
32302680 5630097 -2125
32302544 5630250 -2075
32302680 5630250 -2098
32302589 5630250 -2025
32302678 5630250 -1925
32302680 5630250 -1925
32302396 5630250 -1875
32302680 5630000 -1325
32302680 5629980 -1275
32302680 5630250 -1230
32302647 5630250 -1225
32302680 5630086 -1175
32302667 5630250 -1175
32302680 5630250 -1141
32302680 5630252 -2575
32302678 5630550 -2525
32302680 5630550 -2525
32302680 5630353 -2275
32302539 5630550 -2225
32302680 5630550 -2245
32302680 5630390 -2075
32302680 5630343 -2025
32302586 5630550 -1975
32302680 5630550 -1990
32302680 5630252 -1925
32302632 5630550 -1925
32302678 5630550 -1875
32302680 5630537 -1875
32302649 5630292 -1913
32302680 5630550 -1872
32302416 5630550 -1825
32302680 5630283 -1225
32302680 5630263 -1175
32302680 5630551 -2525
32302680 5630551 -2475
32302679 5630850 -2425
32302680 5630850 -2425
32302680 5630659 -2225
32302603 5630850 -2175
32302680 5630850 -2189
32302680 5630646 -1975
32302680 5630599 -1925
32302680 5630552 -1875
32302665 5630850 -1825
32302680 5630774 -1825
32302680 5630850 -1827
32302680 5630850 -1808
32302680 5630851 -2425
32302679 5631150 -2375
32302680 5631150 -2375
32302680 5630913 -2175
32302680 5631136 -2125
32302472 5631150 -2075
32302680 5631150 -2121
32302680 5630865 -1825
32302680 5631151 -2375
32302680 5631151 -2325
32302679 5631450 -2275
32302680 5631450 -2275
32302679 5631450 -2225
32302680 5631330 -2075
32302610 5631450 -2025
32302680 5631450 -2043
32302426 5631450 -1975
32302680 5631451 -2275
32302680 5631451 -2225
32302680 5631451 -2175
32302679 5631750 -2125
32302680 5631750 -2125
32302680 5631513 -2025
32302680 5631680 -1975
32302588 5631750 -1925
32302680 5631750 -1953
32302432 5631750 -1875
32302680 5631751 -2125
32302680 5631750 -2075
32302679 5632050 -2025
32302680 5632050 -2025
32302679 5632050 -1975
32302680 5631835 -1925
32302680 5631980 -1875
32302608 5632050 -1825
32302680 5632050 -1850
32302472 5632050 -1775
32302680 5632051 -2025
32302680 5632050 -1975
32302680 5632050 -1925
32302679 5632350 -1875
32302680 5632350 -1875
32302680 5632117 -1825
32302680 5632350 -1825
32302680 5632245 -1775
32302659 5632350 -1725
32302680 5632350 -1733
32302537 5632350 -1675
32302419 5632350 -1625
32302680 5632350 -1875
32302680 5632350 -1825
32302680 5632350 -1775
32302680 5632369 -1725
32302680 5632650 -1725
32302679 5632650 -1725
32302680 5632650 -1675
32302680 5632484 -1675
32302680 5632596 -1625
32302622 5632650 -1575
32302680 5632650 -1600
32302513 5632650 -1525
32302407 5632650 -1475
32302680 5632650 -1725
32302680 5632650 -1675
32302680 5632650 -1625
32302680 5632704 -1575
32302680 5632950 -1575
32302680 5632950 -1575
32302680 5632950 -1525
32302680 5632807 -1525
32302680 5632908 -1475
32302619 5632950 -1425
32302680 5632950 -1454
32302516 5632950 -1375
32302416 5632950 -1325
32302680 5632950 -1575
32302680 5632950 -1525
32302680 5632950 -1475
32302680 5633250 -1375
32302680 5633103 -1375
32302680 5633250 -1375
32302680 5633250 -1325
32302680 5633198 -1325
32302680 5633250 -1297
32302633 5633250 -1275
32302531 5633250 -1225
32302431 5633250 -1175
32302680 5633250 -1375
32302680 5633250 -1325
32302680 5633550 -1175
32302680 5633479 -1175
32302680 5633550 -1175
32302680 5633550 -1137
32302549 5633550 -1075
32302444 5633550 -1025
32302680 5633550 -1175
32302680 5633850 -975
32302680 5633850 -975
32302680 5633848 -975
32302680 5633850 -974
32302464 5633850 -875
32302680 5633850 -975
32302410 5634150 -675
32302412 5634750 -225
32302434 5635050 25
32302422 5635350 275
32302981 5623650 -2726
32302981 5623950 -2726
32302881 5623950 -775
32302981 5623950 -800
32302981 5623765 -775
32302981 5623650 -759
32302798 5623650 -725
32302700 5623950 -725
32302981 5624250 -2726
32302974 5624250 -775
32302981 5624250 -777
32302805 5624250 -725
32302981 5624550 -2726
32302981 5624259 -775
32302981 5624470 -725
32302869 5624550 -675
32302981 5624550 -703
32302690 5624550 -625
32302981 5624850 -2726
32302981 5624653 -675
32302981 5624813 -625
32302981 5624850 -612
32302981 5625150 -2726
32302725 5625150 -625
32302981 5625114 -575
32302957 5625150 -575
32302981 5625150 -569
32302981 5625450 -2726
32302761 5625450 -725
32302880 5625450 -675
32302981 5625450 -629
32302981 5625425 -625
32302981 5625174 -575
32302981 5625750 -2726
32302683 5625750 -875
32302792 5625750 -825
32302895 5625750 -775
32302981 5625750 -730
32302981 5625731 -725
32302981 5625572 -675
32302981 5626050 -2726
32302762 5626050 -925
32302867 5626050 -875
32302966 5626050 -825
32302981 5626050 -816
32302981 5625894 -775
32302981 5626350 -2726
32302780 5626350 -975
32302889 5626350 -925
32302981 5626350 -880
32302981 5626320 -875
32302981 5626085 -825
32302981 5626650 -2726
32302762 5626650 -1025
32302882 5626650 -975
32302981 5626650 -932
32302981 5626604 -925
32302981 5626950 -2726
32302726 5626950 -1075
32302865 5626950 -1025
32302981 5626950 -982
32302981 5626901 -975
32302981 5627250 -2726
32302852 5627250 -1075
32302981 5627250 -1037
32302981 5627178 -1025
32302981 5627550 -2726
32302843 5627550 -1125
32302981 5627550 -1096
32302981 5627437 -1075
32302981 5627850 -2725
32302826 5627850 -1175
32302981 5627850 -1156
32302981 5627691 -1125
32302981 5628150 -2725
32302981 5628150 -1209
32302981 5627955 -1175
32302981 5628450 -2725
32302981 5628450 -1267
32302981 5628231 -1225
32302981 5628750 -2725
32302700 5628750 -1925
32302981 5628750 -1295
32302981 5628534 -1275
32302981 5629050 -2725
32302981 5629050 -1996
32302981 5629040 -1975
32302981 5629019 -1925
32302727 5629050 -1875
32302981 5629050 -1919
32302749 5629050 -1825
32302777 5629050 -1775
32302981 5629050 -1309
32302981 5629056 -2725
32302981 5629350 -2675
32302981 5629350 -2014
32302981 5629293 -1875
32302981 5629271 -1825
32302981 5629257 -1775
32302798 5629350 -1725
32302981 5629350 -1758
32302820 5629350 -1675
32302712 5629350 -1275
32302981 5629350 -1307
32302981 5629650 -2675
32302698 5629650 -2325
32302981 5629650 -2011
32302981 5629526 -1725
32302981 5629505 -1675
32302838 5629650 -1625
32302981 5629650 -1649
32302861 5629650 -1575
32302880 5629650 -1525
32302875 5629650 -1275
32302981 5629650 -1290
32302981 5629652 -2675
32302981 5629950 -2625
32302981 5629933 -2325
32302700 5629950 -2325
32302981 5629950 -2343
32302702 5629930 -2323
32302981 5629950 -2321
32302724 5629950 -2275
32302770 5629950 -2225
32302778 5629950 -1975
32302981 5629950 -1994
32302981 5629788 -1625
32302981 5629767 -1575
32302981 5629950 -1543
32302871 5629950 -1525
32302891 5629950 -1475
32302913 5629950 -1425
32302934 5629950 -1375
32302981 5629847 -1275
32302786 5629950 -1225
32302981 5629950 -1266
32302979 5630250 -2625
32302981 5630250 -2625
32302981 5630183 -2325
32302750 5630029 -2320
32302981 5630208 -2275
32302981 5630250 -2319
32302981 5630162 -2225
32302786 5630250 -2175
32302981 5630250 -2209
32302832 5630250 -2125
32302981 5630150 -1975
32302981 5630250 -1964
32302981 5630057 -1525
32302981 5630038 -1475
32302981 5630017 -1425
32302981 5630250 -1385
32302915 5630250 -1375
32302935 5630250 -1325
32302956 5630250 -1275
32302981 5630190 -1225
32302817 5630250 -1175
32302981 5630250 -1214
32302981 5630252 -2625
32302981 5630431 -2575
32302981 5630550 -2554
32302902 5630550 -2275
32302981 5630550 -2285
32302981 5630446 -2175
32302981 5630400 -2125
32302839 5630550 -2075
32302981 5630550 -2099
32302886 5630550 -2025
32302981 5630535 -1925
32302693 5630550 -1875
32302981 5630550 -1922
32302981 5630316 -1375
32302981 5630295 -1325
32302981 5630274 -1275
32302951 5630550 -1225
32302981 5630550 -1230
32302981 5630429 -1175
32302971 5630550 -1175
32302981 5630550 -1147
32302981 5630551 -2525
32302980 5630850 -2475
32302981 5630850 -2475
32302981 5630618 -2275
32302891 5630850 -2225
32302981 5630850 -2239
32302981 5630693 -2075
32302981 5630646 -2025
32302981 5630599 -1975
32302929 5630850 -1925
32302981 5630850 -1933
32302981 5630822 -1875
32302977 5630850 -1875
32302981 5630850 -1869
32302759 5630850 -1825
32302981 5630580 -1225
32302981 5630560 -1175
32302981 5630850 -1075
32302981 5630844 -1075
32302981 5630850 -1075
32302981 5630850 -1073
32302981 5630851 -2475
32302980 5631150 -2425
32302981 5631150 -2425
32302981 5630931 -2225
32302935 5631150 -2175
32302981 5631150 -2184
32302695 5631150 -2125
32302981 5630902 -1925
32302981 5630854 -1875
32302964 5631150 -1825
32302981 5631066 -1825
32302981 5631150 -1827
32302981 5631150 -1807
32302981 5630850 -1075
32302981 5631151 -2425
32302981 5631151 -2375
32302980 5631450 -2325
32302981 5631450 -2325
32302981 5631193 -2175
32302981 5631420 -2125
32302804 5631450 -2075
32302981 5631450 -2118
32302981 5631166 -1825
32302981 5631451 -2325
32302981 5631451 -2275
32302980 5631750 -2225
32302981 5631750 -2225
32302980 5631750 -2175
32302981 5631621 -2075
32302922 5631750 -2025
32302981 5631750 -2041
32302751 5631750 -1975
32302981 5631751 -2225
32302981 5631750 -2175
32302981 5631750 -2125
32302981 5632050 -2075
32302981 5632050 -2075
32302981 5631807 -2025
32302981 5631976 -1975
32302897 5632050 -1925
32302981 5632050 -1953
32302749 5632050 -1875
32302981 5632050 -2075
32302981 5632050 -2025
32302981 5632350 -1975
32302981 5632350 -1975
32302981 5632133 -1925
32302981 5632350 -1925
32302981 5632279 -1875
32302914 5632350 -1825
32302981 5632350 -1850
32302785 5632350 -1775
32302981 5632350 -1975
32302981 5632350 -1925
32302981 5632350 -1875
32302981 5632416 -1825
32302981 5632650 -1825
32302981 5632650 -1825
32302981 5632650 -1775
32302981 5632543 -1775
32302981 5632650 -1732
32302964 5632650 -1725
32302847 5632650 -1675
32302734 5632650 -1625
32302981 5632650 -1825
32302981 5632650 -1775
32302981 5632950 -1675
32302981 5632781 -1675
32302981 5632950 -1675
32302981 5632950 -1625
32302981 5632892 -1625
32302981 5632950 -1598
32302930 5632950 -1575
32302825 5632950 -1525
32302722 5632950 -1475
32302981 5632950 -1675
32302981 5632950 -1625
32302981 5633250 -1475
32302981 5633202 -1475
32302981 5633250 -1475
32302981 5633250 -1451
32302829 5633250 -1375
32302732 5633250 -1325
32302981 5633250 -1475
32302752 5633550 -1175
32302682 5633850 -975
32303283 5623650 -2726
32303283 5623950 -2726
32303092 5623950 -825
32303283 5623950 -864
32303283 5623777 -825
32303283 5623650 -794
32303115 5623650 -775
32303283 5624250 -2726
32303146 5624250 -825
32303283 5624250 -861
32303283 5624550 -2726
32303283 5624430 -825
32303204 5624550 -775
32303283 5624550 -797
32303044 5624550 -725
32303283 5624850 -2726
32303283 5624620 -775
32303283 5624759 -725
32303224 5624850 -675
32303283 5624850 -688
32303028 5624850 -625
32303283 5625150 -2726
32303283 5624890 -675
32303283 5625028 -625
32303238 5625150 -575
32303283 5625150 -575
32303283 5625450 -2726
32302997 5625450 -625
32303283 5625157 -575
32303163 5625450 -575
32303283 5625450 -536
32303283 5625750 -2726
32302993 5625750 -725
32303100 5625750 -675
32303201 5625750 -625
32303283 5625750 -581
32303283 5625699 -575
32303283 5626050 -2726
32303063 5626050 -775
32303156 5626050 -725
32303245 5626050 -675
32303283 5626050 -652
32303283 5625922 -625
32303283 5626350 -2726
32302993 5626350 -875
32303090 5626350 -825
32303182 5626350 -775
32303272 5626350 -725
32303283 5626350 -718
32303283 5626144 -675
32303283 5626650 -2726
32302997 5626650 -925
32303099 5626650 -875
32303198 5626650 -825
32303283 5626650 -780
32303283 5626621 -775
32303283 5626378 -725
32303283 5626950 -2726
32303000 5626950 -975
32303114 5626950 -925
32303225 5626950 -875
32303283 5626950 -848
32303283 5626841 -825
32303283 5627250 -2726
32303017 5627250 -1025
32303154 5627250 -975
32303283 5627250 -927
32303283 5627239 -925
32303283 5627046 -875
32303283 5627550 -2726
32303061 5627550 -1075
32303243 5627550 -1025
32303283 5627550 -1014
32303283 5627411 -975
32303283 5627850 -2726
32303152 5627850 -1125
32303283 5627850 -1101
32303283 5627756 -1075
32303283 5627585 -1025
32303283 5628150 -2725
32303283 5628150 -1195
32303283 5628083 -1175
32303283 5627923 -1125
32303283 5628450 -2725
32303283 5628450 -1258
32303283 5628289 -1225
32303283 5628750 -2725
32303283 5628750 -1304
32303283 5628557 -1275
32303283 5629050 -2725
32302991 5629050 -1975
32303014 5629050 -1925
32303178 5629050 -1325
32303283 5629050 -1333
32303283 5628966 -1325
32303276 5629350 -2725
32303283 5629350 -2725
32303283 5629350 -2020
32303283 5629330 -1975
32303283 5629307 -1925
32303041 5629350 -1875
32303283 5629350 -1917
32303064 5629350 -1825
32303079 5629350 -1775
32303118 5629350 -1325
32303283 5629350 -1344
32303283 5629352 -2725
32303283 5629650 -2675
32303237 5629650 -2025
32303283 5629650 -2027
32303283 5629551 -2025
32303283 5629582 -1875
32303283 5629559 -1825
32303283 5629650 -1808
32303088 5629650 -1775
32303110 5629650 -1725
32303133 5629650 -1675
32303159 5629650 -1325
32303283 5629650 -1347
32303280 5629950 -2675
32303283 5629950 -2675
32302998 5629950 -2325
32303283 5629761 -2025
32303283 5629950 -2020
32303283 5629840 -1775
32303283 5629817 -1725
32303283 5629796 -1675
32303147 5629950 -1625
32303283 5629950 -1647
32303169 5629950 -1575
32303283 5629917 -1325
32303026 5629950 -1275
32303283 5629950 -1322
32303283 5629952 -2675
32303283 5630250 -2625
32303283 5630231 -2325
32303041 5630250 -2325
32303283 5630250 -2345
32303283 5630250 -2321
32303023 5630250 -2275
32303070 5630250 -2225
32303063 5630250 -1975
32303283 5630250 -2001
32303283 5630083 -1625
32303283 5630061 -1575
32303176 5630250 -1525
32303283 5630250 -1542
32303197 5630250 -1475
32303219 5630250 -1425
32303268 5630250 -1275
32303283 5630250 -1278
32303030 5630250 -1225
32303283 5630252 -2625
32303100 5630550 -2575
32303283 5630550 -2575
32303283 5630504 -2325
32303283 5630506 -2275
32303283 5630550 -2321
32303283 5630460 -2225
32303086 5630550 -2175
32303283 5630550 -2208
32303133 5630550 -2125
32303283 5630497 -1975
32302995 5630550 -1925
32303283 5630550 -1969
32303283 5630355 -1525
32303283 5630334 -1475
32303283 5630313 -1425
32303218 5630550 -1375
32303283 5630550 -1385
32303239 5630550 -1325
32303283 5630266 -1275
32303259 5630550 -1275
32303283 5630520 -1225
32303095 5630550 -1175
32303283 5630550 -1218
32303283 5630551 -2575
32303281 5630850 -2525
32303283 5630850 -2525
32303207 5630850 -2275
32303283 5630850 -2286
32303283 5630744 -2175
32303283 5630697 -2125
32303283 5630650 -2075
32303188 5630850 -2025
32303283 5630850 -2040
32303236 5630850 -1975
32303283 5630850 -1926
32303274 5630850 -1925
32303007 5630850 -1875
32303283 5630614 -1375
32303283 5630593 -1325
32303283 5630850 -1282
32303233 5630850 -1275
32303254 5630850 -1225
32303283 5630750 -1175
32303274 5630850 -1175
32303283 5630850 -1152
32302987 5630850 -1075
32303283 5630851 -2525
32303281 5631150 -2475
32303283 5631150 -2475
32303283 5630927 -2275
32303194 5631150 -2225
32303283 5631150 -2241
32303283 5630943 -2025
32303283 5630895 -1975
32303234 5631150 -1925
32303283 5631150 -1932
32303283 5630859 -1925
32303282 5631150 -1875
32303283 5631149 -1875
32303273 5631113 -1879
32303283 5631150 -1874
32303059 5631150 -1825
32303283 5630898 -1275
32303283 5630878 -1225
32303283 5630858 -1175
32303283 5631150 -1127
32303267 5631150 -1125
32303283 5630975 -1125
32303283 5631150 -1086
32303283 5631151 -2475
32303283 5631151 -2425
32303281 5631450 -2375
32303283 5631450 -2375
32303283 5631242 -2225
32303228 5631450 -2175
32303283 5631450 -2187
32303009 5631450 -2125
32303283 5631197 -1925
32303283 5631150 -1875
32303283 5631164 -1125
32303283 5631451 -2375
32303283 5631450 -2325
32303282 5631750 -2275
32303283 5631750 -2275
32303283 5631507 -2175
32303283 5631739 -2125
32303103 5631750 -2075
32303283 5631750 -2122
32303283 5631751 -2275
32303283 5631750 -2225
32303282 5632050 -2175
32303283 5632050 -2175
32303282 5632050 -2125
32303283 5631939 -2075
32303211 5632050 -2025
32303283 5632050 -2046
32303050 5632050 -1975
32303283 5632050 -2175
32303283 5632050 -2125
32303283 5632050 -2075
32303283 5632125 -2025
32303283 5632350 -2025
32303282 5632350 -2025
32303283 5632294 -1975
32303188 5632350 -1925
32303283 5632350 -1958
32303048 5632350 -1875
32303283 5632350 -2025
32303283 5632350 -1975
32303283 5632650 -1875
32303283 5632593 -1875
32303283 5632650 -1875
32303283 5632650 -1854
32303207 5632650 -1825
32303084 5632650 -1775
32303283 5632650 -1875
32303146 5632950 -1675
32303037 5632950 -1625
32303028 5633250 -1475
32303584 5623650 -2726
32303584 5623950 -2726
32303387 5623950 -875
32303584 5623950 -894
32303584 5623890 -875
32303584 5623745 -825
32303584 5623650 -790
32303584 5624250 -2726
32303349 5624250 -875
32303584 5624250 -919
32303584 5624550 -2726
32303562 5624550 -875
32303584 5624550 -880
32303376 5624550 -825
32303584 5624850 -2726
32303584 5624569 -875
32303584 5624733 -825
32303546 5624850 -775
32303584 5624850 -785
32303387 5624850 -725
32303584 5625150 -2726
32303584 5624877 -775
32303584 5624995 -725
32303584 5625103 -675
32303471 5625150 -625
32303584 5625150 -651
32303584 5625450 -2726
32303584 5625216 -625
32303584 5625335 -575
32303571 5625450 -525
32303584 5625448 -525
32303584 5625450 -524
32303584 5625750 -2726
32303302 5625750 -575
32303441 5625750 -525
32303584 5625718 -475
32303570 5625750 -475
32303584 5625750 -469
32303584 5626050 -2726
32303340 5626050 -625
32303438 5626050 -575
32303531 5626050 -525
32303584 5626050 -495
32303584 5625806 -475
32303584 5626350 -2726
32303366 5626350 -675
32303459 5626350 -625
32303549 5626350 -575
32303584 5626350 -555
32303584 5626185 -525
32303584 5626650 -2726
32303294 5626650 -775
32303389 5626650 -725
32303482 5626650 -675
32303573 5626650 -625
32303584 5626650 -618
32303584 5626437 -575
32303584 5626950 -2726
32303332 5626950 -825
32303432 5626950 -775
32303529 5626950 -725
32303584 5626950 -696
32303584 5626864 -675
32303584 5626673 -625
32303584 5627250 -2726
32303289 5627250 -925
32303408 5627250 -875
32303524 5627250 -825
32303584 5627250 -798
32303584 5627177 -775
32303584 5627030 -725
32303584 5627550 -2726
32303426 5627550 -975
32303584 5627550 -930
32303584 5627535 -925
32303584 5627419 -875
32303584 5627307 -825
32303584 5627850 -2726
32303426 5627850 -1075
32303584 5627850 -1045
32303584 5627800 -1025
32303584 5627661 -975
32303584 5628150 -2725
32303415 5628150 -1175
32303584 5628150 -1149
32303584 5628077 -1125
32303584 5627932 -1075
32303584 5628450 -2725
32303584 5628450 -1235
32303584 5628413 -1225
32303584 5628238 -1175
32303584 5628750 -2725
32303584 5628750 -1301
32303584 5628630 -1275
32303584 5629050 -2725
32303584 5629050 -1356
32303584 5628880 -1325
32303584 5629350 -2725
32303303 5629350 -1975
32303326 5629350 -1925
32303518 5629350 -1375
32303584 5629350 -1383
32303584 5629261 -1375
32303581 5629650 -2725
32303584 5629650 -2725
32303584 5629650 -2038
32303584 5629430 -2025
32303584 5629621 -1975
32303584 5629598 -1925
32303353 5629650 -1875
32303584 5629650 -1915
32303376 5629650 -1825
32303474 5629650 -1375
32303584 5629650 -1389
32303584 5629652 -2725
32303584 5629950 -2675
32303338 5629950 -2025
32303584 5629950 -2042
32303584 5629873 -1875
32303584 5629850 -1825
32303396 5629950 -1775
32303584 5629950 -1807
32303420 5629950 -1725
32303442 5629950 -1675
32303579 5629950 -1375
32303584 5629950 -1375
32303298 5629950 -1325
32303581 5630250 -2675
32303584 5630250 -2675
32303302 5630250 -2325
32303505 5630250 -2025
32303584 5630250 -2033
32303584 5630132 -1775
32303584 5630109 -1725
32303584 5630250 -1700
32303432 5630250 -1675
32303455 5630250 -1625
32303477 5630250 -1575
32303584 5629957 -1375
32303501 5630250 -1325
32303584 5630250 -1341
32303584 5630252 -2675
32303582 5630550 -2625
32303584 5630550 -2625
32303584 5630524 -2325
32303317 5630550 -2325
32303584 5630550 -2352
32303584 5630477 -2275
32303375 5630550 -2225
32303584 5630550 -2261
32303584 5630364 -2025
32303322 5630550 -1975
32303584 5630550 -2011
32303584 5630398 -1675
32303584 5630376 -1625
32303584 5630354 -1575
32303481 5630550 -1525
32303584 5630550 -1541
32303504 5630550 -1475
32303525 5630550 -1425
32303584 5630354 -1325
32303512 5630550 -1275
32303584 5630550 -1291
32303307 5630550 -1225
32303584 5630552 -2625
32303582 5630850 -2575
32303584 5630850 -2575
32303561 5630850 -2325
32303584 5630850 -2328
32303584 5630752 -2225
32303584 5630705 -2175
32303440 5630850 -2125
32303584 5630850 -2149
32303489 5630850 -2075
32303562 5630850 -1975
32303584 5630850 -1978
32303584 5630650 -1525
32303584 5630628 -1475
32303584 5630850 -1438
32303502 5630850 -1425
32303524 5630850 -1375
32303545 5630850 -1325
32303584 5630637 -1275
32303555 5630850 -1225
32303584 5630850 -1232
32303366 5630850 -1175
32303584 5630851 -2575
32303584 5630851 -2525
32303584 5631150 -2475
32303584 5630878 -2325
32303474 5631150 -2275
32303584 5631150 -2293
32303584 5630989 -2125
32303584 5630941 -2075
32303496 5631150 -2025
32303584 5631150 -2039
32303584 5630877 -1975
32303546 5631150 -1975
32303395 5630888 -1939
32303584 5631150 -1936
32303525 5631150 -1925
32303283 5631150 -1875
32303584 5630929 -1425
32303584 5630908 -1375
32303584 5630887 -1325
32303541 5631150 -1275
32303584 5631150 -1281
32303584 5630887 -1225
32303562 5631150 -1225
32303582 5631150 -1175
32303584 5631133 -1175
32303584 5631150 -1171
32303417 5631150 -1125
32303584 5631151 -2475
32303583 5631450 -2425
32303584 5631450 -2425
32303584 5631279 -2275
32303462 5631450 -2225
32303584 5631450 -2249
32303584 5631234 -2025
32303584 5631186 -1975
32303584 5631191 -1275
32303584 5631171 -1225
32303584 5631151 -1175
32303579 5631450 -1125
32303584 5631386 -1125
32303584 5631450 -1125
32303584 5631450 -1112
32303584 5631451 -2425
32303584 5631450 -2375
32303583 5631750 -2325
32303584 5631750 -2325
32303584 5631591 -2225
32303494 5631750 -2175
32303584 5631750 -2196
32303292 5631750 -2125
32303584 5631454 -1125
32303584 5631750 -2325
32303584 5631750 -2275
32303583 5632050 -2225
32303584 5632050 -2225
32303584 5631852 -2175
32303556 5632050 -2125
32303584 5632050 -2132
32303380 5632050 -2075
32303584 5632050 -2225
32303584 5632050 -2175
32303584 5632081 -2125
32303584 5632350 -2125
32303583 5632350 -2125
32303584 5632350 -2075
32303584 5632280 -2075
32303584 5632350 -2057
32303484 5632350 -2025
32303333 5632350 -1975
32303584 5632350 -2125
32303584 5632350 -2075
32303584 5632650 -1975
32303584 5632627 -1975
32303584 5632650 -1975
32303584 5632650 -1968
32303335 5632650 -1875
32303584 5632650 -1975
32303885 5623650 -2726
32303885 5623950 -2726
32303885 5623950 -888
32303885 5623919 -875
32303885 5623812 -825
32303685 5623650 -775
32303885 5623712 -775
32303885 5623650 -741
32303885 5624250 -2726
32303639 5624250 -925
32303885 5624250 -947
32303885 5624130 -925
32303885 5624550 -2726
32303804 5624550 -925
32303885 5624550 -940
32303885 5624850 -2726
32303885 5624625 -925
32303880 5624850 -875
32303885 5624850 -876
32303707 5624850 -825
32303885 5625150 -2726
32303885 5624853 -875
32303885 5624988 -825
32303885 5625113 -775
32303779 5625150 -725
32303885 5625150 -759
32303642 5625150 -675
32303885 5625450 -2726
32303885 5625222 -725
32303885 5625321 -675
32303885 5625413 -625
32303767 5625450 -575
32303885 5625450 -604
32303586 5625450 -525
32303885 5625750 -2726
32303885 5625511 -575
32303885 5625614 -525
32303885 5625713 -475
32303885 5625750 -455
32303885 5626050 -2726
32303650 5626050 -475
32303885 5625899 -425
32303802 5626050 -425
32303885 5626050 -396
32303885 5626350 -2726
32303661 5626350 -525
32303786 5626350 -475
32303885 5626350 -435
32303885 5626256 -425
32303885 5626650 -2726
32303688 5626650 -575
32303808 5626650 -525
32303885 5626650 -494
32303885 5626543 -475
32303885 5626950 -2726
32303632 5626950 -675
32303743 5626950 -625
32303854 5626950 -575
32303885 5626950 -564
32303885 5626759 -525
32303885 5627250 -2726
32303652 5627250 -775
32303793 5627250 -725
32303885 5627250 -691
32303885 5627211 -675
32303885 5627095 -625
32303885 5626981 -575
32303885 5627550 -2726
32303602 5627550 -925
32303749 5627550 -875
32303885 5627550 -828
32303885 5627542 -825
32303885 5627428 -775
32303885 5627320 -725
32303885 5627850 -2726
32303661 5627850 -1025
32303845 5627850 -975
32303885 5627850 -964
32303885 5627760 -925
32303885 5627649 -875
32303885 5628150 -2726
32303705 5628150 -1125
32303885 5628150 -1088
32303885 5628115 -1075
32303885 5627992 -1025
32303885 5627875 -975
32303885 5628450 -2725
32303661 5628450 -1225
32303885 5628450 -1195
32303885 5628390 -1175
32303885 5628248 -1125
32303885 5628750 -2725
32303885 5628750 -1290
32303885 5628701 -1275
32303885 5628541 -1225
32303885 5629050 -2725
32303885 5629050 -1355
32303885 5628910 -1325
32303885 5629350 -2725
32303885 5629350 -1398
32303885 5629187 -1375
32303885 5629650 -2725
32303837 5629650 -2025
32303614 5629650 -1975
32303638 5629650 -1925
32303885 5629650 -1420
32303885 5629690 -2725
32303885 5629950 -2680
32303885 5629950 -2057
32303885 5629671 -2025
32303885 5629911 -1975
32303885 5629890 -1925
32303663 5629950 -1875
32303885 5629950 -1914
32303687 5629950 -1825
32303885 5629950 -1420
32303885 5630250 -2675
32303885 5630250 -2058
32303885 5630164 -1875
32303885 5630141 -1825
32303705 5630250 -1775
32303885 5630250 -1805
32303729 5630250 -1725
32303754 5630250 -1375
32303885 5630250 -1399
32303885 5630252 -2675
32303885 5630550 -2625
32303838 5630550 -2375
32303885 5630550 -2378
32303885 5630546 -2375
32303611 5630550 -2325
32303885 5630550 -2374
32303660 5630550 -2275
32303695 5630550 -2025
32303885 5630550 -2047
32303885 5630424 -1775
32303885 5630401 -1725
32303740 5630550 -1675
32303885 5630550 -1699
32303763 5630550 -1625
32303786 5630550 -1575
32303885 5630440 -1375
32303726 5630550 -1325
32303885 5630550 -1360
32303885 5630551 -2625
32303885 5630850 -2575
32303885 5630634 -2375
32303885 5630812 -2325
32303885 5630850 -2364
32303885 5630766 -2275
32303685 5630850 -2225
32303885 5630850 -2259
32303735 5630850 -2175
32303884 5630850 -2025
32303885 5630850 -2025
32303885 5630691 -1675
32303885 5630668 -1625
32303885 5630850 -1593
32303769 5630850 -1575
32303789 5630850 -1525
32303812 5630850 -1475
32303885 5630762 -1325
32303746 5630850 -1275
32303885 5630850 -1309
32303885 5630851 -2575
32303884 5631150 -2525
32303885 5631150 -2525
32303784 5631150 -2325
32303885 5631150 -2340
32303885 5631040 -2225
32303885 5630993 -2175
32303752 5631150 -2125
32303885 5631150 -2146
32303802 5631150 -2075
32303885 5630852 -2025
32303786 5631150 -1975
32303885 5631150 -1993
32303885 5630962 -1575
32303885 5630942 -1525
32303885 5630921 -1475
32303811 5631150 -1425
32303885 5631150 -1436
32303833 5631150 -1375
32303854 5631150 -1325
32303885 5631037 -1275
32303779 5631150 -1225
32303885 5631150 -1253
32303596 5631150 -1175
32303885 5631151 -2525
32303884 5631450 -2475
32303885 5631450 -2475
32303885 5631288 -2325
32303715 5631450 -2275
32303885 5631450 -2306
32303885 5631276 -2125
32303885 5631228 -2075
32303885 5631180 -2025
32303885 5631284 -1975
32303885 5631450 -1978
32303862 5631450 -1975
32303885 5631450 -1952
32303885 5631221 -1425
32303885 5631200 -1375
32303885 5631179 -1325
32303852 5631450 -1275
32303885 5631450 -1280
32303885 5631299 -1225
32303873 5631450 -1225
32303885 5631450 -1196
32303628 5631450 -1125
32303885 5631451 -2475
32303885 5631450 -2425
32303884 5631750 -2375
32303885 5631750 -2375
32303885 5631673 -2275
32303709 5631750 -2225
32303885 5631750 -2263
32303885 5631471 -1975
32303885 5631481 -1275
32303885 5631461 -1225
32303885 5631750 -2375
32303885 5631750 -2325
32303885 5632050 -2275
32303885 5632050 -2275
32303885 5631972 -2225
32303744 5632050 -2175
32303885 5632050 -2211
32303885 5632050 -2275
32303885 5632050 -2225
32303885 5632222 -2175
32303885 5632350 -2175
32303885 5632350 -2175
32303885 5632350 -2147
32303808 5632350 -2125
32303642 5632350 -2075
32303885 5632350 -2175
32303603 5632650 -1975
32304186 5623650 -2726
32304186 5623950 -2726
32303997 5623950 -875
32304186 5623950 -849
32304186 5623908 -825
32304186 5623828 -775
32303947 5623650 -725
32304186 5623752 -725
32304118 5623650 -675
32304186 5623680 -675
32304186 5623650 -652
32304186 5624250 -2726
32304186 5624250 -947
32304186 5624177 -925
32304186 5624023 -875
32304186 5624550 -2726
32304186 5624550 -974
32304186 5624850 -2726
32304097 5624850 -925
32304186 5624850 -944
32304186 5625150 -2726
32304186 5624920 -925
32304186 5625098 -875
32304073 5625150 -825
32304186 5625150 -860
32303927 5625150 -775
32304186 5625450 -2726
32304186 5625232 -825
32304186 5625343 -775
32304186 5625448 -725
32304052 5625450 -675
32304186 5625450 -724
32303931 5625450 -625
32304186 5625750 -2726
32304186 5625541 -675
32304186 5625628 -625
32304186 5625711 -575
32304099 5625750 -525
32304186 5625750 -550
32303941 5625750 -475
32304186 5626050 -2727
32304186 5625803 -525
32304186 5625906 -475
32304186 5626010 -425
32304186 5626050 -405
32304186 5626350 -2726
32303944 5626350 -425
32304186 5626350 -381
32304186 5626650 -2726
32303999 5626650 -475
32304186 5626650 -444
32304186 5626545 -425
32304186 5626950 -2726
32304092 5626950 -525
32304186 5626950 -501
32304186 5626810 -475
32304186 5627250 -2726
32303941 5627250 -675
32304114 5627250 -625
32304186 5627250 -604
32304186 5627163 -575
32304186 5627018 -525
32304186 5627550 -2726
32303896 5627550 -825
32304071 5627550 -775
32304186 5627550 -742
32304186 5627510 -725
32304186 5627399 -675
32304186 5627292 -625
32304186 5627850 -2726
32304032 5627850 -925
32304186 5627850 -883
32304186 5627831 -875
32304186 5627722 -825
32304186 5627617 -775
32304186 5628150 -2726
32303945 5628150 -1075
32304160 5628150 -1025
32304186 5628150 -1018
32304186 5628049 -975
32304186 5627939 -925
32304186 5628450 -2726
32304020 5628450 -1175
32304186 5628450 -1149
32304186 5628389 -1125
32304186 5628275 -1075
32304186 5628163 -1025
32304186 5628750 -2725
32304006 5628750 -1275
32304186 5628750 -1252
32304186 5628667 -1225
32304186 5628522 -1175
32304186 5629050 -2725
32304186 5629050 -1335
32304186 5629011 -1325
32304186 5628829 -1275
32304186 5629350 -2725
32304186 5629350 -1395
32304186 5629245 -1375
32304186 5629650 -2725
32303986 5629650 -1425
32304186 5629650 -1433
32304186 5629581 -1425
32304147 5629950 -2725
32304186 5629950 -2725
32303901 5629950 -2025
32303925 5629950 -1975
32303947 5629950 -1925
32303934 5629950 -1425
32304186 5629950 -1448
32304186 5629952 -2725
32304186 5630250 -2675
32304165 5630250 -2075
32304186 5630250 -2076
32304186 5630222 -2075
32304186 5630226 -2025
32304186 5630202 -1975
32304186 5630250 -1966
32303949 5630250 -1925
32303974 5630250 -1875
32303998 5630250 -1825
32304059 5630250 -1425
32304186 5630250 -1443
32304184 5630550 -2675
32304186 5630550 -2675
32303889 5630550 -2375
32304172 5630550 -2075
32304186 5630550 -2076
32304186 5630479 -1925
32304186 5630455 -1875
32304186 5630433 -1825
32304015 5630550 -1775
32304186 5630550 -1804
32304039 5630550 -1725
32304186 5630472 -1425
32303958 5630550 -1375
32304186 5630550 -1418
32304186 5630552 -2675
32304184 5630850 -2625
32304186 5630850 -2625
32304186 5630831 -2375
32303988 5630850 -2375
32304186 5630850 -2394
32304186 5630790 -2325
32303974 5630850 -2275
32304186 5630850 -2313
32304186 5630583 -2075
32304186 5630850 -2064
32304186 5630716 -1775
32304186 5630693 -1725
32304049 5630850 -1675
32304186 5630850 -1697
32304072 5630850 -1625
32304170 5630850 -1375
32304186 5630850 -1378
32303949 5630850 -1325
32304186 5630851 -2625
32304185 5631150 -2575
32304186 5631150 -2575
32304142 5631150 -2375
32304186 5631150 -2380
32304186 5631050 -2275
32304186 5631003 -2225
32304052 5631150 -2175
32304186 5631150 -2197
32304078 5631150 -2025
32304186 5631150 -2042
32304186 5630983 -1675
32304186 5630960 -1625
32304076 5631150 -1575
32304186 5631150 -1592
32304099 5631150 -1525
32304121 5631150 -1475
32304186 5630872 -1375
32304171 5631150 -1325
32304186 5631150 -1328
32303970 5631150 -1275
32304186 5631151 -2575
32304185 5631450 -2525
32304186 5631450 -2525
32304186 5631226 -2375
32303992 5631450 -2325
32304186 5631450 -2357
32304186 5631276 -2175
32304186 5631228 -2125
32304121 5631450 -2075
32304186 5631450 -2085
32304186 5631320 -2025
32304172 5631450 -2025
32304186 5631450 -2011
32303999 5631450 -1975
32304186 5631256 -1575
32304186 5631234 -1525
32304186 5631212 -1475
32304121 5631450 -1425
32304186 5631450 -1435
32304143 5631450 -1375
32304186 5631170 -1325
32304164 5631450 -1325
32304186 5631444 -1275
32303995 5631450 -1225
32304186 5631450 -1273
32304186 5631451 -2525
32304186 5631450 -2475
32304186 5631750 -2425
32304186 5631750 -2425
32304186 5631748 -2325
32303939 5631750 -2275
32304186 5631750 -2324
32304186 5631510 -2075
32304186 5631462 -2025
32304186 5631512 -1425
32304186 5631491 -1375
32304186 5631471 -1325
32304162 5631750 -1275
32304186 5631750 -1278
32304186 5631713 -1225
32304183 5631750 -1225
32304186 5631750 -1218
32304186 5631750 -2425
32304186 5631750 -2375
32304186 5632050 -2325
32304186 5632050 -2325
32304186 5632050 -2282
32304153 5632050 -2275
32303942 5632050 -2225
32304186 5631773 -1275
32304186 5631752 -1225
32304186 5632050 -2325
32303983 5632350 -2175
32304487 5623650 -2726
32304487 5623950 -2726
32304298 5623950 -825
32304487 5623950 -778
32304487 5623944 -775
32304487 5623879 -725
32304487 5623817 -675
32304259 5623650 -625
32304487 5623758 -625
32304381 5623650 -575
32304487 5623701 -575
32304487 5623650 -527
32304487 5624250 -2726
32304415 5624250 -925
32304487 5624250 -917
32304487 5624152 -875
32304487 5624043 -825
32304487 5624550 -2726
32304197 5624550 -975
32304487 5624550 -980
32304487 5624523 -975
32304487 5624283 -925
32304487 5624850 -2726
32304421 5624850 -975
32304487 5624850 -983
32304487 5625150 -2726
32304487 5624902 -975
32304447 5625150 -925
32304487 5625150 -934
32304244 5625150 -875
32304487 5625450 -2726
32304487 5625179 -925
32304487 5625330 -875
32304459 5625450 -825
32304487 5625450 -834
32304317 5625450 -775
32304188 5625450 -725
32304487 5625750 -2726
32304487 5625470 -825
32304487 5625574 -775
32304487 5625672 -725
32304465 5625750 -675
32304487 5625750 -683
32304345 5625750 -625
32304236 5625750 -575
32304487 5626050 -2727
32304487 5625766 -675
32304487 5625856 -625
32304487 5625941 -575
32304487 5626022 -525
32304387 5626050 -475
32304487 5626050 -507
32304241 5626050 -425
32304487 5626350 -2727
32304487 5626153 -475
32304487 5626316 -425
32304487 5626350 -415
32304487 5626650 -2726
32304353 5626650 -425
32304487 5626650 -407
32304487 5626950 -2726
32304390 5626950 -475
32304487 5626950 -462
32304487 5626738 -425
32304487 5627250 -2726
32304366 5627250 -575
32304487 5627250 -555
32304487 5627147 -525
32304487 5626988 -475
32304487 5627550 -2726
32304265 5627550 -725
32304487 5627550 -676
32304487 5627544 -675
32304487 5627418 -625
32304487 5627296 -575
32304487 5627850 -2726
32304220 5627850 -875
32304420 5627850 -825
32304487 5627850 -808
32304487 5627772 -775
32304487 5627657 -725
32304487 5628150 -2726
32304382 5628150 -975
32304487 5628150 -951
32304487 5628089 -925
32304487 5627988 -875
32304487 5627884 -825
32304487 5628450 -2726
32304293 5628450 -1125
32304487 5628450 -1080
32304487 5628437 -1075
32304487 5628318 -1025
32304487 5628203 -975
32304487 5628750 -2726
32304337 5628750 -1225
32304487 5628750 -1196
32304487 5628692 -1175
32304487 5628562 -1125
32304487 5629050 -2725
32304264 5629050 -1325
32304487 5629050 -1295
32304487 5628986 -1275
32304487 5628833 -1225
32304487 5629350 -2725
32304450 5629350 -1375
32304487 5629350 -1372
32304487 5629165 -1325
32304487 5629650 -2725
32304487 5629650 -1426
32304487 5629641 -1425
32304487 5629366 -1375
32304487 5629950 -2725
32304487 5629950 -1458
32304485 5630250 -2725
32304487 5630250 -2725
32304487 5630250 -2083
32304487 5630246 -2075
32304211 5630250 -2025
32304487 5630250 -2074
32304236 5630250 -1975
32304487 5630250 -1469
32304487 5630252 -2725
32304487 5630550 -2675
32304487 5630550 -2095
32304487 5630516 -2025
32304487 5630493 -1975
32304259 5630550 -1925
32304487 5630550 -1964
32304284 5630550 -1875
32304307 5630550 -1825
32304231 5630550 -1425
32304487 5630550 -1461
32304487 5630552 -2675
32304487 5630850 -2625
32304206 5630850 -2375
32304250 5630850 -2325
32304286 5630850 -2075
32304487 5630850 -2095
32304487 5630770 -1925
32304487 5630746 -1875
32304487 5630747 -1825
32304325 5630850 -1775
32304487 5630850 -1806
32304349 5630850 -1725
32304431 5630850 -1425
32304487 5630850 -1435
32304487 5630851 -2625
32304487 5631150 -2575
32304487 5631150 -2414
32304487 5631113 -2375
32304487 5631066 -2325
32304293 5631150 -2275
32304487 5631150 -2308
32304344 5631150 -2225
32304418 5631150 -2075
32304487 5631150 -2084
32304487 5631007 -1775
32304487 5630984 -1725
32304358 5631150 -1675
32304487 5631150 -1696
32304382 5631150 -1625
32304487 5630929 -1425
32304394 5631150 -1375
32304487 5631150 -1395
32304487 5631151 -2575
32304487 5631450 -2525
32304304 5631450 -2375
32304487 5631450 -2401
32304487 5631330 -2275
32304487 5631283 -2225
32304373 5631450 -2175
32304487 5631450 -2194
32304424 5631450 -2125
32304487 5631287 -2075
32304264 5631450 -2025
32304487 5631450 -2063
32304487 5631274 -1675
32304487 5631252 -1625
32304398 5631450 -1575
32304487 5631450 -1589
32304409 5631450 -1525
32304431 5631450 -1475
32304487 5631276 -1375
32304399 5631450 -1325
32304487 5631450 -1345
32304190 5631450 -1275
32304487 5631450 -2525
32304487 5631750 -2475
32304487 5631750 -2475
32304463 5631750 -2375
32304487 5631750 -2379
32304187 5631750 -2325
32304487 5631556 -2175
32304487 5631508 -2125
32304487 5631460 -2075
32304487 5631536 -1575
32304487 5631526 -1525
32304487 5631504 -1475
32304431 5631750 -1425
32304487 5631750 -1434
32304453 5631750 -1375
32304487 5631569 -1325
32304474 5631750 -1325
32304487 5631750 -1292
32304416 5631750 -1275
32304214 5631750 -1225
32304487 5631750 -2475
32304487 5631750 -2425
32304487 5631792 -2375
32304487 5632050 -2375
32304487 5632050 -2375
32304487 5632050 -2347
32304382 5632050 -2325
32304487 5631804 -1425
32304487 5631783 -1375
32304487 5631763 -1325
32304472 5632050 -1275
32304487 5631847 -1275
32304487 5632050 -1277
32304487 5632050 -1238
32304487 5632050 -2375
32304487 5632064 -1275
32304789 5623650 -2726
32304789 5623950 -2726
32304500 5623950 -775
32304643 5623950 -725
32304774 5623950 -675
32304789 5623950 -669
32304789 5623903 -625
32304789 5623852 -575
32304492 5623650 -525
32304789 5623803 -525
32304585 5623650 -475
32304789 5623757 -475
32304672 5623650 -425
32304789 5623712 -425
32304753 5623650 -375
32304789 5623669 -375
32304789 5623650 -351
32304789 5624250 -2726
32304690 5624250 -875
32304789 5624250 -852
32304789 5624201 -825
32304789 5624115 -775
32304789 5624035 -725
32304789 5623958 -675
32304789 5624550 -2726
32304547 5624550 -975
32304789 5624550 -952
32304789 5624462 -925
32304789 5624313 -875
32304789 5624850 -2726
32304789 5624850 -990
32304789 5624723 -975
32304789 5625150 -2726
32304776 5625150 -975
32304789 5625150 -976
32304789 5625450 -2726
32304789 5625158 -975
32304789 5625399 -925
32304636 5625450 -875
32304789 5625450 -914
32304789 5625750 -2726
32304789 5625559 -875
32304789 5625694 -825
32304710 5625750 -775
32304789 5625750 -804
32304583 5625750 -725
32304789 5626050 -2727
32304789 5625809 -775
32304789 5625909 -725
32304789 5626004 -675
32304716 5626050 -625
32304789 5626050 -653
32304603 5626050 -575
32304516 5626050 -525
32304789 5626350 -2727
32304789 5626121 -625
32304789 5626234 -575
32304789 5626326 -525
32304673 5626350 -475
32304789 5626350 -511
32304518 5626350 -425
32304789 5626650 -2727
32304789 5626466 -475
32304789 5626630 -425
32304789 5626650 -419
32304789 5626950 -2726
32304789 5626950 -428
32304789 5626823 -425
32304789 5627250 -2726
32304671 5627250 -525
32304789 5627250 -504
32304789 5627125 -475
32304789 5627550 -2726
32304498 5627550 -675
32304724 5627550 -625
32304789 5627550 -610
32304789 5627445 -575
32304789 5627305 -525
32304789 5627850 -2726
32304634 5627850 -775
32304789 5627850 -739
32304789 5627812 -725
32304789 5627688 -675
32304789 5627583 -625
32304789 5628150 -2726
32304582 5628150 -925
32304761 5628150 -875
32304789 5628150 -867
32304789 5628049 -825
32304789 5627932 -775
32304789 5628450 -2726
32304507 5628450 -1075
32304690 5628450 -1025
32304789 5628450 -997
32304789 5628396 -975
32304789 5628281 -925
32304789 5628167 -875
32304789 5628750 -2726
32304577 5628750 -1175
32304779 5628750 -1125
32304789 5628750 -1122
32304789 5628633 -1075
32304789 5628514 -1025
32304789 5629050 -2726
32304588 5629050 -1275
32304789 5629050 -1233
32304789 5629025 -1225
32304789 5628888 -1175
32304789 5628756 -1125
32304789 5629350 -2725
32304789 5629350 -1326
32304789 5629344 -1325
32304789 5629180 -1275
32304789 5629650 -2725
32304503 5629650 -1425
32304789 5629650 -1398
32304789 5629551 -1375
32304789 5629950 -2725
32304789 5629950 -1448
32304789 5629809 -1425
32304789 5630250 -2725
32304492 5630250 -2075
32304676 5630250 -1475
32304789 5630250 -1478
32304789 5630219 -1475
32304789 5630252 -2725
32304789 5630550 -2675
32304789 5630550 -2104
32304789 5630536 -2075
32304522 5630550 -2025
32304789 5630550 -2072
32304546 5630550 -1975
32304644 5630550 -1475
32304789 5630550 -1487
32304787 5630850 -2675
32304789 5630850 -2675
32304789 5630850 -2117
32304789 5630806 -2025
32304789 5630783 -1975
32304570 5630850 -1925
32304789 5630850 -1962
32304594 5630850 -1875
32304595 5630850 -1825
32304770 5630850 -1475
32304789 5630850 -1477
32304789 5630851 -2675
32304787 5631150 -2625
32304789 5631150 -2625
32304600 5631150 -2425
32304789 5631150 -2441
32304789 5631134 -2425
32304789 5631088 -2375
32304578 5631150 -2325
32304789 5631150 -2362
32304789 5631150 -2118
32304789 5631060 -1925
32304789 5631037 -1875
32304789 5631013 -1825
32304635 5631150 -1775
32304789 5631150 -1800
32304659 5631150 -1725
32304789 5630879 -1475
32304646 5631150 -1425
32304789 5631150 -1450
32304789 5631151 -2625
32304788 5631450 -2575
32304789 5631450 -2575
32304670 5631450 -2425
32304789 5631450 -2439
32304789 5631343 -2325
32304789 5631297 -2275
32304669 5631450 -2225
32304789 5631450 -2245
32304563 5631450 -2075
32304789 5631450 -2108
32304789 5631298 -1775
32304789 5631275 -1725
32304669 5631450 -1675
32304789 5631450 -1694
32304692 5631450 -1625
32304789 5631349 -1425
32304619 5631450 -1375
32304789 5631450 -1411
32304789 5631451 -2575
32304788 5631750 -2525
32304789 5631750 -2525
32304771 5631750 -2425
32304789 5631750 -2427
32304789 5631560 -2225
32304789 5631512 -2175
32304751 5631750 -2125
32304789 5631750 -2131
32304789 5631750 -2088
32304789 5631565 -1675
32304789 5631543 -1625
32304789 5631521 -1575
32304719 5631750 -1525
32304789 5631750 -1536
32304741 5631750 -1475
32304789 5631680 -1375
32304624 5631750 -1325
32304789 5631750 -1363
32304789 5631750 -2525
32304789 5631750 -2475
32304789 5631788 -2425
32304789 5632050 -2425
32304789 5632050 -2425
32304789 5632050 -2405
32304628 5632050 -2375
32304789 5631784 -2125
32304789 5631817 -1525
32304789 5631796 -1475
32304789 5631775 -1425
32304763 5632050 -1375
32304789 5632050 -1379
32304789 5631981 -1325
32304784 5632050 -1325
32304789 5632050 -1313
32304636 5632050 -1275
32304789 5632050 -2425
32304789 5632074 -1375
32304789 5632054 -1325
32305090 5623650 -2727
32305090 5623950 -2726
32304871 5623950 -625
32304957 5623950 -575
32305035 5623950 -525
32305090 5623950 -487
32305090 5623939 -475
32305090 5623900 -425
32305090 5623863 -375
32304821 5623650 -325
32305090 5623827 -325
32304877 5623650 -275
32305090 5623793 -275
32304928 5623650 -225
32305090 5623761 -225
32304975 5623650 -175
32305090 5623731 -175
32305016 5623650 -125
32305090 5623703 -125
32305053 5623650 -75
32305090 5623677 -75
32305086 5623650 -25
32305090 5623653 -25
32305090 5623650 -18
32305090 5624250 -2726
32304866 5624250 -825
32304996 5624250 -775
32305090 5624250 -735
32305090 5624235 -725
32305090 5624169 -675
32305090 5624107 -625
32305090 5624047 -575
32305090 5623990 -525
32305090 5624550 -2726
32304912 5624550 -925
32305090 5624550 -881
32305090 5624535 -875
32305090 5624426 -825
32305090 5624325 -775
32305090 5624850 -2726
32304943 5624850 -975
32305090 5624850 -959
32305090 5624710 -925
32305090 5625150 -2726
32305090 5625150 -983
32305090 5625040 -975
32305090 5625450 -2726
32305090 5625250 -975
32304858 5625450 -925
32305090 5625450 -959
32305090 5625750 -2726
32305090 5625595 -925
32305036 5625750 -875
32305090 5625750 -889
32304859 5625750 -825
32305090 5626050 -2727
32305090 5625796 -875
32305090 5625952 -825
32305048 5626050 -775
32305090 5626050 -792
32304939 5626050 -725
32304837 5626050 -675
32305090 5626350 -2727
32305090 5626087 -775
32305090 5626189 -725
32305090 5626286 -675
32305050 5626350 -625
32305090 5626350 -640
32304930 5626350 -575
32304817 5626350 -525
32305090 5626650 -2727
32305090 5626382 -625
32305090 5626484 -575
32305090 5626582 -525
32305032 5626650 -475
32305090 5626650 -488
32304815 5626650 -425
32305090 5626950 -2727
32305090 5626701 -475
32304853 5626950 -425
32305090 5626889 -425
32305090 5626950 -408
32305090 5627250 -2726
32304954 5627250 -475
32305090 5627250 -438
32305090 5627127 -425
32305090 5627550 -2726
32304941 5627550 -575
32305090 5627550 -536
32305090 5627507 -525
32305090 5627336 -475
32305090 5627850 -2726
32304841 5627850 -725
32305013 5627850 -675
32305090 5627850 -651
32305090 5627776 -625
32305090 5627645 -575
32305090 5628150 -2726
32304929 5628150 -825
32305090 5628150 -775
32305090 5628148 -775
32305090 5628024 -725
32305090 5627904 -675
32305090 5628450 -2726
32304862 5628450 -975
32305022 5628450 -925
32305090 5628450 -903
32305090 5628381 -875
32305090 5628263 -825
32305090 5628750 -2726
32304949 5628750 -1075
32305090 5628750 -1031
32305090 5628733 -1025
32305090 5628614 -975
32305090 5628498 -925
32305090 5629050 -2726
32304823 5629050 -1225
32305010 5629050 -1175
32305090 5629050 -1153
32305090 5628978 -1125
32305090 5628854 -1075
32305090 5629350 -2726
32304796 5629350 -1325
32305025 5629350 -1275
32305090 5629350 -1260
32305090 5629248 -1225
32305090 5629109 -1175
32305090 5629650 -2725
32304934 5629650 -1375
32305090 5629650 -1349
32305090 5629566 -1325
32305090 5629398 -1275
32305090 5629950 -2725
32305027 5629950 -1425
32305090 5629950 -1418
32305090 5629759 -1375
32305090 5630250 -2725
32304876 5630250 -1475
32305090 5630250 -1467
32305090 5629988 -1425
32305088 5630550 -2725
32305090 5630550 -2725
32304803 5630550 -2075
32305090 5630550 -1496
32305090 5630328 -1475
32305090 5630551 -2725
32305090 5630850 -2675
32304975 5630850 -2125
32305090 5630850 -2129
32305090 5630847 -2125
32305090 5630824 -2075
32304834 5630850 -2025
32305090 5630850 -2070
32304858 5630850 -1975
32305090 5630850 -1504
32305090 5630851 -2675
32305090 5631150 -2625
32304806 5631150 -2425
32304856 5631150 -2375
32304868 5631150 -2125
32305090 5631150 -2143
32305090 5631095 -2025
32305090 5631072 -1975
32305035 5631150 -1925
32305090 5631150 -1934
32304906 5631150 -1875
32304930 5631150 -1825
32304952 5631150 -1475
32305090 5631150 -1494
32305090 5631153 -2625
32305090 5631450 -2575
32305090 5631450 -2471
32305090 5631407 -2425
32305090 5631362 -2375
32304906 5631450 -2325
32305090 5631450 -2357
32304957 5631450 -2275
32304921 5631450 -2125
32305090 5631450 -2145
32305090 5631199 -1925
32305090 5631326 -1875
32305090 5631303 -1825
32304947 5631450 -1775
32305090 5631450 -1798
32304970 5631450 -1725
32305090 5631378 -1475
32304859 5631450 -1425
32305090 5631450 -1468
32305090 5631450 -2575
32305090 5631750 -2525
32305090 5631750 -2470
32305090 5631616 -2325
32305090 5631570 -2275
32304999 5631750 -2225
32305090 5631750 -2240
32305051 5631750 -2175
32305090 5631750 -2137
32305010 5631750 -2125
32305090 5631586 -1775
32305090 5631564 -1725
32304981 5631750 -1675
32305090 5631750 -1692
32305004 5631750 -1625
32305026 5631750 -1575
32305062 5631750 -1425
32305090 5631750 -1431
32304839 5631750 -1375
32305090 5631750 -2525
32305090 5632050 -2475
32305090 5632050 -2475
32304897 5632050 -2425
32305090 5632050 -2458
32305090 5631831 -2225
32305090 5631784 -2175
32305090 5631853 -1675
32305090 5631832 -1625
32305090 5631810 -1575
32305031 5632050 -1525
32305090 5632050 -1534
32305053 5632050 -1475
32305090 5631794 -1425
32305074 5632050 -1425
32305090 5632050 -1387
32305038 5632050 -1375
32304836 5632050 -1325
32305090 5632050 -2475
32305090 5632105 -1525
32305090 5632085 -1475
32305090 5632064 -1425
32305076 5632350 -1375
32305090 5632135 -1375
32305090 5632350 -1377
32305090 5632350 -1342
32305090 5632362 -1375
32305391 5623650 -2727
32305391 5623950 -2727
32305104 5623950 -475
32305158 5623950 -425
32305207 5623950 -375
32305252 5623950 -325
32305292 5623950 -275
32305330 5623950 -225
32305365 5623950 -175
32305391 5623950 -134
32305391 5623944 -125
32305391 5623919 -75
32305391 5623894 -25
32305114 5623650 25
32305391 5623869 25
32305140 5623650 75
32305391 5623844 75
32305166 5623650 125
32305391 5623818 125
32305193 5623650 175
32305391 5623791 175
32305223 5623650 225
32305391 5623762 225
32305256 5623650 275
32305391 5623734 275
32305291 5623650 325
32305391 5623709 325
32305328 5623650 375
32305391 5623686 375
32305364 5623650 425
32305391 5623665 425
32305391 5623650 466
32305391 5624250 -2726
32305108 5624250 -725
32305190 5624250 -675
32305264 5624250 -625
32305331 5624250 -575
32305391 5624250 -525
32305391 5624249 -525
32305391 5624204 -475
32305391 5624160 -425
32305391 5624120 -375
32305391 5624081 -325
32305391 5624044 -275
32305391 5624009 -225
32305391 5623976 -175
32305391 5624550 -2726
32305107 5624550 -875
32305230 5624550 -825
32305339 5624550 -775
32305391 5624550 -748
32305391 5624513 -725
32305391 5624440 -675
32305391 5624372 -625
32305391 5624309 -575
32305391 5624850 -2726
32305231 5624850 -925
32305391 5624850 -881
32305391 5624833 -875
32305391 5624712 -825
32305391 5624603 -775
32305391 5625150 -2726
32305171 5625150 -975
32305391 5625150 -950
32305391 5625030 -925
32305391 5625450 -2726
32305391 5625450 -967
32305391 5625750 -2726
32305253 5625750 -925
32305391 5625750 -954
32305391 5626050 -2727
32305391 5625861 -925
32305389 5626050 -875
32305391 5626050 -875
32305203 5626050 -825
32305391 5626350 -2727
32305391 5626051 -875
32305391 5626173 -825
32305391 5626290 -775
32305321 5626350 -725
32305391 5626350 -748
32305181 5626350 -675
32305391 5626650 -2727
32305391 5626398 -725
32305391 5626495 -675
32305391 5626586 -625
32305350 5626650 -575
32305391 5626650 -588
32305197 5626650 -525
32305391 5626950 -2727
32305391 5626682 -575
32305391 5626803 -525
32305391 5626919 -475
32305184 5626950 -425
32305391 5626950 -461
32305391 5627250 -2727
32305201 5627250 -425
32305391 5627145 -425
32305391 5627250 -405
32305391 5627550 -2726
32305137 5627550 -525
32305324 5627550 -475
32305391 5627550 -455
32305391 5627361 -425
32305391 5627850 -2726
32305186 5627850 -625
32305357 5627850 -575
32305391 5627850 -564
32305391 5627732 -525
32305391 5627598 -475
32305391 5628150 -2726
32305092 5628150 -775
32305258 5628150 -725
32305391 5628150 -684
32305391 5628125 -675
32305391 5627995 -625
32305391 5627874 -575
32305391 5628450 -2726
32305178 5628450 -875
32305330 5628450 -825
32305391 5628450 -804
32305391 5628374 -775
32305391 5628249 -725
32305391 5628750 -2726
32305111 5628750 -1025
32305260 5628750 -975
32305391 5628750 -930
32305391 5628737 -925
32305391 5628616 -875
32305391 5628497 -825
32305391 5629050 -2726
32305180 5629050 -1125
32305335 5629050 -1075
32305391 5629050 -1056
32305391 5628973 -1025
32305391 5628854 -975
32305391 5629350 -2726
32305218 5629350 -1225
32305391 5629350 -1175
32305391 5629348 -1175
32305391 5629220 -1125
32305391 5629095 -1075
32305391 5629650 -2725
32305200 5629650 -1325
32305391 5629650 -1281
32305391 5629630 -1275
32305391 5629487 -1225
32305391 5629950 -2725
32305363 5629950 -1375
32305391 5629950 -1370
32305391 5629795 -1325
32305391 5630250 -2725
32305391 5630250 -1439
32305391 5630186 -1425
32305391 5629970 -1375
32305391 5630550 -2725
32305391 5630550 -1488
32305391 5630469 -1475
32305391 5630552 -2725
32305391 5630850 -2675
32305391 5630850 -2131
32305391 5630846 -2125
32305116 5630850 -2075
32305391 5630850 -2124
32305391 5630850 -1516
32305389 5631150 -2675
32305391 5631150 -2675
32305391 5631150 -2160
32305391 5631110 -2075
32305391 5631089 -2025
32305172 5631150 -1975
32305391 5631150 -2013
32305389 5631150 -1525
32305391 5631150 -1525
32305391 5631144 -1525
32305391 5631151 -2675
32305388 5631450 -2625
32305391 5631450 -2625
32305134 5631450 -2475
32305391 5631450 -2496
32305391 5631431 -2475
32305391 5631386 -2425
32305188 5631450 -2375
32305391 5631450 -2411
32305381 5631450 -2175
32305391 5631450 -2175
32305391 5631431 -2175
32305391 5631358 -1975
32305391 5631335 -1925
32305220 5631450 -1875
32305391 5631450 -1904
32305244 5631450 -1825
32305391 5631155 -1525
32305129 5631450 -1475
32305391 5631450 -1516
32305391 5631451 -2625
32305391 5631750 -2575
32305391 5631750 -2575
32305130 5631750 -2475
32305391 5631750 -2506
32305391 5631631 -2375
32305391 5631585 -2325
32305292 5631750 -2275
32305391 5631750 -2291
32305353 5631750 -2175
32305391 5631750 -2180
32305391 5631612 -1875
32305391 5631589 -1825
32305262 5631750 -1775
32305391 5631750 -1796
32305285 5631750 -1725
32305299 5631750 -1475
32305391 5631750 -1493
32305391 5631750 -2575
32305391 5632050 -2525
32305391 5632050 -2525
32305391 5632050 -2505
32305195 5632050 -2475
32305391 5631837 -2275
32305391 5631791 -2225
32305391 5631996 -2175
32305391 5632050 -2175
32305390 5632050 -2175
32305391 5632050 -2173
32305391 5631872 -1775
32305391 5631850 -1725
32305391 5631828 -1675
32305319 5632050 -1625
32305391 5632050 -1636
32305342 5632050 -1575
32305391 5631930 -1475
32305239 5632050 -1425
32305391 5632050 -1461
32305391 5632050 -2525
32305391 5632051 -2175
32305391 5632117 -1625
32305391 5632096 -1575
32305391 5632075 -1525
32305370 5632350 -1475
32305391 5632350 -1478
32305391 5632350 -1425
32305207 5632350 -1375
32305391 5632369 -1475
32305692 5623650 -2727
32305692 5623950 -2727
32305397 5623950 -125
32305426 5623950 -75
32305454 5623950 -25
32305481 5623950 25
32305507 5623950 75
32305532 5623950 125
32305555 5623950 175
32305576 5623950 225
32305594 5623950 275
32305612 5623950 325
32305630 5623950 375
32305647 5623950 425
32305395 5623650 475
32305666 5623950 475
32305692 5624250 -2727
32305391 5624250 -525
32305439 5624250 -475
32305481 5624250 -425
32305519 5624250 -375
32305553 5624250 -325
32305582 5624250 -275
32305609 5624250 -225
32305633 5624250 -175
32305655 5624250 -125
32305675 5624250 -75
32305692 5624250 -26
32305692 5624249 -25
32305692 5624225 25
32305692 5624202 75
32305692 5624177 125
32305692 5624154 175
32305692 5624130 225
32305692 5624108 275
32305692 5624085 325
32305692 5624058 375
32305692 5624029 425
32305692 5623997 475
32305692 5624550 -2726
32305428 5624550 -725
32305500 5624550 -675
32305565 5624550 -625
32305622 5624550 -575
32305673 5624550 -525
32305692 5624550 -504
32305692 5624523 -475
32305692 5624482 -425
32305692 5624443 -375
32305692 5624408 -325
32305692 5624375 -275
32305692 5624346 -225
32305692 5624318 -175
32305692 5624293 -125
32305692 5624270 -75
32305692 5624850 -2726
32305407 5624850 -875
32305525 5624850 -825
32305628 5624850 -775
32305692 5624850 -740
32305692 5624825 -725
32305692 5624753 -675
32305692 5624687 -625
32305692 5624626 -575
32305692 5624571 -525
32305692 5625150 -2726
32305500 5625150 -925
32305689 5625150 -875
32305692 5625150 -874
32305692 5625026 -825
32305692 5624917 -775
32305692 5625450 -2726
32305692 5625450 -960
32305692 5625315 -925
32305692 5625152 -875
32305692 5625750 -2726
32305692 5625750 -965
32305692 5626050 -2727
32305692 5626020 -925
32305692 5626050 -920
32305692 5626350 -2727
32305692 5626195 -875
32305687 5626350 -825
32305692 5626350 -826
32305490 5626350 -775
32305692 5626650 -2727
32305692 5626353 -825
32305692 5626475 -775
32305692 5626591 -725
32305623 5626650 -675
32305692 5626650 -698
32305487 5626650 -625
32305692 5626950 -2727
32305692 5626700 -675
32305692 5626802 -625
32305692 5626900 -575
32305605 5626950 -525
32305692 5626950 -549
32305435 5626950 -475
32305692 5627250 -2727
32305692 5627018 -525
32305692 5627154 -475
32305565 5627250 -425
32305692 5627250 -438
32305692 5627550 -2727
32305629 5627550 -425
32305692 5627435 -425
32305692 5627550 -416
32305692 5627850 -2726
32305556 5627850 -525
32305692 5627850 -491
32305692 5627777 -475
32305692 5627580 -425
32305692 5628150 -2726
32305424 5628150 -675
32305599 5628150 -625
32305692 5628150 -598
32305692 5628079 -575
32305692 5627937 -525
32305692 5628450 -2726
32305484 5628450 -775
32305639 5628450 -725
32305692 5628450 -707
32305692 5628358 -675
32305692 5628221 -625
32305692 5628750 -2726
32305406 5628750 -925
32305549 5628750 -875
32305690 5628750 -825
32305692 5628750 -824
32305692 5628622 -775
32305692 5628494 -725
32305692 5629050 -2726
32305481 5629050 -1025
32305622 5629050 -975
32305692 5629050 -949
32305692 5628990 -925
32305692 5628870 -875
32305692 5628752 -825
32305692 5629350 -2726
32305393 5629350 -1175
32305548 5629350 -1125
32305692 5629350 -1077
32305692 5629344 -1075
32305692 5629225 -1025
32305692 5629108 -975
32305692 5629650 -2726
32305416 5629650 -1275
32305596 5629650 -1225
32305692 5629650 -1197
32305692 5629592 -1175
32305692 5629466 -1125
32305692 5629950 -2725
32305601 5629950 -1325
32305692 5629950 -1304
32305692 5629864 -1275
32305692 5629724 -1225
32305692 5630250 -2725
32305489 5630250 -1425
32305692 5630250 -1394
32305692 5630184 -1375
32305692 5630016 -1325
32305692 5630550 -2725
32305557 5630550 -1475
32305692 5630550 -1464
32305692 5630381 -1425
32305692 5630675 -2725
32305692 5630850 -2691
32305394 5630850 -2125
32305692 5630850 -1513
32305692 5630616 -1475
32305692 5631150 -2675
32305692 5631150 -2168
32305692 5631130 -2125
32305432 5631150 -2075
32305692 5631150 -2121
32305456 5631150 -2025
32305692 5631150 -1542
32305692 5630972 -1525
32305692 5631151 -2675
32305692 5631450 -2625
32305692 5631450 -2515
32305692 5631415 -2475
32305463 5631450 -2425
32305692 5631450 -2467
32305692 5631450 -2198
32305692 5631217 -2175
32305692 5631394 -2075
32305692 5631371 -2025
32305489 5631450 -1975
32305692 5631450 -2010
32305513 5631450 -1925
32305460 5631450 -1525
32305692 5631450 -1553
32305692 5631750 -2625
32305692 5631750 -2625
32305572 5631750 -2525
32305692 5631750 -2537
32305692 5631584 -2525
32305692 5631651 -2425
32305527 5631750 -2375
32305692 5631750 -2404
32305579 5631750 -2325
32305692 5631750 -2216
32305692 5631641 -1975
32305692 5631618 -1925
32305538 5631750 -1875
32305692 5631750 -1900
32305562 5631750 -1825
32305559 5631750 -1525
32305692 5631750 -1549
32305692 5631750 -2625
32305692 5632050 -2575
32305692 5632050 -2575
32305692 5632050 -2546
32305534 5632050 -2525
32305692 5631894 -2375
32305692 5631849 -2325
32305635 5632050 -2275
32305692 5632050 -2284
32305688 5632050 -2225
32305398 5632050 -2175
32305692 5632050 -2221
32305692 5631894 -1875
32305692 5631871 -1825
32305692 5631849 -1775
32305604 5632050 -1725
32305692 5632050 -1739
32305628 5632050 -1675
32305656 5632050 -1525
32305692 5632050 -1533
32305444 5632050 -1475
32305692 5632050 -2575
32305692 5632099 -2275
32305692 5632053 -2225
32305692 5632131 -1725
32305692 5632110 -1675
32305645 5632350 -1625
32305692 5632350 -1632
32305663 5632350 -1575
32305692 5632158 -1525
32305685 5632350 -1525
32305692 5632350 -1509
32305566 5632350 -1475
32305692 5632393 -1625
32305692 5632377 -1575
32305692 5632356 -1525
32305993 5623650 -2727
32305993 5623950 -2727
32305993 5624250 -2727
32305693 5624250 -25
32305708 5624250 25
32305723 5624250 75
32305737 5624250 125
32305750 5624250 175
32305764 5624250 225
32305778 5624250 275
32305791 5624250 325
32305815 5624250 375
32305833 5624250 425
32305854 5624250 475
32305993 5624550 -2726
32305718 5624550 -475
32305757 5624550 -425
32305792 5624550 -375
32305823 5624550 -325
32305851 5624550 -275
32305877 5624550 -225
32305927 5624550 -175
32305952 5624550 -125
32305975 5624550 -75
32305993 5624550 -36
32305993 5624545 -25
32305993 5624528 25
32305993 5624511 75
32305993 5624495 125
32305993 5624479 175
32305993 5624464 225
32305993 5624451 275
32305993 5624440 325
32305993 5624418 375
32305993 5624403 425
32305993 5624383 475
32305993 5624850 -2726
32305717 5624850 -725
32305811 5624850 -675
32305889 5624850 -625
32305957 5624850 -575
32305993 5624850 -544
32305993 5624834 -525
32305993 5624798 -475
32305993 5624766 -425
32305993 5624737 -375
32305993 5624710 -325
32305993 5624686 -275
32305993 5624663 -225
32305993 5624615 -175
32305993 5624592 -125
32305993 5624568 -75
32305993 5625150 -2726
32305859 5625150 -825
32305993 5625150 -779
32305993 5625143 -775
32305993 5625076 -725
32305993 5624994 -675
32305993 5624932 -625
32305993 5624878 -575
32305993 5625450 -2726
32305868 5625450 -925
32305993 5625450 -897
32305993 5625383 -875
32305993 5625251 -825
32305993 5625750 -2726
32305993 5625750 -943
32305993 5625617 -925
32305993 5626050 -2727
32305788 5626050 -925
32305993 5626050 -934
32305993 5626350 -2727
32305993 5626103 -925
32305944 5626350 -875
32305993 5626350 -884
32305993 5626650 -2727
32305993 5626377 -875
32305993 5626520 -825
32305977 5626650 -775
32305993 5626650 -779
32305786 5626650 -725
32305993 5626950 -2727
32305993 5626659 -775
32305993 5626774 -725
32305993 5626885 -675
32305927 5626950 -625
32305993 5626950 -644
32305769 5626950 -575
32305993 5627250 -2727
32305993 5626998 -625
32305993 5627117 -575
32305993 5627233 -525
32305823 5627250 -475
32305993 5627250 -517
32305993 5627550 -2727
32305993 5627410 -475
32305815 5627550 -425
32305993 5627550 -436
32305993 5627850 -2726
32305785 5627850 -475
32305993 5627850 -437
32305993 5628150 -2726
32305775 5628150 -575
32305949 5628150 -525
32305993 5628150 -511
32305993 5627993 -475
32305993 5628450 -2726
32305795 5628450 -675
32305950 5628450 -625
32305993 5628450 -610
32305993 5628337 -575
32305993 5628187 -525
32305993 5628750 -2726
32305835 5628750 -775
32305979 5628750 -725
32305993 5628750 -720
32305993 5628624 -675
32305993 5628488 -625
32305993 5629050 -2726
32305761 5629050 -925
32305900 5629050 -875
32305993 5629050 -841
32305993 5629009 -825
32305993 5628885 -775
32305993 5628761 -725
32305993 5629350 -2726
32305698 5629350 -1075
32305841 5629350 -1025
32305981 5629350 -975
32305993 5629350 -970
32305993 5629243 -925
32305993 5629127 -875
32305993 5629650 -2726
32305765 5629650 -1175
32305920 5629650 -1125
32305993 5629650 -1100
32305993 5629588 -1075
32305993 5629473 -1025
32305993 5629359 -975
32305993 5629950 -2726
32305806 5629950 -1275
32305990 5629950 -1225
32305993 5629950 -1224
32305993 5629828 -1175
32305993 5629707 -1125
32305993 5630250 -2725
32305790 5630250 -1375
32305993 5630250 -1333
32305993 5630226 -1325
32305993 5630087 -1275
32305993 5629952 -1225
32305993 5630550 -2725
32305989 5630550 -1425
32305993 5630550 -1424
32305993 5630386 -1375
32305878 5630850 -2725
32305993 5630850 -2725
32305993 5630850 -1495
32305993 5630764 -1475
32305993 5630552 -1425
32305993 5630852 -2725
32305993 5631150 -2675
32305713 5631150 -2125
32305993 5631150 -1546
32305993 5631026 -1525
32305992 5631450 -2675
32305993 5631450 -2675
32305927 5631450 -2525
32305993 5631450 -2527
32305993 5631447 -2525
32305732 5631450 -2475
32305993 5631450 -2524
32305993 5631450 -2213
32305993 5631432 -2175
32305993 5631410 -2125
32305752 5631450 -2075
32305993 5631450 -2117
32305777 5631450 -2025
32305949 5631450 -1575
32305993 5631450 -1578
32305993 5631416 -1575
32305993 5631451 -2675
32305993 5631750 -2625
32305993 5631750 -2561
32305993 5631675 -2475
32305807 5631750 -2425
32305993 5631750 -2458
32305785 5631750 -2225
32305993 5631750 -2244
32305993 5631563 -2225
32305993 5631673 -2075
32305993 5631651 -2025
32305810 5631750 -1975
32305993 5631750 -2006
32305834 5631750 -1925
32305860 5631750 -1575
32305993 5631750 -1594
32305993 5631750 -2625
32305993 5631950 -2575
32305936 5632050 -2575
32305993 5631910 -2425
32305993 5631866 -2375
32305927 5632050 -2325
32305993 5632050 -2336
32305718 5632050 -2225
32305993 5632050 -2262
32305993 5631920 -1975
32305993 5631897 -1925
32305993 5631875 -1875
32305885 5632050 -1825
32305993 5632050 -1843
32305909 5632050 -1775
32305884 5632050 -1575
32305993 5632050 -1597
32305993 5632107 -2325
32305993 5632061 -2275
32305993 5632150 -1825
32305993 5632127 -1775
32305929 5632350 -1725
32305993 5632350 -1735
32305953 5632350 -1675
32305940 5632350 -1575
32305993 5632350 -1588
32305749 5632350 -1525
32305993 5632409 -1725
32305993 5632387 -1675
32305993 5632365 -1625
32305993 5632539 -1575
32305993 5632650 -1575
32305990 5632650 -1575
32305993 5632650 -1566
32305993 5632653 -1575
32306295 5623650 -2727
32306295 5623950 -2727
32306295 5624250 -2727
32306295 5624550 -2727
32305999 5624550 -25
32306022 5624550 25
32306045 5624550 75
32306067 5624550 125
32306089 5624550 175
32306110 5624550 225
32306131 5624550 275
32306153 5624550 325
32306180 5624550 375
32306212 5624550 425
32306250 5624550 475
32306295 5624850 -2727
32306014 5624850 -525
32306062 5624850 -475
32306106 5624850 -425
32306145 5624850 -375
32306181 5624850 -325
32306214 5624850 -275
32306244 5624850 -225
32306272 5624850 -175
32306295 5624850 -130
32306295 5624847 -125
32306295 5624829 -75
32306295 5624811 -25
32306295 5624795 25
32306295 5624779 75
32306295 5624763 125
32306295 5624746 175
32306295 5624726 225
32306295 5624703 275
32306295 5624677 325
32306295 5624648 375
32306295 5624617 425
32306295 5624584 475
32306295 5625150 -2726
32306002 5625150 -775
32306095 5625150 -725
32306180 5625150 -675
32306257 5625150 -625
32306295 5625150 -598
32306295 5625125 -575
32306295 5625078 -525
32306295 5625036 -475
32306295 5624999 -425
32306295 5624967 -375
32306295 5624938 -325
32306295 5624912 -275
32306295 5624889 -225
32306295 5624867 -175
32306295 5625450 -2726
32306065 5625450 -875
32306213 5625450 -825
32306295 5625450 -794
32306295 5625411 -775
32306295 5625323 -725
32306295 5625247 -675
32306295 5625181 -625
32306295 5625750 -2727
32306102 5625750 -925
32306295 5625750 -888
32306295 5625697 -875
32306295 5625534 -825
32306295 5626050 -2727
32306295 5626050 -928
32306295 5626018 -925
32306295 5626350 -2727
32306295 5626090 -925
32306295 5626350 -903
32306295 5626650 -2727
32306295 5626466 -875
32306252 5626650 -825
32306295 5626650 -832
32306295 5626950 -2727
32306295 5626670 -825
32306295 5626812 -775
32306290 5626950 -725
32306295 5626950 -726
32306100 5626950 -675
32306295 5627250 -2727
32306295 5626952 -725
32306295 5627077 -675
32306295 5627200 -625
32306184 5627250 -575
32306295 5627250 -604
32306016 5627250 -525
32306295 5627550 -2727
32306295 5627332 -575
32306295 5627469 -525
32306184 5627550 -475
32306295 5627550 -495
32306295 5627850 -2727
32306295 5627635 -475
32306295 5627840 -425
32306242 5627850 -425
32306295 5627850 -422
32306295 5628150 -2726
32306136 5628150 -475
32306295 5628150 -431
32306295 5627931 -425
32306295 5628450 -2726
32306107 5628450 -575
32306259 5628450 -525
32306295 5628450 -513
32306295 5628303 -475
32306295 5628750 -2726
32306131 5628750 -675
32306284 5628750 -625
32306295 5628750 -621
32306295 5628617 -575
32306295 5628481 -525
32306295 5629050 -2726
32306041 5629050 -825
32306187 5629050 -775
32306295 5629050 -738
32306295 5629015 -725
32306295 5628886 -675
32306295 5628759 -625
32306295 5629350 -2726
32306122 5629350 -925
32306262 5629350 -875
32306295 5629350 -863
32306295 5629257 -825
32306295 5629137 -775
32306295 5629650 -2726
32306070 5629650 -1075
32306214 5629650 -1025
32306295 5629650 -996
32306295 5629601 -975
32306295 5629488 -925
32306295 5629375 -875
32306295 5629950 -2726
32306154 5629950 -1175
32306295 5629950 -1130
32306295 5629937 -1125
32306295 5629824 -1075
32306295 5629713 -1025
32306295 5630250 -2725
32306028 5630250 -1325
32306227 5630250 -1275
32306295 5630250 -1257
32306295 5630171 -1225
32306295 5630053 -1175
32306295 5630550 -2725
32306265 5630550 -1375
32306295 5630550 -1369
32306295 5630429 -1325
32306295 5630296 -1275
32306295 5630850 -2725
32306182 5630850 -1475
32306295 5630850 -1462
32306295 5630728 -1425
32306295 5630567 -1375
32306293 5631150 -2725
32306295 5631150 -2725
32306295 5631150 -1536
32306295 5631104 -1525
32306295 5630900 -1475
32306295 5631151 -2725
32306295 5631450 -2675
32305996 5631450 -2525
32306012 5631450 -2175
32306036 5631450 -2125
32306295 5631450 -1591
32306295 5631363 -1575
32306294 5631750 -2675
32306295 5631750 -2675
32306206 5631750 -2575
32306295 5631750 -2580
32306295 5631714 -2575
32306295 5631703 -2525
32306082 5631750 -2475
32306295 5631750 -2514
32306295 5631750 -2265
32306295 5631482 -2225
32306295 5631709 -2175
32306295 5631687 -2125
32306077 5631750 -2075
32306295 5631750 -2112
32306101 5631750 -2025
32306262 5631750 -1625
32306295 5631750 -1628
32306295 5631722 -1625
32306295 5631750 -2675
32306295 5632050 -2625
32306295 5632050 -2625
32306295 5632050 -2610
32306295 5631931 -2475
32306158 5632050 -2425
32306295 5632050 -2449
32306210 5632050 -2375
32306109 5632050 -2275
32306295 5632050 -2295
32306295 5631846 -2275
32306295 5631950 -2075
32306295 5631927 -2025
32306295 5631905 -1975
32306160 5632050 -1925
32306295 5632050 -1947
32306184 5632050 -1875
32306147 5632050 -1625
32306295 5632050 -1650
32306295 5632050 -2625
32306295 5632167 -2425
32306295 5632122 -2375
32306277 5632350 -2325
32306295 5632350 -2328
32306295 5632350 -2308
32306295 5632173 -1925
32306295 5632151 -1875
32306212 5632350 -1825
32306295 5632350 -1838
32306236 5632350 -1775
32306153 5632350 -1625
32306295 5632350 -1655
32306295 5632365 -2325
32306295 5632426 -1825
32306295 5632403 -1775
32306295 5632381 -1725
32306280 5632650 -1675
32306295 5632650 -1677
32306295 5632650 -1643
32306023 5632650 -1575
32306295 5632664 -1675
32306596 5623650 -2727
32306596 5623950 -2727
32306596 5624250 -2727
32306596 5624550 -2727
32306596 5624850 -2727
32306299 5624850 -125
32306334 5624850 -75
32306374 5624850 -25
32306422 5624850 25
32306484 5624850 75
32306567 5624850 125
32306596 5624850 139
32306596 5624830 175
32306596 5624806 225
32306596 5624785 275
32306596 5624766 325
32306596 5624747 375
32306596 5624725 425
32306596 5624700 475
32306596 5625150 -2727
32306325 5625150 -575
32306386 5625150 -525
32306441 5625150 -475
32306493 5625150 -425
32306540 5625150 -375
32306585 5625150 -325
32306596 5625150 -312
32306596 5625125 -275
32306596 5625095 -225
32306596 5625066 -175
32306596 5625038 -125
32306596 5625009 -75
32306596 5624979 -25
32306596 5624946 25
32306596 5624908 75
32306596 5624863 125
32306596 5625450 -2727
32306337 5625450 -775
32306437 5625450 -725
32306526 5625450 -675
32306596 5625450 -632
32306596 5625440 -625
32306596 5625380 -575
32306596 5625326 -525
32306596 5625278 -475
32306596 5625234 -425
32306596 5625195 -375
32306596 5625158 -325
32306596 5625750 -2727
32306344 5625750 -875
32306508 5625750 -825
32306596 5625750 -795
32306596 5625703 -775
32306596 5625601 -725
32306596 5625514 -675
32306596 5626050 -2727
32306320 5626050 -925
32306596 5626050 -882
32306596 5626020 -875
32306596 5625839 -825
32306596 5626350 -2727
32306596 5626350 -893
32306596 5626650 -2727
32306596 5626497 -875
32306596 5626650 -857
32306596 5626950 -2727
32306596 5626775 -825
32306556 5626950 -775
32306596 5626950 -782
32306596 5627250 -2727
32306596 5626970 -775
32306596 5627114 -725
32306583 5627250 -675
32306596 5627250 -677
32306372 5627250 -625
32306596 5627550 -2727
32306596 5627257 -675
32306596 5627384 -625
32306596 5627509 -575
32306429 5627550 -525
32306596 5627550 -558
32306596 5627850 -2727
32306596 5627642 -525
32306596 5627774 -475
32306326 5627850 -425
32306596 5627850 -445
32306596 5628150 -2727
32306339 5628150 -425
32306596 5627957 -425
32306596 5628150 -386
32306596 5628450 -2726
32306432 5628450 -475
32306596 5628450 -426
32306596 5628436 -425
32306596 5628750 -2726
32306449 5628750 -575
32306596 5628750 -529
32306596 5628734 -525
32306596 5628583 -475
32306596 5629050 -2726
32306338 5629050 -725
32306501 5629050 -675
32306596 5629050 -646
32306596 5628993 -625
32306596 5628862 -575
32306596 5629350 -2726
32306410 5629350 -825
32306560 5629350 -775
32306596 5629350 -763
32306596 5629252 -725
32306596 5629124 -675
32306596 5629650 -2726
32306356 5629650 -975
32306497 5629650 -925
32306596 5629650 -889
32306596 5629615 -875
32306596 5629497 -825
32306596 5629378 -775
32306596 5629950 -2726
32306312 5629950 -1125
32306460 5629950 -1075
32306596 5629950 -1027
32306596 5629944 -1025
32306596 5629834 -975
32306596 5629726 -925
32306596 5630250 -2726
32306407 5630250 -1225
32306575 5630250 -1175
32306596 5630250 -1168
32306596 5630155 -1125
32306596 5630049 -1075
32306596 5630550 -2725
32306491 5630550 -1325
32306596 5630550 -1300
32306596 5630491 -1275
32306596 5630376 -1225
32306596 5630264 -1175
32306596 5630850 -2725
32306537 5630850 -1425
32306596 5630850 -1415
32306596 5630743 -1375
32306596 5630613 -1325
32306596 5631150 -2725
32306436 5631150 -1525
32306596 5631150 -1511
32306596 5631034 -1475
32306596 5630878 -1425
32306596 5631161 -2725
32306596 5631450 -2676
32306596 5631450 -1589
32306596 5631395 -1575
32306596 5631200 -1525
32306596 5631750 -2675
32306596 5631750 -2593
32306596 5631735 -2575
32306350 5631750 -2525
32306596 5631750 -2571
32306519 5631750 -2275
32306596 5631750 -2278
32306596 5631733 -2275
32306596 5631726 -2225
32306596 5631704 -2175
32306363 5631750 -2125
32306596 5631750 -2166
32306596 5631750 -1647
32306596 5631635 -1625
32306596 5632050 -2675
32306596 5632050 -2675
32306596 5631982 -2625
32306596 5632050 -2634
32306478 5632050 -2625
32306596 5631957 -2525
32306435 5632050 -2475
32306596 5632050 -2504
32306596 5632050 -2320
32306596 5631962 -2125
32306596 5631940 -2075
32306429 5632050 -2025
32306596 5632050 -2053
32306453 5632050 -1975
32306494 5632050 -1675
32306596 5632050 -1687
32306596 5631957 -1675
32306596 5632050 -2675
32306596 5632187 -2475
32306539 5632350 -2425
32306596 5632350 -2435
32306562 5632350 -2375
32306596 5632113 -2325
32306596 5632350 -2343
32306437 5632350 -2325
32306596 5632203 -2025
32306596 5632180 -1975
32306487 5632350 -1925
32306596 5632350 -1943
32306512 5632350 -1875
32306404 5632350 -1675
32306596 5632350 -1707
32306596 5632381 -2425
32306596 5632369 -2375
32306596 5632451 -1925
32306596 5632427 -1875
32306596 5632404 -1825
32306561 5632650 -1775
32306596 5632650 -1780
32306586 5632650 -1725
32306596 5632650 -1705
32306444 5632650 -1675
32306596 5632676 -1775
32306596 5632657 -1725
32306897 5623650 -2727
32306897 5623950 -2727
32306897 5624250 -2727
32306897 5624550 -2727
32306897 5624850 -2727
32306618 5624850 175
32306644 5624850 225
32306665 5624850 275
32306683 5624850 325
32306701 5624850 375
32306721 5624850 425
32306747 5624850 475
32306897 5625150 -2727
32306625 5625150 -275
32306662 5625150 -225
32306697 5625150 -175
32306732 5625150 -125
32306766 5625150 -75
32306802 5625150 -25
32306839 5625150 25
32306878 5625150 75
32306897 5625150 99
32306897 5625138 125
32306897 5625117 175
32306897 5625097 225
32306897 5625078 275
32306897 5625058 325
32306897 5625037 375
32306897 5625014 425
32306897 5624988 475
32306897 5625450 -2727
32306606 5625450 -625
32306671 5625450 -575
32306728 5625450 -525
32306779 5625450 -475
32306822 5625450 -425
32306858 5625450 -375
32306886 5625450 -325
32306897 5625450 -300
32306897 5625436 -275
32306897 5625414 -225
32306897 5625395 -175
32306897 5625379 -125
32306897 5625366 -75
32306897 5625356 -25
32306897 5625350 25
32306897 5625351 75
32306897 5625450 97
32306893 5625450 125
32306897 5625341 125
32306891 5625450 175
32306897 5625381 175
32306897 5625450 193
32306897 5625750 -2727
32306651 5625750 -775
32306776 5625750 -725
32306889 5625750 -675
32306897 5625750 -671
32306897 5625690 -625
32306897 5625633 -575
32306897 5625595 -525
32306897 5625550 -475
32306897 5625513 -425
32306897 5625483 -375
32306897 5625459 -325
32306897 5625453 125
32306897 5625455 175
32306897 5626050 -2727
32306626 5626050 -875
32306823 5626050 -825
32306897 5626050 -804
32306897 5625969 -775
32306897 5625853 -725
32306897 5625756 -675
32306897 5626350 -2727
32306750 5626350 -875
32306897 5626350 -856
32306897 5626156 -825
32306897 5626650 -2727
32306897 5626650 -853
32306897 5626950 -2727
32306897 5626835 -825
32306897 5626950 -808
32306897 5627250 -2727
32306897 5627073 -775
32306877 5627250 -725
32306897 5627250 -728
32306897 5627550 -2727
32306897 5627258 -725
32306897 5627395 -675
32306897 5627530 -625
32306676 5627550 -575
32306897 5627550 -617
32306897 5627850 -2727
32306897 5627656 -575
32306897 5627775 -525
32306785 5627850 -475
32306897 5627850 -491
32306897 5628150 -2727
32306897 5627908 -475
32306897 5628076 -425
32306897 5628150 -402
32306897 5628450 -2727
32306612 5628450 -425
32306897 5628450 -394
32306897 5628750 -2726
32306618 5628750 -525
32306840 5628750 -475
32306897 5628750 -461
32306897 5628584 -425
32306897 5629050 -2726
32306678 5629050 -625
32306870 5629050 -575
32306897 5629050 -567
32306897 5628922 -525
32306897 5628785 -475
32306897 5629350 -2726
32306725 5629350 -725
32306896 5629350 -675
32306897 5629350 -674
32306897 5629208 -625
32306897 5629069 -575
32306897 5629650 -2726
32306639 5629650 -875
32306787 5629650 -825
32306897 5629650 -787
32306897 5629617 -775
32306897 5629485 -725
32306897 5629350 -675
32306897 5629950 -2726
32306604 5629950 -1025
32306747 5629950 -975
32306886 5629950 -925
32306897 5629950 -920
32306897 5629847 -875
32306897 5629735 -825
32306897 5630250 -2726
32306732 5630250 -1125
32306882 5630250 -1075
32306897 5630250 -1069
32306897 5630158 -1025
32306897 5630058 -975
32306897 5629958 -925
32306897 5630550 -2726
32306692 5630550 -1275
32306874 5630550 -1225
32306897 5630550 -1218
32306897 5630460 -1175
32306897 5630359 -1125
32306897 5630260 -1075
32306897 5630850 -2725
32306798 5630850 -1375
32306897 5630850 -1354
32306897 5630784 -1325
32306897 5630673 -1275
32306897 5630564 -1225
32306897 5631150 -2725
32306879 5631150 -1475
32306897 5631150 -1472
32306897 5631028 -1425
32306897 5630901 -1375
32306889 5631450 -2725
32306897 5631450 -2725
32306837 5631450 -1575
32306897 5631450 -1571
32306897 5631308 -1525
32306897 5631157 -1475
32306896 5631750 -2725
32306897 5631750 -2725
32306614 5631750 -2575
32306897 5631750 -2282
32306897 5631746 -2275
32306622 5631750 -2225
32306897 5631750 -2274
32306646 5631750 -2175
32306897 5631750 -1650
32306897 5631653 -1625
32306897 5631463 -1575
32306897 5631750 -2725
32306897 5631851 -2675
32306664 5632050 -2675
32306897 5631782 -2625
32306897 5631913 -2575
32306843 5632050 -2525
32306897 5632050 -2529
32306687 5632050 -2325
32306897 5632050 -2336
32306897 5631985 -2325
32306897 5632000 -2225
32306897 5631978 -2175
32306692 5632050 -2125
32306897 5632050 -2161
32306717 5632050 -2075
32306897 5632050 -1707
32306897 5631880 -1675
32306897 5632070 -2525
32306897 5632260 -2475
32306897 5632184 -2425
32306686 5632350 -2425
32306897 5632108 -2375
32306646 5632350 -2375
32306897 5632201 -2125
32306897 5632215 -2075
32306755 5632350 -2025
32306897 5632350 -2049
32306780 5632350 -1975
32306751 5632350 -1725
32306897 5632350 -1741
32306897 5632205 -1725
32306897 5632455 -2025
32306897 5632436 -1975
32306897 5632418 -1925
32306897 5632578 -1875
32306897 5632493 -1825
32306897 5632407 -1775
32306693 5632650 -1775
32306623 5632650 -1725
32307198 5623650 -2727
32307198 5623950 -2727
32307198 5624250 -2727
32307198 5624550 -2727
32307198 5624850 -2727
32307198 5625150 -2727
32306915 5625150 125
32306947 5625150 175
32306975 5625150 225
32307001 5625150 275
32307032 5625150 325
32307064 5625150 375
32307096 5625150 425
32307130 5625150 475
32307198 5625450 -2727
32306913 5625450 -275
32306939 5625450 -225
32306961 5625450 -175
32306980 5625450 -125
32306994 5625450 -75
32307005 5625450 -25
32307010 5625450 25
32307000 5625450 75
32307039 5625450 125
32307198 5625450 103
32307198 5625438 125
32307198 5625411 175
32306984 5625450 175
32307198 5625385 225
32307198 5625355 275
32307198 5625320 325
32307198 5625285 375
32307198 5625251 425
32307198 5625216 475
32307198 5625750 -2727
32306975 5625750 -625
32307054 5625750 -575
32307120 5625750 -525
32307196 5625750 -475
32307198 5625750 -473
32307198 5625709 -425
32307198 5625672 -375
32307198 5625638 -325
32307198 5625609 -275
32307198 5625583 -225
32307198 5625559 -175
32307198 5625543 -125
32307198 5625521 -75
32307198 5625500 -25
32307198 5625480 25
32307198 5625460 75
32307198 5626050 -2727
32306982 5626050 -775
32307117 5626050 -725
32307198 5626050 -692
32307198 5626016 -675
32307198 5625934 -625
32307198 5625864 -575
32307198 5625803 -525
32307198 5625751 -475
32307198 5626350 -2727
32307043 5626350 -825
32307198 5626350 -789
32307198 5626296 -775
32307198 5626137 -725
32307198 5626650 -2727
32307159 5626650 -825
32307198 5626650 -820
32307198 5626950 -2727
32307198 5626950 -805
32307198 5627250 -2727
32307198 5627130 -775
32307198 5627250 -755
32307198 5627550 -2727
32307198 5627364 -725
32307194 5627550 -675
32307198 5627550 -675
32306934 5627550 -625
32307198 5627850 -2727
32307198 5627552 -675
32307198 5627705 -625
32307197 5627850 -575
32307198 5627850 -575
32307010 5627850 -525
32307198 5628150 -2727
32307198 5627851 -575
32307198 5628030 -525
32307143 5628150 -475
32307198 5628150 -490
32306970 5628150 -425
32307198 5628450 -2727
32307198 5628273 -475
32307045 5628450 -425
32307198 5628450 -453
32307198 5628750 -2727
32307198 5628750 -461
32307198 5629050 -2726
32307162 5629050 -525
32307198 5629050 -519
32307198 5628819 -475
32307198 5629350 -2726
32307101 5629350 -625
32307198 5629350 -601
32307198 5629252 -575
32307198 5629071 -525
32307198 5629650 -2726
32306939 5629650 -775
32307102 5629650 -725
32307198 5629650 -695
32307198 5629587 -675
32307198 5629428 -625
32307198 5629950 -2726
32307034 5629950 -875
32307178 5629950 -825
32307198 5629950 -818
32307198 5629847 -775
32307198 5629724 -725
32307198 5630250 -2726
32307034 5630250 -1025
32307179 5630250 -975
32307198 5630250 -968
32307198 5630163 -925
32307198 5630063 -875
32307198 5629963 -825
32307198 5630550 -2726
32307044 5630550 -1175
32307198 5630550 -1127
32307198 5630545 -1125
32307198 5630449 -1075
32307198 5630355 -1025
32307198 5630262 -975
32307198 5630850 -2725
32307019 5630850 -1325
32307198 5630850 -1279
32307198 5630840 -1275
32307198 5630740 -1225
32307198 5630642 -1175
32307198 5631150 -2725
32307160 5631150 -1425
32307198 5631150 -1417
32307198 5631055 -1375
32307198 5630946 -1325
32307198 5631450 -2725
32307198 5631450 -1537
32307198 5631419 -1525
32307198 5631292 -1475
32307198 5631168 -1425
32307198 5631688 -2725
32307112 5631750 -2725
32307198 5631697 -2675
32307026 5631750 -2675
32307198 5631750 -2656
32306901 5631750 -2275
32307198 5631750 -1635
32307198 5631718 -1625
32307198 5631564 -1575
32307198 5631886 -2625
32307137 5632050 -2575
32307198 5632050 -2586
32307135 5632050 -2475
32307198 5632050 -2512
32307198 5631870 -2475
32307198 5631936 -2425
32307050 5632050 -2425
32307198 5631871 -2375
32306964 5632050 -2375
32307198 5631985 -2325
32307198 5631968 -2275
32306971 5632050 -2225
32307198 5632050 -2254
32307004 5632050 -2175
32307198 5632050 -1709
32307198 5631909 -1675
32307198 5632102 -2575
32307198 5632142 -2525
32307198 5632203 -2225
32307198 5632181 -2175
32307099 5632350 -2125
32307198 5632350 -2142
32307097 5632350 -2075
32307118 5632350 -1875
32307198 5632350 -1923
32307198 5632281 -1875
32307198 5632210 -1825
32307035 5632350 -1825
32307198 5632140 -1775
32306953 5632350 -1775
32307198 5632071 -1725
32307198 5632442 -2125
32307198 5632419 -2075
32307198 5632396 -2025
32307183 5632650 -1975
32307198 5632650 -1977
32307198 5632650 -1943
32307198 5632367 -1925
32307198 5632664 -1975
32307196 5632950 -1875
32307198 5632930 -1875
32307198 5632950 -1875
32307198 5632950 -1870
32307198 5632952 -1875
32307500 5623650 -2728
32307500 5623950 -2727
32307500 5624250 -2727
32307500 5624550 -2727
32307500 5624850 -2727
32307500 5625150 -2727
32307500 5625450 -2727
32307222 5625450 125
32307282 5625450 175
32307340 5625450 225
32307396 5625450 275
32307466 5625450 325
32307500 5625450 356
32307500 5625443 375
32307500 5625428 425
32307500 5625412 475
32307500 5625750 -2727
32307256 5625750 -425
32307312 5625750 -375
32307365 5625750 -325
32307414 5625750 -275
32307460 5625750 -225
32307500 5625750 -177
32307500 5625748 -175
32307500 5625720 -125
32307500 5625694 -75
32307500 5625669 -25
32307500 5625643 25
32307500 5625616 75
32307500 5625587 125
32307500 5625559 175
32307500 5625534 225
32307500 5625508 275
32307500 5625469 325
32307500 5626050 -2727
32307236 5626050 -675
32307334 5626050 -625
32307425 5626050 -575
32307500 5626050 -531
32307500 5626041 -525
32307500 5625981 -475
32307500 5625929 -425
32307500 5625882 -375
32307500 5625842 -325
32307500 5625806 -275
32307500 5625775 -225
32307500 5626350 -2727
32307244 5626350 -775
32307394 5626350 -725
32307500 5626350 -687
32307500 5626320 -675
32307500 5626213 -625
32307500 5626120 -575
32307500 5626650 -2727
32307415 5626650 -775
32307500 5626650 -755
32307500 5626504 -725
32307500 5626950 -2727
32307492 5626950 -775
32307500 5626950 -774
32307500 5627250 -2727
32307500 5627250 -758
32307500 5627550 -2727
32307500 5627502 -725
32307500 5627550 -719
32307500 5627850 -2727
32307500 5627782 -675
32307361 5627850 -625
32307500 5627850 -662
32307500 5628150 -2727
32307500 5628044 -625
32307412 5628150 -575
32307500 5628150 -604
32307280 5628150 -525
32307500 5628450 -2727
32307500 5628342 -575
32307394 5628450 -525
32307500 5628450 -558
32307253 5628450 -475
32307500 5628750 -2727
32307500 5628734 -525
32307259 5628750 -475
32307500 5628750 -523
32307500 5629050 -2727
32307500 5629050 -515
32307500 5629350 -2726
32307349 5629350 -575
32307500 5629350 -548
32307500 5629139 -525
32307500 5629650 -2726
32307279 5629650 -675
32307471 5629650 -625
32307500 5629650 -617
32307500 5629469 -575
32307500 5629950 -2726
32307347 5629950 -775
32307500 5629950 -729
32307500 5629937 -725
32307500 5629805 -675
32307500 5629670 -625
32307500 5630250 -2726
32307340 5630250 -925
32307498 5630250 -875
32307500 5630250 -874
32307500 5630147 -825
32307500 5630043 -775
32307500 5630550 -2726
32307206 5630550 -1125
32307370 5630550 -1075
32307500 5630550 -1033
32307500 5630534 -1025
32307500 5630439 -975
32307500 5630344 -925
32307500 5630250 -875
32307500 5630850 -2725
32307216 5630850 -1275
32307395 5630850 -1225
32307500 5630850 -1194
32307500 5630813 -1175
32307500 5630719 -1125
32307500 5630626 -1075
32307500 5631150 -2725
32307386 5631150 -1375
32307500 5631150 -1347
32307500 5631105 -1325
32307500 5631006 -1275
32307500 5630909 -1225
32307500 5631450 -2725
32307272 5631450 -1525
32307500 5631450 -1485
32307500 5631425 -1475
32307500 5631315 -1425
32307500 5631208 -1375
32307500 5631709 -2725
32307292 5631750 -2675
32307500 5631750 -2715
32307462 5631750 -2425
32307500 5631750 -2446
32307500 5631741 -2425
32307500 5631750 -2423
32307297 5631750 -1625
32307500 5631750 -1603
32307500 5631676 -1575
32307500 5631548 -1525
32307500 5631975 -2675
32307398 5632050 -2625
32307500 5632050 -2654
32307500 5632050 -2518
32307500 5631868 -2475
32307500 5631990 -2375
32307500 5631970 -2325
32307311 5632050 -2275
32307500 5632050 -2308
32307421 5632050 -1825
32307500 5632050 -1866
32307500 5632001 -1825
32307500 5631943 -1775
32307325 5632050 -1775
32307500 5631886 -1725
32307228 5632050 -1725
32307500 5631830 -1675
32307500 5631774 -1625
32307500 5632235 -2625
32307493 5632350 -2575
32307500 5632350 -2579
32307500 5632350 -2568
32307500 5632089 -2525
32307500 5632223 -2275
32307500 5632252 -2225
32307382 5632350 -2175
32307500 5632350 -2204
32307306 5632350 -1925
32307500 5632350 -1927
32307500 5632339 -1925
32307500 5632093 -1875
32307500 5632355 -2575
32307500 5632472 -2175
32307500 5632447 -2125
32307420 5632650 -2075
32307500 5632650 -2090
32307442 5632650 -2025
32307313 5632650 -1925
32307500 5632369 -1925
32307500 5632650 -1893
32307500 5632734 -2075
32307500 5632711 -2025
32307465 5632950 -1975
32307500 5632950 -1981
32307485 5632950 -1925
32307255 5632950 -1875
32307500 5632950 -1896
32307500 5632988 -1975
32307500 5632964 -1925
32307801 5623650 -2728
32307801 5623950 -2727
32307801 5624250 -2727
32307801 5624550 -2727
32307801 5624850 -2727
32307801 5625150 -2727
32307801 5625450 -2727
32307507 5625450 375
32307523 5625450 425
32307541 5625450 475
32307801 5625750 -2727
32307502 5625750 -175
32307539 5625750 -125
32307576 5625750 -75
32307614 5625750 -25
32307657 5625750 25
32307710 5625750 75
32307783 5625750 125
32307801 5625750 135
32307801 5625729 175
32307801 5625710 225
32307801 5625696 275
32307801 5625685 325
32307801 5625676 375
32307801 5625667 425
32307801 5625654 475
32307801 5626050 -2727
32307509 5626050 -525
32307576 5626050 -475
32307638 5626050 -425
32307693 5626050 -375
32307743 5626050 -325
32307787 5626050 -275
32307801 5626050 -257
32307801 5626025 -225
32307801 5625990 -175
32307801 5625958 -125
32307801 5625927 -75
32307801 5625896 -25
32307801 5625862 25
32307801 5625820 75
32307801 5625763 125
32307801 5626350 -2727
32307527 5626350 -675
32307631 5626350 -625
32307727 5626350 -575
32307801 5626350 -533
32307801 5626335 -525
32307801 5626263 -475
32307801 5626201 -425
32307801 5626147 -375
32307801 5626101 -325
32307801 5626061 -275
32307801 5626650 -2727
32307598 5626650 -725
32307747 5626650 -675
32307801 5626650 -655
32307801 5626563 -625
32307801 5626439 -575
32307801 5626950 -2727
32307737 5626950 -725
32307801 5626950 -710
32307801 5626746 -675
32307801 5627250 -2727
32307801 5627250 -730
32307801 5627160 -725
32307801 5627550 -2727
32307726 5627550 -725
32307801 5627550 -726
32307801 5627850 -2727
32307801 5627577 -725
32307581 5627850 -675
32307801 5627850 -707
32307801 5628150 -2727
32307786 5628150 -675
32307801 5628150 -678
32307577 5628150 -625
32307801 5628450 -2727
32307801 5628175 -675
32307739 5628450 -625
32307801 5628450 -640
32307556 5628450 -575
32307801 5628750 -2727
32307801 5628550 -625
32307720 5628750 -575
32307801 5628750 -592
32307507 5628750 -525
32307801 5629050 -2727
32307801 5628876 -575
32307585 5629050 -525
32307801 5629050 -548
32307801 5629350 -2727
32307801 5629350 -535
32307801 5629650 -2726
32307781 5629650 -575
32307801 5629650 -571
32307801 5629950 -2726
32307523 5629950 -725
32307769 5629950 -675
32307801 5629950 -668
32307801 5629815 -625
32307801 5629659 -575
32307801 5630250 -2726
32307701 5630250 -825
32307801 5630250 -799
32307801 5630193 -775
32307801 5630078 -725
32307801 5629964 -675
32307801 5630550 -2726
32307530 5630550 -1025
32307704 5630550 -975
32307801 5630550 -946
32307801 5630507 -925
32307801 5630405 -875
32307801 5630302 -825
32307801 5630850 -2725
32307566 5630850 -1175
32307732 5630850 -1125
32307801 5630850 -1103
32307801 5630796 -1075
32307801 5630701 -1025
32307801 5630605 -975
32307798 5631150 -2775
32307801 5631147 -2775
32307801 5631150 -2775
32307586 5631150 -1325
32307766 5631150 -1275
32307801 5631150 -1264
32307801 5631075 -1225
32307801 5630982 -1175
32307801 5630890 -1125
32307800 5631450 -2775
32307801 5631450 -2775
32307551 5631450 -1475
32307636 5631450 -1425
32307736 5631450 -1375
32307801 5631450 -1342
32307801 5631381 -1325
32307801 5631188 -1275
32307801 5631700 -2775
32307551 5631750 -2725
32307801 5631750 -2772
32307509 5631750 -2425
32307603 5631750 -1625
32307801 5631750 -1669
32307801 5631695 -1625
32307801 5631634 -1575
32307801 5631574 -1525
32307801 5631514 -1475
32307801 5631621 -1425
32307801 5631517 -1375
32307801 5631957 -2725
32307600 5632050 -2675
32307801 5632050 -2702
32307801 5632050 -2521
32307801 5631932 -2475
32307801 5632011 -2425
32307566 5632050 -2375
32307801 5632050 -2417
32307588 5632050 -2325
32307639 5632050 -1825
32307800 5632050 -1775
32307801 5632050 -1774
32307801 5631906 -1725
32307801 5631766 -1675
32307679 5632350 -2675
32307801 5632350 -2701
32307620 5632350 -2625
32307801 5632350 -2551
32307801 5632065 -2525
32307801 5632286 -2375
32307801 5632263 -2325
32307625 5632350 -2275
32307801 5632350 -2309
32307596 5632350 -2225
32307509 5632350 -1925
32307707 5632350 -1875
32307801 5632350 -1851
32307801 5632244 -1825
32307801 5632050 -1775
32307801 5632500 -2675
32307801 5632526 -2625
32307745 5632650 -2575
32307801 5632650 -2601
32307801 5632545 -2525
32307714 5632650 -2525
32307801 5632650 -2495
32307801 5632530 -2275
32307801 5632508 -2225
32307671 5632650 -2175
32307801 5632650 -2197
32307695 5632650 -2125
32307801 5632499 -1875
32307801 5632650 -1898
32307801 5632720 -2575
32307801 5632950 -2527
32307785 5632950 -2525
32307801 5632950 -2509
32307801 5632785 -2175
32307801 5632760 -2125
32307706 5632950 -2075
32307801 5632950 -2092
32307728 5632950 -2025
32307801 5632950 -1913
32307801 5632965 -2525
32307801 5633051 -2075
32307801 5633028 -2025
32307801 5632981 -1975
32307764 5633250 -1925
32307801 5633250 -1931
32307801 5633110 -1875
32307786 5633250 -1875
32307801 5633250 -1841
32307801 5633290 -1925
32307801 5633266 -1875
32308102 5623650 -2728
32308102 5623950 -2728
32308102 5624250 -2727
32308102 5624550 -2727
32308102 5624850 -2727
32308102 5625150 -2727
32308102 5625450 -2727
32308102 5625750 -2727
32307826 5625750 175
32307849 5625750 225
32307865 5625750 275
32307879 5625750 325
32307890 5625750 375
32307904 5625750 425
32307922 5625750 475
32308102 5626050 -2727
32307825 5626050 -225
32307859 5626050 -175
32307887 5626050 -125
32307912 5626050 -75
32307934 5626050 -25
32307953 5626050 25
32307972 5626050 75
32307991 5626050 125
32308012 5626050 175
32308036 5626050 225
32308062 5626050 275
32308091 5626050 325
32308102 5626050 348
32308102 5626038 375
32308102 5626015 425
32308102 5625984 475
32308102 5626350 -2727
32307814 5626350 -525
32307885 5626350 -475
32307949 5626350 -425
32308007 5626350 -375
32308058 5626350 -325
32308102 5626350 -276
32308102 5626348 -275
32308102 5626308 -225
32308102 5626273 -175
32308102 5626243 -125
32308102 5626217 -75
32308102 5626194 -25
32308102 5626173 25
32308102 5626153 75
32308102 5626133 125
32308102 5626112 175
32308102 5626093 225
32308102 5626075 275
32308102 5626057 325
32308102 5626650 -2727
32307869 5626650 -625
32307973 5626650 -575
32308069 5626650 -525
32308102 5626650 -507
32308102 5626594 -475
32308102 5626517 -425
32308102 5626451 -375
32308102 5626395 -325
32308102 5626950 -2727
32307914 5626950 -675
32308063 5626950 -625
32308102 5626950 -610
32308102 5626835 -575
32308102 5626695 -525
32308102 5627250 -2727
32307826 5627250 -725
32308052 5627250 -675
32308102 5627250 -663
32308102 5627022 -625
32308102 5627550 -2727
32307816 5627550 -725
32308102 5627550 -686
32308102 5627391 -675
32308102 5627850 -2727
32308102 5627850 -692
32308102 5628150 -2727
32308102 5628150 -687
32308102 5628450 -2727
32308102 5628380 -675
32308102 5628450 -671
32308102 5628750 -2727
32308005 5628750 -625
32308102 5628750 -640
32308102 5629050 -2727
32308102 5628873 -625
32307949 5629050 -575
32308102 5629050 -601
32308102 5629350 -2727
32308102 5629341 -575
32308102 5629350 -574
32308102 5629650 -2727
32307893 5629650 -575
32308102 5629650 -581
32308102 5629384 -575
32308102 5629950 -2727
32308102 5629950 -644
32308102 5629859 -625
32308102 5630250 -2726
32307948 5630250 -775
32308102 5630250 -748
32308102 5630183 -725
32308102 5630039 -675
32308100 5630550 -2775
32308102 5630548 -2775
32308102 5630550 -2775
32307890 5630550 -925
32308094 5630550 -875
32308102 5630550 -872
32308102 5630436 -825
32308102 5630448 -775
32308098 5630850 -2775
32308102 5630850 -2775
32307852 5630850 -1075
32307940 5630850 -1025
32308025 5630850 -975
32308102 5630850 -928
32308102 5630832 -925
32308102 5630561 -875
32308102 5631150 -2775
32307873 5631150 -1225
32307960 5631150 -1175
32308043 5631150 -1125
32308102 5631150 -1087
32308102 5631125 -1075
32308102 5631032 -1025
32308102 5630938 -975
32308102 5631450 -2775
32307996 5631450 -1425
32308102 5631450 -1470
32308102 5631412 -1425
32308102 5631372 -1375
32307881 5631450 -1375
32307870 5631450 -1325
32308102 5631450 -1344
32308042 5631450 -1275
32308102 5631450 -1256
32308102 5631392 -1225
32308102 5631302 -1175
32308102 5631214 -1125
32308101 5631750 -2825
32308102 5631749 -2825
32308102 5631750 -2825
32307812 5631750 -2775
32308060 5631750 -1625
32308102 5631750 -1617
32308102 5631660 -1575
32308102 5631557 -1525
32308102 5631458 -1475
32308102 5631501 -1325
32308102 5631464 -1275
32308102 5632050 -2825
32308102 5632050 -2825
32308102 5632050 -2818
32308102 5632019 -2775
32307901 5632050 -2725
32308102 5632050 -2767
32307915 5632050 -2475
32307837 5632050 -2425
32308102 5632050 -1739
32308102 5632012 -1725
32308102 5631887 -1675
32308102 5631767 -1625
32308102 5632350 -2825
32308102 5632350 -2825
32308102 5632350 -2807
32307904 5632350 -2725
32308102 5632350 -2769
32307948 5632350 -2525
32308076 5632350 -2475
32308102 5632350 -2464
32308102 5632334 -2425
32307859 5632350 -2375
32308102 5632350 -2421
32307880 5632350 -2325
32308102 5632350 -1832
32308102 5632323 -1825
32308102 5632161 -1775
32308102 5632350 -2825
32308102 5632553 -2725
32307945 5632650 -2675
32308102 5632650 -2703
32307916 5632650 -2625
32308102 5632415 -2475
32308102 5632650 -2511
32308102 5632593 -2375
32308102 5632572 -2325
32307920 5632650 -2275
32308102 5632650 -2309
32307941 5632650 -2225
32307923 5632650 -1875
32308102 5632650 -1858
32308102 5632787 -2675
32308102 5632745 -2625
32308061 5632950 -2575
32308102 5632950 -2582
32308102 5632833 -2525
32308102 5632950 -2533
32307997 5632950 -2525
32308102 5632837 -2275
32308102 5632815 -2225
32307960 5632950 -2175
32308102 5632950 -2199
32307983 5632950 -2125
32308055 5632950 -1875
32308102 5632950 -1867
32308102 5632987 -2575
32308102 5633087 -2175
32308102 5633065 -2125
32308102 5633042 -2075
32308028 5633250 -2025
32308102 5633250 -2037
32308051 5633250 -1975
32308102 5633250 -1866
32308102 5633324 -2025
32308102 5633300 -1975
32308102 5633277 -1925
32308082 5633550 -1875
32308102 5633550 -1878
32308102 5633550 -1833
32308102 5633569 -1875
32308403 5623650 -2728
32308403 5623950 -2728
32308403 5624250 -2728
32308403 5624550 -2727
32308403 5624850 -2727
32308403 5625150 -2727
32308403 5625450 -2727
32308403 5625750 -2727
32308403 5626050 -2727
32308112 5626050 375
32308134 5626050 425
32308163 5626050 475
32308403 5626350 -2727
32308103 5626350 -275
32308147 5626350 -225
32308185 5626350 -175
32308220 5626350 -125
32308252 5626350 -75
32308281 5626350 -25
32308310 5626350 25
32308339 5626350 75
32308370 5626350 125
32308403 5626350 173
32308403 5626349 175
32308403 5626326 225
32308403 5626309 275
32308403 5626297 325
32308403 5626284 375
32308403 5626268 425
32308403 5626245 475
32308403 5626650 -2727
32308152 5626650 -475
32308223 5626650 -425
32308288 5626650 -375
32308345 5626650 -325
32308395 5626650 -275
32308403 5626650 -265
32308403 5626611 -225
32308403 5626569 -175
32308403 5626532 -125
32308403 5626500 -75
32308403 5626471 -25
32308403 5626443 25
32308403 5626414 75
32308403 5626383 125
32308403 5626950 -2727
32308182 5626950 -575
32308287 5626950 -525
32308384 5626950 -475
32308403 5626950 -464
32308403 5626873 -425
32308403 5626790 -375
32308403 5626719 -325
32308403 5626660 -275
32308403 5627250 -2727
32308215 5627250 -625
32308353 5627250 -575
32308403 5627250 -555
32308403 5627136 -525
32308403 5626978 -475
32308403 5627550 -2727
32308144 5627550 -675
32308308 5627550 -625
32308403 5627550 -593
32308403 5627396 -575
32308403 5627850 -2727
32308173 5627850 -675
32308349 5627850 -625
32308403 5627850 -607
32308403 5628150 -2727
32308172 5628150 -675
32308402 5628150 -625
32308403 5628150 -624
32308403 5628450 -2727
32308403 5628152 -625
32308403 5628450 -647
32308403 5628750 -2727
32308403 5628750 -661
32308403 5629050 -2727
32308228 5629050 -625
32308403 5629050 -657
32308403 5629350 -2727
32308320 5629350 -625
32308403 5629350 -643
32308105 5629350 -575
32308403 5629650 -2727
32308340 5629650 -625
32308403 5629650 -636
32308403 5629950 -2726
32308403 5629950 -656
32308403 5630250 -2726
32308164 5630250 -725
32308295 5630250 -675
32308403 5630250 -631
32308403 5630547 -2775
32308403 5630550 -2775
32308205 5630550 -825
32308174 5630550 -775
32308403 5630550 -726
32308403 5630543 -725
32308403 5630388 -675
32308403 5630850 -2775
32308115 5630850 -925
32308304 5630850 -875
32308403 5630850 -847
32308403 5630796 -825
32308403 5630672 -775
32308403 5631150 -2775
32308381 5631150 -1225
32308403 5631150 -1236
32308403 5631141 -1225
32308403 5631102 -1175
32308283 5631150 -1175
32308403 5631150 -1158
32308147 5631150 -1075
32308310 5631150 -1025
32308403 5631150 -994
32308403 5631111 -975
32308403 5631011 -925
32308403 5630908 -875
32308399 5631450 -2825
32308403 5631446 -2825
32308403 5631450 -2825
32308307 5631450 -1425
32308403 5631450 -1401
32308403 5631400 -1375
32308403 5631308 -1325
32308245 5631450 -1325
32308403 5631218 -1275
32308142 5631450 -1275
32308403 5631244 -1125
32308403 5631207 -1075
32308403 5631171 -1025
32308403 5631750 -2825
32308331 5631750 -1575
32308403 5631750 -1560
32308403 5631680 -1525
32308403 5631585 -1475
32308403 5631492 -1425
32308403 5632050 -2875
32308403 5632049 -2875
32308403 5632050 -2875
32308134 5632050 -2775
32308215 5632050 -1725
32308403 5632050 -1698
32308403 5631996 -1675
32308403 5631885 -1625
32308403 5631780 -1575
32308403 5632050 -2875
32308403 5632332 -2825
32308354 5632350 -2825
32308403 5632311 -2775
32308403 5632350 -2766
32308120 5632350 -2425
32308130 5632350 -1825
32308305 5632350 -1775
32308403 5632350 -1745
32308403 5632215 -1725
32308274 5632650 -2725
32308403 5632650 -2749
32308359 5632650 -2525
32308403 5632650 -2527
32308403 5632636 -2525
32308403 5632359 -2475
32308403 5632608 -2425
32308403 5632589 -2375
32308187 5632650 -2325
32308403 5632650 -2363
32308403 5632650 -1826
32308403 5632645 -1825
32308403 5632457 -1775
32308403 5632755 -2725
32308403 5632768 -2675
32308338 5632950 -2625
32308403 5632950 -2636
32308403 5632950 -2557
32308403 5632852 -2325
32308403 5632831 -2275
32308246 5632950 -2225
32308403 5632950 -2252
32308403 5632950 -1873
32308403 5633008 -2625
32308392 5633250 -2575
32308403 5633250 -2576
32308403 5633250 -2564
32308403 5633100 -2225
32308403 5633079 -2175
32308294 5633250 -2125
32308403 5633250 -2143
32308317 5633250 -2075
32308226 5633250 -1875
32308403 5633250 -1887
32308403 5632983 -1875
32308403 5633260 -2575
32308403 5633356 -2125
32308403 5633334 -2075
32308403 5633311 -2025
32308355 5633550 -1975
32308403 5633550 -1983
32308377 5633550 -1925
32308403 5633470 -1875
32308403 5633550 -1870
32308403 5633598 -1975
32308403 5633575 -1925
32308380 5633850 -1875
32308403 5633850 -1878
32308403 5633834 -1825
32308402 5633850 -1825
32308403 5633850 -1822
32308403 5633873 -1875
32308403 5633851 -1825
32308704 5623650 -2728
32308704 5623950 -2728
32308704 5624250 -2728
32308704 5624550 -2728
32308704 5624850 -2727
32308704 5625150 -2727
32308704 5625450 -2727
32308704 5625750 -2727
32308704 5626050 -2727
32308704 5626350 -2727
32308404 5626350 175
32308437 5626350 225
32308460 5626350 275
32308478 5626350 325
32308497 5626350 375
32308520 5626350 425
32308550 5626350 475
32308704 5626650 -2727
32308442 5626650 -225
32308486 5626650 -175
32308525 5626650 -125
32308560 5626650 -75
32308592 5626650 -25
32308623 5626650 25
32308654 5626650 75
32308687 5626650 125
32308704 5626650 149
32308704 5626632 175
32308704 5626602 225
32308704 5626579 275
32308704 5626562 325
32308704 5626542 375
32308704 5626518 425
32308704 5626490 475
32308704 5626950 -2727
32308467 5626950 -425
32308540 5626950 -375
32308608 5626950 -325
32308670 5626950 -275
32308704 5626950 -244
32308704 5626925 -225
32308704 5626872 -175
32308704 5626826 -125
32308704 5626786 -75
32308704 5626751 -25
32308704 5626720 25
32308704 5626692 75
32308704 5626664 125
32308704 5627250 -2727
32308470 5627250 -525
32308572 5627250 -475
32308669 5627250 -425
32308704 5627250 -406
32308704 5627176 -375
32308704 5627075 -325
32308704 5626991 -275
32308704 5627550 -2727
32308447 5627550 -575
32308559 5627550 -525
32308661 5627550 -475
32308704 5627550 -452
32308704 5627366 -425
32308704 5627850 -2727
32308479 5627850 -575
32308581 5627850 -525
32308665 5627850 -475
32308704 5627850 -448
32308704 5628150 -2727
32308541 5628150 -575
32308648 5628150 -525
32308704 5628150 -491
32308704 5628035 -475
32308704 5628450 -2727
32308552 5628450 -625
32308704 5628450 -596
32308704 5628378 -575
32308704 5628232 -525
32308704 5628750 -2727
32308652 5628750 -675
32308704 5628750 -678
32308704 5628736 -675
32308704 5628545 -625
32308704 5629050 -2727
32308489 5629050 -675
32308704 5629050 -718
32308704 5629350 -2727
32308699 5629350 -725
32308704 5629350 -726
32308704 5629301 -725
32308516 5629350 -675
32308704 5629650 -2726
32308704 5629389 -725
32308549 5629650 -675
32308704 5629650 -715
32308704 5629950 -2726
32308704 5629784 -675
32308704 5629933 -625
32308658 5629950 -625
32308704 5629950 -619
32308704 5630250 -2767
32308610 5630250 -625
32308704 5630250 -621
32308704 5630296 -2775
32308704 5630550 -2776
32308417 5630550 -725
32308704 5630550 -679
32308704 5630528 -675
32308704 5630266 -625
32308704 5630850 -2775
32308684 5630850 -1025
32308704 5630850 -1038
32308704 5630838 -1025
32308704 5630797 -975
32308609 5630850 -975
32308704 5630850 -959
32308512 5630850 -825
32308704 5630850 -783
32308704 5630825 -775
32308704 5630682 -725
32308700 5631150 -2825
32308704 5631146 -2825
32308704 5631150 -2825
32308467 5631150 -1225
32308704 5631150 -1177
32308704 5631143 -1175
32308704 5631036 -1125
32308621 5631150 -1125
32308704 5630928 -1075
32308540 5631150 -1075
32308456 5631150 -1025
32308704 5630959 -925
32308704 5630921 -875
32308704 5630882 -825
32308704 5631450 -2836
32308537 5631450 -1375
32308704 5631450 -1338
32308704 5631423 -1325
32308704 5631330 -1275
32308704 5631237 -1225
32308703 5631750 -2875
32308704 5631727 -2875
32308704 5631750 -2875
32308601 5631750 -1525
32308704 5631750 -1504
32308704 5631694 -1475
32308704 5631602 -1425
32308704 5631513 -1375
32308704 5632050 -2875
32308470 5632050 -1675
32308603 5632050 -1625
32308704 5632050 -1584
32308704 5632013 -1575
32308704 5631823 -1525
32308704 5632350 -2875
32308704 5632350 -2875
32308704 5632350 -2855
32308704 5632328 -2825
32308452 5632350 -2775
32308704 5632350 -2820
32308609 5632350 -1725
32308704 5632350 -1714
32308704 5632254 -1675
32308704 5632139 -1625
32308704 5632350 -2875
32308704 5632555 -2775
32308704 5632650 -2754
32308704 5632650 -2546
32308704 5632541 -2525
32308704 5632622 -2475
32308449 5632650 -2425
32308704 5632650 -2469
32308471 5632650 -2375
32308428 5632650 -1825
32308704 5632650 -1813
32308704 5632529 -1775
32308704 5632379 -1725
32308704 5632787 -2725
32308618 5632950 -2675
32308704 5632950 -2690
32308608 5632950 -2575
32308704 5632950 -2583
32308704 5632881 -2575
32308704 5632885 -2425
32308704 5632865 -2375
32308509 5632950 -2325
32308704 5632950 -2358
32308532 5632950 -2275
32308543 5632950 -1875
32308704 5632950 -1876
32308704 5632940 -1875
32308704 5632704 -1825
32308704 5633026 -2675
32308677 5633250 -2625
32308704 5633250 -2629
32308704 5633250 -2596
32308503 5633250 -2575
32308704 5633133 -2325
32308704 5633112 -2275
32308561 5633250 -2225
32308704 5633250 -2249
32308584 5633250 -2175
32308704 5633250 -1907
32308704 5633275 -2625
32308704 5633388 -2225
32308704 5633366 -2175
32308704 5633344 -2125
32308626 5633550 -2075
32308704 5633550 -2088
32308649 5633550 -2025
32308444 5633550 -1875
32308704 5633550 -1904
32308704 5633627 -2075
32308704 5633604 -2025
32308704 5633691 -1975
32308679 5633850 -1925
32308704 5633850 -1945
32308704 5633815 -1875
32308418 5633850 -1825
32308704 5633850 -1871
32308704 5633875 -1925
32308704 5633851 -1875
32309006 5623650 -2728
32309006 5623950 -2728
32309006 5624250 -2728
32309006 5624550 -2728
32309006 5624850 -2728
32309006 5625150 -2727
32309006 5625450 -2727
32309006 5625750 -2727
32309006 5626050 -2727
32309006 5626350 -2727
32309006 5626650 -2727
32308719 5626650 175
32308746 5626650 225
32308768 5626650 275
32308784 5626650 325
32308800 5626650 375
32308819 5626650 425
32308841 5626650 475
32309006 5626950 -2727
32308725 5626950 -225
32308771 5626950 -175
32308810 5626950 -125
32308843 5626950 -75
32308871 5626950 -25
32308895 5626950 25
32308915 5626950 75
32308932 5626950 125
32308949 5626950 175
32308966 5626950 225
32308981 5626950 275
32308993 5626950 325
32309006 5626950 374
32309006 5626949 375
32309006 5626919 425
32309006 5626884 475
32309006 5627250 -2727
32308753 5627250 -375
32308823 5627250 -325
32308885 5627250 -275
32308938 5627250 -225
32308984 5627250 -175
32309006 5627250 -147
32309006 5627223 -125
32309006 5627171 -75
32309006 5627129 -25
32309006 5627094 25
32309006 5627065 75
32309006 5627039 125
32309006 5627015 175
32309006 5626994 225
32309006 5626978 275
32309006 5626964 325
32309006 5627550 -2727
32308761 5627550 -425
32308855 5627550 -375
32308941 5627550 -325
32309006 5627550 -283
32309006 5627526 -275
32309006 5627398 -225
32309006 5627296 -175
32309006 5627850 -2727
32308766 5627850 -425
32308890 5627850 -375
32309006 5627850 -325
32309006 5627846 -325
32309006 5628150 -2727
32308797 5628150 -475
32309006 5628150 -436
32309006 5628117 -425
32309006 5627980 -375
32309006 5628450 -2727
32309006 5628450 -602
32309006 5628389 -575
32309006 5628290 -525
32309006 5628206 -475
32309006 5628750 -2727
32309006 5628750 -720
32309006 5628623 -675
32309006 5628500 -625
32309006 5629050 -2727
32308958 5629050 -775
32309006 5629050 -785
32309006 5628999 -775
32309006 5628771 -725
32308733 5629050 -725
32309006 5629350 -2726
32308877 5629350 -775
32309006 5629350 -810
32309006 5629650 -2726
32309006 5629488 -775
32308903 5629650 -725
32309006 5629650 -729
32309006 5629950 -2726
32309006 5629690 -725
32308940 5629950 -675
32309006 5629950 -690
32308729 5629950 -625
32308763 5630250 -2775
32309006 5630242 -2775
32309006 5630250 -2776
32309006 5630070 -675
32308742 5630250 -625
32309006 5630250 -647
32309006 5630550 -2776
32308994 5630550 -925
32309006 5630550 -935
32309006 5630539 -925
32309006 5630490 -875
32308939 5630550 -875
32309006 5630439 -825
32308883 5630550 -825
32309006 5630388 -775
32308824 5630550 -775
32309006 5630550 -739
32308766 5630550 -675
32309006 5630550 -655
32309001 5630850 -2825
32309006 5630845 -2825
32309006 5630850 -2825
32308938 5630850 -1025
32309006 5630850 -1020
32309006 5630690 -975
32308891 5630850 -925
32308827 5630850 -875
32308761 5630850 -825
32309006 5630606 -725
32309006 5630565 -675
32309001 5631150 -2875
32309006 5631145 -2875
32309006 5631150 -2875
32308732 5631150 -1175
32309006 5631150 -1142
32309006 5631107 -1125
32309006 5630984 -1075
32309006 5630860 -1025
32308937 5631450 -2875
32309006 5631450 -2875
32308799 5631450 -1325
32309006 5631450 -1291
32309006 5631415 -1275
32309006 5631315 -1225
32309006 5631215 -1175
32309006 5631750 -2875
32308777 5631750 -1475
32308892 5631750 -1425
32308998 5631750 -1375
32309006 5631750 -1371
32309006 5631572 -1325
32309006 5632050 -2875
32308772 5632050 -1575
32309006 5632050 -1540
32309006 5632021 -1525
32309006 5631929 -1475
32309006 5631840 -1425
32309006 5631756 -1375
32309006 5632279 -2875
32308879 5632350 -2875
32308732 5632350 -2825
32309006 5632350 -2872
32309006 5632350 -1686
32309006 5632323 -1675
32309006 5632217 -1625
32309006 5632116 -1575
32309006 5632568 -2825
32308823 5632650 -2775
32309006 5632650 -2807
32309006 5632650 -2569
32309006 5632633 -2525
32308735 5632650 -2475
32309006 5632650 -2521
32309006 5632650 -1801
32309006 5632576 -1775
32309006 5632444 -1725
32309006 5632802 -2775
32308900 5632950 -2725
32309006 5632950 -2743
32309006 5632950 -2611
32309006 5632686 -2575
32309006 5632896 -2475
32309006 5632876 -2425
32308797 5632950 -2375
32309006 5632950 -2411
32309006 5632950 -1880
32309006 5632926 -1875
32309006 5632735 -1825
32309006 5633041 -2725
32308963 5633250 -2675
32309006 5633250 -2682
32309006 5633161 -2625
32309006 5633250 -2630
32308956 5633250 -2625
32309006 5633143 -2375
32309006 5633123 -2325
32308852 5633250 -2275
32309006 5633250 -2301
32308995 5633250 -1925
32309006 5633250 -1925
32309006 5633245 -1925
32309006 5633288 -2675
32309006 5633396 -2275
32309006 5633375 -2225
32308897 5633550 -2175
32309006 5633550 -2193
32308920 5633550 -2125
32308894 5633550 -1925
32309006 5633550 -1936
32309006 5633655 -2175
32309006 5633633 -2125
32309006 5633611 -2075
32308955 5633850 -2025
32309006 5633850 -2033
32308877 5633850 -1975
32309006 5633720 -1925
32308730 5633850 -1875
32309006 5633850 -1916
32309006 5633900 -2025
32309006 5633877 -1975
32309006 5633854 -1925
32309006 5634089 -1875
32309006 5634150 -1875
32309001 5634150 -1875
32309006 5634150 -1864
32309006 5634154 -1875
32309307 5623650 -2729
32309307 5623950 -2728
32309307 5624250 -2728
32309307 5624550 -2728
32309307 5624850 -2728
32309307 5625150 -2728
32309307 5625450 -2727
32309307 5625750 -2727
32309307 5626050 -2727
32309307 5626350 -2727
32309307 5626650 -2727
32309307 5626950 -2727
32309006 5626950 375
32309037 5626950 425
32309068 5626950 475
32309307 5627250 -2727
32309027 5627250 -125
32309068 5627250 -75
32309102 5627250 -25
32309131 5627250 25
32309156 5627250 75
32309179 5627250 125
32309199 5627250 175
32309217 5627250 225
32309231 5627250 275
32309244 5627250 325
32309256 5627250 375
32309270 5627250 425
32309285 5627250 475
32309307 5627550 -2727
32309021 5627550 -275
32309107 5627550 -225
32309182 5627550 -175
32309246 5627550 -125
32309301 5627550 -75
32309307 5627550 -68
32309307 5627505 -25
32309307 5627464 25
32309307 5627428 75
32309307 5627398 125
32309307 5627371 175
32309307 5627349 225
32309307 5627334 275
32309307 5627322 325
32309307 5627310 375
32309307 5627295 425
32309307 5627276 475
32309307 5627850 -2727
32309009 5627850 -325
32309307 5627850 -288
32309307 5627824 -275
32309307 5627739 -225
32309307 5627667 -175
32309307 5627607 -125
32309307 5627555 -75
32309307 5628150 -2727
32309307 5628150 -469
32309307 5628063 -425
32309307 5627977 -375
32309307 5627900 -325
32309307 5628450 -2727
32309229 5628450 -625
32309307 5628450 -632
32309307 5628434 -625
32309307 5628333 -575
32309307 5628241 -525
32309307 5628158 -475
32309307 5628750 -2727
32309048 5628750 -725
32309307 5628750 -755
32309307 5628669 -725
32309307 5628547 -675
32309307 5629050 -2726
32309235 5629050 -825
32309307 5629050 -837
32309307 5629002 -825
32309307 5628818 -775
32309307 5629350 -2726
32309307 5629193 -825
32309307 5629350 -811
32309307 5629650 -2726
32309168 5629650 -775
32309307 5629650 -814
32309307 5629950 -2726
32309293 5629950 -775
32309307 5629950 -779
32309124 5629950 -725
32309307 5630240 -2775
32309307 5630250 -2776
32309297 5630250 -975
32309307 5630250 -985
32309307 5630236 -975
32309307 5630171 -925
32309254 5630250 -925
32309307 5630101 -875
32309211 5630250 -875
32309307 5630026 -825
32309167 5630250 -825
32309122 5630250 -775
32309077 5630250 -725
32309031 5630250 -675
32309297 5630550 -2825
32309307 5630540 -2825
32309307 5630550 -2826
32309236 5630550 -975
32309307 5630550 -988
32309072 5630550 -725
32309024 5630550 -675
32309307 5630850 -2826
32309073 5630850 -1025
32309307 5630850 -1041
32309307 5630758 -1025
32309307 5631145 -2875
32309307 5631150 -2875
32309307 5631150 -1129
32309307 5631106 -1125
32309307 5630952 -1075
32309307 5631450 -2875
32309051 5631450 -1275
32309179 5631450 -1225
32309296 5631450 -1175
32309307 5631450 -1170
32309307 5631750 -2875
32309307 5631750 -1332
32309307 5631734 -1325
32309307 5631641 -1275
32309307 5631549 -1225
32309307 5631458 -1175
32309307 5632050 -2875
32309154 5632050 -1525
32309307 5632050 -1507
32309307 5631990 -1475
32309307 5631902 -1425
32309307 5631818 -1375
32309307 5632311 -2875
32309307 5632350 -2866
32309186 5632350 -1675
32309307 5632350 -1666
32309307 5632266 -1625
32309307 5632170 -1575
32309307 5632080 -1525
32309307 5632542 -2825
32309307 5632650 -2801
32309061 5632650 -2575
32309307 5632650 -2599
32309307 5632641 -2575
32309024 5632650 -2525
32309307 5632650 -2573
32309307 5632650 -1794
32309307 5632601 -1775
32309307 5632480 -1725
32309307 5632368 -1675
32309307 5632803 -2775
32309307 5632950 -2741
32309139 5632950 -2625
32309307 5632950 -2642
32309307 5632825 -2625
32309307 5632904 -2525
32309307 5632886 -2475
32309087 5632950 -2425
32309307 5632950 -2462
32309307 5632950 -1886
32309307 5632909 -1875
32309307 5632745 -1825
32309307 5633013 -2725
32309307 5633250 -2676
32309307 5633250 -2665
32309307 5633152 -2425
32309307 5633133 -2375
32309143 5633250 -2325
32309307 5633250 -2353
32309307 5633250 -1943
32309307 5633148 -1925
32309307 5633258 -2675
32309307 5633404 -2325
32309307 5633383 -2275
32309191 5633550 -2225
32309307 5633550 -2244
32309307 5633550 -1966
32309307 5633661 -2225
32309307 5633639 -2175
32309229 5633850 -2125
32309307 5633850 -2137
32309253 5633850 -2075
32309072 5633850 -1925
32309307 5633850 -1956
32309307 5633926 -2125
32309307 5633903 -2075
32309307 5633881 -2025
32309279 5634150 -1975
32309307 5634150 -1979
32309307 5634082 -1925
32309302 5634150 -1925
32309307 5634150 -1915
32309067 5634150 -1875
32309307 5634178 -1975
32309307 5634154 -1925
32309608 5623650 -2729
32309608 5623950 -2729
32309608 5624250 -2728
32309608 5624550 -2728
32309608 5624850 -2728
32309608 5625150 -2728
32309608 5625450 -2728
32309608 5625750 -2727
32309608 5626050 -2727
32309608 5626350 -2727
32309608 5626650 -2727
32309608 5626950 -2727
32309608 5627250 -2727
32309608 5627550 -2727
32309350 5627550 -25
32309393 5627550 25
32309428 5627550 75
32309458 5627550 125
32309483 5627550 175
32309503 5627550 225
32309518 5627550 275
32309531 5627550 325
32309545 5627550 375
32309561 5627550 425
32309578 5627550 475
32309608 5627850 -2727
32309335 5627850 -275
32309425 5627850 -225
32309497 5627850 -175
32309553 5627850 -125
32309597 5627850 -75
32309608 5627850 -58
32309608 5627822 -25
32309608 5627787 25
32309608 5627758 75
32309608 5627733 125
32309608 5627710 175
32309608 5627689 225
32309608 5627669 275
32309608 5627649 325
32309608 5627627 375
32309608 5627605 425
32309608 5627584 475
32309608 5628150 -2727
32309495 5628150 -425
32309608 5628150 -392
32309608 5628126 -375
32309608 5628065 -325
32309608 5628010 -275
32309608 5627963 -225
32309608 5627922 -175
32309608 5627887 -125
32309608 5627858 -75
32309608 5628450 -2727
32309379 5628450 -625
32309608 5628450 -598
32309608 5628410 -575
32309608 5628330 -525
32309608 5628257 -475
32309608 5628190 -425
32309608 5628750 -2726
32309608 5628750 -748
32309608 5628700 -725
32309608 5628597 -675
32309608 5628499 -625
32309608 5629050 -2726
32309378 5629050 -825
32309608 5629050 -779
32309608 5629004 -775
32309608 5629350 -2726
32309608 5629233 -825
32309412 5629350 -825
32309608 5629350 -853
32309608 5629650 -2726
32309581 5629650 -1075
32309608 5629650 -1102
32309608 5629618 -1075
32309608 5629560 -1025
32309532 5629650 -1025
32309608 5629650 -1001
32309553 5629650 -875
32309608 5629650 -889
32309608 5629532 -875
32309352 5629650 -825
32309599 5629950 -2775
32309608 5629940 -2775
32309608 5629950 -2776
32309572 5629950 -1075
32309608 5629950 -1117
32309529 5629950 -1025
32309608 5629771 -975
32309485 5629950 -975
32309608 5629702 -925
32309440 5629950 -925
32309395 5629950 -875
32309349 5629950 -825
32309601 5630250 -2825
32309608 5630243 -2825
32309608 5630250 -2826
32309527 5630250 -1075
32309608 5630250 -1108
32309405 5630250 -1025
32309608 5630550 -2826
32309608 5630351 -1075
32309409 5630550 -1025
32309608 5630550 -1049
32309608 5630850 -2845
32309489 5630850 -1025
32309608 5630811 -1025
32309608 5630850 -1012
32309608 5631085 -2875
32309608 5631150 -2875
32309378 5631150 -1125
32309602 5631150 -1075
32309608 5631150 -1073
32309608 5630910 -1025
32309608 5631450 -2875
32309546 5631450 -1175
32309608 5631450 -1176
32309608 5631445 -1175
32309608 5631301 -1125
32309608 5631154 -1075
32309608 5631750 -2875
32309551 5631750 -1325
32309608 5631750 -1322
32309608 5631650 -1275
32309608 5631547 -1225
32309608 5632050 -2875
32309608 5632050 -1494
32309608 5632013 -1475
32309608 5631922 -1425
32309608 5631835 -1375
32309608 5631753 -1325
32309608 5632279 -2875
32309608 5632350 -2859
32309608 5632350 -1657
32309608 5632284 -1625
32309608 5632189 -1575
32309608 5632101 -1525
32309444 5632650 -2825
32309608 5632650 -2852
32309528 5632650 -2625
32309608 5632650 -2634
32309608 5632646 -2625
32309317 5632650 -2575
32309608 5632650 -2624
32309608 5632650 -1793
32309608 5632604 -1775
32309608 5632490 -1725
32309608 5632384 -1675
32309608 5632783 -2825
32309496 5632950 -2775
32309608 5632950 -2790
32309590 5632950 -2675
32309608 5632950 -2677
32309608 5632934 -2675
32309608 5632911 -2575
32309608 5632893 -2525
32309378 5632950 -2475
32309608 5632950 -2514
32309608 5632950 -1895
32309608 5632885 -1875
32309608 5632736 -1825
32309608 5633024 -2775
32309585 5633250 -2725
32309608 5633250 -2728
32309608 5633250 -2700
32309391 5633250 -2675
32309608 5633160 -2475
32309421 5633250 -2425
32309608 5633250 -2457
32309435 5633250 -2375
32309608 5633250 -1961
32309608 5633079 -1925
32309608 5633269 -2725
32309608 5633424 -2425
32309608 5633412 -2375
32309608 5633394 -2325
32309484 5633550 -2275
32309608 5633550 -2296
32309400 5633550 -1975
32309608 5633550 -1993
32309608 5633371 -1975
32309608 5633668 -2275
32309608 5633647 -2225
32309526 5633850 -2175
32309608 5633850 -2188
32309457 5633850 -1975
32309608 5633850 -1993
32309608 5633931 -2175
32309608 5633908 -2125
32309608 5633894 -2075
32309579 5634150 -2025
32309608 5634150 -2030
32309608 5634020 -1975
32309368 5634150 -1925
32309608 5634150 -1961
32309608 5634179 -2025
32309608 5634156 -1975
32309909 5623650 -2733
32309909 5623950 -2729
32309909 5624250 -2729
32309909 5624550 -2728
32309909 5624850 -2728
32309909 5625150 -2728
32309909 5625450 -2728
32309909 5625750 -2728
32309909 5626050 -2727
32309909 5626350 -2727
32309909 5626650 -2727
32309909 5626950 -2727
32309909 5627250 -2727
32309909 5627550 -2727
32309909 5627850 -2727
32309631 5627850 -25
32309659 5627850 25
32309683 5627850 75
32309703 5627850 125
32309721 5627850 175
32309738 5627850 225
32309755 5627850 275
32309761 5627850 325
32309729 5627850 375
32309740 5627850 425
32309752 5627850 475
32309909 5628150 -2727
32309637 5628150 -375
32309712 5628150 -325
32309772 5628150 -275
32309821 5628150 -225
32309860 5628150 -175
32309889 5628150 -125
32309826 5628150 -75
32309841 5628150 -25
32309854 5628150 25
32309863 5628150 75
32309872 5628150 125
32309878 5628150 175
32309885 5628150 225
32309895 5628150 275
32309906 5628150 325
32309909 5628150 337
32309909 5628131 375
32309909 5628106 425
32309909 5628082 475
32309909 5628450 -2726
32309679 5628450 -575
32309721 5628450 -525
32309786 5628450 -475
32309844 5628450 -425
32309895 5628450 -375
32309909 5628450 -358
32309909 5628394 -325
32309909 5628322 -275
32309909 5628263 -225
32309909 5628215 -175
32309909 5628176 -125
32309909 5628252 -75
32309909 5628234 -25
32309909 5628219 25
32309909 5628207 75
32309909 5628197 125
32309909 5628188 175
32309909 5628180 225
32309909 5628167 275
32309909 5628153 325
32309909 5628750 -2726
32309659 5628750 -725
32309760 5628750 -675
32309848 5628750 -625
32309909 5628750 -585
32309909 5628717 -575
32309909 5628660 -525
32309909 5628591 -475
32309909 5628526 -425
32309909 5628467 -375
32309909 5629050 -2726
32309656 5629050 -775
32309909 5629050 -744
32309909 5629012 -725
32309909 5628916 -675
32309909 5628822 -625
32309909 5629350 -2726
32309876 5629350 -1075
32309909 5629350 -1106
32309909 5629323 -1075
32309909 5629281 -1025
32309821 5629350 -1025
32309909 5629239 -975
32309763 5629350 -975
32309909 5629197 -925
32309702 5629350 -925
32309909 5629350 -875
32309909 5629350 -873
32309909 5629235 -825
32309909 5629119 -775
32309900 5629650 -2775
32309909 5629641 -2775
32309909 5629650 -2776
32309849 5629650 -1175
32309909 5629650 -1194
32309909 5629583 -1175
32309909 5629412 -1125
32309687 5629650 -1125
32309699 5629650 -975
32309647 5629650 -925
32309909 5629351 -875
32309909 5629950 -2776
32309909 5629846 -1175
32309661 5629950 -1125
32309909 5629950 -1163
32309909 5630241 -2825
32309909 5630250 -2826
32309684 5630250 -1125
32309909 5630250 -1174
32309909 5630550 -2826
32309838 5630550 -1125
32309909 5630550 -1164
32309747 5630550 -1075
32309909 5630850 -2826
32309841 5630850 -1125
32309909 5630850 -1158
32309739 5630850 -1075
32309634 5630850 -1025
32309909 5631147 -2875
32309909 5631150 -2875
32309902 5631150 -1175
32309909 5631150 -1177
32309909 5631111 -1175
32309763 5631150 -1125
32309612 5631150 -1075
32309909 5631450 -2875
32309847 5631450 -1225
32309909 5631450 -1238
32309909 5631383 -1225
32309909 5631750 -2875
32309630 5631750 -1325
32309909 5631750 -1353
32309909 5631673 -1325
32309909 5631543 -1275
32309909 5632050 -2875
32309909 5632050 -1507
32309909 5631982 -1475
32309909 5631882 -1425
32309909 5631788 -1375
32309909 5632242 -2875
32309909 5632350 -2852
32309909 5632350 -1664
32309909 5632267 -1625
32309909 5632170 -1575
32309909 5632080 -1525
32309909 5632650 -2846
32309907 5632650 -2675
32309909 5632650 -2675
32309909 5632649 -2675
32309612 5632650 -2625
32309909 5632650 -2674
32309909 5632650 -1800
32309909 5632587 -1775
32309909 5632473 -1725
32309909 5632370 -1675
32309909 5632753 -2825
32309909 5632950 -2784
32309909 5632950 -2713
32309909 5632917 -2625
32309909 5632899 -2575
32309671 5632950 -2525
32309909 5632950 -2565
32309909 5632950 -1906
32309909 5632853 -1875
32309909 5632712 -1825
32309909 5632990 -2775
32309909 5632997 -2725
32309699 5633250 -2725
32309909 5633167 -2525
32309729 5633250 -2475
32309909 5633250 -2505
32309846 5633250 -1975
32309909 5633250 -1978
32309909 5633233 -1975
32309909 5633022 -1925
32309909 5633404 -2475
32309909 5633410 -2425
32309771 5633550 -2375
32309909 5633550 -2397
32309774 5633550 -2325
32309909 5633550 -2017
32309909 5633673 -2375
32309909 5633668 -2325
32309909 5633649 -2275
32309835 5633850 -2225
32309909 5633850 -2236
32309909 5633850 -2024
32309909 5633918 -2225
32309909 5633896 -2175
32309870 5634150 -2125
32309909 5634150 -2131
32309891 5634150 -2075
32309909 5633855 -2025
32309909 5634150 -2044
32309839 5634150 -2025
32309658 5634150 -1975
32309909 5634187 -2125
32309909 5634164 -2075
32310210 5623650 -2761
32310210 5623950 -2729
32310210 5624250 -2729
32310210 5624550 -2728
32310210 5624850 -2728
32310210 5625150 -2728
32310210 5625450 -2728
32310210 5625750 -2728
32310210 5626050 -2727
32310210 5626350 -2727
32310210 5626650 -2727
32310210 5626950 -2727
32310210 5627250 -2727
32310210 5627550 -2727
32310210 5627850 -2727
32310210 5628150 -2726
32309950 5628150 375
32309990 5628150 425
32310019 5628150 475
32310210 5628450 -2726
32309958 5628450 -325
32310023 5628450 -275
32310081 5628450 -225
32310133 5628450 -175
32310180 5628450 -125
32310210 5628450 -88
32310210 5628441 -75
32310210 5628412 -25
32310210 5628385 25
32310210 5628360 75
32310210 5628335 125
32310210 5628312 175
32310210 5628291 225
32310210 5628275 275
32310210 5628264 325
32310210 5628256 375
32310210 5628251 425
32310210 5628247 475
32310210 5628750 -2726
32309936 5628750 -575
32310050 5628750 -525
32310147 5628750 -475
32310210 5628750 -437
32310210 5628736 -425
32310210 5628684 -375
32310210 5628634 -325
32310210 5628588 -275
32310210 5628545 -225
32310210 5628506 -175
32310210 5628471 -125
32310210 5629050 -2726
32310161 5629050 -925
32310210 5629050 -966
32310210 5629024 -925
32310210 5628995 -875
32310099 5629050 -875
32310210 5628966 -825
32310031 5629050 -825
32310210 5629050 -795
32310001 5629050 -725
32310184 5629050 -675
32310210 5629050 -666
32310210 5628997 -625
32310210 5628933 -575
32310210 5628868 -525
32310210 5628801 -475
32310203 5629350 -2775
32310210 5629343 -2775
32310210 5629350 -2776
32310210 5629350 -1104
32310210 5629218 -1075
32310210 5629139 -1025
32310210 5629062 -975
32309912 5629350 -875
32310210 5629111 -775
32310210 5629082 -725
32310210 5629054 -675
32310210 5629650 -2776
32310210 5629650 -1212
32310210 5629570 -1175
32310210 5629465 -1125
32310202 5629950 -2825
32310210 5629941 -2825
32310210 5629950 -2826
32310153 5629950 -1275
32310210 5629950 -1302
32310210 5629858 -1275
32310210 5629692 -1225
32310046 5629950 -1225
32309935 5629950 -1175
32310210 5630250 -2826
32310170 5630250 -1325
32310210 5630250 -1348
32310210 5630099 -1325
32310085 5630250 -1275
32309998 5630250 -1225
32309911 5630250 -1175
32310210 5630550 -2826
32310154 5630550 -1325
32310210 5630550 -1361
32310077 5630550 -1275
32310001 5630550 -1225
32309924 5630550 -1175
32310208 5630850 -2875
32310210 5630847 -2875
32310210 5630850 -2875
32310164 5630850 -1325
32310210 5630850 -1354
32310087 5630850 -1275
32310010 5630850 -1225
32309934 5630850 -1175
32310210 5631150 -2876
32310171 5631150 -1325
32310210 5631150 -1347
32310083 5631150 -1275
32309994 5631150 -1225
32310210 5631450 -2875
32310117 5631450 -1325
32310210 5631450 -1364
32309998 5631450 -1275
32310210 5631750 -2875
32310182 5631750 -1425
32310210 5631750 -1432
32310210 5631714 -1425
32310210 5631494 -1375
32309993 5631750 -1375
32310210 5632050 -2875
32310037 5632050 -1525
32310210 5632050 -1550
32310210 5631981 -1525
32310210 5631852 -1475
32310210 5632201 -2875
32310210 5632350 -2844
32310049 5632350 -1675
32310210 5632350 -1687
32310210 5632319 -1675
32310210 5632204 -1625
32310210 5632098 -1575
32310210 5632650 -2832
32310067 5632650 -2725
32310210 5632650 -2770
32310210 5632634 -2725
32310210 5632618 -2675
32310210 5632650 -2669
32310210 5632650 -1815
32310210 5632546 -1775
32310210 5632430 -1725
32310210 5632687 -2825
32310210 5632692 -2775
32310124 5632950 -2775
32309949 5632950 -2725
32310210 5632889 -2625
32309970 5632950 -2575
32310210 5632950 -2613
32310210 5632950 -1919
32310210 5632813 -1875
32310210 5632674 -1825
32310210 5633156 -2575
32310210 5633138 -2525
32310210 5633250 -2504
32310210 5633250 -1993
32310210 5633169 -1975
32310210 5632971 -1925
32310210 5633410 -2475
32310210 5633539 -2425
32310210 5633550 -2422
32310168 5633550 -2075
32310210 5633550 -2084
32310210 5633475 -2075
32310210 5633349 -2025
32309943 5633550 -2025
32310210 5633666 -2375
32310210 5633646 -2325
32310132 5633850 -2275
32310210 5633850 -2288
32310125 5633850 -2075
32310210 5633850 -2095
32309911 5633850 -2025
32310210 5633927 -2275
32310210 5633905 -2225
32310166 5634150 -2175
32310210 5634150 -2182
32310196 5634150 -2075
32310210 5634150 -2076
32310210 5634194 -2175
32310210 5634172 -2125
32310318 5623650 -2775
32310512 5623650 -2778
32310512 5623669 -2775
32310512 5623950 -2729
32310512 5624250 -2729
32310512 5624550 -2729
32310512 5624850 -2728
32310512 5625150 -2728
32310512 5625450 -2728
32310512 5625750 -2728
32310512 5626050 -2728
32310512 5626350 -2727
32310512 5626650 -2727
32310512 5626950 -2727
32310512 5627250 -2727
32310512 5627550 -2727
32310512 5627850 -2727
32310512 5628150 -2726
32310512 5628450 -2726
32310221 5628450 -75
32310254 5628450 -25
32310283 5628450 25
32310306 5628450 75
32310327 5628450 125
32310345 5628450 175
32310362 5628450 225
32310378 5628450 275
32310394 5628450 325
32310410 5628450 375
32310425 5628450 425
32310441 5628450 475
32310512 5628750 -2749
32310235 5628750 -425
32310328 5628750 -375
32310416 5628750 -325
32310499 5628750 -275
32310512 5628750 -266
32310512 5628719 -225
32310512 5628686 -175
32310512 5628656 -125
32310512 5628630 -75
32310512 5628608 -25
32310512 5628590 25
32310512 5628574 75
32310512 5628561 125
32310512 5628550 175
32310512 5628540 225
32310512 5628531 275
32310512 5628521 325
32310512 5628512 375
32310512 5628502 425
32310512 5628493 475
32310502 5629050 -2775
32310512 5628902 -2775
32310512 5629050 -2776
32310309 5629050 -925
32310512 5629050 -892
32310512 5628995 -875
32310512 5628947 -825
32310512 5628899 -775
32310341 5629050 -775
32310512 5628956 -725
32310282 5629050 -725
32310512 5628934 -675
32310221 5629050 -675
32310512 5628911 -625
32310512 5628889 -575
32310512 5628867 -525
32310512 5628845 -475
32310512 5628822 -425
32310512 5628799 -375
32310512 5628776 -325
32310512 5628753 -275
32310511 5629350 -2825
32310512 5629349 -2825
32310512 5629350 -2825
32310512 5629350 -1108
32310512 5629313 -1075
32310512 5629259 -1025
32310512 5629206 -975
32310512 5629155 -925
32310506 5629650 -2825
32310512 5629650 -2825
32310397 5629650 -1275
32310512 5629650 -1316
32310512 5629586 -1275
32310512 5629513 -1225
32310249 5629650 -1225
32310512 5629441 -1175
32310512 5629372 -1125
32310512 5629950 -2826
32310464 5629950 -1425
32310512 5629950 -1448
32310512 5629895 -1425
32310512 5629780 -1375
32310362 5629950 -1375
32310512 5629668 -1325
32310258 5629950 -1325
32310512 5630250 -2826
32310428 5630250 -1475
32310512 5630250 -1523
32310512 5630056 -1475
32310342 5630250 -1425
32310256 5630250 -1375
32310507 5630550 -2875
32310512 5630543 -2875
32310512 5630550 -2875
32310464 5630550 -1525
32310512 5630550 -1555
32310512 5630265 -1525
32310385 5630550 -1475
32310307 5630550 -1425
32310231 5630550 -1375
32310512 5630850 -2875
32310464 5630850 -1525
32310512 5630850 -1555
32310388 5630850 -1475
32310313 5630850 -1425
32310240 5630850 -1375
32310512 5631150 -2876
32310489 5631150 -1525
32310512 5631150 -1539
32310408 5631150 -1475
32310329 5631150 -1425
32310252 5631150 -1375
32310512 5631450 -2875
32310507 5631450 -1525
32310512 5631450 -1527
32310413 5631450 -1475
32310320 5631450 -1425
32310229 5631450 -1375
32310512 5631750 -2875
32310451 5631750 -1525
32310512 5631750 -1548
32310321 5631750 -1475
32310512 5632050 -2875
32310321 5632050 -1575
32310512 5632050 -1618
32310512 5631859 -1575
32310512 5632120 -2875
32310512 5632350 -2829
32310475 5632350 -2775
32310512 5632350 -2788
32310512 5632345 -2775
32310512 5632350 -2774
32310512 5632350 -1723
32310512 5632202 -1675
32310512 5632065 -1625
32310512 5632650 -2826
32310240 5632650 -2775
32310512 5632650 -2814
32310512 5632618 -2725
32310247 5632650 -2675
32310512 5632650 -2719
32310365 5632650 -1825
32310512 5632650 -1834
32310512 5632621 -1825
32310512 5632479 -1775
32310512 5632352 -1725
32310512 5632677 -2825
32310512 5632891 -2675
32310280 5632950 -2625
32310512 5632950 -2664
32310452 5632950 -1975
32310512 5632950 -1989
32310512 5632919 -1975
32310512 5632816 -1925
32310236 5632950 -1925
32310512 5632721 -1875
32310512 5633164 -2625
32310512 5633146 -2575
32310331 5633250 -2525
32310512 5633250 -2555
32310362 5633250 -2025
32310512 5633250 -2056
32310512 5633101 -2025
32310512 5633420 -2525
32310512 5633401 -2475
32310222 5633550 -2425
32310512 5633550 -2447
32310512 5633550 -2099
32310512 5633373 -2075
32310512 5633678 -2425
32310512 5633657 -2375
32310422 5633850 -2325
32310512 5633850 -2340
32310512 5633850 -2114
32310512 5633938 -2325
32310512 5633917 -2275
32310457 5634150 -2225
32310512 5634150 -2234
32310512 5634150 -2101
32310512 5634205 -2225
32310512 5634182 -2175
32310512 5634160 -2125
32310512 5634343 -2075
32310512 5634450 -2076
32310505 5634450 -2075
32310512 5634450 -2060
32310512 5634456 -2075
32310813 5623650 -2778
32310813 5623674 -2775
32310813 5623950 -2729
32310813 5624250 -2729
32310813 5624550 -2729
32310813 5624850 -2728
32310813 5625150 -2728
32310813 5625450 -2728
32310813 5625750 -2728
32310813 5626050 -2728
32310813 5626350 -2728
32310813 5626650 -2727
32310813 5626950 -2727
32310813 5627250 -2727
32310813 5627550 -2727
32310813 5627850 -2727
32310813 5628150 -2726
32310805 5628450 -2775
32310813 5628442 -2775
32310813 5628450 -2776
32310659 5628750 -2775
32310813 5628750 -2776
32310749 5628750 -425
32310813 5628750 -465
32310813 5628733 -425
32310813 5628714 -375
32310671 5628750 -375
32310813 5628695 -325
32310596 5628750 -325
32310813 5628750 -300
32310591 5628750 -225
32310686 5628750 -175
32310779 5628750 -125
32310813 5628750 -105
32310813 5628734 -75
32310813 5628712 -25
32310813 5628694 25
32310813 5628679 75
32310813 5628667 125
32310813 5628656 175
32310813 5628647 225
32310813 5628638 275
32310813 5628631 325
32310813 5628624 375
32310813 5628618 425
32310813 5628613 475
32310806 5629050 -2825
32310813 5629042 -2825
32310813 5629050 -2826
32310607 5629050 -875
32310684 5629050 -825
32310754 5629050 -775
32310813 5629050 -731
32310813 5629045 -725
32310813 5629006 -675
32310813 5628936 -625
32310813 5628880 -575
32310813 5628821 -525
32310813 5628761 -475
32310813 5628814 -275
32310813 5628795 -225
32310813 5628775 -175
32310813 5628756 -125
32310813 5629350 -2826
32310662 5629350 -1125
32310813 5629350 -1143
32310813 5629334 -1125
32310813 5629296 -1075
32310813 5629258 -1025
32310813 5629222 -975
32310813 5629186 -925
32310813 5629151 -875
32310813 5629116 -825
32310813 5629081 -775
32310813 5629650 -2826
32310693 5629650 -1375
32310813 5629650 -1415
32310813 5629600 -1375
32310813 5629541 -1325
32310538 5629650 -1325
32310813 5629485 -1275
32310813 5629432 -1225
32310813 5629380 -1175
32310808 5629950 -2875
32310813 5629943 -2875
32310813 5629950 -2875
32310806 5629950 -1575
32310813 5629950 -1577
32310813 5629944 -1575
32310813 5629849 -1525
32310690 5629950 -1525
32310813 5629757 -1475
32310573 5629950 -1475
32310813 5629667 -1425
32310807 5630250 -2875
32310813 5630250 -2875
32310715 5630250 -1625
32310813 5630250 -1672
32310813 5630099 -1625
32310614 5630250 -1575
32310515 5630250 -1525
32310813 5630550 -2875
32310730 5630550 -1675
32310813 5630550 -1718
32310813 5630265 -1675
32310637 5630550 -1625
32310547 5630550 -1575
32310813 5630850 -2875
32310806 5630850 -1725
32310813 5630850 -1728
32310813 5630744 -1725
32310716 5630850 -1675
32310629 5630850 -1625
32310544 5630850 -1575
32310813 5631150 -2875
32310813 5630917 -1725
32310745 5631150 -1675
32310813 5631150 -1712
32310657 5631150 -1625
32310571 5631150 -1575
32310813 5631349 -2875
32310641 5631450 -2875
32310813 5631450 -2863
32310791 5631450 -1675
32310813 5631450 -1685
32310694 5631450 -1625
32310599 5631450 -1575
32310622 5631750 -2875
32310813 5631750 -2861
32310813 5631724 -1675
32310694 5631750 -1625
32310813 5631750 -1673
32310574 5631750 -1575
32310576 5632050 -2875
32310813 5632049 -2825
32310812 5632050 -2825
32310813 5632050 -2824
32310721 5632050 -1675
32310813 5632050 -1699
32310813 5631762 -1675
32310534 5632050 -1625
32310725 5632350 -2825
32310618 5632350 -2775
32310813 5632350 -2805
32310768 5632350 -1825
32310813 5632350 -1843
32310813 5632308 -1825
32310813 5632350 -1790
32310520 5632350 -1725
32310813 5632350 -1766
32310813 5632157 -1725
32310588 5632650 -2825
32310813 5632418 -2775
32310813 5632613 -2725
32310813 5632650 -2718
32310654 5632650 -1875
32310813 5632650 -1921
32310813 5632463 -1875
32310813 5632364 -1775
32310813 5632880 -2675
32310813 5632950 -2662
32310813 5632950 -1999
32310813 5632848 -1975
32310813 5632660 -1925
32310813 5633156 -2625
32310622 5633250 -2575
32310813 5633250 -2607
32310813 5633250 -2063
32310813 5633063 -2025
32310813 5633432 -2575
32310813 5633413 -2525
32310667 5633550 -2475
32310813 5633550 -2500
32310813 5633550 -2105
32310813 5633329 -2075
32310813 5633691 -2475
32310813 5633671 -2425
32310709 5633850 -2375
32310813 5633850 -2393
32310813 5633850 -2124
32310813 5633953 -2375
32310813 5633932 -2325
32310745 5634150 -2275
32310813 5634150 -2286
32310813 5634150 -2117
32310813 5634218 -2275
32310813 5634196 -2225
32310813 5634175 -2175
32310795 5634450 -2125
32310813 5634450 -2128
32310693 5634450 -2075
32310813 5634450 -2084
32310813 5634468 -2125
32311114 5623650 -2779
32311114 5623674 -2775
32311114 5623950 -2729
32311114 5624250 -2729
32311114 5624550 -2729
32311114 5624850 -2729
32311114 5625150 -2728
32311114 5625450 -2728
32311114 5625750 -2728
32311114 5626050 -2728
32311114 5626350 -2728
32311114 5626650 -2727
32311114 5626950 -2727
32311114 5627250 -2727
32311114 5627550 -2727
32311114 5627850 -2727
32311102 5628150 -2775
32311114 5628137 -2775
32311114 5628150 -2777
32311114 5628450 -2788
32311106 5628750 -2825
32311114 5628686 -2825
32311114 5628750 -2826
32310851 5628750 -425
32310898 5628750 -375
32310945 5628750 -325
32310939 5628750 -175
32311114 5628750 -200
32311114 5628718 -175
32311114 5628701 -125
32310845 5628750 -125
32311114 5628684 -75
32311114 5628668 -25
32310978 5628750 25
32311114 5628750 12
32311043 5628750 75
32311109 5628750 125
32311114 5628750 129
32311114 5628735 175
32311114 5628724 225
32311114 5628718 275
32311114 5628714 325
32311114 5628711 375
32311114 5628710 425
32311114 5628710 475
32311114 5629050 -2826
32310825 5629050 -725
32310913 5629050 -675
32310995 5629050 -625
32311073 5629050 -575
32311114 5629050 -549
32311114 5629034 -525
32311114 5629000 -475
32311114 5628964 -425
32311114 5628926 -375
32311114 5628888 -325
32311114 5628849 -275
32311114 5628810 -225
32311114 5628788 25
32311114 5628768 75
32311114 5628750 125
32311108 5629350 -2875
32311114 5629343 -2875
32311114 5629350 -2876
32311114 5629350 -1147
32311114 5629336 -1125
32311114 5629307 -1075
32311114 5629281 -1025
32311114 5629256 -975
32311114 5629232 -925
32311114 5629209 -875
32311114 5629188 -825
32311114 5629166 -775
32311114 5629143 -725
32311114 5629119 -675
32311114 5629094 -625
32311114 5629066 -575
32311107 5629650 -2875
32311114 5629650 -2875
32311106 5629650 -1475
32311114 5629650 -1476
32311114 5629648 -1475
32311114 5629595 -1425
32310862 5629650 -1425
32311114 5629544 -1375
32311114 5629497 -1325
32311114 5629452 -1275
32311114 5629410 -1225
32311114 5629370 -1175
32311114 5629950 -2875
32310979 5629950 -1625
32311114 5629950 -1663
32311114 5629885 -1625
32311114 5629803 -1575
32311114 5629724 -1525
32311114 5630250 -2875
32311112 5630250 -1775
32311114 5630250 -1775
32311114 5630248 -1775
32311114 5630114 -1725
32310965 5630250 -1725
32311114 5629981 -1675
32310820 5630250 -1675
32311114 5630550 -2875
32311083 5630550 -1825
32311114 5630550 -1836
32311114 5630493 -1825
32310954 5630550 -1775
32310828 5630550 -1725
32311114 5630850 -2875
32311036 5630850 -1825
32311114 5630850 -1857
32310919 5630850 -1775
32311114 5631150 -2875
32311063 5631150 -1825
32311114 5631150 -1846
32310950 5631150 -1775
32310840 5631150 -1725
32310935 5631450 -2875
32311114 5631450 -2875
32311114 5631370 -1825
32311015 5631450 -1775
32311114 5631450 -1816
32310900 5631450 -1725
32311114 5631599 -2875
32311114 5631750 -2857
32311085 5631750 -1775
32311114 5631750 -1785
32310949 5631750 -1725
32310816 5631750 -1675
32310813 5632050 -2825
32311114 5632050 -2857
32311048 5632050 -1825
32311114 5632050 -1858
32311114 5631911 -1825
32310953 5632050 -1775
32310859 5632050 -1725
32311114 5632329 -2825
32311114 5632350 -2821
32311043 5632350 -1875
32311114 5632350 -1884
32311114 5632231 -1875
32310834 5632350 -1775
32311114 5632610 -2775
32310852 5632650 -2725
32311114 5632650 -2767
32310872 5632650 -1925
32311114 5632650 -1938
32311114 5632570 -1925
32311114 5632890 -2725
32310886 5632950 -2675
32311114 5632950 -2714
32311114 5632950 -2001
32311114 5632816 -1975
32311114 5633168 -2675
32311114 5633151 -2625
32311114 5633250 -2607
32311114 5633250 -2059
32311114 5633063 -2025
32311114 5633428 -2575
32310954 5633550 -2525
32311114 5633550 -2553
32311114 5633550 -2102
32311114 5633349 -2075
32311114 5633708 -2525
32311114 5633688 -2475
32310994 5633850 -2425
32311114 5633850 -2446
32310947 5633850 -2125
32311114 5633850 -2125
32311114 5633841 -2125
32311114 5633970 -2425
32311114 5633949 -2375
32311031 5634150 -2325
32311114 5634150 -2339
32311111 5634150 -2125
32311114 5634150 -2125
32311114 5634235 -2325
32311114 5634213 -2275
32311064 5634450 -2225
32311114 5634450 -2233
32311081 5634450 -2175
32311114 5634150 -2125
32311114 5634450 -2100
32311114 5634502 -2225
32311114 5634483 -2175
32311114 5634461 -2125
32311114 5634601 -2075
32311114 5634750 -2076
32311103 5634750 -2075
32311114 5634750 -2050
32311114 5634761 -2075
32311415 5623650 -2779
32311415 5623678 -2775
32311415 5623950 -2729
32311415 5624250 -2729
32311415 5624550 -2729
32311415 5624850 -2729
32311415 5625150 -2728
32311415 5625450 -2728
32311415 5625750 -2728
32311415 5626050 -2728
32311415 5626350 -2728
32311415 5626650 -2728
32311415 5626950 -2727
32311407 5627250 -2775
32311415 5627241 -2775
32311415 5627250 -2776
32311408 5627550 -2775
32311415 5627550 -2776
32311402 5627850 -2775
32311415 5627850 -2779
32311405 5628150 -2825
32311415 5628127 -2825
32311415 5628150 -2826
32311330 5628450 -2825
32311415 5628450 -2826
32311409 5628750 -2875
32311415 5628744 -2875
32311415 5628750 -2875
32311175 5628750 -175
32311210 5628750 -125
32311241 5628750 -75
32311271 5628750 -25
32311181 5628750 175
32311143 5628750 225
32311150 5628750 275
32311156 5628750 325
32311174 5628750 375
32311177 5628750 425
32311178 5628750 475
32311408 5629050 -2875
32311415 5629050 -2876
32311141 5629050 -525
32311199 5629050 -475
32311255 5629050 -425
32311310 5629050 -375
32311363 5629050 -325
32311412 5629050 -275
32311415 5629050 -271
32311415 5629021 -225
32311415 5628992 -175
32311415 5628964 -125
32311415 5628937 -75
32311415 5628911 -25
32311415 5628887 25
32311415 5628865 75
32311415 5628844 125
32311415 5628825 175
32311415 5628931 225
32311415 5628924 275
32311415 5628916 325
32311415 5628883 375
32311415 5628877 425
32311415 5628872 475
32311415 5629350 -2875
32311206 5629350 -1125
32311384 5629350 -1075
32311415 5629350 -1065
32311415 5629332 -1025
32311415 5629313 -975
32311415 5629296 -925
32311415 5629280 -875
32311415 5629266 -825
32311415 5629253 -775
32311415 5629241 -725
32311415 5629229 -675
32311415 5629215 -625
32311415 5629199 -575
32311415 5629180 -525
32311415 5629158 -475
32311415 5629134 -425
32311415 5629108 -375
32311415 5629080 -325
32311415 5629051 -275
32311415 5629650 -2875
32311166 5629650 -1475
32311415 5629650 -1466
32311415 5629611 -1425
32311415 5629567 -1375
32311415 5629526 -1325
32311415 5629487 -1275
32311415 5629450 -1225
32311415 5629416 -1175
32311415 5629384 -1125
32311415 5629355 -1075
32311415 5629950 -2875
32311284 5629950 -1675
32311415 5629950 -1684
32311415 5629936 -1675
32311415 5629863 -1625
32311415 5629793 -1575
32311415 5629726 -1525
32311415 5629660 -1475
32311415 5630250 -2875
32311415 5630250 -1820
32311415 5630147 -1775
32311415 5630037 -1725
32311415 5630550 -2875
32311293 5630550 -1875
32311415 5630550 -1901
32311415 5630452 -1875
32311415 5630265 -1825
32311415 5630850 -2875
32311369 5630850 -1925
32311415 5630850 -1936
32311415 5630752 -1925
32311179 5630850 -1875
32311415 5631150 -2875
32311376 5631150 -1925
32311415 5631150 -1936
32311207 5631150 -1875
32311415 5631450 -2875
32311405 5631450 -1975
32311415 5631450 -1980
32311415 5631416 -1975
32311310 5631450 -1925
32311302 5631450 -1875
32311141 5631450 -1825
32311415 5631582 -2875
32311415 5631750 -2855
32311415 5631496 -1975
32311375 5631750 -1925
32311415 5631750 -1945
32311279 5631750 -1875
32311186 5631750 -1825
32311415 5632050 -2855
32311415 5631970 -1925
32311196 5632050 -1875
32311415 5632050 -1917
32311415 5632319 -2825
32311415 5632350 -2819
32311415 5632350 -1914
32311415 5632603 -2775
32311415 5632650 -2766
32311415 5632650 -1943
32311415 5632450 -1925
32311415 5632885 -2725
32311415 5632950 -2713
32311415 5632950 -1992
32311415 5632837 -1975
32311415 5633166 -2675
32311215 5633250 -2625
32311415 5633250 -2660
32311415 5633250 -2044
32311415 5633130 -2025
32311415 5633446 -2625
32311238 5633550 -2575
32311415 5633550 -2606
32311415 5633550 -2088
32311415 5633451 -2075
32311415 5633727 -2575
32311415 5633708 -2525
32311276 5633850 -2475
32311415 5633850 -2499
32311133 5633850 -2125
32311415 5633850 -2115
32311415 5633990 -2475
32311415 5633970 -2425
32311313 5634150 -2375
32311415 5634150 -2393
32311126 5634150 -2125
32311415 5634150 -2123
32311415 5634254 -2375
32311415 5634233 -2325
32311345 5634450 -2275
32311415 5634450 -2287
32311415 5634450 -2107
32311415 5634523 -2275
32311415 5634501 -2225
32311415 5634479 -2175
32311391 5634750 -2125
32311415 5634750 -2129
32311415 5634699 -2075
32311415 5634750 -2068
32311415 5634775 -2125
32311415 5634752 -2075
32311716 5623650 -2779
32311716 5623679 -2775
32311716 5623950 -2729
32311716 5624250 -2729
32311716 5624550 -2729
32311716 5624850 -2729
32311716 5625150 -2729
32311716 5625450 -2728
32311716 5625750 -2728
32311716 5626050 -2728
32311716 5626350 -2728
32311706 5626650 -2775
32311716 5626639 -2775
32311716 5626650 -2776
32311707 5626950 -2775
32311716 5626950 -2776
32311707 5627250 -2825
32311716 5627241 -2825
32311716 5627250 -2826
32311706 5627550 -2825
32311716 5627550 -2826
32311687 5627850 -2825
32311716 5627850 -2827
32311711 5628150 -2875
32311716 5628144 -2875
32311716 5628150 -2875
32311709 5628450 -2875
32311716 5628450 -2876
32311716 5628750 -2876
32311716 5629050 -2876
32311455 5629050 -225
32311494 5629050 -175
32311528 5629050 -125
32311557 5629050 -75
32311584 5629050 -25
32311607 5629050 25
32311627 5629050 75
32311646 5629050 125
32311661 5629050 175
32311675 5629050 225
32311686 5629050 275
32311696 5629050 325
32311707 5629050 375
32311716 5629050 413
32311716 5629048 425
32311716 5629043 475
32311716 5629350 -2876
32311463 5629350 -1025
32311517 5629350 -975
32311566 5629350 -925
32311610 5629350 -875
32311651 5629350 -825
32311688 5629350 -775
32311716 5629350 -731
32311716 5629348 -725
32311716 5629338 -675
32311716 5629329 -625
32311716 5629320 -575
32311716 5629310 -525
32311716 5629298 -475
32311716 5629284 -425
32311716 5629269 -375
32311716 5629252 -325
32311716 5629234 -275
32311716 5629215 -225
32311716 5629196 -175
32311716 5629177 -125
32311716 5629159 -75
32311716 5629142 -25
32311716 5629126 25
32311716 5629111 75
32311716 5629097 125
32311716 5629085 175
32311716 5629076 225
32311716 5629069 275
32311716 5629063 325
32311716 5629056 375
32311716 5629650 -2875
32311521 5629650 -1425
32311635 5629650 -1375
32311716 5629650 -1335
32311716 5629642 -1325
32311716 5629607 -1275
32311716 5629575 -1225
32311716 5629544 -1175
32311716 5629515 -1125
32311716 5629488 -1075
32311716 5629463 -1025
32311716 5629439 -975
32311716 5629417 -925
32311716 5629397 -875
32311716 5629379 -825
32311716 5629362 -775
32311716 5629950 -2875
32311464 5629950 -1675
32311697 5629950 -1625
32311716 5629950 -1620
32311716 5629897 -1575
32311716 5629841 -1525
32311716 5629788 -1475
32311716 5629736 -1425
32311716 5629687 -1375
32311716 5630250 -2875
32311716 5630250 -1798
32311716 5630207 -1775
32311716 5630121 -1725
32311716 5630037 -1675
32311716 5629957 -1625
32311716 5630550 -2875
32311716 5630550 -1908
32311716 5630457 -1875
32311716 5630320 -1825
32311716 5630850 -2875
32311716 5630850 -1965
32311716 5630638 -1925
32311716 5631150 -2875
32311661 5631150 -2025
32311716 5631150 -2044
32311716 5631077 -2025
32311716 5630887 -1975
32311521 5631150 -1975
32311716 5631450 -2875
32311694 5631450 -2025
32311716 5631450 -2028
32311716 5631574 -2875
32311716 5631750 -2854
32311716 5631481 -2025
32311605 5631750 -1975
32311716 5631750 -1991
32311716 5632050 -2855
32311716 5631878 -1975
32311482 5632050 -1925
32311716 5632050 -1951
32311716 5632314 -2825
32311716 5632350 -2818
32311665 5632350 -1925
32311716 5632350 -1927
32311462 5632650 -2775
32311716 5632650 -2819
32311716 5632650 -1933
32311716 5632903 -2775
32311480 5632950 -2725
32311716 5632950 -2766
32311630 5632950 -1975
32311716 5632950 -1967
32311716 5633187 -2725
32311498 5633250 -2675
32311716 5633250 -2713
32311619 5633250 -2025
32311716 5633250 -2015
32311716 5632992 -1975
32311716 5633469 -2675
32311716 5633450 -2625
32311716 5633550 -2607
32311565 5633550 -2075
32311716 5633550 -2060
32311716 5633309 -2025
32311716 5633731 -2575
32311556 5633850 -2525
32311716 5633850 -2553
32311716 5633850 -2094
32311716 5633669 -2075
32311716 5634013 -2525
32311716 5633993 -2475
32311592 5634150 -2425
32311716 5634150 -2447
32311716 5634150 -2110
32311716 5634277 -2425
32311716 5634256 -2375
32311626 5634450 -2325
32311716 5634450 -2341
32311716 5634450 -2106
32311716 5634544 -2325
32311716 5634522 -2275
32311716 5634500 -2225
32311675 5634750 -2175
32311716 5634750 -2182
32311598 5634750 -2075
32311716 5634750 -2079
32311716 5634793 -2175
32311716 5634770 -2125
32311716 5634775 -2075
32311716 5635050 -2078
32311697 5635050 -2075
32311716 5635050 -2029
32311716 5635071 -2075
32312018 5623650 -2779
32312018 5623712 -2775
32312018 5623950 -2735
32312018 5624250 -2729
32312018 5624550 -2729
32312018 5624850 -2729
32312018 5625150 -2729
32312018 5625450 -2728
32312018 5625750 -2728
32312018 5626050 -2728
32312005 5626350 -2775
32312018 5626336 -2775
32312018 5626350 -2777
32312018 5626650 -2778
32312007 5626950 -2825
32312018 5626939 -2825
32312018 5626950 -2826
32312018 5627250 -2827
32312008 5627550 -2875
32312018 5627539 -2875
32312018 5627550 -2876
32312003 5627850 -2875
32312018 5627850 -2877
32312018 5628150 -2877
32312018 5628450 -2876
32312018 5628750 -2876
32312018 5629050 -2876
32311719 5629050 425
32311732 5629050 475
32312018 5629350 -2876
32311719 5629350 -725
32311733 5629350 -675
32311746 5629350 -625
32311759 5629350 -575
32311773 5629350 -525
32311788 5629350 -475
32311805 5629350 -425
32311823 5629350 -375
32311842 5629350 -325
32311861 5629350 -275
32311880 5629350 -225
32311899 5629350 -175
32311918 5629350 -125
32311937 5629350 -75
32311954 5629350 -25
32311972 5629350 25
32311990 5629350 75
32312007 5629350 125
32312018 5629350 150
32312018 5629340 175
32312018 5629320 225
32312018 5629307 275
32312018 5629298 325
32312018 5629290 375
32312018 5629283 425
32312018 5629275 475
32312018 5629650 -2875
32311727 5629650 -1325
32311776 5629650 -1275
32311819 5629650 -1225
32311858 5629650 -1175
32311891 5629650 -1125
32311921 5629650 -1075
32311947 5629650 -1025
32311970 5629650 -975
32311990 5629650 -925
32312008 5629650 -875
32312018 5629650 -844
32312018 5629644 -825
32312018 5629631 -775
32312018 5629618 -725
32312018 5629605 -675
32312018 5629593 -625
32312018 5629580 -575
32312018 5629568 -525
32312018 5629556 -475
32312018 5629543 -425
32312018 5629531 -375
32312018 5629517 -325
32312018 5629503 -275
32312018 5629488 -225
32312018 5629472 -175
32312018 5629456 -125
32312018 5629439 -75
32312018 5629421 -25
32312018 5629402 25
32312018 5629383 75
32312018 5629362 125
32312018 5629950 -2875
32311798 5629950 -1575
32311878 5629950 -1525
32311949 5629950 -1475
32312012 5629950 -1425
32312018 5629950 -1420
32312018 5629915 -1375
32312018 5629880 -1325
32312018 5629847 -1275
32312018 5629817 -1225
32312018 5629788 -1175
32312018 5629762 -1125
32312018 5629737 -1075
32312018 5629715 -1025
32312018 5629695 -975
32312018 5629676 -925
32312018 5629659 -875
32312018 5630250 -2875
32311791 5630250 -1775
32311935 5630250 -1725
32312018 5630250 -1693
32312018 5630226 -1675
32312018 5630165 -1625
32312018 5630107 -1575
32312018 5630053 -1525
32312018 5630001 -1475
32312018 5629953 -1425
32312018 5630550 -2875
32311903 5630550 -1875
32312018 5630550 -1853
32312018 5630493 -1825
32312018 5630397 -1775
32312018 5630305 -1725
32312018 5630850 -2875
32311789 5630850 -1975
32312018 5630850 -2005
32312018 5630787 -1975
32312018 5630688 -1925
32312018 5630591 -1875
32312018 5631150 -2875
32312018 5631150 -2041
32312018 5631013 -2025
32312018 5631450 -2875
32312018 5631450 -2036
32311892 5631750 -2875
32312018 5631750 -2895
32312018 5631557 -2025
32312018 5631750 -2003
32312018 5631875 -2875
32312018 5632050 -2855
32312018 5631933 -1975
32312018 5632050 -1955
32311751 5632350 -2825
32312018 5632350 -2855
32312018 5632285 -1925
32311774 5632350 -1925
32312018 5632350 -1916
32312018 5632622 -2825
32312018 5632650 -2820
32311805 5632650 -1925
32312018 5632650 -1903
32312018 5632909 -2775
32312018 5632950 -2767
32312018 5632950 -1925
32312018 5632942 -1925
32312018 5633194 -2725
32312018 5633250 -2715
32311982 5633250 -1975
32312018 5633250 -1969
32312018 5633477 -2675
32311814 5633550 -2625
32312018 5633550 -2662
32311975 5633550 -2025
32312018 5633550 -2018
32312018 5633281 -1975
32312018 5633759 -2625
32312018 5633742 -2575
32312018 5633850 -2555
32311895 5633850 -2075
32312018 5633850 -2060
32312018 5633590 -2025
32312018 5634021 -2525
32311869 5634150 -2475
32312018 5634150 -2502
32312018 5634150 -2088
32312018 5633999 -2075
32312018 5634303 -2475
32312018 5634283 -2425
32311904 5634450 -2375
32312018 5634450 -2395
32312018 5634450 -2095
32312018 5634568 -2375
32312018 5634546 -2325
32311936 5634750 -2275
32312018 5634750 -2289
32311957 5634750 -2225
32312018 5634750 -2081
32312018 5634835 -2275
32312018 5634814 -2225
32312018 5634791 -2175
32311982 5635050 -2125
32312018 5635050 -2131
32312018 5634802 -2075
32312018 5635050 -2044
32312018 5635087 -2125
32312018 5635064 -2075
32312259 5623950 -2775
32312319 5623950 -2779
32312319 5623650 -2779
32312319 5623978 -2775
32312319 5624250 -2729
32312319 5624550 -2729
32312319 5624850 -2729
32312319 5625150 -2729
32312319 5625450 -2728
32312319 5625750 -2728
32312319 5626050 -2728
32312319 5626330 -2775
32312319 5626350 -2778
32312305 5626650 -2825
32312319 5626635 -2825
32312319 5626650 -2827
32312312 5626950 -2875
32312319 5626943 -2875
32312319 5626950 -2876
32312306 5627250 -2875
32312319 5627250 -2876
32312319 5627550 -2877
32312319 5627850 -2877
32312319 5628150 -2877
32312319 5628450 -2876
32312319 5628750 -2876
32312319 5629050 -2876
32312319 5629350 -2876
32312027 5629350 175
32312047 5629350 225
32312059 5629350 275
32312066 5629350 325
32312072 5629350 375
32312078 5629350 425
32312319 5629650 -2875
32312023 5629650 -825
32312035 5629650 -775
32312047 5629650 -725
32312059 5629650 -675
32312069 5629650 -625
32312080 5629650 -575
32312090 5629650 -525
32312101 5629650 -475
32312111 5629650 -425
32312120 5629650 -375
32312131 5629650 -325
32312141 5629650 -275
32312151 5629650 -225
32312162 5629650 -175
32312173 5629650 -125
32312185 5629650 -75
32312197 5629650 -25
32312209 5629650 25
32312222 5629650 75
32312234 5629650 125
32312246 5629650 175
32312258 5629650 225
32312270 5629650 275
32312282 5629650 325
32312293 5629650 375
32312303 5629650 425
32312083 5629350 475
32312314 5629650 475
32312319 5629950 -2875
32312055 5629950 -1375
32312093 5629950 -1325
32312126 5629950 -1275
32312156 5629950 -1225
32312183 5629950 -1175
32312206 5629950 -1125
32312228 5629950 -1075
32312247 5629950 -1025
32312264 5629950 -975
32312280 5629950 -925
32312295 5629950 -875
32312309 5629950 -825
32312319 5629950 -787
32312319 5629946 -775
32312319 5629935 -725
32312319 5629925 -675
32312319 5629916 -625
32312319 5629909 -575
32312319 5629902 -525
32312319 5629897 -475
32312319 5629891 -425
32312319 5629885 -375
32312319 5629880 -325
32312319 5629874 -275
32312319 5629867 -225
32312319 5629858 -175
32312319 5629849 -125
32312319 5629837 -75
32312319 5629824 -25
32312319 5629809 25
32312319 5629792 75
32312319 5629775 125
32312319 5629757 175
32312319 5629740 225
32312319 5629722 275
32312319 5629705 325
32312319 5629688 375
32312319 5629672 425
32312319 5629657 475
32312319 5630250 -2875
32312047 5630250 -1675
32312121 5630250 -1625
32312188 5630250 -1575
32312249 5630250 -1525
32312304 5630250 -1475
32312319 5630250 -1459
32312319 5630224 -1425
32312319 5630190 -1375
32312319 5630159 -1325
32312319 5630130 -1275
32312319 5630104 -1225
32312319 5630080 -1175
32312319 5630058 -1125
32312319 5630038 -1075
32312319 5630019 -1025
32312319 5630003 -975
32312319 5629987 -925
32312319 5629973 -875
32312319 5629959 -825
32312319 5630550 -2875
32312189 5630550 -1825
32312319 5630550 -1801
32312319 5630521 -1775
32312319 5630470 -1725
32312319 5630423 -1675
32312319 5630378 -1625
32312319 5630364 -1575
32312319 5630312 -1525
32312319 5630263 -1475
32312319 5630850 -2875
32312146 5630850 -1975
32312319 5630850 -1931
32312319 5630834 -1925
32312319 5630713 -1875
32312319 5630600 -1825
32312319 5631150 -2875
32312118 5631150 -2025
32312319 5631150 -1992
32312319 5631063 -1975
32312319 5631450 -2876
32312122 5631450 -2025
32312319 5631450 -2003
32312319 5631750 -2898
32312319 5631750 -1977
32312319 5631906 -2875
32312319 5632050 -2859
32312319 5631766 -1975
32312319 5632050 -1929
32312319 5632350 -2856
32312319 5632077 -1925
32312319 5632350 -1879
32312319 5632633 -2825
32312319 5632650 -2822
32312319 5632401 -1875
32312190 5632650 -1875
32312319 5632650 -1852
32312056 5632950 -2775
32312319 5632950 -2823
32312020 5632950 -1925
32312265 5632950 -1875
32312319 5632950 -1863
32312319 5633225 -2775
32312071 5633250 -2725
32312319 5633250 -2770
32312231 5633250 -1925
32312319 5633250 -1905
32312319 5633025 -1875
32312319 5633508 -2725
32312087 5633550 -2675
32312319 5633550 -2717
32312249 5633550 -1975
32312319 5633550 -1961
32312319 5633346 -1925
32312319 5633790 -2675
32312319 5633772 -2625
32312121 5633850 -2575
32312319 5633850 -2611
32312248 5633850 -2025
32312319 5633850 -2013
32312319 5633623 -1975
32312319 5634052 -2575
32312142 5634150 -2525
32312319 5634150 -2557
32312131 5634150 -2075
32312319 5634150 -2053
32312319 5633930 -2025
32312319 5634334 -2525
32312319 5634313 -2475
32312178 5634450 -2425
32312319 5634450 -2450
32312306 5634450 -2075
32312319 5634450 -2074
32312319 5634596 -2425
32312319 5634575 -2375
32312213 5634750 -2325
32312319 5634750 -2344
32312268 5634750 -2075
32312319 5634750 -2073
32312319 5634862 -2325
32312319 5634839 -2275
32312319 5634829 -2225
32312264 5635050 -2175
32312319 5635050 -2186
32312319 5635050 -2050
32312319 5635108 -2175
32312319 5635084 -2125
32312287 5635350 -2075
32312319 5635350 -2080
32312319 5635217 -2025
32312310 5635350 -2025
32312319 5635350 -2004
32312319 5635384 -2075
32312319 5635359 -2025
32312319 5638050 -2125
32312319 5638027 -2125
32312319 5638050 -2125
32312319 5638050 -2115
32312319 5638050 -2125
32312620 5623650 -2779
32312620 5623950 -2779
32312620 5624043 -2775
32312620 5624250 -2740
32312620 5624550 -2729
32312620 5624850 -2729
32312620 5625150 -2729
32312620 5625450 -2729
32312620 5625750 -2730
32312598 5626050 -2775
32312620 5626018 -2775
32312620 5626050 -2778
32312600 5626350 -2825
32312620 5626329 -2825
32312620 5626350 -2828
32312620 5626650 -2828
32312620 5626931 -2875
32312620 5626950 -2878
32312620 5627250 -2877
32312620 5627550 -2877
32312620 5627850 -2877
32312620 5628150 -2877
32312620 5628450 -2877
32312620 5628750 -2876
32312620 5629050 -2876
32312620 5629350 -2876
32312620 5629650 -2875
32312620 5629950 -2875
32312322 5629950 -775
32312332 5629950 -725
32312341 5629950 -675
32312348 5629950 -625
32312354 5629950 -575
32312359 5629950 -525
32312363 5629950 -475
32312367 5629950 -425
32312370 5629950 -375
32312373 5629950 -325
32312376 5629950 -275
32312380 5629950 -225
32312384 5629950 -175
32312389 5629950 -125
32312396 5629950 -75
32312404 5629950 -25
32312413 5629950 25
32312424 5629950 75
32312436 5629950 125
32312448 5629950 175
32312458 5629950 225
32312467 5629950 275
32312477 5629950 325
32312489 5629950 375
32312620 5630250 -2875
32312348 5630250 -1425
32312386 5630250 -1375
32312420 5630250 -1325
32312451 5630250 -1275
32312479 5630250 -1225
32312504 5630250 -1175
32312526 5630250 -1125
32312545 5630250 -1075
32312562 5630250 -1025
32312577 5630250 -975
32312590 5630250 -925
32312601 5630250 -875
32312611 5630250 -825
32312619 5630250 -775
32312620 5630250 -768
32312620 5630244 -725
32312620 5630238 -675
32312620 5630233 -625
32312620 5630229 -575
32312620 5630226 -525
32312620 5630224 -475
32312620 5630223 -425
32312620 5630222 -375
32312620 5630222 -325
32312620 5630222 -275
32312620 5630222 -225
32312620 5630221 -175
32312620 5630218 -125
32312620 5630214 -75
32312620 5630208 -25
32312620 5630200 25
32312620 5630190 75
32312620 5630177 125
32312620 5630162 175
32312620 5630147 225
32312620 5630134 275
32312620 5630120 325
32312620 5630105 375
32312620 5630550 -2875
32312363 5630550 -1775
32312441 5630550 -1725
32312514 5630550 -1675
32312582 5630550 -1625
32312620 5630550 -1595
32312620 5630531 -1575
32312620 5630488 -1525
32312620 5630470 -1475
32312620 5630442 -1425
32312620 5630415 -1375
32312620 5630392 -1325
32312620 5630370 -1275
32312620 5630351 -1225
32312620 5630353 -1175
32312620 5630333 -1125
32312620 5630316 -1075
32312620 5630301 -1025
32312620 5630288 -975
32312620 5630277 -925
32312620 5630267 -875
32312620 5630258 -825
32312620 5630250 -775
32312620 5630850 -2875
32312334 5630850 -1925
32312452 5630850 -1875
32312565 5630850 -1825
32312620 5630850 -1799
32312620 5630808 -1775
32312620 5630728 -1725
32312620 5630655 -1675
32312620 5630587 -1625
32312620 5631150 -2875
32312375 5631150 -1975
32312532 5631150 -1925
32312620 5631150 -1896
32312620 5631080 -1875
32312620 5630925 -1825
32312620 5631450 -2901
32312433 5631450 -1975
32312620 5631450 -1927
32312620 5631421 -1925
32312620 5631750 -2901
32312331 5631750 -1975
32312620 5631513 -1925
32312565 5631750 -1925
32312620 5631750 -1913
32312452 5632050 -2875
32312620 5632050 -2902
32312340 5632050 -1925
32312620 5632008 -1875
32312587 5632050 -1875
32312620 5632050 -1868
32312620 5632207 -2875
32312620 5632350 -2858
32312340 5632350 -1875
32312620 5632292 -1825
32312570 5632350 -1825
32312620 5632350 -1814
32312334 5632650 -2825
32312620 5632650 -2859
32312431 5632650 -1825
32312620 5632650 -1777
32312500 5632950 -2825
32312620 5632950 -2827
32312462 5632950 -1825
32312620 5632950 -1780
32312430 5633250 -2825
32312620 5633250 -2829
32312620 5633243 -2775
32312620 5633250 -2792
32312620 5633250 -2773
32312434 5633250 -1875
32312615 5633250 -1825
32312620 5633250 -1823
32312595 5633550 -2825
32312620 5633550 -2830
32312620 5633550 -2787
32312620 5633527 -2725
32312620 5633550 -2720
32312468 5633550 -1925
32312620 5633550 -1886
32312620 5633488 -1875
32312620 5633256 -1825
32312620 5633578 -2825
32312620 5633808 -2675
32312393 5633850 -2625
32312620 5633850 -2667
32312508 5633850 -1975
32312620 5633850 -1951
32312620 5633719 -1925
32312620 5634088 -2625
32312412 5634150 -2575
32312620 5634150 -2613
32312495 5634150 -2025
32312620 5634150 -2004
32312620 5633975 -1975
32312620 5634369 -2575
32312620 5634348 -2525
32312449 5634450 -2475
32312620 5634450 -2506
32312620 5634450 -2039
32312620 5634317 -2025
32312620 5634629 -2475
32312620 5634608 -2425
32312486 5634750 -2375
32312620 5634750 -2399
32312620 5634750 -2053
32312620 5634892 -2375
32312620 5634869 -2325
32312518 5635050 -2275
32312620 5635050 -2293
32312526 5635050 -2225
32312620 5635050 -2044
32312620 5635158 -2275
32312620 5635134 -2225
32312620 5635165 -2175
32312568 5635350 -2125
32312620 5635350 -2142
32312620 5635223 -2025
32312620 5635350 -2011
32312620 5635406 -2125
32312620 5635381 -2075
32312588 5635650 -2025
32312620 5635650 -2030
32312620 5635545 -1975
32312611 5635650 -1975
32312620 5635650 -1955
32312620 5635685 -2025
32312620 5635659 -1975
32312620 5637750 -2275
32312620 5637708 -2275
32312620 5637750 -2275
32312620 5637750 -2257
32312620 5637750 -2275
32312620 5638050 -2175
32312620 5637956 -2175
32312620 5638050 -2175
32312447 5638050 -2125
32312620 5638050 -2137
32312620 5638050 -2175
32312620 5638350 -2075
32312620 5638350 -2075
32312620 5638215 -2075
32312618 5638350 -2025
32312620 5638347 -2025
32312620 5638350 -2023
32312620 5638350 -2075
32312620 5638350 -2025
32312620 5638650 -1975
32312620 5638650 -1975
32312620 5638494 -1975
32312620 5638650 -1925
32312620 5638643 -1925
32312620 5638650 -1922
32312620 5638650 -1975
32312620 5638650 -1925
32312921 5623650 -2779
32312921 5623950 -2779
32312831 5624250 -2775
32312921 5624250 -2779
32312895 5624550 -2775
32312921 5624550 -2779
32312921 5624576 -2775
32312921 5624850 -2729
32312921 5625150 -2729
32312897 5625450 -2775
32312921 5625424 -2775
32312921 5625450 -2778
32312889 5625750 -2775
32312921 5625750 -2778
32312900 5626050 -2825
32312921 5626028 -2825
32312921 5626050 -2828
32312921 5626350 -2828
32312902 5626650 -2875
32312921 5626630 -2875
32312921 5626650 -2878
32312921 5626950 -2878
32312921 5627250 -2877
32312921 5627550 -2877
32312921 5627850 -2877
32312921 5628150 -2877
32312921 5628450 -2877
32312921 5628750 -2876
32312921 5629050 -2876
32312921 5629350 -2876
32312921 5629650 -2876
32312921 5629950 -2875
32312921 5630250 -2875
32312627 5630250 -725
32312634 5630250 -675
32312640 5630250 -625
32312644 5630250 -575
32312647 5630250 -525
32312649 5630250 -475
32312650 5630250 -425
32312650 5630250 -375
32312650 5630250 -325
32312649 5630250 -275
32312649 5630250 -225
32312649 5630250 -175
32312651 5630250 -125
32312654 5630250 -75
32312659 5630250 -25
32312665 5630250 25
32312673 5630250 75
32312682 5630250 125
32312694 5630250 175
32312708 5630250 225
32312921 5630550 -2875
32312642 5630550 -1575
32312693 5630550 -1525
32312741 5630550 -1475
32312786 5630550 -1425
32312828 5630550 -1375
32312867 5630550 -1325
32312903 5630550 -1275
32312921 5630550 -1248
32312921 5630538 -1225
32312921 5630517 -1175
32312921 5630498 -1125
32312921 5630481 -1075
32312921 5630480 -1025
32312921 5630469 -975
32312921 5630460 -925
32312921 5630451 -875
32312921 5630444 -825
32312921 5630438 -775
32312921 5630465 -725
32312921 5630459 -675
32312921 5630454 -625
32312921 5630450 -575
32312921 5630447 -525
32312921 5630444 -475
32312921 5630442 -425
32312921 5630440 -375
32312921 5630438 -325
32312921 5630436 -275
32312921 5630435 -225
32312921 5630433 -175
32312921 5630430 -125
32312921 5630428 -75
32312921 5630425 -25
32312921 5630421 25
32312921 5630416 75
32312921 5630410 125
32312921 5630403 175
32312921 5630394 225
32312723 5630250 275
32312921 5630384 275
32312921 5630850 -2875
32312660 5630850 -1775
32312738 5630850 -1725
32312814 5630850 -1675
32312886 5630850 -1625
32312921 5630850 -1599
32312921 5630821 -1575
32312921 5630767 -1525
32312921 5630719 -1475
32312921 5630674 -1425
32312921 5630634 -1375
32312921 5630597 -1325
32312921 5630565 -1275
32312921 5631150 -2875
32312665 5631150 -1875
32312768 5631150 -1825
32312868 5631150 -1775
32312921 5631150 -1748
32312921 5631098 -1725
32312921 5630993 -1675
32312921 5630896 -1625
32312921 5631450 -2907
32312628 5631450 -1925
32312753 5631450 -1875
32312876 5631450 -1825
32312921 5631450 -1806
32312921 5631286 -1775
32312921 5631750 -2906
32312729 5631750 -1875
32312871 5631750 -1825
32312921 5631750 -1807
32312921 5632050 -2907
32312753 5632050 -1825
32312921 5632014 -1775
32312907 5632050 -1775
32312921 5632050 -1770
32312727 5632350 -2875
32312921 5632350 -2911
32312741 5632350 -1775
32312921 5632308 -1725
32312897 5632350 -1725
32312921 5632350 -1717
32312921 5632564 -2875
32312921 5632650 -2863
32312628 5632650 -1775
32312777 5632650 -1725
32312921 5632650 -1676
32312921 5632950 -2863
32312637 5632950 -1775
32312782 5632950 -1725
32312921 5632950 -1676
32312921 5633250 -2838
32312626 5633250 -2775
32312765 5633250 -1775
32312911 5633250 -1725
32312921 5633250 -1721
32312921 5633550 -2839
32312677 5633550 -2775
32312641 5633550 -2725
32312659 5633550 -1875
32312823 5633550 -1825
32312921 5633550 -1794
32312921 5633462 -1775
32312921 5633262 -1725
32312920 5633850 -2825
32312921 5633850 -2825
32312664 5633850 -2775
32312921 5633850 -2725
32312921 5633849 -2725
32312659 5633850 -2675
32312921 5633850 -2724
32312722 5633850 -1925
32312912 5633850 -1875
32312921 5633850 -1872
32312921 5633658 -1825
32312921 5633850 -2825
32312921 5634150 -2782
32312637 5634150 -2775
32312921 5634150 -2727
32312921 5634129 -2675
32312678 5634150 -2625
32312921 5634150 -2671
32312761 5634150 -1975
32312921 5634150 -1940
32312921 5634075 -1925
32312921 5633859 -1875
32312921 5634188 -2775
32312921 5634450 -2725
32312912 5634450 -2725
32312921 5634331 -2725
32312921 5634450 -2723
32312921 5634408 -2625
32312921 5634388 -2575
32312716 5634450 -2525
32312921 5634450 -2563
32312711 5634450 -2025
32312921 5634450 -1990
32312921 5634351 -1975
32312910 5634750 -2725
32312921 5634750 -2727
32312921 5634750 -2711
32312921 5634667 -2525
32312921 5634646 -2475
32312754 5634750 -2425
32312921 5634750 -2456
32312862 5634750 -2025
32312921 5634750 -2018
32312921 5634762 -2725
32312921 5634928 -2425
32312921 5634905 -2375
32312790 5635050 -2325
32312921 5635050 -2349
32312885 5635050 -2025
32312921 5635050 -2022
32312921 5635191 -2325
32312921 5635168 -2275
32312820 5635350 -2225
32312921 5635350 -2243
32312782 5635350 -2175
32312921 5635350 -2002
32312921 5635460 -2225
32312921 5635435 -2175
32312844 5635650 -2125
32312921 5635650 -2138
32312867 5635650 -2075
32312921 5635541 -1975
32312921 5635650 -1959
32312921 5635735 -2125
32312921 5635709 -2075
32312921 5635683 -2025
32312882 5635950 -1975
32312921 5635950 -1981
32312921 5635805 -1925
32312906 5635950 -1925
32312921 5635950 -1892
32312921 5635990 -1975
32312921 5635965 -1925
32312921 5637150 -2525
32312921 5637115 -2525
32312921 5637150 -2525
32312921 5637150 -2511
32312921 5637150 -2525
32312921 5637450 -2425
32312921 5637372 -2425
32312921 5637450 -2425
32312921 5637450 -2394
32312921 5637450 -2425
32312921 5637750 -2375
32312920 5637750 -2375
32312921 5637501 -2375
32312921 5637750 -2325
32312921 5637621 -2325
32312921 5637744 -2275
32312921 5637750 -2272
32312921 5637750 -2375
32312921 5637750 -2325
32312920 5638050 -2275
32312921 5638050 -2275
32312921 5637868 -2225
32312921 5638050 -2225
32312921 5637992 -2175
32312921 5638050 -2151
32312921 5638050 -2275
32312921 5638050 -2225
32312920 5638350 -2175
32312921 5638350 -2175
32312921 5638118 -2125
32312921 5638350 -2125
32312921 5638248 -2075
32312648 5638350 -2025
32312921 5638350 -2035
32312921 5638351 -2175
32312921 5638350 -2125
32312920 5638650 -2075
32312921 5638650 -2075
32312921 5638379 -2025
32312921 5638650 -2025
32312921 5638522 -1975
32312711 5638650 -1925
32312921 5638650 -1930
32312921 5638651 -2075
32312921 5638650 -2025
32312921 5638650 -1975
32312921 5638666 -1925
32312921 5638950 -1925
32312921 5638950 -1925
32312921 5638828 -1875
32312916 5638950 -1875
32312921 5638950 -1837
32312921 5638950 -1925
32312921 5638950 -1875
32312921 5639250 -1825
32312921 5639250 -1825
32312921 5638995 -1825
32312921 5639250 -1775
32312921 5639174 -1775
32312921 5639250 -1754
32312921 5639250 -1825
32312921 5639250 -1775
32312921 5639550 -1675
32312921 5639535 -1675
32312921 5639550 -1675
32312921 5639550 -1671
32312921 5639550 -1675
32313197 5623650 -2825
32313222 5623650 -2829
32313222 5623675 -2825
32313222 5623950 -2779
32313222 5624250 -2779
32313222 5624550 -2779
32313197 5624850 -2775
32313222 5624850 -2779
32313197 5625150 -2775
32313222 5625150 -2779
32313222 5625450 -2779
32313200 5625750 -2825
32313222 5625726 -2825
32313222 5625750 -2828
32313222 5626050 -2828
32313202 5626350 -2875
32313222 5626329 -2875
32313222 5626350 -2878
32313222 5626650 -2878
32313222 5626950 -2878
32313222 5627250 -2877
32313222 5627550 -2877
32313222 5627850 -2877
32313222 5628150 -2877
32313222 5628450 -2877
32313222 5628750 -2876
32313222 5629050 -2876
32313222 5629350 -2876
32313222 5629650 -2876
32313222 5629950 -2876
32313222 5630250 -2875
32313222 5630550 -2875
32312936 5630550 -1225
32312965 5630550 -1175
32312993 5630550 -1125
32313018 5630550 -1075
32313041 5630550 -1025
32313062 5630550 -975
32313082 5630550 -925
32313099 5630550 -875
32313115 5630550 -825
32313129 5630550 -775
32313111 5630550 -725
32313127 5630550 -675
32313143 5630550 -625
32313158 5630550 -575
32313174 5630550 -525
32313191 5630550 -475
32313210 5630550 -425
32313222 5630550 -396
32313222 5630547 -375
32313222 5630540 -325
32313222 5630533 -275
32313186 5630550 -225
32313222 5630550 -247
32313207 5630550 -175
32313222 5630550 -141
32313222 5630547 -125
32313222 5630537 -75
32313222 5630528 -25
32313222 5630519 25
32313222 5630510 75
32313222 5630501 125
32313222 5630492 175
32313222 5630483 225
32313222 5630850 -2875
32312950 5630850 -1575
32313005 5630850 -1525
32313058 5630850 -1475
32313108 5630850 -1425
32313157 5630850 -1375
32313203 5630850 -1325
32313222 5630850 -1303
32313222 5630829 -1275
32313222 5630795 -1225
32313222 5630764 -1175
32313222 5630737 -1125
32313222 5630712 -1075
32313222 5630690 -1025
32313222 5630671 -975
32313222 5630654 -925
32313222 5630639 -875
32313222 5630625 -825
32313222 5630614 -775
32313222 5630604 -725
32313222 5630595 -675
32313222 5630587 -625
32313222 5630579 -575
32313222 5630571 -525
32313222 5630563 -475
32313222 5630554 -425
32313222 5630564 -225
32313222 5630555 -175
32313222 5631150 -2892
32312956 5631150 -1725
32313029 5631150 -1675
32313099 5631150 -1625
32313168 5631150 -1575
32313222 5631150 -1533
32313222 5631136 -1525
32313222 5631062 -1475
32313222 5630993 -1425
32313222 5630930 -1375
32313222 5630872 -1325
32313008 5631450 -2925
32313222 5631344 -2925
32313222 5631450 -2925
32312976 5631450 -1775
32313063 5631450 -1725
32313148 5631450 -1675
32313222 5631450 -1630
32313222 5631433 -1625
32313222 5631273 -1575
32313014 5631750 -2925
32313222 5631750 -2925
32312985 5631750 -1775
32313083 5631750 -1725
32313181 5631750 -1675
32313222 5631750 -1653
32313222 5631982 -2925
32313222 5632050 -2917
32313019 5632050 -1725
32313127 5632050 -1675
32313222 5632050 -1631
32313222 5632350 -2917
32313018 5632350 -1675
32313222 5632093 -1625
32313133 5632350 -1625
32313222 5632350 -1586
32312985 5632650 -2875
32313222 5632650 -2918
32312926 5632650 -1675
32313043 5632650 -1625
32313222 5632446 -1575
32313161 5632650 -1575
32313222 5632650 -1549
32313092 5632950 -2875
32313222 5632950 -2904
32312924 5632950 -1675
32313044 5632950 -1625
32313163 5632950 -1575
32313222 5632950 -1550
32313222 5633109 -2875
32313222 5633250 -2866
32313038 5633250 -1675
32313161 5633250 -1625
32313222 5633250 -1600
32313222 5633092 -1575
32313222 5633550 -2849
32312975 5633550 -1775
32313111 5633550 -1725
32313222 5633550 -1683
32313222 5633515 -1675
32313222 5633332 -1625
32313222 5633850 -2849
32312921 5633850 -2725
32313071 5633850 -1825
32313222 5633850 -1775
32313222 5633847 -1775
32313222 5633675 -1725
32313222 5633979 -2825
32313222 5634150 -2792
32312931 5634150 -2725
32312945 5634150 -2675
32312979 5634150 -1925
32313163 5634150 -1875
32313222 5634150 -1858
32313222 5634020 -1825
32313144 5634450 -2775
32313222 5634450 -2792
32313180 5634450 -2675
32313222 5634432 -2625
32313222 5634450 -2666
32312979 5634450 -2575
32313222 5634450 -2621
32312990 5634450 -1975
32313213 5634450 -1925
32313222 5634450 -1922
32313222 5634221 -1875
32313222 5634541 -2775
32313222 5634750 -2735
32313153 5634750 -2675
32313222 5634750 -2663
32313222 5634711 -2575
32313001 5634750 -2525
32313222 5634750 -2567
32313018 5634750 -2475
32313165 5634750 -1975
32313222 5634750 -1964
32313222 5634463 -1925
32313222 5634805 -2725
32313021 5635050 -2675
32313222 5635050 -2679
32313222 5635050 -2649
32313222 5634990 -2525
32313222 5634970 -2475
32313034 5635050 -2425
32313222 5635050 -2460
32313056 5635050 -2375
32313222 5635050 -1982
32313222 5634915 -1975
32313222 5635075 -2675
32313222 5635350 -2625
32313186 5635350 -2625
32313222 5635311 -2625
32313222 5635350 -2621
32313222 5635255 -2425
32313222 5635231 -2375
32313067 5635350 -2325
32313222 5635350 -2354
32313089 5635350 -2275
32313222 5635350 -1976
32313222 5635353 -2625
32313222 5635521 -2325
32313222 5635496 -2275
32313222 5635472 -2225
32313116 5635650 -2175
32313222 5635650 -2194
32313222 5635364 -1975
32313222 5635650 -1945
32313219 5635950 -2525
32313222 5635928 -2525
32313222 5635950 -2525
32313222 5635950 -2520
32313222 5635768 -2175
32313222 5635742 -2125
32313136 5635950 -2075
32313222 5635950 -2090
32313171 5635950 -2025
32313128 5635950 -1925
32313222 5635950 -1939
32313222 5635955 -2525
32313222 5636040 -2075
32313222 5636004 -2025
32313222 5635969 -1975
32313222 5636006 -1925
32313222 5636250 -1930
32313193 5636250 -1925
32313222 5636201 -1875
32313216 5636250 -1875
32313222 5636250 -1862
32313222 5636284 -1925
32313222 5636256 -1875
32313218 5636550 -1775
32313222 5636519 -1775
32313222 5636550 -1775
32313222 5636550 -1764
32313222 5636555 -1775
32313222 5637150 -2575
32313222 5636997 -2575
32313222 5637150 -2575
32313222 5637136 -2525
32313222 5637150 -2520
32313222 5637150 -2575
32313222 5637150 -2525
32313222 5637269 -2475
32313222 5637450 -2475
32313222 5637450 -2475
32313222 5637398 -2425
32313222 5637450 -2405
32313219 5637450 -2075
32313222 5637440 -2075
32313222 5637450 -2075
32313222 5637450 -2071
32313222 5637450 -2475
32313221 5637750 -2425
32313222 5637750 -2425
32313222 5637526 -2375
32313222 5637651 -2325
32312981 5637750 -2275
32313222 5637750 -2284
32313222 5637455 -2075
32313222 5637751 -2425
32313222 5637750 -2375
32313221 5638050 -2325
32313222 5638050 -2325
32313222 5637775 -2275
32313222 5637899 -2225
32313222 5638022 -2175
32313222 5638050 -2163
32313214 5638050 -1825
32313222 5638027 -1825
32313222 5638050 -1826
32313222 5638050 -1815
32313222 5638051 -2325
32313222 5638050 -2275
32313221 5638350 -2225
32313222 5638350 -2225
32313222 5638149 -2125
32313222 5638277 -2075
32313222 5638350 -2046
32313222 5638062 -1825
32313222 5638351 -2225
32313222 5638350 -2175
32313221 5638650 -2125
32313222 5638650 -2125
32313222 5638408 -2025
32313222 5638545 -1975
32313222 5638650 -1936
32313222 5638651 -2125
32313222 5638650 -2075
32313221 5638950 -2025
32313222 5638950 -2025
32313221 5638950 -1975
32313222 5638684 -1925
32313222 5638835 -1875
32313222 5638950 -1837
32313222 5638951 -2025
32313222 5638950 -1975
32313222 5638950 -1925
32313221 5639250 -1875
32313222 5639250 -1875
32313222 5638989 -1825
32313222 5639153 -1775
32313222 5639250 -1745
32313222 5639250 -1875
32313222 5639250 -1825
32313222 5639550 -1775
32313222 5639550 -1775
32313222 5639319 -1725
32313222 5639550 -1725
32313222 5639486 -1675
32313222 5639550 -1656
32313222 5639550 -1775
32313222 5639550 -1725
32313222 5639550 -1675
32313222 5639644 -1625
32313222 5639850 -1625
32313222 5639850 -1625
32313222 5639850 -1575
32313222 5639796 -1575
32313222 5639850 -1557
32313500 5623950 -2825
32313524 5623950 -2828
32313524 5623650 -2829
32313500 5624250 -2825
32313524 5624250 -2828
32313501 5624550 -2825
32313524 5624550 -2828
32313499 5624850 -2825
32313524 5624850 -2829
32313500 5625150 -2825
32313524 5625150 -2828
32313498 5625450 -2825
32313524 5625450 -2828
32313502 5625750 -2875
32313524 5625728 -2875
32313524 5625750 -2878
32313502 5626050 -2875
32313524 5626050 -2878
32313524 5626350 -2878
32313524 5626650 -2878
32313524 5626950 -2878
32313524 5627250 -2877
32313524 5627550 -2877
32313524 5627850 -2877
32313524 5628150 -2877
32313524 5628450 -2877
32313524 5628750 -2876
32313524 5629050 -2876
32313524 5629350 -2876
32313524 5629650 -2876
32313524 5629950 -2876
32313524 5630250 -2876
32313524 5630550 -2875
32313229 5630550 -375
32313246 5630550 -325
32313264 5630550 -275
32313234 5630550 -125
32313272 5630550 -75
32313315 5630550 -25
32313362 5630550 25
32313412 5630550 75
32313464 5630550 125
32313516 5630550 175
32313524 5630850 -2875
32313244 5630850 -1275
32313280 5630850 -1225
32313313 5630850 -1175
32313345 5630850 -1125
32313374 5630850 -1075
32313402 5630850 -1025
32313427 5630850 -975
32313450 5630850 -925
32313471 5630850 -875
32313490 5630850 -825
32313508 5630850 -775
32313524 5630850 -726
32313524 5630849 -725
32313524 5630835 -675
32313524 5630820 -625
32313524 5630806 -575
32313524 5630791 -525
32313524 5630777 -475
32313524 5630761 -425
32313524 5630746 -375
32313524 5630731 -325
32313524 5630715 -275
32313524 5630698 -225
32313524 5630681 -175
32313524 5630664 -125
32313524 5630646 -75
32313524 5630627 -25
32313524 5630608 25
32313524 5630589 75
32313524 5630570 125
32313524 5630552 175
32313524 5630550 182
32313401 5631150 -2925
32313524 5631144 -2925
32313524 5631150 -2925
32313232 5631150 -1525
32313284 5631150 -1475
32313334 5631150 -1425
32313382 5631150 -1375
32313428 5631150 -1325
32313472 5631150 -1275
32313513 5631150 -1225
32313524 5631150 -1211
32313524 5631114 -1175
32313524 5631070 -1125
32313524 5631031 -1075
32313524 5630995 -1025
32313524 5630963 -975
32313524 5630934 -925
32313524 5630909 -875
32313524 5630886 -825
32313524 5630867 -775
32313524 5631450 -2925
32313229 5631450 -1625
32313292 5631450 -1575
32313354 5631450 -1525
32313414 5631450 -1475
32313472 5631450 -1425
32313524 5631450 -1379
32313524 5631441 -1375
32313524 5631342 -1325
32313524 5631252 -1275
32313524 5631170 -1225
32313524 5631750 -2925
32313264 5631750 -1625
32313336 5631750 -1575
32313407 5631750 -1525
32313477 5631750 -1475
32313524 5631750 -1441
32313524 5631669 -1425
32313281 5632050 -2925
32313524 5632050 -2925
32313232 5632050 -1625
32313314 5632050 -1575
32313394 5632050 -1525
32313475 5632050 -1475
32313524 5632050 -1444
32313282 5632350 -2925
32313524 5632350 -2925
32313243 5632350 -1575
32313332 5632350 -1525
32313423 5632350 -1475
32313524 5632288 -1425
32313514 5632350 -1425
32313524 5632350 -1419
32313524 5632627 -2925
32313524 5632650 -2922
32313270 5632650 -1525
32313367 5632650 -1475
32313466 5632650 -1425
32313524 5632650 -1396
32313524 5632950 -2922
32313274 5632950 -1525
32313377 5632950 -1475
32313482 5632950 -1425
32313524 5632950 -1405
32313524 5633105 -2975
32313524 5633250 -2975
32313524 5633250 -2968
32313333 5633250 -2875
32313524 5633250 -2919
32313277 5633250 -1575
32313386 5633250 -1525
32313495 5633250 -1475
32313524 5633250 -1461
32313524 5633049 -1425
32313524 5633550 -2964
32313524 5633550 -2975
32313524 5633484 -2875
32313524 5633550 -2862
32313243 5633550 -1675
32313360 5633550 -1625
32313476 5633550 -1575
32313524 5633550 -1554
32313524 5633447 -1525
32313524 5633288 -1475
32313524 5633850 -2964
32313524 5633850 -2975
32313524 5633850 -2862
32313224 5633850 -1775
32313355 5633850 -1725
32313483 5633850 -1675
32313524 5633850 -1659
32313524 5633743 -1625
32313524 5633602 -1575
32313524 5633850 -2975
32313365 5634150 -2825
32313524 5634150 -2861
32313322 5634150 -1825
32313469 5634150 -1775
32313524 5634150 -1756
32313524 5634046 -1725
32313524 5633894 -1675
32313524 5634339 -2825
32313524 5634450 -2803
32313238 5634450 -2625
32313387 5634450 -1875
32313524 5634450 -1834
32313524 5634410 -1825
32313524 5634216 -1775
32313524 5634607 -2775
32313524 5634750 -2747
32313411 5634750 -2625
32313258 5634750 -2575
32313385 5634750 -1925
32313524 5634750 -1890
32313524 5634661 -1875
32313424 5635050 -2725
32313524 5635050 -2747
32313364 5635050 -2625
32313524 5635050 -2597
32313524 5635040 -2575
32313524 5635017 -2525
32313296 5635050 -2475
32313524 5635050 -2519
32313262 5635050 -1975
32313510 5635050 -1925
32313524 5635050 -1922
32313524 5635172 -2725
32313445 5635350 -2675
32313524 5635350 -2692
32313524 5635350 -2578
32313524 5635300 -2475
32313524 5635277 -2425
32313330 5635350 -2375
32313524 5635350 -2412
32313232 5635350 -1975
32313524 5635350 -1929
32313524 5635156 -1925
32313524 5635449 -2675
32313456 5635650 -2625
32313524 5635650 -2639
32313524 5635385 -2575
32313258 5635650 -2575
32313524 5635650 -2546
32313524 5635565 -2375
32313524 5635540 -2325
32313360 5635650 -2275
32313524 5635650 -2306
32313383 5635650 -2225
32313524 5635650 -1943
32313524 5635950 -2825
32313524 5635882 -2825
32313524 5635950 -2825
32313524 5635950 -2813
32313524 5635737 -2625
32313524 5635683 -2575
32313524 5635950 -2530
32313524 5635781 -2525
32313524 5635950 -2497
32313524 5635820 -2275
32313524 5635797 -2225
32313395 5635950 -2175
32313524 5635950 -2197
32313420 5635950 -2125
32313524 5635910 -1925
32313442 5635950 -1925
32313524 5635950 -1919
32313524 5635950 -2825
32313524 5635977 -2525
32313524 5636086 -2175
32313524 5636059 -2125
32313524 5636032 -2075
32313443 5636250 -2025
32313524 5636250 -2039
32313467 5636250 -1975
32313524 5636158 -1875
32313524 5636250 -1855
32313524 5636550 -2725
32313524 5636522 -2725
32313524 5636550 -2725
32313524 5636550 -2717
32313503 5636550 -2425
32313524 5636466 -2425
32313524 5636550 -2429
32313524 5636550 -2402
32313524 5636343 -2025
32313524 5636315 -1975
32313524 5636288 -1925
32313473 5636550 -1875
32313524 5636550 -1884
32313524 5636355 -1825
32313497 5636550 -1825
32313524 5636527 -1775
32313524 5636550 -1768
32313524 5636550 -2725
32313524 5636850 -2675
32313523 5636850 -2675
32313524 5636694 -2675
32313524 5636850 -2627
32313524 5636579 -2425
32313507 5636850 -2325
32313524 5636795 -2325
32313524 5636850 -2328
32313524 5636850 -2307
32313524 5636609 -1875
32313524 5636581 -1825
32313524 5636553 -1775
32313524 5636673 -1725
32313524 5636850 -1730
32313494 5636850 -1725
32313517 5636850 -1675
32313524 5636812 -1675
32313524 5636850 -1661
32313524 5636850 -2675
32313524 5637150 -2625
32313523 5637150 -2625
32313524 5636858 -2625
32313524 5637008 -2575
32313435 5637150 -2525
32313524 5637150 -2526
32313524 5636873 -2325
32313501 5637150 -2225
32313524 5637083 -2225
32313524 5637150 -2229
32313524 5637150 -2200
32313524 5636885 -1725
32313524 5636857 -1675
32313507 5637150 -1575
32313524 5637062 -1575
32313524 5637150 -1577
32313524 5637150 -1538
32313524 5637150 -2625
32313524 5637150 -2575
32313524 5637155 -2525
32313524 5637450 -2525
32313523 5637450 -2525
32313524 5637293 -2475
32313524 5637428 -2425
32313524 5637450 -2416
32313524 5637183 -2225
32313485 5637450 -2125
32313524 5637345 -2125
32313524 5637450 -2132
32313316 5637450 -2075
32313524 5637450 -2083
32313524 5637169 -1575
32313524 5637450 -2525
32313522 5637750 -2475
32313524 5637750 -2475
32313524 5637559 -2375
32313524 5637687 -2325
32313524 5637750 -2300
32313524 5637507 -2125
32313524 5637750 -2036
32313463 5637750 -2025
32313524 5637593 -2025
32313510 5637750 -1975
32313524 5637714 -1975
32313524 5637750 -1960
32313524 5637751 -2475
32313524 5637750 -2425
32313522 5638050 -2375
32313524 5638050 -2375
32313524 5637815 -2275
32313524 5637942 -2225
32313409 5638050 -2175
32313524 5638050 -2181
32313524 5637838 -2025
32313524 5637770 -1975
32313486 5638050 -1875
32313524 5637953 -1875
32313524 5638050 -1881
32313379 5638050 -1825
32313524 5638050 -1834
32313524 5638051 -2375
32313524 5638051 -2325
32313522 5638350 -2275
32313524 5638350 -2275
32313524 5638067 -2175
32313524 5638196 -2125
32313524 5638324 -2075
32313524 5638350 -2064
32313524 5638103 -1875
32313524 5638350 -1785
32313466 5638350 -1775
32313524 5638194 -1775
32313510 5638350 -1725
32313524 5638315 -1725
32313524 5638350 -1710
32313524 5638351 -2275
32313524 5638351 -2225
32313522 5638650 -2175
32313524 5638650 -2175
32313524 5638457 -2025
32313524 5638591 -1975
32313524 5638650 -1952
32313524 5638430 -1775
32313524 5638368 -1725
32313495 5638650 -1625
32313524 5638567 -1625
32313524 5638650 -1630
32313524 5638650 -1591
32313524 5638651 -2175
32313524 5638651 -2125
32313522 5638950 -2075
32313524 5638950 -2075
32313524 5638729 -1925
32313524 5638871 -1875
32313524 5638950 -1847
32313524 5638689 -1625
32313524 5638951 -2075
32313524 5638951 -2025
32313522 5639250 -1975
32313524 5639250 -1975
32313522 5639250 -1925
32313524 5639017 -1825
32313524 5639167 -1775
32313524 5639250 -1747
32313524 5639251 -1975
32313524 5639251 -1925
32313524 5639252 -1875
32313522 5639550 -1825
32313524 5639550 -1825
32313524 5639317 -1725
32313524 5639468 -1675
32313524 5639550 -1648
32313524 5639551 -1825
32313524 5639550 -1775
32313522 5639850 -1725
32313524 5639850 -1725
32313523 5639850 -1675
32313524 5639615 -1625
32313524 5639757 -1575
32313524 5639850 -1542
32313802 5623650 -2875
32313825 5623650 -2878
32313825 5623672 -2875
32313825 5623950 -2829
32313825 5624250 -2829
32313825 5624550 -2829
32313825 5624850 -2828
32313804 5625150 -2875
32313825 5625129 -2875
32313825 5625150 -2878
32313805 5625450 -2875
32313825 5625450 -2878
32313825 5625750 -2878
32313825 5626050 -2878
32313825 5626350 -2878
32313825 5626650 -2878
32313825 5626950 -2878
32313825 5627250 -2877
32313825 5627550 -2877
32313825 5627850 -2877
32313825 5628150 -2877
32313825 5628450 -2877
32313825 5628750 -2877
32313825 5629050 -2876
32313825 5629350 -2876
32313825 5629650 -2876
32313825 5629950 -2876
32313825 5630250 -2876
32313825 5630550 -2876
32313825 5630850 -2876
32313524 5630850 -725
32313540 5630850 -675
32313557 5630850 -625
32313574 5630850 -575
32313591 5630850 -525
32313607 5630850 -475
32313624 5630850 -425
32313640 5630850 -375
32313655 5630850 -325
32313669 5630850 -275
32313682 5630850 -225
32313694 5630850 -175
32313705 5630850 -125
32313716 5630850 -75
32313725 5630850 -25
32313735 5630850 25
32313745 5630850 75
32313755 5630850 125
32313765 5630850 175
32313544 5630550 225
32313778 5630850 225
32313825 5631142 -2925
32313825 5631150 -2925
32313549 5631150 -1175
32313583 5631150 -1125
32313614 5631150 -1075
32313644 5631150 -1025
32313672 5631150 -975
32313699 5631150 -925
32313724 5631150 -875
32313748 5631150 -825
32313770 5631150 -775
32313791 5631150 -725
32313811 5631150 -675
32313825 5631150 -639
32313825 5631143 -625
32313825 5631122 -575
32313825 5631102 -525
32313825 5631084 -475
32313825 5631067 -425
32313825 5631052 -375
32313825 5631038 -325
32313825 5631026 -275
32313825 5631016 -225
32313825 5631007 -175
32313825 5631000 -125
32313825 5630994 -75
32313825 5630989 -25
32313825 5630984 25
32313825 5630978 75
32313825 5630968 125
32313825 5630953 175
32313825 5630932 225
32313792 5630850 275
32313825 5630906 275
32313808 5630850 325
32313825 5630877 325
32313825 5630850 370
32313825 5631450 -2925
32313528 5631450 -1375
32313574 5631450 -1325
32313618 5631450 -1275
32313661 5631450 -1225
32313702 5631450 -1175
32313741 5631450 -1125
32313779 5631450 -1075
32313816 5631450 -1025
32313825 5631450 -1011
32313825 5631409 -975
32313825 5631358 -925
32313825 5631311 -875
32313825 5631270 -825
32313825 5631232 -775
32313825 5631199 -725
32313825 5631169 -675
32313825 5631750 -2925
32313542 5631750 -1425
32313597 5631750 -1375
32313650 5631750 -1325
32313702 5631750 -1275
32313753 5631750 -1225
32313803 5631750 -1175
32313825 5631750 -1152
32313825 5631683 -1125
32313825 5631573 -1075
32313825 5631474 -1025
32313825 5632050 -2925
32313549 5632050 -1425
32313613 5632050 -1375
32313676 5632050 -1325
32313738 5632050 -1275
32313800 5632050 -1225
32313825 5632050 -1204
32313825 5631874 -1175
32313825 5632350 -2925
32313589 5632350 -1375
32313662 5632350 -1325
32313736 5632350 -1275
32313810 5632350 -1225
32313825 5632350 -1215
32313824 5632650 -2975
32313541 5632650 -2925
32313825 5632649 -2975
32313558 5632650 -1375
32313642 5632650 -1325
32313727 5632650 -1275
32313814 5632650 -1225
32313825 5632650 -1218
32313649 5632950 -2925
32313541 5632950 -2975
32313579 5632950 -1375
32313672 5632950 -1325
32313767 5632950 -1275
32313825 5632950 -1245
32313825 5632718 -1225
32313640 5633250 -2925
32313596 5633250 -1425
32313695 5633250 -1375
32313796 5633250 -1325
32313825 5633250 -1311
32313825 5633081 -1275
32313640 5633550 -2925
32313576 5633550 -2875
32313585 5633550 -1525
32313689 5633550 -1475
32313794 5633550 -1425
32313825 5633550 -1410
32313825 5633437 -1375
32313825 5633289 -1325
32313647 5633850 -2925
32313802 5633850 -2875
32313600 5633850 -1625
32313711 5633850 -1575
32313821 5633850 -1525
32313825 5633850 -1523
32313825 5633714 -1475
32313825 5633585 -1425
32313824 5634150 -2975
32313657 5634150 -2925
32313825 5634150 -2875
32313825 5634119 -2875
32313825 5634150 -2874
32313600 5634150 -1725
32313720 5634150 -1675
32313825 5634150 -1630
32313825 5634131 -1625
32313825 5633986 -1575
32313825 5633854 -1525
32313659 5634450 -2925
32313824 5634450 -2975
32313825 5634450 -2881
32313740 5634450 -2825
32313825 5634450 -2869
32313550 5634450 -1825
32313685 5634450 -1775
32313817 5634450 -1725
32313825 5634450 -1722
32313825 5634287 -1675
32313825 5634450 -2975
32313825 5634750 -2925
32313636 5634750 -2925
32313825 5634750 -2881
32313825 5634594 -2825
32313641 5634750 -2775
32313825 5634750 -2815
32313572 5634750 -1875
32313725 5634750 -1825
32313825 5634750 -1791
32313825 5634674 -1775
32313825 5634461 -1725
32313567 5635050 -2925
32313825 5635050 -2925
32313825 5634965 -2875
32313813 5635050 -2875
32313825 5635050 -2872
32313825 5634963 -2775
32313825 5635050 -2758
32313593 5635050 -2575
32313553 5635050 -2525
32313693 5635050 -1875
32313825 5635050 -1837
32313825 5634965 -1825
32313824 5635350 -2925
32313825 5635350 -2925
32313703 5635350 -2875
32313825 5635350 -2854
32313825 5635227 -2725
32313825 5635350 -2702
32313545 5635350 -2575
32313812 5635350 -2525
32313568 5635350 -2475
32313589 5635350 -2425
32313544 5635350 -1925
32313796 5635350 -1875
32313825 5635350 -1871
32313825 5635350 -2925
32313825 5635650 -2875
32313813 5635650 -2875
32313825 5635645 -2825
32313822 5635650 -2825
32313825 5635650 -2824
32313825 5635499 -2675
32313825 5635650 -2647
32313666 5635650 -2525
32313825 5635650 -2500
32313825 5635637 -2475
32313825 5635613 -2425
32313605 5635650 -2375
32313825 5635650 -2418
32313629 5635650 -2325
32313724 5635650 -1925
32313825 5635650 -1906
32313825 5635396 -1875
32313825 5635650 -2875
32313728 5635950 -2825
32313825 5635672 -2825
32313825 5635762 -2625
32313759 5635950 -2575
32313825 5635950 -2586
32313825 5635950 -2511
32313825 5635881 -2375
32313825 5635856 -2325
32313647 5635950 -2275
32313825 5635950 -2308
32313669 5635950 -2225
32313825 5635950 -1880
32313825 5636250 -2825
32313824 5636250 -2825
32313825 5635979 -2825
32313825 5636250 -2775
32313825 5636021 -2575
32313766 5636250 -2525
32313825 5636250 -2537
32313825 5636156 -2475
32313606 5636250 -2475
32313825 5636250 -2458
32313825 5636154 -2275
32313825 5636128 -2225
32313825 5636102 -2175
32313689 5636250 -2125
32313825 5636250 -2150
32313712 5636250 -2075
32313825 5635986 -1875
32313825 5636250 -1832
32313825 5636250 -2825
32313825 5636550 -2775
32313824 5636550 -2775
32313825 5636250 -2775
32313825 5636471 -2725
32313825 5636550 -2707
32313825 5636330 -2525
32313825 5636269 -2475
32313825 5636550 -2431
32313825 5636396 -2425
32313825 5636550 -2390
32313825 5636407 -2125
32313825 5636381 -2075
32313701 5636550 -2025
32313825 5636550 -2047
32313724 5636550 -1975
32313748 5636550 -1925
32313825 5636281 -1825
32313825 5636491 -1775
32313825 5636550 -1760
32313825 5636550 -2775
32313824 5636850 -2725
32313825 5636850 -2725
32313825 5636670 -2675
32313825 5636850 -2626
32313825 5636594 -2425
32313825 5636604 -2375
32313825 5636850 -2387
32313761 5636850 -2375
32313825 5636784 -2325
32313825 5636850 -2306
32313825 5636695 -2025
32313825 5636668 -1975
32313825 5636640 -1925
32313727 5636850 -1875
32313825 5636850 -1892
32313751 5636850 -1825
32313774 5636850 -1775
32313825 5636667 -1725
32313825 5636827 -1675
32313825 5636850 -1667
32313825 5636850 -2725
32313824 5637150 -2675
32313825 5637150 -2675
32313825 5636856 -2625
32313825 5637020 -2575
32313825 5637150 -2534
32313825 5636940 -2375
32313825 5636874 -2325
32313825 5636949 -2275
32313825 5637150 -2286
32313763 5637150 -2275
32313825 5637103 -2225
32313825 5637150 -2209
32313825 5636965 -1875
32313825 5636937 -1825
32313825 5636909 -1775
32313825 5636897 -1725
32313770 5637150 -1675
32313825 5637150 -1688
32313825 5636967 -1625
32313793 5637150 -1625
32313825 5637101 -1575
32313825 5637150 -1556
32313825 5637151 -2675
32313825 5637150 -2625
32313824 5637450 -2575
32313825 5637450 -2575
32313825 5637179 -2525
32313825 5637328 -2475
32313673 5637450 -2425
32313825 5637450 -2433
32313825 5637238 -2275
32313825 5637170 -2225
32313825 5637247 -2175
32313825 5637450 -2188
32313755 5637450 -2175
32313825 5637386 -2125
32313825 5637450 -2101
32313825 5637215 -1675
32313825 5637187 -1625
32313825 5637160 -1575
32313825 5637228 -1525
32313825 5637450 -1532
32313783 5637450 -1525
32313806 5637450 -1475
32313825 5637351 -1475
32313825 5637450 -1434
32313825 5637451 -2575
32313823 5637750 -2525
32313825 5637750 -2525
32313825 5637473 -2425
32313825 5637611 -2375
32313825 5637748 -2325
32313825 5637750 -2324
32313825 5637550 -2175
32313825 5637482 -2125
32313825 5637519 -2075
32313825 5637750 -2090
32313739 5637750 -2075
32313825 5637649 -2025
32313700 5637750 -1975
32313825 5637750 -1985
32313825 5637499 -1525
32313825 5637472 -1475
32313817 5637750 -1325
32313825 5637708 -1325
32313825 5637750 -1326
32313825 5637750 -1307
32313825 5637751 -2525
32313825 5637751 -2475
32313823 5638050 -2425
32313825 5638050 -2425
32313825 5637882 -2275
32313825 5638014 -2225
32313825 5638050 -2211
32313825 5637870 -2075
32313825 5637803 -2025
32313825 5637776 -1975
32313701 5637784 -1986
32313721 5638050 -1975
32313825 5638050 -1993
32313825 5637903 -1925
32313768 5638050 -1925
32313825 5638027 -1875
32313825 5638050 -1865
32313825 5637759 -1325
32313825 5638051 -2425
32313823 5638350 -2375
32313825 5638350 -2375
32313823 5638350 -2325
32313825 5638147 -2175
32313825 5638279 -2125
32313615 5638350 -2075
32313825 5638350 -2098
32313825 5638192 -1975
32313825 5638127 -1925
32313825 5638061 -1875
32313825 5638154 -1825
32313825 5638350 -1837
32313750 5638350 -1825
32313825 5638279 -1775
32313643 5638350 -1725
32313825 5638350 -1746
32313825 5638351 -2375
32313825 5638351 -2325
32313823 5638650 -2275
32313825 5638650 -2275
32313822 5638650 -2225
32313825 5638413 -2075
32313825 5638549 -2025
32313716 5638650 -1975
32313825 5638650 -1987
32313825 5638448 -1825
32313825 5638385 -1775
32313825 5638411 -1725
32313825 5638650 -1739
32313742 5638650 -1725
32313825 5638536 -1675
32313783 5638650 -1675
32313784 5638650 -1625
32313825 5638650 -1630
32313825 5638652 -2275
32313825 5638651 -2225
32313823 5638950 -2175
32313825 5638950 -2175
32313823 5638950 -2125
32313825 5638685 -1975
32313825 5638825 -1925
32313779 5638950 -1875
32313825 5638950 -1879
32313825 5638758 -1725
32313825 5638704 -1675
32313825 5638950 -1584
32313770 5638950 -1575
32313825 5638795 -1575
32313815 5638950 -1525
32313825 5638923 -1525
32313825 5638950 -1514
32313825 5638952 -2175
32313825 5638951 -2125
32313825 5638951 -2075
32313823 5639250 -2025
32313825 5639250 -2025
32313825 5638964 -1875
32313825 5639106 -1825
32313825 5639247 -1775
32313825 5639250 -1774
32313825 5639020 -1575
32313825 5638962 -1525
32313802 5639250 -1425
32313825 5639183 -1425
32313825 5639250 -1429
32313825 5639250 -1398
32313825 5639251 -2025
32313825 5639251 -1975
32313823 5639550 -1925
32313825 5639550 -1925
32313821 5639550 -1875
32313825 5639388 -1725
32313825 5639526 -1675
32313825 5639550 -1666
32313825 5639279 -1425
32313825 5639551 -1925
32313825 5639551 -1875
32313825 5639551 -1825
32313823 5639850 -1775
32313825 5639850 -1775
32313825 5639660 -1625
32313825 5639791 -1575
32313825 5639850 -1552
32314104 5623950 -2875
32314126 5623950 -2878
32314126 5623650 -2878
32314105 5624250 -2875
32314126 5624250 -2878
32314105 5624550 -2875
32314126 5624550 -2878
32314105 5624850 -2875
32314126 5624850 -2878
32314126 5625150 -2878
32314126 5625450 -2878
32314126 5625750 -2878
32314126 5626050 -2878
32314126 5626350 -2878
32314126 5626650 -2878
32314126 5626950 -2878
32314126 5627250 -2877
32314126 5627550 -2877
32314126 5627850 -2877
32314126 5628150 -2877
32314126 5628450 -2877
32314126 5628750 -2877
32314126 5629050 -2877
32314126 5629350 -2877
32314126 5629650 -2876
32314126 5629950 -2876
32314126 5630250 -2876
32314126 5630550 -2876
32314118 5630850 -2925
32314126 5630843 -2925
32314126 5630850 -2926
32314126 5631150 -2926
32313830 5631150 -625
32313849 5631150 -575
32313866 5631150 -525
32313883 5631150 -475
32313898 5631150 -425
32313911 5631150 -375
32313924 5631150 -325
32313935 5631150 -275
32313944 5631150 -225
32313953 5631150 -175
32313960 5631150 -125
32313966 5631150 -75
32313972 5631150 -25
32313979 5631150 25
32313987 5631150 75
32313998 5631150 125
32314014 5631150 175
32314034 5631150 225
32314057 5631150 275
32314126 5631450 -2926
32313849 5631450 -975
32313880 5631450 -925
32313911 5631450 -875
32313940 5631450 -825
32313967 5631450 -775
32313993 5631450 -725
32314018 5631450 -675
32314042 5631450 -625
32314064 5631450 -575
32314085 5631450 -525
32314104 5631450 -475
32314122 5631450 -425
32314126 5631450 -411
32314126 5631432 -375
32314126 5631410 -325
32314126 5631391 -275
32314126 5631374 -225
32314126 5631358 -175
32314126 5631345 -125
32314126 5631332 -75
32314126 5631321 -25
32314126 5631310 25
32314126 5631299 75
32314126 5631287 125
32314126 5631270 175
32314126 5631247 225
32314126 5631221 275
32314082 5631150 325
32314126 5631195 325
32314107 5631150 375
32314126 5631169 375
32314126 5631750 -2926
32313849 5631750 -1125
32313891 5631750 -1075
32313931 5631750 -1025
32313971 5631750 -975
32314009 5631750 -925
32314046 5631750 -875
32314082 5631750 -825
32314116 5631750 -775
32314126 5631750 -760
32314126 5631707 -725
32314126 5631653 -675
32314126 5631605 -625
32314126 5631561 -575
32314126 5631522 -525
32314126 5631487 -475
32314126 5631457 -425
32314126 5632050 -2926
32313856 5632050 -1175
32313907 5632050 -1125
32313958 5632050 -1075
32314007 5632050 -1025
32314057 5632050 -975
32314105 5632050 -925
32314126 5632050 -903
32314126 5631983 -875
32314126 5631874 -825
32314126 5631776 -775
32314123 5632350 -2975
32314126 5632347 -2975
32313874 5632350 -1175
32313936 5632350 -1125
32313998 5632350 -1075
32314060 5632350 -1025
32314123 5632350 -975
32314126 5632350 -972
32314126 5632140 -925
32313889 5632650 -1175
32313963 5632650 -1125
32314038 5632650 -1075
32314116 5632650 -1025
32314126 5632650 -1018
32314126 5632365 -975
32313859 5632950 -1225
32313943 5632950 -1175
32314031 5632950 -1125
32314121 5632950 -1075
32314126 5632950 -1072
32314126 5632685 -1025
32313890 5633250 -1275
32313982 5633250 -1225
32314077 5633250 -1175
32314126 5633250 -1149
32314126 5633150 -1125
32314126 5632960 -1075
32313891 5633550 -1375
32313985 5633550 -1325
32314081 5633550 -1275
32314126 5633550 -1251
32314126 5633466 -1225
32314126 5633319 -1175
32313918 5633850 -1475
32314015 5633850 -1425
32314111 5633850 -1375
32314126 5633850 -1367
32314126 5633734 -1325
32314126 5633606 -1275
32313827 5634150 -2875
32313837 5634150 -1625
32313939 5634150 -1575
32314040 5634150 -1525
32314126 5634150 -1480
32314126 5634133 -1475
32314126 5633996 -1425
32314126 5633869 -1375
32313846 5634450 -2875
32313929 5634450 -1675
32314036 5634450 -1625
32314126 5634450 -1581
32314126 5634427 -1575
32314126 5634274 -1525
32314125 5634750 -2975
32313848 5634750 -2875
32314033 5634750 -2825
32313865 5634750 -1775
32313986 5634750 -1725
32314101 5634750 -1675
32314126 5634750 -1663
32314126 5634601 -1625
32314126 5634751 -2975
32314126 5635050 -2925
32314027 5635050 -2825
32313896 5635050 -2775
32313859 5635050 -1825
32313995 5635050 -1775
32314126 5635050 -1750
32314126 5634905 -1725
32314126 5634776 -1675
32314126 5635350 -2925
32313972 5635350 -2825
32314126 5635350 -2793
32314126 5635333 -2775
32313924 5635350 -2725
32314126 5635350 -2771
32314097 5635350 -1825
32314126 5635350 -1815
32314126 5635212 -1775
32314126 5635447 -2925
32314126 5635650 -2888
32314126 5635650 -2824
32314126 5635568 -2725
32313962 5635650 -2675
32314126 5635650 -2707
32314126 5635650 -2490
32314126 5635643 -2475
32313860 5635650 -2425
32314126 5635650 -2473
32313951 5635650 -1875
32314126 5635650 -1829
32314126 5635553 -1825
32314125 5635950 -2875
32314126 5635950 -2875
32313870 5635950 -2825
32314126 5635950 -2793
32314126 5635830 -2675
32313997 5635950 -2625
32314126 5635950 -2653
32314126 5635850 -2475
32314077 5635950 -2475
32314126 5635950 -2467
32314126 5635929 -2425
32314126 5635906 -2375
32313908 5635950 -2325
32314126 5635950 -2367
32313856 5635950 -1875
32314126 5635814 -1825
32314109 5635950 -1825
32314126 5635950 -1821
32314126 5635950 -2875
32314126 5636250 -2825
32313827 5636250 -2775
32314126 5636074 -2775
32314126 5636250 -2749
32314126 5636116 -2625
32314006 5636250 -2575
32314126 5636250 -2600
32314126 5636250 -2428
32314126 5636198 -2325
32314126 5636173 -2275
32313931 5636250 -2225
32314126 5636250 -2261
32313954 5636250 -2175
32313880 5636250 -1825
32314126 5636250 -1792
32314126 5636250 -2825
32314126 5636550 -2775
32314126 5636382 -2725
32314126 5636550 -2693
32314126 5636409 -2575
32314126 5636359 -2525
32314035 5636550 -2475
32314126 5636550 -2493
32314126 5636266 -2425
32314100 5636550 -2375
32314126 5636542 -2375
32314126 5636550 -2373
32314126 5636473 -2225
32314126 5636447 -2175
32313948 5636550 -2125
32314126 5636550 -2158
32313971 5636550 -2075
32314126 5636349 -1775
32314126 5636550 -1740
32314126 5636550 -2775
32314126 5636850 -2725
32314126 5636633 -2675
32314126 5636850 -2626
32314126 5636671 -2475
32314014 5636850 -2425
32314126 5636850 -2447
32314126 5636761 -2325
32314126 5636850 -2304
32314126 5636755 -2125
32314126 5636728 -2075
32314126 5636701 -2025
32313981 5636850 -1975
32314126 5636850 -2001
32314005 5636850 -1925
32314126 5636615 -1725
32314126 5636821 -1675
32314126 5636850 -1668
32314126 5636850 -2725
32314126 5637150 -2675
32314126 5636853 -2625
32314126 5637043 -2575
32314126 5637150 -2546
32314126 5637000 -2425
32314126 5636938 -2375
32314027 5637150 -2325
32314126 5637150 -2343
32314126 5636958 -2275
32314126 5637138 -2225
32314126 5637150 -2221
32314126 5637017 -1975
32314126 5636990 -1925
32314126 5636963 -1875
32314007 5637150 -1825
32314126 5637150 -1845
32314031 5637150 -1775
32314027 5637150 -1725
32314126 5636992 -1625
32314102 5637150 -1575
32314126 5637150 -1576
32314126 5637150 -2675
32314125 5637450 -2625
32314126 5637450 -2625
32314126 5637223 -2525
32314126 5637390 -2475
32314126 5637450 -2457
32314126 5637282 -2325
32314126 5637218 -2275
32314029 5637450 -2225
32314126 5637450 -2242
32314126 5637300 -2175
32314099 5637450 -2125
32314126 5637450 -2127
32314126 5637286 -1825
32314126 5637259 -1775
32314126 5637231 -1725
32314028 5637450 -1675
32314126 5637450 -1691
32314052 5637450 -1625
32314126 5637154 -1575
32314076 5637450 -1575
32314087 5637165 -1569
32314126 5637298 -1525
32314126 5637439 -1475
32314126 5637450 -1471
32314126 5637451 -2625
32314124 5637750 -2575
32314126 5637750 -2575
32314126 5637549 -2425
32314126 5637702 -2375
32313831 5637750 -2325
32314126 5637750 -2359
32314126 5637577 -2225
32314126 5637512 -2175
32314126 5637456 -2125
32314126 5637750 -2142
32314024 5637750 -2125
32314075 5637474 -2117
32314126 5637602 -2075
32314126 5637745 -2025
32314126 5637750 -2023
32314126 5637561 -1675
32314126 5637534 -1625
32314126 5637506 -1575
32314126 5637479 -1525
32314069 5637750 -1475
32314126 5637750 -1484
32314126 5637573 -1425
32314093 5637750 -1425
32314118 5637750 -1375
32314126 5637705 -1375
32313926 5637750 -1325
32314126 5637750 -1358
32314126 5637751 -2575
32314126 5637751 -2525
32314124 5638050 -2475
32314126 5638050 -2475
32314126 5637850 -2325
32314126 5637995 -2275
32313917 5638050 -2225
32314126 5638050 -2255
32314126 5637882 -2125
32314126 5637817 -2075
32314013 5638050 -2025
32314126 5638050 -2044
32314126 5637884 -1975
32314126 5638020 -1925
32313881 5638050 -1875
32314126 5638050 -1913
32314126 5637813 -1475
32314126 5637786 -1425
32314126 5637759 -1375
32314085 5638050 -1325
32314126 5637836 -1325
32314126 5638050 -1331
32314126 5637965 -1275
32314110 5638050 -1275
32314126 5638050 -1242
32314126 5638051 -2475
32314124 5638350 -2425
32314126 5638350 -2425
32314126 5638138 -2225
32314126 5638280 -2175
32313980 5638350 -2125
32314126 5638350 -2150
32314126 5638192 -2025
32314126 5638128 -1975
32314126 5638069 -1925
32314126 5638156 -1875
32314126 5638350 -1890
32314051 5638350 -1875
32314126 5638290 -1825
32313976 5638350 -1775
32314126 5638350 -1802
32314126 5638095 -1325
32314126 5638067 -1275
32314126 5638351 -2425
32314126 5638351 -2375
32314124 5638650 -2325
32314126 5638650 -2325
32314126 5638422 -2125
32314126 5638564 -2075
32314023 5638650 -2025
32314126 5638650 -2044
32314126 5638441 -1875
32314126 5638378 -1825
32314126 5638425 -1775
32314126 5638650 -1788
32314040 5638650 -1775
32314126 5638560 -1725
32314045 5638650 -1675
32314126 5638650 -1691
32314126 5638652 -2325
32314126 5638651 -2275
32314124 5638950 -2225
32314126 5638950 -2225
32314126 5638706 -2025
32314126 5638849 -1975
32314053 5638950 -1925
32314126 5638950 -1939
32314126 5638752 -1775
32314126 5638691 -1725
32314126 5638950 -1632
32314079 5638950 -1625
32314126 5638828 -1625
32314108 5638950 -1575
32314126 5638950 -1578
32313873 5638950 -1525
32314126 5638952 -2225
32314126 5638951 -2175
32314124 5639250 -2125
32314126 5639250 -2125
32314124 5639250 -2075
32314126 5638990 -1925
32314126 5639131 -1875
32314087 5639250 -1825
32314126 5639250 -1832
32313829 5639250 -1775
32314126 5639005 -1625
32314126 5639250 -1477
32314113 5639250 -1475
32314126 5639217 -1475
32313950 5639250 -1425
32314126 5639250 -1461
32314126 5639252 -2125
32314126 5639251 -2075
32314126 5639251 -2025
32314124 5639550 -1975
32314126 5639550 -1975
32314126 5639270 -1825
32314126 5639406 -1775
32314126 5639539 -1725
32313872 5639550 -1675
32314126 5639550 -1721
32314126 5639265 -1475
32314126 5639551 -1975
32314126 5639551 -1925
32314124 5639850 -1875
32314126 5639850 -1875
32314125 5639850 -1825
32314126 5639666 -1675
32314126 5639790 -1625
32313966 5639850 -1575
32314126 5639850 -1600
32314427 5623650 -2878
32314427 5623950 -2878
32314427 5624250 -2878
32314427 5624550 -2878
32314427 5624850 -2878
32314427 5625150 -2878
32314427 5625450 -2878
32314427 5625750 -2878
32314427 5626050 -2878
32314427 5626350 -2878
32314427 5626650 -2878
32314427 5626950 -2877
32314427 5627250 -2877
32314427 5627550 -2877
32314427 5627850 -2877
32314427 5628150 -2877
32314427 5628450 -2877
32314427 5628750 -2877
32314427 5629050 -2877
32314427 5629350 -2877
32314427 5629650 -2877
32314427 5629950 -2877
32314427 5630250 -2876
32314427 5630550 -2876
32314427 5630841 -2925
32314427 5630850 -2926
32314427 5631150 -2926
32314427 5631450 -2926
32314139 5631450 -375
32314156 5631450 -325
32314171 5631450 -275
32314185 5631450 -225
32314198 5631450 -175
32314209 5631450 -125
32314218 5631450 -75
32314226 5631450 -25
32314234 5631450 25
32314240 5631450 75
32314248 5631450 125
32314259 5631450 175
32314278 5631450 225
32314302 5631450 275
32314427 5631750 -2926
32314149 5631750 -725
32314181 5631750 -675
32314211 5631750 -625
32314240 5631750 -575
32314268 5631750 -525
32314295 5631750 -475
32314321 5631750 -425
32314346 5631750 -375
32314370 5631750 -325
32314392 5631750 -275
32314414 5631750 -225
32314427 5631750 -192
32314427 5631740 -175
32314427 5631716 -125
32314427 5631693 -75
32314427 5631673 -25
32314427 5631654 25
32314427 5631635 75
32314427 5631617 125
32314427 5631599 175
32314427 5631580 225
32314427 5631560 275
32314329 5631450 325
32314427 5631538 325
32314358 5631450 375
32314427 5631514 375
32314426 5632050 -2975
32314427 5632049 -2975
32314150 5632050 -875
32314193 5632050 -825
32314234 5632050 -775
32314275 5632050 -725
32314315 5632050 -675
32314355 5632050 -625
32314393 5632050 -575
32314427 5632050 -529
32314427 5632043 -525
32314427 5631986 -475
32314427 5631934 -425
32314427 5631886 -375
32314427 5631844 -325
32314427 5631805 -275
32314427 5631770 -225
32314177 5632350 -925
32314230 5632350 -875
32314283 5632350 -825
32314336 5632350 -775
32314389 5632350 -725
32314427 5632350 -688
32314427 5632322 -675
32314427 5632221 -625
32314427 5632128 -575
32314183 5632650 -975
32314248 5632650 -925
32314314 5632650 -875
32314381 5632650 -825
32314427 5632650 -790
32314427 5632601 -775
32314427 5632453 -725
32314198 5632950 -1025
32314275 5632950 -975
32314354 5632950 -925
32314427 5632950 -880
32314427 5632932 -875
32314427 5632761 -825
32314168 5633250 -1125
32314252 5633250 -1075
32314338 5633250 -1025
32314427 5633250 -975
32314427 5633250 -974
32314427 5633088 -925
32314173 5633550 -1225
32314259 5633550 -1175
32314347 5633550 -1125
32314427 5633550 -1079
32314427 5633535 -1075
32314427 5633389 -1025
32314427 5633250 -975
32314199 5633850 -1325
32314286 5633850 -1275
32314372 5633850 -1225
32314427 5633850 -1192
32314427 5633801 -1175
32314427 5633666 -1125
32314137 5634150 -1475
32314225 5634150 -1425
32314312 5634150 -1375
32314396 5634150 -1325
32314427 5634150 -1306
32314427 5634063 -1275
32314427 5633932 -1225
32314139 5634450 -1575
32314232 5634450 -1525
32314321 5634450 -1475
32314408 5634450 -1425
32314427 5634450 -1413
32314427 5634337 -1375
32314427 5634199 -1325
32314204 5634750 -1625
32314301 5634750 -1575
32314427 5634750 -1545
32314427 5634658 -1525
32314427 5634562 -1475
32314427 5634470 -1425
32314425 5635050 -2975
32314249 5635050 -1725
32314359 5635050 -1675
32314427 5635050 -1641
32314427 5635010 -1625
32314427 5634897 -1575
32314427 5635051 -2975
32314427 5635350 -2925
32314207 5635350 -2775
32314231 5635350 -1775
32314354 5635350 -1725
32314427 5635350 -1693
32314427 5635237 -1675
32314318 5635650 -2925
32314427 5635650 -2925
32314395 5635650 -2775
32314427 5635610 -2725
32314427 5635650 -2768
32314427 5635650 -2717
32314132 5635650 -2475
32314139 5635650 -1825
32314290 5635650 -1775
32314427 5635650 -1726
32314427 5635634 -1725
32314427 5635651 -2925
32314427 5635950 -2875
32314256 5635950 -2775
32314427 5635950 -2750
32314427 5635878 -2675
32314427 5635950 -2661
32314144 5635950 -2425
32314165 5635950 -2375
32314302 5635950 -1775
32314427 5635950 -1740
32314426 5636250 -2875
32314427 5636250 -2875
32314386 5636250 -2725
32314427 5636209 -2725
32314427 5636250 -2721
32314427 5636154 -2625
32314427 5636250 -2607
32314152 5636250 -2425
32314427 5636250 -2391
32314427 5636242 -2375
32314172 5636250 -2325
32314427 5636250 -2373
32314194 5636250 -2275
32314217 5636250 -1775
32314427 5636250 -1733
32314427 5636251 -2875
32314426 5636550 -2825
32314427 5636550 -2825
32314427 5636550 -2680
32314427 5636439 -2575
32314277 5636550 -2525
32314427 5636550 -2555
32314427 5636382 -2375
32314427 5636535 -2325
32314427 5636550 -2354
32314427 5636511 -2275
32314194 5636550 -2225
32314427 5636550 -2268
32314217 5636550 -2175
32314270 5636550 -1725
32314427 5636346 -1725
32314427 5636550 -1707
32314427 5636551 -2825
32314426 5636850 -2775
32314427 5636850 -2775
32314427 5636579 -2675
32314427 5636850 -2627
32314427 5636737 -2525
32314427 5636682 -2475
32314427 5636850 -2447
32314427 5636720 -2325
32314427 5636850 -2303
32314427 5636810 -2225
32314427 5636785 -2175
32314427 5636760 -2125
32314234 5636850 -2075
32314427 5636850 -2110
32314257 5636850 -2025
32314427 5636757 -1675
32314427 5636850 -1660
32314427 5636851 -2775
32314426 5637150 -2725
32314427 5637150 -2725
32314427 5636862 -2625
32314427 5637098 -2575
32314427 5637150 -2564
32314427 5636990 -2425
32314294 5637150 -2375
32314427 5637150 -2399
32314427 5636981 -2275
32314182 5637150 -2225
32314427 5637150 -2238
32314427 5637065 -2075
32314427 5637039 -2025
32314246 5637150 -1975
32314427 5637150 -2006
32314268 5637150 -1925
32314292 5637150 -1875
32314427 5637014 -1625
32314427 5637150 -1595
32314427 5637151 -2725
32314426 5637450 -2675
32314427 5637450 -2675
32314427 5637309 -2525
32314289 5637450 -2475
32314427 5637450 -2490
32314427 5637313 -2375
32314427 5637253 -2325
32314311 5637450 -2275
32314427 5637450 -2295
32314427 5637204 -2225
32314427 5637399 -2175
32314427 5637450 -2162
32314427 5637350 -1975
32314427 5637325 -1925
32314427 5637298 -1875
32314277 5637450 -1825
32314427 5637450 -1850
32314298 5637450 -1775
32314323 5637450 -1725
32314427 5637226 -1575
32314427 5637412 -1525
32314151 5637450 -1475
32314427 5637450 -1514
32314427 5637451 -2675
32314426 5637750 -2625
32314427 5637750 -2625
32314427 5637505 -2475
32314427 5637685 -2425
32314225 5637750 -2375
32314427 5637750 -2406
32314427 5637589 -2275
32314427 5637528 -2225
32314320 5637750 -2175
32314427 5637750 -2192
32314427 5637577 -2125
32314427 5637748 -2075
32314135 5637750 -2025
32314427 5637750 -2074
32314427 5637614 -1825
32314427 5637590 -1775
32314427 5637564 -1725
32314427 5637537 -1675
32314323 5637750 -1625
32314427 5637750 -1642
32314348 5637750 -1575
32314374 5637750 -1525
32314427 5637576 -1475
32314427 5637734 -1425
32314206 5637750 -1375
32314427 5637750 -1420
32314427 5637751 -2625
32314427 5637751 -2575
32314426 5638050 -2525
32314427 5638050 -2525
32314427 5637857 -2375
32314427 5638022 -2325
32314220 5638050 -2275
32314427 5638050 -2316
32314427 5637875 -2175
32314427 5637813 -2125
32314322 5638050 -2075
32314427 5638050 -2091
32314427 5637906 -2025
32314410 5638050 -1975
32314427 5638050 -1978
32314177 5638050 -1925
32314427 5637861 -1625
32314427 5637834 -1575
32314427 5637807 -1525
32314345 5638050 -1475
32314427 5638050 -1488
32314371 5638050 -1425
32314427 5637879 -1375
32314396 5638050 -1375
32314427 5638020 -1325
32314261 5638050 -1275
32314427 5638050 -1314
32314427 5638051 -2525
32314425 5638350 -2475
32314427 5638350 -2475
32314427 5638182 -2275
32314427 5638339 -2225
32314230 5638350 -2175
32314427 5638350 -2221
32314427 5638170 -2075
32314427 5638108 -2025
32314427 5638061 -1975
32314427 5638350 -1991
32314319 5638350 -1975
32314359 5638350 -1925
32314427 5638210 -1925
32314345 5638079 -1959
32314416 5638350 -1875
32314427 5638350 -1877
32314215 5638350 -1825
32314427 5638137 -1475
32314427 5638110 -1425
32314427 5638082 -1375
32314427 5638055 -1325
32314427 5638158 -1275
32314427 5638350 -1280
32314391 5638350 -1275
32314427 5638293 -1225
32314416 5638350 -1225
32314427 5638350 -1204
32314427 5638351 -2475
32314427 5638351 -2425
32314425 5638650 -2375
32314427 5638650 -2375
32314427 5638493 -2175
32314427 5638646 -2125
32314241 5638650 -2075
32314427 5638650 -2123
32314427 5638469 -1975
32314427 5638408 -1925
32314370 5638650 -1825
32314427 5638504 -1825
32314427 5638650 -1833
32314427 5638648 -1775
32314248 5638650 -1725
32314427 5638650 -1774
32314427 5638388 -1275
32314427 5638361 -1225
32314427 5638651 -2375
32314427 5638651 -2325
32314425 5638950 -2275
32314427 5638950 -2275
32314427 5638798 -2075
32314427 5638947 -2025
32314252 5638950 -1975
32314427 5638950 -2024
32314427 5638711 -1825
32314427 5638650 -1775
32314427 5638950 -1678
32314420 5638950 -1675
32314427 5638931 -1675
32314281 5638950 -1625
32314427 5638950 -1668
32314427 5638951 -2275
32314427 5638951 -2225
32314425 5639250 -2175
32314427 5639250 -2175
32314427 5639094 -1975
32314427 5639238 -1925
32314270 5639250 -1875
32314427 5639250 -1920
32314427 5638958 -1675
32314427 5639250 -1577
32314407 5639250 -1575
32314427 5639200 -1575
32314427 5639250 -1556
32314168 5639250 -1475
32314427 5639251 -2175
32314427 5639251 -2125
32314425 5639550 -2075
32314427 5639550 -2075
32314426 5639550 -2025
32314427 5639375 -1875
32314427 5639510 -1825
32314308 5639550 -1775
32314427 5639550 -1810
32314139 5639550 -1725
32314427 5639272 -1575
32314427 5639551 -2075
32314427 5639551 -2025
32314427 5639551 -1975
32314426 5639850 -1925
32314427 5639850 -1925
32314427 5639637 -1775
32314427 5639760 -1725
32314383 5639850 -1675
32314427 5639850 -1687
32314210 5639850 -1625
32314710 5623950 -2925
32314709 5623650 -2925
32314728 5623650 -2928
32314728 5623950 -2927
32314728 5623967 -2925
32314728 5624250 -2878
32314728 5624550 -2878
32314728 5624850 -2878
32314728 5625150 -2878
32314728 5625450 -2878
32314728 5625750 -2878
32314728 5626050 -2878
32314728 5626350 -2878
32314728 5626650 -2878
32314728 5626950 -2877
32314728 5627250 -2877
32314728 5627550 -2877
32314728 5627850 -2877
32314728 5628150 -2877
32314728 5628450 -2877
32314728 5628750 -2877
32314728 5629050 -2877
32314728 5629350 -2877
32314728 5629650 -2877
32314728 5629950 -2877
32314728 5630250 -2877
32314723 5630550 -2925
32314728 5630544 -2925
32314728 5630550 -2925
32314728 5630850 -2926
32314728 5631150 -2926
32314728 5631450 -2926
32314728 5631750 -2926
32314435 5631750 -175
32314459 5631750 -125
32314481 5631750 -75
32314504 5631750 -25
32314527 5631750 25
32314550 5631750 75
32314573 5631750 125
32314597 5631750 175
32314622 5631750 225
32314728 5632041 -2975
32314431 5632050 -525
32314467 5632050 -475
32314502 5632050 -425
32314536 5632050 -375
32314569 5632050 -325
32314601 5632050 -275
32314633 5632050 -225
32314663 5632050 -175
32314693 5632050 -125
32314722 5632050 -75
32314728 5632050 -64
32314728 5632021 -25
32314728 5631987 25
32314728 5631955 75
32314728 5631924 125
32314728 5631894 175
32314728 5631864 225
32314648 5631750 275
32314728 5631834 275
32314439 5632350 -675
32314486 5632350 -625
32314531 5632350 -575
32314576 5632350 -525
32314620 5632350 -475
32314663 5632350 -425
32314706 5632350 -375
32314728 5632350 -347
32314728 5632321 -325
32314728 5632262 -275
32314728 5632206 -225
32314728 5632154 -175
32314728 5632105 -125
32314728 5632059 -75
32314445 5632650 -775
32314502 5632650 -725
32314559 5632650 -675
32314615 5632650 -625
32314671 5632650 -575
32314727 5632650 -525
32314728 5632650 -523
32314728 5632561 -475
32314728 5632474 -425
32314728 5632392 -375
32314434 5632950 -875
32314502 5632950 -825
32314570 5632950 -775
32314638 5632950 -725
32314706 5632950 -675
32314728 5632950 -658
32314728 5632871 -625
32314728 5632759 -575
32314728 5632653 -525
32314503 5633250 -925
32314579 5633250 -875
32314656 5633250 -825
32314728 5633250 -778
32314728 5633241 -775
32314728 5633112 -725
32314728 5632989 -675
32314435 5633550 -1075
32314515 5633550 -1025
32314595 5633550 -975
32314676 5633550 -925
32314728 5633550 -892
32314728 5633503 -875
32314728 5633370 -825
32314455 5633850 -1175
32314536 5633850 -1125
32314616 5633850 -1075
32314696 5633850 -1025
32314728 5633850 -1004
32314728 5633769 -975
32314728 5633635 -925
32314479 5634150 -1275
32314559 5634150 -1225
32314638 5634150 -1175
32314715 5634150 -1125
32314728 5634150 -1116
32314728 5634036 -1075
32314728 5633903 -1025
32314491 5634450 -1375
32314664 5634450 -1325
32314728 5634450 -1299
32314728 5634408 -1275
32314728 5634324 -1225
32314728 5634243 -1175
32314728 5634163 -1125
32314510 5634750 -1525
32314597 5634750 -1475
32314680 5634750 -1425
32314728 5634750 -1394
32314728 5634713 -1375
32314728 5634528 -1325
32314460 5635050 -1625
32314556 5635050 -1575
32314647 5635050 -1525
32314728 5635050 -1477
32314728 5635039 -1475
32314728 5634856 -1425
32314727 5635350 -2975
32314469 5635350 -1675
32314575 5635350 -1625
32314674 5635350 -1575
32314728 5635350 -1546
32314728 5635252 -1525
32314728 5635351 -2975
32314728 5635650 -2925
32314460 5635650 -2725
32314432 5635650 -1725
32314557 5635650 -1675
32314673 5635650 -1625
32314728 5635650 -1599
32314728 5635506 -1575
32314727 5635950 -2925
32314728 5635950 -2925
32314601 5635950 -2725
32314487 5635950 -2675
32314474 5635950 -1725
32314623 5635950 -1675
32314728 5635950 -1636
32314728 5635850 -1625
32314728 5635951 -2925
32314728 5636250 -2875
32314728 5636233 -2675
32314728 5636250 -2692
32314508 5636250 -2625
32314728 5636250 -2671
32314434 5636250 -2375
32314464 5636250 -1725
32314664 5636250 -1675
32314728 5636250 -1657
32314727 5636550 -2875
32314728 5636550 -2875
32314728 5636469 -2675
32314564 5636550 -2675
32314728 5636550 -2668
32314728 5636507 -2625
32314710 5636550 -2575
32314728 5636550 -2582
32314440 5636550 -2325
32314463 5636550 -2275
32314641 5636550 -1675
32314728 5636550 -1660
32314728 5636550 -2875
32314727 5636850 -2825
32314728 5636850 -2825
32314728 5636850 -2634
32314728 5636582 -2575
32314728 5636739 -2525
32314571 5636850 -2475
32314728 5636850 -2505
32314728 5636835 -2275
32314728 5636850 -2304
32314473 5636850 -2225
32314728 5636850 -2271
32314487 5636850 -2175
32314510 5636850 -2125
32314728 5636850 -1646
32314728 5636851 -2825
32314727 5637150 -2775
32314728 5637150 -2775
32314728 5636910 -2625
32314559 5637150 -2575
32314728 5637150 -2589
32314728 5637029 -2475
32314571 5637150 -2425
32314728 5637150 -2453
32314728 5637057 -2275
32314728 5637126 -2225
32314728 5637150 -2261
32314728 5637107 -2175
32314728 5637082 -2125
32314506 5637150 -2075
32314728 5637150 -2113
32314530 5637150 -2025
32314728 5637044 -1625
32314728 5637150 -1613
32314728 5637151 -2775
32314727 5637450 -2725
32314728 5637450 -2725
32314728 5637225 -2575
32314671 5637450 -2525
32314728 5637450 -2533
32314728 5637325 -2425
32314728 5637275 -2375
32314602 5637450 -2325
32314728 5637450 -2346
32314728 5637348 -2225
32314516 5637450 -2175
32314728 5637450 -2206
32314728 5637383 -2075
32314728 5637358 -2025
32314728 5637332 -1975
32314545 5637450 -1925
32314728 5637450 -1955
32314570 5637450 -1875
32314728 5637373 -1575
32314492 5637450 -1525
32314728 5637450 -1562
32314728 5637451 -2725
32314728 5637451 -2675
32314728 5637750 -2625
32314728 5637486 -2525
32314728 5637714 -2475
32314517 5637750 -2425
32314728 5637750 -2467
32314728 5637587 -2325
32314728 5637529 -2275
32314630 5637750 -2225
32314728 5637750 -2240
32314728 5637587 -2175
32314667 5637750 -2125
32314728 5637750 -2137
32314430 5637750 -2075
32314728 5637640 -1925
32314728 5637614 -1875
32314728 5637588 -1825
32314580 5637750 -1775
32314728 5637750 -1798
32314606 5637750 -1725
32314632 5637750 -1675
32314728 5637605 -1525
32314661 5637750 -1475
32314728 5637750 -1490
32314448 5637750 -1425
32314728 5637751 -2625
32314727 5638050 -2575
32314728 5638050 -2575
32314728 5637919 -2425
32314660 5638050 -2375
32314728 5638050 -2392
32314460 5638050 -2325
32314728 5637853 -2225
32314728 5637794 -2175
32314651 5637808 -2139
32314728 5637799 -2125
32314728 5638050 -2136
32314650 5638050 -2125
32314728 5637988 -2075
32314601 5638050 -2025
32314728 5638050 -2058
32314728 5637902 -1775
32314728 5637875 -1725
32314728 5637849 -1675
32314610 5638050 -1625
32314728 5638050 -1643
32314636 5638050 -1575
32314663 5638050 -1525
32314728 5637802 -1475
32314728 5637969 -1425
32314638 5638050 -1375
32314728 5638050 -1400
32314463 5638050 -1325
32314728 5638051 -2575
32314728 5638132 -2525
32314728 5638350 -2490
32314728 5638112 -2375
32314728 5638295 -2325
32314609 5638350 -2275
32314728 5638350 -2309
32314439 5638350 -2225
32314728 5638130 -2125
32314728 5638069 -2075
32314728 5638166 -2025
32314728 5638350 -2034
32314663 5638350 -2025
32314728 5638336 -1975
32314578 5638187 -1981
32314579 5638350 -1925
32314728 5638350 -1970
32314728 5638170 -1625
32314728 5638143 -1575
32314728 5638116 -1525
32314728 5638090 -1475
32314662 5638350 -1425
32314728 5638350 -1435
32314728 5638126 -1375
32314688 5638350 -1375
32314714 5638350 -1325
32314728 5638272 -1325
32314728 5638350 -1298
32314655 5638350 -1275
32314495 5638350 -1225
32314728 5638351 -2475
32314727 5638650 -2425
32314728 5638650 -2425
32314728 5638470 -2275
32314728 5638641 -2225
32314582 5638650 -2175
32314728 5638650 -2222
32314431 5638650 -2125
32314728 5638415 -2025
32314728 5638354 -1975
32314574 5638650 -1825
32314429 5638650 -1775
32314728 5638416 -1425
32314728 5638390 -1375
32314728 5638364 -1325
32314710 5638650 -1225
32314728 5638553 -1225
32314728 5638650 -1227
32314728 5638650 -1189
32314728 5638651 -2425
32314728 5638651 -2375
32314727 5638950 -2325
32314728 5638950 -2325
32314728 5638806 -2175
32314712 5638950 -2125
32314728 5638950 -2130
32314570 5638950 -2075
32314430 5638950 -2025
32314445 5638950 -1675
32314728 5638668 -1225
32314728 5638951 -2325
32314728 5638951 -2275
32314727 5639250 -2225
32314728 5639250 -2225
32314728 5638968 -2125
32314728 5639122 -2075
32314706 5639250 -2025
32314728 5639250 -2033
32314571 5639250 -1975
32314438 5639250 -1925
32314474 5639250 -1575
32314728 5639251 -2225
32314728 5639251 -2175
32314727 5639550 -2125
32314728 5639550 -2125
32314728 5639273 -2025
32314728 5639415 -1975
32314724 5639550 -1925
32314728 5639550 -1926
32314594 5639550 -1875
32314465 5639550 -1825
32314728 5639551 -2125
32314728 5639551 -2075
32314728 5639605 -2025
32314727 5639850 -1975
32314728 5639850 -1988
32314728 5639553 -1925
32314728 5639680 -1875
32314728 5639803 -1825
32314649 5639850 -1775
32314728 5639850 -1805
32314521 5639850 -1725
32315030 5623650 -2927
32315030 5623950 -2927
32315012 5624250 -2925
32315030 5624250 -2927
32315030 5624301 -2925
32315030 5624550 -2884
32315030 5624850 -2878
32315030 5625150 -2878
32315030 5625450 -2878
32315030 5625750 -2878
32315030 5626050 -2878
32315030 5626350 -2878
32315030 5626650 -2877
32315030 5626950 -2877
32315030 5627250 -2877
32315030 5627550 -2877
32315030 5627850 -2877
32315030 5628150 -2877
32315030 5628450 -2877
32315030 5628750 -2877
32315030 5629050 -2877
32315030 5629350 -2877
32315030 5629650 -2877
32315030 5629950 -2877
32315030 5630250 -2877
32315030 5630539 -2925
32315030 5630550 -2926
32315030 5630850 -2926
32315030 5631150 -2927
32315030 5631450 -2927
32315021 5631750 -2975
32315030 5631741 -2975
32314753 5632050 -25
32314785 5632050 25
32314816 5632050 75
32314848 5632050 125
32314747 5632350 -325
32314786 5632350 -275
32314825 5632350 -225
32314864 5632350 -175
32314901 5632350 -125
32314938 5632350 -75
32314975 5632350 -25
32315011 5632350 25
32315030 5632350 51
32315030 5632327 75
32315030 5632282 125
32314776 5632650 -475
32314825 5632650 -425
32314873 5632650 -375
32314920 5632650 -325
32314966 5632650 -275
32315012 5632650 -225
32315030 5632650 -205
32315030 5632610 -175
32315030 5632548 -125
32315030 5632488 -75
32315030 5632432 -25
32315030 5632377 25
32314768 5632950 -625
32314827 5632950 -575
32314884 5632950 -525
32314942 5632950 -475
32314998 5632950 -425
32315030 5632950 -396
32315030 5632913 -375
32315030 5632831 -325
32315030 5632753 -275
32315030 5632678 -225
32314733 5633250 -775
32314801 5633250 -725
32314868 5633250 -675
32314935 5633250 -625
32315000 5633250 -575
32315030 5633250 -552
32315030 5633193 -525
32315030 5633095 -475
32315030 5633001 -425
32314754 5633550 -875
32314829 5633550 -825
32314903 5633550 -775
32314976 5633550 -725
32315030 5633550 -688
32315030 5633519 -675
32315030 5633406 -625
32315030 5633297 -575
32314775 5633850 -975
32314854 5633850 -925
32314932 5633850 -875
32315010 5633850 -825
32315030 5633850 -812
32315030 5633757 -775
32315030 5633636 -725
32314845 5634150 -1075
32314985 5634150 -1025
32315030 5634150 -1009
32315030 5634096 -975
32315030 5634019 -925
32315030 5633943 -875
32315030 5633869 -825
32314770 5634450 -1275
32314853 5634450 -1225
32314934 5634450 -1175
32315014 5634450 -1125
32315030 5634450 -1115
32315030 5634334 -1075
32315030 5634193 -1025
32314763 5634750 -1375
32314848 5634750 -1325
32314931 5634750 -1275
32315011 5634750 -1225
32315030 5634750 -1213
32315030 5634631 -1175
32315030 5634479 -1125
32314733 5635050 -1475
32314824 5635050 -1425
32314911 5635050 -1375
32314995 5635050 -1325
32315030 5635050 -1303
32315030 5634953 -1275
32315030 5634788 -1225
32314772 5635350 -1525
32314869 5635350 -1475
32314960 5635350 -1425
32315030 5635350 -1385
32315030 5635311 -1375
32315030 5635127 -1325
32315027 5635650 -2975
32314785 5635650 -1575
32314894 5635650 -1525
32314995 5635650 -1475
32315030 5635650 -1457
32315030 5635513 -1425
32315030 5635652 -2975
32315030 5635950 -2925
32314762 5635950 -1625
32314895 5635950 -1575
32315017 5635950 -1525
32315030 5635950 -1519
32315030 5635733 -1475
32315028 5636250 -2925
32315030 5636250 -2925
32314939 5636250 -2675
32314849 5636250 -1625
32315016 5636250 -1575
32315030 5636250 -1570
32315030 5635981 -1525
32315030 5636251 -2925
32315030 5636550 -2875
32315030 5636516 -2625
32315030 5636550 -2662
32315030 5636550 -2618
32314943 5636550 -1625
32315030 5636550 -1609
32315030 5636281 -1575
32315030 5636551 -2875
32315030 5636850 -2825
32315030 5636850 -2647
32315030 5636781 -2575
32314832 5636850 -2525
32315030 5636850 -2562
32314742 5636850 -2275
32315030 5636850 -1631
32315030 5636759 -1625
32315030 5636851 -2825
32315030 5637150 -2775
32315030 5637119 -2625
32315030 5637150 -2622
32315030 5637054 -2525
32315030 5637005 -2475
32315030 5637150 -2448
32315030 5637141 -2275
32314854 5637150 -2275
32315030 5637150 -2293
32315030 5637117 -2225
32314771 5637150 -2175
32315030 5637150 -2219
32314795 5637150 -2125
32314898 5637150 -1625
32315030 5637150 -1634
32315030 5637151 -2775
32315030 5637450 -2725
32314968 5637450 -2575
32315030 5637450 -2585
32315030 5637284 -2425
32314902 5637450 -2375
32315030 5637450 -2395
32315030 5637314 -2275
32314834 5637450 -2225
32315030 5637450 -2259
32315030 5637408 -2175
32315030 5637384 -2125
32314795 5637450 -2075
32315030 5637450 -2113
32314820 5637450 -2025
32314846 5637450 -1975
32315030 5637283 -1625
32314804 5637450 -1575
32315030 5637450 -1613
32315030 5637451 -2725
32315029 5637750 -2675
32315030 5637750 -2675
32315030 5637517 -2575
32314974 5637750 -2525
32315030 5637750 -2537
32314762 5637750 -2475
32315030 5637574 -2375
32315030 5637520 -2325
32314955 5637750 -2275
32315030 5637750 -2286
32315030 5637669 -2225
32314878 5637750 -2175
32315030 5637750 -2212
32315030 5637681 -2075
32315030 5637656 -2025
32315030 5637631 -1975
32314840 5637750 -1925
32315030 5637750 -1955
32314866 5637750 -1875
32314893 5637750 -1825
32315030 5637705 -1575
32314862 5637750 -1525
32315030 5637750 -1568
32315030 5637751 -2675
32315028 5638050 -2625
32315030 5638050 -2625
32315030 5637816 -2525
32315015 5638050 -2475
32315030 5638050 -2479
32314841 5638050 -2425
32315030 5637821 -2275
32315030 5637764 -2225
32315030 5637932 -2175
32315030 5638050 -2179
32314999 5638050 -2175
32315030 5638050 -2150
32314944 5638050 -2125
32314781 5638050 -2075
32315030 5637934 -1925
32315030 5637909 -1875
32315030 5637883 -1825
32314880 5638050 -1775
32315030 5638050 -1797
32314907 5638050 -1725
32314934 5638050 -1675
32315030 5637935 -1525
32314960 5638050 -1475
32315030 5638050 -1497
32314804 5638050 -1425
32315030 5638051 -2625
32315030 5638050 -2575
32314956 5638350 -2525
32315030 5638350 -2525
32315030 5638069 -2475
32315030 5638290 -2425
32314920 5638350 -2375
32315030 5638350 -2411
32314773 5638350 -2325
32315030 5638078 -2175
32314879 5638350 -2025
32314740 5638350 -1975
32315030 5638194 -1775
32315030 5638168 -1725
32315030 5638142 -1675
32315030 5638116 -1625
32314941 5638350 -1575
32315030 5638350 -1588
32314967 5638350 -1525
32315030 5638127 -1475
32314994 5638350 -1475
32315030 5638295 -1425
32314940 5638350 -1375
32315030 5638350 -1408
32314803 5638350 -1325
32315030 5638350 -2525
32315029 5638650 -2475
32315030 5638650 -2475
32315030 5638494 -2375
32315001 5638650 -2325
32315030 5638650 -2335
32314867 5638650 -2275
32314735 5638650 -2225
32315030 5638435 -1575
32315030 5638409 -1525
32315030 5638384 -1475
32314970 5638650 -1425
32315030 5638650 -1433
32315030 5638453 -1375
32314996 5638650 -1375
32315022 5638650 -1325
32315030 5638606 -1325
32315030 5638650 -1310
32314818 5638650 -1225
32315030 5638651 -2475
32315030 5638650 -2425
32315029 5638950 -2375
32315030 5638950 -2375
32315030 5638688 -2325
32315030 5638870 -2275
32314960 5638950 -2225
32315030 5638950 -2252
32314836 5638950 -2175
32315030 5638707 -1425
32315030 5638682 -1375
32315030 5638657 -1325
32315030 5638950 -1226
32315021 5638950 -1225
32315030 5638903 -1225
32315030 5638950 -1209
32315030 5638950 -2375
32315030 5638950 -2325
32315029 5639250 -2275
32315030 5639250 -2275
32315030 5639042 -2225
32315030 5639208 -2175
32314941 5639250 -2125
32315030 5639250 -2162
32314824 5639250 -2075
32315030 5638957 -1225
32315030 5639250 -2275
32315030 5639250 -2225
32315029 5639550 -2175
32315030 5639550 -2175
32315030 5639361 -2125
32315030 5639509 -2075
32314947 5639550 -2025
32315030 5639550 -2061
32314835 5639550 -1975
32315030 5639550 -2175
32315030 5639550 -2125
32315029 5639850 -2075
32315030 5639850 -2075
32315030 5639644 -2025
32314983 5639850 -2025
32315030 5639773 -1975
32314986 5639850 -1925
32315030 5639850 -1944
32314876 5639850 -1875
32314769 5639850 -1825
32315331 5623650 -2928
32315331 5623950 -2928
32315331 5624250 -2927
32315283 5624550 -2925
32315331 5624550 -2927
32315331 5624568 -2925
32315331 5624850 -2878
32315331 5625150 -2877
32315331 5625450 -2877
32315331 5625750 -2877
32315331 5626050 -2877
32315331 5626350 -2877
32315331 5626650 -2877
32315331 5626950 -2877
32315331 5627250 -2877
32315331 5627550 -2877
32315331 5627850 -2877
32315331 5628150 -2877
32315331 5628450 -2877
32315331 5628750 -2877
32315331 5629050 -2877
32315331 5629350 -2877
32315331 5629650 -2877
32315331 5629950 -2877
32315331 5630250 -2922
32315331 5630266 -2925
32315331 5630550 -2927
32315331 5630850 -2927
32315331 5631150 -2927
32315331 5631450 -2927
32315331 5631739 -2975
32315056 5632650 -175
32315099 5632650 -125
32315142 5632650 -75
32315184 5632650 -25
32315052 5632950 -375
32315103 5632950 -325
32315153 5632950 -275
32315203 5632950 -225
32315251 5632950 -175
32315298 5632950 -125
32315331 5632950 -90
32315331 5632929 -75
32315331 5632864 -25
32315063 5633250 -525
32315123 5633250 -475
32315181 5633250 -425
32315239 5633250 -375
32315295 5633250 -325
32315331 5633250 -292
32315331 5633222 -275
32315331 5633144 -225
32315331 5633070 -175
32315331 5632981 -125
32315048 5633550 -675
32315120 5633550 -625
32315289 5633550 -575
32315331 5633550 -556
32315331 5633512 -525
32315331 5633453 -475
32315331 5633395 -425
32315331 5633339 -375
32315331 5633284 -325
32315132 5633850 -775
32315267 5633850 -725
32315331 5633850 -701
32315331 5633815 -675
32315331 5633747 -625
32315331 5633587 -575
32315088 5634150 -975
32315173 5634150 -925
32315257 5634150 -875
32315331 5634150 -831
32315331 5634135 -825
32315331 5634017 -775
32315331 5633903 -725
32315103 5634450 -1075
32315192 5634450 -1025
32315282 5634450 -975
32315331 5634450 -947
32315331 5634391 -925
32315331 5634261 -875
32315102 5634750 -1175
32315195 5634750 -1125
32315287 5634750 -1075
32315331 5634750 -1050
32315331 5634674 -1025
32315331 5634529 -975
32315086 5635050 -1275
32315182 5635050 -1225
32315277 5635050 -1175
32315331 5635050 -1145
32315331 5634983 -1125
32315331 5634825 -1075
32315051 5635350 -1375
32315155 5635350 -1325
32315255 5635350 -1275
32315331 5635350 -1235
32315331 5635314 -1225
32315331 5635147 -1175
32315106 5635650 -1425
32315219 5635650 -1375
32315325 5635650 -1325
32315331 5635650 -1321
32315331 5635486 -1275
32315328 5635950 -2975
32315156 5635950 -1475
32315287 5635950 -1425
32315331 5635950 -1407
32315331 5635834 -1375
32315331 5635660 -1325
32315331 5635952 -2975
32315331 5636250 -2925
32315209 5636250 -1525
32315331 5636250 -1490
32315331 5636190 -1475
32315331 5636010 -1425
32315331 5636253 -2925
32315331 5636550 -2875
32315063 5636550 -2625
32315278 5636550 -1575
32315331 5636550 -1567
32315331 5636378 -1525
32315329 5636850 -2875
32315331 5636850 -2875
32315331 5636850 -2670
32315331 5636810 -2625
32315331 5636767 -2575
32315331 5636850 -2558
32315331 5636850 -1627
32315331 5636837 -1625
32315331 5636586 -1575
32315331 5636851 -2875
32315330 5637150 -2825
32315331 5637150 -2825
32315048 5637150 -2625
32315331 5637150 -2664
32315331 5637021 -2525
32315185 5637150 -2475
32315331 5637150 -2499
32315267 5637150 -2325
32315331 5637150 -2333
32315331 5637146 -2325
32315039 5637150 -2275
32315331 5637150 -2324
32315063 5637150 -2225
32315331 5637150 -1664
32315331 5637151 -2825
32315330 5637450 -2775
32315331 5637450 -2775
32315222 5637450 -2625
32315331 5637450 -2647
32315331 5637283 -2475
32315331 5637235 -2425
32315331 5637450 -2384
32315331 5637391 -2325
32315331 5637450 -2322
32315331 5637427 -2275
32315101 5637450 -2275
32315331 5637403 -2225
32315073 5637450 -2175
32315331 5637450 -2216
32315099 5637450 -2125
32315086 5637450 -1625
32315331 5637450 -1674
32315331 5637450 -2775
32315330 5637750 -2725
32315331 5637750 -2725
32315331 5637669 -2625
32315170 5637750 -2575
32315331 5637750 -2616
32315331 5637502 -2375
32315330 5637750 -2325
32315331 5637750 -2325
32315331 5637750 -2323
32315257 5637750 -2275
32315076 5637750 -2225
32315331 5637691 -2175
32315331 5637666 -2125
32315331 5637642 -2075
32315130 5637750 -2025
32315331 5637750 -2056
32315157 5637750 -1975
32315230 5637750 -1625
32315331 5637750 -1653
32315053 5637750 -1575
32315331 5637750 -2725
32315331 5637750 -2675
32315331 5638050 -2625
32315331 5638047 -2575
32315173 5638050 -2525
32315331 5638050 -2574
32315331 5637750 -2325
32315101 5638050 -2175
32315331 5637936 -2025
32315331 5637911 -1975
32315331 5637886 -1925
32315181 5638050 -1875
32315331 5638050 -1897
32315209 5638050 -1825
32315331 5637925 -1625
32315248 5638050 -1575
32315331 5638050 -1604
32315107 5638050 -1525
32315331 5638050 -2625
32315330 5638350 -2575
32315331 5638350 -2575
32315331 5638326 -2525
32315203 5638350 -2475
32315331 5638350 -2520
32315067 5638350 -2425
32315331 5638188 -1875
32315331 5638162 -1825
32315331 5638137 -1775
32315225 5638350 -1725
32315331 5638350 -1740
32315252 5638350 -1675
32315280 5638350 -1625
32315331 5638173 -1575
32315315 5638350 -1525
32315331 5638350 -1531
32315193 5638350 -1475
32315071 5638350 -1425
32315331 5638350 -2575
32315331 5638350 -2525
32315331 5638564 -2475
32315331 5638650 -2475
32315251 5638650 -2425
32315331 5638650 -2456
32315126 5638650 -2375
32315331 5638447 -1725
32315331 5638422 -1675
32315331 5638397 -1625
32315261 5638650 -1575
32315331 5638650 -1584
32315331 5638373 -1525
32315288 5638650 -1525
32315315 5638650 -1475
32315331 5638549 -1475
32315297 5638413 -1510
32315331 5638650 -1445
32315286 5638650 -1425
32315175 5638650 -1375
32315062 5638650 -1325
32315331 5638650 -2475
32315331 5638779 -2425
32315331 5638950 -2425
32315331 5638950 -2425
32315331 5638950 -2383
32315312 5638950 -2375
32315195 5638950 -2325
32315080 5638950 -2275
32315331 5638713 -1575
32315331 5638689 -1525
32315331 5638664 -1475
32315319 5638950 -1375
32315331 5638880 -1375
32315331 5638950 -1376
32315331 5638950 -1353
32315063 5638950 -1225
32315331 5638950 -2425
32315331 5639250 -2325
32315331 5639159 -2325
32315331 5639250 -2325
32315331 5639250 -2299
32315276 5639250 -2275
32315165 5639250 -2225
32315057 5639250 -2175
32315331 5638960 -1375
32315331 5639250 -2325
32315331 5639550 -2225
32315331 5639485 -2225
32315331 5639550 -2225
32315331 5639550 -2204
32315268 5639550 -2175
32315162 5639550 -2125
32315058 5639550 -2075
32315331 5639550 -2225
32315331 5639850 -2125
32315331 5639765 -2125
32315331 5639850 -2125
32315331 5639850 -2093
32315293 5639850 -2075
32315190 5639850 -2025
32315089 5639850 -1975
32315632 5623664 -2975
32315617 5623650 -2975
32315632 5623950 -2927
32315632 5624250 -2927
32315632 5624550 -2927
32315612 5624850 -2925
32315632 5624850 -2927
32315632 5624866 -2925
32315632 5625150 -2877
32315632 5625450 -2877
32315632 5625750 -2877
32315632 5626050 -2877
32315632 5626350 -2877
32315632 5626650 -2877
32315632 5626950 -2877
32315632 5627250 -2877
32315632 5627550 -2877
32315632 5627850 -2877
32315632 5628150 -2877
32315632 5628450 -2877
32315632 5628750 -2877
32315632 5629050 -2877
32315632 5629350 -2877
32315632 5629650 -2877
32315632 5629950 -2877
32315346 5630250 -2925
32315632 5630234 -2925
32315632 5630250 -2927
32315632 5630550 -2927
32315632 5630850 -2927
32315632 5631150 -2927
32315623 5631450 -2975
32315632 5631441 -2975
32315360 5633250 -275
32315442 5633250 -225
32315371 5633550 -525
32315435 5633550 -475
32315496 5633550 -425
32315557 5633550 -375
32315616 5633550 -325
32315632 5633550 -310
32315632 5633495 -275
32315632 5633421 -225
32315522 5633250 -175
32315632 5633349 -175
32315370 5633850 -675
32315445 5633850 -625
32315517 5633850 -575
32315588 5633850 -525
32315632 5633850 -493
32315632 5633818 -475
32315632 5633733 -425
32315632 5633651 -375
32315632 5633572 -325
32315341 5634150 -825
32315429 5634150 -775
32315514 5634150 -725
32315598 5634150 -675
32315632 5634150 -654
32315632 5634093 -625
32315632 5633998 -575
32315632 5633906 -525
32315375 5634450 -925
32315474 5634450 -875
32315572 5634450 -825
32315632 5634450 -793
32315632 5634408 -775
32315632 5634299 -725
32315632 5634193 -675
32315389 5634750 -1025
32315499 5634750 -975
32315608 5634750 -925
32315632 5634750 -914
32315632 5634651 -875
32315632 5634527 -825
32315382 5635050 -1125
32315503 5635050 -1075
32315623 5635050 -1025
32315632 5635050 -1021
32315632 5634919 -975
32315632 5634780 -925
32315359 5635350 -1225
32315493 5635350 -1175
32315624 5635350 -1125
32315632 5635350 -1121
32315632 5635210 -1075
32315632 5635060 -1025
32315476 5635650 -1275
32315625 5635650 -1225
32315632 5635650 -1222
32315632 5635508 -1175
32315632 5635359 -1125
32315459 5635950 -1375
32315632 5635950 -1329
32315632 5635937 -1325
32315632 5635795 -1275
32315632 5635656 -1225
32315632 5635955 -2975
32315632 5636250 -2925
32315434 5636250 -1475
32315632 5636250 -1442
32315632 5636201 -1425
32315632 5636067 -1375
32315629 5636550 -2925
32315632 5636550 -2925
32315602 5636550 -2675
32315632 5636550 -2676
32315632 5636549 -2675
32315632 5636550 -2674
32315632 5636550 -1552
32315632 5636470 -1525
32315632 5636333 -1475
32315632 5636551 -2925
32315632 5636850 -2875
32315377 5636850 -2675
32315632 5636850 -2701
32315632 5636827 -2625
32315425 5636850 -2575
32315632 5636850 -2611
32315632 5636850 -1644
32315632 5636781 -1625
32315632 5636618 -1575
32315632 5636851 -2875
32315632 5637150 -2825
32315393 5637150 -2675
32315632 5637150 -2714
32315632 5637028 -2575
32315632 5637093 -2525
32315632 5637150 -2491
32315335 5637150 -2325
32315401 5637150 -1675
32315632 5637150 -1710
32315632 5636983 -1675
32315632 5637150 -2825
32315632 5637450 -2775
32315455 5637450 -2675
32315632 5637450 -2714
32315632 5637229 -2475
32315594 5637450 -2425
32315632 5637450 -2430
32315632 5637441 -2375
32315632 5637450 -2393
32315554 5637450 -2375
32315632 5637418 -2325
32315339 5637450 -2325
32315632 5637450 -2319
32315356 5637450 -2275
32315382 5637450 -2225
32315550 5637450 -1725
32315632 5637450 -1744
32315632 5637276 -1725
32315335 5637450 -1675
32315632 5637450 -2775
32315632 5637750 -2725
32315538 5637750 -2675
32315632 5637750 -2700
32315359 5637750 -2625
32315632 5637480 -2425
32315334 5637750 -2325
32315632 5637697 -2275
32315632 5637673 -2225
32315397 5637750 -2175
32315632 5637750 -2211
32315424 5637750 -2125
32315452 5637750 -2075
32315562 5637750 -1725
32315632 5637750 -1746
32315400 5637750 -1675
32315632 5637750 -2725
32315632 5638034 -2675
32315632 5638050 -2675
32315632 5638050 -2675
32315632 5638050 -2673
32315483 5638050 -2625
32315332 5638050 -2575
32315632 5637959 -2175
32315632 5637935 -2125
32315632 5637910 -2075
32315459 5638050 -2025
32315632 5638050 -2050
32315487 5638050 -1975
32315515 5638050 -1925
32315632 5637980 -1725
32315517 5638050 -1675
32315632 5638050 -1718
32315385 5638050 -1625
32315632 5638050 -2675
32315474 5638350 -2575
32315342 5638350 -2525
32315632 5638204 -2025
32315632 5638179 -1975
32315632 5638153 -1925
32315513 5638350 -1875
32315632 5638350 -1892
32315541 5638350 -1825
32315569 5638350 -1775
32315632 5638288 -1675
32315544 5638350 -1625
32315632 5638350 -1663
32315429 5638350 -1575
32315375 5638650 -2475
32315632 5638456 -1875
32315632 5638431 -1825
32315632 5638405 -1775
32315557 5638650 -1725
32315632 5638650 -1735
32315585 5638650 -1675
32315632 5638508 -1625
32315613 5638650 -1625
32315632 5638650 -1589
32315602 5638650 -1575
32315498 5638650 -1525
32315393 5638650 -1475
32315425 5638950 -2425
32315632 5638716 -1725
32315632 5638692 -1675
32315632 5638667 -1625
32315621 5638950 -1525
32315632 5638876 -1525
32315632 5638950 -1526
32315632 5638950 -1503
32315375 5638950 -1375
32315385 5639250 -2325
32315632 5638960 -1525
32315373 5639550 -2225
32315393 5639850 -2125
32315920 5623950 -2975
32315933 5623963 -2975
32315933 5624250 -2927
32315933 5624550 -2927
32315933 5624850 -2927
32315933 5625121 -2925
32315933 5625150 -2920
32315933 5625450 -2877
32315933 5625750 -2877
32315933 5626050 -2877
32315933 5626350 -2877
32315933 5626650 -2877
32315933 5626950 -2877
32315933 5627250 -2877
32315933 5627550 -2877
32315933 5627850 -2877
32315933 5628150 -2877
32315933 5628450 -2877
32315933 5628750 -2877
32315933 5629050 -2877
32315933 5629350 -2877
32315933 5629650 -2877
32315932 5629950 -2925
32315933 5629948 -2925
32315933 5629950 -2925
32315933 5630250 -2927
32315933 5630550 -2927
32315933 5630850 -2927
32315933 5631150 -2927
32315933 5631437 -2975
32315658 5633850 -475
32315725 5633850 -425
32315791 5633850 -375
32315855 5633850 -325
32315681 5634150 -625
32315764 5634150 -575
32315844 5634150 -525
32315921 5634150 -475
32315933 5634150 -466
32315933 5634086 -425
32315933 5634011 -375
32315933 5633939 -325
32315916 5633850 -275
32315933 5633869 -275
32315671 5634450 -775
32315774 5634450 -725
32315874 5634450 -675
32315933 5634450 -644
32315933 5634415 -625
32315933 5634328 -575
32315933 5634244 -525
32315933 5634162 -475
32315734 5634750 -875
32315861 5634750 -825
32315933 5634750 -796
32315933 5634706 -775
32315933 5634606 -725
32315933 5634508 -675
32315782 5635050 -975
32315933 5635050 -927
32315933 5635043 -925
32315933 5634928 -875
32315933 5634814 -825
32315825 5635350 -1075
32315933 5635350 -1048
32315933 5635291 -1025
32315933 5635167 -975
32315901 5635650 -1175
32315933 5635650 -1169
32315933 5635539 -1125
32315933 5635415 -1075
32315676 5635950 -1325
32315933 5635950 -1298
32315933 5635894 -1275
32315933 5635778 -1225
32315933 5635662 -1175
32315928 5636250 -2975
32315933 5636250 -1435
32315933 5636225 -1425
32315933 5636113 -1375
32315933 5636005 -1325
32315933 5636252 -2975
32315933 5636550 -2925
32315632 5636550 -2675
32315933 5636550 -1568
32315933 5636446 -1525
32315933 5636334 -1475
32315933 5636756 -2925
32315933 5636850 -2903
32315826 5636850 -2725
32315933 5636850 -2738
32315933 5636755 -2725
32315933 5636831 -2675
32315674 5636850 -2625
32315933 5636850 -2669
32315872 5636850 -1675
32315933 5636850 -1682
32315933 5636827 -1675
32315933 5636691 -1625
32315933 5636565 -1575
32315932 5637150 -2875
32315933 5637150 -2875
32315692 5637150 -2725
32315933 5637150 -2768
32315933 5637077 -2625
32315933 5637092 -2575
32315694 5637150 -2525
32315933 5637150 -2564
32315709 5637150 -1725
32315933 5637150 -1768
32315933 5636991 -1725
32315933 5637150 -2875
32315933 5637450 -2825
32315933 5637450 -2825
32315933 5637274 -2775
32315933 5637450 -2784
32315893 5637450 -2775
32315677 5637450 -2725
32315933 5637369 -2525
32315933 5637363 -2475
32315933 5637431 -2425
32315762 5637450 -2425
32315642 5637450 -2375
32315933 5637450 -2421
32315668 5637450 -2325
32315751 5637450 -1775
32315933 5637450 -1822
32315933 5637184 -1775
32315933 5637450 -2825
32315717 5637750 -2725
32315933 5637703 -2375
32315933 5637679 -2325
32315693 5637750 -2275
32315933 5637750 -2312
32315720 5637750 -2225
32315876 5637750 -1825
32315933 5637750 -1843
32315933 5637489 -1825
32315720 5637750 -1775
32315636 5638050 -2675
32315933 5637958 -2275
32315933 5637933 -2225
32315933 5637911 -2175
32315766 5638050 -2125
32315933 5638050 -2150
32315794 5638050 -2075
32315910 5638050 -1825
32315933 5638050 -1833
32315779 5638050 -1775
32315649 5638050 -1725
32315933 5638195 -2125
32315933 5638170 -2075
32315801 5638350 -2025
32315933 5638350 -2044
32315830 5638350 -1975
32315859 5638350 -1925
32315933 5638121 -1825
32315885 5638350 -1775
32315933 5638350 -1796
32315771 5638350 -1725
32315658 5638350 -1675
32315933 5638465 -2025
32315933 5638440 -1975
32315933 5638415 -1925
32315854 5638650 -1875
32315933 5638650 -1886
32315882 5638650 -1825
32315933 5638455 -1775
32315911 5638650 -1775
32315887 5638536 -1743
32315933 5638650 -1734
32315913 5638650 -1725
32315809 5638650 -1675
32315706 5638650 -1625
32315933 5638720 -1875
32315933 5638694 -1825
32315933 5638670 -1775
32315923 5638950 -1675
32315933 5638878 -1675
32315933 5638950 -1676
32315933 5638950 -1655
32315675 5638950 -1525
32315933 5638959 -1675
32316223 5624250 -2975
32316234 5624261 -2975
32316234 5624550 -2927
32316234 5624850 -2927
32315964 5625150 -2925
32316234 5625150 -2927
32316234 5625165 -2925
32316234 5625450 -2877
32316234 5625750 -2877
32316234 5626050 -2877
32316234 5626350 -2877
32316234 5626650 -2877
32316234 5626950 -2877
32316234 5627250 -2877
32316234 5627550 -2877
32316234 5627850 -2877
32316234 5628150 -2877
32316234 5628450 -2877
32316234 5628750 -2877
32316234 5629050 -2877
32316234 5629350 -2877
32316234 5629650 -2877
32316234 5629933 -2925
32316234 5629950 -2927
32316234 5630250 -2927
32316234 5630550 -2927
32316234 5630850 -2927
32316228 5631150 -2975
32316234 5631143 -2975
32315997 5634150 -425
32315974 5634450 -625
32316075 5634450 -575
32316171 5634450 -525
32316234 5634450 -490
32316234 5634428 -475
32316234 5634361 -425
32316071 5634150 -375
32316234 5634296 -375
32315994 5634750 -775
32316133 5634750 -725
32316234 5634750 -687
32316234 5634729 -675
32316234 5634650 -625
32316234 5634574 -575
32316234 5634499 -525
32315944 5635050 -925
32316150 5635050 -875
32316234 5635050 -854
32316234 5634996 -825
32316234 5634904 -775
32316234 5634815 -725
32316090 5635350 -1025
32316234 5635350 -1003
32316234 5635292 -975
32316234 5635191 -925
32316234 5635091 -875
32316234 5635650 -1149
32316234 5635599 -1125
32316234 5635496 -1075
32316234 5635393 -1025
32316234 5635950 -1299
32316234 5635899 -1275
32316234 5635799 -1225
32316234 5635700 -1175
32316234 5636250 -1455
32316234 5636189 -1425
32316234 5636091 -1375
32316234 5635996 -1325
32316234 5636518 -2975
32316234 5636550 -2967
32315987 5636550 -1575
32316234 5636550 -1603
32316234 5636488 -1575
32316234 5636385 -1525
32316234 5636287 -1475
32316055 5636850 -2925
32316234 5636850 -2925
32316214 5636850 -2775
32316234 5636850 -2777
32316234 5636848 -2775
32316234 5636828 -2725
32315964 5636850 -2675
32316234 5636850 -2720
32316191 5636850 -1725
32316234 5636850 -1732
32316234 5636832 -1725
32316234 5636710 -1675
32316234 5636596 -1625
32316234 5636851 -2925
32316234 5637150 -2875
32315970 5637150 -2775
32316234 5637150 -2822
32316234 5637085 -2675
32316106 5637150 -2625
32316234 5637150 -2645
32316031 5637150 -2575
32316201 5637150 -1825
32316234 5637150 -1832
32316234 5637127 -1825
32316234 5636973 -1775
32315964 5637150 -1775
32316234 5637150 -2875
32316234 5637173 -2825
32316112 5637450 -2825
32316234 5637242 -2625
32316234 5637325 -2575
32316234 5637355 -2525
32316031 5637450 -2475
32316234 5637450 -2507
32315956 5637450 -2425
32316136 5637450 -1875
32316234 5637450 -1900
32316234 5637334 -1875
32315944 5637450 -1825
32316234 5637625 -2475
32316234 5637609 -2425
32315989 5637750 -2375
32316234 5637750 -2399
32316017 5637750 -2325
32316194 5637750 -1925
32316234 5637750 -1937
32316234 5637646 -1925
32316034 5637750 -1875
32316234 5637889 -2375
32316234 5637934 -2325
32316042 5638050 -2275
32316234 5638050 -2303
32316071 5638050 -2225
32316098 5638050 -2175
32316182 5638050 -1925
32316234 5638050 -1943
32316045 5638050 -1875
32316234 5638158 -2275
32316234 5638189 -2225
32316234 5638164 -2175
32316115 5638350 -2125
32316234 5638350 -2142
32316145 5638350 -2075
32316234 5638310 -1925
32316121 5638350 -1875
32316234 5638350 -1922
32316001 5638350 -1825
32316234 5638453 -2125
32316234 5638427 -2075
32316234 5638402 -2025
32316176 5638650 -1975
32316234 5638650 -1983
32316205 5638650 -1925
32316234 5638647 -1875
32316126 5638650 -1825
32316234 5638650 -1874
32316019 5638650 -1775
32316234 5638700 -1975
32316234 5638675 -1925
32316234 5638650 -1875
32316234 5638865 -1825
32316234 5638950 -1826
32316223 5638950 -1825
32316234 5638950 -1804
32315972 5638950 -1675
32316234 5638960 -1825
32316536 5624262 -2975
32316536 5624550 -2927
32316536 5624850 -2927
32316536 5625150 -2927
32316521 5625450 -2925
32316536 5625450 -2927
32316536 5625463 -2925
32316536 5625750 -2877
32316536 5626050 -2877
32316536 5626350 -2877
32316536 5626650 -2877
32316536 5626950 -2877
32316536 5627250 -2877
32316536 5627550 -2877
32316536 5627850 -2877
32316536 5628150 -2877
32316536 5628450 -2877
32316536 5628750 -2877
32316536 5629050 -2877
32316536 5629350 -2877
32316519 5629650 -2925
32316536 5629633 -2925
32316536 5629650 -2927
32316536 5629950 -2927
32316536 5630250 -2927
32316536 5630550 -2927
32316536 5630850 -2927
32316536 5631133 -2975
32316270 5634750 -675
32316408 5634750 -625
32316536 5634750 -576
32316536 5634747 -575
32316536 5634685 -525
32316264 5634450 -475
32316536 5634626 -475
32316355 5634450 -425
32316536 5634568 -425
32316366 5635050 -825
32316536 5635050 -786
32316536 5635031 -775
32316536 5634957 -725
32316536 5634885 -675
32316536 5634815 -625
32316481 5635350 -975
32316536 5635350 -968
32316536 5635276 -925
32316536 5635192 -875
32316536 5635111 -825
32316536 5635650 -1139
32316536 5635623 -1125
32316536 5635534 -1075
32316536 5635447 -1025
32316536 5635360 -975
32316536 5635950 -1311
32316536 5635885 -1275
32316536 5635796 -1225
32316536 5635709 -1175
32316460 5636250 -1475
32316536 5636250 -1481
32316536 5636238 -1475
32316536 5636147 -1425
32316536 5636059 -1375
32316536 5635973 -1325
32316276 5636550 -2975
32316403 5636550 -1625
32316536 5636550 -1641
32316536 5636517 -1625
32316536 5636420 -1575
32316536 5636327 -1525
32316536 5636551 -2975
32316536 5636850 -2925
32316236 5636850 -2775
32316260 5636850 -2725
32316502 5636850 -1775
32316536 5636850 -1780
32316536 5636837 -1775
32316536 5636725 -1725
32316536 5636618 -1675
32316536 5636850 -2925
32316536 5637150 -2875
32316248 5637150 -2825
32316536 5637150 -2873
32316536 5636899 -2825
32316536 5637107 -2775
32316536 5637086 -2725
32316310 5637150 -2675
32316536 5637150 -2712
32316451 5637150 -1875
32316536 5637150 -1891
32316536 5637102 -1875
32316536 5636965 -1825
32316536 5637156 -2875
32316536 5637341 -2675
32316536 5637322 -2625
32316384 5637450 -2575
32316536 5637450 -2599
32316377 5637450 -2525
32316336 5637450 -1925
32316536 5637450 -1972
32316536 5637269 -1925
32316536 5637577 -2575
32316536 5637580 -2525
32316456 5637750 -2475
32316536 5637750 -2487
32316393 5637750 -2425
32316366 5637750 -1975
32316536 5637750 -2022
32316536 5637464 -1975
32316536 5637816 -2475
32316536 5637877 -2425
32316522 5638050 -2375
32316536 5638050 -2377
32316372 5638050 -2325
32316479 5638050 -2025
32316536 5638050 -2043
32316536 5637780 -2025
32316328 5638050 -1975
32316536 5638061 -2375
32316536 5638142 -2325
32316536 5638277 -2275
32316424 5638350 -2225
32316536 5638350 -2260
32316454 5638350 -2175
32316505 5638350 -2025
32316536 5638350 -2036
32316373 5638350 -1975
32316242 5638350 -1925
32316536 5638412 -2225
32316536 5638396 -2175
32316464 5638650 -2125
32316536 5638650 -2131
32316493 5638650 -2075
32316536 5638453 -2025
32316523 5638650 -2025
32316536 5638650 -2002
32316469 5638650 -1975
32316351 5638650 -1925
32316235 5638650 -1875
32316536 5638690 -2125
32316536 5638673 -2075
32316536 5638661 -2025
32316518 5638950 -1975
32316536 5638796 -1975
32316536 5638950 -1977
32316536 5638950 -1944
32316277 5638950 -1825
32316536 5638959 -1975
32316825 5624550 -2975
32316837 5624560 -2975
32316837 5624850 -2926
32316837 5625150 -2926
32316837 5625450 -2927
32316824 5625750 -2925
32316837 5625750 -2927
32316837 5625762 -2925
32316837 5626050 -2877
32316837 5626350 -2877
32316837 5626650 -2877
32316837 5626950 -2877
32316837 5627250 -2877
32316837 5627550 -2877
32316837 5627850 -2877
32316837 5628150 -2877
32316837 5628450 -2877
32316837 5628750 -2877
32316837 5629050 -2877
32316837 5629350 -2898
32316837 5629508 -2925
32316837 5629650 -2927
32316837 5629950 -2927
32316837 5630250 -2927
32316837 5630550 -2927
32316824 5630850 -2975
32316837 5630837 -2975
32316540 5634750 -575
32316583 5635050 -775
32316775 5635050 -725
32316837 5635050 -708
32316837 5635008 -675
32316837 5634948 -625
32316837 5634890 -575
32316658 5634750 -525
32316837 5634834 -525
32316771 5634750 -475
32316837 5634781 -475
32316836 5635350 -925
32316837 5635350 -924
32316837 5635278 -875
32316837 5635207 -825
32316837 5635138 -775
32316837 5635071 -725
32316781 5635650 -1125
32316837 5635650 -1121
32316837 5635577 -1075
32316837 5635500 -1025
32316837 5635424 -975
32316837 5635350 -925
32316837 5635950 -1312
32316837 5635889 -1275
32316837 5635810 -1225
32316837 5635731 -1175
32316837 5635655 -1125
32316837 5636250 -1497
32316837 5636212 -1475
32316837 5636129 -1425
32316837 5636048 -1375
32316837 5635969 -1325
32316837 5636550 -1668
32316837 5636470 -1625
32316837 5636381 -1575
32316837 5636296 -1525
32316837 5636551 -2975
32316837 5636850 -2925
32316837 5636850 -1818
32316837 5636759 -1775
32316837 5636658 -1725
32316837 5636562 -1675
32316837 5637150 -2925
32316837 5637150 -2925
32316837 5637131 -2875
32316837 5637150 -2917
32316546 5637150 -2875
32316837 5637110 -2825
32316586 5637150 -2775
32316837 5637150 -2817
32316611 5637150 -2725
32316743 5637150 -1925
32316837 5637150 -1940
32316837 5637110 -1925
32316837 5636985 -1875
32316837 5636866 -1825
32316837 5637150 -2925
32316837 5637362 -2775
32316837 5637340 -2725
32316665 5637450 -2675
32316837 5637450 -2703
32316689 5637450 -2625
32316799 5637450 -2025
32316837 5637450 -2032
32316837 5637424 -2025
32316837 5637259 -1975
32316548 5637450 -1975
32316837 5637594 -2675
32316837 5637571 -2625
32316742 5637750 -2575
32316837 5637750 -2590
32316770 5637750 -2525
32316753 5637750 -2075
32316837 5637750 -2095
32316837 5637651 -2075
32316545 5637750 -2025
32316837 5637830 -2575
32316837 5637806 -2525
32316813 5638050 -2475
32316837 5638050 -2478
32316837 5638050 -2434
32316837 5638041 -2425
32316837 5638050 -2423
32316823 5638050 -2125
32316837 5638050 -2129
32316837 5638013 -2125
32316646 5638050 -2075
32316837 5638070 -2475
32316837 5638286 -2375
32316837 5638237 -2325
32316639 5638350 -2275
32316837 5638350 -2302
32316805 5638350 -2125
32316837 5638350 -2135
32316652 5638350 -2075
32316837 5638396 -2275
32316837 5638443 -2225
32316815 5638650 -2175
32316837 5638650 -2186
32316837 5638505 -2125
32316728 5638650 -2075
32316837 5638650 -2115
32316594 5638650 -2025
32316837 5638670 -2175
32316837 5638660 -2125
32316837 5638916 -2075
32316837 5638950 -2075
32316835 5638950 -2075
32316837 5638950 -2069
32316607 5638950 -1975
32316837 5638951 -2075
32317128 5624850 -2975
32317138 5624859 -2975
32317138 5625150 -2926
32317138 5625450 -2926
32317138 5625750 -2926
32317126 5626050 -2925
32317138 5626050 -2927
32317138 5626072 -2925
32317138 5626350 -2878
32317138 5626650 -2877
32317138 5626950 -2877
32317138 5627250 -2877
32317138 5627550 -2877
32317138 5627850 -2877
32317138 5628150 -2877
32317138 5628450 -2877
32317138 5628750 -2877
32317138 5629050 -2893
32316997 5629350 -2925
32317138 5629237 -2925
32317138 5629350 -2927
32317138 5629650 -2927
32317138 5629950 -2927
32317138 5630250 -2927
32317138 5630550 -2927
32317138 5630832 -2975
32316931 5635050 -675
32317066 5635050 -625
32317138 5635050 -597
32317138 5635026 -575
32317046 5635350 -875
32317138 5635350 -852
32317138 5635315 -825
32317138 5635254 -775
32317138 5635194 -725
32317138 5635136 -675
32317138 5635080 -625
32317138 5635650 -1077
32317138 5635646 -1075
32317138 5635577 -1025
32317138 5635509 -975
32317138 5635443 -925
32317138 5635378 -875
32317138 5635950 -1290
32317138 5635927 -1275
32317138 5635855 -1225
32317138 5635784 -1175
32317138 5635714 -1125
32317138 5636250 -1491
32317138 5636223 -1475
32317138 5636147 -1425
32317138 5636072 -1375
32317138 5635999 -1325
32317065 5636550 -1675
32317138 5636550 -1677
32317138 5636546 -1675
32317138 5636462 -1625
32317138 5636380 -1575
32317138 5636301 -1525
32317137 5636850 -2975
32316938 5636850 -1825
32317138 5636850 -1838
32317138 5636823 -1825
32317138 5636727 -1775
32317138 5636635 -1725
32317138 5637138 -2925
32317138 5636850 -2975
32316902 5637150 -2925
32316858 5637150 -2875
32317138 5637150 -2922
32316883 5637150 -2825
32317138 5637150 -1972
32317138 5637039 -1925
32317138 5636928 -1875
32317138 5637387 -2875
32317138 5637365 -2825
32316941 5637450 -2775
32317138 5637450 -2807
32316967 5637450 -2725
32317128 5637450 -2075
32317138 5637450 -2076
32317138 5637445 -2075
32317138 5637298 -2025
32317138 5637157 -1975
32317138 5637616 -2775
32317138 5637594 -2725
32317021 5637750 -2675
32317138 5637750 -2694
32317049 5637750 -2625
32316998 5637750 -2125
32317138 5637750 -2151
32317138 5637642 -2125
32317138 5637849 -2675
32317138 5637825 -2625
32317097 5638050 -2575
32317138 5638050 -2581
32317125 5638050 -2525
32317138 5638026 -2475
32317138 5638050 -2501
32317018 5638050 -2475
32317138 5637982 -2425
32317138 5638050 -2409
32317039 5638050 -2175
32317138 5638050 -2197
32317138 5637902 -2175
32317138 5638085 -2575
32317138 5638061 -2525
32317138 5638214 -2375
32316995 5638350 -2325
32317138 5638350 -2345
32316984 5638350 -2175
32317138 5638350 -2216
32317138 5638457 -2325
32317138 5638408 -2275
32317116 5638650 -2225
32317138 5638650 -2228
32317138 5638650 -2209
32317028 5638650 -2175
32316868 5638650 -2125
32317138 5638667 -2225
32316851 5638950 -2075
32317439 5625158 -2975
32317430 5625150 -2975
32317439 5625450 -2926
32317439 5625750 -2926
32317439 5626050 -2926
32317418 5626350 -2925
32317439 5626350 -2926
32317427 5626650 -2925
32317439 5626650 -2927
32317439 5626667 -2925
32317439 5626950 -2878
32317439 5627250 -2877
32317439 5627550 -2877
32317439 5627850 -2877
32317439 5628150 -2877
32317439 5628450 -2877
32317424 5628750 -2925
32317439 5628733 -2925
32317439 5628750 -2927
32317330 5629050 -2925
32317439 5629050 -2927
32317439 5629350 -2927
32317439 5629650 -2927
32317439 5629950 -2927
32317439 5630250 -2927
32317422 5630550 -2975
32317439 5630533 -2975
32317210 5635350 -825
32317336 5635350 -775
32317439 5635350 -732
32317439 5635342 -725
32317439 5635289 -675
32317439 5635239 -625
32317180 5635050 -575
32317439 5635190 -575
32317148 5635650 -1075
32317331 5635650 -1025
32317439 5635650 -994
32317439 5635626 -975
32317439 5635567 -925
32317439 5635509 -875
32317439 5635452 -825
32317439 5635396 -775
32317222 5635950 -1275
32317439 5635950 -1235
32317439 5635936 -1225
32317439 5635872 -1175
32317439 5635809 -1125
32317439 5635747 -1075
32317439 5635686 -1025
32317294 5636250 -1475
32317439 5636250 -1458
32317439 5636202 -1425
32317439 5636133 -1375
32317439 5636066 -1325
32317439 5636001 -1275
32317179 5636550 -1675
32317439 5636550 -1661
32317439 5636492 -1625
32317439 5636417 -1575
32317439 5636343 -1525
32317439 5636272 -1475
32317439 5636850 -1838
32317439 5636825 -1825
32317439 5636738 -1775
32317439 5636653 -1725
32317439 5636571 -1675
32317152 5637150 -2925
32317439 5636855 -2975
32317439 5637150 -2925
32317200 5637150 -1975
32317439 5637150 -1985
32317439 5637127 -1975
32317439 5637022 -1925
32317439 5636921 -1875
32317439 5637154 -2925
32317212 5637450 -2875
32317439 5637450 -2875
32317238 5637450 -2825
32317439 5637450 -2102
32317439 5637377 -2075
32317439 5637248 -2025
32317439 5637454 -2875
32317439 5637622 -2825
32317295 5637750 -2775
32317439 5637750 -2799
32317321 5637750 -2725
32317327 5637750 -2175
32317439 5637750 -2189
32317439 5637699 -2175
32317439 5637526 -2125
32317439 5637874 -2775
32317439 5637851 -2725
32317372 5638050 -2675
32317439 5638050 -2686
32317400 5638050 -2625
32317273 5638050 -2525
32317439 5638050 -2553
32317439 5637879 -2525
32317439 5637983 -2475
32317230 5638050 -2425
32317439 5638050 -2459
32317304 5638050 -2225
32317439 5638050 -2247
32317439 5637931 -2225
32317439 5638108 -2675
32317439 5638084 -2625
32317439 5638286 -2575
32317439 5638207 -2425
32317439 5638162 -2375
32317439 5638350 -2334
32317422 5638350 -2275
32317439 5638350 -2278
32317439 5638314 -2275
32317179 5638350 -2225
32317439 5638394 -2325
32317203 5638650 -2225
32317740 5625750 -2926
32317740 5626050 -2926
32317740 5626350 -2926
32317740 5626650 -2926
32317723 5626950 -2925
32317740 5626950 -2926
32317728 5627250 -2925
32317740 5627250 -2927
32317727 5627550 -2925
32317740 5627550 -2927
32317727 5627850 -2925
32317740 5627850 -2927
32317726 5628150 -2925
32317740 5628150 -2927
32317724 5628450 -2925
32317740 5628450 -2927
32317740 5628750 -2927
32317740 5629050 -2927
32317740 5629350 -2927
32317740 5629650 -2927
32317740 5629950 -2927
32317728 5630250 -2975
32317740 5630237 -2975
32317452 5635350 -725
32317534 5635350 -675
32317485 5635650 -975
32317598 5635650 -925
32317705 5635650 -875
32317740 5635650 -858
32317740 5635616 -825
32317740 5635567 -775
32317740 5635519 -725
32317740 5635472 -675
32317612 5635350 -625
32317740 5635427 -625
32317685 5635350 -575
32317740 5635383 -575
32317472 5635950 -1225
32317633 5635950 -1175
32317740 5635950 -1139
32317740 5635933 -1125
32317740 5635877 -1075
32317740 5635822 -1025
32317740 5635769 -975
32317740 5635717 -925
32317740 5635666 -875
32317600 5636250 -1425
32317740 5636250 -1393
32317740 5636226 -1375
32317740 5636164 -1325
32317740 5636104 -1275
32317740 5636046 -1225
32317740 5635989 -1175
32317706 5636550 -1625
32317740 5636550 -1620
32317740 5636486 -1575
32317740 5636419 -1525
32317740 5636353 -1475
32317740 5636288 -1425
32317616 5636850 -1825
32317740 5636850 -1815
32317740 5636784 -1775
32317740 5636706 -1725
32317740 5636630 -1675
32317740 5636557 -1625
32317740 5636855 -2975
32317740 5637150 -2925
32317740 5637150 -1978
32317740 5637143 -1975
32317740 5637048 -1925
32317740 5636956 -1875
32317740 5636866 -1825
32317737 5637450 -2925
32317740 5637450 -2925
32317740 5637450 -2108
32317740 5637369 -2075
32317740 5637254 -2025
32317740 5637453 -2925
32317737 5637750 -2875
32317740 5637750 -2875
32317588 5637750 -2825
32317740 5637750 -2208
32317740 5637646 -2175
32317740 5637496 -2125
32317740 5637752 -2875
32317740 5637882 -2825
32317642 5638050 -2775
32317740 5638050 -2791
32317668 5638050 -2725
32317623 5638050 -2575
32317740 5638050 -2588
32317740 5637980 -2575
32317740 5637997 -2525
32317740 5637957 -2475
32317740 5638050 -2452
32317702 5638050 -2275
32317740 5638050 -2279
32317740 5638032 -2275
32317740 5637818 -2225
32317740 5638136 -2775
32317740 5638113 -2725
32317714 5638350 -2675
32317740 5638350 -2679
32317740 5638350 -2626
32317740 5638341 -2625
32317740 5638173 -2425
32317740 5638196 -2375
32317740 5638350 -2326
32317740 5638350 -2321
32317740 5638374 -2675
32317740 5638353 -2325
32318042 5626350 -2926
32318042 5626650 -2926
32318042 5626950 -2926
32318042 5627250 -2926
32318042 5627550 -2926
32318042 5627850 -2927
32318042 5628150 -2927
32318042 5628450 -2927
32318042 5628750 -2927
32318042 5629050 -2927
32318042 5629350 -2927
32318042 5629650 -2927
32318036 5629950 -2975
32318042 5629944 -2975
32317794 5635650 -825
32317872 5635650 -775
32317945 5635650 -725
32318015 5635650 -675
32317774 5635950 -1125
32317885 5635950 -1075
32317990 5635950 -1025
32318042 5635950 -999
32318042 5635926 -975
32318042 5635880 -925
32318042 5635834 -875
32318042 5635790 -825
32318042 5635747 -775
32318042 5635706 -725
32318042 5635665 -675
32318042 5635650 -654
32317801 5636250 -1375
32317954 5636250 -1325
32318042 5636250 -1294
32318042 5636228 -1275
32318042 5636174 -1225
32318042 5636122 -1175
32318042 5636071 -1125
32318042 5636022 -1075
32318042 5635974 -1025
32317940 5636550 -1575
32318042 5636550 -1550
32318042 5636517 -1525
32318042 5636456 -1475
32318042 5636396 -1425
32318042 5636339 -1375
32318042 5636283 -1325
32318004 5636850 -1775
32318042 5636850 -1768
32318042 5636786 -1725
32318042 5636715 -1675
32318042 5636647 -1625
32318042 5636581 -1575
32318042 5636857 -2975
32318042 5637150 -2926
32317775 5637150 -1975
32318042 5637150 -1950
32318042 5637106 -1925
32318042 5637021 -1875
32318042 5636938 -1825
32318042 5636859 -1775
32318042 5637450 -2925
32318042 5637450 -2096
32318042 5637404 -2075
32318042 5637299 -2025
32318042 5637198 -1975
32318042 5637453 -2925
32318042 5637750 -2875
32318042 5637750 -2209
32318042 5637655 -2175
32318042 5637523 -2125
32318042 5637752 -2875
32317931 5638050 -2825
32318042 5638050 -2825
32318042 5638050 -2608
32318042 5637908 -2575
32318042 5637984 -2525
32317868 5638050 -2475
32318042 5638050 -2507
32318042 5638050 -2292
32318042 5637986 -2275
32318042 5637804 -2225
32318042 5638051 -2825
32317979 5638350 -2775
32318042 5638350 -2775
32318005 5638350 -2725
32318042 5638350 -2655
32318042 5638154 -2625
32318042 5638189 -2475
32318042 5638157 -2425
32317974 5638350 -2375
32318042 5638350 -2380
32318042 5638232 -2325
32318042 5638350 -2345
32317784 5638350 -2325
32318042 5638350 -2775
32318042 5638383 -2725
32318042 5638612 -2675
32318042 5638375 -2375
32318343 5626950 -2926
32318343 5627250 -2926
32318343 5627550 -2926
32318343 5627850 -2926
32318343 5628150 -2926
32318343 5628450 -2926
32318343 5628750 -2927
32318343 5629050 -2927
32318343 5629350 -2927
32318329 5629650 -2975
32318343 5629635 -2975
32318084 5635950 -975
32318169 5635950 -925
32318250 5635950 -875
32318326 5635950 -825
32318343 5635950 -813
32318343 5635919 -775
32318343 5635880 -725
32318090 5636250 -1275
32318207 5636250 -1225
32318317 5636250 -1175
32318343 5636250 -1162
32318343 5636214 -1125
32318343 5636168 -1075
32318343 5636124 -1025
32318343 5636080 -975
32318343 5636038 -925
32318343 5635998 -875
32318343 5635958 -825
32318128 5636550 -1525
32318285 5636550 -1475
32318343 5636550 -1455
32318343 5636515 -1425
32318343 5636461 -1375
32318343 5636409 -1325
32318343 5636358 -1275
32318343 5636309 -1225
32318343 5636261 -1175
32318240 5636850 -1725
32318343 5636850 -1700
32318343 5636815 -1675
32318343 5636752 -1625
32318343 5636690 -1575
32318343 5636630 -1525
32318343 5636571 -1475
32318336 5637150 -2975
32318205 5637150 -1925
32318343 5637150 -1902
32318343 5637106 -1875
32318343 5637029 -1825
32318343 5636955 -1775
32318343 5636883 -1725
32318343 5637154 -2975
32318343 5637450 -2925
32318253 5637450 -2075
32318343 5637450 -2065
32318343 5637372 -2025
32318343 5637278 -1975
32318343 5637188 -1925
32318343 5637453 -2925
32318343 5637750 -2875
32318343 5637750 -2192
32318343 5637706 -2175
32318343 5637586 -2125
32318343 5637471 -2075
32318343 5637752 -2875
32318343 5638050 -2825
32318343 5638050 -2613
32318343 5637908 -2575
32318343 5637984 -2525
32318343 5638050 -2508
32318343 5638050 -2287
32318343 5638008 -2275
32318343 5637849 -2225
32318343 5638051 -2825
32318343 5638350 -2775
32318343 5638350 -2669
32318343 5638111 -2625
32318343 5638194 -2475
32318343 5638154 -2425
32318343 5638350 -2379
32318343 5638350 -2352
32318343 5638220 -2325
32318343 5638350 -2775
32318330 5638650 -2725
32318343 5638650 -2725
32318343 5638650 -2700
32318343 5638402 -2675
32318343 5638368 -2375
32318343 5638650 -2725
32318644 5627850 -2926
32318644 5628150 -2926
32318644 5628450 -2926
32318644 5628750 -2929
32318632 5629050 -2975
32318644 5629022 -2975
32318631 5629350 -2975
32318420 5636250 -1125
32318518 5636250 -1075
32318612 5636250 -1025
32318644 5636250 -1007
32318644 5636223 -975
32318644 5636183 -925
32318644 5636144 -875
32318644 5636106 -825
32318402 5635950 -775
32318644 5636069 -775
32318427 5636550 -1425
32318558 5636550 -1375
32318644 5636550 -1340
32318644 5636534 -1325
32318644 5636486 -1275
32318644 5636439 -1225
32318644 5636393 -1175
32318644 5636349 -1125
32318644 5636306 -1075
32318644 5636264 -1025
32318437 5636850 -1675
32318610 5636850 -1625
32318644 5636850 -1614
32318644 5636803 -1575
32318644 5636746 -1525
32318644 5636690 -1475
32318644 5636637 -1425
32318644 5636585 -1375
32318478 5637150 -1875
32318644 5637150 -1838
32318644 5637130 -1825
32318644 5637060 -1775
32318644 5636992 -1725
32318644 5636926 -1675
32318644 5636862 -1625
32318644 5637155 -2975
32318644 5637450 -2925
32318608 5637450 -2025
32318644 5637450 -2019
32318644 5637373 -1975
32318644 5637288 -1925
32318644 5637207 -1875
32318644 5637453 -2925
32318644 5637750 -2875
32318515 5637750 -2175
32318644 5637750 -2160
32318644 5637671 -2125
32318644 5637564 -2075
32318644 5637461 -2025
32318644 5637752 -2875
32318644 5638050 -2825
32318644 5638050 -2604
32318644 5638028 -2575
32318644 5637993 -2525
32318644 5638050 -2510
32318540 5638050 -2275
32318644 5638050 -2267
32318644 5637926 -2225
32318644 5637788 -2175
32318644 5638051 -2825
32318644 5638350 -2775
32318644 5638350 -2670
32318644 5638141 -2625
32318644 5638200 -2475
32318572 5638350 -2425
32318644 5638350 -2439
32318644 5638350 -2343
32318644 5638274 -2325
32318644 5638077 -2275
32318644 5638350 -2775
32318644 5638650 -2725
32318644 5638650 -2710
32318644 5638385 -2675
32318644 5638414 -2425
32318644 5638374 -2375
32318644 5638650 -2725
32318922 5628750 -2975
32318936 5628450 -2975
32318707 5636250 -975
32318803 5636250 -925
32318683 5636550 -1325
32318806 5636550 -1275
32318923 5636550 -1225
32318945 5636550 -1215
32318945 5636514 -1175
32318945 5636470 -1125
32318945 5636428 -1075
32318945 5636387 -1025
32318945 5636347 -975
32318945 5636308 -925
32318896 5636250 -875
32318945 5636270 -875
32318945 5636250 -847
32318771 5636850 -1575
32318923 5636850 -1525
32318945 5636850 -1517
32318945 5636804 -1475
32318945 5636752 -1425
32318945 5636702 -1375
32318945 5636652 -1325
32318945 5636605 -1275
32318945 5636558 -1225
32318701 5637150 -1825
32318900 5637150 -1775
32318945 5637150 -1763
32318945 5637100 -1725
32318945 5637037 -1675
32318945 5636975 -1625
32318945 5636916 -1575
32318945 5636858 -1525
32318945 5637155 -2975
32318945 5637450 -2925
32318873 5637450 -1975
32318945 5637450 -1960
32318945 5637393 -1925
32318945 5637315 -1875
32318945 5637240 -1825
32318945 5637167 -1775
32318945 5637453 -2925
32318945 5637750 -2875
32318888 5637750 -2125
32318945 5637750 -2116
32318945 5637667 -2075
32318945 5637570 -2025
32318945 5637476 -1975
32318945 5637752 -2875
32318945 5638050 -2825
32318945 5638050 -2585
32318945 5638042 -2575
32318744 5638050 -2525
32318945 5638050 -2572
32318945 5638050 -2235
32318945 5638023 -2225
32318945 5637895 -2175
32318945 5637771 -2125
32318945 5638051 -2825
32318945 5638350 -2775
32318945 5638350 -2659
32318945 5638207 -2625
32318945 5638214 -2525
32318945 5638215 -2475
32318945 5638350 -2442
32318895 5638350 -2325
32318945 5638350 -2321
32318945 5638186 -2275
32318945 5638350 -2775
32318945 5638650 -2725
32318945 5638650 -2707
32318945 5638445 -2675
32318945 5638428 -2425
32318945 5638390 -2375
32318945 5638370 -2325
32318945 5638650 -2725
32319051 5636550 -1175
32319179 5636550 -1125
32319246 5636550 -1097
32319246 5636530 -1075
32319246 5636489 -1025
32319246 5636448 -975
32319079 5636850 -1475
32319229 5636850 -1425
32319246 5636850 -1419
32319246 5636805 -1375
32319246 5636756 -1325
32319246 5636709 -1275
32319246 5636662 -1225
32319246 5636617 -1175
32319246 5636573 -1125
32319091 5637150 -1725
32319246 5637150 -1682
32319246 5637140 -1675
32319246 5637080 -1625
32319246 5637021 -1575
32319246 5636965 -1525
32319246 5636909 -1475
32319246 5636856 -1425
32319246 5637155 -2975
32319246 5637450 -2925
32319111 5637450 -1925
32319246 5637450 -1894
32319246 5637420 -1875
32319246 5637347 -1825
32319246 5637276 -1775
32319246 5637207 -1725
32319246 5637454 -2925
32319246 5637750 -2875
32319181 5637750 -2075
32319246 5637750 -2062
32319246 5637679 -2025
32319246 5637589 -1975
32319246 5637501 -1925
32319246 5637752 -2875
32319246 5638050 -2825
32319062 5638050 -2575
32319020 5638050 -2225
32319246 5638050 -2192
32319246 5638007 -2175
32319246 5637890 -2125
32319246 5637776 -2075
32319246 5638051 -2825
32319246 5638350 -2775
32319246 5638350 -2640
32319246 5638293 -2625
32319246 5638110 -2575
32319246 5638269 -2525
32319246 5638235 -2475
32319246 5638350 -2447
32319246 5638350 -2288
32319246 5638306 -2275
32319246 5638148 -2225
32319246 5638350 -2775
32319246 5638650 -2725
32319246 5638650 -2695
32319246 5638537 -2675
32319246 5638447 -2425
32319228 5638650 -2375
32319246 5638650 -2378
32319246 5638650 -2352
32319246 5638519 -2325
32319246 5638650 -2725
32319246 5638667 -2375
32319404 5636850 -1375
32319548 5636850 -1333
32319548 5636842 -1325
32319548 5636793 -1275
32319548 5636745 -1225
32319548 5636699 -1175
32319548 5636653 -1125
32319323 5636550 -1075
32319548 5636609 -1075
32319277 5637150 -1675
32319474 5637150 -1625
32319548 5637150 -1605
32319548 5637113 -1575
32319548 5637056 -1525
32319548 5637000 -1475
32319548 5636946 -1425
32319548 5636893 -1375
32319548 5637155 -2975
32319548 5637450 -2925
32319338 5637450 -1875
32319548 5637450 -1828
32319548 5637445 -1825
32319548 5637374 -1775
32319548 5637306 -1725
32319548 5637239 -1675
32319548 5637174 -1625
32319548 5637454 -2925
32319548 5637750 -2875
32319450 5637750 -2025
32319548 5637750 -2005
32319548 5637695 -1975
32319548 5637609 -1925
32319548 5637525 -1875
32319548 5637753 -2875
32319548 5638050 -2825
32319361 5638050 -2175
32319548 5638050 -2144
32319548 5638005 -2125
32319548 5637895 -2075
32319548 5637789 -2025
32319548 5638052 -2825
32319548 5638350 -2775
32319429 5638350 -2625
32319548 5638350 -2614
32319548 5638213 -2575
32319548 5638289 -2525
32319378 5638350 -2475
32319548 5638350 -2510
32319351 5638350 -2275
32319548 5638350 -2248
32319548 5638279 -2225
32319548 5638135 -2175
32319548 5638351 -2775
32319548 5638650 -2725
32319548 5638650 -2676
32319548 5638642 -2675
32319548 5638398 -2625
32319548 5638504 -2475
32319548 5638470 -2425
32319548 5638650 -2383
32319509 5638650 -2325
32319548 5638650 -2320
32319548 5638457 -2275
32319548 5638650 -2725
32319548 5638690 -2375
32319548 5638653 -2325
32319588 5636850 -1325
32319831 5636850 -1275
32319849 5636850 -1271
32319849 5636803 -1225
32319696 5637150 -1575
32319849 5637150 -1542
32319849 5637129 -1525
32319849 5637071 -1475
32319849 5637015 -1425
32319849 5636960 -1375
32319849 5636906 -1325
32319849 5636853 -1275
32319849 5637155 -2975
32319849 5637450 -2925
32319564 5637450 -1825
32319814 5637450 -1775
32319849 5637450 -1767
32319849 5637390 -1725
32319849 5637322 -1675
32319849 5637255 -1625
32319849 5637191 -1575
32319849 5637454 -2925
32319849 5637750 -2875
32319720 5637750 -1975
32319849 5637750 -1950
32319849 5637705 -1925
32319849 5637621 -1875
32319849 5637540 -1825
32319849 5637461 -1775
32319849 5637753 -2875
32319849 5638050 -2825
32319672 5638050 -2125
32319849 5638050 -2095
32319849 5638005 -2075
32319849 5637900 -2025
32319849 5637797 -1975
32319849 5638053 -2825
32319849 5638350 -2775
32319849 5638350 -2586
32319849 5638312 -2575
32319849 5638310 -2525
32319849 5638350 -2515
32319717 5638350 -2225
32319849 5638350 -2205
32319849 5638263 -2175
32319849 5638127 -2125
32319849 5638351 -2775
32319849 5638650 -2725
32319570 5638650 -2675
32319849 5638650 -2653
32319849 5638519 -2625
32319849 5638526 -2475
32319849 5638492 -2425
32319849 5638650 -2388
32319849 5638650 -2284
32319849 5638613 -2275
32319849 5638421 -2225
32319849 5638650 -2725
32319849 5638800 -2675
32319849 5638713 -2375
32319849 5638896 -2325
