32295446 5623950 -2475
32295447 5623650 -2475
32295451 5623650 -2475
32295451 5623950 -2475
32295150 5623650 -2425
32295150 5623950 -2425
32295385 5623650 -1025
32295451 5623703 -1025
32295451 5623650 -1051
32295258 5623650 -975
32295451 5623805 -975
32295150 5623650 -932
32295150 5623665 -925
32295451 5623906 -925
32295378 5623950 -875
32295451 5623950 -903
32295150 5623768 -875
32295150 5623870 -825
32295249 5623950 -825
32295150 5623950 -786
32295300 5623650 -425
32295451 5623650 -448
32295451 5623805 -425
32295315 5623650 -375
32295451 5623789 -375
32295451 5623950 -350
32295289 5623950 -325
32295330 5623650 -325
32295345 5623650 -275
32295304 5623950 -275
32295150 5623650 -244
32295320 5623950 -225
32295150 5623776 -225
32295335 5623950 -175
32295150 5623760 -175
32295150 5623950 -145
32295300 5623650 125
32295451 5623775 125
32295451 5623650 76
32295150 5623650 173
32295150 5623654 175
32295451 5623909 175
32295347 5623950 225
32295451 5623950 189
32295150 5623779 225
32295150 5623907 275
32295199 5623950 275
32295150 5623950 291
32295451 5623957 -2475
32295446 5624250 -2425
32295451 5624250 -2426
32295150 5623953 -2425
32295150 5624250 -2375
32295451 5624031 -875
32295451 5624175 -825
32295390 5624250 -775
32295451 5624250 -799
32295150 5623981 -775
32295150 5624117 -725
32295267 5624250 -725
32295150 5624250 -677
32295451 5624107 -325
32295451 5624092 -275
32295451 5624077 -225
32295451 5624250 -196
32295310 5624250 -175
32295327 5624250 -125
32295150 5624080 -125
32295343 5624250 -75
32295150 5624064 -75
32295360 5624250 -25
32295150 5624049 -25
32295150 5624250 7
32295451 5624135 225
32295381 5624250 275
32295451 5624250 246
32295150 5624075 325
32295260 5624250 325
32295150 5624250 371
32295446 5624550 -2425
32295451 5624550 -2425
32295150 5624550 -2376
32295451 5624354 -775
32295439 5624550 -725
32295451 5624550 -730
32295150 5624259 -675
32295327 5624550 -675
32295150 5624440 -625
32295215 5624550 -625
32295150 5624550 -595
32295451 5624379 -175
32295451 5624364 -125
32295451 5624550 -93
32295327 5624550 -75
32295344 5624550 -25
32295362 5624550 25
32295150 5624358 25
32295379 5624550 75
32295150 5624342 75
32295397 5624550 125
32295150 5624326 125
32295150 5624550 161
32295451 5624529 275
32295359 5624550 325
32295451 5624550 277
32295150 5624267 375
32295263 5624550 375
32295150 5624503 425
32295169 5624550 425
32295150 5624550 434
32295451 5624579 -2425
32295445 5624850 -2375
32295451 5624850 -2380
32295150 5624556 -2375
32295150 5624850 -2326
32295451 5624576 -725
32295451 5624830 -675
32295357 5624850 -625
32295451 5624850 -671
32295150 5624631 -575
32295256 5624850 -575
32295150 5624833 -525
32295158 5624850 -525
32295150 5624850 -520
32295451 5624661 -75
32295451 5624645 -25
32295451 5624629 25
32295451 5624850 62
32295364 5624850 75
32295379 5624850 125
32295398 5624850 175
32295150 5624631 175
32295416 5624850 225
32295150 5624616 225
32295434 5624850 275
32295150 5624600 275
32295150 5624850 315
32295451 5624850 322
32295447 5624850 325
32295365 5624850 375
32295284 5624850 425
32295150 5624715 475
32295203 5624850 475
32295445 5625150 -2375
32295451 5625150 -2376
32295445 5625150 -2325
32295150 5624856 -2325
32295150 5625150 -2276
32295451 5625053 -625
32295399 5625150 -575
32295451 5625150 -602
32295306 5625150 -525
32295150 5625018 -475
32295215 5625150 -475
32295150 5625150 -438
32295451 5624928 75
32295451 5624914 125
32295451 5624898 175
32295451 5624881 225
32295451 5625150 267
32295400 5625150 275
32295451 5624858 325
32295150 5624908 325
32295418 5625150 325
32295437 5625150 375
32295451 5625018 375
32295441 5624875 330
32295150 5624892 375
32295451 5625150 415
32295150 5624876 425
32295150 5624947 475
32295451 5625156 -2375
32295451 5625450 -2326
32295445 5625450 -2325
32295445 5625450 -2275
32295150 5625156 -2275
32295150 5625450 -2226
32295410 5625450 -1025
32295451 5625450 -1046
32295451 5625435 -1025
32295451 5625450 -1022
32295150 5625442 -875
32295150 5625450 -886
32295159 5625450 -875
32295150 5625450 -873
32295451 5625248 -575
32295451 5625419 -525
32295379 5625450 -475
32295451 5625450 -515
32295150 5625193 -425
32295291 5625450 -425
32295150 5625353 -375
32295204 5625450 -375
32295150 5625450 -344
32295451 5625197 275
32295451 5625180 325
32295451 5625163 375
32295451 5625450 419
32295413 5625450 425
32295451 5625173 425
32295431 5625450 475
32295451 5625303 475
32295451 5625456 -2325
32295451 5625750 -2276
32295445 5625750 -2275
32295445 5625750 -2225
32295150 5625456 -2225
32295150 5625750 -2176
32295451 5625528 -1025
32295384 5625750 -925
32295451 5625750 -962
32295451 5625725 -925
32295150 5625488 -875
32295451 5625750 -921
32295150 5625738 -775
32295150 5625750 -792
32295164 5625750 -775
32295150 5625750 -773
32295451 5625572 -475
32295451 5625718 -425
32295383 5625750 -375
32295451 5625750 -413
32295150 5625507 -325
32295295 5625750 -325
32295150 5625656 -275
32295206 5625750 -275
32295150 5625750 -243
32295451 5625485 425
32295451 5625468 475
32295451 5625756 -2275
32295451 5626050 -2226
32295444 5626050 -2225
32295445 5626050 -2175
32295150 5625756 -2175
32295150 5626050 -2126
32295451 5625864 -925
32295387 5626050 -825
32295451 5626050 -862
32295451 5626025 -825
32295150 5625801 -775
32295451 5625993 -775
32295302 5626050 -775
32295451 5626050 -766
32295150 5626043 -675
32295150 5626050 -684
32295157 5626050 -675
32295195 5626050 -625
32295150 5626011 -625
32295150 5626050 -619
32295451 5625849 -375
32295451 5625977 -325
32295414 5626050 -275
32295451 5626050 -296
32295150 5625797 -225
32295327 5626050 -225
32295150 5625922 -175
32295240 5626050 -175
32295150 5626045 -125
32295153 5626050 -125
32295150 5626050 -123
32295451 5626056 -2225
32295451 5626350 -2176
32295444 5626350 -2175
32295445 5626350 -2125
32295150 5626057 -2125
32295150 5626350 -2076
32295451 5626147 -825
32295451 5626271 -775
32295451 5626339 -725
32295423 5626350 -725
32295451 5626350 -741
32295150 5626074 -675
32295451 5626308 -675
32295341 5626350 -675
32295451 5626276 -625
32295258 5626350 -625
32295150 5626197 -625
32295451 5626350 -614
32295150 5626328 -525
32295150 5626350 -558
32295173 5626350 -525
32295208 5626350 -475
32295150 5626297 -475
32295150 5626350 -467
32295451 5626094 -275
32295451 5626195 -225
32295451 5626294 -175
32295412 5626350 -125
32295451 5626350 -147
32295150 5626149 -75
32295324 5626350 -75
32295150 5626248 -25
32295238 5626350 -25
32295150 5626343 25
32295155 5626350 25
32295150 5626350 28
32295451 5626357 -2175
32295451 5626356 -2125
32295444 5626650 -2075
32295451 5626650 -2076
32295150 5626357 -2075
32295444 5626650 -2025
32295150 5626356 -2025
32295150 5626650 -1976
32295451 5626387 -725
32295451 5626493 -675
32295451 5626594 -625
32295451 5626637 -575
32295416 5626650 -575
32295451 5626650 -595
32295150 5626427 -525
32295451 5626608 -525
32295331 5626650 -525
32295451 5626578 -475
32295245 5626650 -475
32295150 5626536 -475
32295451 5626650 -465
32295150 5626623 -375
32295150 5626650 -420
32295178 5626650 -375
32295209 5626650 -325
32295150 5626592 -325
32295150 5626650 -317
32295451 5626387 -125
32295451 5626467 -75
32295451 5626545 -25
32295451 5626621 25
32295370 5626650 75
32295451 5626650 43
32295150 5626453 75
32295150 5626571 125
32295236 5626650 125
32295150 5626650 157
32295451 5626657 -2075
32295451 5626950 -2026
32295444 5626950 -2025
32295444 5626950 -1975
32295150 5626657 -1975
32295443 5626950 -1925
32295150 5626658 -1925
32295150 5626950 -1876
32295451 5626691 -575
32295451 5626790 -525
32295451 5626886 -475
32295451 5626941 -425
32295421 5626950 -425
32295451 5626950 -441
32295150 5626757 -375
32295451 5626914 -375
32295323 5626950 -375
32295451 5626886 -325
32295220 5626950 -325
32295150 5626874 -325
32295451 5626950 -316
32295160 5626950 -275
32295150 5626940 -275
32295150 5626950 -292
32295189 5626950 -225
32295150 5626911 -225
32295217 5626950 -175
32295150 5626883 -175
32295150 5626950 -165
32295451 5626718 75
32295451 5626833 125
32295150 5626689 175
32295451 5626949 175
32295323 5626950 225
32295451 5626950 175
32295150 5626798 225
32295150 5626907 275
32295198 5626950 275
32295150 5626950 293
32295451 5626957 -2025
32295451 5626957 -1975
32295451 5627250 -1926
32295444 5627250 -1925
32295444 5627250 -1875
32295150 5626957 -1875
32295444 5627250 -1825
32295150 5626957 -1825
32295150 5627250 -1776
32295451 5626984 -425
32295451 5627098 -375
32295451 5627222 -325
32295150 5626998 -275
32295451 5627250 -314
32295451 5627227 -275
32295359 5627250 -275
32295451 5627200 -225
32295227 5627250 -225
32295150 5627155 -225
32295451 5627250 -216
32295169 5627250 -175
32295150 5627250 -199
32295199 5627250 -125
32295150 5627202 -125
32295231 5627250 -75
32295150 5627171 -75
32295150 5627250 -62
32295451 5627075 225
32295451 5627199 275
32295187 5627250 325
32295451 5627250 294
32295150 5627213 325
32295150 5627250 330
32295451 5627257 -1925
32295451 5627257 -1875
32295451 5627550 -1825
32295451 5627550 -1825
32295443 5627550 -1775
32295150 5627257 -1775
32295444 5627550 -1725
32295150 5627257 -1725
32295150 5627550 -1676
32295451 5627369 -275
32295442 5627550 -225
32295451 5627550 -229
32295150 5627308 -175
32295451 5627507 -175
32295340 5627550 -175
32295451 5627480 -125
32295233 5627550 -125
32295150 5627439 -125
32295451 5627450 -75
32295150 5627550 -86
32295205 5627550 -25
32295451 5627550 -57
32295150 5627501 -25
32295248 5627550 25
32295150 5627463 25
32295289 5627550 75
32295150 5627426 75
32295150 5627550 93
32295399 5627550 325
32295451 5627550 301
32295150 5627385 375
32295284 5627550 375
32295150 5627529 425
32295167 5627550 425
32295150 5627550 432
32295451 5627550 -1825
32295451 5627557 -1775
32295451 5627557 -1725
32295443 5627850 -1675
32295451 5627850 -1676
32295150 5627558 -1675
32295443 5627850 -1625
32295150 5627557 -1625
32295444 5627850 -1575
32295150 5627557 -1575
32295150 5627850 -1526
32295451 5627560 -225
32295451 5627678 -175
32295451 5627806 -125
32295399 5627850 -75
32295451 5627850 -108
32295150 5627568 -75
32295150 5627649 -25
32295451 5627778 -25
32295327 5627850 -25
32295451 5627737 25
32295257 5627850 25
32295150 5627727 25
32295231 5627761 55
32295451 5627708 75
32295150 5627803 75
32295195 5627850 75
32295150 5627830 125
32295150 5627850 105
32295171 5627850 125
32295451 5627850 95
32295226 5627850 175
32295150 5627780 175
32295150 5627850 182
32295451 5627609 325
32295451 5627737 375
32295443 5627850 425
32295451 5627850 418
32295150 5627612 475
32295374 5627850 475
32295451 5627858 -1675
32295451 5627857 -1625
32295451 5627857 -1575
32295443 5628150 -1525
32295451 5628150 -1526
32295150 5627858 -1525
32295443 5628150 -1475
32295150 5627858 -1475
32295443 5628150 -1425
32295150 5627857 -1425
32295150 5628150 -1376
32295451 5627905 -75
32295451 5627983 -25
32295451 5628058 25
32295451 5628128 75
32295150 5627879 125
32295451 5628112 125
32295400 5628150 125
32295451 5628150 88
32295451 5628062 175
32295328 5628150 175
32295150 5627959 175
32295451 5628150 184
32295451 5627858 425
32295451 5627935 475
32295451 5628158 -1525
32295451 5628158 -1475
32295451 5628157 -1425
32295150 5628158 -1375
32295451 5628283 -1375
32295443 5628450 -1325
32295451 5628450 -1348
32295150 5628158 -1325
32295443 5628450 -1275
32295150 5628158 -1275
32295443 5628450 -1225
32295150 5628158 -1225
32295150 5628450 -1176
32295451 5628208 125
32295451 5628288 175
32295447 5628450 275
32295451 5628450 272
32295451 5628447 275
32295451 5628450 275
32295451 5628458 -1325
32295451 5628458 -1275
32295451 5628457 -1225
32295150 5628458 -1175
32295451 5628457 -1175
32295443 5628750 -1125
32295451 5628750 -1126
32295150 5628458 -1125
32295443 5628750 -1075
32295150 5628458 -1075
32295444 5628750 -1025
32295150 5628457 -1025
32295444 5628750 -975
32295150 5628457 -975
32295150 5628750 -926
32295451 5628455 275
32295390 5628750 425
32295451 5628750 389
32295451 5628729 425
32295451 5628750 427
32295451 5628758 -1125
32295451 5628757 -1075
32295451 5628757 -1025
32295451 5628757 -975
32295150 5628758 -925
32295451 5628757 -925
32295444 5629050 -875
32295451 5629050 -876
32295150 5628757 -875
32295444 5629050 -825
32295150 5628757 -825
32295444 5629050 -775
32295150 5628757 -775
32295445 5629050 -725
32295150 5628756 -725
32295445 5629050 -675
32295150 5628756 -675
32295441 5629050 -625
32295150 5628761 -625
32295150 5629050 -576
32295451 5628980 425
32295451 5629023 475
32295373 5629050 475
32295451 5629050 432
32295451 5629057 -875
32295451 5629057 -825
32295451 5629056 -775
32295451 5629056 -725
32295451 5629056 -675
32295451 5629055 -625
32295150 5629056 -575
32295451 5629055 -575
32295445 5629350 -525
32295451 5629350 -525
32295150 5629056 -525
32295446 5629350 -475
32295150 5629055 -475
32295446 5629350 -425
32295150 5629055 -425
32295446 5629350 -375
32295150 5629055 -375
32295447 5629350 -325
32295150 5629054 -325
32295447 5629350 -275
32295150 5629054 -275
32295447 5629350 -225
32295150 5629054 -225
32295448 5629350 -175
32295150 5629054 -175
32295448 5629350 -125
32295150 5629053 -125
32295150 5629350 -75
32295451 5629184 475
32295451 5629355 -525
32295451 5629355 -475
32295451 5629355 -425
32295451 5629354 -375
32295451 5629354 -325
32295451 5629354 -275
32295451 5629353 -225
32295451 5629353 -175
32295451 5629353 -125
32295150 5629353 -75
32295451 5629353 -75
32295150 5629353 -25
32295451 5629352 -25
32295150 5629353 25
32295451 5629352 25
32295150 5629353 75
32295451 5629352 75
32295150 5629352 125
32295451 5629355 125
32295449 5629650 175
32295451 5629650 173
32295150 5629352 175
32295449 5629650 225
32295150 5629352 225
32295449 5629650 275
32295150 5629352 275
32295449 5629650 325
32295150 5629351 325
32295450 5629650 375
32295150 5629351 375
32295450 5629650 425
32295150 5629351 425
32295450 5629650 475
32295150 5629351 475
32295451 5629652 175
32295451 5629652 225
32295451 5629652 275
32295451 5629651 325
32295451 5629651 375
32295451 5629651 425
32295451 5629651 475
32295748 5623950 -2525
32295748 5623650 -2525
32295753 5623650 -2525
32295753 5623950 -2525
32295654 5623650 -1125
32295753 5623721 -1125
32295753 5623650 -1160
32295516 5623650 -1075
32295753 5623821 -1075
32295753 5623921 -1025
32295653 5623950 -975
32295753 5623950 -1010
32295512 5623950 -925
32295574 5623650 -625
32295753 5623650 -653
32295753 5623835 -625
32295589 5623650 -575
32295753 5623820 -575
32295753 5623950 -555
32295561 5623950 -525
32295603 5623650 -525
32295617 5623650 -475
32295576 5623950 -475
32295590 5623950 -425
32295605 5623950 -375
32295644 5623650 25
32295753 5623722 25
32295753 5623650 -4
32295457 5623650 75
32295753 5623849 75
32295705 5623950 125
32295753 5623950 112
32295510 5623950 175
32295747 5624250 -2525
32295753 5624250 -2525
32295745 5624250 -2475
32295753 5624051 -975
32295753 5624199 -925
32295660 5624250 -875
32295753 5624250 -908
32295521 5624250 -825
32295753 5624137 -525
32295753 5624122 -475
32295753 5624250 -454
32295567 5624250 -425
32295583 5624250 -375
32295598 5624250 -325
32295614 5624250 -275
32295630 5624250 -225
32295753 5624057 125
32295664 5624250 175
32295753 5624250 145
32295514 5624250 225
32295753 5624255 -2525
32295753 5624550 -2475
32295747 5624550 -2475
32295753 5624410 -875
32295694 5624550 -825
32295753 5624550 -847
32295565 5624550 -775
32295753 5624421 -425
32295753 5624406 -375
32295753 5624391 -325
32295753 5624550 -297
32295604 5624550 -275
32295622 5624550 -225
32295639 5624550 -175
32295657 5624550 -125
32295674 5624550 175
32295753 5624550 140
32295564 5624550 225
32295456 5624550 275
32295747 5624850 -2475
32295753 5624850 -2475
32295724 5624850 -2425
32295753 5624695 -825
32295689 5624850 -775
32295753 5624850 -801
32295573 5624850 -725
32295460 5624850 -675
32295753 5624682 -275
32295753 5624666 -225
32295753 5624650 -175
32295753 5624850 -140
32295648 5624850 -125
32295667 5624850 -75
32295686 5624850 -25
32295705 5624850 25
32295708 5624850 175
32295753 5624850 150
32295619 5624850 225
32295532 5624850 275
32295753 5624855 -2475
32295753 5625150 -2426
32295746 5625150 -2425
32295753 5624997 -775
32295704 5625150 -725
32295753 5625150 -747
32295599 5625150 -675
32295496 5625150 -625
32295753 5624943 -125
32295753 5624926 -75
32295753 5624909 -25
32295753 5625150 14
32295680 5625150 25
32295700 5625150 75
32295720 5625150 125
32295753 5624978 175
32295739 5625150 175
32295753 5625150 208
32295654 5625150 275
32295583 5625150 325
32295511 5625150 375
32295753 5625194 -2425
32295746 5625450 -2375
32295753 5625450 -2382
32295468 5625450 -1025
32295753 5625244 -725
32295753 5625448 -675
32295656 5625450 -625
32295753 5625450 -674
32295561 5625450 -575
32295468 5625450 -525
32295753 5625216 25
32295753 5625198 75
32295753 5625180 125
32295753 5625450 165
32295689 5625450 175
32295753 5625187 225
32295707 5625450 225
32295753 5625293 275
32295725 5625450 275
32295744 5625450 325
32295753 5625399 325
32295753 5625450 348
32295625 5625450 425
32295542 5625450 475
32295746 5625750 -2375
32295753 5625750 -2376
32295746 5625750 -2325
32295676 5625750 -1075
32295753 5625750 -1112
32295753 5625724 -1075
32295753 5625750 -1071
32295480 5625750 -925
32295753 5625613 -625
32295740 5625750 -575
32295753 5625750 -581
32295649 5625750 -525
32295560 5625750 -475
32295471 5625750 -425
32295753 5625509 175
32295753 5625492 225
32295753 5625475 275
32295753 5625469 325
32295753 5625750 363
32295718 5625750 375
32295753 5625515 375
32295753 5625640 425
32295736 5625750 425
32295753 5625750 467
32295753 5625756 -2375
32295753 5626050 -2326
32295746 5626050 -2325
32295746 5626050 -2275
32295753 5625879 -1075
32295659 5626050 -975
32295753 5626050 -1023
32295753 5626017 -975
32295753 5625984 -925
32295565 5626050 -925
32295753 5626050 -915
32295479 5626050 -825
32295517 5626050 -775
32295753 5625768 -575
32295753 5625902 -525
32295753 5626031 -475
32295678 5626050 -425
32295753 5626050 -467
32295591 5626050 -375
32295502 5626050 -325
32295753 5625782 375
32295753 5625765 425
32295753 5626056 -2325
32295753 5626161 -2275
32295746 5626350 -2225
32295753 5626350 -2244
32295753 5626188 -975
32295753 5626323 -925
32295753 5626324 -875
32295681 5626350 -875
32295753 5626350 -914
32295753 5626291 -825
32295593 5626350 -825
32295520 5626227 -799
32295753 5626259 -775
32295507 5626350 -775
32295463 5626350 -725
32295753 5626350 -761
32295498 5626350 -675
32295533 5626350 -625
32295753 5626140 -425
32295753 5626243 -375
32295753 5626342 -325
32295674 5626350 -275
32295753 5626350 -321
32295589 5626350 -225
32295501 5626350 -175
32295753 5626356 -2225
32295746 5626650 -2175
32295753 5626650 -2176
32295746 5626650 -2125
32295753 5626443 -875
32295753 5626554 -825
32295744 5626650 -775
32295753 5626650 -779
32295753 5626616 -725
32295660 5626650 -725
32295753 5626585 -675
32295577 5626650 -675
32295521 5626559 -646
32295753 5626554 -625
32295497 5626650 -625
32295464 5626650 -575
32295753 5626650 -612
32295495 5626650 -525
32295526 5626650 -475
32295753 5626427 -275
32295753 5626506 -225
32295753 5626581 -175
32295747 5626650 -125
32295753 5626650 -128
32295663 5626650 -75
32295576 5626650 -25
32295486 5626650 25
32295753 5626656 -2175
32295753 5626950 -2126
32295745 5626950 -2125
32295745 5626950 -2075
32295753 5626659 -775
32295753 5626759 -725
32295753 5626855 -675
32295753 5626947 -625
32295753 5626921 -575
32295671 5626950 -575
32295753 5626950 -623
32295753 5626893 -525
32295588 5626950 -525
32295528 5626856 -497
32295753 5626864 -475
32295506 5626950 -475
32295460 5626950 -425
32295753 5626950 -463
32295489 5626950 -375
32295517 5626950 -325
32295753 5626655 -125
32295753 5626744 -75
32295753 5626834 -25
32295753 5626925 25
32295679 5626950 75
32295753 5626950 38
32295570 5626950 125
32295452 5626950 175
32295753 5626957 -2125
32295753 5626956 -2075
32295745 5627250 -2025
32295753 5627250 -2026
32295745 5627250 -1975
32295753 5627043 -575
32295753 5627139 -525
32295753 5627237 -475
32295753 5627225 -425
32295671 5627250 -425
32295753 5627250 -468
32295753 5627197 -375
32295574 5627250 -375
32295497 5627192 -339
32295753 5627176 -325
32295475 5627250 -325
32295475 5627250 -275
32295753 5627250 -314
32295504 5627250 -225
32295753 5627037 75
32295753 5627161 125
32295720 5627250 175
32295753 5627250 159
32295612 5627250 225
32295498 5627250 275
32295753 5627257 -2025
32295753 5627257 -1975
32295745 5627550 -1925
32295753 5627550 -1926
32295745 5627550 -1875
32295753 5627340 -425
32295753 5627451 -375
32295732 5627550 -325
32295753 5627550 -333
32295753 5627515 -275
32295600 5627550 -275
32295753 5627486 -225
32295490 5627550 -175
32295753 5627550 -215
32295525 5627550 -125
32295557 5627550 -75
32295753 5627295 175
32295753 5627445 225
32295628 5627550 275
32295753 5627550 259
32295753 5627557 -1925
32295753 5627557 -1875
32295753 5627705 -1825
32295745 5627850 -1775
32295753 5627850 -1801
32295745 5627850 -1725
32295753 5627569 -325
32295753 5627694 -275
32295753 5627845 -225
32295678 5627777 -222
32295753 5627815 -175
32295633 5627850 -175
32295753 5627850 -223
32295534 5627775 -145
32295753 5627781 -125
32295498 5627850 -125
32295753 5627748 -75
32295522 5627850 -25
32295753 5627850 -58
32295562 5627850 25
32295591 5627850 75
32295753 5627724 275
32295662 5627850 325
32295753 5627850 287
32295548 5627850 375
32295753 5627857 -1775
32295753 5627857 -1725
32295744 5628150 -1675
32295753 5628150 -1676
32295744 5628150 -1625
32295745 5628150 -1575
32295753 5627966 -175
32295753 5628098 -125
32295700 5628150 -75
32295753 5628150 -106
32295753 5628079 -25
32295619 5628150 -25
32295564 5628037 0
32295753 5628038 25
32295543 5628150 25
32295753 5628150 41
32295490 5628150 125
32295542 5628150 175
32295753 5627956 325
32295753 5628094 375
32295713 5628150 425
32295753 5628150 395
32295643 5628150 475
32295753 5628158 -1675
32295753 5628157 -1625
32295753 5628157 -1575
32295744 5628450 -1525
32295753 5628450 -1526
32295744 5628450 -1475
32295745 5628450 -1425
32295619 5628450 -1375
32295753 5628207 -75
32295753 5628294 -25
32295753 5628376 25
32295753 5628447 75
32295748 5628450 75
32295753 5628450 72
32295753 5628397 125
32295674 5628450 125
32295753 5628347 175
32295600 5628450 175
32295753 5628450 186
32295454 5628450 275
32295753 5628192 425
32295753 5628269 475
32295753 5628458 -1525
32295753 5628458 -1475
32295753 5628457 -1425
32295753 5628457 -1375
32295744 5628750 -1325
32295753 5628750 -1326
32295744 5628750 -1275
32295745 5628750 -1225
32295745 5628750 -1175
32295753 5628454 75
32295753 5628532 125
32295753 5628610 175
32295753 5628735 275
32295718 5628750 275
32295753 5628750 260
32295753 5628750 276
32295473 5628750 425
32295753 5628758 -1325
32295753 5628758 -1275
32295753 5628757 -1225
32295753 5628757 -1175
32295753 5628921 -1125
32295745 5629050 -1075
32295753 5629050 -1104
32295745 5629050 -1025
32295745 5629050 -975
32295746 5629050 -925
32295753 5628806 275
32295624 5629050 375
32295753 5629050 336
32295753 5629021 375
32295753 5628983 425
32295474 5629050 425
32295753 5629050 435
32295481 5629050 475
32295753 5629057 -1075
32295753 5629057 -1025
32295753 5629057 -975
32295753 5629056 -925
32295753 5629056 -875
32295746 5629350 -825
32295753 5629350 -826
32295746 5629350 -775
32295746 5629350 -725
32295746 5629350 -675
32295747 5629350 -625
32295747 5629350 -575
32295726 5629350 375
32295753 5629350 359
32295638 5629350 425
32295504 5629126 437
32295549 5629350 475
32295753 5629284 475
32295753 5629356 -825
32295753 5629356 -775
32295753 5629356 -725
32295753 5629356 -675
32295753 5629355 -625
32295753 5629355 -575
32295753 5629355 -525
32295753 5629354 -475
32295748 5629650 -425
32295753 5629650 -425
32295748 5629650 -375
32295748 5629650 -325
32295749 5629650 -275
32295749 5629650 -225
32295749 5629650 -175
32295749 5629650 -125
32295750 5629650 -75
32295750 5629650 -25
32295750 5629650 25
32295750 5629650 75
32295747 5629650 125
32295753 5629381 375
32295753 5629491 425
32295753 5629606 475
32295753 5629654 -425
32295753 5629654 -375
32295753 5629654 -325
32295753 5629653 -275
32295753 5629653 -225
32295753 5629653 -175
32295753 5629653 -125
32295753 5629652 -75
32295753 5629652 -25
32295753 5629652 25
32295753 5629652 75
32295753 5629651 125
32295753 5629651 175
32295753 5629651 225
32295753 5629651 275
32295753 5629650 325
32295753 5629650 375
32295753 5629653 425
32295752 5629950 475
32295753 5629950 473
32295753 5629950 475
32296049 5623950 -2575
32296050 5623650 -2575
32296054 5623650 -2575
32296054 5623950 -2575
32295950 5623650 -1225
32296054 5623717 -1225
32296054 5623650 -1257
32295796 5623650 -1175
32296054 5623818 -1175
32296054 5623917 -1125
32295950 5623950 -1075
32296054 5623950 -1108
32295797 5623950 -1025
32295849 5623650 -825
32296054 5623650 -857
32296054 5623864 -825
32295864 5623650 -775
32296054 5623849 -775
32296054 5623950 -760
32295834 5623950 -725
32295878 5623650 -725
32295891 5623650 -675
32295848 5623950 -675
32295861 5623950 -625
32295875 5623950 -575
32296024 5623650 -75
32296054 5623666 -75
32296054 5623650 -83
32295833 5623650 -25
32296054 5623769 -25
32296054 5623878 25
32295956 5623950 75
32296054 5623950 56
32296049 5624250 -2575
32296054 5624250 -2575
32296054 5624045 -1075
32296054 5624191 -1025
32295959 5624250 -975
32296054 5624250 -1005
32295804 5624250 -925
32296054 5624167 -725
32296054 5624153 -675
32296054 5624250 -659
32295837 5624250 -625
32295852 5624250 -575
32295867 5624250 -525
32295882 5624250 -475
32296031 5624250 75
32296054 5624250 69
32295833 5624250 125
32296054 5624255 -2575
32296048 5624550 -2525
32296054 5624550 -2525
32296054 5624405 -975
32295983 5624550 -925
32296054 5624550 -948
32295833 5624550 -875
32296054 5624451 -625
32296054 5624437 -575
32296054 5624422 -525
32296054 5624550 -502
32295876 5624550 -475
32295893 5624550 -425
32295910 5624550 -375
32295927 5624550 -325
32295923 5624550 75
32296054 5624550 26
32295792 5624550 125
32296048 5624850 -2525
32296054 5624850 -2525
32296054 5624733 -925
32295953 5624850 -875
32296054 5624850 -910
32295815 5624850 -825
32296054 5624710 -475
32296054 5624694 -425
32296054 5624850 -387
32295968 5624850 -375
32295924 5624850 -325
32295943 5624850 -275
32295961 5624850 -225
32295980 5624850 -175
32296040 5624850 25
32296054 5624850 19
32296054 5624603 25
32295925 5624850 75
32295810 5624850 125
32296054 5624855 -2525
32296048 5625150 -2475
32296054 5625150 -2475
32296054 5625102 -875
32295943 5625150 -825
32296054 5625150 -868
32295819 5625150 -775
32296054 5624924 -375
32296054 5624967 -325
32296054 5624950 -275
32296054 5625150 -241
32295943 5625150 -225
32295962 5625150 -175
32295981 5625150 -125
32295999 5625150 -75
32296018 5625150 -25
32296054 5624882 25
32296052 5625150 75
32296054 5625150 74
32295942 5625150 125
32295829 5625150 175
32296047 5625450 -2475
32296054 5625450 -2476
32296010 5625450 -2425
32296054 5625377 -825
32295972 5625450 -775
32296054 5625450 -810
32295861 5625450 -725
32295753 5625450 -675
32296054 5625252 -225
32296054 5625234 -175
32296054 5625217 -125
32296054 5625450 -87
32295967 5625450 -75
32295985 5625450 -25
32296005 5625450 25
32296054 5625153 75
32296024 5625450 75
32296044 5625450 125
32296054 5625349 125
32296049 5625162 77
32296054 5625450 149
32296012 5625450 175
32295936 5625450 225
32295862 5625450 275
32295788 5625450 325
32296054 5625456 -2475
32296054 5625750 -2426
32296047 5625750 -2425
32296012 5625750 -1225
32296054 5625750 -1242
32296054 5625738 -1225
32296054 5625750 -1223
32295782 5625750 -1075
32296054 5625597 -775
32296030 5625750 -725
32296054 5625750 -736
32295930 5625750 -675
32295834 5625750 -625
32296054 5625529 -75
32296054 5625512 -25
32296054 5625494 25
32296054 5625750 65
32295985 5625750 75
32296004 5625750 125
32296054 5625528 175
32296024 5625750 175
32296044 5625750 225
32296054 5625677 225
32296054 5625750 250
32295889 5625750 375
32295817 5625750 425
32296054 5625756 -2425
32296047 5626050 -2375
32296054 5626050 -2376
32296054 5625821 -1225
32295960 5626050 -1125
32296054 5626050 -1168
32296054 5626020 -1125
32296054 5625985 -1075
32295855 5626050 -1075
32296054 5626050 -1064
32295790 5626050 -975
32295829 5626050 -925
32296054 5625789 -725
32296054 5625953 -675
32296019 5626050 -625
32296054 5626050 -644
32295932 5626050 -575
32295847 5626050 -525
32295764 5626050 -475
32296054 5625811 75
32296054 5625795 125
32296054 5625776 175
32296054 5625758 225
32296054 5626050 268
32296009 5626050 275
32296054 5625800 275
32296028 5626050 325
32296054 5625902 325
32296054 5626011 375
32296047 5626050 375
32296054 5626050 391
32296054 5626056 -2375
32296047 5626350 -2325
32296054 5626350 -2326
32295943 5626350 -2275
32296054 5626193 -1125
32296052 5626350 -1075
32296054 5626350 -1075
32296054 5626315 -1025
32295954 5626350 -1025
32296054 5626280 -975
32295860 5626350 -975
32295791 5626287 -939
32296054 5626246 -925
32295770 5626350 -925
32295784 5626312 -913
32296054 5626350 -909
32295782 5626350 -875
32295820 5626350 -825
32295857 5626350 -775
32296054 5626100 -625
32296054 5626226 -575
32296054 5626348 -525
32295978 5626350 -475
32296054 5626350 -524
32295902 5626350 -425
32295829 5626350 -375
32295758 5626350 -325
32296054 5626091 275
32296054 5626073 325
32296054 5626056 375
32296054 5626350 419
32296017 5626350 425
32296054 5626126 425
32296036 5626350 475
32296054 5626241 475
32296054 5626356 -2325
32296054 5626650 -2276
32296047 5626650 -2275
32296047 5626650 -2225
32296054 5626352 -1075
32296054 5626482 -1025
32296054 5626608 -975
32295994 5626650 -925
32296054 5626650 -957
32295831 5626443 -911
32295907 5626650 -875
32296054 5626593 -875
32296054 5626560 -825
32295824 5626650 -825
32296054 5626526 -775
32295790 5626650 -725
32296054 5626650 -757
32295825 5626650 -675
32295860 5626650 -625
32296054 5626446 -475
32296054 5626540 -425
32296054 5626629 -375
32296003 5626650 -325
32296054 5626650 -363
32295938 5626650 -275
32295874 5626650 -225
32295811 5626650 -175
32296054 5626386 425
32296054 5626367 475
32296054 5626656 -2275
32296054 5626656 -2225
32296047 5626950 -2175
32296054 5626950 -2176
32296054 5626720 -925
32296054 5626825 -875
32296054 5626927 -825
32295988 5626950 -775
32296054 5626950 -813
32296054 5626891 -725
32295906 5626950 -725
32296054 5626859 -675
32295828 5626950 -675
32295758 5626942 -627
32296054 5626826 -625
32295754 5626950 -625
32296054 5626950 -608
32295783 5626950 -575
32295815 5626950 -525
32295848 5626950 -475
32296054 5626714 -325
32296054 5626797 -275
32296054 5626879 -225
32296047 5626950 -175
32296054 5626950 -180
32295980 5626950 -125
32295913 5626950 -75
32295844 5626950 -25
32295773 5626950 25
32296054 5626956 -2175
32296046 5627250 -2125
32296054 5627250 -2126
32296047 5627250 -2075
32296054 5627022 -775
32296054 5627115 -725
32296054 5627206 -675
32296009 5627250 -625
32296054 5627250 -650
32295771 5626970 -622
32295925 5627250 -575
32296054 5627201 -575
32296054 5627170 -525
32295842 5627250 -525
32295779 5627217 -483
32296054 5627139 -475
32295762 5627250 -475
32296054 5627250 -460
32295779 5627250 -425
32295810 5627250 -375
32295834 5627250 -325
32296054 5626959 -175
32296054 5627049 -125
32296054 5627142 -75
32296054 5627240 -25
32295980 5627250 25
32296054 5627250 -20
32295897 5627250 75
32295813 5627250 125
32296054 5627257 -2125
32296054 5627257 -2075
32296046 5627550 -2025
32296054 5627550 -2026
32296046 5627550 -1975
32296054 5627295 -625
32296054 5627383 -575
32296054 5627471 -525
32296044 5627550 -475
32296054 5627550 -479
32295913 5627415 -468
32295945 5627550 -425
32296054 5627516 -425
32296054 5627485 -375
32295842 5627550 -375
32296054 5627550 -366
32295758 5627550 -325
32295789 5627550 -275
32295819 5627550 -225
32296054 5627326 25
32296054 5627410 75
32296054 5627495 125
32296000 5627550 175
32296054 5627550 156
32295852 5627550 225
32296054 5627557 -2025
32296054 5627557 -1975
32296046 5627850 -1925
32296054 5627850 -1926
32296046 5627850 -1875
32295897 5627850 -1825
32296054 5627558 -475
32296054 5627650 -425
32296054 5627746 -375
32296054 5627850 -323
32296054 5627819 -275
32295923 5627850 -275
32295768 5627836 -229
32296054 5627789 -225
32295758 5627850 -225
32296054 5627850 -216
32295787 5627850 -175
32295820 5627850 -125
32295852 5627850 -75
32296054 5627597 175
32296054 5627731 225
32295930 5627850 275
32296054 5627850 267
32296054 5627857 -1925
32296054 5627857 -1875
32296054 5627857 -1825
32296046 5628150 -1775
32296054 5628150 -1776
32296046 5628150 -1725
32296054 5627973 -275
32296054 5628126 -225
32295811 5627909 -221
32296054 5628150 -218
32295946 5628150 -175
32296054 5628119 -175
32295843 5628067 -147
32296054 5628085 -125
32295807 5628150 -125
32296054 5628053 -75
32295822 5628150 -25
32296054 5628150 -58
32295863 5628150 25
32296054 5627974 275
32295947 5628150 325
32296054 5628150 287
32295808 5628150 375
32296054 5628157 -1775
32296054 5628157 -1725
32296054 5628159 -1675
32296046 5628450 -1625
32296054 5628450 -1626
32296046 5628450 -1575
32296054 5628262 -175
32296054 5628404 -125
32295992 5628450 -75
32296054 5628450 -109
32296054 5628378 -25
32295906 5628450 -25
32295853 5628347 1
32296054 5628338 25
32295825 5628450 25
32295772 5628435 70
32296054 5628345 75
32295806 5628450 125
32296054 5628450 90
32295857 5628450 175
32296054 5628259 325
32296054 5628399 375
32296009 5628450 425
32296054 5628450 393
32295932 5628450 475
32296054 5628457 -1625
32296054 5628457 -1575
32296054 5628457 -1525
32296046 5628750 -1475
32296054 5628750 -1476
32296046 5628750 -1425
32296046 5628750 -1375
32296054 5628514 -75
32296054 5628601 -25
32296054 5628684 25
32296041 5628750 75
32296054 5628750 66
32296054 5628692 125
32295965 5628750 125
32296054 5628642 175
32295889 5628750 175
32296054 5628750 186
32295767 5628750 275
32296054 5628496 425
32296054 5628576 475
32296054 5628758 -1475
32296054 5628757 -1425
32296054 5628757 -1375
32296054 5628757 -1325
32296046 5629050 -1275
32296054 5629050 -1276
32296046 5629050 -1225
32296046 5629050 -1175
32295882 5629050 -1125
32296054 5628764 75
32296054 5628844 125
32296054 5628925 175
32296054 5629022 275
32295959 5629050 275
32296054 5629050 247
32295790 5629050 325
32296054 5628972 325
32295783 5629050 375
32296054 5629050 334
32295823 5629050 425
32296054 5629057 -1275
32296054 5629057 -1225
32296054 5629057 -1175
32296054 5629057 -1125
32296054 5629061 -1075
32296046 5629350 -1025
32296054 5629350 -1027
32296047 5629350 -975
32296047 5629350 -925
32296047 5629350 -875
32296054 5629206 275
32295923 5629350 325
32296054 5629350 301
32296054 5629298 375
32296054 5629262 425
32296054 5629225 475
32296054 5629357 -1025
32296054 5629357 -975
32296054 5629356 -925
32296054 5629356 -875
32296054 5629356 -825
32296054 5629362 -775
32296048 5629650 -725
32296054 5629650 -727
32296048 5629650 -675
32296048 5629650 -625
32296049 5629650 -575
32296049 5629650 -525
32296049 5629650 -475
32296054 5629474 325
32296018 5629650 375
32296054 5629650 359
32295905 5629650 425
32295793 5629650 475
32296054 5629656 -725
32296054 5629655 -675
32296054 5629655 -625
32296054 5629655 -575
32296054 5629654 -525
32296054 5629654 -475
32296054 5629654 -425
32296054 5629653 -375
32296050 5629950 -325
32296054 5629950 -325
32296050 5629950 -275
32296050 5629950 -225
32296051 5629950 -175
32296051 5629950 -125
32296051 5629950 -75
32296051 5629950 -25
32296052 5629950 25
32296052 5629950 75
32296052 5629950 125
32296052 5629950 175
32296052 5629950 225
32296053 5629950 275
32296053 5629950 325
32296054 5629687 375
32296053 5629950 375
32296051 5629950 425
32296054 5629803 425
32296054 5629915 475
32296054 5629953 -325
32296054 5629953 -275
32296054 5629953 -225
32296054 5629953 -175
32296054 5629952 -125
32296054 5629952 -75
32296054 5629952 -25
32296054 5629952 25
32296054 5629951 75
32296054 5629951 125
32296054 5629951 175
32296054 5629951 225
32296054 5629951 275
32296054 5630250 324
32296052 5630250 325
32296052 5630250 375
32296052 5630250 425
32296053 5630250 475
32296054 5630251 325
32296054 5630251 375
32296054 5630251 425
32296054 5630251 475
32296350 5623950 -2625
32296351 5623650 -2625
32296355 5623650 -2625
32296355 5623950 -2625
32296306 5623650 -1325
32296355 5623677 -1325
32296355 5623650 -1337
32296116 5623650 -1275
32296355 5623782 -1275
32296355 5623886 -1225
32296288 5623950 -1175
32296355 5623950 -1193
32296111 5623950 -1125
32296208 5623650 -1025
32296355 5623650 -1047
32296355 5623820 -1025
32296137 5623650 -975
32296355 5623881 -975
32296355 5623950 -964
32296106 5623950 -925
32296152 5623650 -925
32296166 5623650 -875
32296120 5623950 -875
32296134 5623950 -825
32296148 5623950 -775
32296312 5623650 -175
32296355 5623674 -175
32296355 5623650 -191
32296175 5623650 -125
32296355 5623749 -125
32296355 5623825 -75
32296355 5623905 -25
32296231 5623950 25
32296355 5623950 1
32296354 5624250 -2625
32296355 5624250 -2625
32296355 5624003 -1175
32296355 5624148 -1125
32296300 5624250 -1075
32296355 5624250 -1090
32296122 5624250 -1025
32296355 5624199 -925
32296355 5624185 -875
32296355 5624250 -839
32296256 5624250 -825
32296122 5624250 -775
32296136 5624250 -725
32296151 5624250 -675
32296280 5624250 25
32296355 5624250 9
32296355 5624250 -2625
32296350 5624550 -2575
32296355 5624550 -2575
32296355 5624326 -1075
32296327 5624550 -1025
32296355 5624550 -1032
32296147 5624550 -975
32296355 5624333 -825
32296355 5624470 -775
32296355 5624455 -725
32296355 5624550 -708
32296142 5624550 -675
32296159 5624550 -625
32296176 5624550 -575
32296193 5624550 -525
32296206 5624550 -25
32296355 5624550 -72
32296355 5624367 -25
32296057 5624550 25
32296349 5624850 -2575
32296355 5624850 -2575
32296355 5624612 -1025
32296275 5624850 -975
32296355 5624850 -997
32296102 5624850 -925
32296355 5624745 -675
32296355 5624729 -625
32296355 5624850 -603
32296172 5624850 -575
32296191 5624850 -525
32296210 5624850 -475
32296229 5624850 -425
32296267 5624850 -75
32296355 5624850 -109
32296355 5624567 -75
32296149 5624850 -25
32296355 5624856 -2575
32296349 5625150 -2525
32296355 5625150 -2526
32296355 5625043 -975
32296233 5625150 -925
32296355 5625150 -962
32296075 5625150 -875
32296355 5625018 -575
32296355 5625000 -525
32296355 5624983 -475
32296355 5625150 -446
32296216 5625150 -425
32296235 5625150 -375
32296254 5625150 -325
32296274 5625150 -275
32296355 5625091 -75
32296264 5625150 -25
32296355 5625150 -65
32296157 5625150 25
32296349 5625450 -2525
32296355 5625450 -2526
32296355 5625409 -925
32296230 5625450 -875
32296355 5625450 -918
32296092 5625450 -825
32296355 5625280 -425
32296355 5625262 -375
32296355 5625245 -325
32296355 5625450 -291
32296247 5625450 -275
32296265 5625450 -225
32296283 5625450 -175
32296301 5625450 -125
32296355 5625282 -25
32296355 5625429 25
32296253 5625450 75
32296355 5625450 32
32296122 5625450 125
32296355 5625456 -2525
32296349 5625750 -2475
32296355 5625750 -2476
32296067 5625750 -1225
32296355 5625699 -875
32296256 5625750 -825
32296355 5625750 -865
32296140 5625750 -775
32296355 5625551 -275
32296355 5625534 -225
32296355 5625750 -187
32296269 5625750 -175
32296269 5625750 -125
32296287 5625750 -75
32296304 5625750 -25
32296320 5625750 25
32296355 5625581 75
32296355 5625734 125
32296248 5625750 175
32296355 5625750 130
32296119 5625750 225
32296355 5625756 -2475
32296349 5626050 -2425
32296355 5626050 -2426
32296307 5626050 -1275
32296355 5626050 -1294
32296355 5626036 -1275
32296355 5626001 -1225
32296186 5626050 -1225
32296355 5626050 -1217
32296088 5626050 -1125
32296128 5626050 -1075
32296355 5625941 -825
32296302 5626050 -775
32296355 5626050 -801
32296204 5626050 -725
32296110 5626050 -675
32296355 5625827 -175
32296355 5625827 -125
32296355 5625811 -75
32296355 5626050 -30
32296317 5626050 -25
32296298 5626050 25
32296318 5626050 75
32296339 5626050 125
32296355 5626050 164
32296211 5626050 275
32296146 5626050 325
32296078 5626050 375
32296355 5626056 -2425
32296349 5626350 -2375
32296355 5626350 -2376
32296355 5626127 -1275
32296355 5626326 -1225
32296355 5626350 -1218
32296258 5626350 -1175
32296355 5626318 -1175
32296355 5626282 -1125
32296153 5626350 -1125
32296355 5626270 -1075
32296094 5626350 -1025
32296355 5626350 -1062
32296134 5626350 -975
32296175 5626350 -925
32296355 5626141 -775
32296355 5626311 -725
32296289 5626350 -675
32296355 5626350 -713
32296207 5626350 -625
32296129 5626350 -575
32296055 5626350 -525
32296355 5626083 -25
32296355 5626099 25
32296355 5626081 75
32296355 5626064 125
32296355 5626350 169
32296316 5626350 175
32296355 5626080 175
32296336 5626350 225
32296355 5626219 225
32296355 5626350 273
32296176 5626350 425
32296115 5626350 475
32296355 5626356 -2375
32296348 5626650 -2325
32296355 5626650 -2326
32296355 5626482 -1175
32296355 5626629 -1125
32296270 5626650 -1075
32296355 5626650 -1117
32296355 5626582 -1025
32296174 5626650 -1025
32296109 5626566 -993
32296355 5626545 -975
32296084 5626650 -975
32296355 5626621 -925
32296118 5626650 -875
32296355 5626650 -921
32296157 5626650 -825
32296197 5626650 -775
32296355 5626445 -675
32296355 5626566 -625
32296334 5626650 -575
32296355 5626650 -589
32296262 5626650 -525
32296194 5626650 -475
32296129 5626650 -425
32296068 5626650 -375
32296355 5626385 175
32296355 5626367 225
32296305 5626650 325
32296355 5626438 325
32296355 5626650 318
32296325 5626650 375
32296355 5626522 375
32296355 5626609 425
32296346 5626650 425
32296355 5626650 448
32296355 5626656 -2325
32296348 5626950 -2275
32296355 5626950 -2276
32296348 5626950 -2225
32296355 5626749 -1075
32296355 5626863 -1025
32296335 5626950 -975
32296355 5626950 -985
32296242 5626950 -925
32296355 5626867 -875
32296155 5626950 -875
32296098 5626896 -838
32296355 5626829 -825
32296072 5626950 -825
32296355 5626805 -775
32296118 5626950 -725
32296355 5626950 -756
32296156 5626950 -675
32296194 5626950 -625
32296355 5626677 -575
32296355 5626773 -525
32296355 5626866 -475
32296350 5626950 -425
32296355 5626950 -428
32296283 5626950 -375
32296220 5626950 -325
32296160 5626950 -275
32296103 5626950 -225
32296355 5626694 325
32296355 5626676 375
32296355 5626658 425
32296355 5626950 467
32296298 5626950 475
32296355 5626697 475
32296355 5626956 -2275
32296355 5626957 -2225
32296348 5627250 -2175
32296355 5627250 -2176
32296355 5626970 -975
32296355 5627066 -925
32296355 5627160 -875
32296352 5627250 -825
32296355 5627250 -826
32296261 5627250 -775
32296355 5627174 -725
32296174 5627250 -725
32296122 5627171 -694
32296355 5627137 -675
32296092 5627250 -675
32296355 5627101 -625
32296106 5627250 -575
32296355 5627250 -606
32296141 5627250 -525
32296176 5627250 -475
32296355 5626956 -425
32296355 5627041 -375
32296355 5627125 -325
32296355 5627210 -275
32296318 5627250 -225
32296355 5627250 -251
32296250 5627250 -175
32296185 5627250 -125
32296122 5627250 -75
32296060 5627250 -25
32296355 5627000 475
32296355 5627256 -2175
32296348 5627550 -2125
32296355 5627550 -2126
32296348 5627550 -2075
32296355 5627252 -825
32296355 5627340 -775
32296355 5627426 -725
32296355 5627511 -675
32296305 5627550 -625
32296355 5627550 -651
32296355 5627494 -575
32296214 5627550 -575
32296150 5627447 -549
32296355 5627457 -525
32296128 5627550 -525
32296355 5627422 -475
32296089 5627550 -425
32296355 5627550 -459
32296122 5627550 -375
32296355 5627292 -225
32296355 5627371 -175
32296355 5627449 -125
32296355 5627525 -75
32296306 5627550 -25
32296355 5627550 -58
32296236 5627550 25
32296167 5627550 75
32296098 5627550 125
32296355 5627557 -2125
32296355 5627557 -2075
32296347 5627850 -2025
32296355 5627850 -2026
32296348 5627850 -1975
32296355 5627597 -625
32296355 5627684 -575
32296355 5627771 -525
32296348 5627850 -475
32296355 5627850 -478
32296355 5627813 -425
32296251 5627850 -425
32296355 5627779 -375
32296154 5627850 -375
32296064 5627850 -325
32296355 5627815 -325
32296355 5627850 -321
32296085 5627850 -275
32296116 5627850 -225
32296355 5627602 -25
32296355 5627676 25
32296355 5627745 75
32296355 5627811 125
32296305 5627850 175
32296355 5627850 153
32296174 5627850 225
32296355 5627857 -2025
32296355 5627857 -1975
32296355 5627862 -1925
32296347 5628150 -1875
32296355 5628150 -1877
32296348 5628150 -1825
32296355 5627856 -475
32296355 5627954 -425
32296355 5628052 -375
32296354 5628150 -325
32296355 5628150 -325
32296290 5628084 -324
32296230 5628150 -275
32296355 5628118 -275
32296106 5628096 -239
32296355 5628087 -225
32296077 5628150 -225
32296355 5628150 -216
32296085 5628150 -175
32296118 5628150 -125
32296150 5628150 -75
32296355 5627893 175
32296355 5628008 225
32296355 5628134 275
32296355 5628150 280
32296355 5628157 -1875
32296355 5628157 -1825
32296347 5628450 -1775
32296355 5628450 -1776
32296347 5628450 -1725
32296345 5628450 -1675
32296355 5628150 -325
32296355 5628274 -275
32296355 5628415 -225
32296355 5628450 -213
32296355 5628423 -175
32296255 5628450 -175
32296143 5628372 -147
32296355 5628392 -125
32296104 5628450 -125
32296355 5628360 -75
32296122 5628450 -25
32296355 5628450 -60
32296160 5628450 25
32296150 5628450 75
32296302 5628450 325
32296355 5628450 312
32296116 5628450 375
32296355 5628457 -1775
32296355 5628457 -1725
32296355 5628457 -1675
32296347 5628750 -1625
32296355 5628750 -1626
32296347 5628750 -1575
32296347 5628750 -1525
32296355 5628549 -175
32296355 5628694 -125
32296295 5628750 -75
32296355 5628750 -107
32296355 5628684 -25
32296206 5628750 -25
32296150 5628656 1
32296355 5628646 25
32296121 5628750 25
32296355 5628609 75
32296111 5628750 125
32296355 5628750 97
32296159 5628750 175
32296355 5628499 325
32296355 5628675 375
32296313 5628750 425
32296355 5628750 398
32296231 5628750 475
32296355 5628757 -1625
32296355 5628757 -1575
32296355 5628757 -1525
32296355 5628757 -1475
32296347 5629050 -1425
32296355 5629050 -1426
32296347 5629050 -1375
32296348 5629050 -1325
32296355 5628808 -75
32296355 5628894 -25
32296355 5628976 25
32296349 5629050 75
32296355 5629050 71
32296355 5628996 125
32296265 5629050 125
32296355 5628947 175
32296182 5629050 175
32296095 5629050 225
32296355 5628899 225
32296081 5629050 275
32296355 5629050 242
32296131 5629050 325
32296355 5628790 425
32296355 5628871 475
32296355 5629057 -1425
32296355 5629057 -1375
32296355 5629057 -1325
32296355 5629056 -1275
32296347 5629350 -1225
32296355 5629350 -1226
32296348 5629350 -1175
32296348 5629350 -1125
32296344 5629350 -1075
32296355 5629055 75
32296355 5629131 125
32296355 5629206 175
32296355 5629284 225
32296355 5629350 264
32296355 5629338 275
32296266 5629350 275
32296355 5629285 325
32296103 5629350 375
32296355 5629350 332
32296138 5629350 425
32296175 5629350 475
32296355 5629357 -1225
32296355 5629357 -1175
32296355 5629357 -1125
32296355 5629356 -1075
32296355 5629356 -1025
32296348 5629650 -975
32296355 5629650 -976
32296348 5629650 -925
32296349 5629650 -875
32296349 5629650 -825
32296343 5629650 -775
32296355 5629388 275
32296355 5629574 325
32296355 5629626 375
32296355 5629650 345
32296355 5629586 425
32296355 5629544 475
32296355 5629656 -975
32296355 5629656 -925
32296355 5629656 -875
32296355 5629655 -825
32296355 5629655 -775
32296355 5629655 -725
32296349 5629950 -675
32296355 5629950 -675
32296350 5629950 -625
32296350 5629950 -575
32296350 5629950 -525
32296351 5629950 -475
32296351 5629950 -425
32296351 5629950 -375
32296355 5629809 375
32296277 5629950 425
32296355 5629950 403
32296105 5629950 475
32296355 5629955 -675
32296355 5629955 -625
32296355 5629954 -575
32296355 5629954 -525
32296355 5629954 -475
32296355 5629954 -425
32296355 5629953 -375
32296355 5629953 -325
32296355 5629967 -275
32296351 5630250 -225
32296355 5630250 -228
32296352 5630250 -175
32296352 5630250 -125
32296352 5630250 -75
32296352 5630250 -25
32296353 5630250 25
32296353 5630250 75
32296353 5630250 125
32296353 5630250 175
32296354 5630250 225
32296354 5630250 275
32296355 5630012 425
32296355 5630149 475
32296355 5630253 -225
32296355 5630253 -175
32296355 5630252 -125
32296355 5630252 -75
32296355 5630252 -25
32296355 5630252 25
32296355 5630252 75
32296355 5630251 125
32296355 5630251 175
32296355 5630550 224
32296353 5630550 225
32296353 5630550 275
32296353 5630550 325
32296353 5630550 375
32296354 5630550 425
32296354 5630550 475
32296355 5630552 225
32296355 5630551 275
32296355 5630551 325
32296355 5630551 375
32296355 5630551 425
32296355 5630583 475
32296656 5623650 -2626
32296656 5623950 -2625
32296564 5623650 -1375
32296656 5623686 -1375
32296656 5623650 -1390
32296656 5623799 -1325
32296656 5623910 -1275
32296502 5623950 -1225
32296656 5623950 -1256
32296656 5623650 -1216
32296656 5623922 -1175
32296404 5623650 -1175
32296420 5623650 -1125
32296656 5623906 -1125
32296656 5623950 -1118
32296390 5623950 -1075
32296435 5623650 -1075
32296404 5623950 -1025
32296419 5623950 -975
32296602 5623650 -325
32296656 5623687 -325
32296656 5623650 -351
32296505 5623650 -275
32296656 5623755 -275
32296414 5623650 -225
32296656 5623819 -225
32296656 5623880 -175
32296656 5623938 -125
32296559 5623950 -75
32296656 5623950 -115
32296429 5623950 -25
32296656 5624250 -2625
32296656 5624044 -1225
32296656 5624194 -1175
32296510 5624250 -1125
32296656 5624250 -1156
32296656 5624224 -1075
32296656 5624208 -1025
32296656 5624250 -1018
32296389 5624250 -975
32296404 5624250 -925
32296419 5624250 -875
32296656 5624140 -75
32296527 5624250 -25
32296656 5624250 -54
32296651 5624550 -2625
32296656 5624550 -2625
32296656 5624404 -1125
32296553 5624550 -1075
32296656 5624550 -1096
32296656 5624511 -975
32296656 5624495 -925
32296656 5624550 -915
32296405 5624550 -875
32296421 5624550 -825
32296438 5624550 -775
32296454 5624550 -725
32296583 5624550 -125
32296656 5624550 -141
32296656 5624479 -125
32296656 5624308 -75
32296365 5624550 -75
32296650 5624850 -2625
32296656 5624850 -2625
32296656 5624726 -1075
32296485 5624850 -1025
32296656 5624850 -1060
32296656 5624789 -875
32296656 5624772 -825
32296656 5624850 -811
32296431 5624850 -775
32296449 5624850 -725
32296467 5624850 -675
32296485 5624850 -625
32296596 5624850 -175
32296656 5624850 -190
32296656 5624747 -175
32296408 5624850 -125
32296656 5624855 -2625
32296650 5625150 -2575
32296656 5625150 -2575
32296638 5625150 -1025
32296656 5625150 -1028
32296410 5625150 -975
32296656 5625064 -775
32296656 5625047 -725
32296656 5625048 -675
32296656 5625150 -657
32296475 5625150 -625
32296494 5625150 -575
32296512 5625150 -525
32296531 5625150 -475
32296656 5625009 -175
32296534 5625150 -125
32296656 5625150 -161
32296382 5625150 -75
32296650 5625450 -2575
32296656 5625450 -2575
32296656 5625187 -1025
32296572 5625450 -975
32296656 5625450 -996
32296378 5625450 -925
32296656 5625324 -625
32296656 5625306 -575
32296656 5625450 -550
32296494 5625450 -525
32296513 5625450 -475
32296531 5625450 -425
32296550 5625450 -375
32296568 5625450 -325
32296656 5625358 -125
32296570 5625450 -75
32296656 5625450 -109
32296460 5625450 -25
32296367 5625450 25
32296656 5625455 -2575
32296650 5625750 -2525
32296656 5625750 -2525
32296656 5625660 -975
32296532 5625750 -925
32296656 5625750 -965
32296382 5625750 -875
32296656 5625602 -525
32296656 5625585 -475
32296656 5625567 -425
32296656 5625750 -394
32296530 5625750 -375
32296548 5625750 -325
32296567 5625750 -275
32296586 5625750 -225
32296656 5625615 -75
32296618 5625750 -25
32296656 5625750 -44
32296526 5625750 25
32296441 5625750 75
32296363 5625750 125
32296656 5625756 -2525
32296650 5626050 -2475
32296656 5626050 -2476
32296370 5626050 -1275
32296411 5626050 -1225
32296642 5626050 -925
32296656 5626050 -930
32296523 5626050 -875
32296408 5626050 -825
32296656 5625864 -375
32296656 5625847 -325
32296656 5625833 -275
32296656 5626050 -238
32296567 5626050 -225
32296585 5626050 -175
32296604 5626050 -125
32296622 5626050 -75
32296656 5625840 -25
32296656 5626044 25
32296560 5626050 75
32296656 5626050 26
32296450 5626050 125
32296653 5626350 -2475
32296656 5626350 -2475
32296650 5626350 -2425
32296609 5626350 -1325
32296656 5626350 -1343
32296656 5626336 -1325
32296656 5626299 -1275
32296486 5626350 -1275
32296656 5626350 -1266
32296392 5626350 -1175
32296434 5626350 -1125
32296451 5626350 -1075
32296656 5626080 -925
32296656 5626348 -875
32296558 5626350 -825
32296656 5626350 -874
32296464 5626350 -775
32296375 5626350 -725
32296656 5626128 -225
32296656 5626112 -175
32296656 5626315 -125
32296656 5626350 -119
32296602 5626350 -75
32296623 5626350 -25
32296644 5626350 25
32296656 5626350 51
32296477 5626350 175
32296414 5626350 225
32296656 5626353 -2475
32296656 5626399 -2425
32296650 5626650 -2375
32296656 5626650 -2383
32296656 5626417 -1325
32296656 5626595 -1275
32296656 5626623 -1225
32296579 5626650 -1225
32296656 5626650 -1259
32296656 5626584 -1175
32296471 5626650 -1175
32296390 5626594 -1137
32296656 5626546 -1125
32296369 5626650 -1125
32296391 5626650 -1075
32296656 5626650 -1109
32296433 5626650 -1025
32296477 5626650 -975
32296393 5626650 -925
32296656 5626508 -825
32296648 5626650 -775
32296656 5626650 -779
32296563 5626650 -725
32296483 5626650 -675
32296407 5626650 -625
32296656 5626398 -75
32296656 5626379 -25
32296656 5626360 25
32296656 5626650 68
32296609 5626650 75
32296656 5626406 75
32296630 5626650 125
32296656 5626520 125
32296656 5626624 175
32296651 5626650 175
32296656 5626650 187
32296495 5626650 325
32296438 5626650 375
32296381 5626650 425
32296656 5626656 -2375
32296650 5626950 -2325
32296656 5626950 -2326
32296656 5626738 -1225
32296656 5626864 -1175
32296625 5626950 -1125
32296656 5626950 -1139
32296455 5626759 -1115
32296524 5626950 -1075
32296656 5626897 -1075
32296444 5626829 -1050
32296656 5626856 -1025
32296427 5626950 -1025
32296656 5626814 -975
32296656 5626950 -956
32296404 5626950 -925
32296446 5626950 -875
32296488 5626950 -825
32296656 5626660 -775
32296519 5626950 -775
32296656 5626768 -725
32296656 5626874 -675
32296635 5626950 -625
32296656 5626950 -638
32296558 5626950 -575
32296485 5626950 -525
32296416 5626950 -475
32296656 5626692 75
32296656 5626673 125
32296656 5626654 175
32296656 5626950 217
32296600 5626950 225
32296656 5626715 225
32296620 5626950 275
32296656 5626801 275
32296656 5626885 325
32296640 5626950 325
32296656 5626950 364
32296526 5626950 475
32296656 5626956 -2325
32296649 5627250 -2275
32296656 5627250 -2276
32296649 5627250 -2225
32296656 5626980 -1125
32296656 5627079 -1075
32296656 5627175 -1025
32296636 5627250 -975
32296656 5627250 -985
32296656 5627199 -925
32296537 5627250 -925
32296462 5627140 -900
32296656 5627157 -875
32296442 5627250 -875
32296656 5627114 -825
32296656 5627250 -788
32296486 5627250 -775
32296433 5627250 -725
32296473 5627250 -675
32296656 5626973 -625
32296513 5627250 -625
32296656 5627060 -575
32296656 5627145 -525
32296656 5627229 -475
32296598 5627250 -425
32296656 5627250 -462
32296524 5627250 -375
32296453 5627250 -325
32296386 5627250 -275
32296656 5627000 225
32296656 5626982 275
32296656 5626964 325
32296608 5627250 425
32296656 5627048 425
32296656 5627250 418
32296656 5627128 475
32296627 5627250 475
32296656 5627256 -2275
32296656 5627256 -2225
32296649 5627550 -2175
32296656 5627550 -2176
32296656 5627267 -975
32296656 5627354 -925
32296656 5627440 -875
32296656 5627523 -825
32296392 5627285 -820
32296656 5627445 -775
32296587 5627550 -775
32296656 5627550 -808
32296656 5627479 -725
32296489 5627550 -725
32296432 5627478 -694
32296656 5627436 -675
32296396 5627550 -675
32296656 5627393 -625
32296411 5627550 -575
32296656 5627550 -606
32296448 5627550 -525
32296485 5627550 -475
32296656 5627311 -425
32296656 5627391 -375
32296656 5627471 -325
32296656 5627549 -275
32296582 5627550 -225
32296656 5627550 -274
32296511 5627550 -175
32296443 5627550 -125
32296376 5627550 -75
32296656 5627296 425
32296656 5627277 475
32296656 5627556 -2175
32296656 5627582 -2125
32296649 5627850 -2075
32296656 5627850 -2080
32296656 5627610 -775
32296656 5627698 -725
32296656 5627785 -675
32296630 5627850 -625
32296656 5627850 -637
32296656 5627799 -575
32296530 5627850 -575
32296462 5627751 -549
32296656 5627759 -525
32296436 5627850 -525
32296656 5627718 -475
32296392 5627850 -425
32296656 5627850 -458
32296428 5627850 -375
32296391 5627850 -325
32296656 5627635 -225
32296656 5627722 -175
32296656 5627812 -125
32296614 5627850 -75
32296656 5627850 -104
32296548 5627850 -25
32296489 5627850 25
32296435 5627850 75
32296384 5627850 125
32296656 5627857 -2075
32296656 5627857 -2025
32296649 5628150 -1975
32296656 5628150 -1976
32296644 5628150 -1925
32296656 5627875 -625
32296656 5627973 -575
32296656 5628068 -525
32296645 5628150 -475
32296656 5628150 -480
32296656 5628110 -425
32296545 5628150 -425
32296656 5628073 -375
32296448 5628150 -375
32296656 5628035 -325
32296388 5628150 -275
32296656 5628150 -310
32296421 5628150 -225
32296656 5627898 -75
32296656 5627978 -25
32296656 5628053 25
32296656 5628125 75
32296604 5628150 125
32296656 5628150 91
32296527 5628150 175
32296448 5628150 225
32296365 5628150 275
32296656 5628157 -1975
32296656 5628157 -1925
32296648 5628450 -1875
32296656 5628450 -1876
32296649 5628450 -1825
32296656 5628161 -475
32296656 5628263 -425
32296656 5628360 -375
32296654 5628450 -325
32296656 5628450 -325
32296656 5628417 -275
32296533 5628450 -275
32296424 5628382 -243
32296656 5628385 -225
32296390 5628450 -225
32296407 5628409 -212
32296656 5628353 -175
32296413 5628450 -125
32296656 5628450 -162
32296444 5628450 -75
32296656 5628203 125
32296656 5628284 175
32296656 5628367 225
32296632 5628450 275
32296656 5628450 272
32296656 5628457 -1875
32296656 5628457 -1825
32296656 5628457 -1775
32296648 5628750 -1725
32296656 5628750 -1726
32296649 5628750 -1675
32296656 5628452 -325
32296656 5628569 -275
32296656 5628704 -225
32296564 5628750 -175
32296656 5628750 -209
32296656 5628695 -125
32296413 5628750 -125
32296656 5628663 -75
32296656 5628634 -25
32296458 5628750 25
32296656 5628750 -6
32296494 5628750 75
32296656 5628471 275
32296622 5628750 325
32296656 5628750 316
32296434 5628750 375
32296656 5628757 -1725
32296656 5628757 -1675
32296656 5628757 -1625
32296648 5629050 -1575
32296656 5629050 -1576
32296649 5629050 -1525
32296649 5629050 -1475
32296656 5628828 -175
32296656 5628955 -125
32296624 5629050 -75
32296656 5629050 -91
32296528 5629050 -25
32296656 5628956 25
32296437 5629050 25
32296656 5628919 75
32296405 5629050 125
32296656 5629050 94
32296451 5629050 175
32296497 5629050 225
32296656 5628777 325
32296656 5628929 375
32296644 5629050 425
32296656 5629050 417
32296554 5629050 475
32296656 5629057 -1575
32296656 5629057 -1525
32296656 5629057 -1475
32296656 5629056 -1425
32296649 5629350 -1375
32296656 5629350 -1376
32296649 5629350 -1325
32296649 5629350 -1275
32296656 5629076 -75
32296656 5629152 -25
32296656 5629223 25
32296656 5629290 75
32296650 5629350 125
32296656 5629350 121
32296656 5629346 125
32296656 5629292 175
32296549 5629350 175
32296487 5629260 200
32296656 5629236 225
32296443 5629350 225
32296365 5629350 275
32296656 5629350 236
32296412 5629350 325
32296656 5629059 425
32296656 5629132 475
32296656 5629357 -1375
32296656 5629357 -1325
32296656 5629356 -1275
32296656 5629356 -1225
32296649 5629650 -1175
32296656 5629650 -1176
32296649 5629650 -1125
32296649 5629650 -1075
32296650 5629650 -1025
32296656 5629355 125
32296656 5629436 175
32296656 5629520 225
32296656 5629650 297
32296656 5629621 325
32296483 5629650 325
32296656 5629569 375
32296414 5629650 425
32296656 5629650 384
32296452 5629650 475
32296656 5629657 -1175
32296656 5629656 -1125
32296656 5629656 -1075
32296656 5629656 -1025
32296656 5629656 -975
32296650 5629950 -925
32296656 5629950 -925
32296650 5629950 -875
32296650 5629950 -825
32296650 5629950 -775
32296651 5629950 -725
32296656 5629788 325
32296543 5629950 375
32296656 5629950 359
32296656 5629900 425
32296656 5629862 475
32296656 5629955 -925
32296656 5629956 -875
32296656 5629955 -825
32296656 5629955 -775
32296656 5629955 -725
32296656 5629955 -675
32296656 5629963 -625
32296651 5630250 -575
32296656 5630250 -577
32296651 5630250 -525
32296652 5630250 -475
32296652 5630250 -425
32296652 5630250 -375
32296652 5630250 -325
32296637 5630250 -275
32296656 5630194 375
32296554 5630250 425
32296656 5630250 379
32296443 5630250 475
32296656 5630255 -575
32296656 5630254 -525
32296656 5630254 -475
32296656 5630254 -425
32296656 5630253 -375
32296656 5630253 -325
32296656 5630264 -275
32296652 5630550 -225
32296656 5630550 -227
32296653 5630550 -175
32296653 5630550 -125
32296653 5630550 -75
32296654 5630550 -25
32296654 5630550 25
32296654 5630550 75
32296654 5630550 125
32296655 5630550 175
32296656 5630374 425
32296656 5630503 475
32296656 5630553 -225
32296656 5630553 -175
32296656 5630553 -125
32296656 5630552 -75
32296656 5630552 -25
32296656 5630607 25
32296656 5630850 63
32296653 5630850 75
32296653 5630850 125
32296654 5630850 175
32296654 5630850 225
32296654 5630850 275
32296654 5630850 325
32296655 5630850 375
32296655 5630850 425
32296624 5630850 475
32296656 5630852 75
32296656 5630852 125
32296656 5630852 175
32296656 5630863 225
32296656 5631150 271
32296653 5631150 275
32296653 5631150 325
32296654 5631150 375
32296654 5631150 425
32296654 5631150 475
32296656 5631153 275
32296656 5631152 325
32296656 5631152 375
32296656 5631450 424
32296653 5631450 425
32296653 5631450 475
32296656 5631453 425
32296656 5631453 475
32296953 5623950 -2675
32296945 5623650 -2675
32296957 5623650 -2675
32296957 5623950 -2675
32296957 5623739 -1375
32296957 5623650 -1410
32296957 5623650 -1373
32296676 5623650 -1325
32296957 5623950 -1286
32296957 5623945 -1275
32296838 5623950 -1275
32296692 5623650 -1275
32296957 5623950 -1274
32296666 5623950 -1225
32296707 5623650 -1225
32296681 5623950 -1175
32296696 5623950 -1125
32296850 5623650 -425
32296957 5623713 -425
32296957 5623650 -458
32296713 5623650 -375
32296957 5623804 -375
32296957 5623890 -325
32296928 5623950 -275
32296957 5623950 -288
32296830 5623950 -225
32296744 5623950 -175
32296670 5623950 -125
32296952 5624250 -2675
32296957 5624250 -2675
32296957 5623988 -1275
32296666 5624250 -1125
32296681 5624250 -1075
32296696 5624250 -1025
32296957 5623990 -275
32296957 5624133 -225
32296941 5624250 -175
32296957 5624250 -181
32296820 5624250 -125
32296704 5624250 -75
32296952 5624550 -2675
32296957 5624550 -2675
32296957 5624546 -1125
32296872 5624550 -1125
32296957 5624550 -1136
32296957 5624550 -1124
32296663 5624550 -1075
32296679 5624550 -1025
32296695 5624550 -975
32296711 5624550 -925
32296860 5624550 -175
32296957 5624550 -191
32296957 5624555 -2675
32296957 5624850 -2625
32296957 5624637 -1125
32296957 5624850 -1098
32296957 5624842 -1075
32296771 5624850 -1075
32296957 5624825 -1025
32296957 5624850 -1020
32296684 5624850 -975
32296701 5624850 -925
32296718 5624850 -875
32296735 5624850 -825
32296957 5624850 -217
32296952 5625150 -2625
32296957 5625150 -2625
32296957 5625089 -1075
32296957 5625150 -1068
32296957 5625119 -975
32296957 5625103 -925
32296957 5625110 -875
32296957 5625150 -868
32296725 5625150 -825
32296742 5625150 -775
32296759 5625150 -725
32296758 5625150 -675
32296957 5625090 -175
32296957 5625150 -164
32296951 5625450 -2625
32296957 5625450 -2625
32296828 5625450 -1025
32296957 5625450 -1046
32296957 5625379 -825
32296957 5625363 -775
32296957 5625450 -760
32296747 5625450 -725
32296764 5625450 -675
32296780 5625450 -625
32296797 5625450 -575
32296957 5625321 -125
32296957 5625450 -94
32296957 5625455 -2625
32296951 5625750 -2575
32296957 5625750 -2575
32296901 5625750 -1025
32296957 5625750 -1038
32296695 5625750 -975
32296957 5625652 -725
32296957 5625636 -675
32296957 5625750 -655
32296773 5625750 -625
32296790 5625750 -575
32296807 5625750 -525
32296824 5625750 -475
32296841 5625750 -425
32296808 5625750 -75
32296957 5625750 -101
32296957 5625755 -2575
32296951 5626050 -2525
32296957 5626050 -2525
32296928 5626050 -1025
32296957 5626050 -1034
32296782 5626050 -975
32296957 5625917 -625
32296957 5625902 -575
32296957 5625886 -525
32296957 5626050 -495
32296825 5626050 -475
32296844 5626050 -425
32296863 5626050 -375
32296883 5626050 -325
32296900 5626050 -275
32296928 5626050 -125
32296957 5626050 -138
32296957 5625945 -125
32296827 5626050 -75
32296738 5626050 -25
32296658 5626050 25
32296952 5626350 -2525
32296957 5626350 -2525
32296882 5626350 -1425
32296957 5626350 -1451
32296957 5626330 -1425
32296957 5626350 -1421
32296672 5626350 -1325
32296715 5626350 -1275
32296957 5626163 -1025
32296876 5626350 -975
32296957 5626350 -1009
32296764 5626350 -925
32296657 5626350 -875
32296957 5626164 -475
32296957 5626147 -425
32296957 5626130 -375
32296957 5626350 -336
32296878 5626350 -325
32296899 5626350 -275
32296921 5626350 -225
32296943 5626350 -175
32296957 5626350 -141
32296853 5626350 -75
32296776 5626350 -25
32296698 5626350 25
32296957 5626354 -2525
32296951 5626650 -2475
32296957 5626650 -2476
32296908 5626650 -2425
32296957 5626467 -1425
32296957 5626642 -1375
32296933 5626650 -1375
32296957 5626650 -1384
32296957 5626602 -1325
32296809 5626650 -1325
32296709 5626525 -1299
32296957 5626562 -1275
32296692 5626650 -1275
32296687 5626650 -1225
32296957 5626650 -1261
32296732 5626650 -1175
32296778 5626650 -1125
32296957 5626501 -975
32296925 5626650 -925
32296957 5626650 -940
32296828 5626650 -875
32296736 5626650 -825
32296957 5626419 -325
32296957 5626400 -275
32296957 5626381 -225
32296957 5626650 -182
32296901 5626650 -175
32296957 5626401 -125
32296922 5626650 -125
32296957 5626550 -75
32296943 5626650 -75
32296957 5626650 -39
32296804 5626650 75
32296738 5626650 125
32296673 5626650 175
32296957 5626656 -2475
32296957 5626691 -2425
32296951 5626950 -2375
32296957 5626950 -2382
32296957 5626678 -1375
32296957 5626824 -1325
32296944 5626950 -1275
32296957 5626950 -1280
32296957 5626902 -1225
32296833 5626950 -1225
32296743 5626825 -1201
32296957 5626859 -1175
32296727 5626950 -1175
32296957 5626815 -1125
32296714 5626950 -1075
32296957 5626950 -1106
32296759 5626950 -1025
32296805 5626950 -975
32296957 5626690 -925
32296957 5626815 -875
32296957 5626934 -825
32296880 5626950 -775
32296957 5626950 -818
32296795 5626950 -725
32296714 5626950 -675
32296957 5626701 -175
32296957 5626682 -125
32296957 5626663 -75
32296957 5626950 -32
32296898 5626950 -25
32296957 5626678 -25
32296918 5626950 25
32296957 5626773 25
32296957 5626866 75
32296939 5626950 75
32296957 5626950 121
32296828 5626950 225
32296767 5626950 275
32296705 5626950 325
32296957 5626956 -2375
32296951 5627250 -2325
32296957 5627250 -2326
32296957 5626963 -1275
32296957 5627070 -1225
32296957 5627173 -1175
32296933 5627250 -1125
32296957 5627250 -1136
32296957 5627194 -1075
32296831 5627250 -1075
32296761 5627148 -1049
32296957 5627148 -1025
32296732 5627250 -1025
32296957 5627102 -975
32296707 5627250 -925
32296957 5627250 -956
32296750 5627250 -875
32296793 5627250 -825
32296957 5627028 -775
32296957 5627116 -725
32296957 5627202 -675
32296919 5627250 -625
32296957 5627250 -646
32296834 5627250 -575
32296753 5627250 -525
32296674 5627250 -475
32296957 5627005 -25
32296957 5626986 25
32296957 5626967 75
32296905 5627250 175
32296957 5627036 175
32296957 5627250 168
32296957 5627116 225
32296925 5627250 225
32296944 5627250 275
32296957 5627194 275
32296957 5627250 311
32296817 5627250 425
32296754 5627250 475
32296957 5627256 -2325
32296950 5627550 -2275
32296957 5627550 -2276
32296951 5627550 -2225
32296957 5627270 -1125
32296957 5627358 -1075
32296957 5627442 -1025
32296957 5627523 -975
32296787 5627387 -962
32296957 5627519 -925
32296888 5627550 -925
32296957 5627550 -958
32296957 5627473 -875
32296786 5627550 -875
32296726 5627490 -841
32296957 5627426 -825
32296687 5627550 -825
32296957 5627390 -775
32296722 5627550 -725
32296957 5627550 -757
32296763 5627550 -675
32296957 5627284 -625
32296804 5627550 -625
32296957 5627362 -575
32296957 5627439 -525
32296957 5627515 -475
32296907 5627550 -425
32296957 5627550 -452
32296820 5627550 -375
32296737 5627550 -325
32296657 5627550 -275
32296957 5627301 175
32296957 5627282 225
32296957 5627263 275
32296898 5627550 375
32296957 5627334 375
32296957 5627550 366
32296957 5627398 425
32296915 5627550 425
32296934 5627550 475
32296957 5627465 475
32296957 5627556 -2275
32296957 5627556 -2225
32296950 5627850 -2175
32296957 5627850 -2176
32296924 5627850 -2125
32296957 5627606 -925
32296957 5627690 -875
32296957 5627772 -825
32296951 5627850 -775
32296957 5627850 -777
32296957 5627804 -725
32296841 5627850 -725
32296770 5627764 -699
32296957 5627759 -675
32296734 5627850 -675
32296957 5627714 -625
32296703 5627850 -575
32296957 5627850 -608
32296742 5627850 -525
32296781 5627850 -475
32296957 5627595 -425
32296957 5627677 -375
32296957 5627758 -325
32296957 5627839 -275
32296876 5627850 -225
32296957 5627850 -268
32296784 5627850 -175
32296693 5627850 -125
32296957 5627608 375
32296957 5627590 425
32296957 5627572 475
32296957 5627857 -2175
32296957 5627856 -2125
32296950 5628150 -2075
32296957 5628150 -2076
32296950 5628150 -2025
32296957 5627855 -775
32296957 5627951 -725
32296957 5628046 -675
32296957 5628139 -625
32296852 5628053 -616
32296957 5628114 -575
32296856 5628150 -575
32296957 5628150 -619
32296957 5628074 -525
32296748 5628150 -525
32296957 5628032 -475
32296695 5628150 -425
32296957 5628150 -460
32296731 5628150 -375
32296767 5628150 -325
32296957 5627927 -225
32296957 5628016 -175
32296957 5628105 -125
32296912 5628150 -75
32296957 5628150 -100
32296828 5628150 -25
32296751 5628150 25
32296680 5628150 75
32296957 5628157 -2075
32296957 5628157 -2025
32296950 5628450 -1975
32296957 5628450 -1976
32296950 5628450 -1925
32296957 5628240 -575
32296957 5628338 -525
32296957 5628430 -475
32296768 5628269 -466
32296957 5628422 -425
32296868 5628450 -425
32296957 5628450 -463
32296957 5628386 -375
32296759 5628450 -375
32296957 5628348 -325
32296687 5628450 -275
32296957 5628450 -312
32296717 5628450 -225
32296748 5628450 -175
32296957 5628189 -75
32296957 5628261 -25
32296957 5628327 25
32296957 5628388 75
32296957 5628447 125
32296861 5628450 175
32296957 5628450 127
32296758 5628450 225
32296957 5628457 -1975
32296957 5628457 -1925
32296957 5628456 -1875
32296950 5628750 -1825
32296957 5628750 -1826
32296950 5628750 -1775
32296957 5628525 -425
32296957 5628621 -375
32296957 5628715 -325
32296867 5628750 -275
32296957 5628750 -306
32296957 5628729 -275
32296754 5628679 -247
32296957 5628696 -225
32296709 5628750 -225
32296957 5628663 -175
32296711 5628750 -125
32296957 5628750 -163
32296742 5628750 -75
32296772 5628750 -25
32296957 5628551 175
32296957 5628659 225
32296905 5628750 275
32296957 5628750 266
32296957 5628757 -1825
32296957 5628757 -1775
32296957 5628757 -1725
32296950 5629050 -1675
32296957 5629050 -1676
32296950 5629050 -1625
32296957 5628817 -275
32296957 5628935 -225
32296935 5629050 -175
32296957 5629050 -182
32296957 5629009 -125
32296775 5629050 -125
32296957 5628975 -75
32296957 5628942 -25
32296745 5629050 25
32296957 5629050 -8
32296782 5629050 75
32296957 5628788 275
32296957 5629005 325
32296809 5629050 375
32296957 5629050 336
32296957 5629057 -1675
32296957 5629057 -1625
32296957 5629056 -1575
32296950 5629350 -1525
32296957 5629350 -1526
32296950 5629350 -1475
32296950 5629350 -1425
32296957 5629066 -175
32296957 5629180 -125
32296957 5629303 -75
32296898 5629350 -25
32296957 5629350 -57
32296957 5629282 25
32296810 5629350 25
32296763 5629264 51
32296957 5629242 75
32296729 5629350 75
32296674 5629334 119
32296957 5629203 125
32296707 5629350 175
32296957 5629350 146
32296756 5629350 225
32296957 5629146 375
32296957 5629267 425
32296930 5629350 475
32296957 5629350 460
32296957 5629357 -1525
32296957 5629357 -1475
32296957 5629356 -1425
32296957 5629356 -1375
32296950 5629650 -1325
32296957 5629650 -1326
32296950 5629650 -1275
32296951 5629650 -1225
32296957 5629400 -25
32296957 5629476 25
32296957 5629547 75
32296957 5629615 125
32296910 5629650 175
32296957 5629650 150
32296957 5629623 175
32296957 5629570 225
32296810 5629650 225
32296705 5629650 275
32296957 5629518 275
32296683 5629650 325
32296957 5629650 289
32296731 5629650 375
32296957 5629372 475
32296957 5629657 -1325
32296957 5629657 -1275
32296957 5629656 -1225
32296957 5629656 -1175
32296950 5629950 -1125
32296957 5629950 -1126
32296950 5629950 -1075
32296951 5629950 -1025
32296951 5629950 -975
32296957 5629697 175
32296957 5629797 225
32296957 5629900 275
32296957 5629950 297
32296957 5629924 325
32296819 5629950 325
32296957 5629876 375
32296957 5629830 425
32296743 5629950 475
32296957 5629950 441
32296957 5629956 -1125
32296957 5629956 -1075
32296957 5629956 -1025
32296957 5629956 -975
32296957 5629956 -925
32296952 5630250 -875
32296957 5630250 -875
32296951 5630250 -825
32296951 5630250 -775
32296952 5630250 -725
32296952 5630250 -675
32296943 5630250 -625
32296957 5630208 325
32296680 5630250 375
32296957 5630250 329
32296957 5630153 475
32296957 5630255 -875
32296957 5630256 -825
32296957 5630255 -775
32296957 5630255 -725
32296957 5630255 -675
32296957 5630255 -625
32296952 5630550 -575
32296957 5630550 -575
32296952 5630550 -525
32296953 5630550 -475
32296953 5630550 -425
32296953 5630550 -375
32296953 5630550 -325
32296942 5630550 -275
32296957 5630545 375
32296826 5630550 425
32296957 5630550 375
32296702 5630550 475
32296957 5630555 -575
32296957 5630555 -525
32296957 5630554 -475
32296957 5630554 -425
32296957 5630554 -375
32296957 5630850 -325
32296953 5630850 -325
32296953 5630850 -275
32296954 5630850 -225
32296954 5630850 -175
32296954 5630850 -125
32296954 5630850 -75
32296955 5630850 -25
32296898 5630850 25
32296957 5630666 425
32296957 5630779 475
32296957 5630854 -325
32296957 5630854 -275
32296957 5630853 -225
32296957 5630853 -175
32296957 5631150 -125
32296953 5631150 -125
32296954 5631150 -75
32296954 5631150 -25
32296954 5631150 25
32296955 5631150 75
32296955 5631150 125
32296955 5631150 175
32296945 5631150 225
32296957 5631153 -125
32296957 5631153 -75
32296957 5631153 -25
32296957 5631153 25
32296957 5631450 74
32296954 5631450 75
32296954 5631450 125
32296954 5631450 175
32296954 5631450 225
32296955 5631450 275
32296955 5631450 325
32296955 5631450 375
32296957 5631453 75
32296957 5631453 125
32296957 5631453 175
32296957 5631453 225
32296957 5631750 274
32296953 5631750 275
32296954 5631750 325
32296954 5631750 375
32296954 5631750 425
32296954 5631750 475
32296957 5631753 275
32296957 5631753 325
32296957 5631753 375
32296957 5631753 425
32296957 5631752 475
32297259 5623650 -2675
32297259 5623950 -2675
32296968 5623650 -1375
32296961 5623950 -1275
32297259 5623697 -425
32297259 5623650 -443
32297259 5623829 -375
32297214 5623950 -325
32297259 5623950 -330
32297259 5624250 -2675
32297259 5623976 -325
32297259 5624220 -275
32297088 5624250 -225
32297259 5624250 -269
32297259 5624550 -2675
32296961 5624550 -1125
32297177 5624550 -225
32297259 5624550 -236
32297253 5624850 -2675
32297259 5624850 -2675
32296965 5624850 -1075
32296981 5624850 -1025
32297259 5624719 -225
32297259 5624850 -216
32297253 5625150 -2675
32297259 5625150 -2675
32297259 5625145 -1075
32297051 5625150 -1075
32297259 5625150 -1088
32297259 5625150 -1074
32296971 5625150 -1025
32296987 5625150 -975
32297003 5625150 -925
32296996 5625150 -875
32297259 5624967 -175
32297152 5625150 -125
32297259 5625092 -125
32297259 5625150 -100
32297259 5625155 -2675
32297259 5625450 -2625
32297225 5625450 -1075
32297259 5625450 -1078
32297259 5625434 -1025
32297259 5625419 -975
32297259 5625450 -969
32296996 5625450 -925
32297011 5625450 -875
32297027 5625450 -825
32297042 5625450 -775
32296996 5625450 -75
32297259 5625193 -75
32297082 5625450 -25
32297259 5625271 -25
32297154 5625450 25
32297259 5625341 25
32297219 5625450 75
32297259 5625407 75
32297259 5625450 106
32297253 5625750 -2625
32297259 5625750 -2625
32297158 5625750 -1075
32297259 5625750 -1093
32297259 5625700 -925
32297259 5625685 -875
32297259 5625750 -863
32297027 5625750 -825
32297043 5625750 -775
32297059 5625750 -725
32297074 5625750 -675
32297013 5625750 -75
32297094 5625750 -25
32297153 5625750 25
32297199 5625750 75
32297259 5625582 125
32297236 5625750 125
32297259 5625750 154
32297259 5625755 -2625
32297253 5626050 -2575
32297259 5626050 -2575
32297102 5626050 -1075
32297259 5626050 -1117
32297259 5625957 -825
32297259 5625942 -775
32297259 5625928 -725
32297259 5626050 -701
32297089 5626050 -675
32297107 5626050 -625
32297126 5626050 -575
32297144 5626050 -525
32297173 5626050 -175
32297259 5626050 -191
32297259 5626027 -175
32297259 5625968 -125
32297259 5625917 -75
32297259 5625875 -25
32297259 5625837 25
32297259 5625804 75
32297259 5625771 125
32297259 5626055 -2575
32297259 5626350 -2525
32296980 5626350 -1425
32297134 5626350 -1075
32297259 5626350 -1118
32296998 5626350 -1025
32297259 5626194 -675
32297259 5626178 -625
32297259 5626162 -575
32297259 5626350 -539
32297161 5626350 -525
32297184 5626350 -475
32297206 5626350 -425
32297230 5626350 -375
32297186 5626350 -275
32297259 5626350 -313
32297259 5626241 -275
32297259 5626120 -225
32297097 5626350 -225
32297012 5626350 -175
32297253 5626650 -2525
32297259 5626650 -2525
32297209 5626650 -1475
32297259 5626650 -1491
32297259 5626636 -1475
32297259 5626596 -1425
32297067 5626650 -1425
32297259 5626650 -1415
32296966 5626650 -1375
32297012 5626650 -1325
32297059 5626650 -1275
32297259 5626649 -1075
32297141 5626650 -1025
32297259 5626650 -1074
32297030 5626650 -975
32297259 5626434 -525
32297259 5626415 -475
32297259 5626395 -425
32297259 5626650 -382
32297203 5626650 -375
32297225 5626650 -325
32297259 5626534 -275
32297247 5626650 -275
32297259 5626650 -247
32297152 5626650 -175
32297081 5626650 -125
32297009 5626650 -75
32297259 5626655 -2525
32297253 5626950 -2475
32297259 5626950 -2475
32297217 5626950 -2425
32297259 5626711 -1475
32297259 5626890 -1425
32297259 5626950 -1408
32297259 5626921 -1375
32297177 5626950 -1375
32297259 5626877 -1325
32297058 5626950 -1325
32297259 5626833 -1275
32297010 5626950 -1225
32297259 5626950 -1257
32297058 5626950 -1175
32297107 5626950 -1125
32297259 5626806 -1025
32297255 5626950 -975
32297259 5626950 -976
32297155 5626950 -925
32297060 5626950 -875
32296969 5626950 -825
32297259 5626702 -375
32297259 5626681 -325
32297259 5626660 -275
32297259 5626950 -233
32297199 5626950 -225
32297259 5626690 -225
32297259 5626776 -175
32297218 5626950 -175
32297237 5626950 -125
32297259 5626857 -125
32297255 5626950 -75
32297259 5626935 -75
32297259 5626950 -65
32297196 5626950 -25
32297117 5626950 25
32297035 5626950 75
32297259 5626955 -2475
32297259 5626956 -2425
32297252 5627250 -2375
32297259 5627250 -2376
32297259 5627033 -1375
32297259 5627155 -1325
32297238 5627250 -1275
32297259 5627250 -1284
32297259 5627194 -1225
32297132 5627250 -1225
32297059 5627143 -1199
32297259 5627147 -1175
32297032 5627250 -1175
32297259 5627099 -1125
32297014 5627250 -1075
32297259 5627250 -1105
32297060 5627250 -1025
32297259 5626953 -975
32297108 5627250 -975
32297259 5627056 -925
32297259 5627153 -875
32297259 5627246 -825
32297173 5627250 -775
32297259 5627250 -823
32297087 5627250 -725
32297004 5627250 -675
32297259 5627008 -225
32297259 5626989 -175
32297259 5626971 -125
32297259 5626953 -75
32297206 5627250 -25
32297259 5627015 -25
32297259 5627250 -32
32297226 5627250 25
32297259 5627099 25
32297245 5627250 75
32297259 5627188 75
32297259 5627250 108
32297156 5627250 175
32297082 5627250 225
32297009 5627250 275
32297259 5627256 -2375
32297252 5627550 -2325
32297259 5627550 -2326
32297259 5627269 -1275
32297259 5627366 -1225
32297259 5627458 -1175
32297259 5627547 -1125
32297211 5627505 -1121
32297259 5627504 -1075
32297167 5627550 -1075
32297259 5627550 -1123
32297259 5627456 -1025
32297075 5627550 -1025
32297026 5627486 -991
32297259 5627407 -975
32296986 5627550 -975
32297259 5627550 -958
32296986 5627550 -925
32297030 5627550 -875
32297075 5627550 -825
32297259 5627327 -775
32297107 5627550 -775
32297259 5627404 -725
32297259 5627479 -675
32297255 5627550 -625
32297259 5627550 -626
32297168 5627550 -575
32297082 5627550 -525
32296996 5627550 -475
32297259 5627305 -25
32297259 5627284 25
32297259 5627263 75
32297259 5627550 166
32297196 5627550 175
32297259 5627336 175
32297214 5627550 225
32297259 5627398 225
32297232 5627550 275
32297259 5627460 275
32297259 5627520 325
32297250 5627550 325
32297217 5627550 375
32297259 5627550 349
32297138 5627550 425
32297057 5627550 475
32297259 5627556 -2325
32297259 5627574 -2275
32297252 5627850 -2225
32297259 5627850 -2229
32297259 5627632 -1075
32297259 5627714 -1025
32297259 5627793 -975
32297259 5627850 -938
32297259 5627837 -925
32297232 5627850 -925
32297259 5627791 -875
32297138 5627850 -875
32297075 5627750 -849
32297259 5627745 -825
32297045 5627850 -825
32297259 5627697 -775
32297001 5627850 -725
32297259 5627850 -757
32297042 5627850 -675
32297259 5627553 -625
32297085 5627850 -625
32297259 5627629 -575
32297259 5627704 -525
32297259 5627776 -475
32297259 5627847 -425
32297168 5627850 -375
32297259 5627850 -423
32297071 5627850 -325
32296971 5627850 -275
32297259 5627619 175
32297259 5627599 225
32297259 5627579 275
32297259 5627559 325
32297198 5627850 425
32297259 5627639 425
32297259 5627850 415
32297217 5627850 475
32297259 5627702 475
32297259 5627856 -2225
32297251 5628150 -2175
32297259 5628150 -2176
32297252 5628150 -2125
32297259 5627873 -925
32297259 5627958 -875
32297259 5628043 -825
32297259 5628126 -775
32297020 5627916 -769
32297259 5628119 -725
32297181 5628150 -725
32297259 5628150 -760
32297259 5628076 -675
32297074 5628150 -675
32296991 5628119 -633
32297259 5628032 -625
32296969 5628150 -625
32297259 5628150 -610
32296991 5628150 -575
32297029 5628150 -525
32297068 5628150 -475
32297259 5627927 -375
32297259 5628005 -325
32297259 5628084 -275
32297242 5628150 -225
32297259 5628150 -232
32297133 5628150 -175
32297017 5628150 -125
32297259 5627913 425
32297259 5627893 475
32297259 5628157 -2175
32297259 5628156 -2125
32297251 5628450 -2075
32297259 5628450 -2076
32297251 5628450 -2025
32297259 5628216 -725
32297259 5628308 -675
32297259 5628397 -625
32297259 5628450 -595
32297259 5628434 -575
32297210 5628450 -575
32297259 5628394 -525
32297092 5628450 -525
32297013 5628404 -489
32297259 5628353 -475
32296981 5628450 -475
32297259 5628450 -463
32296983 5628450 -425
32297017 5628450 -375
32297051 5628450 -325
32297259 5628163 -225
32297259 5628246 -175
32297259 5628331 -125
32297259 5628417 -75
32297202 5628450 -25
32297259 5628450 -56
32297118 5628450 25
32297039 5628450 75
32296961 5628450 125
32297259 5628457 -2075
32297259 5628457 -2025
32297259 5628456 -1975
32297251 5628750 -1925
32297259 5628750 -1926
32297251 5628750 -1875
32297259 5628487 -575
32297259 5628577 -525
32297259 5628664 -475
32297259 5628750 -422
32297259 5628714 -375
32297133 5628750 -375
32297046 5628691 -344
32297259 5628677 -325
32297004 5628750 -325
32296976 5628750 -275
32297259 5628750 -316
32297006 5628750 -225
32297037 5628750 -175
32297259 5628496 -25
32297259 5628567 25
32297259 5628634 75
32297259 5628698 125
32297227 5628750 175
32297259 5628750 163
32297081 5628750 225
32297259 5628757 -1925
32297259 5628757 -1875
32297251 5629050 -1825
32297259 5629050 -1826
32297251 5629050 -1775
32297251 5629050 -1725
32297259 5628836 -375
32297259 5628925 -325
32297259 5629050 -251
32297259 5629032 -225
32297155 5629050 -225
32297259 5628999 -175
32296994 5629050 -125
32297259 5629050 -168
32297024 5629050 -75
32297054 5629050 -25
32297259 5628769 175
32297259 5628861 225
32297259 5628957 275
32297173 5629050 325
32297259 5629050 321
32297259 5629057 -1825
32297259 5629057 -1775
32297259 5629057 -1725
32297259 5629108 -1675
32297251 5629350 -1625
32297259 5629350 -1635
32297251 5629350 -1575
32297259 5629119 -225
32297259 5629270 -175
32297177 5629350 -125
32297259 5629350 -152
32297259 5629331 -125
32297069 5629283 -98
32297259 5629298 -75
32297018 5629350 -75
32297259 5629266 -25
32297021 5629350 25
32297259 5629350 -11
32297058 5629350 75
32297095 5629350 125
32297259 5629078 325
32297232 5629350 375
32297259 5629350 367
32297068 5629350 425
32297259 5629357 -1625
32297259 5629357 -1575
32297259 5629356 -1525
32297251 5629650 -1475
32297259 5629650 -1476
32297251 5629650 -1425
32297252 5629650 -1375
32297259 5629419 -125
32297259 5629553 -75
32297230 5629650 -25
32297259 5629650 -41
32297259 5629596 25
32297147 5629650 25
32297259 5629557 75
32297069 5629650 75
32297032 5629580 106
32297259 5629519 125
32296995 5629650 125
32296983 5629650 175
32297259 5629650 144
32297033 5629650 225
32297082 5629650 275
32297259 5629372 375
32297259 5629509 425
32297259 5629641 475
32297259 5629657 -1475
32297259 5629657 -1425
32297259 5629656 -1375
32297259 5629656 -1325
32297251 5629950 -1275
32297259 5629950 -1276
32297251 5629950 -1225
32297252 5629950 -1175
32297259 5629677 -25
32297259 5629758 25
32297259 5629835 75
32297259 5629911 125
32297259 5629950 151
32297259 5629925 175
32297212 5629950 175
32297259 5629875 225
32297112 5629950 225
32297047 5629861 254
32297259 5629827 275
32297007 5629950 275
32297045 5629889 299
32297259 5629846 325
32297030 5629950 375
32297259 5629950 335
32297076 5629950 425
32297259 5629957 -1275
32297259 5629957 -1225
32297259 5629956 -1175
32297259 5629956 -1125
32297251 5630250 -1075
32297259 5630250 -1076
32297251 5630250 -1025
32297252 5630250 -975
32297252 5630250 -925
32297259 5630007 175
32297259 5630130 225
32297247 5630250 275
32297259 5630250 272
32296982 5630250 325
32297259 5630165 375
32297259 5630123 425
32297259 5630082 475
32297259 5630257 -1075
32297259 5630257 -1025
32297259 5630256 -975
32297259 5630256 -925
32297259 5630256 -875
32297252 5630550 -825
32297259 5630550 -826
32297252 5630550 -775
32297252 5630550 -725
32297253 5630550 -675
32297253 5630550 -625
32297259 5630259 275
32297259 5630474 325
32296964 5630550 375
32297259 5630550 343
32297259 5630556 -825
32297259 5630556 -775
32297259 5630556 -725
32297259 5630555 -675
32297259 5630850 -625
32297253 5630850 -625
32297253 5630850 -575
32297253 5630850 -525
32297253 5630850 -475
32297254 5630850 -425
32297254 5630850 -375
32297259 5630674 375
32297250 5630850 425
32297259 5630850 422
32297066 5630850 475
32297259 5630855 -625
32297259 5630855 -575
32297259 5630855 -525
32297259 5630855 -475
32297259 5630854 -425
32297259 5631150 -375
32297254 5631150 -375
32297254 5631150 -325
32297254 5631150 -275
32297255 5631150 -225
32297255 5631150 -175
32297259 5630855 425
32297259 5630990 475
32297259 5631154 -375
32297259 5631154 -325
32297259 5631154 -275
32297259 5631153 -225
32297259 5631450 -175
32297254 5631450 -175
32297255 5631450 -125
32297255 5631450 -75
32297255 5631450 -25
32297255 5631450 25
32297259 5631454 -175
32297259 5631453 -125
32297259 5631453 -75
32297259 5631453 -25
32297259 5631750 24
32297255 5631750 25
32297255 5631750 75
32297255 5631750 125
32297255 5631750 175
32297256 5631750 225
32297259 5631753 25
32297259 5631753 75
32297259 5631753 125
32297259 5631753 175
32297259 5631752 225
32297255 5632050 275
32297259 5632050 274
32297255 5632050 325
32297255 5632050 375
32297256 5632050 425
32297256 5632050 475
32297259 5632053 275
32297259 5632053 325
32297259 5632053 375
32297259 5632053 425
32297259 5632052 475
32297555 5623950 -2725
32297555 5623650 -2725
32297560 5623650 -2725
32297560 5623950 -2725
32297297 5623650 -425
32297393 5623650 -375
32297273 5623950 -325
32297475 5623650 -325
32297546 5623650 -275
32297391 5623950 -275
32297560 5623796 -225
32297560 5623650 -263
32297495 5623950 -225
32297560 5623950 -190
32297554 5624250 -2725
32297560 5624250 -2725
32297461 5624250 -225
32297560 5624250 -203
32297554 5624550 -2725
32297560 5624550 -2725
32297422 5624550 -225
32297560 5624550 -216
32297560 5624555 -2725
32297560 5624850 -2675
32297560 5624850 -217
32297560 5625150 -2675
32297263 5625150 -1075
32297560 5624981 -175
32297560 5625108 -125
32297560 5625150 -105
32297554 5625450 -2675
32297560 5625450 -2675
32297260 5625450 -1075
32297275 5625450 -1025
32297290 5625450 -975
32297560 5625197 -75
32297560 5625267 -25
32297560 5625331 25
32297560 5625395 75
32297560 5625450 114
32297560 5625455 -2675
32297560 5625750 -2625
32297488 5625750 -1125
32297560 5625750 -1134
32297560 5625746 -1125
32297560 5625732 -1075
32297560 5625717 -1025
32297560 5625750 -1019
32297296 5625750 -975
32297312 5625750 -925
32297327 5625750 -875
32297560 5625499 125
32297444 5625750 175
32297560 5625708 175
32297560 5625750 185
32297554 5626050 -2625
32297560 5626050 -2625
32297540 5626050 -1175
32297560 5626050 -1178
32297560 5626020 -1175
32297294 5626050 -1125
32297560 5625985 -975
32297560 5625969 -925
32297560 5626050 -909
32297347 5626050 -875
32297365 5626050 -825
32297383 5626050 -775
32297401 5626050 -725
32297430 5626050 -225
32297560 5626050 -252
32297560 5626022 -225
32297560 5625978 -175
32297560 5625940 -125
32297560 5625908 -75
32297560 5625878 -25
32297560 5625850 25
32297560 5625822 75
32297560 5625792 125
32297560 5625758 175
32297560 5626055 -2625
32297554 5626350 -2575
32297560 5626350 -2575
32297468 5626350 -1175
32297560 5626350 -1198
32297282 5626350 -1125
32297560 5626234 -875
32297560 5626217 -825
32297560 5626200 -775
32297560 5626350 -746
32297424 5626350 -725
32297447 5626350 -675
32297470 5626350 -625
32297493 5626350 -575
32297530 5626350 -425
32297560 5626350 -436
32297560 5626324 -425
32297560 5626224 -375
32297402 5626350 -375
32297560 5626142 -325
32297285 5626350 -325
32297560 5626075 -275
32297560 5626355 -2575
32297560 5626650 -2525
32297549 5626650 -1575
32297560 5626650 -1578
32297560 5626647 -1575
32297560 5626650 -1574
32297274 5626650 -1475
32297320 5626650 -1425
32297555 5626650 -1175
32297560 5626650 -1176
32297403 5626650 -1125
32297259 5626650 -1075
32297560 5626469 -725
32297560 5626449 -675
32297560 5626429 -625
32297560 5626650 -586
32297484 5626650 -575
32297508 5626650 -525
32297532 5626650 -475
32297560 5626550 -425
32297557 5626650 -425
32297560 5626650 -419
32297474 5626650 -375
32297384 5626650 -325
32297301 5626650 -275
32297560 5626661 -2525
32297560 5626950 -2476
32297560 5626664 -1575
32297560 5626915 -1475
32297445 5626950 -1475
32297560 5626950 -1514
32297325 5626823 -1451
32297560 5626872 -1425
32297305 5626950 -1425
32297290 5626950 -1375
32297560 5626950 -1412
32297338 5626950 -1325
32297387 5626950 -1275
32297560 5626656 -1175
32297560 5626869 -1125
32297485 5626950 -1075
32297560 5626950 -1105
32297367 5626950 -1025
32297560 5626722 -575
32297560 5626699 -525
32297560 5626676 -475
32297560 5626950 -434
32297495 5626950 -425
32297560 5626749 -375
32297516 5626950 -375
32297537 5626950 -325
32297560 5626850 -325
32297557 5626950 -275
32297560 5626938 -275
32297560 5626950 -268
32297493 5626950 -225
32297418 5626950 -175
32297345 5626950 -125
32297272 5626950 -75
32297560 5626955 -2475
32297554 5627250 -2425
32297560 5627250 -2426
32297560 5627073 -1475
32297560 5627225 -1425
32297560 5627211 -1375
32297461 5627250 -1375
32297560 5627250 -1416
32297560 5627164 -1325
32297347 5627250 -1325
32297560 5627117 -1275
32297316 5627250 -1225
32297560 5627250 -1256
32297365 5627250 -1175
32297415 5627250 -1125
32297560 5627030 -1075
32297560 5627157 -1025
32297538 5627250 -975
32297560 5627250 -986
32297442 5627250 -925
32297350 5627250 -875
32297262 5627250 -825
32297560 5627014 -425
32297560 5626993 -375
32297560 5626972 -325
32297560 5626953 -275
32297499 5627250 -225
32297560 5627014 -225
32297560 5627250 -235
32297518 5627250 -175
32297560 5627087 -175
32297537 5627250 -125
32297560 5627160 -125
32297556 5627250 -75
32297560 5627236 -75
32297560 5627250 -66
32297490 5627250 -25
32297404 5627250 25
32297317 5627250 75
32297560 5627256 -2425
32297553 5627550 -2375
32297560 5627550 -2376
32297560 5627348 -1375
32297560 5627462 -1325
32297540 5627550 -1275
32297560 5627550 -1284
32297560 5627492 -1225
32297442 5627550 -1225
32297372 5627436 -1201
32297560 5627442 -1175
32297349 5627550 -1175
32297560 5627393 -1125
32297261 5627550 -1125
32297560 5627550 -1105
32297305 5627550 -1075
32297354 5627550 -1025
32297560 5627272 -975
32297404 5627550 -975
32297560 5627370 -925
32297560 5627463 -875
32297557 5627550 -825
32297560 5627550 -826
32297479 5627550 -775
32297404 5627550 -725
32297330 5627550 -675
32297560 5627314 -225
32297560 5627294 -175
32297560 5627274 -125
32297560 5627253 -75
32297560 5627300 -25
32297560 5627550 -35
32297484 5627550 -25
32297501 5627550 25
32297560 5627359 25
32297463 5627312 -2
32297519 5627550 75
32297560 5627416 75
32297560 5627472 125
32297536 5627550 125
32297560 5627528 175
32297497 5627550 225
32297560 5627550 193
32297396 5627550 275
32297302 5627550 325
32297560 5627556 -2375
32297553 5627850 -2325
32297560 5627850 -2326
32297535 5627850 -2275
32297560 5627569 -1275
32297560 5627664 -1225
32297560 5627756 -1175
32297560 5627845 -1125
32297371 5627663 -1122
32297560 5627850 -1122
32297477 5627850 -1075
32297560 5627803 -1075
32297560 5627754 -1025
32297394 5627850 -1025
32297355 5627752 -996
32297560 5627703 -975
32297314 5627850 -975
32297272 5627850 -925
32297560 5627850 -957
32297318 5627850 -875
32297560 5627552 -825
32297366 5627850 -825
32297560 5627633 -775
32297416 5627850 -775
32297560 5627710 -725
32297560 5627786 -675
32297551 5627850 -625
32297560 5627850 -630
32297480 5627850 -575
32297408 5627850 -525
32297336 5627850 -475
32297261 5627850 -425
32297560 5627632 -25
32297560 5627614 25
32297560 5627595 75
32297560 5627576 125
32297465 5627850 175
32297560 5627850 161
32297560 5627589 225
32297483 5627850 225
32297502 5627850 275
32297560 5627654 275
32297464 5627603 246
32297521 5627850 325
32297560 5627718 325
32297560 5627782 375
32297540 5627850 375
32297560 5627846 425
32297470 5627850 475
32297560 5627850 427
32297560 5627856 -2325
32297560 5627856 -2275
32297553 5628150 -2225
32297560 5628150 -2226
32297560 5627928 -1075
32297560 5628009 -1025
32297560 5628087 -975
32297560 5628150 -934
32297560 5628140 -925
32297543 5628150 -925
32297560 5628092 -875
32297454 5628150 -875
32297560 5628043 -825
32297367 5628150 -825
32297320 5628088 -789
32297560 5627994 -775
32297282 5628150 -775
32297560 5628150 -757
32297289 5628150 -725
32297332 5628150 -675
32297560 5627858 -625
32297376 5628150 -625
32297560 5627928 -575
32297560 5627996 -525
32297560 5628064 -475
32297560 5628131 -425
32297501 5628150 -375
32297560 5628150 -411
32297418 5628150 -325
32297333 5628150 -275
32297560 5627946 175
32297560 5627928 225
32297560 5627909 275
32297560 5627890 325
32297560 5627870 375
32297488 5628150 425
32297560 5628150 414
32297560 5627926 475
32297507 5628150 475
32297560 5628156 -2225
32297560 5628156 -2175
32297553 5628450 -2125
32297560 5628450 -2126
32297560 5628164 -925
32297560 5628245 -875
32297560 5628323 -825
32297560 5628400 -775
32297560 5628450 -742
32297560 5628434 -725
32297523 5628450 -725
32297560 5628389 -675
32297419 5628450 -675
32297356 5628366 -646
32297560 5628343 -625
32297318 5628450 -625
32297274 5628450 -575
32297560 5628450 -612
32297311 5628450 -525
32297350 5628450 -475
32297560 5628202 -375
32297560 5628274 -325
32297560 5628347 -275
32297560 5628422 -225
32297497 5628450 -175
32297560 5628450 -207
32297398 5628450 -125
32297297 5628450 -75
32297560 5628223 425
32297560 5628204 475
32297560 5628456 -2125
32297560 5628456 -2075
32297553 5628750 -2025
32297560 5628750 -2026
32297553 5628750 -1975
32297560 5628479 -725
32297560 5628564 -675
32297560 5628647 -625
32297560 5628750 -560
32297560 5628720 -525
32297478 5628750 -525
32297560 5628679 -475
32297368 5628750 -475
32297560 5628750 -466
32297291 5628750 -375
32297325 5628750 -325
32297560 5628500 -175
32297560 5628579 -125
32297560 5628661 -75
32297560 5628747 -25
32297473 5628750 25
32297560 5628750 -23
32297392 5628750 75
32297316 5628750 125
32297560 5628757 -2025
32297560 5628756 -1975
32297552 5629050 -1925
32297560 5629050 -1926
32297553 5629050 -1875
32297560 5628812 -525
32297560 5628897 -475
32297560 5629047 -375
32297553 5629050 -375
32297560 5629050 -377
32297560 5629011 -325
32297433 5629050 -325
32297560 5629050 -307
32297274 5629050 -225
32297304 5629050 -175
32297560 5628816 25
32297560 5628880 75
32297560 5628940 125
32297560 5628998 175
32297539 5629050 225
32297560 5629050 217
32297395 5629050 275
32297560 5629057 -1925
32297560 5629057 -1875
32297560 5629056 -1825
32297552 5629350 -1775
32297560 5629350 -1776
32297553 5629350 -1725
32297500 5629350 -1675
32297560 5629055 -375
32297560 5629159 -325
32297560 5629342 -225
32297521 5629350 -225
32297560 5629350 -237
32297560 5629310 -175
32297347 5629350 -175
32297560 5629278 -125
32297310 5629350 -75
32297560 5629350 -114
32297342 5629350 -25
32297560 5629071 225
32297560 5629218 275
32297524 5629350 325
32297560 5629350 320
32297560 5629357 -1775
32297560 5629357 -1725
32297560 5629356 -1675
32297552 5629650 -1625
32297560 5629650 -1626
32297552 5629650 -1575
32297553 5629650 -1525
32297560 5629390 -225
32297560 5629596 -175
32297460 5629650 -125
32297560 5629650 -164
32297560 5629586 -75
32297339 5629650 -75
32297560 5629553 -25
32297560 5629522 25
32297361 5629650 75
32297560 5629650 48
32297404 5629650 125
32297560 5629518 325
32297470 5629650 375
32297560 5629650 329
32297370 5629650 425
32297266 5629650 475
32297560 5629657 -1625
32297560 5629657 -1575
32297560 5629657 -1525
32297560 5629656 -1475
32297552 5629950 -1425
32297560 5629950 -1426
32297552 5629950 -1375
32297553 5629950 -1325
32297560 5629736 -125
32297560 5629848 -75
32297548 5629950 -25
32297560 5629950 -31
32297459 5629950 25
32297560 5629852 75
32297378 5629950 75
32297340 5629871 105
32297560 5629808 125
32297299 5629950 125
32297320 5629891 150
32297560 5629767 175
32297331 5629950 225
32297560 5629950 199
32297380 5629950 275
32297361 5629950 325
32297560 5629737 375
32297560 5629837 425
32297560 5629940 475
32297560 5629957 -1425
32297560 5629957 -1375
32297560 5629956 -1325
32297560 5629956 -1275
32297552 5630250 -1225
32297560 5630250 -1226
32297552 5630250 -1175
32297553 5630250 -1125
32297560 5629960 -25
32297560 5630041 25
32297560 5630118 75
32297560 5630194 125
32297524 5630250 175
32297560 5630250 161
32297560 5630185 225
32297389 5630250 225
32297560 5630135 275
32297560 5630086 325
32297341 5630250 375
32297560 5630250 343
32297381 5630250 425
32297420 5630250 475
32297560 5630257 -1225
32297560 5630257 -1175
32297560 5630257 -1125
32297560 5630256 -1075
32297552 5630550 -1025
32297560 5630550 -1026
32297552 5630550 -975
32297553 5630550 -925
32297553 5630550 -875
32297560 5630278 175
32297560 5630384 225
32297560 5630492 275
32297385 5630550 325
32297560 5630550 301
32297560 5630485 375
32297560 5630442 425
32297560 5630399 475
32297560 5630557 -1025
32297560 5630557 -975
32297560 5630556 -925
32297560 5630556 -875
32297553 5630850 -825
32297560 5630850 -826
32297553 5630850 -775
32297553 5630850 -725
32297554 5630850 -675
32297560 5630630 325
32297560 5630794 375
32297560 5630850 392
32297560 5630857 -825
32297560 5630856 -775
32297560 5630856 -725
32297560 5630856 -675
32297553 5631150 -625
32297560 5631150 -626
32297554 5631150 -575
32297554 5631150 -525
32297554 5631150 -475
32297555 5631150 -425
32297560 5630985 425
32297525 5631150 475
32297560 5631150 467
32297560 5631156 -625
32297560 5631155 -575
32297560 5631155 -525
32297560 5631155 -475
32297560 5631161 -425
32297555 5631450 -375
32297560 5631450 -376
32297555 5631450 -325
32297555 5631450 -275
32297556 5631450 -225
32297560 5631176 475
32297560 5631455 -375
32297560 5631454 -325
32297560 5631454 -275
32297560 5631454 -225
32297555 5631750 -175
32297560 5631750 -175
32297556 5631750 -125
32297556 5631750 -75
32297556 5631750 -25
32297560 5631754 -175
32297560 5631753 -125
32297560 5631753 -75
32297560 5631753 -25
32297560 5631753 25
32297556 5632050 75
32297560 5632050 74
32297556 5632050 125
32297557 5632050 175
32297557 5632050 225
32297560 5632053 75
32297560 5632053 125
32297560 5632053 175
32297560 5632052 225
32297560 5632122 275
32297556 5632350 325
32297560 5632350 310
32297557 5632350 375
32297557 5632350 425
32297557 5632350 475
32297560 5632353 325
32297560 5632353 375
32297560 5632352 425
32297560 5632352 475
32297861 5623650 -2725
32297861 5623950 -2725
32297605 5623650 -225
32297578 5623950 -175
32297658 5623650 -175
32297704 5623650 -125
32297633 5623950 -125
32297745 5623650 -75
32297680 5623950 -75
32297783 5623650 -25
32297722 5623950 -25
32297818 5623650 25
32297758 5623950 25
32297852 5623650 75
32297792 5623950 75
32297861 5623756 125
32297861 5623650 88
32297824 5623950 125
32297858 5623950 175
32297861 5623930 175
32297861 5623950 179
32297861 5624250 -2725
32297601 5624250 -175
32297664 5624250 -125
32297717 5624250 -75
32297764 5624250 -25
32297804 5624250 25
32297840 5624250 75
32297861 5624250 105
32297861 5624166 125
32297861 5623968 175
32297861 5624550 -2725
32297631 5624550 -175
32297705 5624550 -125
32297767 5624550 -75
32297818 5624550 -25
32297860 5624550 25
32297861 5624550 25
32297861 5624371 75
32297855 5624850 -2725
32297861 5624850 -2725
32297743 5624850 -175
32297861 5624850 -147
32297861 5624794 -125
32297861 5624691 -75
32297861 5624611 -25
32297861 5624550 25
32297861 5624857 -2725
32297861 5625150 -2676
32297861 5625150 -162
32297645 5625150 -125
32297861 5625450 -2675
32297861 5625249 -125
32297861 5625355 -75
32297861 5625438 -25
32297765 5625450 25
32297861 5625450 -17
32297653 5625450 75
32297855 5625750 -2675
32297861 5625750 -2675
32297563 5625750 -1125
32297579 5625750 -1075
32297594 5625750 -1025
32297861 5625711 25
32297772 5625750 75
32297861 5625750 31
32297676 5625750 125
32297581 5625750 175
32297861 5625755 -2675
32297861 5626050 -2625
32297861 5626050 -1214
32297861 5626037 -1175
32297861 5626021 -1125
32297861 5626005 -1075
32297861 5626050 -1066
32297615 5626050 -1025
32297633 5626050 -975
32297650 5626050 -925
32297713 5626050 -275
32297861 5626050 -295
32297861 5626024 -275
32297861 5625967 -225
32297861 5625918 -175
32297861 5625874 -125
32297861 5625834 -75
32297861 5625795 -25
32297861 5625755 25
32297855 5626350 -2625
32297861 5626350 -2625
32297723 5626350 -1225
32297861 5626350 -1247
32297861 5626138 -1225
32297861 5626271 -1025
32297861 5626254 -975
32297861 5626350 -956
32297671 5626350 -925
32297691 5626350 -875
32297712 5626350 -825
32297733 5626350 -775
32297828 5626350 -475
32297861 5626350 -479
32297861 5626339 -475
32297861 5626237 -425
32297861 5626153 -375
32297861 5626084 -325
32297861 5626355 -2625
32297855 5626650 -2575
32297861 5626650 -2575
32297562 5626650 -1575
32297784 5626650 -1225
32297861 5626650 -1241
32297861 5626527 -925
32297861 5626507 -875
32297861 5626487 -825
32297861 5626650 -795
32297733 5626650 -775
32297756 5626650 -725
32297778 5626650 -675
32297801 5626650 -625
32297775 5626650 -475
32297861 5626650 -496
32297581 5626650 -425
32297861 5626655 -2575
32297850 5626950 -2525
32297861 5626950 -2525
32297861 5626932 -1575
32297784 5626950 -1575
32297861 5626950 -1595
32297861 5626950 -1572
32297596 5626950 -1475
32297642 5626950 -1425
32297861 5626756 -1225
32297794 5626950 -1175
32297861 5626950 -1194
32297625 5626950 -1125
32297861 5626776 -775
32297861 5626754 -725
32297861 5626732 -675
32297861 5626950 -639
32297765 5626950 -625
32297786 5626950 -575
32297807 5626950 -525
32297861 5626722 -475
32297829 5626950 -475
32297861 5626877 -425
32297802 5626950 -375
32297861 5626950 -398
32297683 5626950 -325
32297574 5626950 -275
32297861 5626955 -2525
32297855 5627250 -2475
32297861 5627250 -2475
32297861 5627033 -1575
32297861 5627208 -1475
32297726 5627250 -1475
32297861 5627250 -1520
32297615 5627189 -1440
32297861 5627163 -1425
32297583 5627250 -1425
32297861 5627250 -1411
32297599 5627250 -1375
32297647 5627250 -1325
32297695 5627250 -1275
32297861 5627019 -1175
32297861 5627192 -1125
32297777 5627250 -1075
32297861 5627250 -1107
32297653 5627250 -1025
32297861 5627049 -625
32297861 5627027 -575
32297861 5627005 -525
32297861 5626984 -475
32297783 5627250 -425
32297861 5627250 -436
32297861 5626993 -375
32297801 5627250 -375
32297820 5627250 -325
32297861 5627078 -325
32297766 5627008 -353
32297832 5627250 -275
32297861 5627156 -275
32297861 5627226 -225
32297797 5627250 -175
32297861 5627250 -206
32297693 5627250 -125
32297581 5627250 -75
32297861 5627255 -2475
32297855 5627550 -2425
32297861 5627550 -2426
32297861 5627385 -1475
32297861 5627527 -1425
32297710 5627405 -1415
32297861 5627550 -1416
32297762 5627550 -1375
32297861 5627510 -1375
32297861 5627462 -1325
32297648 5627550 -1325
32297861 5627414 -1275
32297618 5627550 -1225
32297861 5627550 -1256
32297667 5627550 -1175
32297718 5627550 -1125
32297861 5627333 -1075
32297861 5627456 -1025
32297840 5627550 -975
32297861 5627550 -985
32297743 5627550 -925
32297648 5627550 -875
32297861 5627331 -425
32297861 5627312 -375
32297861 5627293 -325
32297861 5627550 -288
32297764 5627550 -275
32297776 5627550 -225
32297861 5627291 -175
32297793 5627550 -175
32297808 5627550 -125
32297861 5627352 -125
32297762 5627301 -153
32297824 5627550 -75
32297861 5627411 -75
32297861 5627468 -25
32297861 5627527 25
32297802 5627550 75
32297861 5627550 43
32297704 5627550 125
32297601 5627550 175
32297861 5627556 -2425
32297855 5627850 -2375
32297861 5627850 -2376
32297861 5627646 -1375
32297861 5627757 -1325
32297846 5627850 -1275
32297861 5627850 -1282
32297861 5627793 -1225
32297748 5627850 -1225
32297676 5627736 -1201
32297861 5627743 -1175
32297654 5627850 -1175
32297861 5627693 -1125
32297565 5627850 -1125
32297861 5627850 -1105
32297606 5627850 -1075
32297656 5627850 -1025
32297861 5627570 -975
32297707 5627850 -975
32297861 5627668 -925
32297861 5627762 -875
32297857 5627850 -825
32297861 5627850 -827
32297777 5627850 -775
32297700 5627850 -725
32297625 5627850 -675
32297861 5627650 -275
32297861 5627637 -225
32297861 5627621 -175
32297861 5627605 -125
32297861 5627588 -75
32297766 5627850 -25
32297861 5627850 -38
32297784 5627850 25
32297861 5627595 75
32297802 5627850 75
32297821 5627850 125
32297861 5627672 125
32297861 5627754 175
32297861 5627839 225
32297797 5627850 275
32297861 5627850 231
32297722 5627850 325
32297644 5627850 375
32297564 5627850 425
32297861 5627856 -2375
32297861 5627856 -2325
32297855 5628150 -2275
32297861 5628150 -2276
32297861 5627863 -1275
32297861 5627956 -1225
32297861 5628045 -1175
32297861 5628130 -1125
32297630 5627922 -1119
32297861 5628150 -1113
32297793 5628150 -1075
32297861 5628111 -1075
32297861 5628060 -1025
32297708 5628150 -1025
32297666 5628049 -997
32297861 5628008 -975
32297625 5628150 -975
32297633 5628110 -936
32297861 5628067 -925
32297615 5628150 -875
32297861 5628150 -918
32297861 5627853 -825
32297663 5628150 -825
32297861 5627930 -775
32297712 5628150 -775
32297861 5628004 -725
32297861 5628077 -675
32297861 5628147 -625
32297792 5628150 -575
32297861 5628150 -623
32297721 5628150 -525
32297650 5628150 -475
32297579 5628150 -425
32297861 5627946 -25
32297861 5627928 25
32297861 5627909 75
32297861 5627890 125
32297760 5628150 175
32297861 5628150 160
32297778 5628150 225
32297861 5627909 275
32297797 5628150 275
32297816 5628150 325
32297861 5627978 325
32297835 5628150 375
32297861 5628049 375
32297861 5628121 425
32297808 5628150 475
32297861 5628150 444
32297861 5628156 -2275
32297854 5628450 -2225
32297861 5628450 -2226
32297854 5628450 -2175
32297861 5628211 -1075
32297861 5628289 -1025
32297861 5628364 -975
32297861 5628390 -925
32297790 5628450 -875
32297861 5628450 -914
32297861 5628411 -875
32297861 5628360 -825
32297703 5628450 -825
32297660 5628360 -796
32297861 5628309 -775
32297616 5628450 -775
32297574 5628450 -725
32297861 5628450 -760
32297617 5628450 -675
32297660 5628450 -625
32297861 5628212 -575
32297861 5628276 -525
32297861 5628340 -475
32297861 5628404 -425
32297837 5628450 -375
32297861 5628450 -389
32297756 5628450 -325
32297674 5628450 -275
32297590 5628450 -225
32297861 5628254 175
32297861 5628235 225
32297861 5628215 275
32297861 5628196 325
32297861 5628176 375
32297781 5628450 425
32297861 5628450 413
32297861 5628197 475
32297800 5628450 475
32297861 5628456 -2225
32297861 5628456 -2175
32297854 5628750 -2125
32297861 5628750 -2126
32297854 5628750 -2075
32297861 5628514 -875
32297861 5628593 -825
32297861 5628672 -775
32297861 5628750 -724
32297861 5628706 -675
32297767 5628750 -675
32297861 5628661 -625
32297675 5628750 -625
32297861 5628750 -614
32297587 5628750 -525
32297626 5628750 -475
32297861 5628471 -375
32297861 5628542 -325
32297861 5628614 -275
32297861 5628688 -225
32297844 5628750 -175
32297861 5628750 -184
32297753 5628750 -125
32297660 5628750 -75
32297562 5628750 -25
32297861 5628531 425
32297861 5628511 475
32297861 5628757 -2125
32297861 5628756 -2075
32297861 5628757 -2025
32297854 5629050 -1975
32297861 5629050 -1976
32297861 5628834 -675
32297861 5628917 -625
32297861 5629037 -525
32297829 5629050 -525
32297861 5629050 -541
32297861 5628997 -475
32297734 5629050 -475
32297861 5629050 -468
32297562 5629050 -375
32297595 5629050 -325
32297861 5628763 -175
32297861 5628835 -125
32297861 5628904 -75
32297861 5628973 -25
32297861 5629040 25
32297792 5629050 75
32297861 5629050 32
32297712 5629050 125
32297631 5629050 175
32297861 5629056 -1975
32297861 5629056 -1925
32297854 5629350 -1875
32297861 5629350 -1876
32297854 5629350 -1825
32297861 5629079 -525
32297861 5629168 -475
32297861 5629350 -371
32297861 5629316 -325
32297756 5629350 -325
32297644 5629350 -275
32297861 5629281 -275
32297568 5629350 -225
32297861 5629350 -266
32297600 5629350 -175
32297631 5629350 -125
32297861 5629117 75
32297861 5629194 125
32297861 5629271 175
32297855 5629350 225
32297861 5629350 223
32297697 5629350 275
32297861 5629357 -1875
32297861 5629356 -1825
32297861 5629356 -1775
32297854 5629650 -1725
32297861 5629650 -1726
32297854 5629650 -1675
32297861 5629461 -325
32297861 5629605 -275
32297861 5629650 -261
32297861 5629622 -225
32297750 5629650 -225
32297609 5629510 -201
32297861 5629586 -175
32297593 5629650 -175
32297861 5629552 -125
32297634 5629650 -75
32297861 5629650 -108
32297674 5629650 -25
32297713 5629650 25
32297861 5629421 225
32297722 5629650 275
32297861 5629650 231
32297573 5629650 325
32297861 5629657 -1725
32297861 5629657 -1675
32297861 5629656 -1625
32297853 5629950 -1575
32297861 5629950 -1576
32297854 5629950 -1525
32297854 5629950 -1475
32297861 5629743 -225
32297861 5629893 -175
32297777 5629950 -125
32297861 5629950 -158
32297861 5629873 -75
32297658 5629950 -75
32297861 5629832 -25
32297861 5629792 25
32297662 5629950 75
32297861 5629950 49
32297708 5629950 125
32297752 5629950 175
32297861 5629826 275
32297831 5629950 325
32297861 5629950 307
32297745 5629950 375
32297658 5629950 425
32297568 5629950 475
32297861 5629957 -1575
32297861 5629957 -1525
32297861 5629956 -1475
32297861 5629956 -1425
32297853 5630250 -1375
32297861 5630250 -1376
32297854 5630250 -1325
32297854 5630250 -1275
32297861 5630016 -125
32297861 5630114 -75
32297861 5630206 -25
32297811 5630250 25
32297861 5630250 0
32297861 5630169 75
32297717 5630250 75
32297669 5630159 102
32297861 5630118 125
32297626 5630250 125
32297615 5630195 157
32297572 5630250 175
32297861 5630250 139
32297619 5630250 225
32297664 5630250 275
32297861 5629975 325
32297709 5630250 325
32297861 5630047 375
32297861 5630123 425
32297861 5630202 475
32297861 5630257 -1375
32297861 5630257 -1325
32297861 5630257 -1275
32297861 5630257 -1225
32297853 5630550 -1175
32297861 5630550 -1176
32297854 5630550 -1125
32297854 5630550 -1075
32297861 5630296 25
32297861 5630384 75
32297861 5630469 125
32297861 5630550 174
32297861 5630549 175
32297859 5630550 175
32297861 5630502 225
32297744 5630550 225
32297663 5630462 251
32297861 5630455 275
32297624 5630550 275
32297621 5630484 298
32297580 5630550 325
32297861 5630550 286
32297621 5630550 375
32297662 5630550 425
32297702 5630550 475
32297861 5630557 -1175
32297861 5630557 -1125
32297861 5630557 -1075
32297861 5630558 -1025
32297854 5630850 -975
32297861 5630850 -976
32297854 5630850 -925
32297854 5630850 -875
32297861 5630551 175
32297861 5630647 225
32297861 5630744 275
32297861 5630850 327
32297861 5630808 375
32297640 5630850 375
32297861 5630765 425
32297861 5630722 475
32297861 5630857 -975
32297861 5630857 -925
32297861 5630856 -875
32297861 5630856 -825
32297854 5631150 -775
32297861 5631150 -776
32297854 5631150 -725
32297855 5631150 -675
32297861 5631003 375
32297829 5631150 425
32297861 5631150 420
32297861 5631156 -775
32297861 5631156 -725
32297861 5631156 -675
32297861 5631155 -625
32297855 5631450 -575
32297861 5631450 -576
32297855 5631450 -525
32297856 5631450 -475
32297849 5631450 -425
32297861 5631172 425
32297861 5631404 475
32297861 5631456 -575
32297861 5631455 -525
32297861 5631455 -475
32297861 5631455 -425
32297856 5631750 -375
32297861 5631750 -375
32297856 5631750 -325
32297856 5631750 -275
32297857 5631750 -225
32297861 5631755 -375
32297861 5631754 -325
32297861 5631754 -275
32297861 5631754 -225
32297861 5631753 -175
32297857 5632050 -125
32297861 5632050 -125
32297857 5632050 -75
32297858 5632050 -25
32297858 5632050 25
32297861 5632054 -125
32297861 5632053 -75
32297861 5632053 -25
32297861 5632053 25
32297857 5632350 75
32297861 5632350 74
32297858 5632350 125
32297858 5632350 175
32297858 5632350 225
32297786 5632350 275
32297861 5632353 75
32297861 5632353 125
32297861 5632353 175
32297861 5632352 225
32297861 5632352 275
32297857 5632650 325
32297861 5632650 324
32297858 5632650 375
32297858 5632650 425
32297858 5632650 475
32297861 5632653 325
32297861 5632653 375
32297861 5632653 425
32297861 5632652 475
32298162 5623650 -2725
32298162 5623950 -2725
32297922 5623650 75
32298162 5623781 75
32298162 5623650 37
32298162 5623947 125
32297886 5623950 175
32298162 5623950 125
32298162 5624250 -2725
32297897 5624250 125
32298162 5624059 175
32297996 5624250 175
32298162 5624177 225
32298100 5624250 225
32298162 5624250 252
32298162 5624550 -2725
32297906 5624550 75
32297950 5624550 125
32297994 5624550 175
32298040 5624550 225
32298162 5624329 275
32298093 5624550 275
32298154 5624550 325
32298162 5624523 325
32298162 5624550 330
32298162 5624850 -2725
32297896 5624850 -125
32297966 5624850 -75
32298024 5624850 -25
32298072 5624850 25
32298113 5624850 75
32298149 5624850 125
32298162 5624850 144
32298162 5624807 175
32298162 5624737 225
32298162 5624658 275
32298162 5624563 325
32298155 5625150 -2725
32298162 5625150 -2725
32298047 5625150 -125
32298162 5625150 -101
32298162 5625102 -75
32298162 5625023 -25
32298162 5624960 25
32298162 5624908 75
32298162 5624865 125
32298162 5625156 -2725
32298162 5625450 -2676
32298162 5625450 -120
32298010 5625450 -75
32297878 5625450 -25
32298162 5625750 -2675
32298162 5625671 -75
32298079 5625750 -25
32298162 5625750 -48
32297890 5625750 25
32298156 5626050 -2675
32298162 5626050 -2675
32297875 5626050 -1175
32297892 5626050 -1125
32297909 5626050 -1075
32298001 5626050 -275
32298162 5626050 -246
32298162 5626012 -225
32298162 5625931 -175
32298162 5625856 -125
32298162 5625785 -75
32298162 5626055 -2675
32298162 5626350 -2625
32298162 5626350 -1264
32298162 5626336 -1225
32298162 5626319 -1175
32298162 5626302 -1125
32298162 5626350 -1116
32297926 5626350 -1075
32297945 5626350 -1025
32297964 5626350 -975
32297894 5626350 -475
32298162 5626350 -429
32298162 5626340 -425
32298162 5626239 -375
32298162 5626155 -325
32298162 5626084 -275
32298156 5626650 -2625
32298162 5626650 -2625
32298162 5626650 -1271
32298162 5626578 -1075
32298162 5626560 -1025
32298162 5626565 -975
32297987 5626650 -925
32298162 5626650 -959
32298007 5626650 -875
32298027 5626650 -825
32298152 5626650 -475
32298162 5626650 -474
32298162 5626655 -2625
32298156 5626950 -2575
32298162 5626950 -2575
32297879 5626950 -1575
32298048 5626950 -1225
32298162 5626950 -1243
32298162 5626827 -925
32298162 5626808 -875
32298162 5626856 -825
32298028 5626950 -775
32298162 5626950 -808
32298048 5626950 -725
32298067 5626950 -675
32298162 5626931 -425
32298162 5626950 -421
32298162 5626955 -2575
32298156 5627250 -2525
32298162 5627250 -2525
32298162 5627231 -1575
32298075 5627250 -1575
32298162 5627250 -1596
32298162 5627250 -1571
32297902 5627250 -1475
32297947 5627250 -1425
32298162 5627046 -1225
32298126 5627250 -1175
32298162 5627250 -1184
32297929 5627250 -1125
32298162 5627091 -775
32298162 5627071 -725
32298162 5627052 -675
32298046 5627250 -625
32298162 5627250 -643
32298064 5627250 -575
32298082 5627250 -525
32298099 5627250 -475
32298162 5627067 -375
32298162 5627180 -325
32298104 5627250 -275
32298162 5627250 -290
32297924 5627250 -225
32298162 5627255 -2525
32298156 5627550 -2475
32298162 5627550 -2475
32298162 5627333 -1575
32298162 5627512 -1475
32298033 5627550 -1475
32298162 5627550 -1517
32297919 5627496 -1440
32298162 5627467 -1425
32297884 5627550 -1425
32298162 5627550 -1412
32297900 5627550 -1375
32297947 5627550 -1325
32297993 5627550 -1275
32298162 5627281 -1175
32298162 5627450 -1125
32298107 5627550 -1075
32298162 5627550 -1094
32297969 5627550 -1025
32298162 5627371 -625
32298162 5627353 -575
32298162 5627335 -525
32298162 5627550 -490
32298059 5627550 -475
32298063 5627550 -425
32298079 5627550 -375
32298096 5627550 -325
32298162 5627279 -275
32298162 5627368 -225
32298162 5627453 -175
32298162 5627532 -125
32298087 5627550 -75
32298162 5627550 -113
32297991 5627550 -25
32297896 5627550 25
32298162 5627555 -2475
32298156 5627850 -2425
32298162 5627850 -2426
32298162 5627671 -1475
32298162 5627811 -1425
32298162 5627850 -1410
32298162 5627816 -1375
32298076 5627850 -1375
32298162 5627769 -1325
32297958 5627850 -1325
32298162 5627722 -1275
32297916 5627850 -1225
32298162 5627850 -1257
32297964 5627850 -1175
32298013 5627850 -1125
32298162 5627599 -1075
32298162 5627724 -1025
32298162 5627844 -975
32298061 5627850 -925
32298162 5627850 -972
32297958 5627850 -875
32298162 5627656 -475
32298162 5627651 -425
32298162 5627635 -375
32298162 5627618 -325
32298053 5627850 -275
32298162 5627850 -290
32298067 5627850 -225
32298083 5627850 -175
32298100 5627850 -125
32298162 5627616 -75
32298117 5627850 -75
32298162 5627705 -25
32298162 5627799 25
32298122 5627850 75
32298162 5627850 50
32298039 5627850 125
32297955 5627850 175
32297871 5627850 225
32298162 5627856 -2425
32298156 5628150 -2375
32298162 5628150 -2376
32298155 5628150 -2325
32298162 5627931 -1375
32298162 5628041 -1325
32298162 5628147 -1275
32298109 5628098 -1272
32298162 5628102 -1225
32298067 5628150 -1225
32298162 5628150 -1273
32298162 5628053 -1175
32297973 5628150 -1175
32297917 5628096 -1138
32298162 5628003 -1125
32297882 5628150 -1125
32298162 5628150 -1106
32297898 5628150 -1075
32297947 5628150 -1025
32297996 5628150 -975
32298162 5627940 -925
32297935 5628150 -925
32298162 5628032 -875
32298162 5628122 -825
32298105 5628150 -775
32298162 5628150 -809
32298023 5628150 -725
32297942 5628150 -675
32297864 5628150 -625
32298162 5627962 -275
32298162 5627948 -225
32298162 5627931 -175
32298162 5627914 -125
32298162 5627896 -75
32298055 5628150 -25
32298162 5628150 -40
32298071 5628150 25
32298162 5627880 75
32298087 5628150 75
32298103 5628150 125
32298162 5627942 125
32298095 5627898 92
32298162 5628002 175
32298162 5628063 225
32298162 5628129 275
32298091 5628150 325
32298162 5628150 290
32297992 5628150 375
32297897 5628150 425
32298162 5628156 -2375
32298162 5628156 -2325
32298156 5628450 -2275
32298162 5628450 -2276
32298162 5628240 -1225
32298162 5628330 -1175
32298162 5628417 -1125
32298162 5628450 -1105
32298162 5628420 -1075
32298111 5628450 -1075
32298162 5628370 -1025
32298030 5628450 -1025
32297981 5628337 -999
32298162 5628320 -975
32297952 5628450 -975
32298162 5628332 -925
32297895 5628450 -925
32297921 5628371 -912
32298162 5628450 -913
32297899 5628450 -875
32297947 5628450 -825
32298162 5628203 -775
32297996 5628450 -775
32298162 5628279 -725
32298162 5628354 -675
32298162 5628427 -625
32298115 5628450 -575
32298162 5628450 -608
32298046 5628450 -525
32297978 5628450 -475
32297909 5628450 -425
32298162 5628259 -25
32298162 5628243 25
32298162 5628226 75
32298162 5628210 125
32298053 5628450 175
32298162 5628450 159
32298071 5628450 225
32298090 5628450 275
32298162 5628213 325
32298109 5628450 325
32298129 5628450 375
32298162 5628302 375
32298162 5628389 425
32298137 5628450 475
32298162 5628450 460
32298162 5628456 -2275
32298162 5628456 -2225
32298156 5628750 -2175
32298162 5628750 -2176
32298162 5628501 -1075
32298162 5628582 -1025
32298162 5628662 -975
32298162 5628728 -925
32298040 5628624 -916
32298162 5628750 -918
32298091 5628750 -875
32298162 5628708 -875
32298162 5628660 -825
32298013 5628750 -825
32297969 5628637 -798
32298162 5628611 -775
32297936 5628750 -775
32298162 5628750 -759
32297906 5628750 -675
32297951 5628750 -625
32298162 5628498 -575
32298162 5628567 -525
32298162 5628636 -475
32298162 5628704 -425
32298140 5628750 -375
32298162 5628750 -390
32298069 5628750 -325
32297997 5628750 -275
32297923 5628750 -225
32298162 5628557 175
32298162 5628539 225
32298162 5628520 275
32298162 5628501 325
32298162 5628482 375
32298081 5628750 425
32298162 5628750 413
32298162 5628475 475
32298100 5628750 475
32298162 5628756 -2175
32298162 5628756 -2125
32298155 5629050 -2075
32298162 5629050 -2076
32298154 5629050 -2025
32298162 5628820 -875
32298162 5628899 -825
32298162 5628975 -775
32298162 5629006 -675
32298078 5629050 -675
32298162 5629050 -724
32298162 5628960 -625
32297995 5629050 -625
32298162 5629050 -614
32297874 5629050 -525
32297913 5629050 -475
32298162 5628771 -375
32298162 5628839 -325
32298162 5628908 -275
32298162 5628977 -225
32298162 5629047 -175
32298090 5629050 -125
32298162 5629050 -173
32298017 5629050 -75
32297944 5629050 -25
32297872 5629050 25
32298162 5628831 425
32298162 5628812 475
32298162 5629056 -2075
32298162 5629056 -2025
32298155 5629350 -1975
32298162 5629350 -1976
32298155 5629350 -1925
32298162 5629132 -675
32298162 5629213 -625
32298162 5629338 -525
32298135 5629350 -525
32298162 5629350 -539
32298162 5629298 -475
32298044 5629350 -475
32298162 5629350 -468
32297895 5629350 -325
32297931 5629350 -275
32298162 5629125 -125
32298162 5629204 -75
32298162 5629284 -25
32298147 5629350 25
32298162 5629350 15
32298073 5629350 75
32298002 5629350 125
32297932 5629350 175
32298162 5629357 -1975
32298162 5629356 -1925
32298162 5629356 -1875
32298155 5629650 -1825
32298162 5629650 -1826
32298155 5629650 -1775
32298162 5629375 -525
32298162 5629467 -475
32298150 5629650 -375
32298162 5629650 -380
32298162 5629646 -375
32298162 5629607 -325
32298030 5629650 -325
32298162 5629650 -319
32297890 5629650 -225
32297930 5629650 -175
32297968 5629650 -125
32298162 5629371 25
32298162 5629482 75
32298162 5629591 125
32298076 5629650 175
32298162 5629650 152
32297884 5629650 225
32298162 5629657 -1825
32298162 5629656 -1775
32298162 5629656 -1725
32298155 5629950 -1675
32298162 5629950 -1676
32298155 5629950 -1625
32298162 5629660 -375
32298162 5629777 -325
32298162 5629916 -225
32298059 5629950 -225
32298162 5629950 -263
32297947 5629853 -198
32298162 5629875 -175
32297913 5629950 -175
32297916 5629880 -157
32297894 5629950 -125
32298162 5629950 -163
32297942 5629950 -75
32297987 5629950 -25
32298031 5629950 25
32298162 5629818 175
32298076 5629950 225
32298162 5629950 192
32297944 5629950 275
32298162 5629957 -1675
32298162 5629956 -1625
32298162 5629956 -1575
32298155 5630250 -1525
32298162 5630250 -1526
32298155 5630250 -1475
32298155 5630250 -1425
32298162 5630046 -225
32298162 5630186 -175
32298162 5630250 -154
32298162 5630219 -125
32298100 5630250 -125
32298162 5630170 -75
32297998 5630250 -75
32298162 5630250 -63
32297889 5630250 25
32297944 5630250 75
32297998 5630250 125
32298162 5630045 225
32298162 5630183 275
32298130 5630250 325
32298162 5630250 300
32298062 5630250 375
32297989 5630250 425
32297910 5630250 475
32298162 5630257 -1525
32298162 5630257 -1475
32298162 5630256 -1425
32298162 5630256 -1375
32298155 5630550 -1325
32298162 5630550 -1326
32298155 5630550 -1275
32298155 5630550 -1225
32298162 5630311 -125
32298162 5630414 -75
32298162 5630518 25
32298110 5630550 25
32298162 5630550 -3
32298162 5630463 75
32298023 5630550 75
32298162 5630550 84
32297862 5630550 175
32297909 5630550 225
32297956 5630550 275
32298162 5630281 325
32298162 5630346 375
32298162 5630414 425
32298162 5630484 475
32298162 5630557 -1325
32298162 5630557 -1275
32298162 5630556 -1225
32298162 5630761 -1175
32298155 5630850 -1125
32298162 5630850 -1161
32298155 5630850 -1075
32298153 5630850 -1025
32298162 5630596 25
32298162 5630672 75
32298162 5630850 201
32298162 5630825 225
32298106 5630850 225
32298162 5630773 275
32297987 5630850 275
32298162 5630850 283
32297900 5630850 375
32297941 5630850 425
32297981 5630850 475
32298162 5630857 -1125
32298162 5630857 -1075
32298162 5630856 -1025
32298156 5631150 -975
32298162 5631150 -976
32298155 5631150 -925
32298155 5631150 -875
32298155 5631150 -825
32298162 5630897 225
32298162 5630999 275
32298162 5631127 375
32298053 5631150 375
32298162 5631150 349
32298162 5631085 425
32298162 5631043 475
32298162 5631156 -975
32298162 5631157 -925
32298162 5631156 -875
32298162 5631156 -825
32298162 5631157 -775
32298155 5631450 -725
32298162 5631450 -726
32298156 5631450 -675
32298156 5631450 -625
32298162 5631231 375
32298162 5631386 425
32297938 5631450 475
32298162 5631450 445
32298162 5631456 -725
32298162 5631456 -675
32298162 5631456 -625
32298162 5631455 -575
32298156 5631750 -525
32298162 5631750 -525
32298157 5631750 -475
32298157 5631750 -425
32298162 5631582 475
32298162 5631755 -525
32298162 5631755 -475
32298162 5631755 -425
32298162 5631754 -375
32298157 5632050 -325
32298162 5632050 -325
32298157 5632050 -275
32298158 5632050 -225
32298158 5632050 -175
32298162 5632054 -325
32298162 5632054 -275
32298162 5632054 -225
32298162 5632054 -175
32298162 5632053 -125
32298158 5632350 -75
32298162 5632350 -75
32298158 5632350 -25
32298159 5632350 25
32298162 5632353 -75
32298162 5632353 -25
32298162 5632353 25
32298162 5632353 75
32298162 5632354 125
32298159 5632650 175
32298162 5632650 174
32298159 5632650 225
32298159 5632650 275
32298162 5632653 175
32298162 5632653 225
32298162 5632653 275
32298162 5632652 325
32298162 5632652 375
32298158 5632950 425
32298162 5632950 424
32298159 5632950 475
32298162 5632953 425
32298162 5632953 475
32298463 5623650 -2725
32298463 5623950 -2725
32298386 5623950 -25
32298463 5623650 -37
32298413 5623650 -25
32298463 5623950 -61
32298217 5623650 25
32298300 5623950 25
32298228 5623950 75
32298163 5623950 125
32298463 5624250 -2725
32298463 5624043 -25
32298463 5624152 25
32298463 5624244 75
32298385 5624250 125
32298463 5624250 78
32298303 5624250 175
32298216 5624250 225
32298463 5624550 -2725
32298463 5624348 125
32298463 5624464 175
32298422 5624550 225
32298463 5624550 207
32298307 5624550 275
32298180 5624550 325
32298463 5624850 -2725
32298212 5624850 175
32298463 5624601 225
32298293 5624850 225
32298388 5624850 275
32298463 5624744 275
32298370 5624668 245
32298463 5624850 307
32298463 5625150 -2726
32298217 5625150 -75
32298302 5625150 -25
32298366 5625150 25
32298414 5625150 75
32298452 5625150 125
32298463 5625150 141
32298463 5625102 175
32298463 5625021 225
32298463 5624925 275
32298457 5625450 -2725
32298463 5625450 -2726
32298208 5625450 -125
32298463 5625450 -146
32298463 5625410 -125
32298463 5625330 -75
32298463 5625269 -25
32298463 5625222 25
32298463 5625186 75
32298463 5625158 125
32298463 5625456 -2725
32298463 5625750 -2675
32298340 5625750 -125
32298463 5625750 -162
32298214 5625750 -75
32298463 5626050 -2675
32298280 5626050 -225
32298463 5626050 -188
32298463 5625913 -175
32298458 5626350 -2675
32298463 5626350 -2675
32298176 5626350 -1225
32298194 5626350 -1175
32298211 5626350 -1125
32298175 5626350 -425
32298306 5626350 -375
32298413 5626350 -325
32298463 5626350 -297
32298463 5626282 -275
32298463 5626142 -225
32298463 5626355 -2675
32298463 5626650 -2625
32298463 5626650 -1272
32298463 5626633 -1225
32298463 5626617 -1175
32298463 5626650 -1169
32298216 5626650 -1125
32298234 5626650 -1075
32298252 5626650 -1025
32298246 5626650 -975
32298306 5626650 -425
32298426 5626650 -375
32298463 5626650 -357
32298463 5626477 -325
32298458 5626950 -2625
32298463 5626950 -2625
32298463 5626950 -1260
32298463 5626902 -1125
32298463 5626885 -1075
32298463 5626868 -1025
32298463 5626950 -1010
32298261 5626950 -975
32298279 5626950 -925
32298296 5626950 -875
32298247 5626950 -825
32298359 5626950 -375
32298463 5626950 -347
32298463 5626955 -2625
32298458 5627250 -2575
32298463 5627250 -2575
32298180 5627250 -1575
32298463 5627246 -1225
32298463 5627250 -1224
32298463 5627161 -975
32298463 5627144 -925
32298463 5627126 -875
32298463 5627250 -854
32298293 5627250 -825
32298310 5627250 -775
32298326 5627250 -725
32298343 5627250 -675
32298463 5627063 -325
32298463 5627250 -287
32298463 5627255 -2575
32298458 5627550 -2525
32298463 5627550 -2525
32298463 5627536 -1575
32298398 5627550 -1575
32298463 5627550 -1590
32298463 5627550 -1572
32298199 5627550 -1475
32298243 5627550 -1425
32298463 5627500 -1175
32298293 5627550 -1125
32298463 5627550 -1165
32298463 5627428 -825
32298463 5627411 -775
32298463 5627394 -725
32298463 5627377 -675
32298329 5627550 -625
32298463 5627550 -646
32298346 5627550 -575
32298362 5627550 -525
32298463 5627296 -275
32298463 5627475 -225
32298363 5627550 -175
32298463 5627550 -203
32298198 5627550 -125
32298463 5627555 -2525
32298457 5627850 -2475
32298463 5627850 -2475
32298463 5627610 -1575
32298463 5627818 -1475
32298354 5627850 -1475
32298463 5627850 -1510
32298245 5627776 -1445
32298463 5627774 -1425
32298204 5627850 -1425
32298195 5627850 -1375
32298463 5627850 -1413
32298241 5627850 -1325
32298287 5627850 -1275
32298463 5627692 -1125
32298449 5627850 -1075
32298463 5627850 -1080
32298308 5627850 -1025
32298168 5627850 -975
32298463 5627687 -625
32298463 5627671 -575
32298463 5627654 -525
32298355 5627850 -475
32298463 5627850 -491
32298354 5627850 -425
32298370 5627850 -375
32298386 5627850 -325
32298463 5627626 -175
32298463 5627759 -125
32298430 5627850 -75
32298463 5627850 -90
32298323 5627850 -25
32298217 5627850 25
32298463 5627855 -2475
32298457 5628150 -2425
32298463 5628150 -2426
32298463 5627953 -1475
32298463 5628095 -1425
32298463 5628150 -1405
32298463 5628121 -1375
32298391 5628150 -1375
32298463 5628075 -1325
32298276 5628150 -1325
32298173 5628140 -1277
32298463 5628029 -1275
32298165 5628150 -1275
32298463 5628150 -1258
32298209 5628150 -1225
32298257 5628150 -1175
32298305 5628150 -1125
32298463 5627863 -1075
32298463 5627993 -1025
32298463 5628121 -975
32298386 5628150 -925
32298463 5628150 -963
32298288 5628150 -875
32298192 5628150 -825
32298463 5627960 -475
32298463 5627961 -425
32298463 5627945 -375
32298463 5627928 -325
32298353 5628150 -275
32298463 5628150 -290
32298358 5628150 -225
32298374 5628150 -175
32298389 5628150 -125
32298463 5627876 -75
32298405 5628150 -75
32298463 5627956 -25
32298463 5628033 25
32298463 5628108 75
32298431 5628150 125
32298463 5628150 103
32298355 5628150 175
32298274 5628150 225
32298189 5628150 275
32298463 5628156 -2425
32298463 5628155 -2375
32298457 5628450 -2325
32298463 5628450 -2326
32298463 5628220 -1375
32298463 5628334 -1325
32298463 5628444 -1275
32298268 5628256 -1272
32298463 5628450 -1272
32298373 5628450 -1225
32298463 5628404 -1225
32298463 5628356 -1175
32298282 5628450 -1175
32298235 5628377 -1142
32298463 5628307 -1125
32298195 5628450 -1125
32298192 5628450 -1075
32298463 5628450 -1106
32298242 5628450 -1025
32298293 5628450 -975
32298463 5628228 -925
32298281 5628450 -925
32298463 5628328 -875
32298463 5628427 -825
32298404 5628450 -775
32298463 5628450 -813
32298329 5628450 -725
32298256 5628450 -675
32298185 5628450 -625
32298463 5628259 -275
32298463 5628253 -225
32298463 5628238 -175
32298463 5628223 -125
32298463 5628207 -75
32298357 5628450 -25
32298463 5628450 -39
32298374 5628450 25
32298392 5628450 75
32298463 5628187 125
32298410 5628450 125
32298463 5628275 175
32298463 5628368 225
32298453 5628450 275
32298463 5628450 268
32298376 5628450 325
32298298 5628450 375
32298219 5628450 425
32298463 5628456 -2325
32298457 5628750 -2275
32298463 5628750 -2276
32298457 5628750 -2225
32298463 5628541 -1225
32298463 5628633 -1175
32298463 5628722 -1125
32298463 5628716 -1075
32298406 5628750 -1075
32298463 5628750 -1109
32298463 5628667 -1025
32298326 5628750 -1025
32298276 5628633 -999
32298463 5628616 -975
32298247 5628750 -975
32298463 5628750 -959
32298205 5628750 -875
32298254 5628750 -825
32298463 5628511 -775
32298304 5628750 -775
32298463 5628588 -725
32298463 5628663 -675
32298463 5628738 -625
32298406 5628750 -575
32298463 5628750 -616
32298338 5628750 -525
32298272 5628750 -475
32298207 5628750 -425
32298463 5628554 -25
32298463 5628537 25
32298463 5628519 75
32298463 5628502 125
32298359 5628750 175
32298463 5628750 160
32298377 5628750 225
32298463 5628461 275
32298396 5628750 275
32298416 5628750 325
32298463 5628544 325
32298439 5628476 283
32298435 5628750 375
32298463 5628627 375
32298463 5628710 425
32298421 5628750 475
32298463 5628750 448
32298463 5628756 -2275
32298463 5628756 -2225
32298457 5629050 -2175
32298463 5629050 -2176
32298457 5629050 -2125
32298463 5628807 -1075
32298463 5628888 -1025
32298463 5628966 -975
32298463 5629009 -875
32298395 5629050 -875
32298463 5629050 -918
32298463 5628960 -825
32298316 5629050 -825
32298274 5628940 -798
32298463 5628911 -775
32298239 5629050 -775
32298463 5629050 -760
32298205 5629050 -675
32298250 5629050 -625
32298463 5628805 -575
32298463 5628871 -525
32298463 5628935 -475
32298463 5628999 -425
32298449 5629050 -375
32298463 5629050 -384
32298379 5629050 -325
32298309 5629050 -275
32298238 5629050 -225
32298165 5629050 -175
32298463 5628855 175
32298463 5628836 225
32298463 5628817 275
32298463 5628798 325
32298463 5628805 375
32298379 5629050 425
32298463 5629050 404
32298463 5628790 475
32298399 5629050 475
32298463 5629056 -2175
32298463 5629056 -2125
32298463 5629332 -2075
32298457 5629350 -2025
32298463 5629350 -2072
32298463 5629121 -875
32298463 5629201 -825
32298463 5629279 -775
32298463 5629346 -725
32298457 5629350 -725
32298463 5629350 -728
32298463 5629304 -675
32298377 5629350 -675
32298463 5629261 -625
32298298 5629350 -625
32298463 5629350 -614
32298174 5629350 -525
32298214 5629350 -475
32298463 5629063 -375
32298463 5629131 -325
32298463 5629199 -275
32298463 5629266 -225
32298463 5629335 -175
32298400 5629350 -125
32298463 5629350 -164
32298317 5629350 -75
32298233 5629350 -25
32298463 5629135 425
32298463 5629115 475
32298463 5629356 -2025
32298463 5629356 -1975
32298457 5629650 -1925
32298463 5629650 -1926
32298457 5629650 -1875
32298463 5629356 -725
32298463 5629438 -675
32298463 5629519 -625
32298463 5629637 -525
32298435 5629650 -525
32298463 5629650 -541
32298463 5629599 -475
32298346 5629650 -475
32298463 5629650 -468
32298166 5629650 -375
32298204 5629650 -325
32298463 5629406 -125
32298463 5629477 -75
32298463 5629547 -25
32298463 5629614 25
32298395 5629650 75
32298463 5629650 50
32298247 5629650 125
32298463 5629656 -1925
32298463 5629656 -1875
32298463 5629656 -1825
32298457 5629950 -1775
32298463 5629950 -1776
32298457 5629950 -1725
32298463 5629678 -525
32298463 5629763 -475
32298194 5629950 -225
32298234 5629950 -175
32298463 5629697 75
32298463 5629797 125
32298463 5629898 175
32298463 5629950 199
32298463 5629956 -1775
32298463 5629956 -1725
32298463 5629956 -1675
32298456 5630250 -1625
32298463 5630250 -1626
32298457 5630250 -1575
32298463 5630227 -225
32298391 5630250 -225
32298463 5630250 -251
32298463 5630250 -221
32298191 5630250 -125
32298239 5630250 -75
32298421 5630250 225
32298463 5630250 213
32298246 5630250 275
32298463 5630256 -1625
32298463 5630256 -1575
32298463 5630256 -1525
32298456 5630550 -1475
32298463 5630550 -1476
32298456 5630550 -1425
32298457 5630550 -1375
32298463 5630308 -225
32298463 5630547 -125
32298458 5630550 -125
32298463 5630550 -127
32298463 5630497 -75
32298335 5630550 -75
32298463 5630550 -67
32298190 5630550 25
32298236 5630550 75
32298463 5630274 225
32298463 5630381 275
32298463 5630486 325
32298430 5630550 375
32298463 5630550 356
32298340 5630550 425
32298247 5630550 475
32298463 5630557 -1475
32298463 5630556 -1425
32298463 5630556 -1375
32298463 5630556 -1325
32298456 5630850 -1275
32298463 5630850 -1276
32298456 5630850 -1225
32298250 5630850 -1175
32298463 5630553 -125
32298463 5630640 -75
32298463 5630850 52
32298463 5630823 75
32298412 5630850 75
32298308 5630850 125
32298463 5630767 125
32298463 5630850 134
32298183 5630850 225
32298226 5630850 275
32298463 5630573 375
32298463 5630635 425
32298463 5630699 475
32298463 5630857 -1275
32298463 5630857 -1225
32298463 5630856 -1175
32298463 5630857 -1125
32298456 5631150 -1075
32298463 5631150 -1076
32298456 5631150 -1025
32298463 5630884 75
32298463 5630957 125
32298463 5631150 271
32298463 5631146 275
32298450 5631150 275
32298258 5631150 325
32298463 5631095 325
32298180 5631150 375
32298463 5631150 330
32298216 5631150 425
32298250 5631150 475
32298463 5631157 -1075
32298463 5631157 -1025
32298463 5631156 -975
32298463 5631156 -925
32298456 5631450 -875
32298463 5631450 -876
32298457 5631450 -825
32298456 5631450 -775
32298463 5631156 275
32298463 5631248 325
32298463 5631408 475
32298463 5631450 427
32298463 5631457 -875
32298463 5631456 -825
32298463 5631456 -775
32298463 5631456 -725
32298457 5631750 -675
32298463 5631750 -676
32298457 5631750 -625
32298457 5631750 -575
32298463 5631641 475
32298463 5631756 -675
32298463 5631756 -625
32298463 5631755 -575
32298463 5631755 -525
32298458 5632050 -475
32298463 5632050 -475
32298458 5632050 -425
32298458 5632050 -375
32298463 5632055 -475
32298463 5632055 -425
32298463 5632055 -375
32298463 5632054 -325
32298463 5632054 -275
32298459 5632350 -225
32298463 5632350 -225
32298459 5632350 -175
32298459 5632350 -125
32298463 5632354 -225
32298463 5632354 -175
32298463 5632353 -125
32298463 5632353 -75
32298463 5632353 -25
32298460 5632650 25
32298463 5632650 24
32298460 5632650 75
32298459 5632650 125
32298463 5632653 25
32298463 5632653 75
32298463 5632653 125
32298463 5632652 175
32298463 5632652 225
32298460 5632950 275
32298463 5632950 274
32298460 5632950 325
32298460 5632950 375
32298463 5632953 275
32298463 5632953 325
32298463 5632953 375
32298463 5632952 425
32298463 5632952 475
32298765 5623650 -2725
32298765 5623950 -2725
32298686 5623650 -75
32298765 5623756 -75
32298765 5623650 -87
32298765 5623950 -52
32298765 5624250 -2725
32298765 5624061 -25
32298736 5624250 25
32298765 5624250 19
32298480 5624250 75
32298765 5624550 -2725
32298765 5624267 25
32298765 5624438 75
32298707 5624550 125
32298765 5624550 105
32298560 5624550 175
32298765 5624850 -2726
32298765 5624612 125
32298765 5624757 175
32298721 5624850 225
32298765 5624850 209
32298574 5624850 275
32298765 5625150 -2726
32298647 5625150 175
32298765 5625150 192
32298765 5625450 -2726
32298553 5625450 -125
32298729 5625450 -75
32298765 5625450 -62
32298765 5625393 -25
32298765 5625327 25
32298765 5625269 75
32298765 5625217 125
32298765 5625167 175
32298759 5625750 -2725
32298765 5625750 -2726
32298627 5625750 -175
32298765 5625750 -184
32298765 5625724 -175
32298765 5625594 -125
32298765 5625476 -75
32298765 5625756 -2725
32298765 5626050 -2675
32298765 5626050 -221
32298765 5626350 -2675
32298540 5626350 -275
32298703 5626350 -225
32298765 5626350 -205
32298759 5626650 -2675
32298765 5626650 -2675
32298479 5626650 -1225
32298496 5626650 -1175
32298534 5626650 -325
32298628 5626650 -275
32298709 5626650 -225
32298765 5626650 -185
32298765 5626655 -2675
32298765 5626950 -2625
32298765 5626950 -1256
32298765 5626939 -1225
32298765 5626923 -1175
32298510 5626950 -1125
32298765 5626950 -1170
32298526 5626950 -1075
32298543 5626950 -1025
32298514 5626950 -325
32298618 5626950 -275
32298706 5626950 -225
32298765 5626950 -186
32298765 5627025 -2625
32298765 5627250 -2587
32298473 5627250 -1225
32298765 5627250 -1240
32298765 5627212 -1125
32298765 5627196 -1075
32298765 5627180 -1025
32298548 5627250 -975
32298765 5627250 -1012
32298564 5627250 -925
32298580 5627250 -875
32298511 5627250 -275
32298684 5627250 -225
32298765 5627250 -198
32298759 5627550 -2575
32298765 5627550 -2575
32298476 5627550 -1575
32298765 5627388 -1225
32298535 5627550 -1175
32298765 5627550 -1207
32298765 5627472 -975
32298765 5627456 -925
32298765 5627440 -875
32298581 5627550 -825
32298765 5627550 -856
32298597 5627550 -775
32298613 5627550 -725
32298628 5627550 -675
32298765 5627550 -213
32298765 5627555 -2575
32298759 5627850 -2525
32298765 5627850 -2525
32298765 5627841 -1575
32298722 5627850 -1575
32298765 5627850 -1585
32298765 5627850 -1573
32298494 5627850 -1475
32298537 5627850 -1425
32298765 5627733 -1175
32298645 5627850 -1125
32298765 5627850 -1154
32298765 5627736 -825
32298765 5627719 -775
32298765 5627703 -725
32298765 5627688 -675
32298623 5627850 -625
32298765 5627850 -647
32298640 5627850 -575
32298656 5627850 -525
32298718 5627850 -175
32298765 5627850 -190
32298565 5627850 -125
32298765 5627855 -2525
32298759 5628150 -2475
32298765 5628150 -2475
32298765 5627890 -1575
32298765 5628122 -1475
32298669 5628150 -1475
32298765 5628150 -1506
32298561 5628061 -1449
32298765 5628079 -1425
32298520 5628150 -1425
32298491 5628150 -1375
32298765 5628150 -1414
32298537 5628150 -1325
32298583 5628150 -1275
32298765 5627962 -1125
32298764 5628150 -1075
32298765 5628150 -1075
32298627 5628150 -1025
32298493 5628150 -975
32298765 5627991 -625
32298765 5627974 -575
32298765 5627958 -525
32298765 5627943 -475
32298652 5628150 -425
32298765 5628150 -442
32298668 5628150 -375
32298684 5628150 -325
32298765 5627891 -175
32298765 5628018 -125
32298765 5628129 -75
32298698 5628150 -25
32298765 5628150 -64
32298611 5628150 25
32298519 5628150 75
32298765 5628155 -2475
32298765 5628155 -2425
32298759 5628450 -2375
32298765 5628450 -2376
32298765 5628241 -1475
32298765 5628385 -1425
32298765 5628450 -1402
32298765 5628425 -1375
32298700 5628450 -1375
32298765 5628379 -1325
32298583 5628450 -1325
32298482 5628431 -1280
32298765 5628333 -1275
32298469 5628450 -1275
32298765 5628450 -1258
32298509 5628450 -1225
32298557 5628450 -1175
32298605 5628450 -1125
32298765 5628150 -1075
32298765 5628283 -1025
32298765 5628415 -975
32298688 5628450 -925
32298765 5628450 -961
32298586 5628450 -875
32298486 5628450 -825
32298765 5628260 -425
32298765 5628244 -375
32298765 5628229 -325
32298658 5628450 -275
32298765 5628450 -290
32298664 5628450 -225
32298680 5628450 -175
32298697 5628450 -125
32298714 5628450 -75
32298765 5628231 -25
32298765 5628344 25
32298752 5628450 75
32298765 5628450 66
32298677 5628450 125
32298603 5628450 175
32298529 5628450 225
32298765 5628455 -2375
32298758 5628750 -2325
32298765 5628750 -2326
32298765 5628513 -1375
32298765 5628627 -1325
32298765 5628737 -1275
32298561 5628549 -1270
32298765 5628750 -1269
32298678 5628750 -1225
32298765 5628707 -1225
32298765 5628659 -1175
32298583 5628750 -1175
32298529 5628685 -1141
32298765 5628611 -1125
32298492 5628750 -1125
32298765 5628750 -1107
32298496 5628750 -1075
32298545 5628750 -1025
32298594 5628750 -975
32298765 5628522 -925
32298765 5628618 -875
32298765 5628713 -825
32298715 5628750 -775
32298765 5628750 -804
32298633 5628750 -725
32298554 5628750 -675
32298476 5628750 -625
32298765 5628556 -275
32298765 5628550 -225
32298765 5628534 -175
32298765 5628517 -125
32298765 5628517 -75
32298660 5628750 -25
32298765 5628750 -43
32298677 5628750 25
32298765 5628462 75
32298694 5628750 75
32298712 5628750 125
32298765 5628538 125
32298736 5628478 85
32298765 5628612 175
32298765 5628687 225
32298751 5628750 275
32298765 5628750 266
32298669 5628750 325
32298586 5628750 375
32298503 5628750 425
32298765 5628756 -2325
32298765 5628755 -2275
32298758 5629050 -2225
32298765 5629050 -2226
32298765 5628835 -1225
32298765 5628929 -1175
32298765 5629018 -1125
32298765 5629050 -1106
32298765 5629019 -1075
32298711 5629050 -1075
32298765 5628971 -1025
32298629 5629050 -1025
32298579 5628938 -999
32298765 5628922 -975
32298550 5629050 -975
32298765 5629050 -960
32298503 5629050 -875
32298550 5629050 -825
32298765 5628797 -775
32298598 5629050 -775
32298765 5628872 -725
32298765 5628945 -675
32298765 5629016 -625
32298729 5629050 -575
32298765 5629050 -600
32298659 5629050 -525
32298589 5629050 -475
32298519 5629050 -425
32298765 5628857 -25
32298765 5628839 25
32298765 5628821 75
32298765 5628803 125
32298653 5629050 175
32298765 5629050 159
32298672 5629050 225
32298765 5628761 275
32298690 5629050 275
32298709 5629050 325
32298765 5628834 325
32298734 5628776 284
32298696 5629050 375
32298765 5628907 375
32298765 5628981 425
32298756 5629050 475
32298765 5629050 470
32298765 5629056 -2225
32298765 5629055 -2175
32298758 5629350 -2125
32298765 5629350 -2126
32298481 5629350 -2075
32298765 5629106 -1075
32298765 5629191 -1025
32298765 5629272 -975
32298765 5629349 -925
32298763 5629350 -925
32298765 5629350 -925
32298765 5629305 -875
32298685 5629350 -875
32298765 5629260 -825
32298608 5629350 -825
32298765 5629350 -814
32298466 5629350 -725
32298509 5629350 -675
32298551 5629350 -625
32298765 5629084 -575
32298765 5629150 -525
32298765 5629215 -475
32298765 5629278 -425
32298765 5629342 -375
32298700 5629350 -325
32298765 5629350 -369
32298626 5629350 -275
32298553 5629350 -225
32298479 5629350 -175
32298765 5629160 175
32298765 5629142 225
32298765 5629123 275
32298765 5629105 325
32298765 5629086 375
32298677 5629350 425
32298765 5629350 412
32298765 5629057 475
32298695 5629350 475
32298765 5629356 -2125
32298765 5629356 -2075
32298758 5629650 -2025
32298765 5629650 -2026
32298758 5629650 -1975
32298765 5629351 -925
32298765 5629433 -875
32298765 5629513 -825
32298765 5629642 -725
32298750 5629650 -725
32298765 5629650 -734
32298765 5629602 -675
32298672 5629650 -675
32298765 5629650 -669
32298476 5629650 -525
32298513 5629650 -475
32298765 5629409 -325
32298765 5629474 -275
32298765 5629538 -225
32298765 5629601 -175
32298747 5629650 -125
32298765 5629650 -135
32298665 5629650 -75
32298585 5629650 -25
32298505 5629650 25
32298765 5629441 425
32298765 5629421 475
32298765 5629656 -2025
32298765 5629656 -1975
32298765 5629655 -1925
32298758 5629950 -1875
32298765 5629950 -1876
32298758 5629950 -1825
32298765 5629664 -725
32298765 5629743 -675
32298765 5629940 -525
32298743 5629950 -525
32298765 5629950 -538
32298765 5629950 -523
32298765 5629665 -125
32298765 5629736 -75
32298765 5629807 -25
32298765 5629876 25
32298765 5629944 75
32298651 5629950 125
32298765 5629950 78
32298526 5629950 175
32298765 5629956 -1875
32298765 5629956 -1825
32298765 5629956 -1775
32298758 5630250 -1725
32298765 5630250 -1726
32298758 5630250 -1675
32298765 5629971 -525
32298485 5630250 -225
32298765 5630053 125
32298765 5630169 175
32298765 5630250 208
32298765 5630256 -1725
32298765 5630256 -1675
32298765 5630256 -1625
32298758 5630550 -1575
32298765 5630550 -1576
32298758 5630550 -1525
32298765 5630520 -175
32298647 5630550 -175
32298765 5630550 -212
32298465 5630550 -125
32298765 5630550 -170
32298508 5630550 -75
32298765 5630316 225
32298765 5630504 275
32298598 5630550 325
32298765 5630550 288
32298765 5630556 -1575
32298765 5630556 -1525
32298765 5630556 -1475
32298757 5630850 -1425
32298765 5630850 -1426
32298758 5630850 -1375
32298758 5630850 -1325
32298765 5630612 -175
32298765 5630834 -25
32298716 5630850 -25
32298765 5630850 -40
32298765 5630786 25
32298556 5630850 25
32298482 5630850 75
32298765 5630850 32
32298523 5630850 125
32298765 5630607 325
32298765 5630684 375
32298765 5630759 425
32298765 5630833 475
32298765 5630857 -1425
32298765 5630856 -1375
32298765 5630856 -1325
32298765 5630856 -1275
32298757 5631150 -1225
32298765 5631150 -1226
32298758 5631150 -1175
32298757 5631150 -1125
32298765 5630869 -25
32298765 5630925 25
32298466 5631150 275
32298496 5631150 325
32298765 5631157 -1225
32298765 5631156 -1175
32298765 5631156 -1125
32298765 5631156 -1075
32298757 5631450 -1025
32298765 5631450 -1026
32298758 5631450 -975
32298758 5631450 -925
32298496 5631450 425
32298765 5631450 403
32298765 5631429 425
32298495 5631450 475
32298765 5631450 427
32298765 5631457 -1025
32298765 5631456 -975
32298765 5631456 -925
32298765 5631456 -875
32298758 5631750 -825
32298765 5631750 -826
32298758 5631750 -775
32298758 5631750 -725
32298765 5631532 425
32298765 5631756 -825
32298765 5631756 -775
32298765 5631756 -725
32298765 5631755 -675
32298765 5631755 -625
32298759 5632050 -575
32298765 5632050 -575
32298759 5632050 -525
32298765 5632055 -575
32298765 5632055 -525
32298765 5632055 -475
32298765 5632055 -425
32298760 5632350 -375
32298765 5632350 -375
32298760 5632350 -325
32298760 5632350 -275
32298765 5632354 -375
32298765 5632354 -325
32298765 5632354 -275
32298765 5632354 -225
32298765 5632354 -175
32298765 5632429 -125
32298761 5632650 -75
32298765 5632650 -88
32298761 5632650 -25
32298765 5632654 -75
32298765 5632653 -25
32298765 5632653 25
32298765 5632653 75
32298765 5632652 125
32298761 5632950 175
32298765 5632950 174
32298761 5632950 225
32298765 5632953 175
32298765 5632953 225
32298765 5632953 275
32298765 5632952 325
32298765 5632952 375
32298761 5633250 425
32298765 5633250 424
32298761 5633250 475
32298765 5633253 425
32298765 5633253 475
32299066 5623650 -2726
32299066 5623950 -2725
32298933 5623650 -125
32299066 5623758 -125
32299066 5623650 -149
32299066 5623946 -75
32299066 5623950 -73
32299066 5624250 -2726
32299066 5624104 -25
32298976 5624250 25
32299066 5624243 25
32299066 5624250 27
32299066 5624550 -2726
32299066 5624550 47
32298925 5624550 75
32299066 5624850 -2726
32299066 5624834 75
32298943 5624850 125
32299066 5624850 76
32298834 5624850 175
32299066 5625150 -2726
32299066 5624988 125
32299066 5625101 175
32299066 5625150 198
32299066 5625450 -2726
32298845 5625450 -25
32298931 5625450 25
32299001 5625450 75
32299059 5625450 125
32299066 5625450 131
32299066 5625270 175
32299066 5625750 -2726
32298797 5625750 -175
32298949 5625750 -125
32299060 5625750 -75
32299066 5625750 -71
32299066 5625673 -25
32299066 5625599 25
32299066 5625528 75
32299066 5625459 125
32299060 5626050 -2725
32299066 5626050 -2725
32299066 5626050 -221
32299066 5625935 -175
32299066 5625833 -125
32299066 5625754 -75
32299066 5626055 -2725
32299066 5626350 -2675
32298925 5626350 -225
32299066 5626350 -238
32299066 5626114 -225
32299066 5626650 -2675
32299066 5626409 -225
32299066 5626593 -175
32298863 5626650 -175
32299066 5626650 -155
32299060 5626950 -2675
32299066 5626950 -2675
32298775 5626950 -1225
32298791 5626950 -1175
32298797 5626950 -175
32299066 5626756 -125
32298925 5626950 -125
32299039 5626950 -75
32299066 5626913 -75
32299066 5626950 -62
32299066 5626955 -2675
32298990 5627250 -2625
32299066 5627250 -2625
32299066 5627250 -1243
32299066 5627244 -1225
32299066 5627228 -1175
32298802 5627250 -1125
32299066 5627250 -1171
32298818 5627250 -1075
32298833 5627250 -1025
32298835 5627250 -175
32298968 5627250 -125
32299066 5627250 -83
32299066 5627124 -75
32299066 5627255 -2625
32299066 5627550 -2575
32298988 5627550 -1225
32299066 5627550 -1231
32299066 5627515 -1125
32299066 5627500 -1075
32299066 5627484 -1025
32298842 5627550 -975
32299066 5627550 -1013
32298858 5627550 -925
32298873 5627550 -875
32299066 5627550 -188
32299066 5627504 -175
32299066 5627356 -125
32299060 5627850 -2575
32299066 5627850 -2575
32298773 5627850 -1575
32299066 5627613 -1225
32298893 5627850 -1175
32299066 5627850 -1202
32299066 5627773 -975
32299066 5627757 -925
32299066 5627742 -875
32299066 5627726 -825
32298895 5627850 -775
32299066 5627850 -803
32298912 5627850 -725
32298928 5627850 -675
32298934 5627850 -225
32299066 5627850 -250
32299066 5627715 -225
32299066 5627855 -2575
32299060 5628150 -2525
32299066 5628150 -2525
32299066 5628146 -1575
32299046 5628150 -1575
32299066 5628150 -1579
32299066 5628150 -1574
32298792 5628150 -1475
32298834 5628150 -1425
32299066 5628004 -1175
32298966 5628150 -1125
32299066 5628150 -1149
32299066 5628019 -775
32299066 5628003 -725
32299066 5627986 -675
32298925 5628150 -625
32299066 5628150 -647
32298942 5628150 -575
32298959 5628150 -525
32298975 5628150 -475
32299066 5628066 -225
32298974 5628150 -175
32299066 5628150 -214
32298871 5628150 -125
32298781 5628150 -75
32299066 5628155 -2525
32299066 5628159 -2475
32299060 5628450 -2425
32299066 5628450 -2426
32299066 5628167 -1575
32299066 5628430 -1475
32298994 5628450 -1475
32299066 5628450 -1497
32299066 5628386 -1425
32298836 5628450 -1425
32299066 5628450 -1415
32298789 5628450 -1375
32298834 5628450 -1325
32298878 5628450 -1275
32299066 5628235 -1125
32299066 5628411 -1075
32298950 5628450 -1025
32299066 5628450 -1063
32298803 5628450 -975
32299066 5628291 -625
32299066 5628273 -575
32299066 5628256 -525
32299066 5628239 -475
32298955 5628450 -425
32299066 5628450 -441
32298971 5628450 -375
32298988 5628450 -325
32299066 5628258 -175
32299066 5628390 -125
32299016 5628450 -75
32299066 5628450 -101
32298926 5628450 -25
32298837 5628450 25
32299066 5628455 -2425
32299060 5628750 -2375
32299066 5628750 -2375
32299066 5628514 -1475
32299066 5628653 -1425
32299066 5628750 -1389
32299066 5628736 -1375
32299029 5628750 -1375
32299066 5628691 -1325
32298902 5628750 -1325
32298804 5628714 -1285
32299066 5628645 -1275
32298779 5628750 -1275
32299066 5628750 -1260
32298805 5628750 -1225
32298850 5628750 -1175
32298896 5628750 -1125
32299066 5628545 -1025
32299066 5628665 -975
32299034 5628750 -925
32299066 5628750 -938
32298920 5628750 -875
32298809 5628750 -825
32299066 5628563 -425
32299066 5628546 -375
32299066 5628529 -325
32299066 5628511 -275
32298960 5628750 -225
32299066 5628750 -240
32298977 5628750 -175
32298993 5628750 -125
32299066 5628494 -75
32298991 5628750 -75
32299066 5628574 -25
32299066 5628650 25
32299066 5628723 75
32299014 5628750 125
32299066 5628750 93
32298928 5628750 175
32298839 5628750 225
32299066 5628755 -2375
32299066 5628773 -2325
32299060 5629050 -2275
32299066 5629050 -2279
32299066 5628782 -1375
32299066 5628895 -1325
32299066 5629003 -1275
32299066 5629050 -1252
32299066 5629024 -1225
32299006 5629050 -1225
32299066 5628977 -1175
32298902 5629050 -1175
32298840 5628984 -1142
32299066 5628930 -1125
32298800 5629050 -1125
32298793 5629050 -1075
32299066 5629050 -1109
32298837 5629050 -1025
32298882 5629050 -975
32299066 5628776 -925
32299066 5628867 -875
32299066 5628955 -825
32299066 5629039 -775
32298986 5629050 -725
32299066 5629050 -768
32298896 5629050 -675
32298807 5629050 -625
32299066 5628859 -225
32299066 5628842 -175
32299066 5628825 -125
32299066 5628808 -75
32298959 5629050 -25
32299066 5629050 -40
32298966 5629050 25
32298983 5629050 75
32299066 5628791 125
32299000 5629050 125
32299066 5628860 175
32299066 5628931 225
32299066 5629005 275
32299029 5629050 325
32299066 5629050 304
32298937 5629050 375
32298846 5629050 425
32299066 5629055 -2275
32299059 5629350 -2225
32299066 5629350 -2226
32299060 5629350 -2175
32299066 5629104 -1225
32299066 5629199 -1175
32299066 5629289 -1125
32299066 5629350 -1090
32299066 5629336 -1075
32299037 5629350 -1075
32299066 5629290 -1025
32298943 5629350 -1025
32298882 5629250 -999
32299066 5629245 -975
32298852 5629350 -975
32298765 5629350 -925
32299066 5629350 -962
32298806 5629350 -875
32298847 5629350 -825
32299066 5629115 -725
32299066 5629187 -675
32299066 5629257 -625
32299066 5629324 -575
32299015 5629350 -525
32299066 5629350 -556
32298933 5629350 -475
32298853 5629350 -425
32298773 5629350 -375
32299066 5629158 -25
32299066 5629150 25
32299066 5629133 75
32299066 5629116 125
32299066 5629098 175
32299066 5629080 225
32298988 5629350 275
32299066 5629350 263
32299066 5629084 325
32299006 5629350 325
32299024 5629350 375
32299066 5629168 375
32299004 5629106 342
32299066 5629249 425
32299066 5629326 475
32299066 5629356 -2225
32299066 5629355 -2175
32299066 5629405 -2125
32299060 5629650 -2075
32299066 5629650 -2084
32299066 5629377 -1075
32299066 5629462 -1025
32299066 5629544 -975
32299066 5629650 -907
32299066 5629622 -875
32299008 5629650 -875
32299066 5629581 -825
32298920 5629650 -825
32299066 5629650 -807
32298771 5629650 -725
32298808 5629650 -675
32299066 5629392 -525
32299066 5629458 -475
32299066 5629522 -425
32299066 5629585 -375
32299066 5629647 -325
32298987 5629650 -275
32299066 5629650 -323
32298906 5629650 -225
32298826 5629650 -175
32299066 5629432 275
32299066 5629413 325
32299066 5629393 375
32299066 5629374 425
32299066 5629355 475
32299066 5629656 -2075
32299066 5629655 -2025
32299059 5629950 -1975
32299066 5629950 -1976
32299060 5629950 -1925
32299066 5629703 -875
32299066 5629782 -825
32299066 5629950 -715
32299066 5629920 -675
32298997 5629950 -675
32298912 5629950 -625
32299066 5629882 -625
32299066 5629950 -616
32298773 5629950 -525
32299066 5629717 -275
32299066 5629787 -225
32299066 5629857 -175
32299066 5629927 -125
32299008 5629950 -75
32299066 5629950 -108
32298926 5629950 -25
32298846 5629950 25
32298770 5629950 75
32299066 5629956 -1975
32299066 5629956 -1925
32299066 5629955 -1875
32299059 5630250 -1825
32299066 5630250 -1826
32299060 5630250 -1775
32299066 5630013 -675
32299066 5630093 -625
32299066 5630248 -525
32299063 5630250 -525
32299066 5630250 -526
32298975 5630250 -475
32299066 5630214 -475
32299066 5630250 -470
32299066 5630002 -75
32299066 5630075 -25
32299066 5630145 25
32299066 5630214 75
32299001 5630250 125
32299066 5630250 100
32298861 5630250 175
32299066 5630256 -1825
32299066 5630256 -1775
32299066 5630255 -1725
32299059 5630550 -1675
32299066 5630550 -1676
32299060 5630550 -1625
32299066 5630252 -525
32299066 5630330 -475
32299032 5630550 -325
32299066 5630550 -341
32299066 5630537 -325
32299066 5630503 -275
32298924 5630550 -275
32299066 5630550 -268
32298793 5630550 -175
32299066 5630294 125
32299066 5630386 175
32299066 5630480 225
32298902 5630550 275
32299066 5630550 260
32299066 5630556 -1675
32299066 5630556 -1625
32299066 5630555 -1575
32299059 5630850 -1525
32299066 5630850 -1526
32299059 5630850 -1475
32299066 5630574 -325
32299066 5630650 -275
32299066 5630823 -125
32298987 5630850 -125
32299066 5630850 -158
32299066 5630784 -75
32298858 5630850 -75
32299066 5630748 -25
32298817 5630850 25
32299066 5630850 -10
32299066 5630589 275
32299066 5630714 325
32299066 5630822 375
32298953 5630850 425
32299066 5630850 388
32298799 5630850 475
32299066 5630856 -1525
32299066 5630856 -1475
32299066 5630856 -1425
32299066 5630861 -1375
32299059 5631150 -1325
32299066 5631150 -1327
32299059 5631150 -1275
32299066 5630891 -125
32299066 5630950 -75
32299066 5631005 -25
32299059 5631150 125
32299066 5631150 121
32299066 5631146 125
32299066 5631088 175
32298948 5631150 175
32299066 5631150 180
32299066 5630892 425
32299066 5630956 475
32299066 5631156 -1325
32299066 5631156 -1275
32299066 5631156 -1225
32299059 5631450 -1175
32299066 5631450 -1176
32299059 5631450 -1125
32299059 5631450 -1075
32299066 5631155 125
32299066 5631238 175
32298970 5631450 325
32299066 5631450 286
32299066 5631415 325
32299066 5631450 339
32298783 5631450 425
32299066 5631456 -1175
32299066 5631456 -1125
32299066 5631456 -1075
32299066 5631456 -1025
32299066 5631455 -975
32299059 5631750 -925
32299066 5631750 -926
32299059 5631750 -875
32299066 5631536 325
32299066 5631741 425
32299023 5631750 425
32299066 5631750 415
32298799 5631750 475
32299066 5631696 475
32299066 5631756 -925
32299066 5631756 -875
32299066 5631756 -825
32299066 5631755 -775
32299060 5632050 -725
32299066 5632050 -726
32299060 5632050 -675
32299060 5632050 -625
32299066 5631784 425
32299066 5631967 475
32299066 5632056 -725
32299066 5632055 -675
32299066 5632055 -625
32299066 5632055 -575
32299066 5632055 -525
32299060 5632350 -475
32299066 5632350 -475
32299061 5632350 -425
32299066 5632355 -475
32299066 5632355 -425
32299066 5632354 -375
32299066 5632354 -325
32299066 5632354 -275
32299061 5632650 -225
32299066 5632650 -225
32299061 5632650 -175
32298982 5632650 -125
32299066 5632654 -225
32299066 5632654 -175
32299066 5632654 -125
32299066 5632653 -75
32299066 5632653 -25
32299062 5632950 25
32299066 5632950 24
32299062 5632950 75
32299062 5632950 125
32299066 5632953 25
32299066 5632953 75
32299066 5632953 125
32299066 5632952 175
32299066 5632952 225
32299066 5632952 275
32299062 5633250 325
32299066 5633250 324
32299063 5633250 375
32299066 5633253 325
32299066 5633253 375
32299066 5633252 425
32299066 5633252 475
32299367 5623650 -2726
32299367 5623950 -2726
32299316 5623950 -175
32299367 5623650 -215
32299172 5623650 -175
32299367 5623950 -191
32299180 5623950 -125
32299068 5623950 -75
32299367 5624250 -2726
32299367 5624032 -175
32299365 5624250 -125
32299367 5624250 -125
32299250 5624250 -75
32299153 5624250 -25
32299070 5624250 25
32299367 5624550 -2726
32299367 5624254 -125
32299367 5624471 -75
32299276 5624550 -25
32299367 5624550 -55
32299131 5624550 25
32299367 5624850 -2726
32299367 5624831 -25
32299220 5624850 25
32299367 5624850 -23
32299070 5624850 75
32299367 5625150 -2726
32299367 5625073 25
32299300 5625150 75
32299367 5625150 44
32299201 5625150 125
32299110 5625150 175
32299367 5625450 -2726
32299312 5625450 75
32299367 5625450 65
32299089 5625450 125
32299367 5625750 -2726
32299210 5625750 -25
32299342 5625750 25
32299367 5625750 34
32299367 5626050 -2725
32299288 5626050 -175
32299367 5626050 -154
32299367 5625989 -125
32299367 5625900 -75
32299367 5625826 -25
32299367 5625761 25
32299361 5626350 -2725
32299367 5626350 -2725
32299367 5626350 -246
32299367 5626268 -225
32299367 5626106 -175
32299367 5626355 -2725
32299367 5626650 -2675
32299319 5626650 -225
32299367 5626650 -234
32299123 5626650 -175
32299367 5626950 -2675
32299367 5626686 -225
32299367 5626842 -175
32299340 5626950 -125
32299367 5626950 -130
32299116 5626950 -75
32299362 5627250 -2675
32299367 5627250 -2675
32299072 5627250 -1225
32299087 5627250 -1175
32299367 5626971 -125
32299134 5627250 -75
32299367 5627151 -75
32299367 5627250 -43
32299367 5627255 -2675
32299361 5627550 -2625
32299367 5627550 -2625
32299367 5627550 -1244
32299367 5627543 -1225
32299367 5627528 -1175
32299100 5627550 -1125
32299367 5627550 -1171
32299116 5627550 -1075
32299131 5627550 -1025
32299169 5627550 -175
32299367 5627550 -146
32299367 5627478 -125
32299367 5627332 -75
32299367 5627555 -2625
32299367 5627850 -2575
32299308 5627850 -1225
32299367 5627850 -1230
32299367 5627815 -1125
32299367 5627799 -1075
32299367 5627783 -1025
32299367 5627768 -975
32299159 5627850 -925
32299367 5627850 -960
32299175 5627850 -875
32299191 5627850 -825
32299367 5627850 -256
32299367 5627750 -225
32299367 5627615 -175
32299367 5627856 -2575
32299367 5628150 -2526
32299070 5628150 -1575
32299367 5627895 -1225
32299238 5628150 -1175
32299367 5628150 -1194
32299367 5628058 -925
32299367 5628041 -875
32299367 5628025 -825
32299197 5628150 -775
32299367 5628150 -803
32299213 5628150 -725
32299230 5628150 -675
32299125 5628150 -225
32299367 5628150 -264
32299367 5628155 -2525
32299357 5628450 -2475
32299367 5628450 -2475
32299085 5628450 -1475
32299126 5628450 -1425
32299367 5628238 -1175
32299351 5628450 -1125
32299367 5628450 -1128
32299118 5628450 -1075
32299367 5628324 -775
32299367 5628307 -725
32299367 5628290 -675
32299367 5628273 -625
32299237 5628450 -575
32299367 5628450 -596
32299254 5628450 -525
32299271 5628450 -475
32299367 5628300 -225
32299342 5628450 -175
32299367 5628450 -181
32299155 5628450 -125
32299367 5628455 -2475
32299361 5628750 -2425
32299367 5628750 -2425
32299367 5628750 -1474
32299367 5628706 -1425
32299192 5628750 -1425
32299367 5628750 -1418
32299078 5628750 -1375
32299120 5628750 -1325
32299162 5628750 -1275
32299367 5628460 -1125
32299367 5628608 -1075
32299364 5628750 -1025
32299367 5628750 -1025
32299191 5628750 -975
32299367 5628586 -575
32299367 5628568 -525
32299367 5628551 -475
32299367 5628533 -425
32299259 5628750 -375
32299367 5628750 -391
32299277 5628750 -325
32299294 5628750 -275
32299367 5628467 -175
32299367 5628602 -125
32299363 5628750 -75
32299367 5628750 -76
32299263 5628750 -25
32299174 5628750 25
32299094 5628750 75
32299367 5628755 -2425
32299361 5629050 -2375
32299367 5629050 -2376
32299343 5629050 -2325
32299367 5628880 -1425
32299367 5629050 -1357
32299367 5629021 -1325
32299273 5629050 -1325
32299179 5628981 -1298
32299367 5628976 -1275
32299129 5629050 -1275
32299089 5629050 -1225
32299367 5629050 -1265
32299130 5629050 -1175
32299171 5629050 -1125
32299367 5628751 -1025
32299367 5628859 -975
32299367 5628962 -925
32299352 5629050 -875
32299367 5629050 -880
32299216 5629050 -825
32299083 5629050 -775
32299367 5628865 -375
32299367 5628846 -325
32299367 5628827 -275
32299367 5628808 -225
32299367 5628789 -175
32299281 5629050 -125
32299367 5629050 -137
32299367 5628752 -75
32299300 5629050 -75
32299367 5628840 -25
32299367 5628925 25
32299367 5629007 75
32299333 5629050 125
32299367 5629050 102
32299259 5629050 175
32299187 5629050 225
32299112 5629050 275
32299367 5629056 -2375
32299367 5629055 -2325
32299361 5629350 -2275
32299367 5629350 -2276
32299367 5629120 -1325
32299367 5629225 -1275
32299367 5629350 -1212
32299367 5629317 -1175
32299274 5629350 -1175
32299195 5629274 -1150
32299367 5629273 -1125
32299150 5629350 -1125
32299078 5629350 -1075
32299367 5629350 -1115
32299116 5629350 -1025
32299155 5629350 -975
32299367 5629059 -875
32299367 5629142 -825
32299367 5629221 -775
32299367 5629296 -725
32299336 5629350 -675
32299367 5629350 -688
32299222 5629350 -625
32299108 5629350 -575
32299367 5629141 -125
32299367 5629121 -75
32299367 5629101 -25
32299367 5629080 25
32299367 5629060 75
32299326 5629079 103
32299367 5629081 125
32299367 5629350 114
32299295 5629350 125
32299313 5629350 175
32299367 5629149 175
32299309 5629102 142
32299331 5629350 225
32299367 5629215 225
32299367 5629279 275
32299367 5629341 325
32299291 5629350 375
32299367 5629350 332
32299197 5629350 425
32299097 5629350 475
32299367 5629356 -2275
32299367 5629355 -2225
32299361 5629650 -2175
32299367 5629650 -2176
32299311 5629650 -2125
32299367 5629419 -1175
32299367 5629509 -1125
32299367 5629650 -1041
32299367 5629636 -1025
32299330 5629650 -1025
32299367 5629595 -975
32299217 5629650 -975
32299105 5629650 -925
32299367 5629553 -925
32299089 5629650 -875
32299367 5629650 -913
32299123 5629650 -825
32299367 5629368 -675
32299367 5629437 -625
32299367 5629503 -575
32299367 5629565 -525
32299367 5629625 -475
32299302 5629650 -425
32299367 5629650 -454
32299188 5629650 -375
32299070 5629650 -325
32299367 5629433 125
32299367 5629411 175
32299367 5629391 225
32299367 5629371 275
32299367 5629352 325
32299340 5629363 335
32299367 5629392 375
32299367 5629650 362
32299290 5629650 375
32299306 5629650 425
32299367 5629444 425
32299258 5629400 397
32299323 5629650 475
32299367 5629497 475
32299367 5629656 -2175
32299367 5629655 -2125
32299361 5629950 -2075
32299367 5629950 -2076
32299361 5629950 -2025
32299367 5629677 -1025
32299367 5629760 -975
32299367 5629840 -925
32299367 5629950 -853
32299367 5629928 -825
32299305 5629950 -825
32299196 5629950 -775
32299367 5629891 -775
32299367 5629950 -767
32299091 5629950 -675
32299123 5629950 -625
32299367 5629689 -425
32299367 5629756 -375
32299367 5629823 -325
32299367 5629888 -275
32299361 5629950 -225
32299367 5629950 -227
32299239 5629950 -175
32299110 5629950 -125
32299367 5629738 375
32299367 5629719 425
32299367 5629700 475
32299367 5629956 -2075
32299367 5629955 -2025
32299367 5629955 -1975
32299361 5630250 -1925
32299367 5630250 -1926
32299361 5630250 -1875
32299367 5629997 -825
32299367 5630078 -775
32299367 5630250 -669
32299367 5630218 -625
32299273 5630250 -625
32299167 5630250 -575
32299367 5630184 -575
32299067 5630250 -525
32299367 5630250 -566
32299099 5630250 -475
32299367 5629955 -225
32299367 5630060 -175
32299367 5630184 -125
32299318 5630250 -75
32299367 5630250 -102
32299236 5630250 -25
32299165 5630250 25
32299099 5630250 75
32299367 5630256 -1925
32299367 5630255 -1875
32299367 5630255 -1825
32299361 5630550 -1775
32299367 5630550 -1776
32299361 5630550 -1725
32299367 5630323 -625
32299367 5630408 -575
32299367 5630550 -492
32299367 5630537 -475
32299332 5630550 -475
32299232 5630550 -425
32299367 5630502 -425
32299367 5630466 -375
32299132 5630550 -375
32299077 5630550 -325
32299367 5630550 -364
32299111 5630550 -275
32299367 5630300 -75
32299367 5630388 -25
32299367 5630467 25
32299367 5630537 75
32299305 5630550 125
32299367 5630550 85
32299226 5630550 175
32299138 5630550 225
32299367 5630556 -1775
32299367 5630555 -1725
32299367 5630555 -1675
32299361 5630850 -1625
32299367 5630850 -1626
32299361 5630850 -1575
32299367 5630580 -475
32299367 5630665 -425
32299367 5630748 -375
32299367 5630850 -312
32299367 5630823 -275
32299302 5630850 -275
32299208 5630850 -225
32299367 5630788 -225
32299367 5630752 -175
32299103 5630850 -175
32299091 5630850 -125
32299367 5630850 -162
32299128 5630850 -75
32299163 5630850 -25
32299367 5630609 125
32299367 5630683 175
32299367 5630761 225
32299367 5630843 275
32299238 5630850 325
32299367 5630850 278
32299103 5630850 375
32299367 5630856 -1625
32299367 5630856 -1575
32299367 5630855 -1525
32299360 5631150 -1475
32299367 5631150 -1476
32299361 5631150 -1425
32299355 5631150 -1375
32299367 5630909 -275
32299367 5630989 -225
32299367 5631070 -175
32299367 5631150 -128
32299367 5631147 -125
32299363 5631150 -125
32299367 5631110 -75
32299298 5631150 -75
32299367 5631072 -25
32299234 5631150 -25
32299174 5631150 25
32299367 5631033 25
32299367 5631150 58
32299069 5631150 125
32299121 5631150 175
32299367 5630964 325
32299367 5631087 375
32299338 5631150 425
32299367 5631150 401
32299273 5631150 475
32299367 5631156 -1475
32299367 5631156 -1425
32299367 5631156 -1375
32299367 5631155 -1325
32299360 5631450 -1275
32299367 5631450 -1276
32299361 5631450 -1225
32299367 5631154 -125
32299367 5631222 -75
32299367 5631291 -25
32299367 5631360 25
32299367 5631416 125
32299316 5631450 125
32299367 5631450 90
32299367 5631366 175
32299241 5631450 175
32299163 5631450 225
32299367 5631314 225
32299367 5631450 239
32299105 5631450 325
32299367 5631182 425
32299367 5631255 475
32299367 5631456 -1275
32299367 5631456 -1225
32299367 5631455 -1175
32299367 5631455 -1125
32299361 5631750 -1075
32299367 5631750 -1076
32299361 5631750 -1025
32299361 5631750 -975
32299367 5631500 125
32299367 5631575 175
32299367 5631652 225
32299367 5631710 325
32299278 5631750 325
32299367 5631750 286
32299162 5631750 375
32299367 5631658 375
32299074 5631750 425
32299367 5631750 385
32299120 5631750 475
32299367 5631756 -1075
32299367 5631756 -1025
32299367 5631755 -975
32299367 5631755 -925
32299367 5631756 -875
32299361 5632050 -825
32299367 5632050 -826
32299361 5632050 -775
32299367 5631838 325
32299367 5631954 375
32299367 5632050 415
32299367 5632041 425
32299333 5632050 425
32299367 5631996 475
32299149 5632050 475
32299367 5632056 -825
32299367 5632055 -775
32299367 5632055 -725
32299367 5632055 -675
32299361 5632350 -625
32299367 5632350 -625
32299361 5632350 -575
32299362 5632350 -525
32299367 5632087 425
32299367 5632290 475
32299367 5632355 -625
32299367 5632355 -575
32299367 5632355 -525
32299367 5632354 -475
32299367 5632354 -425
32299362 5632650 -375
32299367 5632650 -375
32299362 5632650 -325
32299362 5632650 -275
32299367 5632655 -375
32299367 5632654 -325
32299367 5632654 -275
32299367 5632654 -225
32299367 5632653 -175
32299367 5632657 -125
32299363 5632950 -75
32299367 5632950 -76
32299363 5632950 -25
32299367 5632953 -75
32299367 5632953 -25
32299367 5632953 25
32299367 5632953 75
32299367 5632952 125
32299363 5633250 175
32299367 5633250 174
32299364 5633250 225
32299364 5633250 275
32299367 5633253 175
32299367 5633253 225
32299367 5633253 275
32299367 5633252 325
32299367 5633252 375
32299363 5633550 425
32299367 5633550 424
32299364 5633550 475
32299367 5633553 425
32299367 5633553 475
32299668 5623650 -2726
32299668 5623950 -2726
32299497 5623950 -225
32299668 5623650 -239
32299479 5623650 -225
32299668 5623950 -263
32299668 5624250 -2726
32299629 5624250 -225
32299668 5624250 -237
32299485 5624250 -175
32299668 5624550 -2726
32299668 5624309 -225
32299668 5624518 -175
32299547 5624550 -125
32299668 5624550 -166
32299414 5624550 -75
32299668 5624850 -2726
32299668 5624751 -125
32299568 5624850 -75
32299668 5624850 -102
32299374 5624850 -25
32299668 5625150 -2726
32299629 5625150 -75
32299668 5625150 -91
32299513 5625150 -25
32299406 5625150 25
32299668 5625450 -2726
32299617 5625450 -75
32299668 5625450 -99
32299521 5625450 -25
32299433 5625450 25
32299668 5625750 -2726
32299607 5625750 -75
32299668 5625750 -94
32299479 5625750 -25
32299383 5625750 25
32299668 5626050 -2725
32299537 5626050 -125
32299668 5626050 -100
32299668 5626350 -2725
32299462 5626350 -225
32299638 5626350 -175
32299668 5626350 -164
32299668 5626164 -125
32299662 5626650 -2725
32299668 5626650 -2725
32299668 5626650 -239
32299668 5626581 -225
32299668 5626384 -175
32299668 5626655 -2725
32299668 5626950 -2675
32299643 5626950 -225
32299668 5626950 -231
32299480 5626950 -175
32299668 5627250 -2675
32299668 5626978 -225
32299668 5627150 -175
32299632 5627250 -125
32299668 5627250 -135
32299465 5627250 -75
32299668 5627352 -2675
32299668 5627550 -2641
32299373 5627550 -1225
32299389 5627550 -1175
32299668 5627550 -132
32299662 5627850 -2625
32299668 5627850 -2625
32299668 5627850 -1247
32299668 5627842 -1225
32299668 5627827 -1175
32299668 5627811 -1125
32299418 5627850 -1075
32299668 5627850 -1118
32299434 5627850 -1025
32299450 5627850 -975
32299668 5627850 -228
32299668 5627837 -225
32299668 5627668 -175
32299668 5627855 -2625
32299662 5628150 -2575
32299668 5628150 -2575
32299668 5628093 -1225
32299668 5628150 -1219
32299668 5628101 -1075
32299668 5628085 -1025
32299668 5628069 -975
32299668 5628058 -925
32299475 5628150 -875
32299668 5628150 -909
32299491 5628150 -825
32299668 5628150 -261
32299668 5628155 -2575
32299662 5628450 -2525
32299668 5628450 -2525
32299668 5628403 -1175
32299668 5628450 -1166
32299668 5628350 -875
32299668 5628333 -825
32299668 5628317 -775
32299504 5628450 -725
32299668 5628450 -752
32299521 5628450 -675
32299537 5628450 -625
32299668 5628331 -225
32299668 5628450 -198
32299668 5628455 -2525
32299662 5628750 -2475
32299668 5628750 -2475
32299406 5628750 -1425
32299668 5628596 -1125
32299639 5628750 -1075
32299668 5628750 -1080
32299668 5628625 -725
32299668 5628608 -675
32299668 5628591 -625
32299668 5628574 -575
32299668 5628584 -525
32299550 5628750 -475
32299668 5628750 -499
32299567 5628750 -425
32299668 5628523 -175
32299668 5628688 -125
32299668 5628750 -107
32299668 5628755 -2475
32299662 5629050 -2425
32299668 5629050 -2425
32299668 5629043 -1425
32299638 5629050 -1425
32299668 5629050 -1432
32299668 5629050 -1424
32299392 5629050 -1325
32299431 5629050 -1275
32299668 5628763 -1075
32299668 5628885 -1025
32299668 5629001 -975
32299551 5629050 -925
32299668 5629050 -953
32299668 5628882 -475
32299668 5628864 -425
32299668 5628846 -375
32299668 5628828 -325
32299563 5629050 -275
32299668 5629050 -292
32299580 5629050 -225
32299597 5629050 -175
32299668 5628818 -75
32299668 5628929 -25
32299668 5629048 25
32299468 5629050 75
32299668 5629050 25
32299668 5629055 -2425
32299668 5629055 -2375
32299662 5629350 -2325
32299668 5629350 -2325
32299668 5629068 -1425
32299668 5629350 -1302
32299668 5629326 -1275
32299575 5629350 -1275
32299668 5629350 -1271
32299394 5629350 -1175
32299431 5629350 -1125
32299668 5629102 -925
32299668 5629191 -875
32299668 5629275 -825
32299659 5629350 -775
32299668 5629350 -777
32299492 5629350 -725
32299668 5629176 -275
32299668 5629157 -225
32299668 5629137 -175
32299668 5629117 -125
32299668 5629095 -75
32299565 5629350 -25
32299668 5629350 -42
32299580 5629350 25
32299668 5629105 75
32299594 5629350 75
32299668 5629157 125
32299668 5629205 175
32299668 5629253 225
32299668 5629301 275
32299552 5629350 325
32299668 5629350 321
32299668 5629355 -2325
32299668 5629355 -2275
32299662 5629650 -2225
32299668 5629650 -2225
32299668 5629406 -1275
32299668 5629650 -1144
32299668 5629633 -1125
32299610 5629650 -1125
32299465 5629650 -1075
32299668 5629593 -1075
32299378 5629650 -1025
32299668 5629650 -1068
32299411 5629650 -975
32299444 5629650 -925
32299668 5629354 -775
32299668 5629425 -725
32299668 5629493 -675
32299668 5629557 -625
32299668 5629618 -575
32299599 5629650 -525
32299668 5629650 -547
32299438 5629650 -475
32299668 5629485 -25
32299668 5629467 25
32299668 5629449 75
32299668 5629430 125
32299668 5629411 175
32299668 5629391 225
32299573 5629650 275
32299668 5629650 258
32299668 5629354 325
32299589 5629650 325
32299668 5629416 375
32299668 5629478 425
32299668 5629542 475
32299668 5629655 -2225
32299668 5629655 -2175
32299662 5629950 -2125
32299668 5629950 -2125
32299668 5629685 -1125
32299668 5629771 -1075
32299668 5629950 -963
32299668 5629921 -925
32299564 5629950 -925
32299668 5629950 -921
32299385 5629950 -825
32299414 5629950 -775
32299668 5629678 -525
32299668 5629739 -475
32299668 5629798 -425
32299668 5629855 -375
32299668 5629910 -325
32299613 5629950 -275
32299668 5629950 -287
32299668 5629772 275
32299668 5629750 325
32299668 5629729 375
32299668 5629707 425
32299668 5629685 475
32299668 5629955 -2125
32299668 5629955 -2075
32299662 5630250 -2025
32299668 5630250 -2026
32299662 5630250 -1975
32299668 5630012 -925
32299668 5630219 -725
32299537 5630250 -725
32299668 5630250 -771
32299668 5630250 -721
32299393 5630250 -625
32299421 5630250 -575
32299668 5629967 -275
32299668 5630036 -225
32299668 5630108 -175
32299668 5630183 -125
32299668 5630250 -82
32299668 5630256 -2025
32299668 5630255 -1975
32299668 5630255 -1925
32299662 5630550 -1875
32299668 5630550 -1876
32299662 5630550 -1825
32299668 5630326 -725
32299668 5630550 -584
32299668 5630544 -575
32299642 5630550 -575
32299486 5630550 -525
32299668 5630515 -525
32299377 5630550 -475
32299668 5630550 -520
32299405 5630550 -425
32299432 5630550 -375
32299668 5630259 -75
32299668 5630321 -25
32299668 5630379 25
32299668 5630433 75
32299495 5630550 125
32299668 5630484 125
32299632 5630550 175
32299668 5630535 175
32299668 5630550 187
32299668 5630556 -1875
32299668 5630555 -1825
32299668 5630555 -1775
32299662 5630850 -1725
32299668 5630850 -1726
32299662 5630850 -1675
32299668 5630567 -575
32299668 5630656 -525
32299668 5630850 -409
32299668 5630832 -375
32299578 5630850 -375
32299415 5630850 -325
32299668 5630808 -325
32299387 5630850 -275
32299668 5630850 -319
32299413 5630850 -225
32299438 5630850 -175
32299668 5630638 225
32299668 5630777 275
32299668 5630850 299
32299668 5630856 -1725
32299668 5630855 -1675
32299668 5630855 -1625
32299662 5631150 -1575
32299668 5631150 -1576
32299662 5631150 -1525
32299668 5630914 -375
32299668 5631014 -325
32299668 5631150 -265
32299668 5631128 -225
32299588 5631150 -225
32299668 5631101 -175
32299478 5631150 -175
32299668 5631075 -125
32299403 5631150 -75
32299668 5631150 -113
32299437 5631150 -25
32299473 5631150 25
32299602 5631150 325
32299668 5631150 303
32299447 5631150 375
32299668 5631156 -1575
32299668 5631156 -1525
32299668 5631155 -1475
32299668 5631155 -1425
32299662 5631450 -1375
32299668 5631450 -1376
32299662 5631450 -1325
32299668 5631214 -225
32299668 5631302 -175
32299668 5631399 -125
32299628 5631450 -75
32299668 5631450 -100
32299668 5631431 -75
32299668 5631395 -25
32299549 5631450 -25
32299490 5631349 0
32299668 5631358 25
32299470 5631450 25
32299668 5631450 43
32299398 5631450 125
32299443 5631450 175
32299497 5631450 225
32299668 5631210 325
32299668 5631356 375
32299639 5631450 425
32299668 5631450 405
32299561 5631450 475
32299668 5631456 -1375
32299668 5631455 -1325
32299668 5631455 -1275
32299668 5631455 -1225
32299662 5631750 -1175
32299668 5631750 -1176
32299662 5631750 -1125
32299668 5631488 -75
32299668 5631565 -25
32299668 5631674 25
32299668 5631736 75
32299656 5631750 75
32299668 5631750 65
32299668 5631700 125
32299590 5631750 125
32299668 5631658 175
32299523 5631750 175
32299485 5631628 201
32299668 5631636 225
32299480 5631750 225
32299668 5631750 238
32299410 5631750 325
32299465 5631750 375
32299668 5631482 425
32299668 5631568 475
32299668 5631756 -1175
32299668 5631755 -1125
32299668 5631755 -1075
32299668 5631755 -1025
32299662 5632050 -975
32299668 5632050 -975
32299662 5632050 -925
32299662 5632050 -875
32299668 5631764 75
32299668 5631839 125
32299668 5631916 175
32299668 5631977 225
32299668 5632033 275
32299637 5632050 275
32299668 5632050 257
32299668 5631983 325
32299543 5632050 325
32299463 5631916 348
32299668 5631935 375
32299447 5632050 375
32299376 5632050 425
32299668 5632050 388
32299425 5632050 475
32299668 5632055 -975
32299668 5632055 -925
32299668 5632055 -875
32299668 5632055 -825
32299668 5632055 -775
32299663 5632350 -725
32299668 5632350 -725
32299663 5632350 -675
32299668 5632084 275
32299668 5632187 325
32299668 5632294 375
32299668 5632350 400
32299668 5632327 425
32299585 5632350 425
32299436 5632202 443
32299668 5632280 475
32299417 5632350 475
32299668 5632355 -725
32299668 5632355 -675
32299668 5632355 -625
32299668 5632354 -575
32299668 5632428 -525
32299663 5632650 -475
32299668 5632650 -488
32299663 5632650 -425
32299668 5632424 425
32299668 5632572 475
32299668 5632654 -475
32299668 5632654 -425
32299668 5632654 -375
32299668 5632654 -325
32299668 5632654 -275
32299664 5632950 -225
32299668 5632950 -225
32299664 5632950 -175
32299661 5632950 -125
32299668 5632954 -225
32299668 5632954 -175
32299668 5632953 -125
32299668 5632953 -75
32299668 5632953 -25
32299664 5633250 25
32299668 5633250 24
32299665 5633250 75
32299665 5633250 125
32299668 5633253 25
32299668 5633253 75
32299668 5633253 125
32299668 5633253 175
32299668 5633252 225
32299664 5633550 275
32299668 5633550 274
32299665 5633550 325
32299665 5633550 375
32299668 5633553 275
32299668 5633553 325
32299668 5633553 375
32299668 5633553 425
32299668 5633552 475
32299969 5623650 -2726
32299969 5623950 -2726
32299747 5623650 -225
32299969 5623950 -248
32299969 5623841 -225
32299969 5623650 -178
32299969 5624250 -2726
32299969 5624250 -263
32299969 5624550 -2726
32299940 5624550 -225
32299969 5624550 -231
32299706 5624550 -175
32299969 5624850 -2726
32299969 5624605 -225
32299914 5624850 -175
32299969 5624850 -192
32299748 5624850 -125
32299969 5625150 -2726
32299872 5625150 -175
32299969 5625150 -214
32299751 5625150 -125
32299969 5625450 -2726
32299943 5625450 -225
32299969 5625450 -236
32299969 5625290 -225
32299830 5625450 -175
32299722 5625450 -125
32299969 5625750 -2726
32299969 5625545 -225
32299900 5625750 -175
32299969 5625750 -198
32299756 5625750 -125
32299969 5626050 -2725
32299969 5625841 -175
32299969 5626000 -125
32299969 5626050 -105
32299969 5626350 -2725
32299804 5626350 -125
32299969 5626254 -75
32299933 5626350 -75
32299969 5626350 -57
32299969 5626650 -2725
32299752 5626650 -225
32299962 5626650 -175
32299969 5626650 -172
32299969 5626510 -125
32299969 5626388 -75
32299964 5626950 -2725
32299969 5626950 -2725
32299969 5626950 -269
32299969 5626787 -225
32299969 5626655 -175
32299969 5626955 -2725
32299969 5627250 -2675
32299889 5627250 -225
32299969 5627250 -250
32299755 5627250 -175
32299866 5627550 -2675
32299969 5627550 -2675
32299969 5627379 -225
32299917 5627550 -175
32299969 5627550 -183
32299969 5627556 -2675
32299969 5627850 -2626
32299969 5627850 -1261
32299969 5627838 -1225
32299691 5627850 -1175
32299969 5627850 -1223
32299707 5627850 -1125
32299709 5627850 -225
32299969 5627850 -201
32299964 5628150 -2625
32299969 5628150 -2625
32299760 5628150 -1225
32299969 5628150 -1236
32299969 5628129 -1175
32299969 5628113 -1125
32299969 5628097 -1075
32299732 5628150 -1025
32299969 5628150 -1066
32299748 5628150 -975
32299759 5628150 -925
32299969 5628150 -240
32299969 5628020 -225
32299969 5628155 -2625
32299964 5628450 -2575
32299969 5628450 -2575
32299969 5628227 -1225
32299769 5628450 -1175
32299969 5628450 -1191
32299969 5628394 -1025
32299969 5628378 -975
32299969 5628362 -925
32299969 5628346 -875
32299781 5628450 -825
32299969 5628450 -857
32299796 5628450 -775
32299969 5628296 -225
32299969 5628450 -208
32299969 5628455 -2575
32299964 5628750 -2525
32299969 5628750 -2525
32299969 5628519 -1175
32299969 5628723 -1125
32299969 5628750 -1118
32299969 5628651 -825
32299969 5628634 -775
32299969 5628618 -725
32299969 5628601 -675
32299816 5628750 -625
32299969 5628750 -651
32299831 5628750 -575
32299819 5628750 -525
32299969 5628555 -175
32299969 5628704 -125
32299969 5628750 -108
32299969 5628755 -2525
32299963 5629050 -2475
32299969 5629050 -2475
32299674 5629050 -1425
32299969 5628872 -1075
32299969 5629008 -1025
32299784 5629050 -975
32299969 5629050 -1009
32299969 5628921 -625
32299969 5628904 -575
32299969 5628887 -525
32299969 5628871 -475
32299969 5628854 -425
32299847 5629050 -375
32299969 5629050 -395
32299862 5629050 -325
32299969 5628811 -75
32299969 5628901 -25
32299969 5628991 25
32299969 5629050 56
32299969 5629055 -2475
32299969 5629055 -2425
32299964 5629350 -2375
32299969 5629350 -2375
32299688 5629350 -1275
32299969 5629121 -975
32299969 5629220 -925
32299969 5629315 -875
32299850 5629350 -825
32299969 5629350 -855
32299969 5629195 -375
32299969 5629179 -325
32299969 5629162 -275
32299969 5629146 -225
32299969 5629129 -175
32299851 5629350 -125
32299969 5629350 -144
32299864 5629350 -75
32299969 5629072 75
32299969 5629135 125
32299969 5629199 175
32299969 5629265 225
32299969 5629336 275
32299969 5629350 284
32299969 5629355 -2375
32299963 5629650 -2325
32299969 5629650 -2326
32299964 5629650 -2275
32299969 5629643 -1225
32299942 5629650 -1225
32299969 5629650 -1232
32299969 5629650 -1224
32299681 5629650 -1125
32299714 5629650 -1075
32299969 5629399 -825
32299969 5629476 -775
32299969 5629549 -725
32299969 5629619 -675
32299889 5629650 -625
32299969 5629650 -652
32299745 5629650 -575
32299969 5629489 -125
32299969 5629473 -75
32299969 5629457 -25
32299969 5629441 25
32299969 5629425 75
32299854 5629650 125
32299969 5629650 107
32299871 5629650 175
32299888 5629650 225
32299969 5629423 325
32299969 5629509 375
32299969 5629591 425
32299933 5629650 475
32299969 5629650 462
32299969 5629656 -2325
32299969 5629655 -2275
32299963 5629950 -2225
32299969 5629950 -2226
32299964 5629950 -2175
32299969 5629664 -1225
32299691 5629950 -925
32299969 5629686 -625
32299969 5629749 -575
32299969 5629810 -525
32299969 5629869 -475
32299969 5629925 -425
32299894 5629950 -375
32299969 5629950 -403
32299763 5629950 -325
32299969 5629780 125
32299969 5629761 175
32299969 5629742 225
32299969 5629722 275
32299969 5629703 325
32299862 5629950 375
32299969 5629950 358
32299880 5629950 425
32299969 5629666 475
32299898 5629950 475
32299969 5629956 -2225
32299969 5629955 -2175
32299969 5630066 -2125
32299963 5630250 -2075
32299969 5630250 -2095
32299693 5630250 -725
32299969 5629981 -375
32299969 5630035 -325
32299969 5630087 -275
32299969 5630137 -225
32299969 5630185 -175
32299969 5630233 -125
32299969 5630250 -108
32299969 5630073 375
32299969 5630053 425
32299969 5630032 475
32299969 5630255 -2075
32299969 5630255 -2025
32299963 5630550 -1975
32299969 5630550 -1976
32299964 5630550 -1925
32299673 5630550 -575
32299695 5630550 -525
32299969 5630287 -75
32299969 5630344 -25
32299969 5630405 25
32299969 5630469 75
32299969 5630539 125
32299726 5630550 175
32299969 5630550 132
32299969 5630556 -1975
32299969 5630555 -1925
32299969 5630555 -1875
32299963 5630850 -1825
32299969 5630850 -1826
32299964 5630850 -1775
32299681 5630850 -375
32299699 5630850 -325
32299969 5630618 175
32299969 5630696 225
32299969 5630776 275
32299969 5630850 304
32299969 5630856 -1825
32299969 5630855 -1775
32299969 5630855 -1725
32299963 5631150 -1675
32299969 5631150 -1676
32299963 5631150 -1625
32299686 5631150 -225
32299709 5631150 -175
32299732 5631150 -125
32299969 5631150 319
32299969 5631156 -1675
32299969 5631155 -1625
32299969 5631155 -1575
32299969 5631163 -1525
32299963 5631450 -1475
32299969 5631450 -1477
32299964 5631450 -1425
32299969 5631450 -209
32299969 5631431 -175
32299877 5631450 -175
32299969 5631404 -125
32299739 5631450 -125
32299969 5631450 -117
32299685 5631450 -75
32299719 5631450 -25
32299753 5631450 25
32299969 5631262 325
32299797 5631450 375
32299969 5631450 335
32299969 5631456 -1475
32299969 5631455 -1425
32299969 5631455 -1375
32299963 5631750 -1325
32299969 5631750 -1326
32299963 5631750 -1275
32299964 5631750 -1225
32299969 5631534 -175
32299969 5631675 -125
32299969 5631750 -101
32299969 5631730 -75
32299925 5631750 -75
32299969 5631694 -25
32299844 5631750 -25
32299764 5631645 1
32299969 5631658 25
32299738 5631750 25
32299676 5631750 75
32299969 5631750 39
32299720 5631750 125
32299765 5631750 175
32299782 5631750 225
32299969 5631605 375
32299950 5631750 425
32299969 5631750 413
32299861 5631750 475
32299969 5631756 -1325
32299969 5631755 -1275
32299969 5631755 -1225
32299969 5631755 -1175
32299969 5632050 -1125
32299969 5632050 -1125
32299964 5632050 -1075
32299964 5632050 -1025
32299969 5631796 -75
32299969 5631882 -25
32299969 5631966 25
32299969 5632050 76
32299969 5632005 125
32299890 5632050 125
32299969 5631959 175
32299808 5632050 175
32299762 5631950 204
32299969 5631914 225
32299725 5632050 225
32299685 5632050 275
32299969 5632050 241
32299733 5632050 325
32299782 5632050 375
32299969 5631768 425
32299969 5631855 475
32299969 5632050 -1125
32299969 5632055 -1075
32299969 5632055 -1025
32299969 5632055 -975
32299969 5632055 -925
32299964 5632350 -875
32299969 5632350 -875
32299964 5632350 -825
32299964 5632350 -775
32299969 5632128 125
32299969 5632209 175
32299969 5632292 225
32299969 5632350 257
32299969 5632333 275
32299934 5632350 275
32299969 5632284 325
32299830 5632350 325
32299761 5632257 353
32299969 5632235 375
32299724 5632350 375
32299691 5632350 425
32299969 5632350 388
32299739 5632350 475
32299969 5632355 -875
32299969 5632355 -825
32299969 5632354 -775
32299969 5632354 -725
32299969 5632354 -675
32299964 5632650 -625
32299969 5632650 -625
32299965 5632650 -575
32299892 5632650 -525
32299969 5632393 275
32299969 5632521 325
32299969 5632646 375
32299969 5632609 425
32299854 5632650 425
32299969 5632650 376
32299750 5632523 447
32299969 5632567 475
32299734 5632650 475
32299969 5632655 -625
32299969 5632654 -575
32299969 5632654 -525
32299969 5632654 -475
32299969 5632699 -425
32299965 5632950 -375
32299969 5632950 -384
32299965 5632950 -325
32299965 5632950 -275
32299969 5632755 425
32299969 5632862 475
32299969 5632954 -375
32299969 5632954 -325
32299969 5632953 -275
32299969 5632953 -225
32299969 5633122 -175
32299965 5633250 -125
32299969 5633250 -155
32299966 5633250 -75
32299966 5633250 -25
32299969 5633254 -125
32299969 5633253 -75
32299969 5633253 -25
32299969 5633253 25
32299966 5633550 75
32299969 5633550 74
32299965 5633550 125
32299966 5633550 175
32299966 5633550 225
32299969 5633552 75
32299969 5633553 125
32299969 5633553 175
32299969 5633553 225
32299969 5633553 275
32299965 5633850 325
32299969 5633850 324
32299965 5633850 375
32299966 5633850 425
32299966 5633850 475
32299969 5633854 325
32299969 5633853 375
32299969 5633853 425
32299969 5633853 475
32300271 5623650 -2726
32300271 5623950 -2726
32300054 5623950 -225
32299977 5623650 -175
32300217 5623950 -175
32300271 5623950 -157
32300271 5623855 -125
32300098 5623650 -125
32300204 5623650 -75
32300271 5623727 -75
32300271 5623650 -39
32300271 5624250 -2726
32300271 5624250 -225
32300271 5624247 -225
32300271 5624025 -175
32300271 5624550 -2726
32300271 5624550 -269
32300271 5624850 -2726
32300182 5624850 -275
32300271 5624850 -304
32300271 5624601 -275
32300048 5624850 -225
32300271 5625150 -2726
32300214 5625150 -325
32300271 5625150 -348
32300271 5624991 -325
32300099 5625150 -275
32299991 5625150 -225
32300271 5625450 -2726
32300163 5625450 -325
32300271 5625450 -372
32300054 5625450 -275
32300271 5625750 -2726
32300217 5625750 -325
32300271 5625750 -351
32300118 5625750 -275
32300021 5625750 -225
32300271 5626050 -2725
32300271 5625892 -325
32300241 5626050 -275
32300271 5626050 -291
32300154 5626050 -225
32300073 5626050 -175
32299997 5626050 -125
32300271 5626350 -2725
32300271 5626140 -275
32300257 5626350 -225
32300271 5626350 -231
32300160 5626350 -175
32300072 5626350 -125
32299994 5626350 -75
32300271 5626650 -2725
32300234 5626650 -225
32300271 5626650 -233
32299983 5626650 -175
32300271 5626950 -2725
32300010 5626950 -275
32300271 5626950 -313
32300271 5626782 -275
32300265 5627250 -2725
32300271 5627250 -2725
32300066 5627250 -275
32300271 5627250 -324
32300271 5627255 -2725
32300271 5627550 -2675
32300271 5627487 -275
32300126 5627550 -225
32300271 5627550 -259
32300264 5627850 -2675
32300271 5627850 -2675
32299981 5627850 -1225
32300271 5627728 -225
32300271 5627850 -198
32300271 5627855 -2675
32300271 5628150 -2625
32300271 5628150 -1254
32300271 5628140 -1225
32300271 5628124 -1175
32300005 5628150 -1125
32300271 5628150 -1170
32300021 5628150 -1075
32300128 5628150 -225
32300271 5628150 -209
32300265 5628450 -2625
32300271 5628450 -2625
32300271 5628370 -1225
32300271 5628450 -1214
32300271 5628420 -1125
32300271 5628404 -1075
32300271 5628388 -1025
32300040 5628450 -975
32300271 5628450 -1014
32300055 5628450 -925
32300071 5628450 -875
32300271 5628450 -220
32300271 5628455 -2625
32300265 5628750 -2575
32300271 5628750 -2575
32300271 5628642 -1175
32300026 5628750 -1125
32300271 5628750 -1152
32300271 5628690 -975
32300271 5628674 -925
32300271 5628658 -875
32300271 5628641 -825
32300086 5628750 -775
32300271 5628750 -806
32300096 5628750 -725
32300111 5628750 -675
32300240 5628750 -175
32300271 5628750 -181
32300029 5628750 -125
32300271 5628755 -2575
32300265 5629050 -2525
32300271 5629050 -2525
32300271 5628844 -1125
32300271 5629010 -1075
32300056 5629050 -1025
32300271 5629050 -1062
32300271 5628948 -775
32300271 5628937 -725
32300271 5628920 -675
32300271 5628903 -625
32300271 5628887 -575
32300120 5629050 -525
32300271 5629050 -549
32300136 5629050 -475
32300151 5629050 -425
32300271 5628766 -175
32300271 5628885 -125
32300271 5628996 -75
32300198 5629050 -25
32300271 5629050 -49
32300057 5629050 25
32300271 5629055 -2525
32300271 5629055 -2475
32300265 5629350 -2425
32300271 5629350 -2425
32300271 5629142 -1025
32300271 5629261 -975
32300228 5629350 -925
32300271 5629350 -935
32300039 5629350 -875
32300271 5629214 -525
32300271 5629198 -475
32300271 5629181 -425
32300271 5629164 -375
32300271 5629147 -325
32300139 5629350 -275
32300271 5629350 -295
32300154 5629350 -225
32300169 5629350 -175
32300271 5629089 -25
32300271 5629171 25
32300271 5629253 75
32300271 5629338 125
32300188 5629350 175
32300271 5629350 131
32300092 5629350 225
32299989 5629350 275
32300271 5629355 -2425
32300265 5629650 -2375
32300271 5629650 -2376
32299975 5629650 -1225
32300271 5629370 -925
32300271 5629463 -875
32300271 5629552 -825
32300271 5629637 -775
32300154 5629650 -725
32300271 5629650 -767
32300025 5629650 -675
32300271 5629492 -275
32300271 5629475 -225
32300271 5629458 -175
32300271 5629441 -125
32300271 5629424 -75
32300152 5629650 -25
32300271 5629650 -42
32300169 5629650 25
32300185 5629650 75
32300271 5629416 175
32300271 5629492 225
32300271 5629567 275
32300271 5629644 325
32300167 5629650 375
32300271 5629650 328
32300055 5629650 425
32300271 5629656 -2375
32300271 5629655 -2325
32300265 5629950 -2275
32300271 5629950 -2275
32300271 5629714 -725
32300271 5629787 -675
32300271 5629857 -625
32300271 5629926 -575
32300201 5629950 -525
32300271 5629950 -557
32300100 5629950 -475
32300008 5629950 -425
32300271 5629773 -25
32300271 5629756 25
32300271 5629738 75
32300271 5629721 125
32300271 5629704 175
32300167 5629950 225
32300271 5629950 210
32300185 5629950 275
32300202 5629950 325
32300271 5629723 375
32300271 5629799 425
32300271 5629871 475
32300271 5629956 -2275
32300271 5629955 -2225
32300264 5630250 -2175
32300271 5630250 -2176
32300151 5630250 -2125
32300271 5629989 -525
32300271 5630049 -475
32300271 5630106 -425
32300271 5630161 -375
32300271 5630213 -325
32300246 5630250 -275
32300271 5630250 -288
32300158 5630250 -225
32300075 5630250 -175
32299996 5630250 -125
32300271 5630068 225
32300271 5630047 275
32300271 5630027 325
32300271 5630008 375
32300146 5630250 425
32300271 5630250 406
32300166 5630250 475
32300271 5630256 -2175
32300271 5630255 -2125
32300264 5630550 -2075
32300271 5630550 -2076
32300265 5630550 -2025
32300271 5630263 -275
32300271 5630316 -225
32300271 5630367 -175
32300271 5630419 -125
32300271 5630473 -75
32300271 5630530 -25
32300197 5630550 25
32300271 5630550 -9
32300092 5630550 75
32299983 5630550 125
32300271 5630380 425
32300271 5630360 475
32300271 5630556 -2075
32300271 5630555 -2025
32300271 5630555 -1975
32300264 5630850 -1925
32300271 5630850 -1926
32300265 5630850 -1875
32300271 5630600 25
32300271 5630675 75
32300271 5630759 125
32300271 5630825 175
32300195 5630850 225
32300271 5630850 192
32300074 5630850 275
32300271 5630856 -1925
32300271 5630855 -1875
32300271 5630855 -1825
32300264 5631150 -1775
32300271 5631150 -1776
32300265 5631150 -1725
32300271 5630927 225
32300271 5631053 275
32300271 5631150 311
32300271 5631156 -1775
32300271 5631155 -1725
32300271 5631155 -1675
32300264 5631450 -1625
32300271 5631450 -1626
32300265 5631450 -1575
32300257 5631450 -1525
32299987 5631450 -175
32300013 5631450 -125
32300271 5631439 325
32300271 5631450 325
32300271 5631456 -1625
32300271 5631455 -1575
32300271 5631455 -1525
32300271 5631455 -1475
32300264 5631750 -1425
32300271 5631750 -1426
32300265 5631750 -1375
32300271 5631746 -175
32300248 5631750 -175
32300271 5631750 -181
32300271 5631714 -125
32300058 5631750 -125
32300271 5631750 -118
32299989 5631750 -75
32300025 5631750 -25
32300062 5631750 25
32300238 5631750 325
32300271 5631750 314
32300271 5631465 325
32300086 5631750 375
32300271 5631756 -1425
32300271 5631755 -1375
32300271 5631755 -1325
32300271 5631755 -1275
32300265 5632050 -1225
32300271 5632050 -1225
32300265 5632050 -1175
32300271 5631768 -175
32300271 5631923 -125
32300271 5632050 -85
32300271 5632041 -75
32300249 5632050 -75
32300271 5632002 -25
32300151 5632050 -25
32300082 5631950 0
32300271 5631962 25
32300059 5632050 25
32300271 5632050 38
32300013 5632050 125
32300059 5632050 175
32300104 5632050 225
32300271 5631781 325
32300271 5631928 375
32300256 5632050 425
32300271 5632050 416
32300166 5632050 475
32300271 5632055 -1225
32300271 5632055 -1175
32300271 5632055 -1125
32300271 5632055 -1075
32300265 5632350 -1025
32300271 5632350 -1025
32300265 5632350 -975
32300265 5632350 -925
32300271 5632074 -75
32300271 5632184 -25
32300271 5632289 25
32300271 5632332 75
32300240 5632350 75
32300271 5632350 54
32300271 5632289 125
32300167 5632350 125
32300271 5632246 175
32300094 5632350 175
32300058 5632251 203
32300271 5632204 225
32300020 5632350 225
32299987 5632350 275
32300271 5632350 243
32300040 5632350 325
32300091 5632350 375
32300271 5632066 425
32300271 5632166 475
32300271 5632355 -1025
32300271 5632355 -975
32300271 5632355 -925
32300271 5632354 -875
32300271 5632354 -825
32300265 5632650 -775
32300271 5632650 -775
32300266 5632650 -725
32300266 5632650 -675
32300271 5632396 75
32300271 5632511 125
32300271 5632626 175
32300210 5632650 225
32300271 5632650 185
32300271 5632578 275
32300133 5632650 275
32300271 5632539 325
32300054 5632650 325
32299979 5632637 371
32300271 5632499 375
32299972 5632650 375
32300271 5632650 395
32300017 5632650 425
32300064 5632650 475
32300271 5632655 -775
32300271 5632654 -725
32300271 5632654 -675
32300271 5632654 -625
32300266 5632950 -575
32300271 5632950 -575
32300266 5632950 -525
32300266 5632950 -475
32300220 5632950 -425
32300271 5632712 225
32300271 5632791 275
32300271 5632870 325
32300268 5632950 375
32300271 5632950 373
32300142 5632823 376
32300164 5632950 425
32300271 5632902 425
32300081 5632838 448
32300271 5632857 475
32300059 5632950 475
32300271 5632954 -575
32300271 5632954 -525
32300271 5632954 -475
32300271 5632954 -425
32300271 5632953 -375
32300266 5633250 -325
32300271 5633250 -325
32300266 5633250 -275
32300267 5633250 -225
32300092 5633250 -175
32300271 5632951 375
32300271 5633024 425
32300271 5633098 475
32300271 5633254 -325
32300271 5633254 -275
32300271 5633254 -225
32300271 5633253 -175
32300271 5633253 -125
32300266 5633550 -75
32300271 5633550 -75
32300266 5633550 -25
32300267 5633550 25
32300271 5633554 -75
32300271 5633554 -25
32300271 5633553 25
32300271 5633553 75
32300271 5633553 125
32300266 5633850 175
32300271 5633850 174
32300267 5633850 225
32300267 5633850 275
32300271 5633854 175
32300271 5633854 225
32300271 5633853 275
32300271 5633853 325
32300271 5633853 375
32300266 5634150 425
32300271 5634150 424
32300266 5634150 475
32300271 5634154 425
32300271 5634154 475
32300572 5623650 -2726
32300572 5623950 -2726
32300349 5623950 -125
32300463 5623950 -75
32300312 5623650 -25
32300570 5623950 -25
32300572 5623950 -24
32300572 5623774 25
32300457 5623650 25
32300572 5623650 61
32300572 5624250 -2726
32300272 5624250 -225
32300436 5624250 -175
32300572 5624250 -128
32300572 5624240 -125
32300572 5624094 -75
32300572 5623952 -25
32300572 5624550 -2726
32300572 5624550 -253
32300572 5624475 -225
32300572 5624354 -175
32300572 5624850 -2726
32300374 5624850 -325
32300572 5624850 -360
32300572 5624747 -325
32300572 5624607 -275
32300572 5625150 -2726
32300503 5625150 -425
32300572 5625150 -445
32300572 5625077 -425
32300572 5624900 -375
32300348 5625150 -375
32300572 5625450 -2726
32300503 5625450 -475
32300572 5625450 -502
32300572 5625306 -475
32300384 5625450 -425
32300275 5625450 -375
32300572 5625750 -2726
32300477 5625750 -475
32300572 5625750 -522
32300387 5625750 -425
32300306 5625750 -375
32300572 5626050 -2726
32300514 5626050 -475
32300572 5626050 -509
32300437 5626050 -425
32300368 5626050 -375
32300308 5626050 -325
32300572 5626350 -2725
32300572 5626332 -475
32300497 5626350 -425
32300572 5626350 -472
32300428 5626350 -375
32300367 5626350 -325
32300313 5626350 -275
32300572 5626650 -2725
32300542 5626650 -425
32300572 5626650 -440
32300458 5626650 -375
32300383 5626650 -325
32300318 5626650 -275
32300572 5626950 -2725
32300548 5626950 -425
32300572 5626950 -434
32300420 5626950 -375
32300297 5626950 -325
32300572 5627250 -2725
32300572 5627106 -425
32300436 5627250 -375
32300572 5627250 -416
32300273 5627250 -325
32300566 5627550 -2725
32300572 5627550 -2726
32300572 5627480 -375
32300458 5627550 -325
32300572 5627550 -361
32300313 5627550 -275
32300572 5627556 -2725
32300572 5627850 -2675
32300572 5627678 -325
32300572 5627829 -275
32300384 5627850 -225
32300572 5627850 -267
32300566 5628150 -2675
32300572 5628150 -2675
32300280 5628150 -1225
32300296 5628150 -1175
32300572 5628065 -225
32300572 5628150 -207
32300572 5628155 -2675
32300572 5628450 -2625
32300572 5628444 -1225
32300388 5628450 -1225
32300572 5628450 -1241
32300572 5628427 -1175
32300572 5628411 -1125
32300316 5628450 -1075
32300572 5628450 -1118
32300332 5628450 -1025
32300547 5628450 -225
32300572 5628450 -225
32300572 5628441 -225
32300570 5628750 -2625
32300572 5628750 -2625
32300572 5628545 -1225
32300452 5628750 -1175
32300572 5628750 -1189
32300572 5628711 -1075
32300572 5628695 -1025
32300572 5628678 -975
32300572 5628662 -925
32300361 5628750 -875
32300572 5628750 -910
32300377 5628750 -825
32300518 5628750 -225
32300572 5628750 -233
32300572 5628751 -2625
32300566 5629050 -2575
32300572 5629050 -2575
32300572 5628809 -1175
32300572 5629014 -1125
32300338 5629050 -1075
32300572 5629050 -1116
32300572 5628968 -875
32300572 5628951 -825
32300572 5628935 -775
32300572 5628918 -725
32300396 5629050 -675
32300572 5629050 -703
32300412 5629050 -625
32300428 5629050 -575
32300572 5628788 -225
32300572 5628997 -175
32300464 5629050 -125
32300572 5629050 -162
32300332 5629050 -75
32300572 5629055 -2575
32300572 5629055 -2525
32300566 5629350 -2475
32300572 5629350 -2475
32300572 5629174 -1075
32300572 5629319 -1025
32300417 5629350 -975
32300572 5629350 -1014
32300572 5629235 -675
32300572 5629218 -625
32300572 5629200 -575
32300572 5629183 -525
32300572 5629166 -475
32300430 5629350 -425
32300572 5629350 -446
32300446 5629350 -375
32300463 5629350 -325
32300572 5629122 -125
32300572 5629211 -75
32300572 5629292 -25
32300545 5629350 25
32300572 5629350 13
32300422 5629350 75
32300290 5629350 125
32300572 5629355 -2475
32300566 5629650 -2425
32300572 5629650 -2426
32300572 5629439 -975
32300572 5629548 -925
32300567 5629650 -875
32300572 5629650 -876
32300423 5629650 -825
32300290 5629650 -775
32300572 5629499 -425
32300572 5629482 -375
32300572 5629465 -325
32300572 5629448 -275
32300572 5629434 -225
32300451 5629650 -175
32300572 5629650 -193
32300467 5629650 -125
32300483 5629650 -75
32300572 5629367 25
32300572 5629443 75
32300572 5629518 125
32300572 5629593 175
32300541 5629650 225
32300572 5629650 212
32300413 5629650 275
32300281 5629650 325
32300572 5629656 -2425
32300572 5629655 -2375
32300566 5629950 -2325
32300572 5629950 -2325
32300572 5629653 -875
32300572 5629741 -825
32300572 5629826 -775
32300572 5629907 -725
32300518 5629950 -675
32300572 5629950 -698
32300409 5629950 -625
32300306 5629950 -575
32300572 5629775 -175
32300572 5629758 -125
32300572 5629741 -75
32300572 5629725 -25
32300460 5629950 25
32300572 5629950 8
32300478 5629950 75
32300495 5629950 125
32300512 5629950 175
32300572 5629676 225
32300572 5629779 275
32300572 5629875 325
32300559 5629950 375
32300572 5629950 367
32300470 5629950 425
32300362 5629950 475
32300572 5629955 -2325
32300572 5629955 -2275
32300566 5630250 -2225
32300572 5630250 -2225
32300572 5629983 -675
32300572 5630053 -625
32300572 5630121 -575
32300572 5630186 -525
32300571 5630250 -475
32300572 5630250 -475
32300482 5630250 -425
32300400 5630250 -375
32300323 5630250 -325
32300572 5630068 25
32300572 5630049 75
32300572 5630031 125
32300572 5630013 175
32300456 5630250 225
32300572 5630250 210
32300460 5630250 275
32300479 5630250 325
32300572 5629959 375
32300498 5630250 375
32300572 5630026 425
32300572 5630114 475
32300572 5630255 -2225
32300572 5630255 -2175
32300566 5630550 -2125
32300572 5630550 -2126
32300572 5630250 -475
32300572 5630315 -425
32300572 5630385 -375
32300572 5630450 -325
32300572 5630513 -275
32300544 5630550 -225
32300572 5630550 -246
32300478 5630550 -175
32300415 5630550 -125
32300353 5630550 -75
32300291 5630550 -25
32300572 5630362 225
32300572 5630360 275
32300572 5630342 325
32300572 5630323 375
32300439 5630550 425
32300572 5630550 406
32300458 5630550 475
32300572 5630556 -2125
32300572 5630555 -2075
32300566 5630850 -2025
32300572 5630850 -2026
32300566 5630850 -1975
32300572 5630575 -225
32300572 5630634 -175
32300572 5630694 -125
32300572 5630755 -75
32300572 5630816 -25
32300535 5630850 25
32300572 5630850 1
32300456 5630850 75
32300378 5630850 125
32300299 5630850 175
32300572 5630687 425
32300572 5630667 475
32300572 5630856 -2025
32300572 5630855 -1975
32300572 5630855 -1925
32300566 5631150 -1875
32300572 5631150 -1876
32300566 5631150 -1825
32300572 5630881 25
32300572 5630950 75
32300572 5631019 125
32300572 5631090 175
32300541 5631150 225
32300572 5631150 214
32300387 5631150 275
32300572 5631156 -1875
32300572 5631155 -1825
32300572 5631155 -1775
32300565 5631450 -1725
32300572 5631450 -1726
32300566 5631450 -1675
32300572 5631182 225
32300572 5631349 275
32300277 5631450 325
32300572 5631450 303
32300572 5631456 -1725
32300572 5631456 -1675
32300572 5631455 -1625
32300572 5631455 -1575
32300566 5631750 -1525
32300572 5631750 -1525
32300566 5631750 -1475
32300274 5631750 -175
32300306 5631750 -125
32300572 5631750 303
32300572 5631755 -1525
32300572 5631755 -1475
32300572 5631755 -1425
32300572 5631755 -1375
32300566 5632050 -1325
32300572 5632050 -1325
32300566 5632050 -1275
32300572 5632050 -156
32300572 5632029 -125
32300441 5632050 -125
32300572 5632050 -121
32300279 5632050 -75
32300316 5632050 -25
32300353 5632050 25
32300572 5631948 325
32300423 5632050 375
32300572 5632050 336
32300572 5632055 -1325
32300572 5632055 -1275
32300572 5632055 -1225
32300572 5632055 -1175
32300566 5632350 -1125
32300572 5632350 -1125
32300566 5632350 -1075
32300572 5632178 -125
32300572 5632350 -85
32300572 5632341 -75
32300547 5632350 -75
32300572 5632304 -25
32300436 5632350 -25
32300360 5632260 1
32300572 5632267 25
32300331 5632350 25
32300288 5632350 75
32300572 5632350 38
32300331 5632350 125
32300375 5632350 175
32300418 5632350 225
32300572 5632202 375
32300551 5632350 425
32300572 5632350 413
32300452 5632350 475
32300572 5632355 -1125
32300572 5632355 -1075
32300572 5632355 -1025
32300572 5632354 -975
32300567 5632650 -925
32300572 5632650 -925
32300567 5632650 -875
32300567 5632650 -825
32300572 5632381 -75
32300572 5632531 -25
32300550 5632650 25
32300572 5632650 13
32300572 5632599 75
32300458 5632650 75
32300572 5632559 125
32300372 5632650 125
32300313 5632592 161
32300572 5632521 175
32300288 5632650 175
32300572 5632485 225
32300352 5632650 275
32300572 5632650 248
32300395 5632650 325
32300437 5632650 375
32300572 5632376 425
32300572 5632492 475
32300572 5632655 -925
32300572 5632654 -875
32300572 5632654 -825
32300572 5632654 -775
32300567 5632950 -725
32300572 5632950 -725
32300567 5632950 -675
32300567 5632950 -625
32300572 5632667 25
32300572 5632743 75
32300572 5632814 125
32300572 5632883 175
32300569 5632950 225
32300572 5632950 223
32300572 5632897 275
32300469 5632950 275
32300404 5632854 299
32300572 5632847 325
32300369 5632950 325
32300572 5632799 375
32300314 5632950 425
32300572 5632950 391
32300355 5632950 475
32300572 5632955 -725
32300572 5632954 -675
32300572 5632954 -625
32300572 5632954 -575
32300572 5632953 -525
32300567 5633250 -475
32300572 5633250 -475
32300567 5633250 -425
32300568 5633250 -375
32300572 5632951 225
32300572 5633019 275
32300572 5633086 325
32300572 5633155 375
32300572 5633250 442
32300572 5633215 475
32300499 5633250 475
32300572 5633254 -475
32300572 5633254 -425
32300572 5633254 -375
32300572 5633253 -325
32300572 5633253 -275
32300567 5633550 -225
32300572 5633550 -225
32300568 5633550 -175
32300568 5633550 -125
32300572 5633295 475
32300572 5633554 -225
32300572 5633554 -175
32300572 5633553 -125
32300572 5633553 -75
32300567 5633850 -25
32300572 5633850 -25
32300567 5633850 25
32300568 5633850 75
32300568 5633850 125
32300572 5633854 -25
32300572 5633854 25
32300572 5633854 75
32300572 5633853 125
32300572 5633853 175
32300567 5634150 225
32300572 5634150 224
32300567 5634150 275
32300568 5634150 325
32300568 5634150 375
32300572 5634154 225
32300572 5634154 275
32300572 5634154 325
32300572 5634153 375
32300572 5634153 425
32300567 5634450 475
32300572 5634450 474
32300572 5634454 475
32300873 5623650 -2726
32300873 5623950 -2726
32300699 5623950 25
32300625 5623650 75
32300831 5623950 75
32300873 5623950 90
32300873 5623737 125
32300814 5623650 125
32300873 5623650 141
32300873 5624250 -2726
32300580 5624250 -125
32300697 5624250 -75
32300811 5624250 -25
32300873 5624250 1
32300873 5624171 25
32300873 5624001 75
32300873 5624550 -2726
32300676 5624550 -225
32300840 5624550 -175
32300873 5624550 -163
32300873 5624478 -125
32300873 5624389 -75
32300873 5624299 -25
32300873 5624850 -2726
32300873 5624850 -340
32300873 5624821 -325
32300873 5624730 -275
32300873 5624646 -225
32300873 5624566 -175
32300873 5625150 -2726
32300841 5625150 -475
32300873 5625150 -478
32300873 5625141 -475
32300873 5625029 -425
32300873 5624921 -375
32300873 5625450 -2726
32300865 5625450 -575
32300873 5625450 -576
32300873 5625444 -575
32300873 5625288 -525
32300659 5625450 -525
32300873 5625750 -2726
32300849 5625750 -625
32300873 5625750 -632
32300873 5625707 -625
32300705 5625750 -575
32300577 5625750 -525
32300873 5626050 -2726
32300817 5626050 -625
32300873 5626050 -647
32300703 5626050 -575
32300601 5626050 -525
32300873 5626350 -2726
32300866 5626350 -625
32300873 5626350 -628
32300757 5626350 -575
32300661 5626350 -525
32300576 5626350 -475
32300873 5626650 -2726
32300873 5626378 -625
32300829 5626650 -575
32300873 5626650 -594
32300723 5626650 -525
32300630 5626650 -475
32300873 5626950 -2725
32300873 5626844 -575
32300775 5626950 -525
32300873 5626950 -564
32300659 5626950 -475
32300873 5627250 -2726
32300849 5627250 -525
32300873 5627250 -533
32300715 5627250 -475
32300591 5627250 -425
32300873 5627550 -2726
32300873 5627305 -525
32300844 5627550 -475
32300873 5627550 -485
32300717 5627550 -425
32300601 5627550 -375
32300867 5627850 -2725
32300873 5627850 -2726
32300873 5627593 -475
32300873 5627779 -425
32300801 5627850 -375
32300873 5627850 -404
32300687 5627850 -325
32300586 5627850 -275
32300873 5627856 -2725
32300873 5628150 -2675
32300873 5627944 -375
32300873 5628087 -325
32300790 5628150 -275
32300873 5628150 -300
32300627 5628150 -225
32300867 5628450 -2675
32300873 5628450 -2676
32300577 5628450 -1225
32300594 5628450 -1175
32300610 5628450 -1125
32300873 5628292 -275
32300873 5628450 -247
32300873 5628456 -2675
32300873 5628750 -2626
32300873 5628748 -1225
32300843 5628750 -1225
32300873 5628750 -1228
32300873 5628731 -1175
32300873 5628714 -1125
32300873 5628697 -1075
32300627 5628750 -1025
32300873 5628750 -1066
32300643 5628750 -975
32300659 5628750 -925
32300873 5628750 -245
32300873 5628756 -2625
32300873 5629050 -2575
32300873 5628769 -1225
32300873 5629021 -1175
32300620 5629050 -1125
32300873 5629050 -1169
32300873 5629000 -1025
32300873 5628983 -975
32300873 5628966 -925
32300873 5628949 -875
32300669 5629050 -825
32300873 5629050 -858
32300686 5629050 -775
32300702 5629050 -725
32300873 5629000 -225
32300638 5629050 -175
32300873 5629050 -221
32300873 5629055 -2575
32300867 5629350 -2525
32300873 5629350 -2526
32300873 5629214 -1125
32300818 5629350 -1075
32300873 5629350 -1087
32300614 5629350 -1025
32300873 5629258 -825
32300873 5629241 -775
32300873 5629224 -725
32300873 5629207 -675
32300701 5629350 -625
32300873 5629350 -652
32300718 5629350 -575
32300735 5629350 -525
32300752 5629350 -475
32300873 5629197 -175
32300873 5629347 -125
32300760 5629350 -75
32300873 5629350 -123
32300652 5629350 -25
32300873 5629356 -2525
32300867 5629650 -2475
32300873 5629650 -2476
32300873 5629386 -1075
32300873 5629522 -1025
32300868 5629650 -975
32300873 5629650 -976
32300712 5629650 -925
32300873 5629527 -625
32300873 5629510 -575
32300873 5629493 -525
32300873 5629475 -475
32300873 5629457 -425
32300734 5629650 -375
32300873 5629650 -396
32300750 5629650 -325
32300766 5629650 -275
32300779 5629650 -225
32300873 5629437 -75
32300873 5629520 -25
32300873 5629599 25
32300839 5629650 75
32300873 5629650 57
32300741 5629650 125
32300644 5629650 175
32300873 5629656 -2475
32300873 5629655 -2425
32300867 5629950 -2375
32300873 5629950 -2375
32300873 5629653 -975
32300873 5629758 -925
32300873 5629858 -875
32300866 5629950 -825
32300873 5629950 -827
32300745 5629950 -775
32300630 5629950 -725
32300873 5629796 -375
32300873 5629779 -325
32300873 5629762 -275
32300873 5629745 -225
32300737 5629950 -175
32300873 5629950 -195
32300753 5629950 -125
32300774 5629950 -75
32300791 5629950 -25
32300873 5629678 75
32300873 5629763 125
32300873 5629850 175
32300873 5629938 225
32300767 5629950 275
32300873 5629950 231
32300656 5629950 325
32300873 5629955 -2375
32300867 5630250 -2325
32300873 5630250 -2326
32300867 5630250 -2275
32300873 5629954 -825
32300873 5630037 -775
32300873 5630117 -725
32300873 5630193 -675
32300849 5630250 -625
32300873 5630250 -636
32300753 5630250 -575
32300648 5630250 -525
32300873 5630093 -175
32300873 5630077 -125
32300873 5630055 -75
32300873 5630038 -25
32300740 5630250 25
32300873 5630250 5
32300757 5630250 75
32300774 5630250 125
32300791 5630250 175
32300873 5630022 275
32300873 5630107 325
32300873 5630191 375
32300844 5630250 425
32300873 5630250 409
32300752 5630250 475
32300873 5630256 -2325
32300873 5630255 -2275
32300873 5630316 -2225
32300867 5630550 -2175
32300873 5630550 -2186
32300873 5630269 -625
32300873 5630348 -575
32300873 5630441 -525
32300873 5630508 -475
32300845 5630550 -425
32300873 5630550 -443
32300764 5630550 -375
32300688 5630550 -325
32300614 5630550 -275
32300873 5630390 25
32300873 5630372 75
32300873 5630354 125
32300873 5630336 175
32300736 5630550 225
32300873 5630550 205
32300754 5630550 275
32300772 5630550 325
32300791 5630550 375
32300873 5630274 425
32300873 5630354 475
32300873 5630555 -2175
32300873 5630555 -2125
32300867 5630850 -2075
32300873 5630850 -2076
32300873 5630574 -425
32300873 5630640 -375
32300873 5630705 -325
32300873 5630770 -275
32300873 5630834 -225
32300818 5630850 -175
32300873 5630850 -213
32300748 5630850 -125
32300678 5630850 -75
32300609 5630850 -25
32300873 5630689 225
32300873 5630671 275
32300873 5630652 325
32300873 5630633 375
32300732 5630850 425
32300873 5630850 405
32300752 5630850 475
32300873 5630856 -2075
32300873 5630855 -2025
32300873 5630890 -1975
32300867 5631150 -1925
32300873 5631150 -1932
32300873 5630902 -175
32300873 5630969 -125
32300873 5631035 -75
32300873 5631099 -25
32300858 5631150 25
32300873 5631150 14
32300786 5631150 75
32300712 5631150 125
32300635 5631150 175
32300873 5630990 425
32300873 5630970 475
32300873 5631156 -1925
32300873 5631155 -1875
32300868 5631450 -1825
32300873 5631450 -1825
32300867 5631450 -1775
32300873 5631170 25
32300873 5631266 75
32300873 5631366 125
32300853 5631450 175
32300873 5631450 165
32300749 5631450 225
32300638 5631450 275
32300873 5631454 -1825
32300873 5631455 -1775
32300873 5631455 -1725
32300873 5631455 -1675
32300867 5631750 -1625
32300873 5631750 -1625
32300867 5631750 -1575
32300873 5631480 175
32300873 5631638 225
32300762 5631750 275
32300873 5631750 259
32300873 5631755 -1625
32300873 5631755 -1575
32300873 5631755 -1525
32300867 5632050 -1475
32300873 5632050 -1476
32300867 5632050 -1425
32300867 5632050 -1375
32300592 5632050 -125
32300873 5631826 275
32300810 5632050 325
32300873 5632050 322
32300873 5632056 -1475
32300873 5632055 -1425
32300873 5632055 -1375
32300873 5632055 -1325
32300867 5632350 -1275
32300873 5632350 -1275
32300867 5632350 -1225
32300868 5632350 -1175
32300873 5632342 -125
32300810 5632350 -125
32300873 5632350 -135
32300873 5632350 -123
32300580 5632350 -75
32300616 5632350 -25
32300651 5632350 25
32300873 5632075 325
32300776 5632350 375
32300873 5632350 357
32300873 5632355 -1275
32300873 5632355 -1225
32300873 5632355 -1175
32300873 5632355 -1125
32300867 5632650 -1075
32300873 5632650 -1075
32300868 5632650 -1025
32300868 5632650 -975
32300873 5632397 -125
32300873 5632650 -71
32300873 5632614 -25
32300708 5632650 -25
32300873 5632577 25
32300621 5632650 75
32300873 5632650 36
32300660 5632650 125
32300697 5632650 175
32300733 5632650 225
32300873 5632423 375
32300873 5632619 425
32300761 5632650 475
32300873 5632650 433
32300873 5632655 -1075
32300873 5632655 -1025
32300873 5632654 -975
32300873 5632654 -925
32300868 5632950 -875
32300873 5632950 -875
32300868 5632950 -825
32300868 5632950 -775
32300873 5632738 -25
32300873 5632825 25
32300873 5632950 104
32300873 5632930 125
32300822 5632950 125
32300757 5632893 144
32300873 5632882 175
32300695 5632950 175
32300584 5632942 222
32300575 5632950 225
32300873 5632950 190
32300612 5632950 275
32300652 5632950 325
32300692 5632950 375
32300873 5632717 475
32300873 5632955 -875
32300873 5632954 -825
32300873 5632954 -775
32300873 5632954 -725
32300873 5632954 -675
32300868 5633250 -625
32300873 5633250 -625
32300869 5633250 -575
32300869 5633250 -525
32300873 5632983 125
32300873 5633066 175
32300873 5633250 284
32300873 5633211 325
32300796 5633250 325
32300873 5633164 375
32300701 5633250 375
32300873 5633250 385
32300600 5633250 475
32300873 5633254 -625
32300873 5633254 -575
32300873 5633254 -525
32300873 5633253 -475
32300868 5633550 -425
32300873 5633550 -425
32300869 5633550 -375
32300869 5633550 -325
32300869 5633550 -275
32300873 5633309 325
32300873 5633382 375
32300873 5633554 -425
32300873 5633554 -375
32300873 5633554 -325
32300873 5633553 -275
32300873 5633553 -225
32300868 5633850 -175
32300873 5633850 -175
32300869 5633850 -125
32300869 5633850 -75
32300873 5633854 -175
32300873 5633854 -125
32300873 5633854 -75
32300873 5633853 -25
32300873 5633853 25
32300868 5634150 75
32300873 5634150 74
32300869 5634150 125
32300869 5634150 175
32300873 5634154 75
32300873 5634154 125
32300873 5634154 175
32300873 5634153 225
32300871 5634450 275
32300873 5634450 274
32300868 5634450 325
32300869 5634450 375
32300869 5634450 425
32300873 5634452 275
32300873 5634454 325
32300873 5634454 375
32300873 5634454 425
32300873 5634453 475
32301174 5623650 -2726
32301174 5623950 -2726
32301047 5623950 125
32301174 5623950 151
32301174 5623650 154
32301174 5624250 -2726
32300936 5624250 25
32301064 5624250 75
32301174 5624250 122
32301174 5624222 125
32301174 5624550 -2726
32300967 5624550 -125
32301082 5624550 -75
32301174 5624550 -33
32301174 5624534 -25
32301174 5624438 25
32301174 5624341 75
32301174 5624850 -2726
32300926 5624850 -325
32301086 5624850 -275
32301174 5624850 -244
32301174 5624821 -225
32301174 5624748 -175
32301174 5624677 -125
32301174 5624608 -75
32301174 5625150 -2726
32300902 5625150 -475
32301174 5625150 -440
32301174 5625123 -425
32301174 5625041 -375
32301174 5624964 -325
32301174 5624892 -275
32301174 5625450 -2726
32301174 5625450 -583
32301174 5625430 -575
32301174 5625319 -525
32301174 5625216 -475
32301174 5625750 -2726
32301174 5625750 -671
32301174 5625587 -625
32301174 5626050 -2726
32301007 5626050 -675
32301174 5626050 -707
32301174 5625782 -675
32301174 5626350 -2726
32301058 5626350 -675
32301174 5626350 -701
32301174 5626650 -2726
32301173 5626650 -675
32301174 5626650 -675
32300981 5626650 -625
32301174 5626950 -2726
32301174 5626652 -675
32301093 5626950 -625
32301174 5626950 -645
32300910 5626950 -575
32301174 5627250 -2726
32301174 5627154 -625
32301020 5627250 -575
32301174 5627250 -615
32301174 5627550 -2726
32301173 5627550 -575
32301174 5627550 -575
32300998 5627550 -525
32301174 5627850 -2726
32301174 5627551 -575
32301174 5627813 -525
32301049 5627850 -475
32301174 5627850 -517
32300921 5627850 -425
32301168 5628150 -2725
32301174 5628150 -2726
32301174 5628022 -475
32301136 5628150 -425
32301174 5628150 -439
32301017 5628150 -375
32300917 5628150 -325
32301174 5628156 -2725
32301174 5628450 -2676
32301174 5628208 -425
32301174 5628388 -375
32301082 5628450 -325
32301174 5628450 -356
32300944 5628450 -275
32301168 5628750 -2675
32301174 5628750 -2676
32301174 5628750 -1268
32301174 5628734 -1225
32300892 5628750 -1175
32301174 5628750 -1222
32300909 5628750 -1125
32300926 5628750 -1075
32301174 5628606 -325
32301060 5628750 -275
32301174 5628750 -294
32301174 5628756 -2675
32301168 5629050 -2625
32301174 5629050 -2626
32301174 5629019 -1225
32300905 5629050 -1175
32301174 5629050 -1220
32301174 5629033 -1175
32301174 5629016 -1125
32301174 5628998 -1075
32301174 5628980 -1025
32300940 5629050 -975
32301174 5629050 -1013
32300957 5629050 -925
32300975 5629050 -875
32301174 5629023 -275
32300897 5629050 -225
32301174 5629050 -273
32301174 5629056 -2625
32301168 5629350 -2575
32301174 5629350 -2576
32301174 5629258 -1175
32301036 5629350 -1125
32301174 5629350 -1154
32301174 5629285 -975
32301174 5629267 -925
32301174 5629249 -875
32301174 5629232 -825
32300982 5629350 -775
32301174 5629350 -805
32301000 5629350 -725
32301017 5629350 -675
32301129 5629350 -225
32301174 5629350 -241
32300998 5629350 -175
32300875 5629350 -125
32301174 5629356 -2575
32301168 5629650 -2525
32301174 5629650 -2526
32301174 5629452 -1125
32301174 5629620 -1075
32301031 5629650 -1025
32301174 5629650 -1065
32301174 5629544 -775
32301174 5629526 -725
32301174 5629508 -675
32301174 5629490 -625
32301012 5629650 -575
32301174 5629650 -599
32301030 5629650 -525
32301048 5629650 -475
32301066 5629650 -425
32301174 5629399 -225
32301174 5629590 -175
32301115 5629650 -125
32301174 5629650 -159
32301042 5629650 -75
32300974 5629650 -25
32300912 5629650 25
32301174 5629656 -2525
32301174 5629655 -2475
32301168 5629950 -2425
32301174 5629950 -2426
32301174 5629755 -1025
32301174 5629880 -975
32301117 5629950 -925
32301174 5629950 -946
32300987 5629950 -875
32301174 5629811 -575
32301174 5629793 -525
32301174 5629775 -475
32301174 5629757 -425
32301028 5629950 -375
32301174 5629950 -396
32301045 5629950 -325
32301063 5629950 -275
32301080 5629950 -225
32301174 5629711 -125
32301174 5629789 -75
32301174 5629862 -25
32301174 5629931 25
32301116 5629950 75
32301174 5629950 38
32301038 5629950 125
32300960 5629950 175
32300883 5629950 225
32301174 5629956 -2425
32301168 5630250 -2375
32301174 5630250 -2376
32301174 5630001 -925
32301174 5630118 -875
32301174 5630229 -825
32301101 5630250 -775
32301174 5630250 -815
32301015 5630250 -725
32300933 5630250 -675
32301174 5630097 -375
32301174 5630079 -325
32301174 5630061 -275
32301174 5630044 -225
32301030 5630250 -175
32301174 5630250 -195
32301046 5630250 -125
32301063 5630250 -75
32301080 5630250 -25
32301174 5630003 75
32301174 5630079 125
32301174 5630155 175
32301174 5630232 225
32301107 5630250 275
32301174 5630250 236
32301019 5630250 325
32300933 5630250 375
32301174 5630256 -2375
32301174 5630255 -2325
32301168 5630550 -2275
32301174 5630550 -2276
32301105 5630550 -2225
32301174 5630319 -775
32301174 5630401 -725
32301174 5630482 -675
32301163 5630550 -625
32301174 5630550 -631
32301079 5630550 -575
32300999 5630550 -525
32300921 5630550 -475
32301174 5630397 -175
32301174 5630380 -125
32301174 5630363 -75
32301174 5630550 -48
32301014 5630550 -25
32301030 5630550 25
32301048 5630550 75
32301066 5630550 125
32301084 5630550 175
32301174 5630312 275
32301174 5630395 325
32301174 5630478 375
32301162 5630550 425
32301174 5630550 417
32301076 5630550 475
32301174 5630556 -2275
32301174 5630555 -2225
32301168 5630850 -2175
32301174 5630850 -2176
32301168 5630850 -2125
32301174 5630560 -625
32301174 5630637 -575
32301174 5630713 -525
32301174 5630788 -475
32301161 5630850 -425
32301174 5630850 -434
32301090 5630850 -375
32301022 5630850 -325
32300955 5630850 -275
32300889 5630850 -225
32301174 5630710 -25
32301174 5630695 25
32301174 5630677 75
32301174 5630659 125
32301174 5630850 152
32301013 5630850 175
32301032 5630850 225
32301051 5630850 275
32301070 5630850 325
32301090 5630850 375
32301174 5630562 425
32301174 5630649 475
32301174 5630856 -2175
32301174 5630856 -2125
32301174 5630855 -2075
32301168 5631150 -2025
32301174 5631150 -2026
32301132 5631150 -1975
32301174 5630864 -425
32301174 5630944 -375
32301174 5631026 -325
32301174 5631109 -275
32301142 5631150 -225
32301174 5631150 -251
32301081 5631150 -175
32301024 5631150 -125
32300968 5631150 -75
32300915 5631150 -25
32301174 5631002 175
32301174 5630984 225
32301174 5630966 275
32301174 5631021 325
32301174 5631150 342
32301021 5631150 375
32301042 5631150 425
32301063 5631150 475
32301174 5631156 -2025
32301174 5631155 -1975
32301174 5631155 -1925
32301168 5631450 -1875
32301174 5631450 -1875
32301174 5631195 -225
32301174 5631285 -175
32301174 5631378 -125
32301157 5631450 -75
32301174 5631450 -87
32301094 5631450 -25
32301034 5631450 25
32300977 5631450 75
32300920 5631450 125
32301174 5631286 375
32301174 5631268 425
32301174 5631250 475
32301174 5631455 -1875
32301174 5631455 -1825
32301174 5631455 -1775
32301168 5631750 -1725
32301174 5631750 -1725
32301168 5631750 -1675
32301174 5631470 -75
32301174 5631546 -25
32301174 5631618 25
32301174 5631688 75
32301163 5631750 125
32301174 5631750 119
32301058 5631750 175
32300949 5631750 225
32301174 5631755 -1725
32301174 5631755 -1675
32301174 5631755 -1625
32301168 5632050 -1575
32301174 5632050 -1575
32301168 5632050 -1525
32301174 5631759 125
32301174 5631853 175
32301174 5631951 225
32301165 5632050 275
32301174 5632050 273
32301174 5632055 -1575
32301174 5632055 -1525
32301174 5632055 -1475
32301174 5632055 -1425
32301168 5632350 -1375
32301174 5632350 -1375
32301169 5632350 -1325
32300880 5632350 -125
32301174 5632055 275
32301174 5632265 325
32301174 5632350 345
32301174 5632355 -1375
32301174 5632355 -1325
32301174 5632355 -1275
32301174 5632355 -1225
32301169 5632650 -1175
32301174 5632650 -1176
32301169 5632650 -1125
32300907 5632650 -25
32300943 5632650 25
32301174 5632581 375
32300923 5632650 425
32301174 5632650 385
32301174 5632655 -1175
32301174 5632655 -1125
32301174 5632654 -1075
32301174 5632654 -1025
32301169 5632950 -975
32301174 5632950 -975
32301169 5632950 -925
32301174 5632949 -25
32301172 5632950 -25
32301174 5632950 -25
32301174 5632909 25
32301047 5632950 25
32301174 5632950 31
32300890 5632950 125
32300931 5632950 175
32301174 5632768 425
32301174 5632913 475
32301174 5632955 -975
32301174 5632954 -925
32301174 5632954 -875
32301174 5632954 -825
32301169 5633250 -775
32301174 5633250 -775
32301170 5633250 -725
32301170 5633250 -675
32301174 5632951 -25
32301174 5633070 25
32301174 5633231 125
32301138 5633250 125
32301174 5633250 103
32301174 5633190 175
32301054 5633250 175
32301174 5633250 186
32300911 5633250 325
32300956 5633250 375
32301174 5633254 -775
32301174 5633254 -725
32301174 5633254 -675
32301174 5633254 -625
32301170 5633550 -575
32301174 5633550 -575
32301170 5633550 -525
32301170 5633550 -475
32301174 5633284 125
32301174 5633364 175
32301174 5633518 325
32301124 5633550 325
32301174 5633550 291
32301174 5633473 375
32301049 5633550 375
32301174 5633550 383
32301174 5633554 -575
32301174 5633554 -525
32301174 5633554 -475
32301174 5633553 -425
32301174 5633553 -375
32301170 5633850 -325
32301174 5633850 -325
32301170 5633850 -275
32301170 5633850 -225
32301174 5633592 325
32301174 5633654 375
32301174 5633854 -325
32301174 5633854 -275
32301174 5633853 -225
32301174 5633853 -175
32301170 5634150 -125
32301174 5634150 -125
32301170 5634150 -75
32301170 5634150 -25
32301170 5634150 25
32301174 5634154 -125
32301174 5634154 -75
32301174 5634154 -25
32301174 5634153 25
32301174 5634153 75
32301169 5634450 125
32301174 5634450 124
32301170 5634450 175
32301170 5634450 225
32301174 5634454 125
32301174 5634454 175
32301174 5634454 225
32301174 5634454 275
32301174 5634453 325
32301169 5634750 375
32301174 5634750 374
32301170 5634750 425
32301170 5634750 475
32301174 5634754 375
32301174 5634754 425
32301174 5634754 475
32301475 5623650 -2726
32301475 5623950 -2726
32301302 5623650 175
32301235 5623950 175
32301475 5623731 225
32301475 5623650 203
32301346 5623950 225
32301456 5623950 275
32301475 5623917 275
32301475 5623950 283
32301475 5624250 -2726
32301181 5624250 125
32301298 5624250 175
32301411 5624250 225
32301475 5624250 255
32301475 5624047 275
32301475 5624550 -2726
32301192 5624550 -25
32301303 5624550 25
32301415 5624550 75
32301475 5624550 101
32301475 5624502 125
32301475 5624402 175
32301475 5624306 225
32301475 5624850 -2726
32301215 5624850 -225
32301315 5624850 -175
32301407 5624850 -125
32301475 5624850 -85
32301475 5624834 -75
32301475 5624760 -25
32301475 5624682 25
32301475 5624598 75
32301475 5625150 -2726
32301221 5625150 -425
32301358 5625150 -375
32301475 5625150 -326
32301475 5625148 -325
32301475 5625080 -275
32301475 5625016 -225
32301475 5624954 -175
32301475 5624895 -125
32301475 5625450 -2726
32301217 5625450 -575
32301453 5625450 -525
32301475 5625450 -519
32301475 5625372 -475
32301475 5625292 -425
32301475 5625217 -375
32301475 5625750 -2726
32301475 5625750 -642
32301475 5625702 -625
32301475 5625577 -575
32301475 5625461 -525
32301475 5626050 -2726
32301475 5626050 -701
32301475 5625914 -675
32301475 5626350 -2726
32301475 5626350 -710
32301475 5626650 -2726
32301475 5626650 -692
32301475 5626950 -2726
32301475 5626877 -675
32301475 5626950 -669
32301475 5627250 -2726
32301288 5627250 -625
32301475 5627250 -640
32301475 5627550 -2726
32301475 5627383 -625
32301475 5627550 -604
32301475 5627850 -2726
32301475 5627763 -575
32301222 5627850 -525
32301475 5627850 -562
32301475 5628150 -2726
32301475 5628095 -525
32301304 5628150 -475
32301475 5628150 -516
32301475 5628171 -2725
32301475 5628450 -2678
32301475 5628393 -475
32301353 5628450 -425
32301475 5628450 -464
32301219 5628450 -375
32301475 5628750 -2676
32301190 5628750 -1225
32301475 5628668 -425
32301377 5628750 -375
32301475 5628750 -408
32301246 5628750 -325
32301475 5628756 -2675
32301475 5629050 -2626
32301475 5629035 -1225
32301206 5629050 -1225
32301475 5629050 -1265
32301475 5629016 -1175
32301208 5629050 -1125
32301475 5629050 -1169
32301226 5629050 -1075
32301244 5629050 -1025
32301475 5628959 -375
32301354 5629050 -325
32301475 5629050 -359
32301180 5629050 -275
32301469 5629350 -2625
32301475 5629350 -2626
32301475 5629283 -1225
32301274 5629350 -1175
32301475 5629350 -1213
32301475 5629316 -1125
32301475 5629298 -1075
32301475 5629279 -1025
32301239 5629350 -975
32301475 5629350 -1013
32301258 5629350 -925
32301276 5629350 -875
32301294 5629350 -825
32301475 5629327 -325
32301301 5629350 -275
32301475 5629350 -322
32301475 5629356 -2625
32301475 5629498 -2575
32301475 5629650 -2549
32301475 5629513 -1175
32301404 5629650 -1125
32301475 5629650 -1142
32301208 5629650 -1075
32301475 5629587 -975
32301475 5629568 -925
32301475 5629549 -875
32301475 5629531 -825
32301280 5629650 -775
32301475 5629650 -805
32301298 5629650 -725
32301321 5629650 -675
32301340 5629650 -625
32301458 5629650 -275
32301475 5629650 -282
32301348 5629650 -225
32301212 5629650 -175
32301475 5629656 -2525
32301469 5629950 -2475
32301475 5629950 -2476
32301475 5629706 -1125
32301475 5629923 -1075
32301364 5629950 -1025
32301475 5629950 -1068
32301242 5629950 -975
32301475 5629842 -775
32301475 5629824 -725
32301475 5629801 -675
32301475 5629782 -625
32301315 5629950 -575
32301475 5629950 -599
32301334 5629950 -525
32301352 5629950 -475
32301371 5629950 -425
32301475 5629670 -275
32301475 5629796 -225
32301475 5629917 -175
32301414 5629950 -125
32301475 5629950 -161
32301335 5629950 -75
32301262 5629950 -25
32301192 5629950 25
32301475 5629956 -2475
32301469 5630250 -2425
32301475 5630250 -2426
32301475 5630060 -1025
32301475 5630184 -975
32301419 5630250 -925
32301475 5630250 -947
32301303 5630250 -875
32301194 5630250 -825
32301475 5630111 -575
32301475 5630092 -525
32301475 5630073 -475
32301475 5630250 -448
32301309 5630250 -425
32301327 5630250 -375
32301345 5630250 -325
32301363 5630250 -275
32301381 5630250 -225
32301475 5630012 -125
32301475 5630094 -75
32301475 5630170 -25
32301475 5630242 25
32301412 5630250 75
32301475 5630250 30
32301339 5630250 125
32301265 5630250 175
32301191 5630250 225
32301475 5630256 -2425
32301475 5630255 -2375
32301469 5630550 -2325
32301475 5630550 -2326
32301475 5630299 -925
32301475 5630404 -875
32301475 5630506 -825
32301422 5630550 -775
32301475 5630550 -802
32301330 5630550 -725
32301245 5630550 -675
32301475 5630414 -425
32301475 5630395 -375
32301475 5630377 -325
32301475 5630359 -275
32301475 5630550 -247
32301313 5630550 -225
32301331 5630550 -175
32301349 5630550 -125
32301367 5630550 -75
32301475 5630320 75
32301475 5630401 125
32301475 5630482 175
32301462 5630550 225
32301475 5630550 215
32301388 5630550 275
32301313 5630550 325
32301238 5630550 375
32301475 5630556 -2325
32301475 5630555 -2275
32301469 5630850 -2225
32301475 5630850 -2226
32301475 5630602 -775
32301475 5630695 -725
32301475 5630786 -675
32301452 5630850 -625
32301475 5630850 -639
32301374 5630850 -575
32301300 5630850 -525
32301230 5630850 -475
32301475 5630705 -225
32301475 5630688 -175
32301475 5630670 -125
32301475 5630850 -98
32301300 5630850 -75
32301319 5630850 -25
32301337 5630850 25
32301356 5630850 75
32301376 5630850 125
32301475 5630567 225
32301475 5630657 275
32301475 5630748 325
32301475 5630838 375
32301414 5630850 425
32301475 5630850 381
32301342 5630850 475
32301475 5630856 -2225
32301475 5630855 -2175
32301469 5631150 -2125
32301475 5631150 -2126
32301470 5631150 -2075
32301475 5630876 -625
32301475 5630964 -575
32301475 5631054 -525
32301475 5631143 -475
32301408 5631150 -425
32301475 5631150 -471
32301339 5631150 -375
32301271 5631150 -325
32301205 5631150 -275
32301475 5631010 -75
32301475 5630992 -25
32301475 5630975 25
32301475 5630958 75
32301475 5631150 103
32301318 5631150 125
32301338 5631150 175
32301357 5631150 225
32301377 5631150 275
32301326 5631150 325
32301475 5630938 425
32301475 5631037 475
32301475 5631156 -2125
32301475 5631155 -2075
32301475 5631155 -2025
32301469 5631450 -1975
32301475 5631450 -1975
32301470 5631450 -1925
32301475 5631230 -425
32301475 5631316 -375
32301475 5631404 -325
32301440 5631450 -275
32301475 5631450 -299
32301368 5631450 -225
32301297 5631450 -175
32301227 5631450 -125
32301475 5631294 125
32301475 5631276 175
32301475 5631258 225
32301475 5631450 252
32301314 5631450 275
32301333 5631450 325
32301351 5631450 375
32301370 5631450 425
32301389 5631450 475
32301475 5631456 -1975
32301475 5631455 -1925
32301475 5631455 -1875
32301469 5631750 -1825
32301475 5631750 -1825
32301470 5631750 -1775
32301475 5631487 -275
32301475 5631562 -225
32301475 5631636 -175
32301475 5631708 -125
32301445 5631750 -75
32301475 5631750 -95
32301373 5631750 -25
32301304 5631750 25
32301235 5631750 75
32301475 5631609 275
32301475 5631590 325
32301475 5631572 375
32301475 5631553 425
32301475 5631750 452
32301316 5631750 475
32301475 5631755 -1825
32301475 5631755 -1775
32301475 5631755 -1725
32301470 5632050 -1675
32301475 5632050 -1675
32301470 5632050 -1625
32301475 5631780 -75
32301475 5631850 -25
32301475 5631920 25
32301475 5631990 75
32301462 5632050 125
32301475 5632050 117
32301369 5632050 175
32301273 5632050 225
32301475 5631909 475
32301475 5632055 -1675
32301475 5632055 -1625
32301475 5632055 -1575
32301470 5632350 -1525
32301475 5632350 -1525
32301470 5632350 -1475
32301470 5632350 -1425
32301475 5632062 125
32301475 5632149 175
32301475 5632239 225
32301475 5632334 275
32301273 5632350 325
32301475 5632350 283
32301475 5632355 -1525
32301475 5632355 -1475
32301475 5632355 -1425
32301475 5632355 -1375
32301470 5632650 -1325
32301475 5632650 -1325
32301470 5632650 -1275
32301469 5632650 -1225
32301475 5632474 325
32301475 5632626 375
32301475 5632650 382
32301475 5632655 -1325
32301475 5632655 -1275
32301475 5632655 -1225
32301475 5632654 -1175
32301470 5632950 -1125
32301475 5632950 -1125
32301470 5632950 -1075
32301471 5632950 -1025
32301175 5632950 -25
32301209 5632950 25
32301475 5632890 425
32301243 5632950 475
32301475 5632950 436
32301475 5632955 -1125
32301475 5632955 -1075
32301475 5632954 -1025
32301475 5632954 -975
32301470 5633250 -925
32301475 5633250 -925
32301471 5633250 -875
32301471 5633250 -825
32301475 5633250 -14
32301475 5633222 25
32301372 5633250 25
32301475 5633250 29
32301192 5633250 125
32301232 5633250 175
32301475 5633158 475
32301475 5633254 -925
32301475 5633254 -875
32301475 5633254 -825
32301475 5633254 -775
32301471 5633550 -725
32301475 5633550 -725
32301471 5633550 -675
32301471 5633550 -625
32301475 5633372 25
32301475 5633516 125
32301411 5633550 125
32301475 5633550 82
32301475 5633477 175
32301339 5633550 175
32301268 5633550 225
32301475 5633440 225
32301475 5633550 240
32301206 5633550 325
32301253 5633550 375
32301475 5633554 -725
32301475 5633554 -675
32301475 5633554 -625
32301475 5633553 -575
32301475 5633553 -525
32301471 5633850 -475
32301475 5633850 -475
32301471 5633850 -425
32301472 5633850 -375
32301475 5633608 125
32301475 5633675 175
32301475 5633740 225
32301475 5633836 325
32301458 5633850 325
32301475 5633850 311
32301475 5633787 375
32301390 5633850 375
32301475 5633850 381
32301475 5633854 -475
32301475 5633853 -425
32301475 5633853 -375
32301475 5633853 -325
32301471 5634150 -275
32301475 5634150 -275
32301471 5634150 -225
32301471 5634150 -175
32301475 5633863 325
32301475 5633915 375
32301475 5634154 -275
32301475 5634154 -225
32301475 5634153 -175
32301475 5634153 -125
32301475 5634153 -75
32301471 5634450 -25
32301475 5634450 -25
32301471 5634450 25
32301471 5634450 75
32301475 5634454 -25
32301475 5634454 25
32301475 5634454 75
32301475 5634453 125
32301475 5634453 175
32301471 5634750 225
32301475 5634750 224
32301471 5634750 275
32301471 5634750 325
32301475 5634754 225
32301475 5634754 275
32301475 5634754 325
32301475 5634754 375
32301475 5634753 425
32301471 5635050 475
32301475 5635050 474
32301475 5635054 475
32301777 5623650 -2726
32301777 5623950 -2726
32301720 5623950 225
32301777 5623950 213
32301777 5623650 222
32301511 5623950 275
32301777 5624250 -2726
32301777 5623973 225
32301516 5624250 275
32301777 5624058 275
32301777 5624142 325
32301627 5624250 325
32301762 5624250 375
32301777 5624239 375
32301777 5624250 379
32301777 5624550 -2726
32301514 5624550 125
32301593 5624550 175
32301667 5624550 225
32301740 5624550 275
32301777 5624550 298
32301777 5624463 325
32301777 5624270 375
32301777 5624850 -2726
32301496 5624850 -75
32301593 5624850 -25
32301696 5624850 25
32301777 5624850 61
32301777 5624831 75
32301777 5624765 125
32301777 5624702 175
32301777 5624641 225
32301777 5624580 275
32301777 5625150 -2726
32301478 5625150 -325
32301571 5625150 -275
32301657 5625150 -225
32301740 5625150 -175
32301777 5625150 -152
32301777 5625113 -125
32301777 5625045 -75
32301777 5624976 -25
32301777 5624904 25
32301777 5625450 -2726
32301586 5625450 -475
32301697 5625450 -425
32301777 5625450 -386
32301777 5625434 -375
32301777 5625365 -325
32301777 5625300 -275
32301777 5625237 -225
32301777 5625177 -175
32301777 5625750 -2726
32301541 5625750 -625
32301713 5625750 -575
32301777 5625750 -555
32301777 5625689 -525
32301777 5625596 -475
32301777 5625511 -425
32301777 5626050 -2726
32301613 5626050 -675
32301777 5626050 -642
32301777 5625987 -625
32301777 5625814 -575
32301777 5626350 -2726
32301732 5626350 -675
32301777 5626350 -668
32301777 5626650 -2726
32301657 5626650 -675
32301777 5626650 -662
32301777 5626950 -2726
32301777 5626950 -647
32301777 5627250 -2726
32301777 5627215 -625
32301731 5627250 -625
32301777 5627250 -622
32301777 5627550 -2726
32301777 5627550 -587
32301777 5627850 -2726
32301777 5627664 -575
32301777 5627850 -553
32301777 5628150 -2726
32301644 5628150 -525
32301777 5628150 -531
32301755 5628450 -2725
32301777 5628450 -2726
32301777 5628292 -525
32301530 5628450 -475
32301777 5628450 -517
32301777 5628456 -2725
32301777 5628750 -2676
32301692 5628750 -475
32301777 5628750 -497
32301524 5628750 -425
32301770 5629050 -2675
32301777 5629050 -2676
32301490 5629050 -1225
32301509 5629050 -1175
32301777 5628916 -475
32301671 5629050 -425
32301777 5629050 -456
32301518 5629050 -375
32301777 5629056 -2675
32301777 5629350 -2626
32301777 5629335 -1225
32301544 5629350 -1225
32301777 5629350 -1262
32301777 5629316 -1175
32301509 5629350 -1125
32301777 5629350 -1169
32301527 5629350 -1075
32301546 5629350 -1025
32301777 5629288 -425
32301646 5629350 -375
32301777 5629350 -416
32301484 5629350 -325
32301777 5629356 -2625
32301625 5629650 -2575
32301777 5629650 -2576
32301777 5629549 -1225
32301592 5629650 -1175
32301777 5629650 -1211
32301777 5629612 -1125
32301777 5629593 -1075
32301777 5629574 -1025
32301540 5629650 -975
32301777 5629650 -1012
32301559 5629650 -925
32301579 5629650 -875
32301598 5629650 -825
32301777 5629536 -375
32301669 5629650 -325
32301777 5629650 -350
32301777 5629656 -2575
32301770 5629950 -2525
32301777 5629950 -2526
32301777 5629850 -1175
32301701 5629950 -1125
32301777 5629950 -1149
32301499 5629950 -1075
32301777 5629882 -975
32301777 5629863 -925
32301777 5629844 -875
32301777 5629831 -825
32301585 5629950 -775
32301777 5629950 -806
32301604 5629950 -725
32301623 5629950 -675
32301642 5629950 -625
32301777 5629746 -325
32301777 5629948 -275
32301643 5629950 -225
32301777 5629950 -274
32301511 5629950 -175
32301777 5629956 -2525
32301770 5630250 -2475
32301777 5630250 -2476
32301777 5630029 -1125
32301777 5630186 -1075
32301689 5630250 -1025
32301777 5630250 -1054
32301548 5630250 -975
32301777 5630142 -775
32301777 5630123 -725
32301777 5630103 -675
32301777 5630250 -652
32301595 5630250 -625
32301614 5630250 -575
32301634 5630250 -525
32301653 5630250 -475
32301777 5630092 -225
32301777 5630236 -175
32301701 5630250 -125
32301777 5630250 -170
32301623 5630250 -75
32301551 5630250 -25
32301483 5630250 25
32301777 5630256 -2475
32301777 5630256 -2425
32301770 5630550 -2375
32301777 5630550 -2376
32301777 5630328 -1025
32301777 5630459 -975
32301741 5630550 -925
32301777 5630550 -939
32301627 5630550 -875
32301520 5630550 -825
32301777 5630428 -625
32301777 5630409 -575
32301777 5630390 -525
32301777 5630550 -500
32301596 5630550 -475
32301615 5630550 -425
32301635 5630550 -375
32301655 5630550 -325
32301674 5630550 -275
32301777 5630348 -125
32301777 5630454 -75
32301772 5630550 -25
32301777 5630550 -28
32301708 5630550 25
32301645 5630550 75
32301585 5630550 125
32301525 5630550 175
32301777 5630556 -2375
32301777 5630555 -2325
32301771 5630850 -2275
32301777 5630850 -2275
32301777 5630584 -925
32301777 5630699 -875
32301777 5630812 -825
32301712 5630850 -775
32301777 5630850 -808
32301621 5630850 -725
32301534 5630850 -675
32301777 5630723 -475
32301777 5630704 -425
32301777 5630685 -375
32301777 5630850 -347
32301612 5630850 -325
32301609 5630850 -275
32301628 5630850 -225
32301647 5630850 -175
32301665 5630850 -125
32301777 5630555 -25
32301777 5630632 25
32301777 5630705 75
32301777 5630776 125
32301777 5630848 175
32301703 5630850 225
32301777 5630850 175
32301629 5630850 275
32301556 5630850 325
32301485 5630850 375
32301777 5630855 -2275
32301777 5630855 -2225
32301771 5631150 -2175
32301777 5631150 -2175
32301777 5630918 -775
32301777 5631021 -725
32301777 5631121 -675
32301716 5631150 -625
32301777 5631150 -660
32301635 5631150 -575
32301556 5631150 -525
32301481 5631150 -475
32301777 5631003 -325
32301777 5631006 -275
32301777 5630988 -225
32301777 5630970 -175
32301777 5631150 -148
32301607 5631150 -125
32301626 5631150 -75
32301645 5631150 -25
32301664 5631150 25
32301683 5631150 75
32301777 5630954 225
32301777 5631057 275
32301772 5631150 325
32301777 5631150 321
32301700 5631150 375
32301629 5631150 425
32301558 5631150 475
32301777 5631155 -2175
32301777 5631155 -2125
32301771 5631450 -2075
32301777 5631450 -2075
32301771 5631450 -2025
32301777 5631216 -625
32301777 5631307 -575
32301777 5631396 -525
32301745 5631450 -475
32301777 5631450 -495
32301667 5631450 -425
32301591 5631450 -375
32301515 5631450 -325
32301777 5631312 -125
32301777 5631294 -75
32301777 5631276 -25
32301777 5631450 0
32301599 5631450 25
32301618 5631450 75
32301637 5631450 125
32301656 5631450 175
32301675 5631450 225
32301777 5631155 325
32301777 5631240 375
32301777 5631324 425
32301777 5631408 475
32301777 5631455 -2075
32301777 5631455 -2025
32301777 5631455 -1975
32301771 5631750 -1925
32301777 5631750 -1925
32301771 5631750 -1875
32301777 5631482 -475
32301777 5631562 -425
32301777 5631641 -375
32301777 5631717 -325
32301734 5631750 -275
32301777 5631750 -303
32301661 5631750 -225
32301589 5631750 -175
32301517 5631750 -125
32301777 5631627 25
32301777 5631608 75
32301777 5631589 125
32301777 5631570 175
32301777 5631750 199
32301596 5631750 225
32301615 5631750 275
32301634 5631750 325
32301654 5631750 375
32301673 5631750 425
32301777 5631755 -1925
32301777 5631755 -1875
32301777 5631755 -1825
32301771 5632050 -1775
32301777 5632050 -1775
32301771 5632050 -1725
32301777 5631793 -275
32301777 5631867 -225
32301777 5631941 -175
32301777 5632016 -125
32301737 5632050 -75
32301777 5632050 -102
32301668 5632050 -25
32301600 5632050 25
32301533 5632050 75
32301777 5631927 225
32301777 5631908 275
32301777 5631889 325
32301777 5631871 375
32301777 5632050 400
32301598 5632050 425
32301618 5632050 475
32301777 5632055 -1775
32301777 5632055 -1725
32301777 5632055 -1675
32301771 5632350 -1625
32301777 5632350 -1625
32301771 5632350 -1575
32301777 5632092 -75
32301777 5632168 -25
32301777 5632245 25
32301777 5632322 75
32301727 5632350 125
32301777 5632350 92
32301650 5632350 175
32301572 5632350 225
32301490 5632350 275
32301777 5632225 425
32301777 5632206 475
32301777 5632355 -1625
32301777 5632355 -1575
32301777 5632355 -1525
32301777 5632354 -1475
32301771 5632650 -1425
32301777 5632650 -1425
32301771 5632650 -1375
32301777 5632397 125
32301777 5632469 175
32301777 5632543 225
32301777 5632622 275
32301666 5632650 325
32301777 5632650 291
32301501 5632650 375
32301777 5632655 -1425
32301777 5632655 -1375
32301777 5632654 -1325
32301777 5632654 -1275
32301771 5632950 -1225
32301777 5632950 -1225
32301772 5632950 -1175
32301777 5632765 325
32301777 5632935 375
32301533 5632950 425
32301777 5632950 379
32301777 5632955 -1225
32301777 5632954 -1175
32301777 5632954 -1125
32301777 5633020 -1075
32301772 5633250 -1025
32301777 5633250 -1037
32301772 5633250 -975
32301507 5633250 25
32301667 5633250 425
32301777 5633250 387
32301528 5633250 475
32301777 5633254 -1025
32301777 5633254 -975
32301777 5633254 -925
32301777 5633254 -875
32301772 5633550 -825
32301777 5633550 -825
32301772 5633550 -775
32301725 5633550 -25
32301777 5633550 -45
32301777 5633533 -25
32301777 5633494 25
32301604 5633550 25
32301493 5633550 75
32301777 5633461 75
32301777 5633550 89
32301514 5633550 125
32301559 5633550 175
32301602 5633550 225
32301777 5633414 425
32301755 5633550 475
32301777 5633550 461
32301777 5633554 -825
32301777 5633554 -775
32301777 5633554 -725
32301777 5633553 -675
32301772 5633850 -625
32301777 5633850 -625
32301773 5633850 -575
32301773 5633850 -525
32301777 5633587 -25
32301777 5633675 25
32301777 5633751 75
32301777 5633850 137
32301777 5633810 175
32301710 5633850 175
32301777 5633758 225
32301623 5633850 225
32301777 5633850 234
32301487 5633850 325
32301530 5633850 375
32301777 5633566 475
32301777 5633854 -625
32301777 5633854 -575
32301777 5633853 -525
32301777 5633853 -475
32301772 5634150 -425
32301777 5634150 -425
32301772 5634150 -375
32301773 5634150 -325
32301777 5633894 175
32301777 5633951 225
32301777 5634125 425
32301745 5634150 425
32301777 5634150 403
32301777 5634150 427
32301777 5634154 -425
32301777 5634154 -375
32301777 5634153 -325
32301777 5634153 -275
32301777 5634153 -225
32301772 5634450 -175
32301777 5634450 -175
32301772 5634450 -125
32301773 5634450 -75
32301777 5634169 425
32301777 5634454 -175
32301777 5634454 -125
32301777 5634453 -75
32301777 5634453 -25
32301777 5634453 25
32301772 5634750 75
32301777 5634750 74
32301772 5634750 125
32301772 5634750 175
32301777 5634754 75
32301777 5634754 125
32301777 5634754 175
32301777 5634753 225
32301777 5634753 275
32301772 5635050 325
32301777 5635050 324
32301772 5635050 375
32301772 5635050 425
32301777 5635054 325
32301777 5635054 375
32301777 5635054 425
32301777 5635053 475
32302078 5623650 -2726
32302078 5623950 -2726
32302078 5623949 225
32302078 5623950 225
32302078 5623650 194
32302078 5623950 225
32302078 5624250 -2726
32302078 5624250 266
32302057 5624250 275
32301934 5624250 325
32301792 5624250 375
32302078 5624550 -2726
32302078 5624267 275
32301847 5624550 325
32302078 5624371 325
32301998 5624550 375
32302078 5624487 375
32301846 5624342 362
32302078 5624550 398
32302078 5624850 -2726
32301799 5624850 75
32301883 5624850 125
32301965 5624850 175
32302045 5624850 225
32302078 5624850 245
32302078 5624799 275
32302078 5624710 325
32302078 5624606 375
32302078 5625150 -2726
32301819 5625150 -125
32301897 5625150 -75
32301976 5625150 -25
32302058 5625150 25
32302078 5625150 36
32302078 5625093 75
32302078 5625021 125
32302078 5624949 175
32302078 5624878 225
32302078 5625450 -2726
32301796 5625450 -375
32301880 5625450 -325
32301958 5625450 -275
32302031 5625450 -225
32302078 5625450 -191
32302078 5625429 -175
32302078 5625366 -125
32302078 5625302 -75
32302078 5625236 -25
32302078 5625166 25
32302078 5625750 -2726
32301849 5625750 -525
32301963 5625750 -475
32302067 5625750 -425
32302078 5625750 -419
32302078 5625682 -375
32302078 5625613 -325
32302078 5625548 -275
32302078 5625488 -225
32302078 5626050 -2726
32301834 5626050 -625
32301994 5626050 -575
32302078 5626050 -547
32302078 5625991 -525
32302078 5625870 -475
32302078 5625760 -425
32302078 5626350 -2726
32301963 5626350 -625
32302078 5626350 -597
32302078 5626212 -575
32302078 5626650 -2726
32301979 5626650 -625
32302078 5626650 -606
32302078 5626950 -2726
32301923 5626950 -625
32302078 5626950 -601
32302078 5627250 -2726
32302078 5627250 -589
32302078 5627550 -2726
32302078 5627454 -575
32301969 5627550 -575
32302078 5627550 -567
32302078 5627850 -2726
32302078 5627850 -539
32302078 5628150 -2726
32302078 5628138 -525
32302056 5628150 -525
32302078 5628150 -524
32302078 5628450 -2726
32302078 5628450 -529
32301975 5628450 -525
32302078 5628185 -525
32302071 5628750 -2725
32302078 5628750 -2726
32301994 5628750 -525
32302078 5628750 -535
32302078 5628756 -2725
32302078 5629050 -2676
32302020 5629050 -525
32302078 5629050 -540
32301840 5629050 -475
32302073 5629350 -2675
32302078 5629350 -2675
32301792 5629350 -1225
32301811 5629350 -1175
32302078 5629151 -525
32302001 5629350 -475
32302078 5629350 -493
32301808 5629350 -425
32302078 5629354 -2675
32302071 5629650 -2625
32302078 5629650 -2626
32302066 5629650 -1275
32302078 5629650 -1277
32302078 5629648 -1275
32302078 5629629 -1225
32301855 5629650 -1225
32302078 5629650 -1216
32301826 5629650 -1175
32301815 5629650 -1125
32301835 5629650 -1075
32301854 5629650 -1025
32302078 5629431 -475
32302078 5629638 -425
32301882 5629650 -375
32302078 5629650 -421
32302078 5629656 -2625
32302071 5629950 -2575
32302078 5629950 -2576
32302078 5629663 -1275
32302078 5629909 -1225
32302078 5629907 -1175
32301888 5629950 -1175
32302078 5629950 -1216
32302078 5629913 -1125
32302078 5629894 -1075
32302078 5629874 -1025
32301844 5629950 -975
32302078 5629950 -1012
32301863 5629950 -925
32301882 5629950 -875
32301895 5629950 -825
32302078 5629830 -375
32302000 5629950 -325
32302078 5629950 -343
32301778 5629950 -275
32302078 5629956 -2575
32302075 5630250 -2525
32302078 5630250 -2525
32302078 5630110 -1175
32302028 5630250 -1125
32302078 5630250 -1138
32301849 5630250 -1075
32302078 5630185 -975
32302078 5630166 -925
32302078 5630146 -875
32302078 5630250 -858
32301865 5630250 -825
32301884 5630250 -775
32301903 5630250 -725
32301922 5630250 -675
32302078 5630021 -325
32302078 5630220 -275
32301946 5630250 -225
32302078 5630250 -267
32301791 5630250 -175
32302078 5630253 -2525
32302078 5630256 -2475
32302072 5630550 -2425
32302078 5630550 -2426
32302078 5630293 -1125
32302078 5630453 -1075
32302020 5630550 -1025
32302078 5630550 -1044
32301875 5630550 -975
32302078 5630463 -825
32302078 5630444 -775
32302078 5630424 -725
32302078 5630550 -705
32301879 5630550 -675
32301898 5630550 -625
32301918 5630550 -575
32301937 5630550 -525
32302078 5630392 -225
32302068 5630550 -175
32302078 5630550 -179
32301964 5630550 -125
32301865 5630550 -75
32302078 5630556 -2425
32302078 5630555 -2375
32302072 5630850 -2325
32302078 5630850 -2325
32302078 5630605 -1025
32302078 5630744 -975
32302048 5630850 -925
32302078 5630850 -937
32301928 5630850 -875
32301814 5630850 -825
32302078 5630746 -675
32302078 5630727 -625
32302078 5630707 -575
32302078 5630850 -552
32301886 5630850 -525
32301906 5630850 -475
32301926 5630850 -425
32301947 5630850 -375
32302078 5630562 -175
32302078 5630695 -125
32302078 5630827 -75
32302020 5630850 -25
32302078 5630850 -66
32301955 5630850 25
32301894 5630850 75
32301836 5630850 125
32301778 5630850 175
32302078 5630855 -2325
32302078 5630855 -2275
32302072 5631150 -2225
32302078 5631150 -2225
32302078 5630880 -925
32302078 5631004 -875
32302078 5631127 -825
32301994 5631150 -775
32302078 5631150 -815
32301896 5631150 -725
32301802 5631150 -675
32302078 5631035 -525
32302078 5631015 -475
32302078 5630995 -425
32302078 5631150 -401
32301888 5631150 -375
32301908 5631150 -325
32301928 5631150 -275
32301948 5631150 -225
32301969 5631150 -175
32302078 5630931 -25
32302078 5631022 25
32302078 5631109 75
32302043 5631150 125
32302078 5631150 99
32301975 5631150 175
32301907 5631150 225
32301840 5631150 275
32302078 5631155 -2225
32302078 5631155 -2175
32302072 5631450 -2125
32302078 5631450 -2125
32302078 5631239 -775
32302078 5631347 -725
32302076 5631450 -675
32302078 5631450 -676
32301989 5631450 -625
32301905 5631450 -575
32301824 5631450 -525
32302078 5631332 -375
32302078 5631313 -325
32302078 5631293 -275
32302078 5631275 -225
32302078 5631450 -199
32301900 5631450 -175
32301919 5631450 -125
32301938 5631450 -75
32301957 5631450 -25
32302078 5631190 125
32302078 5631267 175
32302078 5631345 225
32302078 5631423 275
32302029 5631450 325
32302078 5631450 292
32301956 5631450 375
32301884 5631450 425
32301812 5631450 475
32302078 5631455 -2125
32302078 5631455 -2075
32302073 5631750 -2025
32302078 5631750 -2025
32302072 5631750 -1975
32302078 5631452 -675
32302078 5631553 -625
32302078 5631636 -575
32302078 5631725 -525
32302023 5631750 -475
32302078 5631750 -511
32301949 5631750 -425
32301877 5631750 -375
32301806 5631750 -325
32302078 5631624 -175
32302078 5631605 -125
32302078 5631587 -75
32302078 5631750 -51
32301881 5631750 -25
32301900 5631750 25
32301919 5631750 75
32301938 5631750 125
32301957 5631750 175
32302078 5631500 325
32302078 5631579 375
32302078 5631660 425
32302078 5631742 475
32302078 5631754 -2025
32302078 5631755 -1975
32302078 5631755 -1925
32302072 5632050 -1875
32302078 5632050 -1875
32302072 5632050 -1825
32302078 5631813 -475
32302078 5631898 -425
32302078 5631983 -375
32302064 5632050 -325
32302078 5632050 -335
32301998 5632050 -275
32301934 5632050 -225
32301874 5632050 -175
32301807 5632050 -125
32302078 5631938 -25
32302078 5631920 25
32302078 5631902 75
32302078 5631884 125
32302078 5632050 148
32301885 5632050 175
32301905 5632050 225
32301924 5632050 275
32301944 5632050 325
32301963 5632050 375
32302078 5632055 -1875
32302078 5632055 -1825
32302078 5632055 -1775
32302072 5632350 -1725
32302078 5632350 -1725
32302072 5632350 -1675
32302078 5632064 -325
32302078 5632134 -275
32302078 5632201 -225
32302078 5632264 -175
32302078 5632334 -125
32302024 5632350 -75
32302078 5632350 -113
32301952 5632350 -25
32301879 5632350 25
32301803 5632350 75
32302078 5632244 175
32302078 5632225 225
32302078 5632205 275
32302078 5632185 325
32302078 5632166 375
32301900 5632350 425
32302078 5632350 399
32301919 5632350 475
32302078 5632355 -1725
32302078 5632355 -1675
32302078 5632355 -1625
32302078 5632354 -1575
32302072 5632650 -1525
32302078 5632650 -1525
32302073 5632650 -1475
32302078 5632406 -75
32302078 5632482 -25
32302078 5632559 25
32302078 5632640 75
32302017 5632650 125
32302078 5632650 81
32301948 5632650 175
32301878 5632650 225
32301803 5632650 275
32302078 5632525 425
32302078 5632506 475
32302078 5632655 -1525
32302078 5632655 -1475
32302078 5632654 -1425
32302072 5632950 -1375
32302078 5632950 -1375
32302073 5632950 -1325
32302073 5632950 -1275
32302078 5632727 125
32302078 5632812 175
32302078 5632898 225
32302026 5632950 275
32302078 5632950 252
32301908 5632950 325
32301787 5632950 375
32302078 5632955 -1375
32302078 5632955 -1325
32302078 5632954 -1275
32302078 5632954 -1225
32302073 5633250 -1175
32302078 5633250 -1175
32302073 5633250 -1125
32302005 5633250 -1075
32302078 5633031 275
32302078 5633210 325
32301845 5633250 375
32302078 5633250 336
32302078 5633255 -1175
32302078 5633254 -1125
32302078 5633254 -1075
32302078 5633254 -1025
32302073 5633550 -975
32302078 5633550 -975
32302073 5633550 -925
32302073 5633550 -875
32301940 5633550 -75
32302078 5633550 -101
32302078 5633529 -75
32301793 5633550 -25
32302078 5633550 -71
32301833 5633550 25
32301865 5633550 75
32302078 5633467 375
32301925 5633550 425
32302078 5633550 391
32302078 5633554 -975
32302078 5633554 -925
32302078 5633554 -875
32302078 5633553 -825
32302073 5633850 -775
32302078 5633850 -775
32302074 5633850 -725
32302074 5633850 -675
32302078 5633613 -75
32302078 5633850 24
32302078 5633849 25
32302077 5633850 25
32302078 5633805 75
32301940 5633850 75
32302078 5633850 83
32301807 5633850 175
32301846 5633850 225
32302078 5633616 425
32302078 5633712 475
32302078 5633854 -775
32302078 5633854 -725
32302078 5633853 -675
32302078 5633853 -625
32302078 5633853 -575
32302074 5634150 -525
32302078 5634150 -525
32302074 5634150 -475
32302078 5633850 25
32302078 5633921 75
32302078 5634119 275
32302022 5634150 275
32302078 5634150 246
32302078 5634150 283
32301794 5634150 425
32302078 5634154 -525
32302078 5634153 -475
32302078 5634153 -425
32302078 5634153 -375
32302073 5634450 -325
32302078 5634450 -325
32302074 5634450 -275
32302074 5634450 -225
32302078 5634179 275
32302078 5634454 -325
32302078 5634454 -275
32302078 5634453 -225
32302078 5634453 -175
32302078 5634453 -125
32302073 5634750 -75
32302078 5634750 -75
32302074 5634750 -25
32302074 5634750 25
32302078 5634754 -75
32302078 5634754 -25
32302078 5634754 25
32302078 5634753 75
32302078 5634753 125
32302073 5635050 175
32302078 5635050 174
32302073 5635050 225
32302074 5635050 275
32302078 5635054 175
32302078 5635054 225
32302078 5635054 275
32302078 5635053 325
32302078 5635053 375
32302073 5635350 425
32302078 5635350 424
32302074 5635350 475
32302078 5635354 425
32302078 5635354 475
32302379 5623650 -2727
32302379 5623950 -2726
32302315 5623650 125
32302379 5623700 125
32302379 5623650 110
32302137 5623650 175
32302379 5623842 175
32302078 5623950 225
32302379 5623950 223
32302379 5624250 -2726
32302302 5624250 225
32302379 5624250 211
32302379 5624550 -2726
32302379 5624269 225
32302379 5624337 275
32302379 5624403 325
32302379 5624474 375
32302379 5624550 420
32302379 5624850 -2726
32302118 5624850 275
32302187 5624850 325
32302263 5624850 375
32302379 5624628 425
32302352 5624850 425
32302379 5624850 438
32302379 5625150 -2726
32302128 5625150 75
32302191 5625150 125
32302252 5625150 175
32302313 5625150 225
32302376 5625150 275
32302379 5625150 277
32302379 5625068 325
32302379 5624978 375
32302379 5624879 425
32302379 5625450 -2726
32302101 5625450 -175
32302169 5625450 -125
32302235 5625450 -75
32302300 5625450 -25
32302365 5625450 25
32302379 5625450 35
32302379 5625401 75
32302379 5625340 125
32302379 5625278 175
32302379 5625215 225
32302379 5625152 275
32302379 5625750 -2726
32302161 5625750 -375
32302250 5625750 -325
32302333 5625750 -275
32302379 5625750 -246
32302379 5625724 -225
32302379 5625667 -175
32302379 5625614 -125
32302379 5625562 -75
32302379 5625512 -25
32302379 5625460 25
32302379 5626050 -2726
32302136 5626050 -525
32302261 5626050 -475
32302379 5626050 -426
32302379 5626046 -425
32302379 5625951 -375
32302379 5625866 -325
32302379 5625789 -275
32302379 5626350 -2726
32302151 5626350 -575
32302313 5626350 -525
32302379 5626350 -504
32302379 5626231 -475
32302379 5626650 -2726
32302204 5626650 -575
32302379 5626650 -532
32302379 5626567 -525
32302379 5626950 -2726
32302220 5626950 -575
32302379 5626950 -546
32302379 5627250 -2726
32302225 5627250 -575
32302379 5627250 -560
32302379 5627550 -2726
32302379 5627550 -567
32302379 5627850 -2726
32302379 5627850 -559
32302379 5628150 -2726
32302084 5628150 -525
32302379 5628150 -550
32302379 5628450 -2726
32302379 5628450 -549
32302379 5628750 -2726
32302369 5628750 -575
32302379 5628750 -576
32302379 5628733 -575
32302379 5628756 -2725
32302379 5629050 -2676
32302364 5629050 -575
32302379 5629050 -576
32302379 5629350 -2676
32302379 5629073 -575
32302230 5629350 -525
32302379 5629350 -554
32302379 5629356 -2675
32302379 5629650 -2626
32302079 5629650 -1275
32302099 5629650 -1225
32302379 5629527 -525
32302266 5629650 -475
32302379 5629650 -504
32302088 5629650 -425
32302379 5629656 -2625
32302379 5629950 -2576
32302379 5629950 -1273
32302379 5629930 -1225
32302122 5629950 -1225
32302379 5629950 -1221
32302094 5629950 -1175
32302114 5629950 -1125
32302133 5629950 -1075
32302153 5629950 -1025
32302379 5629768 -475
32302368 5629950 -425
32302379 5629950 -427
32302187 5629950 -375
32302379 5629956 -2575
32302379 5630250 -2526
32302379 5630170 -1225
32302379 5630250 -1207
32302379 5630237 -1175
32302236 5630250 -1175
32302379 5630217 -1125
32302379 5630197 -1075
32302379 5630250 -1066
32302122 5630250 -1025
32302142 5630250 -975
32302161 5630250 -925
32302180 5630250 -875
32302379 5629959 -425
32302379 5630117 -375
32302352 5630250 -325
32302379 5630250 -331
32302114 5630250 -275
32302379 5630256 -2525
32302373 5630550 -2475
32302379 5630550 -2476
32302379 5630371 -1175
32302372 5630550 -1125
32302379 5630550 -1126
32302188 5630550 -1075
32302379 5630509 -1025
32302379 5630490 -975
32302379 5630470 -925
32302379 5630550 -912
32302144 5630550 -875
32302163 5630550 -825
32302182 5630550 -775
32302201 5630550 -725
32302379 5630268 -325
32302379 5630422 -275
32302332 5630550 -225
32302379 5630550 -234
32302379 5630556 -2475
32302379 5630555 -2425
32302373 5630850 -2375
32302379 5630850 -2375
32302379 5630556 -1125
32302379 5630721 -1075
32302345 5630850 -1025
32302379 5630850 -1035
32302192 5630850 -975
32302379 5630786 -875
32302379 5630767 -825
32302379 5630747 -775
32302379 5630850 -758
32302161 5630850 -725
32302180 5630850 -675
32302200 5630850 -625
32302219 5630850 -575
32302379 5630587 -225
32302379 5630805 -175
32302254 5630850 -125
32302379 5630850 -165
32302103 5630850 -75
32302379 5630855 -2375
32302373 5631150 -2325
32302379 5631150 -2325
32302373 5631150 -2275
32302379 5630887 -1025
32302379 5631058 -975
32302324 5631150 -925
32302379 5631150 -948
32302210 5631150 -875
32302098 5631150 -825
32302379 5631066 -725
32302379 5631046 -675
32302379 5631027 -625
32302379 5631150 -605
32302174 5631150 -575
32302194 5631150 -525
32302214 5631150 -475
32302235 5631150 -425
32302379 5630990 -125
32302371 5631150 -75
32302379 5631150 -79
32302280 5631150 -25
32302195 5631150 25
32302115 5631150 75
32302379 5631155 -2325
32302379 5631155 -2275
32302379 5631155 -2225
32302373 5631450 -2175
32302379 5631450 -2175
32302379 5631213 -925
32302379 5631350 -875
32302353 5631450 -825
32302379 5631450 -838
32302257 5631450 -775
32302165 5631450 -725
32302379 5631346 -575
32302379 5631326 -525
32302379 5631307 -475
32302379 5631450 -452
32302180 5631450 -425
32302199 5631450 -375
32302219 5631450 -325
32302240 5631450 -275
32302259 5631450 -225
32302379 5631159 -75
32302379 5631265 -25
32302379 5631362 25
32302378 5631450 75
32302379 5631450 74
32302310 5631450 125
32302241 5631450 175
32302171 5631450 225
32302101 5631450 275
32302379 5631455 -2175
32302379 5631455 -2125
32302373 5631750 -2075
32302379 5631750 -2075
32302379 5631481 -825
32302379 5631598 -775
32302379 5631714 -725
32302318 5631750 -675
32302379 5631750 -709
32302234 5631750 -625
32302168 5631750 -575
32302097 5631750 -525
32302379 5631635 -425
32302379 5631617 -375
32302379 5631597 -325
32302379 5631578 -275
32302379 5631750 -249
32302195 5631750 -225
32302216 5631750 -175
32302237 5631750 -125
32302258 5631750 -75
32302379 5631451 75
32302379 5631548 125
32302379 5631649 175
32302376 5631750 225
32302379 5631750 222
32302317 5631750 275
32302259 5631750 325
32302201 5631750 375
32302143 5631750 425
32302083 5631750 475
32302379 5631755 -2075
32302379 5631755 -2025
32302379 5631754 -1975
32302374 5632050 -1925
32302379 5632050 -1925
32302379 5631816 -675
32302379 5631910 -625
32302379 5632002 -575
32302343 5632050 -525
32302379 5632050 -548
32302269 5632050 -475
32302198 5632050 -425
32302130 5632050 -375
32302379 5631917 -225
32302379 5631897 -175
32302379 5631877 -125
32302379 5631857 -75
32302204 5632050 -25
32302379 5632050 -47
32302227 5632050 25
32302249 5632050 75
32302272 5632050 125
32302379 5631755 225
32302379 5631855 275
32302379 5631945 325
32302379 5632027 375
32302359 5632050 425
32302379 5632050 396
32302308 5632050 475
32302379 5632055 -1925
32302379 5632055 -1875
32302379 5632055 -1825
32302374 5632350 -1775
32302379 5632350 -1776
32302379 5632085 -525
32302379 5632158 -475
32302379 5632227 -425
32302379 5632292 -375
32302376 5632350 -325
32302379 5632350 -327
32302306 5632350 -275
32302237 5632350 -225
32302166 5632350 -175
32302095 5632350 -125
32302379 5632230 -25
32302379 5632209 25
32302379 5632187 75
32302379 5632164 125
32302177 5632350 175
32302379 5632350 146
32302195 5632350 225
32302214 5632350 275
32302233 5632350 325
32302253 5632350 375
32302379 5632067 425
32302379 5632113 475
32302379 5632355 -1775
32302379 5632354 -1725
32302379 5632354 -1675
32302374 5632650 -1625
32302379 5632650 -1625
32302374 5632650 -1575
32302379 5632353 -325
32302379 5632415 -275
32302379 5632474 -225
32302379 5632532 -175
32302379 5632589 -125
32302379 5632646 -75
32302296 5632650 -25
32302379 5632650 -71
32302198 5632650 25
32302092 5632650 75
32302379 5632561 175
32302379 5632542 225
32302379 5632523 275
32302379 5632502 325
32302379 5632481 375
32302199 5632650 425
32302379 5632650 397
32302216 5632650 475
32302379 5632655 -1625
32302379 5632654 -1575
32302379 5632654 -1525
32302374 5632950 -1475
32302379 5632950 -1475
32302374 5632950 -1425
32302379 5632728 -25
32302379 5632819 25
32302379 5632920 75
32302311 5632950 125
32302379 5632950 88
32302221 5632950 175
32302131 5632950 225
32302379 5632831 425
32302379 5632814 475
32302379 5632955 -1475
32302379 5632954 -1425
32302379 5632954 -1375
32302379 5632954 -1325
32302374 5633250 -1275
32302379 5633250 -1275
32302374 5633250 -1225
32302379 5633012 125
32302379 5633095 175
32302379 5633177 225
32302345 5633250 275
32302379 5633250 267
32302126 5633250 325
32302379 5633254 -1275
32302379 5633254 -1225
32302379 5633254 -1175
32302379 5633254 -1125
32302374 5633550 -1075
32302379 5633550 -1075
32302375 5633550 -1025
32302097 5633550 -75
32302379 5633276 275
32302379 5633447 325
32302209 5633550 375
32302379 5633550 356
32302379 5633554 -1075
32302379 5633554 -1025
32302379 5633554 -975
32302379 5633553 -925
32302375 5633850 -875
32302379 5633850 -875
32302375 5633850 -825
32302379 5633840 -25
32302326 5633850 -25
32302379 5633850 -36
32302078 5633850 25
32302379 5633850 -23
32302114 5633850 75
32302379 5633603 375
32302379 5633740 425
32302346 5633850 475
32302379 5633850 466
32302379 5633854 -875
32302379 5633854 -825
32302379 5633853 -775
32302379 5633853 -725
32302375 5634150 -675
32302379 5634150 -675
32302375 5634150 -625
32302375 5634150 -575
32302379 5633870 -25
32302266 5634150 175
32302379 5634150 132
32302379 5634111 175
32302379 5634150 179
32302099 5634150 275
32302379 5633863 475
32302379 5634154 -675
32302379 5634154 -625
32302379 5634153 -575
32302379 5634153 -525
32302379 5634153 -475
32302375 5634450 -425
32302379 5634450 -425
32302375 5634450 -375
32302379 5634204 175
32302367 5634450 375
32302379 5634450 368
32302379 5634442 375
32302379 5634450 375
32302379 5634454 -425
32302379 5634453 -375
32302379 5634453 -325
32302379 5634453 -275
32302375 5634750 -225
32302379 5634750 -225
32302375 5634750 -175
32302375 5634750 -125
32302379 5634457 375
32302379 5634754 -225
32302379 5634754 -175
32302379 5634753 -125
32302379 5634753 -75
32302379 5634753 -25
32302375 5635050 25
32302379 5635050 24
32302375 5635050 75
32302375 5635050 125
32302379 5635054 25
32302379 5635054 75
32302379 5635053 125
32302379 5635053 175
32302379 5635053 225
32302375 5635350 275
32302379 5635350 274
32302375 5635350 325
32302375 5635350 375
32302379 5635354 275
32302379 5635354 325
32302379 5635353 375
32302379 5635353 425
32302379 5635353 475
32302680 5623650 -2727
32302680 5623950 -2727
32302548 5623650 125
32302680 5623950 132
32302680 5623650 140
32302530 5623950 175
32302680 5624250 -2726
32302680 5624130 175
32302680 5624250 206
32302680 5624550 -2726
32302680 5624291 225
32302680 5624410 275
32302680 5624536 325
32302537 5624550 375
32302680 5624550 330
32302680 5624850 -2726
32302680 5624670 375
32302680 5624810 425
32302680 5624850 438
32302680 5625150 -2726
32302472 5625150 325
32302573 5625150 375
32302680 5625150 424
32302680 5625131 425
32302680 5625450 -2726
32302439 5625450 75
32302514 5625450 125
32302591 5625450 175
32302667 5625450 225
32302680 5625450 234
32302680 5625391 275
32302680 5625317 325
32302680 5625236 375
32302680 5625750 -2726
32302412 5625750 -225
32302488 5625750 -175
32302562 5625750 -125
32302636 5625750 -75
32302680 5625750 -45
32302680 5625727 -25
32302680 5625673 25
32302680 5625619 75
32302680 5625567 125
32302680 5625514 175
32302680 5625460 225
32302680 5626050 -2726
32302382 5626050 -425
32302477 5626050 -375
32302566 5626050 -325
32302651 5626050 -275
32302680 5626050 -256
32302680 5625999 -225
32302680 5625924 -175
32302680 5625854 -125
32302680 5625788 -75
32302680 5626350 -2726
32302448 5626350 -475
32302561 5626350 -425
32302670 5626350 -375
32302680 5626350 -370
32302680 5626222 -325
32302680 5626093 -275
32302680 5626650 -2726
32302401 5626650 -525
32302543 5626650 -475
32302680 5626650 -425
32302680 5626645 -425
32302680 5626375 -375
32302680 5626950 -2726
32302462 5626950 -525
32302663 5626950 -475
32302680 5626950 -470
32302680 5627250 -2726
32302603 5627250 -525
32302680 5627250 -513
32302680 5626979 -475
32302680 5627550 -2726
32302680 5627550 -553
32302680 5627337 -525
32302680 5627850 -2726
32302541 5627850 -575
32302680 5627850 -586
32302680 5627747 -575
32302680 5628150 -2726
32302495 5628150 -575
32302680 5628150 -608
32302680 5628450 -2726
32302652 5628450 -625
32302680 5628450 -631
32302680 5628365 -625
32302465 5628450 -575
32302680 5628750 -2726
32302671 5628750 -625
32302680 5628750 -626
32302673 5629050 -2725
32302680 5629050 -2726
32302680 5628791 -625
32302680 5629050 -615
32302680 5629057 -2725
32302680 5629350 -2676
32302529 5629350 -575
32302680 5629350 -596
32302673 5629650 -2675
32302680 5629650 -2676
32302680 5629543 -575
32302484 5629650 -525
32302680 5629650 -563
32302680 5629656 -2675
32302674 5629950 -2625
32302680 5629950 -2626
32302399 5629950 -1225
32302680 5629857 -525
32302552 5629950 -475
32302680 5629950 -507
32302680 5629956 -2625
32302674 5630250 -2575
32302680 5630250 -2576
32302392 5630250 -1175
32302412 5630250 -1125
32302431 5630250 -1075
32302680 5630064 -475
32302680 5630231 -425
32302523 5630250 -375
32302680 5630250 -419
32302680 5630256 -2575
32302674 5630550 -2525
32302680 5630550 -2526
32302680 5630536 -1175
32302555 5630550 -1175
32302680 5630550 -1208
32302680 5630517 -1125
32302680 5630550 -1119
32302400 5630550 -1075
32302419 5630550 -1025
32302439 5630550 -975
32302457 5630550 -925
32302680 5630365 -375
32302680 5630485 -325
32302580 5630550 -275
32302680 5630550 -296
32302680 5630556 -2525
32302680 5630555 -2475
32302674 5630850 -2425
32302680 5630850 -2425
32302680 5630679 -1175
32302665 5630850 -1125
32302680 5630850 -1129
32302680 5630828 -1075
32302505 5630850 -1075
32302680 5630809 -1025
32302680 5630789 -975
32302680 5630850 -965
32302423 5630850 -925
32302442 5630850 -875
32302462 5630850 -825
32302481 5630850 -775
32302680 5630608 -275
32302680 5630743 -225
32302549 5630850 -175
32302680 5630850 -183
32302680 5630855 -2425
32302674 5631150 -2375
32302680 5631150 -2375
32302680 5630866 -1125
32302680 5631046 -1075
32302614 5631150 -1025
32302680 5631150 -1046
32302461 5631150 -975
32302680 5631102 -925
32302680 5631083 -875
32302680 5631064 -825
32302680 5631150 -811
32302444 5631150 -775
32302464 5631150 -725
32302484 5631150 -675
32302504 5631150 -625
32302680 5630919 -175
32302603 5631150 -125
32302680 5631150 -145
32302680 5631155 -2375
32302680 5631155 -2325
32302674 5631450 -2275
32302680 5631450 -2275
32302675 5631450 -2225
32302680 5631222 -1025
32302680 5631393 -975
32302594 5631450 -925
32302680 5631450 -958
32302469 5631450 -875
32302680 5631377 -775
32302680 5631357 -725
32302680 5631338 -675
32302680 5631450 -656
32302467 5631450 -625
32302488 5631450 -575
32302509 5631450 -525
32302529 5631450 -475
32302680 5631442 -125
32302595 5631450 -75
32302680 5631450 -124
32302515 5631450 -25
32302443 5631450 25
32302680 5631455 -2275
32302680 5631455 -2225
32302680 5631455 -2175
32302675 5631750 -2125
32302680 5631750 -2126
32302680 5631549 -925
32302680 5631698 -875
32302610 5631750 -825
32302680 5631750 -857
32302507 5631750 -775
32302408 5631750 -725
32302680 5631653 -625
32302680 5631633 -575
32302680 5631612 -525
32302680 5631591 -475
32302502 5631750 -425
32302680 5631750 -449
32302525 5631750 -375
32302547 5631750 -325
32302571 5631750 -275
32302680 5631641 -75
32302651 5631750 -25
32302680 5631750 -46
32302592 5631750 25
32302535 5631750 75
32302482 5631750 125
32302429 5631750 175
32302680 5631755 -2125
32302680 5631755 -2075
32302675 5632050 -2025
32302680 5632050 -2025
32302675 5632050 -1975
32302680 5631827 -825
32302680 5631943 -775
32302675 5632050 -725
32302680 5632050 -728
32302586 5632050 -675
32302502 5632050 -625
32302420 5632050 -575
32302680 5631919 -425
32302680 5631897 -375
32302680 5631874 -325
32302680 5631852 -275
32302521 5632050 -225
32302680 5632050 -246
32302545 5632050 -175
32302568 5632050 -125
32302591 5632050 -75
32302680 5631791 -25
32302680 5631882 25
32302680 5631967 75
32302680 5632046 125
32302622 5632050 175
32302680 5632050 127
32302562 5632050 225
32302504 5632050 275
32302448 5632050 325
32302395 5632050 375
32302680 5632055 -2025
32302680 5632055 -1975
32302680 5632054 -1925
32302675 5632350 -1875
32302680 5632350 -1875
32302674 5632350 -1825
32302680 5632055 -725
32302680 5632144 -675
32302680 5632228 -625
32302680 5632307 -575
32302647 5632350 -525
32302680 5632350 -547
32302575 5632350 -475
32302506 5632350 -425
32302439 5632350 -375
32302680 5632212 -225
32302680 5632190 -175
32302680 5632167 -125
32302680 5632144 -75
32302491 5632350 -25
32302680 5632350 -49
32302509 5632350 25
32302528 5632350 75
32302546 5632350 125
32302680 5632093 175
32302680 5632138 225
32302680 5632181 275
32302680 5632225 325
32302680 5632269 375
32302680 5632314 425
32302664 5632350 475
32302680 5632350 461
32302680 5632355 -1875
32302680 5632354 -1825
32302680 5632354 -1775
32302675 5632650 -1725
32302680 5632650 -1725
32302676 5632650 -1675
32302680 5632381 -525
32302680 5632448 -475
32302680 5632512 -425
32302680 5632572 -375
32302680 5632628 -325
32302642 5632650 -275
32302680 5632650 -304
32302577 5632650 -225
32302513 5632650 -175
32302449 5632650 -125
32302383 5632650 -75
32302680 5632548 -25
32302680 5632529 25
32302680 5632510 75
32302680 5632490 125
32302680 5632470 175
32302482 5632650 225
32302680 5632650 196
32302500 5632650 275
32302520 5632650 325
32302539 5632650 375
32302680 5632364 475
32302680 5632654 -1725
32302680 5632654 -1675
32302680 5632654 -1625
32302675 5632950 -1575
32302680 5632950 -1575
32302676 5632950 -1525
32302680 5632688 -275
32302680 5632753 -225
32302680 5632818 -175
32302680 5632884 -125
32302677 5632950 -75
32302680 5632950 -76
32302593 5632950 -25
32302503 5632950 25
32302407 5632950 75
32302680 5632845 225
32302680 5632827 275
32302680 5632808 325
32302680 5632788 375
32302680 5632768 425
32302516 5632950 475
32302680 5632950 450
32302680 5632954 -1575
32302680 5632954 -1525
32302680 5632954 -1475
32302680 5632954 -1425
32302676 5633250 -1375
32302680 5633250 -1375
32302676 5633250 -1325
32302680 5632953 -75
32302680 5633032 -25
32302680 5633112 25
32302680 5633193 75
32302651 5633250 125
32302680 5633250 109
32302558 5633250 175
32302463 5633250 225
32302680 5633114 475
32302680 5633254 -1375
32302680 5633254 -1325
32302680 5633254 -1275
32302680 5633253 -1225
32302676 5633550 -1175
32302680 5633550 -1175
32302676 5633550 -1125
32302680 5633282 125
32302680 5633388 175
32302680 5633496 225
32302608 5633550 275
32302680 5633550 249
32302466 5633550 325
32302680 5633554 -1175
32302680 5633554 -1125
32302680 5633553 -1075
32302680 5633553 -1025
32302676 5633850 -975
32302680 5633850 -975
32302676 5633850 -925
32302629 5633850 -125
32302680 5633850 -144
32302680 5633835 -125
32302680 5633850 -122
32302388 5633850 -25
32302680 5633618 275
32302680 5633750 325
32302645 5633850 375
32302680 5633850 363
32302498 5633850 425
32302680 5633854 -975
32302680 5633853 -925
32302680 5633853 -875
32302680 5633853 -825
32302676 5634150 -775
32302680 5634150 -775
32302676 5634150 -725
32302680 5633886 -125
32302680 5634135 25
32302639 5634150 25
32302680 5634150 7
32302680 5634092 75
32302519 5634150 75
32302680 5634150 82
32302413 5634150 175
32302680 5633874 375
32302680 5633976 425
32302680 5634076 475
32302680 5634154 -775
32302680 5634153 -725
32302680 5634153 -675
32302680 5634153 -625
32302676 5634450 -575
32302680 5634450 -575
32302676 5634450 -525
32302677 5634450 -475
32302680 5634176 25
32302680 5634255 75
32302680 5634424 225
32302634 5634450 225
32302680 5634450 198
32302680 5634377 275
32302545 5634450 275
32302680 5634450 286
32302385 5634450 375
32302680 5634454 -575
32302680 5634453 -525
32302680 5634453 -475
32302680 5634453 -425
32302680 5634453 -375
32302676 5634750 -325
32302680 5634750 -325
32302676 5634750 -275
32302680 5634480 225
32302680 5634538 275
32302651 5634750 475
32302680 5634750 457
32302680 5634729 475
32302680 5634753 -325
32302680 5634753 -275
32302680 5634753 -225
32302680 5634753 -175
32302680 5634754 -125
32302676 5635050 -75
32302680 5635050 -75
32302676 5635050 -25
32302680 5634770 475
32302680 5635053 -75
32302680 5635053 -25
32302680 5635053 25
32302680 5635053 75
32302676 5635350 125
32302680 5635350 124
32302676 5635350 175
32302677 5635350 225
32302680 5635354 125
32302680 5635353 175
32302680 5635353 225
32302680 5635353 275
32302680 5635353 325
32302676 5635650 375
32302680 5635650 374
32302676 5635650 425
32302677 5635650 475
32302680 5635654 375
32302680 5635653 425
32302680 5635653 475
32302981 5623650 -2727
32302981 5623950 -2727
32302905 5623950 25
32302981 5623950 -13
32302981 5623780 25
32302981 5623650 59
32302931 5623650 75
32302806 5623950 75
32302748 5623650 125
32302698 5623950 125
32302981 5624250 -2727
32302981 5624098 25
32302956 5624250 75
32302981 5624250 63
32302849 5624250 125
32302744 5624250 175
32302981 5624550 -2727
32302981 5624282 75
32302981 5624425 125
32302963 5624550 175
32302981 5624550 165
32302872 5624550 225
32302783 5624550 275
32302690 5624550 325
32302981 5624850 -2726
32302981 5624568 175
32302981 5624665 225
32302981 5624756 275
32302981 5624842 325
32302870 5624850 375
32302981 5624850 329
32302726 5624850 425
32302981 5625150 -2726
32302981 5624929 375
32302685 5625150 425
32302981 5625029 425
32302981 5625149 475
32302981 5625150 475
32302981 5625450 -2726
32302753 5625450 275
32302844 5625450 325
32302939 5625450 375
32302981 5625450 396
32302981 5625349 425
32302981 5625150 475
32302981 5625750 -2726
32302709 5625750 -25
32302779 5625750 25
32302848 5625750 75
32302915 5625750 125
32302981 5625750 175
32302981 5625750 175
32302981 5625688 225
32302981 5625624 275
32302981 5625556 325
32302981 5625483 375
32302981 5626050 -2726
32302725 5626050 -225
32302793 5626050 -175
32302856 5626050 -125
32302917 5626050 -75
32302974 5626050 -25
32302981 5626050 -18
32302981 5625984 25
32302981 5625908 75
32302981 5625830 125
32302981 5625750 175
32302981 5626350 -2726
32302756 5626350 -325
32302836 5626350 -275
32302912 5626350 -225
32302981 5626350 -176
32302981 5626346 -175
32302981 5626241 -125
32302981 5626146 -75
32302981 5626060 -25
32302981 5626650 -2726
32302682 5626650 -425
32302784 5626650 -375
32302883 5626650 -325
32302979 5626650 -275
32302981 5626650 -273
32302981 5626495 -225
32302981 5626950 -2726
32302809 5626950 -425
32302954 5626950 -375
32302981 5626950 -365
32302981 5626807 -325
32302981 5626653 -275
32302981 5627250 -2726
32302826 5627250 -475
32302981 5627250 -435
32302981 5627204 -425
32302981 5626989 -375
32302981 5627550 -2726
32302851 5627550 -525
32302981 5627550 -503
32302981 5627425 -475
32302981 5627850 -2726
32302981 5627850 -579
32302981 5627832 -575
32302981 5627632 -525
32302981 5628150 -2726
32302777 5628150 -625
32302981 5628150 -656
32302981 5628024 -625
32302981 5628450 -2726
32302897 5628450 -675
32302981 5628450 -689
32302981 5628317 -675
32302981 5628750 -2726
32302889 5628750 -675
32302981 5628750 -694
32302981 5629050 -2726
32302970 5629050 -675
32302981 5629050 -677
32302724 5629050 -625
32302981 5629065 -2725
32302981 5629350 -2677
32302981 5629075 -675
32302844 5629350 -625
32302981 5629350 -649
32302981 5629650 -2676
32302981 5629579 -625
32302748 5629650 -575
32302981 5629650 -617
32302981 5629656 -2675
32302981 5629950 -2626
32302981 5629924 -575
32302763 5629950 -525
32302981 5629950 -571
32302975 5630250 -2625
32302981 5630250 -2626
32302981 5630132 -525
32302901 5630250 -475
32302981 5630250 -494
32302703 5630250 -425
32302981 5630256 -2625
32302978 5630550 -2575
32302981 5630550 -2575
32302977 5630550 -1275
32302981 5630550 -1275
32302981 5630549 -1275
32302981 5630550 -1274
32302694 5630550 -1175
32302713 5630550 -1125
32302981 5630315 -475
32302981 5630472 -425
32302907 5630550 -375
32302981 5630550 -398
32302761 5630550 -325
32302981 5630553 -2575
32302981 5630555 -2525
32302976 5630850 -2475
32302981 5630850 -2475
32302981 5630554 -1275
32302981 5630837 -1175
32302859 5630850 -1175
32302981 5630850 -1205
32302981 5630833 -1125
32302702 5630850 -1075
32302981 5630850 -1122
32302721 5630850 -1025
32302740 5630850 -975
32302981 5630615 -375
32302981 5630744 -325
32302961 5630850 -275
32302981 5630850 -281
32302804 5630850 -225
32302981 5630855 -2475
32302976 5631150 -2425
32302981 5631150 -2425
32302981 5630978 -1175
32302951 5631150 -1125
32302981 5631150 -1133
32302981 5631127 -1075
32302779 5631150 -1075
32302981 5631107 -1025
32302981 5631150 -1008
32302753 5631150 -975
32302728 5631150 -925
32302747 5631150 -875
32302767 5631150 -825
32302981 5630875 -275
32302981 5631070 -225
32302831 5631150 -175
32302981 5631150 -203
32302981 5631155 -2425
32302981 5631155 -2375
32302976 5631450 -2325
32302981 5631450 -2325
32302981 5631184 -1125
32302981 5631388 -1075
32302877 5631450 -1025
32302981 5631450 -1060
32302981 5631365 -975
32302728 5631450 -975
32302981 5631396 -925
32302981 5631377 -875
32302981 5631358 -825
32302756 5631450 -775
32302981 5631450 -810
32302776 5631450 -725
32302796 5631450 -675
32302887 5631450 -175
32302981 5631450 -199
32302682 5631450 -125
32302981 5631455 -2325
32302981 5631455 -2275
32302976 5631750 -2225
32302981 5631750 -2225
32302975 5631750 -2175
32302981 5631576 -1025
32302975 5631750 -975
32302981 5631750 -977
32302848 5631750 -925
32302723 5631750 -875
32302981 5631667 -775
32302981 5631647 -725
32302981 5631627 -675
32302781 5631750 -625
32302981 5631750 -655
32302803 5631750 -575
32302825 5631750 -525
32302847 5631750 -475
32302981 5631711 -175
32302867 5631750 -125
32302981 5631750 -171
32302746 5631750 -75
32302981 5631755 -2225
32302981 5631755 -2175
32302981 5631754 -2125
32302976 5632050 -2075
32302981 5632050 -2075
32302981 5631757 -975
32302981 5631900 -925
32302981 5632042 -875
32302880 5632050 -825
32302981 5632050 -872
32302776 5632050 -775
32302981 5631945 -625
32302981 5631923 -575
32302981 5631902 -525
32302981 5631880 -475
32302815 5632050 -425
32302981 5632050 -448
32302837 5632050 -375
32302860 5632050 -325
32302883 5632050 -275
32302981 5631872 -125
32302981 5631997 -75
32302933 5632050 -25
32302981 5632050 -52
32302846 5632050 25
32302763 5632050 75
32302683 5632050 125
32302981 5632055 -2075
32302981 5632054 -2025
32302976 5632350 -1975
32302981 5632350 -1975
32302977 5632350 -1925
32302981 5632153 -825
32302981 5632258 -775
32302973 5632350 -725
32302981 5632350 -730
32302886 5632350 -675
32302803 5632350 -625
32302723 5632350 -575
32302981 5632218 -425
32302981 5632196 -375
32302981 5632173 -325
32302981 5632151 -275
32302813 5632350 -225
32302981 5632350 -247
32302834 5632350 -175
32302855 5632350 -125
32302876 5632350 -75
32302981 5632090 -25
32302981 5632159 25
32302981 5632224 75
32302981 5632286 125
32302981 5632345 175
32302933 5632350 225
32302981 5632350 178
32302881 5632350 275
32302829 5632350 325
32302776 5632350 375
32302722 5632350 425
32302981 5632355 -1975
32302981 5632354 -1925
32302981 5632354 -1875
32302977 5632650 -1825
32302981 5632650 -1825
32302977 5632650 -1775
32302981 5632358 -725
32302981 5632443 -675
32302981 5632524 -625
32302981 5632601 -575
32302957 5632650 -525
32302981 5632650 -542
32302888 5632650 -475
32302823 5632650 -425
32302761 5632650 -375
32302703 5632650 -325
32302981 5632519 -225
32302981 5632498 -175
32302981 5632477 -125
32302981 5632456 -75
32302981 5632435 -25
32302799 5632650 25
32302981 5632650 2
32302819 5632650 75
32302838 5632650 125
32302859 5632650 175
32302981 5632397 225
32302981 5632448 275
32302981 5632499 325
32302981 5632551 375
32302981 5632604 425
32302972 5632650 475
32302981 5632650 466
32302981 5632654 -1825
32302981 5632654 -1775
32302981 5632654 -1725
32302977 5632950 -1675
32302981 5632950 -1675
32302977 5632950 -1625
32302974 5632950 -825
32302981 5632950 -829
32302981 5632945 -825
32302981 5632950 -824
32302981 5632675 -525
32302981 5632747 -475
32302981 5632816 -425
32302981 5632884 -375
32302981 5632949 -325
32302918 5632950 -275
32302981 5632950 -324
32302856 5632950 -225
32302795 5632950 -175
32302736 5632950 -125
32302981 5632818 25
32302981 5632799 75
32302981 5632780 125
32302981 5632761 175
32302981 5632745 225
32302814 5632950 275
32302981 5632950 252
32302834 5632950 325
32302855 5632950 375
32302875 5632950 425
32302981 5632661 475
32302981 5632954 -1675
32302981 5632954 -1625
32302981 5632954 -1575
32302981 5632953 -1525
32302977 5633250 -1475
32302981 5633250 -1475
32302977 5633250 -1425
32302981 5632957 -825
32302959 5633250 -625
32302981 5633250 -639
32302981 5633236 -625
32302981 5633250 -623
32302981 5633021 -275
32302981 5633093 -225
32302981 5633165 -175
32302981 5633238 -125
32302924 5633250 -75
32302981 5633250 -116
32302856 5633250 -25
32302790 5633250 25
32302724 5633250 75
32302981 5633105 275
32302981 5633087 325
32302981 5633068 375
32302981 5633050 425
32302824 5633250 475
32302981 5633250 453
32302981 5633254 -1475
32302981 5633254 -1425
32302981 5633253 -1375
32302981 5633281 -1325
32302977 5633550 -1275
32302981 5633550 -1281
32302977 5633550 -1225
32302981 5633273 -625
32302915 5633550 -425
32302981 5633550 -464
32302981 5633515 -425
32302981 5633550 -420
32302981 5633323 -75
32302981 5633411 -25
32302981 5633500 25
32302949 5633550 75
32302981 5633550 53
32302873 5633550 125
32302797 5633550 175
32302719 5633550 225
32302981 5633398 475
32302981 5633554 -1275
32302981 5633553 -1225
32302981 5633553 -1175
32302979 5633850 -1125
32302981 5633850 -1125
32302977 5633850 -1075
32302978 5633850 -1025
32302981 5633620 -425
32302929 5633850 -275
32302981 5633850 -301
32302981 5633826 -275
32302981 5633783 -225
32302833 5633850 -225
32302981 5633850 -216
32302697 5633850 -125
32302981 5633594 75
32302981 5633701 125
32302981 5633813 175
32302924 5633850 225
32302981 5633850 191
32302838 5633850 275
32302750 5633850 325
32302981 5633852 -1125
32302981 5633853 -1075
32302981 5633853 -1025
32302981 5633853 -975
32302981 5633853 -925
32302978 5634150 -875
32302981 5634150 -875
32302978 5634150 -825
32302981 5633898 -275
32302981 5633988 -225
32302981 5634139 -125
32302957 5634150 -125
32302981 5634150 -136
32302853 5634150 -75
32302981 5634094 -75
32302981 5634048 -25
32302748 5634150 -25
32302695 5634150 25
32302981 5634150 -12
32302738 5634150 75
32302981 5633908 225
32302981 5633994 275
32302981 5634080 325
32302961 5634150 375
32302981 5634150 364
32302860 5634150 425
32302758 5634150 475
32302981 5634153 -875
32302981 5634153 -825
32302981 5634153 -775
32302981 5634153 -725
32302978 5634450 -675
32302981 5634450 -675
32302978 5634450 -625
32302981 5634168 -125
32302981 5634248 -75
32302981 5634330 -25
32302981 5634450 48
32302981 5634424 75
32302928 5634450 75
32302828 5634450 125
32302981 5634376 125
32302981 5634329 175
32302728 5634450 175
32302981 5634281 225
32302745 5634450 275
32302981 5634450 244
32302981 5634165 375
32302981 5634242 425
32302981 5634318 475
32302981 5634453 -675
32302981 5634453 -625
32302981 5634453 -575
32302981 5634452 -525
32302981 5634452 -475
32302978 5634750 -425
32302981 5634750 -425
32302978 5634750 -375
32302981 5634482 75
32302981 5634542 125
32302981 5634602 175
32302981 5634662 225
32302981 5634717 325
32302930 5634750 325
32302981 5634750 297
32302981 5634659 375
32302835 5634750 375
32302981 5634602 425
32302741 5634750 425
32302981 5634545 475
32302981 5634753 -425
32302981 5634753 -375
32302981 5634753 -325
32302981 5634752 -275
32302978 5635050 -225
32302981 5635050 -225
32302978 5635050 -175
32302977 5635050 -125
32302981 5634781 325
32302981 5634840 375
32302981 5634899 425
32302981 5634959 475
32302981 5635053 -225
32302981 5635053 -175
32302981 5635053 -125
32302981 5635053 -75
32302981 5635052 -25
32302978 5635350 25
32302981 5635350 24
32302978 5635350 75
32302981 5635353 25
32302981 5635353 75
32302981 5635353 125
32302981 5635353 175
32302981 5635352 225
32302978 5635650 275
32302981 5635650 274
32302978 5635650 325
32302981 5635653 275
32302981 5635653 325
32302981 5635653 375
32302981 5635652 425
32302977 5635950 475
32302981 5635950 474
32302981 5635953 475
32303283 5623650 -2727
32303283 5623950 -2727
32303217 5623950 -125
32303283 5623950 -151
32303283 5623891 -125
32303283 5623792 -75
32303103 5623950 -75
32303283 5623712 -25
32303002 5623950 -25
32303283 5623650 24
32303280 5623650 25
32303283 5624250 -2727
32303283 5624137 -125
32303219 5624250 -75
32303283 5624250 -108
32303129 5624250 -25
32303044 5624250 25
32303283 5624550 -2727
32303283 5624311 -75
32303283 5624395 -25
32303283 5624472 25
32303283 5624542 75
32303137 5624550 125
32303283 5624550 80
32303283 5624850 -2727
32303283 5624617 125
32303283 5624698 175
32303283 5624785 225
32303215 5624850 275
32303283 5624850 260
32302999 5624850 325
32303283 5625150 -2726
32303283 5624872 275
32303283 5624951 325
32303283 5625033 375
32303283 5625121 425
32302982 5625150 475
32303283 5625150 440
32303283 5625450 -2726
32303100 5625450 425
32303283 5625450 467
32303283 5625750 -2726
32303048 5625750 225
32303117 5625750 275
32303191 5625750 325
32303268 5625750 375
32303283 5625750 384
32303283 5625609 425
32303283 5626050 -2726
32303038 5626050 25
32303107 5626050 75
32303180 5626050 125
32303259 5626050 175
32303283 5626050 189
32303283 5625995 225
32303283 5625922 275
32303283 5625848 325
32303283 5625766 375
32303283 5626350 -2726
32302983 5626350 -175
32303056 5626350 -125
32303128 5626350 -75
32303198 5626350 -25
32303264 5626350 25
32303283 5626350 39
32303283 5626281 75
32303283 5626184 125
32303283 5626080 175
32303283 5626650 -2726
32303063 5626650 -225
32303146 5626650 -175
32303230 5626650 -125
32303283 5626650 -94
32303283 5626601 -75
32303283 5626483 -25
32303283 5626377 25
32303283 5626950 -2726
32303066 5626950 -325
32303169 5626950 -275
32303270 5626950 -225
32303283 5626950 -218
32303283 5626835 -175
32303283 5626717 -125
32303283 5627250 -2726
32303009 5627250 -425
32303145 5627250 -375
32303283 5627250 -325
32303283 5627247 -325
32303283 5627102 -275
32303283 5626966 -225
32303283 5627550 -2726
32303110 5627550 -475
32303283 5627550 -437
32303283 5627517 -425
32303283 5627384 -375
32303283 5627850 -2726
32303021 5627850 -575
32303283 5627850 -545
32303283 5627799 -525
32303283 5627652 -475
32303283 5628150 -2726
32303283 5628150 -646
32303283 5628083 -625
32303283 5627933 -575
32303283 5628450 -2726
32303283 5628450 -714
32303283 5628275 -675
32303283 5628750 -2726
32303154 5628750 -725
32303283 5628750 -745
32303283 5628555 -725
32303283 5629050 -2726
32303175 5629050 -725
32303283 5629050 -749
32303267 5629350 -2725
32303283 5629350 -2726
32303247 5629350 -725
32303283 5629350 -734
32303067 5629350 -675
32303283 5629357 -2725
32303283 5629650 -2676
32303283 5629447 -725
32303176 5629650 -675
32303283 5629650 -705
32303006 5629650 -625
32303276 5629950 -2675
32303283 5629950 -2676
32303283 5629876 -675
32303154 5629950 -625
32303283 5629950 -664
32302995 5629950 -575
32303283 5629956 -2675
32303283 5630250 -2626
32303283 5630098 -625
32303258 5630250 -575
32303283 5630250 -582
32303088 5630250 -525
32303283 5630256 -2625
32303283 5630550 -2576
32302982 5630550 -1275
32303283 5630272 -575
32303283 5630419 -525
32303271 5630550 -475
32303283 5630550 -478
32303083 5630550 -425
32303283 5630556 -2575
32303277 5630850 -2525
32303283 5630850 -2525
32302994 5630850 -1175
32302998 5630850 -1125
32303283 5630560 -475
32303283 5630721 -425
32303251 5630850 -375
32303283 5630850 -385
32303103 5630850 -325
32303283 5630855 -2525
32303277 5631150 -2475
32303283 5631150 -2475
32303283 5631133 -1175
32303130 5631150 -1175
32303283 5631150 -1217
32303283 5631150 -1172
32302985 5631150 -1125
32303005 5631150 -1075
32303024 5631150 -1025
32303283 5630892 -375
32303283 5631090 -325
32303182 5631150 -275
32303283 5631150 -309
32303040 5631150 -225
32303283 5631155 -2475
32303283 5631155 -2425
32303277 5631450 -2375
32303283 5631450 -2375
32303283 5631344 -1175
32303283 5631450 -1152
32303283 5631439 -1125
32303193 5631450 -1125
32303283 5631419 -1075
32303030 5631450 -1075
32303283 5631399 -1025
32303016 5631450 -975
32303283 5631450 -1016
32303037 5631450 -925
32303057 5631450 -875
32303077 5631450 -825
32303283 5631401 -275
32303101 5631450 -225
32303283 5631450 -268
32303283 5631455 -2375
32303283 5631455 -2325
32303277 5631750 -2275
32303283 5631750 -2275
32303283 5631565 -1125
32303263 5631750 -1075
32303283 5631750 -1081
32303118 5631750 -1025
32303283 5631706 -975
32303283 5631686 -925
32303283 5631667 -875
32303283 5631666 -825
32303068 5631750 -775
32303283 5631750 -811
32303089 5631750 -725
32303110 5631750 -675
32303227 5631750 -225
32303283 5631750 -238
32302998 5631750 -175
32303283 5631755 -2275
32303283 5631754 -2225
32303278 5632050 -2175
32303283 5632050 -2175
32303278 5632050 -2125
32303283 5631772 -1075
32303283 5631944 -1025
32303234 5632050 -975
32303283 5632050 -994
32303111 5632050 -925
32302988 5632050 -875
32303283 5631959 -775
32303283 5631938 -725
32303283 5631918 -675
32303089 5632050 -625
32303283 5632050 -654
32303111 5632050 -575
32303133 5632050 -525
32303154 5632050 -475
32303283 5631802 -225
32303283 5631997 -175
32303184 5632050 -125
32303283 5632050 -161
32303045 5632050 -75
32303283 5632055 -2175
32303283 5632054 -2125
32303283 5632054 -2075
32303278 5632350 -2025
32303283 5632350 -2025
32303283 5632101 -975
32303283 5632234 -925
32303272 5632350 -875
32303283 5632350 -880
32303169 5632350 -825
32303069 5632350 -775
32303283 5632241 -625
32303283 5632220 -575
32303283 5632199 -525
32303283 5632178 -475
32303113 5632350 -425
32303283 5632350 -449
32303134 5632350 -375
32303156 5632350 -325
32303177 5632350 -275
32303283 5632132 -125
32303283 5632245 -75
32303276 5632350 -25
32303283 5632350 -28
32303199 5632350 25
32303124 5632350 75
32303054 5632350 125
32302986 5632350 175
32303283 5632354 -2025
32303283 5632354 -1975
32303283 5632357 -1925
32303278 5632650 -1875
32303283 5632650 -1876
32303283 5632361 -875
32303283 5632466 -825
32303283 5632567 -775
32303269 5632650 -725
32303283 5632650 -732
32303186 5632650 -675
32303106 5632650 -625
32303030 5632650 -575
32303283 5632519 -425
32303283 5632498 -375
32303283 5632477 -325
32303283 5632455 -275
32303199 5632650 -225
32303283 5632650 -234
32303131 5632650 -175
32303152 5632650 -125
32303173 5632650 -75
32303283 5632355 -25
32303194 5632650 -25
32303283 5632428 25
32303283 5632498 75
32303283 5632565 125
32303283 5632631 175
32303244 5632650 225
32303283 5632650 189
32303190 5632650 275
32303136 5632650 325
32303082 5632650 375
32303027 5632650 425
32303283 5632654 -1875
32303283 5632654 -1825
32303283 5632653 -1775
32303278 5632950 -1725
32303283 5632950 -1725
32303217 5632950 -975
32303283 5632950 -1012
32303283 5632910 -975
32303283 5632950 -970
32302986 5632950 -825
32303283 5632663 -725
32303283 5632749 -675
32303283 5632833 -625
32303283 5632913 -575
32303245 5632950 -525
32303283 5632950 -551
32303175 5632950 -475
32303108 5632950 -425
32303044 5632950 -375
32302982 5632950 -325
32303283 5632730 -225
32303283 5632797 -175
32303283 5632776 -125
32303283 5632756 -75
32303283 5632735 -25
32303118 5632950 25
32303283 5632950 3
32303138 5632950 75
32303159 5632950 125
32303179 5632950 175
32303283 5632694 225
32303197 5632950 225
32303283 5632756 275
32303283 5632818 325
32303283 5632879 375
32303283 5632941 425
32303234 5632950 475
32303283 5632950 431
32303283 5632954 -1725
32303283 5632953 -1675
32303283 5632953 -1625
32303279 5633250 -1575
32303283 5633250 -1575
32303279 5633250 -1525
32303283 5633017 -975
32303283 5633235 -825
32303260 5633250 -825
32303283 5633250 -838
32303181 5633250 -775
32303283 5633184 -775
32303283 5633250 -745
32302995 5633250 -625
32303283 5632990 -525
32303283 5633064 -475
32303283 5633137 -425
32303283 5633207 -375
32303258 5633250 -325
32303283 5633250 -343
32303191 5633250 -275
32303124 5633250 -225
32303059 5633250 -175
32302992 5633250 -125
32303283 5633110 25
32303283 5633091 75
32303283 5633071 125
32303283 5633051 175
32303283 5633031 225
32303129 5633250 275
32303283 5633250 253
32303148 5633250 325
32303167 5633250 375
32303187 5633250 425
32303283 5633002 475
32303283 5633254 -1575
32303283 5633253 -1525
32303283 5633253 -1475
32303283 5633381 -1425
32303279 5633550 -1375
32303283 5633550 -1399
32303251 5633550 -1325
32303283 5633273 -825
32303283 5633356 -775
32303283 5633522 -625
32303236 5633550 -625
32303283 5633550 -653
32303156 5633550 -575
32303283 5633473 -575
32303283 5633425 -525
32303077 5633550 -525
32303283 5633550 -510
32303018 5633550 -425
32303283 5633277 -325
32303283 5633351 -275
32303283 5633425 -225
32303283 5633498 -175
32303259 5633550 -125
32303283 5633550 -140
32303183 5633550 -75
32303105 5633550 -25
32303027 5633550 25
32303283 5633401 275
32303283 5633382 325
32303283 5633362 375
32303283 5633342 425
32303138 5633550 475
32303283 5633550 454
32303283 5633553 -1375
32303283 5633553 -1325
32303283 5633553 -1275
32303279 5633850 -1225
32303283 5633850 -1225
32303279 5633850 -1175
32303283 5633597 -625
32303283 5633678 -575
32303283 5633759 -525
32303283 5633809 -425
32303204 5633850 -425
32303283 5633850 -468
32303115 5633850 -375
32303283 5633763 -375
32303283 5633717 -325
32303024 5633850 -325
32303006 5633850 -275
32303283 5633850 -309
32303049 5633850 -225
32303283 5633574 -125
32303283 5633654 -75
32303283 5633734 -25
32303283 5633816 25
32303224 5633850 75
32303283 5633850 45
32303122 5633850 125
32303016 5633850 175
32303283 5633692 475
32303283 5633853 -1225
32303283 5633853 -1175
32303283 5633853 -1125
32303283 5633853 -1075
32303280 5634150 -1025
32303283 5634150 -1025
32303279 5634150 -975
32303279 5634150 -925
32303283 5633919 -425
32303283 5633998 -375
32303283 5634075 -325
32303283 5634150 -275
32303283 5634149 -275
32303282 5634150 -275
32303283 5634104 -225
32303178 5634150 -225
32303070 5634150 -175
32303283 5634058 -175
32303283 5634012 -125
32303283 5633965 -75
32303071 5634150 -25
32303283 5634150 -54
32303283 5633893 75
32303283 5633965 125
32303283 5634037 175
32303283 5634112 225
32303215 5634150 275
32303283 5634150 250
32303083 5634150 325
32303283 5634152 -1025
32303283 5634153 -975
32303283 5634153 -925
32303283 5634152 -875
32303283 5634152 -825
32303279 5634450 -775
32303283 5634450 -775
32303279 5634450 -725
32303283 5634150 -275
32303283 5634224 -225
32303283 5634298 -175
32303283 5634374 -125
32303279 5634450 -75
32303283 5634450 -76
32303283 5634401 -25
32303160 5634450 -25
32303039 5634450 25
32303283 5634355 25
32303283 5634309 75
32303283 5634264 125
32303283 5634219 175
32303122 5634450 225
32303283 5634450 202
32303283 5634192 275
32303283 5634277 325
32303283 5634361 375
32303283 5634441 425
32303179 5634450 475
32303283 5634450 430
32303283 5634453 -775
32303283 5634453 -725
32303283 5634452 -675
32303283 5634452 -625
32303279 5634750 -575
32303283 5634750 -575
32303279 5634750 -525
32303279 5634750 -475
32303283 5634452 -75
32303283 5634517 -25
32303283 5634582 25
32303283 5634647 75
32303283 5634711 125
32303240 5634750 175
32303283 5634750 154
32303283 5634672 225
32303135 5634750 225
32303029 5634750 275
32303283 5634617 275
32303283 5634562 325
32303283 5634508 375
32303283 5634455 425
32303243 5634476 434
32303283 5634508 475
32303283 5634750 455
32303130 5634750 475
32303283 5634753 -575
32303283 5634753 -525
32303283 5634753 -475
32303283 5634752 -425
32303283 5634752 -375
32303279 5635050 -325
32303283 5635050 -325
32303279 5635050 -275
32303283 5634774 175
32303283 5634834 225
32303283 5634894 275
32303283 5634955 325
32303283 5635017 375
32303234 5635050 425
32303283 5635050 401
32303283 5634960 475
32303132 5635050 475
32303283 5635053 -325
32303283 5635053 -275
32303283 5635053 -225
32303283 5635052 -175
32303283 5635052 -125
32303279 5635350 -75
32303283 5635350 -75
32303279 5635350 -25
32303283 5635082 425
32303283 5635149 475
32303283 5635353 -75
32303283 5635353 -25
32303283 5635353 25
32303283 5635352 75
32303279 5635650 125
32303283 5635650 124
32303279 5635650 175
32303280 5635650 225
32303283 5635653 125
32303283 5635653 175
32303283 5635653 225
32303283 5635652 275
32303280 5635950 325
32303283 5635950 324
32303279 5635950 375
32303279 5635950 425
32303283 5635952 325
32303283 5635953 375
32303283 5635953 425
32303283 5635952 475
32303584 5623650 -2727
32303584 5623950 -2727
32303496 5623950 -125
32303584 5623950 -110
32303584 5623911 -75
32303584 5623865 -25
32303283 5623650 25
32303584 5623829 25
32303343 5623650 75
32303584 5623800 75
32303387 5623650 125
32303584 5623777 125
32303419 5623650 175
32303584 5623759 175
32303444 5623650 225
32303584 5623744 225
32303465 5623650 275
32303584 5623731 275
32303483 5623650 325
32303584 5623718 325
32303502 5623650 375
32303584 5623705 375
32303525 5623650 425
32303584 5623689 425
32303551 5623650 475
32303584 5623672 475
32303584 5624250 -2727
32303556 5624250 -175
32303584 5624250 -181
32303584 5624215 -175
32303584 5623999 -125
32303351 5624250 -125
32303584 5624550 -2727
32303584 5624273 -175
32303584 5624446 -125
32303547 5624550 -75
32303584 5624550 -93
32303455 5624550 -25
32303370 5624550 25
32303291 5624550 75
32303584 5624850 -2727
32303584 5624582 -75
32303584 5624665 -25
32303584 5624748 25
32303584 5624832 75
32303513 5624850 125
32303584 5624850 84
32303428 5624850 175
32303343 5624850 225
32303584 5625150 -2727
32303584 5624906 125
32303584 5624974 175
32303584 5625041 225
32303584 5625108 275
32303543 5625150 325
32303584 5625150 305
32303434 5625150 375
32303320 5625150 425
32303584 5625450 -2726
32303584 5625189 325
32303584 5625295 375
32303584 5625402 425
32303584 5625450 447
32303584 5625750 -2726
32303393 5625750 425
32303584 5625647 475
32303538 5625750 475
32303584 5626050 -2726
32303332 5626050 225
32303396 5626050 275
32303460 5626050 325
32303527 5626050 375
32303584 5626050 414
32303584 5626013 425
32303584 5625815 475
32303584 5626350 -2726
32303340 5626350 75
32303421 5626350 125
32303508 5626350 175
32303584 5626350 215
32303584 5626335 225
32303584 5626260 275
32303584 5626187 325
32303584 5626112 375
32303584 5626650 -2726
32303319 5626650 -75
32303417 5626650 -25
32303522 5626650 25
32303584 5626650 52
32303584 5626601 75
32303584 5626503 125
32303584 5626414 175
32303584 5626950 -2726
32303359 5626950 -175
32303446 5626950 -125
32303533 5626950 -75
32303584 5626950 -54
32303584 5626844 -25
32303584 5626717 25
32303584 5627250 -2726
32303285 5627250 -325
32303408 5627250 -275
32303532 5627250 -225
32303584 5627250 -204
32303584 5627190 -175
32303584 5627092 -125
32303584 5626999 -75
32303584 5627550 -2726
32303318 5627550 -425
32303462 5627550 -375
32303584 5627550 -334
32303584 5627528 -325
32303584 5627413 -275
32303584 5627298 -225
32303584 5627850 -2726
32303360 5627850 -525
32303546 5627850 -475
32303584 5627850 -464
32303584 5627760 -425
32303584 5627646 -375
32303584 5628150 -2726
32303419 5628150 -625
32303584 5628150 -598
32303584 5628094 -575
32303584 5627980 -525
32303584 5627871 -475
32303584 5628450 -2726
32303584 5628450 -702
32303584 5628368 -675
32303584 5628223 -625
32303584 5628750 -2726
32303584 5628750 -769
32303584 5628551 -725
32303584 5629050 -2726
32303413 5629050 -775
32303584 5629050 -805
32303584 5628799 -775
32303584 5629350 -2726
32303419 5629350 -775
32303584 5629350 -818
32303577 5629650 -2725
32303584 5629650 -2726
32303466 5629650 -775
32303584 5629650 -814
32303332 5629650 -725
32303584 5629657 -2725
32303584 5629950 -2676
32303584 5629913 -775
32303450 5629950 -725
32303584 5629950 -769
32303309 5629950 -675
32303577 5630250 -2675
32303584 5630250 -2676
32303584 5630119 -725
32303546 5630250 -675
32303584 5630250 -687
32303402 5630250 -625
32303584 5630256 -2675
32303578 5630550 -2625
32303584 5630550 -2626
32303584 5630289 -675
32303584 5630437 -625
32303558 5630550 -575
32303584 5630550 -584
32303415 5630550 -525
32303584 5630556 -2625
32303578 5630850 -2575
32303584 5630850 -2576
32303584 5630580 -575
32303584 5630746 -525
32303530 5630850 -475
32303584 5630850 -494
32303392 5630850 -425
32303584 5630856 -2575
32303584 5630855 -2525
32303584 5631150 -2475
32303300 5631150 -1175
32303584 5630938 -475
32303569 5631150 -425
32303584 5631150 -430
32303439 5631150 -375
32303319 5631150 -325
32303584 5631155 -2475
32303578 5631450 -2425
32303584 5631450 -2425
32303533 5631450 -1225
32303584 5631450 -1239
32303584 5631444 -1225
32303584 5631424 -1175
32303360 5631450 -1175
32303584 5631450 -1170
32303294 5631450 -1125
32303315 5631450 -1075
32303335 5631450 -1025
32303584 5631187 -425
32303552 5631450 -375
32303584 5631450 -386
32303420 5631450 -325
32303298 5631450 -275
32303584 5631455 -2425
32303584 5631455 -2375
32303579 5631750 -2325
32303584 5631750 -2325
32303584 5631518 -1225
32303579 5631750 -1175
32303584 5631750 -1176
32303584 5631729 -1125
32303420 5631750 -1125
32303584 5631708 -1075
32303584 5631688 -1025
32303328 5631750 -975
32303584 5631750 -1014
32303349 5631750 -925
32303370 5631750 -875
32303370 5631750 -825
32303584 5631527 -375
32303532 5631750 -325
32303584 5631750 -342
32303386 5631750 -275
32303584 5631755 -2325
32303584 5631754 -2275
32303579 5632050 -2225
32303584 5632050 -2225
32303584 5631756 -1175
32303584 5631958 -1125
32303507 5632050 -1075
32303584 5632050 -1102
32303368 5632050 -1025
32303584 5631997 -975
32303584 5631976 -925
32303584 5631956 -875
32303584 5631936 -825
32303377 5632050 -775
32303584 5632050 -806
32303398 5632050 -725
32303420 5632050 -675
32303584 5631823 -325
32303584 5632027 -275
32303463 5632050 -225
32303584 5632050 -269
32303321 5632050 -175
32303584 5632054 -2225
32303584 5632054 -2175
32303579 5632350 -2125
32303584 5632350 -2125
32303579 5632350 -2075
32303584 5632138 -1075
32303584 5632298 -1025
32303504 5632350 -975
32303584 5632350 -1008
32303386 5632350 -925
32303584 5632252 -775
32303584 5632231 -725
32303584 5632210 -675
32303393 5632350 -625
32303584 5632350 -653
32303415 5632350 -575
32303436 5632350 -525
32303457 5632350 -475
32303584 5632180 -225
32303584 5632335 -175
32303486 5632350 -125
32303584 5632350 -170
32303380 5632350 -75
32303584 5632354 -2125
32303584 5632354 -2075
32303584 5632354 -2025
32303580 5632650 -1975
32303584 5632650 -1975
32303576 5632650 -1925
32303521 5632650 -1275
32303584 5632650 -1303
32303584 5632621 -1275
32303584 5632650 -1271
32303584 5632436 -975
32303584 5632562 -925
32303555 5632650 -875
32303584 5632650 -889
32303457 5632650 -825
32303361 5632650 -775
32303584 5632538 -625
32303584 5632517 -575
32303584 5632496 -525
32303584 5632475 -475
32303414 5632650 -425
32303584 5632650 -448
32303435 5632650 -375
32303457 5632650 -325
32303478 5632650 -275
32303584 5632446 -125
32303584 5632551 -75
32303582 5632650 -25
32303584 5632650 -26
32303510 5632650 25
32303439 5632650 75
32303371 5632650 125
32303302 5632650 175
32303584 5632654 -1975
32303584 5632653 -1925
32303584 5632653 -1875
32303580 5632950 -1825
32303584 5632950 -1825
32303580 5632950 -1775
32303584 5632717 -1275
32303489 5632950 -1125
32303584 5632950 -1174
32303584 5632899 -1125
32303584 5632847 -1075
32303395 5632950 -1075
32303584 5632950 -1061
32303323 5632950 -975
32303584 5632680 -875
32303584 5632783 -825
32303584 5632883 -775
32303558 5632950 -725
32303584 5632950 -740
32303475 5632950 -675
32303395 5632950 -625
32303318 5632950 -575
32303584 5632817 -425
32303584 5632796 -375
32303584 5632775 -325
32303584 5632754 -275
32303584 5632733 -225
32303438 5632950 -175
32303584 5632950 -194
32303459 5632950 -125
32303481 5632950 -75
32303584 5632651 -25
32303502 5632950 -25
32303584 5632728 25
32303584 5632804 75
32303584 5632878 125
32303583 5632950 175
32303584 5632950 174
32303523 5632950 225
32303464 5632950 275
32303406 5632950 325
32303348 5632950 375
32303290 5632950 425
32303584 5632953 -1825
32303584 5632953 -1775
32303584 5632953 -1725
32303580 5633250 -1675
32303584 5633250 -1675
32303580 5633250 -1625
32303584 5633049 -1125
32303584 5633147 -1075
32303584 5633202 -975
32303505 5633250 -975
32303584 5633250 -1020
32303421 5633250 -925
32303584 5633149 -925
32303584 5633096 -875
32303340 5633250 -875
32303299 5633250 -825
32303584 5633250 -855
32303350 5633250 -775
32303584 5632977 -725
32303584 5633062 -675
32303584 5633144 -625
32303584 5633224 -575
32303534 5633250 -525
32303584 5633250 -558
32303462 5633250 -475
32303392 5633250 -425
32303324 5633250 -375
32303584 5633093 -175
32303584 5633072 -125
32303584 5633051 -75
32303584 5633030 -25
32303424 5633250 25
32303584 5633250 4
32303444 5633250 75
32303464 5633250 125
32303584 5632951 175
32303484 5633250 175
32303584 5633012 225
32303504 5633250 225
32303584 5633073 275
32303584 5633134 325
32303584 5633194 375
32303578 5633250 425
32303584 5633250 420
32303519 5633250 475
32303584 5633253 -1675
32303584 5633253 -1625
32303584 5633253 -1575
32303584 5633286 -1525
32303580 5633550 -1475
32303584 5633550 -1482
32303453 5633550 -1425
32303584 5633330 -975
32303584 5633415 -925
32303584 5633498 -875
32303584 5633550 -842
32303584 5633529 -825
32303555 5633550 -825
32303584 5633480 -775
32303474 5633550 -775
32303394 5633550 -725
32303584 5633428 -725
32303584 5633375 -675
32303316 5633550 -675
32303584 5633321 -625
32303360 5633550 -575
32303584 5633550 -600
32303584 5633300 -525
32303409 5633550 -525
32303584 5633373 -475
32303584 5633445 -425
32303584 5633514 -375
32303549 5633550 -325
32303584 5633550 -348
32303476 5633550 -275
32303403 5633550 -225
32303332 5633550 -175
32303584 5633405 25
32303584 5633385 75
32303584 5633365 125
32303584 5633346 175
32303584 5633328 225
32303437 5633550 275
32303584 5633550 254
32303456 5633550 325
32303476 5633550 375
32303584 5633256 425
32303495 5633550 425
32303584 5633318 475
32303584 5633553 -1475
32303584 5633553 -1425
32303584 5633552 -1375
32303580 5633850 -1325
32303584 5633850 -1325
32303581 5633850 -1275
32303584 5633578 -825
32303584 5633658 -775
32303584 5633735 -725
32303584 5633811 -675
32303544 5633850 -625
32303584 5633850 -648
32303584 5633777 -575
32303460 5633850 -575
32303403 5633735 -550
32303584 5633727 -525
32303377 5633850 -525
32303584 5633677 -475
32303293 5633850 -475
32303584 5633627 -425
32303584 5633576 -375
32303512 5633618 -349
32303584 5633583 -325
32303584 5633850 -345
32303411 5633850 -325
32303584 5633652 -275
32303584 5633720 -225
32303584 5633788 -175
32303577 5633850 -125
32303584 5633850 -128
32303491 5633850 -75
32303404 5633850 -25
32303318 5633850 25
32303584 5633696 275
32303584 5633677 325
32303584 5633658 375
32303584 5633638 425
32303439 5633850 475
32303584 5633850 453
32303584 5633853 -1325
32303584 5633853 -1275
32303584 5633852 -1225
32303584 5633852 -1175
32303580 5634150 -1125
32303584 5634150 -1125
32303581 5634150 -1075
32303584 5633886 -625
32303584 5633960 -575
32303584 5634033 -525
32303584 5634102 -475
32303557 5634150 -425
32303584 5634150 -440
32303468 5634150 -375
32303584 5634043 -325
32303376 5634150 -325
32303287 5634146 -275
32303584 5633996 -275
32303584 5633947 -225
32303584 5633897 -175
32303437 5634150 -75
32303584 5634150 -94
32303584 5633918 -75
32303584 5633979 -25
32303584 5634038 25
32303584 5634097 75
32303572 5634150 125
32303584 5634150 119
32303457 5634150 175
32303342 5634150 225
32303584 5634006 475
32303584 5634153 -1125
32303584 5634153 -1075
32303584 5634152 -1025
32303584 5634152 -975
32303584 5634245 -925
32303581 5634450 -875
32303584 5634450 -894
32303581 5634450 -825
32303584 5634170 -425
32303584 5634236 -375
32303584 5634301 -325
32303584 5634366 -275
32303584 5634431 -225
32303510 5634450 -175
32303584 5634450 -210
32303399 5634450 -125
32303584 5634329 -75
32303584 5634284 -25
32303584 5634239 25
32303584 5634193 75
32303470 5634450 175
32303584 5634229 175
32303584 5634450 158
32303584 5634301 225
32303584 5634375 275
32303580 5634450 325
32303584 5634450 323
32303433 5634450 375
32303297 5634450 425
32303584 5634453 -875
32303584 5634452 -825
32303584 5634452 -775
32303584 5634452 -725
32303581 5634750 -675
32303584 5634750 -675
32303581 5634750 -625
32303584 5634494 -175
32303584 5634559 -125
32303584 5634628 -75
32303584 5634700 -25
32303547 5634750 25
32303584 5634750 7
32303444 5634750 75
32303343 5634750 125
32303584 5634592 175
32303584 5634545 225
32303584 5634498 275
32303510 5634750 425
32303584 5634615 425
32303584 5634750 415
32303584 5634691 475
32303584 5634753 -675
32303584 5634753 -625
32303584 5634752 -575
32303584 5634752 -525
32303584 5634752 -475
32303580 5635050 -425
32303584 5635050 -425
32303581 5635050 -375
32303584 5634770 25
32303584 5634828 75
32303584 5634885 125
32303584 5634942 175
32303584 5634999 225
32303568 5635050 275
32303584 5635050 267
32303454 5635050 325
32303341 5635050 375
32303584 5634854 425
32303584 5634795 475
32303584 5635053 -425
32303584 5635053 -375
32303584 5635052 -325
32303584 5635052 -275
32303580 5635350 -225
32303584 5635350 -225
32303581 5635350 -175
32303580 5635350 -125
32303584 5635059 275
32303584 5635126 325
32303584 5635194 375
32303584 5635262 425
32303584 5635331 475
32303584 5635353 -225
32303584 5635353 -175
32303584 5635353 -125
32303584 5635352 -75
32303584 5635352 -25
32303581 5635650 25
32303584 5635650 24
32303581 5635650 75
32303584 5635653 25
32303584 5635653 75
32303584 5635652 125
32303584 5635652 175
32303581 5635950 225
32303584 5635950 224
32303581 5635950 275
32303584 5635953 225
32303584 5635953 275
32303584 5635952 325
32303584 5635952 375
32303584 5635952 425
32303581 5636250 475
32303584 5636250 474
32303584 5636253 475
32303885 5623650 -2727
32303885 5623950 -2727
32303635 5623950 -75
32303691 5623950 -25
32303733 5623950 25
32303763 5623950 75
32303785 5623950 125
32303801 5623950 175
32303815 5623950 225
32303828 5623950 275
32303843 5623950 325
32303861 5623950 375
32303882 5623950 425
32303885 5623950 430
32303885 5623913 475
32303885 5624250 -2727
32303617 5624250 -175
32303806 5624250 -125
32303885 5624250 -93
32303885 5624224 -75
32303885 5624168 -25
32303885 5624125 25
32303885 5624092 75
32303885 5624067 125
32303885 5624047 175
32303885 5624030 225
32303885 5624014 275
32303885 5623996 325
32303885 5623976 375
32303885 5623952 425
32303885 5624550 -2727
32303704 5624550 -125
32303885 5624550 -172
32303885 5624342 -125
32303885 5624850 -2727
32303885 5624716 -125
32303862 5624850 -75
32303885 5624850 -87
32303774 5624850 -25
32303688 5624850 25
32303601 5624850 75
32303885 5625150 -2727
32303885 5624870 -75
32303885 5624947 -25
32303885 5625021 25
32303885 5625095 75
32303865 5625150 125
32303885 5625150 112
32303786 5625150 175
32303709 5625150 225
32303632 5625150 275
32303885 5625450 -2727
32303885 5625168 125
32303885 5625240 175
32303885 5625312 225
32303885 5625383 275
32303879 5625450 325
32303885 5625450 322
32303761 5625450 375
32303640 5625450 425
32303885 5625750 -2726
32303885 5625455 325
32303885 5625548 375
32303885 5625644 425
32303885 5625744 475
32303885 5626050 -2726
32303611 5626050 425
32303763 5626050 475
32303885 5626350 -2726
32303610 5626350 225
32303757 5626350 275
32303885 5626350 314
32303885 5626334 325
32303885 5626241 375
32303885 5626174 425
32303885 5626102 475
32303885 5626650 -2726
32303885 5626650 46
32303885 5626602 75
32303885 5626532 125
32303885 5626474 175
32303885 5626425 225
32303885 5626381 275
32303885 5626950 -2726
32303706 5626950 -25
32303885 5626950 22
32303885 5626919 25
32303885 5627250 -2726
32303649 5627250 -175
32303761 5627250 -125
32303876 5627250 -75
32303885 5627250 -71
32303885 5627107 -25
32303885 5627550 -2726
32303610 5627550 -325
32303753 5627550 -275
32303885 5627550 -229
32303885 5627540 -225
32303885 5627445 -175
32303885 5627352 -125
32303885 5627257 -75
32303885 5627850 -2726
32303713 5627850 -425
32303874 5627850 -375
32303885 5627850 -371
32303885 5627755 -325
32303885 5627650 -275
32303885 5628150 -2726
32303683 5628150 -575
32303882 5628150 -525
32303885 5628150 -524
32303885 5628051 -475
32303885 5627953 -425
32303885 5627856 -375
32303885 5628450 -2726
32303776 5628450 -675
32303885 5628450 -658
32303885 5628371 -625
32303885 5628259 -575
32303885 5628151 -525
32303885 5628750 -2726
32303885 5628750 -760
32303885 5628643 -725
32303885 5628496 -675
32303885 5629050 -2726
32303752 5629050 -825
32303885 5629050 -839
32303885 5628994 -825
32303885 5628804 -775
32303885 5629350 -2726
32303854 5629350 -875
32303885 5629350 -879
32303885 5629313 -875
32303614 5629350 -825
32303885 5629650 -2726
32303826 5629650 -875
32303885 5629650 -888
32303622 5629650 -825
32303885 5629749 -2725
32303885 5629950 -2690
32303885 5629801 -875
32303760 5629950 -825
32303885 5629950 -861
32303601 5629950 -775
32303885 5630250 -2676
32303885 5630130 -825
32303816 5630250 -775
32303885 5630250 -798
32303679 5630250 -725
32303885 5630256 -2675
32303885 5630550 -2626
32303885 5630335 -775
32303885 5630502 -725
32303797 5630550 -675
32303885 5630550 -709
32303676 5630550 -625
32303885 5630556 -2625
32303885 5630850 -2575
32303885 5630662 -675
32303885 5630817 -625
32303784 5630850 -575
32303885 5630850 -614
32303659 5630850 -525
32303885 5630855 -2575
32303879 5631150 -2525
32303885 5631150 -2525
32303885 5630998 -575
32303856 5631150 -525
32303885 5631150 -535
32303712 5631150 -475
32303885 5631155 -2525
32303880 5631450 -2475
32303885 5631450 -2475
32303590 5631450 -1225
32303611 5631450 -1175
32303885 5631205 -525
32303862 5631450 -475
32303885 5631450 -482
32303704 5631450 -425
32303885 5631455 -2475
32303885 5631455 -2425
32303880 5631750 -2375
32303885 5631750 -2375
32303885 5631734 -1225
32303752 5631750 -1225
32303885 5631750 -1263
32303885 5631714 -1175
32303606 5631750 -1125
32303885 5631750 -1169
32303627 5631750 -1075
32303648 5631750 -1025
32303885 5631500 -475
32303832 5631750 -425
32303885 5631750 -441
32303678 5631750 -375
32303885 5631755 -2375
32303885 5631754 -2325
32303880 5632050 -2275
32303885 5632050 -2275
32303885 5631927 -1225
32303811 5632050 -1175
32303885 5632050 -1198
32303885 5632019 -1125
32303655 5632050 -1125
32303885 5631999 -1075
32303885 5631978 -1025
32303638 5632050 -975
32303885 5632050 -1013
32303660 5632050 -925
32303681 5632050 -875
32303702 5632050 -825
32303885 5631835 -425
32303863 5632050 -375
32303885 5632050 -382
32303726 5632050 -325
32303598 5632050 -275
32303885 5632054 -2275
32303885 5632054 -2225
32303881 5632350 -2175
32303885 5632350 -2175
32303885 5632141 -1175
32303885 5632332 -1125
32303762 5632350 -1075
32303885 5632350 -1120
32303627 5632350 -1025
32303885 5632289 -975
32303885 5632268 -925
32303885 5632248 -875
32303885 5632227 -825
32303685 5632350 -775
32303885 5632350 -805
32303706 5632350 -725
32303727 5632350 -675
32303885 5632076 -375
32303885 5632237 -325
32303852 5632350 -275
32303885 5632350 -288
32303726 5632350 -225
32303596 5632350 -175
32303885 5632354 -2175
32303885 5632354 -2125
32303885 5632413 -2075
32303881 5632650 -2025
32303885 5632650 -2035
32303882 5632650 -1425
32303885 5632650 -1426
32303885 5632648 -1425
32303885 5632599 -1375
32303758 5632650 -1375
32303885 5632650 -1367
32303614 5632650 -1275
32303885 5632491 -1075
32303885 5632643 -1025
32303776 5632650 -975
32303885 5632650 -1022
32303663 5632650 -925
32303885 5632546 -775
32303885 5632525 -725
32303885 5632505 -675
32303885 5632486 -625
32303719 5632650 -575
32303885 5632650 -599
32303740 5632650 -525
32303761 5632650 -475
32303885 5632383 -275
32303885 5632511 -225
32303885 5632640 -175
32303789 5632650 -125
32303885 5632650 -171
32303685 5632650 -75
32303885 5632653 -2025
32303885 5632653 -1975
32303881 5632950 -1925
32303885 5632950 -1925
32303881 5632950 -1875
32303885 5632653 -1425
32303885 5632793 -1375
32303885 5632906 -1275
32303793 5632950 -1275
32303885 5632950 -1318
32303688 5632950 -1225
32303885 5632856 -1225
32303885 5632805 -1175
32303585 5632950 -1175
32303885 5632950 -1155
32303637 5632950 -1125
32303692 5632950 -1075
32303885 5632769 -975
32303885 5632890 -925
32303836 5632950 -875
32303885 5632950 -900
32303741 5632950 -825
32303647 5632950 -775
32303885 5632814 -575
32303885 5632793 -525
32303885 5632772 -475
32303885 5632764 -425
32303739 5632950 -375
32303885 5632950 -397
32303760 5632950 -325
32303782 5632950 -275
32303803 5632950 -225
32303885 5632750 -125
32303885 5632862 -75
32303866 5632950 -25
32303885 5632950 -37
32303789 5632950 25
32303716 5632950 75
32303648 5632950 125
32303885 5632953 -1925
32303885 5632953 -1875
32303885 5632953 -1825
32303881 5633250 -1775
32303885 5633250 -1775
32303882 5633250 -1725
32303885 5633051 -1275
32303885 5633165 -1225
32303863 5633250 -1175
32303885 5633250 -1186
32303605 5632971 -1173
32303770 5633250 -1125
32303885 5633186 -1125
32303696 5633122 -1101
32303885 5633134 -1075
32303680 5633250 -1075
32303885 5633082 -1025
32303591 5633250 -1025
32303885 5633029 -975
32303688 5633250 -925
32303885 5633250 -947
32303885 5633001 -875
32303742 5633250 -875
32303885 5633100 -825
32303885 5633196 -775
32303849 5633250 -725
32303885 5633250 -746
32303767 5633250 -675
32303687 5633250 -625
32303609 5633250 -575
32303885 5633095 -375
32303885 5633074 -325
32303885 5633053 -275
32303885 5633031 -225
32303740 5633250 -175
32303885 5633250 -194
32303761 5633250 -125
32303781 5633250 -75
32303885 5632968 -25
32303802 5633250 -25
32303885 5633042 25
32303885 5633112 75
32303885 5633179 125
32303885 5633243 175
32303828 5633250 225
32303885 5633250 180
32303766 5633250 275
32303704 5633250 325
32303641 5633250 375
32303885 5633253 -1775
32303885 5633253 -1725
32303885 5633252 -1675
32303885 5633255 -1625
32303882 5633550 -1575
32303885 5633550 -1576
32303849 5633550 -1525
32303885 5633273 -1175
32303885 5633371 -1125
32303885 5633465 -1075
32303879 5633550 -1025
32303885 5633550 -1028
32303796 5633550 -975
32303885 5633442 -925
32303714 5633550 -925
32303680 5633451 -895
32303885 5633389 -875
32303634 5633550 -875
32303655 5633480 -844
32303885 5633335 -825
32303885 5633281 -775
32303759 5633550 -675
32303885 5633550 -688
32303885 5633366 -675
32303811 5633550 -625
32303885 5633444 -625
32303753 5633379 -648
32303885 5633519 -575
32303842 5633550 -525
32303885 5633550 -553
32303768 5633550 -475
32303695 5633550 -425
32303622 5633550 -375
32303885 5633398 -175
32303885 5633378 -125
32303885 5633357 -75
32303885 5633336 -25
32303723 5633550 25
32303885 5633550 2
32303742 5633550 75
32303760 5633550 125
32303779 5633550 175
32303885 5633298 225
32303795 5633550 225
32303885 5633351 275
32303885 5633405 325
32303885 5633460 375
32303885 5633517 425
32303851 5633550 475
32303885 5633550 452
32303885 5633553 -1575
32303885 5633552 -1525
32303885 5633552 -1475
32303882 5633850 -1425
32303885 5633850 -1425
32303882 5633850 -1375
32303885 5633556 -1025
32303885 5633640 -975
32303885 5633721 -925
32303885 5633799 -875
32303858 5633850 -825
32303885 5633850 -841
32303780 5633850 -775
32303702 5633850 -725
32303885 5633679 -675
32303624 5633850 -675
32303885 5633626 -625
32303885 5633572 -575
32303792 5633850 -425
32303885 5633722 -425
32303885 5633850 -435
32303837 5633850 -375
32303885 5633785 -375
32303885 5633845 -325
32303814 5633850 -275
32303885 5633850 -321
32303737 5633850 -225
32303658 5633850 -175
32303885 5633720 25
32303885 5633701 75
32303885 5633682 125
32303885 5633662 175
32303885 5633643 225
32303729 5633850 275
32303885 5633850 252
32303747 5633850 325
32303766 5633850 375
32303784 5633850 425
32303885 5633577 475
32303885 5633853 -1425
32303885 5633852 -1375
32303885 5633852 -1325
32303885 5633852 -1275
32303882 5634150 -1225
32303885 5634150 -1225
32303882 5634150 -1175
32303885 5633875 -825
32303885 5633947 -775
32303885 5634018 -725
32303885 5634087 -675
32303881 5634150 -625
32303885 5634150 -627
32303801 5634150 -575
32303721 5634150 -525
32303640 5634150 -475
32303885 5633954 -425
32303885 5633904 -375
32303885 5633853 -325
32303885 5634150 -130
32303836 5634150 -125
32303885 5634081 -125
32303885 5634140 -75
32303814 5634150 -25
32303885 5634150 -67
32303733 5634150 25
32303653 5634150 75
32303885 5634016 275
32303885 5633997 325
32303885 5633978 375
32303885 5633958 425
32303885 5633938 475
32303885 5634153 -1225
32303885 5634152 -1175
32303885 5634152 -1125
32303885 5634152 -1075
32303882 5634450 -1025
32303885 5634450 -1025
32303882 5634450 -975
32303784 5634450 -925
32303885 5634153 -625
32303885 5634215 -575
32303885 5634276 -525
32303885 5634336 -475
32303885 5634395 -425
32303880 5634450 -375
32303885 5634450 -377
32303792 5634450 -325
32303702 5634450 -275
32303610 5634450 -225
32303885 5634209 -125
32303885 5634158 -75
32303885 5634450 119
32303842 5634450 125
32303885 5634388 125
32303885 5634447 175
32303789 5634450 225
32303885 5634450 176
32303687 5634450 275
32303885 5634453 -1025
32303885 5634452 -975
32303885 5634452 -925
32303885 5634452 -875
32303882 5634750 -825
32303885 5634750 -825
32303882 5634750 -775
32303882 5634750 -725
32303885 5634453 -375
32303885 5634508 -325
32303885 5634564 -275
32303885 5634622 -225
32303885 5634682 -175
32303885 5634744 -125
32303780 5634750 -75
32303885 5634750 -120
32303662 5634750 -25
32303885 5634502 125
32303885 5634451 175
32303875 5634750 375
32303885 5634731 375
32303885 5634750 373
32303797 5634750 425
32303885 5634750 388
32303677 5634750 475
32303885 5634753 -825
32303885 5634753 -775
32303885 5634752 -725
32303885 5634752 -675
32303885 5634752 -625
32303882 5635050 -575
32303885 5635050 -575
32303882 5635050 -525
32303882 5635050 -475
32303885 5634802 -75
32303885 5634860 -25
32303885 5634918 25
32303885 5634977 75
32303885 5635036 125
32303798 5635050 175
32303885 5635050 136
32303684 5635050 225
32303885 5634765 375
32303885 5635053 -575
32303885 5635053 -525
32303885 5635052 -475
32303885 5635052 -425
32303885 5635052 -375
32303882 5635350 -325
32303885 5635350 -325
32303882 5635350 -275
32303885 5635096 175
32303885 5635157 225
32303885 5635219 275
32303885 5635283 325
32303885 5635349 375
32303751 5635350 425
32303885 5635350 375
32303619 5635350 475
32303885 5635353 -325
32303885 5635353 -275
32303885 5635352 -225
32303885 5635352 -175
32303885 5635352 -125
32303882 5635650 -75
32303885 5635650 -75
32303882 5635650 -25
32303885 5635440 425
32303885 5635529 475
32303885 5635653 -75
32303885 5635652 -25
32303885 5635652 25
32303885 5635652 75
32303885 5635652 125
32303882 5635950 175
32303885 5635950 174
32303885 5635952 175
32303885 5635952 225
32303885 5635952 275
32303885 5635951 325
32303882 5636250 375
32303885 5636250 374
32303883 5636250 425
32303885 5636252 375
32303885 5636252 425
32303882 5636550 475
32303885 5636550 474
32303885 5636553 475
32304186 5623650 -2727
32304186 5623950 -2727
32303927 5623950 475
32304186 5624250 -2727
32303909 5624250 -75
32303959 5624250 -25
32303995 5624250 25
32304022 5624250 75
32304041 5624250 125
32304056 5624250 175
32304069 5624250 225
32304083 5624250 275
32304102 5624250 325
32304124 5624250 375
32304150 5624250 425
32304180 5624250 475
32304186 5624550 -2727
32304186 5624550 -133
32304186 5624538 -125
32304186 5624482 -75
32304186 5624441 -25
32304186 5624411 25
32304186 5624389 75
32304186 5624374 125
32304186 5624362 175
32304186 5624353 225
32304186 5624341 275
32304186 5624326 325
32304186 5624306 375
32304186 5624283 425
32304186 5624255 475
32304186 5624850 -2727
32304127 5624850 -175
32304186 5624850 -195
32304186 5624728 -175
32303986 5624850 -125
32304186 5625150 -2727
32304186 5624911 -175
32304186 5625061 -125
32304155 5625150 -75
32304186 5625150 -95
32304080 5625150 -25
32304008 5625150 25
32303938 5625150 75
32304186 5625450 -2727
32304186 5625180 -75
32304186 5625253 -25
32304186 5625322 25
32304186 5625391 75
32304177 5625450 125
32304186 5625450 118
32304105 5625450 175
32304032 5625450 225
32303958 5625450 275
32304186 5625750 -2727
32304186 5625457 125
32304186 5625522 175
32304186 5625587 225
32304186 5625653 275
32304186 5625721 325
32304123 5625750 375
32304186 5625750 345
32304011 5625750 425
32303892 5625750 475
32304186 5626050 -2727
32304186 5625817 375
32304186 5625982 425
32304052 5626050 475
32304186 5626050 446
32304186 5626350 -2726
32303958 5626350 325
32304186 5626350 358
32304186 5626306 375
32304186 5626127 425
32304186 5626650 -2727
32304054 5626650 75
32304186 5626650 98
32304186 5626607 125
32304186 5626539 175
32304186 5626482 225
32304186 5626431 275
32304186 5626382 325
32304186 5626950 -2727
32304100 5626950 25
32304186 5626950 25
32304186 5626727 75
32304186 5627250 -2727
32304075 5627250 -25
32304186 5627250 3
32304186 5626964 25
32304186 5627550 -2727
32303904 5627550 -225
32304090 5627550 -175
32304186 5627550 -148
32304186 5627502 -125
32304186 5627404 -75
32304186 5627306 -25
32304186 5627850 -2726
32304051 5627850 -325
32304186 5627850 -286
32304186 5627826 -275
32304186 5627721 -225
32304186 5627610 -175
32304186 5628150 -2726
32304061 5628150 -475
32304186 5628150 -438
32304186 5628122 -425
32304186 5628025 -375
32304186 5627926 -325
32304186 5628450 -2726
32304037 5628450 -625
32304186 5628450 -590
32304186 5628418 -575
32304186 5628318 -525
32304186 5628219 -475
32304186 5628750 -2726
32304186 5628750 -728
32304186 5628741 -725
32304186 5628629 -675
32304186 5628522 -625
32304186 5629050 -2726
32304186 5629050 -828
32304186 5629037 -825
32304186 5628885 -775
32304186 5629350 -2726
32304186 5629350 -895
32304186 5629257 -875
32304186 5629650 -2726
32304172 5629650 -925
32304186 5629650 -926
32304186 5629634 -925
32304088 5629950 -2725
32304186 5629950 -2726
32304186 5629786 -925
32303949 5629950 -875
32304186 5629950 -922
32304186 5629957 -2725
32304186 5630250 -2676
32304146 5630250 -875
32304186 5630250 -885
32303971 5630250 -825
32304180 5630550 -2675
32304186 5630550 -2676
32304186 5630302 -875
32304186 5630527 -825
32304057 5630550 -775
32304186 5630550 -819
32303924 5630550 -725
32304186 5630556 -2675
32304180 5630850 -2625
32304186 5630850 -2626
32304186 5630708 -775
32304167 5630850 -725
32304186 5630850 -731
32304035 5630850 -675
32303911 5630850 -625
32304186 5630856 -2625
32304181 5631150 -2575
32304186 5631150 -2575
32304186 5630873 -725
32304186 5631034 -675
32304151 5631150 -625
32304186 5631150 -636
32304003 5631150 -575
32304186 5631155 -2575
32304181 5631450 -2525
32304186 5631450 -2525
32304186 5631195 -625
32304186 5631384 -575
32304061 5631450 -525
32304186 5631450 -557
32304186 5631455 -2525
32304186 5631455 -2475
32304181 5631750 -2425
32304186 5631750 -2425
32304120 5631750 -1325
32304186 5631750 -1342
32304186 5631742 -1325
32304186 5631750 -1323
32303901 5631750 -1225
32303922 5631750 -1175
32304186 5631638 -525
32304042 5631750 -475
32304186 5631750 -506
32304186 5631754 -2425
32304186 5631754 -2375
32304182 5632050 -2325
32304186 5632050 -2325
32304186 5631840 -1325
32304186 5632046 -1275
32304153 5632050 -1275
32304186 5632050 -1284
32304186 5632025 -1225
32303978 5632050 -1225
32304186 5632005 -1175
32303916 5632050 -1125
32304186 5632050 -1167
32303937 5632050 -1075
32303958 5632050 -1025
32304186 5631967 -475
32304042 5632050 -425
32304186 5632050 -463
32304186 5632054 -2325
32304186 5632054 -2275
32304182 5632350 -2225
32304186 5632350 -2225
32304186 5632094 -1275
32304186 5632321 -1225
32304052 5632350 -1175
32304186 5632350 -1218
32304186 5632311 -1125
32303899 5632350 -1125
32304186 5632291 -1075
32304186 5632271 -1025
32304018 5632350 -975
32304186 5632350 -999
32303968 5632350 -925
32303990 5632350 -875
32304011 5632350 -825
32304186 5632217 -425
32304131 5632350 -375
32304186 5632350 -393
32303987 5632350 -325
32304186 5632354 -2225
32304186 5632353 -2175
32304182 5632650 -2125
32304186 5632650 -2125
32304125 5632650 -2075
32304156 5632650 -1525
32304186 5632650 -1535
32304186 5632639 -1525
32304186 5632650 -1523
32303886 5632650 -1425
32303939 5632650 -1375
32304186 5632514 -1175
32304151 5632650 -1125
32304186 5632650 -1138
32304020 5632650 -1075
32303891 5632650 -1025
32304186 5632509 -975
32304186 5632562 -925
32304186 5632542 -875
32304186 5632521 -825
32303991 5632650 -775
32304186 5632650 -804
32304012 5632650 -725
32304033 5632650 -675
32304051 5632650 -625
32304186 5632406 -375
32304186 5632547 -325
32304158 5632650 -275
32304186 5632650 -286
32304030 5632650 -225
32303895 5632650 -175
32304186 5632653 -2125
32304186 5632653 -2075
32304186 5632653 -2025
32304183 5632950 -1975
32304186 5632950 -1975
32304186 5632686 -1525
32304186 5632929 -1425
32304137 5632950 -1425
32304186 5632950 -1445
32304186 5632881 -1375
32304018 5632950 -1375
32303901 5632950 -1325
32304186 5632832 -1325
32304186 5632950 -1303
32303948 5632950 -1275
32303985 5632950 -1225
32304039 5632950 -1175
32304186 5632690 -1125
32304186 5632840 -1075
32304158 5632950 -1025
32304186 5632950 -1037
32304048 5632950 -975
32303939 5632950 -925
32304186 5632842 -775
32304186 5632821 -725
32304186 5632801 -675
32304186 5632781 -625
32304022 5632950 -575
32304186 5632950 -599
32304043 5632950 -525
32304063 5632950 -475
32304072 5632950 -425
32304186 5632677 -275
32304186 5632800 -225
32304186 5632927 -175
32304094 5632950 -125
32304186 5632950 -166
32303978 5632950 -75
32304186 5632953 -1975
32304186 5632953 -1925
32304186 5633250 -1875
32304186 5633250 -1875
32304183 5633250 -1825
32304186 5633007 -1425
32304186 5633144 -1375
32304165 5633250 -1325
32304186 5633250 -1335
32304008 5633077 -1315
32304062 5633250 -1275
32304186 5633169 -1275
32303987 5633126 -1251
32304186 5633139 -1225
32303961 5633250 -1225
32304186 5633089 -1175
32304186 5633038 -1125
32304186 5632987 -1075
32304186 5632981 -1025
32304186 5633250 -1039
32304061 5633250 -1025
32304116 5633250 -975
32304186 5633100 -975
32304121 5633021 -1008
32304186 5633216 -925
32304120 5633250 -875
32304186 5633250 -910
32304028 5633250 -825
32303937 5633250 -775
32304186 5633113 -575
32304186 5633093 -525
32304186 5633073 -475
32304186 5633053 -425
32304038 5633250 -375
32304186 5633250 -396
32304058 5633250 -325
32304078 5633250 -275
32304099 5633250 -225
32304186 5633029 -125
32304186 5633125 -75
32304186 5633223 -25
32304126 5633250 25
32304186 5633250 -11
32304046 5633250 75
32303968 5633250 125
32303893 5633250 175
32304186 5633250 -1875
32304186 5633253 -1825
32304186 5633252 -1775
32304186 5633252 -1725
32304183 5633550 -1675
32304186 5633550 -1675
32304181 5633550 -1625
32304186 5633273 -1325
32304186 5633387 -1275
32304186 5633497 -1225
32304140 5633550 -1175
32304186 5633550 -1200
32304051 5633550 -1125
32303964 5633550 -1075
32304186 5633369 -1025
32304186 5633317 -975
32304186 5633265 -925
32304157 5633550 -775
32304186 5633501 -775
32304186 5633550 -778
32304186 5633550 -746
32304073 5633550 -675
32303995 5633550 -625
32303918 5633550 -575
32304186 5633403 -375
32304186 5633383 -325
32304186 5633362 -275
32304186 5633342 -225
32304028 5633550 -175
32304186 5633550 -197
32304046 5633550 -125
32304065 5633550 -75
32304083 5633550 -25
32304186 5633295 25
32304186 5633355 75
32304186 5633414 125
32304186 5633471 175
32304186 5633526 225
32304147 5633550 275
32304186 5633550 246
32304076 5633550 325
32304003 5633550 375
32303928 5633550 425
32304186 5633552 -1675
32304186 5633552 -1625
32304186 5633552 -1575
32304183 5633850 -1525
32304186 5633850 -1525
32304184 5633850 -1475
32304186 5633598 -1175
32304186 5633691 -1125
32304186 5633780 -1075
32304170 5633850 -1025
32304186 5633850 -1034
32304090 5633850 -975
32304012 5633850 -925
32303935 5633850 -875
32304186 5633579 -775
32304038 5633850 -425
32303965 5633850 -375
32303890 5633850 -325
32304186 5633721 -175
32304186 5633702 -125
32304186 5633682 -75
32304186 5633662 -25
32304186 5633822 25
32304021 5633850 75
32304186 5633850 27
32304039 5633850 125
32304056 5633850 175
32304075 5633850 225
32304186 5633579 275
32304186 5633631 325
32304186 5633684 375
32304186 5633738 425
32304186 5633793 475
32304186 5633852 -1525
32304186 5633852 -1475
32304186 5633852 -1425
32304186 5633851 -1375
32304184 5634150 -1325
32304186 5634150 -1325
32304184 5634150 -1275
32304186 5633865 -1025
32304186 5633942 -975
32304186 5634015 -925
32304186 5634086 -875
32304182 5634150 -825
32304186 5634150 -827
32304107 5634150 -775
32304032 5634150 -725
32303957 5634150 -675
32303992 5634150 -125
32303900 5634150 -75
32304186 5634038 75
32304186 5634019 125
32304186 5633999 175
32304186 5633978 225
32304003 5634150 275
32304186 5634150 246
32304019 5634150 325
32304037 5634150 375
32304055 5634150 425
32304074 5634150 475
32304186 5634152 -1325
32304186 5634152 -1275
32304186 5634152 -1225
32304186 5634183 -1175
32304184 5634450 -1125
32304186 5634450 -1132
32304184 5634450 -1075
32304186 5634153 -825
32304186 5634215 -775
32304186 5634274 -725
32304186 5634332 -675
32304186 5634388 -625
32304186 5634442 -575
32304120 5634450 -525
32304186 5634450 -568
32304042 5634450 -475
32303963 5634450 -425
32303991 5634450 125
32303889 5634450 175
32304186 5634355 275
32304186 5634336 325
32304186 5634316 375
32304186 5634295 425
32304186 5634274 475
32304186 5634452 -1125
32304186 5634452 -1075
32304186 5634452 -1025
32304186 5634451 -975
32304183 5634750 -925
32304186 5634750 -925
32304184 5634750 -875
32304186 5634494 -525
32304186 5634544 -475
32304186 5634594 -425
32304186 5634642 -375
32304186 5634689 -325
32304186 5634735 -275
32304121 5634750 -225
32304186 5634750 -259
32304017 5634750 -175
32303897 5634750 -125
32303928 5634750 375
32304186 5634752 -925
32304186 5634752 -875
32304186 5634752 -825
32304186 5634752 -775
32304183 5635050 -725
32304186 5635050 -725
32304183 5635050 -675
32304184 5635050 -625
32304186 5634782 -225
32304186 5634829 -175
32304186 5634877 -125
32304186 5634925 -75
32304186 5634975 -25
32304186 5635028 25
32304093 5635050 75
32304186 5635050 44
32303925 5635050 125
32304186 5635053 -725
32304186 5635052 -675
32304186 5635052 -625
32304186 5635052 -575
32304186 5635063 -525
32304183 5635350 -475
32304186 5635350 -478
32304183 5635350 -425
32304184 5635350 -375
32304186 5635087 75
32304186 5635149 125
32304186 5635213 175
32304186 5635280 225
32304183 5635350 275
32304186 5635350 273
32304033 5635350 325
32303886 5635350 375
32304186 5635353 -475
32304186 5635352 -425
32304186 5635352 -375
32304186 5635352 -325
32304183 5635650 -275
32304186 5635650 -275
32304183 5635650 -225
32304183 5635650 -175
32304184 5635650 -125
32304186 5635351 275
32304186 5635445 325
32304186 5635539 375
32304186 5635631 425
32304073 5635650 475
32304186 5635650 434
32304186 5635653 -275
32304186 5635652 -225
32304186 5635652 -175
32304186 5635652 -125
32304186 5635652 -75
32304184 5635950 -25
32304186 5635950 -25
32304184 5635950 25
32304184 5635950 75
32304184 5635950 125
32304186 5635764 475
32304186 5635952 -25
32304186 5635952 25
32304186 5635952 75
32304186 5635952 125
32304185 5636250 175
32304186 5636250 174
32304185 5636250 225
32304184 5636250 275
32304184 5636250 325
32304186 5636251 175
32304186 5636550 224
32304184 5636550 225
32304184 5636550 275
32304185 5636550 325
32304185 5636550 375
32304185 5636550 425
32304186 5636552 225
32304186 5636551 275
32304186 5636551 325
32304186 5636850 374
32304183 5636850 375
32304183 5636850 425
32304183 5636850 475
32304186 5636853 375
32304186 5636853 425
32304186 5636852 475
32304487 5623650 -2727
32304487 5623950 -2727
32304487 5624250 -2727
32304487 5624550 -2727
32304204 5624550 -125
32304284 5624550 -75
32304343 5624550 -25
32304386 5624550 25
32304417 5624550 75
32304440 5624550 125
32304459 5624550 175
32304475 5624550 225
32304487 5624550 265
32304487 5624545 275
32304487 5624517 325
32304487 5624483 375
32304487 5624446 425
32304487 5624407 475
32304487 5624850 -2727
32304414 5624850 -175
32304487 5624850 -165
32304487 5624783 -125
32304487 5624720 -75
32304487 5624673 -25
32304487 5624637 25
32304487 5624611 75
32304487 5624591 125
32304487 5624575 175
32304487 5624561 225
32304487 5625150 -2727
32304487 5624913 -175
32304417 5625150 -175
32304487 5625150 -199
32304273 5625150 -125
32304487 5625450 -2727
32304487 5625215 -175
32304487 5625347 -125
32304469 5625450 -75
32304487 5625450 -86
32304393 5625450 -25
32304320 5625450 25
32304249 5625450 75
32304487 5625750 -2727
32304487 5625466 -75
32304487 5625532 -25
32304487 5625595 25
32304487 5625657 75
32304487 5625719 125
32304449 5625750 175
32304487 5625750 149
32304375 5625750 225
32304299 5625750 275
32304220 5625750 325
32304487 5626050 -2727
32304487 5625789 175
32304487 5625866 225
32304487 5625947 275
32304487 5626030 325
32304401 5626050 375
32304487 5626050 336
32304247 5626050 425
32304487 5626350 -2727
32304258 5626350 375
32304487 5626178 375
32304483 5626350 425
32304487 5626346 425
32304452 5626325 419
32304487 5626350 426
32304487 5626650 -2727
32304227 5626650 125
32304290 5626650 175
32304341 5626650 225
32304386 5626650 275
32304429 5626650 325
32304473 5626650 375
32304487 5626650 390
32304487 5626359 425
32304487 5626950 -2727
32304327 5626950 75
32304417 5626950 125
32304471 5626950 175
32304487 5626950 197
32304487 5626912 225
32304487 5626848 275
32304487 5626775 325
32304487 5626683 375
32304487 5627250 -2727
32304322 5627250 25
32304487 5627250 57
32304487 5627207 75
32304487 5627093 125
32304487 5626989 175
32304487 5627550 -2727
32304309 5627550 -125
32304487 5627550 -88
32304487 5627520 -75
32304487 5627415 -25
32304487 5627313 25
32304487 5627850 -2727
32304237 5627850 -275
32304458 5627850 -225
32304487 5627850 -218
32304487 5627750 -175
32304487 5627635 -125
32304487 5628150 -2726
32304236 5628150 -425
32304413 5628150 -375
32304487 5628150 -353
32304487 5628087 -325
32304487 5627977 -275
32304487 5627864 -225
32304487 5628450 -2726
32304246 5628450 -575
32304440 5628450 -525
32304487 5628450 -512
32304487 5628378 -475
32304487 5628284 -425
32304487 5628189 -375
32304487 5628750 -2726
32304204 5628750 -725
32304421 5628750 -675
32304487 5628750 -659
32304487 5628677 -625
32304487 5628574 -575
32304487 5628474 -525
32304487 5629050 -2726
32304213 5629050 -825
32304487 5629050 -783
32304487 5629027 -775
32304487 5628904 -725
32304487 5628785 -675
32304487 5629350 -2726
32304480 5629350 -875
32304487 5629350 -874
32304487 5629183 -825
32304487 5629650 -2726
32304487 5629650 -929
32304487 5629624 -925
32304487 5629352 -875
32304487 5629950 -2726
32304208 5629950 -925
32304487 5629950 -951
32304481 5630250 -2725
32304487 5630250 -2726
32304396 5630250 -925
32304487 5630250 -940
32304487 5630256 -2725
32304487 5630550 -2676
32304487 5630374 -925
32304387 5630550 -875
32304487 5630550 -900
32304205 5630550 -825
32304487 5630556 -2675
32304487 5630850 -2625
32304487 5630669 -875
32304463 5630850 -825
32304487 5630850 -832
32304309 5630850 -775
32304487 5630855 -2625
32304487 5631150 -2575
32304487 5630877 -825
32304487 5631045 -775
32304438 5631150 -725
32304487 5631150 -741
32304293 5631150 -675
32304487 5631155 -2575
32304487 5631450 -2525
32304487 5631202 -725
32304487 5631355 -675
32304427 5631450 -625
32304487 5631450 -642
32304250 5631450 -575
32304487 5631455 -2525
32304482 5631750 -2475
32304487 5631750 -2475
32304194 5631750 -1325
32304487 5631516 -625
32304487 5631708 -575
32304287 5631750 -525
32304487 5631750 -564
32304487 5631754 -2475
32304487 5631754 -2425
32304483 5632050 -2375
32304487 5632050 -2375
32304487 5632034 -1325
32304341 5632050 -1325
32304487 5632050 -1363
32304487 5632050 -1322
32304190 5632050 -1275
32304211 5632050 -1225
32304232 5632050 -1175
32304487 5632001 -525
32304254 5632050 -475
32304487 5632050 -517
32304487 5632054 -2375
32304487 5632054 -2325
32304483 5632350 -2275
32304487 5632350 -2275
32304487 5632253 -1325
32304487 5632350 -1306
32304487 5632337 -1275
32304379 5632350 -1275
32304227 5632243 -1247
32304487 5632317 -1225
32304208 5632350 -1225
32304487 5632297 -1175
32304242 5632350 -1125
32304487 5632350 -1163
32304247 5632350 -1075
32304268 5632350 -1025
32304487 5632334 -475
32304304 5632350 -425
32304487 5632350 -472
32304487 5632354 -2275
32304487 5632353 -2225
32304484 5632650 -2175
32304487 5632650 -2175
32304459 5632650 -1625
32304487 5632650 -1634
32304487 5632641 -1625
32304487 5632650 -1623
32304197 5632650 -1525
32304487 5632493 -1275
32304443 5632650 -1225
32304487 5632650 -1240
32304295 5632650 -1175
32304487 5632585 -1125
32304487 5632583 -1075
32304487 5632563 -1025
32304487 5632543 -975
32304276 5632650 -925
32304487 5632650 -957
32304297 5632650 -875
32304317 5632650 -825
32304487 5632542 -425
32304425 5632650 -375
32304487 5632650 -397
32304288 5632650 -325
32304487 5632653 -2175
32304487 5632653 -2125
32304484 5632950 -2075
32304487 5632950 -2075
32304484 5632950 -2025
32304487 5632687 -1625
32304487 5632917 -1525
32304397 5632950 -1525
32304487 5632950 -1558
32304264 5632950 -1475
32304487 5632870 -1475
32304487 5632822 -1425
32304261 5632950 -1375
32304487 5632950 -1405
32304313 5632950 -1325
32304487 5632705 -1225
32304487 5632886 -1175
32304406 5632950 -1125
32304487 5632950 -1157
32304280 5632950 -1075
32304487 5632856 -925
32304487 5632836 -875
32304487 5632817 -825
32304487 5632797 -775
32304316 5632950 -725
32304487 5632950 -750
32304336 5632950 -675
32304356 5632950 -625
32304487 5632711 -375
32304487 5632844 -325
32304466 5632950 -275
32304487 5632950 -283
32304339 5632950 -225
32304209 5632950 -175
32304487 5632953 -2075
32304487 5632953 -2025
32304487 5632952 -1975
32304484 5633250 -1925
32304487 5633250 -1925
32304487 5633060 -1525
32304487 5633220 -1475
32304392 5633250 -1425
32304487 5633250 -1465
32304487 5633161 -1375
32304277 5633250 -1375
32304487 5633112 -1325
32304487 5633063 -1275
32304487 5633015 -1225
32304357 5633250 -1175
32304487 5633250 -1191
32304487 5633043 -1125
32304410 5633250 -1125
32304462 5633250 -1075
32304487 5633183 -1075
32304487 5633250 -1050
32304432 5633250 -1025
32304325 5633250 -975
32304218 5633250 -925
32304487 5633120 -725
32304487 5633101 -675
32304487 5633081 -625
32304340 5633250 -575
32304487 5633250 -596
32304341 5633250 -525
32304360 5633250 -475
32304380 5633250 -425
32304487 5632968 -275
32304487 5633073 -225
32304487 5633179 -175
32304447 5633250 -125
32304487 5633250 -143
32304332 5633250 -75
32304217 5633250 -25
32304487 5633253 -1925
32304487 5633252 -1875
32304487 5633252 -1825
32304485 5633550 -1775
32304487 5633550 -1775
32304485 5633550 -1725
32304487 5633357 -1425
32304487 5633486 -1375
32304436 5633550 -1325
32304487 5633550 -1349
32304334 5633550 -1275
32304235 5633550 -1225
32304487 5633374 -1175
32304487 5633324 -1125
32304487 5633274 -1075
32304474 5633550 -925
32304487 5633522 -925
32304487 5633550 -926
32304487 5633550 -911
32304237 5633550 -775
32304487 5633402 -575
32304487 5633401 -525
32304487 5633382 -475
32304487 5633363 -425
32304487 5633350 -375
32304342 5633550 -325
32304487 5633550 -347
32304361 5633550 -275
32304379 5633550 -225
32304487 5633276 -125
32304487 5633350 -75
32304487 5633421 -25
32304487 5633489 25
32304479 5633550 75
32304487 5633550 70
32304394 5633550 125
32304308 5633550 175
32304223 5633550 225
32304487 5633552 -1775
32304487 5633552 -1725
32304487 5633552 -1675
32304485 5633850 -1625
32304487 5633850 -1625
32304485 5633850 -1575
32304487 5633603 -1325
32304487 5633708 -1275
32304487 5633810 -1225
32304433 5633850 -1175
32304487 5633850 -1204
32304343 5633850 -1125
32304256 5633850 -1075
32304487 5633563 -925
32304487 5633708 -325
32304487 5633689 -275
32304487 5633670 -225
32304487 5633650 -175
32304318 5633850 -125
32304487 5633850 -149
32304335 5633850 -75
32304352 5633850 -25
32304206 5633850 25
32304487 5633555 75
32304487 5633609 125
32304487 5633662 175
32304487 5633715 225
32304487 5633768 275
32304487 5633821 325
32304448 5633850 375
32304487 5633850 351
32304362 5633850 425
32304275 5633850 475
32304487 5633852 -1625
32304487 5633852 -1575
32304487 5633851 -1525
32304485 5634150 -1475
32304487 5634150 -1475
32304485 5634150 -1425
32304485 5634150 -1375
32304487 5633901 -1175
32304487 5633985 -1125
32304487 5634066 -1075
32304487 5634144 -1025
32304414 5634150 -975
32304487 5634150 -1021
32304336 5634150 -925
32304259 5634150 -875
32304487 5634039 -125
32304487 5634021 -75
32304487 5634003 -25
32304487 5633984 25
32304487 5633964 75
32304301 5634150 125
32304487 5634150 98
32304318 5634150 175
32304337 5634150 225
32304487 5633875 375
32304487 5633930 425
32304487 5633986 475
32304487 5634152 -1475
32304487 5634152 -1425
32304487 5634151 -1375
32304487 5634151 -1325
32304485 5634450 -1275
32304487 5634450 -1275
32304485 5634450 -1225
32304452 5634450 -1175
32304487 5634213 -975
32304487 5634280 -925
32304487 5634344 -875
32304487 5634406 -825
32304469 5634450 -775
32304487 5634450 -788
32304400 5634450 -725
32304332 5634450 -675
32304264 5634450 -625
32304195 5634450 -575
32304487 5634344 125
32304487 5634325 175
32304487 5634306 225
32304487 5634287 275
32304487 5634267 325
32304313 5634450 375
32304487 5634450 349
32304332 5634450 425
32304350 5634450 475
32304487 5634452 -1275
32304487 5634452 -1225
32304487 5634451 -1175
32304487 5634451 -1125
32304485 5634750 -1075
32304487 5634750 -1075
32304485 5634750 -1025
32304485 5634750 -975
32304487 5634465 -775
32304487 5634521 -725
32304487 5634574 -675
32304487 5634626 -625
32304487 5634676 -575
32304487 5634723 -525
32304462 5634750 -475
32304487 5634750 -496
32304401 5634750 -425
32304339 5634750 -375
32304274 5634750 -325
32304207 5634750 -275
32304487 5634647 375
32304487 5634625 425
32304487 5634603 475
32304487 5634752 -1075
32304487 5634752 -1025
32304487 5634752 -975
32304487 5634751 -925
32304485 5635050 -875
32304487 5635050 -875
32304485 5635050 -825
32304485 5635050 -775
32304487 5634769 -475
32304487 5634813 -425
32304487 5634856 -375
32304487 5634897 -325
32304487 5634936 -275
32304487 5634975 -225
32304487 5635012 -175
32304487 5635049 -125
32304412 5635050 -75
32304487 5635050 -124
32304325 5635050 -25
32304228 5635050 25
32304457 5635050 375
32304487 5635010 375
32304487 5635050 370
32304487 5635050 407
32304487 5635052 -875
32304487 5635052 -825
32304487 5635052 -775
32304487 5635052 -725
32304485 5635350 -675
32304487 5635350 -675
32304485 5635350 -625
32304485 5635350 -575
32304473 5635350 -525
32304487 5635098 -75
32304487 5635151 -25
32304487 5635208 25
32304487 5635271 75
32304487 5635339 125
32304400 5635350 175
32304487 5635350 132
32304295 5635350 225
32304487 5635089 375
32304369 5635350 475
32304487 5635156 475
32304487 5635350 458
32304487 5635352 -675
32304487 5635352 -625
32304487 5635352 -575
32304487 5635361 -525
32304486 5635650 -475
32304487 5635650 -476
32304486 5635650 -425
32304486 5635650 -375
32304485 5635650 -325
32304487 5635412 175
32304487 5635484 225
32304487 5635558 275
32304487 5635635 325
32304365 5635650 375
32304487 5635650 334
32304216 5635650 425
32304487 5635493 475
32304487 5635651 -475
32304487 5635651 -425
32304487 5635651 -375
32304487 5635950 -325
32304486 5635950 -325
32304486 5635950 -275
32304486 5635950 -225
32304486 5635950 -175
32304486 5635950 -125
32304487 5635950 -75
32304487 5635797 375
32304487 5635949 425
32304368 5635950 475
32304487 5635950 425
32304487 5635951 -325
32304487 5635951 -275
32304487 5636250 -225
32304485 5636250 -225
32304485 5636250 -175
32304486 5636250 -125
32304486 5636250 -75
32304486 5636250 -25
32304486 5636250 25
32304487 5636250 75
32304487 5636250 125
32304485 5636250 275
32304487 5636250 270
32304487 5636241 275
32304487 5636147 325
32304451 5636250 325
32304487 5636051 375
32304419 5636250 375
32304487 5635950 425
32304455 5636250 425
32304412 5636250 475
32304487 5636252 -225
32304487 5636252 -175
32304487 5636550 -125
32304484 5636550 -125
32304485 5636550 -75
32304485 5636550 -25
32304485 5636550 25
32304485 5636550 75
32304485 5636550 125
32304485 5636550 175
32304487 5636253 275
32304487 5636293 325
32304487 5636332 375
32304487 5636292 425
32304487 5636350 475
32304487 5636553 -125
32304487 5636552 -75
32304487 5636552 -25
32304487 5636552 25
32304487 5636850 74
32304484 5636850 75
32304484 5636850 125
32304484 5636850 175
32304484 5636850 225
32304485 5636850 275
32304485 5636850 325
32304487 5636853 75
32304487 5636853 125
32304487 5636853 175
32304487 5636853 225
32304487 5636852 275
32304487 5636852 325
32304484 5637150 375
32304487 5637150 374
32304484 5637150 425
32304484 5637150 475
32304487 5637153 375
32304487 5637153 425
32304487 5637153 475
32304789 5623650 -2727
32304789 5623950 -2727
32304789 5624250 -2727
32304789 5624550 -2727
32304492 5624550 275
32304518 5624550 325
32304550 5624550 375
32304588 5624550 425
32304629 5624550 475
32304789 5624850 -2727
32304559 5624850 -125
32304623 5624850 -75
32304669 5624850 -25
32304701 5624850 25
32304724 5624850 75
32304741 5624850 125
32304754 5624850 175
32304768 5624850 225
32304782 5624850 275
32304789 5624850 293
32304789 5624830 325
32304789 5624792 375
32304789 5624749 425
32304789 5624704 475
32304789 5625150 -2727
32304789 5625150 -190
32304789 5625119 -175
32304789 5625043 -125
32304789 5624987 -75
32304789 5624948 -25
32304789 5624921 25
32304789 5624902 75
32304789 5624888 125
32304789 5624876 175
32304789 5624866 225
32304789 5624854 275
32304789 5625450 -2727
32304719 5625450 -175
32304789 5625450 -200
32304586 5625450 -125
32304789 5625750 -2727
32304789 5625504 -175
32304789 5625634 -125
32304789 5625748 -75
32304721 5625750 -25
32304789 5625750 -74
32304655 5625750 25
32304588 5625750 75
32304521 5625750 125
32304789 5626050 -2727
32304789 5625813 -25
32304789 5625877 25
32304789 5625942 75
32304789 5626011 125
32304747 5626050 175
32304789 5626050 150
32304664 5626050 225
32304585 5626050 275
32304505 5626050 325
32304789 5626350 -2727
32304789 5626092 175
32304789 5626176 225
32304789 5626256 275
32304789 5626334 325
32304661 5626350 375
32304789 5626350 334
32304491 5626350 425
32304789 5626650 -2727
32304789 5626466 375
32304697 5626650 425
32304789 5626605 425
32304789 5626650 441
32304789 5626950 -2727
32304533 5626950 225
32304608 5626950 275
32304687 5626950 325
32304773 5626950 375
32304789 5626950 383
32304789 5626745 425
32304789 5627250 -2727
32304533 5627250 75
32304650 5627250 125
32304755 5627250 175
32304789 5627250 192
32304789 5627195 225
32304789 5627117 275
32304789 5627040 325
32304789 5626963 375
32304789 5627550 -2727
32304530 5627550 -75
32304680 5627550 -25
32304789 5627550 14
32304789 5627529 25
32304789 5627439 75
32304789 5627354 125
32304789 5627275 175
32304789 5627850 -2727
32304632 5627850 -175
32304789 5627850 -127
32304789 5627844 -125
32304789 5627732 -75
32304789 5627627 -25
32304789 5628150 -2727
32304584 5628150 -325
32304746 5628150 -275
32304789 5628150 -261
32304789 5628071 -225
32304789 5627960 -175
32304789 5628450 -2726
32304596 5628450 -475
32304738 5628450 -425
32304789 5628450 -406
32304789 5628384 -375
32304789 5628281 -325
32304789 5628177 -275
32304789 5628750 -2726
32304597 5628750 -625
32304751 5628750 -575
32304789 5628750 -562
32304789 5628675 -525
32304789 5628578 -475
32304789 5628484 -425
32304789 5629050 -2726
32304522 5629050 -775
32304717 5629050 -725
32304789 5629050 -705
32304789 5628982 -675
32304789 5628876 -625
32304789 5628774 -575
32304789 5629350 -2726
32304758 5629350 -825
32304789 5629350 -819
32304789 5629229 -775
32304789 5629098 -725
32304789 5629650 -2726
32304535 5629650 -925
32304789 5629650 -899
32304789 5629557 -875
32304789 5629371 -825
32304789 5629950 -2726
32304789 5629950 -947
32304789 5629810 -925
32304789 5630250 -2726
32304789 5630250 -964
32304789 5630256 -2725
32304789 5630550 -2676
32304625 5630550 -925
32304789 5630550 -952
32304782 5630850 -2675
32304789 5630850 -2676
32304789 5630743 -925
32304650 5630850 -875
32304789 5630850 -908
32304789 5630856 -2675
32304783 5631150 -2625
32304789 5631150 -2625
32304789 5630996 -875
32304752 5631150 -825
32304789 5631150 -835
32304590 5631150 -775
32304789 5631155 -2625
32304783 5631450 -2575
32304789 5631450 -2575
32304789 5631187 -825
32304789 5631346 -775
32304742 5631450 -725
32304789 5631450 -739
32304586 5631450 -675
32304789 5631455 -2575
32304784 5631750 -2525
32304789 5631750 -2525
32304789 5631496 -725
32304789 5631649 -675
32304731 5631750 -625
32304789 5631750 -639
32304531 5631750 -575
32304789 5631754 -2525
32304789 5631754 -2475
32304784 5632050 -2425
32304789 5632050 -2425
32304737 5632050 -1425
32304789 5632050 -1437
32304789 5632044 -1425
32304789 5632050 -1424
32304504 5632050 -1325
32304789 5631813 -625
32304789 5632027 -575
32304532 5632050 -525
32304789 5632050 -569
32304789 5632054 -2425
32304789 5632271 -2375
32304785 5632350 -2325
32304789 5632350 -2361
32304789 5632128 -1425
32304789 5632344 -1375
32304739 5632350 -1375
32304789 5632350 -1388
32304789 5632324 -1325
32304555 5632350 -1325
32304789 5632304 -1275
32304522 5632350 -1225
32304789 5632350 -1267
32304542 5632350 -1175
32304767 5632350 -525
32304789 5632350 -529
32304500 5632350 -475
32304789 5632353 -2325
32304785 5632650 -2275
32304789 5632650 -2275
32304785 5632650 -2225
32304497 5632650 -1625
32304789 5632423 -1375
32304764 5632650 -1325
32304789 5632650 -1332
32304601 5632650 -1275
32304789 5632607 -1225
32304789 5632587 -1175
32304789 5632568 -1125
32304556 5632650 -1075
32304789 5632650 -1111
32304577 5632650 -1025
32304597 5632650 -975
32304789 5632375 -525
32304766 5632650 -475
32304789 5632650 -481
32304586 5632650 -425
32304789 5632653 -2275
32304789 5632653 -2225
32304789 5632653 -2175
32304785 5632950 -2125
32304789 5632950 -2125
32304789 5632916 -1625
32304682 5632950 -1625
32304789 5632950 -1660
32304535 5632950 -1575
32304789 5632869 -1575
32304523 5632950 -1525
32304789 5632950 -1562
32304575 5632950 -1475
32304626 5632950 -1425
32304789 5632684 -1325
32304789 5632902 -1275
32304679 5632950 -1225
32304789 5632950 -1264
32304537 5632950 -1175
32304789 5632875 -1075
32304789 5632856 -1025
32304789 5632836 -975
32304789 5632817 -925
32304603 5632950 -875
32304789 5632950 -903
32304623 5632950 -825
32304643 5632950 -775
32304789 5632671 -475
32304789 5632842 -425
32304741 5632950 -375
32304789 5632950 -391
32304601 5632950 -325
32304789 5632953 -2125
32304789 5632952 -2075
32304786 5633250 -2025
32304789 5633250 -2025
32304786 5633250 -1975
32304789 5633086 -1625
32304771 5633250 -1575
32304789 5633250 -1581
32304789 5633195 -1525
32304640 5633250 -1525
32304540 5633176 -1491
32304789 5633147 -1475
32304511 5633250 -1475
32304789 5633100 -1425
32304789 5633053 -1375
32304636 5633250 -1325
32304789 5633250 -1345
32304687 5633250 -1275
32304789 5633083 -1225
32304739 5633250 -1225
32304781 5633239 -1176
32304789 5633250 -1175
32304788 5633250 -1175
32304667 5633250 -1125
32304546 5633250 -1075
32304789 5633133 -875
32304789 5633114 -825
32304789 5633095 -775
32304695 5633250 -725
32304789 5633250 -738
32304635 5633250 -675
32304654 5633250 -625
32304789 5632987 -375
32304789 5633093 -325
32304789 5633194 -275
32304731 5633250 -225
32304789 5633250 -246
32304587 5633250 -175
32304789 5633252 -2025
32304789 5633252 -1975
32304789 5633252 -1925
32304786 5633550 -1875
32304789 5633550 -1875
32304786 5633550 -1825
32304789 5633270 -1575
32304789 5633421 -1525
32304773 5633550 -1475
32304789 5633550 -1481
32304657 5633550 -1425
32304544 5633550 -1375
32304789 5633394 -1325
32304789 5633346 -1275
32304789 5633297 -1225
32304772 5633550 -1075
32304789 5633508 -1075
32304789 5633550 -1077
32304789 5633550 -1058
32304515 5633550 -925
32304789 5633346 -725
32304789 5633406 -675
32304789 5633388 -625
32304789 5633370 -575
32304789 5633359 -525
32304646 5633550 -475
32304789 5633550 -497
32304663 5633550 -425
32304672 5633550 -375
32304789 5633283 -225
32304789 5633363 -175
32304789 5633442 -125
32304789 5633523 -75
32304710 5633550 -25
32304789 5633550 -58
32304593 5633550 25
32304789 5633552 -1875
32304789 5633552 -1825
32304789 5633551 -1775
32304786 5633850 -1725
32304789 5633850 -1725
32304787 5633850 -1675
32304789 5633566 -1475
32304789 5633687 -1425
32304789 5633805 -1375
32304725 5633850 -1325
32304789 5633850 -1355
32304624 5633850 -1275
32304526 5633850 -1225
32304789 5633566 -1075
32304789 5633703 -475
32304789 5633686 -425
32304789 5633668 -375
32304789 5633651 -325
32304630 5633850 -275
32304789 5633850 -298
32304646 5633850 -225
32304661 5633850 -175
32304789 5633590 -25
32304789 5633647 25
32304789 5633705 75
32304789 5633761 125
32304789 5633817 175
32304746 5633850 225
32304789 5633850 203
32304644 5633850 275
32304542 5633850 325
32304789 5633852 -1725
32304789 5633852 -1675
32304789 5633851 -1625
32304786 5634150 -1575
32304789 5634150 -1575
32304787 5634150 -1525
32304789 5633910 -1325
32304789 5634005 -1275
32304789 5634098 -1225
32304749 5634150 -1175
32304789 5634150 -1196
32304661 5634150 -1125
32304576 5634150 -1075
32304493 5634150 -1025
32304789 5634026 -275
32304789 5634010 -225
32304789 5633994 -175
32304789 5633977 -125
32304603 5634150 -75
32304789 5634150 -102
32304613 5634150 -25
32304629 5634150 25
32304644 5634150 75
32304789 5633871 225
32304789 5633923 275
32304789 5633975 325
32304789 5634029 375
32304789 5634083 425
32304789 5634140 475
32304789 5634152 -1575
32304789 5634151 -1525
32304789 5634151 -1475
32304786 5634450 -1425
32304789 5634450 -1425
32304787 5634450 -1375
32304787 5634450 -1325
32304789 5634184 -1175
32304789 5634261 -1125
32304789 5634336 -1075
32304789 5634409 -1025
32304756 5634450 -975
32304789 5634450 -995
32304680 5634450 -925
32304607 5634450 -875
32304537 5634450 -825
32304789 5634353 -75
32304789 5634342 -25
32304789 5634326 25
32304789 5634309 75
32304789 5634291 125
32304789 5634273 175
32304617 5634450 225
32304789 5634450 198
32304634 5634450 275
32304652 5634450 325
32304789 5634452 -1425
32304789 5634452 -1375
32304789 5634451 -1325
32304789 5634451 -1275
32304786 5634750 -1225
32304789 5634750 -1225
32304787 5634750 -1175
32304787 5634750 -1125
32304789 5634477 -975
32304789 5634540 -925
32304789 5634601 -875
32304789 5634661 -825
32304789 5634719 -775
32304759 5634750 -725
32304789 5634750 -747
32304696 5634750 -675
32304635 5634750 -625
32304576 5634750 -575
32304520 5634750 -525
32304789 5634637 225
32304789 5634618 275
32304789 5634599 325
32304789 5634580 375
32304789 5634561 425
32304789 5634541 475
32304789 5634752 -1225
32304789 5634752 -1175
32304789 5634751 -1125
32304787 5635050 -1075
32304789 5635050 -1075
32304787 5635050 -1025
32304788 5635050 -975
32304787 5635050 -925
32304789 5634774 -725
32304789 5634827 -675
32304789 5634878 -625
32304789 5634927 -575
32304789 5634973 -525
32304789 5635016 -475
32304780 5635050 -425
32304789 5635050 -434
32304732 5635050 -375
32304685 5635050 -325
32304638 5635050 -275
32304590 5635050 -225
32304540 5635050 -175
32304488 5635050 -125
32304667 5635050 125
32304789 5634927 125
32304789 5635050 110
32304710 5635050 175
32304789 5634971 175
32304756 5635050 225
32304789 5635016 225
32304789 5635050 259
32304555 5635050 375
32304789 5635051 -1075
32304789 5635051 -1025
32304789 5635050 -975
32304789 5635052 -925
32304787 5635350 -875
32304789 5635350 -875
32304787 5635350 -825
32304787 5635350 -775
32304788 5635350 -725
32304780 5635350 -475
32304789 5635350 -491
32304789 5635254 -475
32304789 5635057 -425
32304789 5635350 -472
32304789 5635100 -375
32304789 5635142 -325
32304789 5635183 -275
32304789 5635223 -225
32304789 5635262 -175
32304789 5635301 -125
32304789 5635341 -75
32304741 5635350 -25
32304789 5635350 -65
32304672 5635350 25
32304591 5635350 75
32304789 5635191 125
32304501 5635350 125
32304789 5635140 175
32304789 5635350 197
32304569 5635350 225
32304789 5635072 275
32304614 5635350 275
32304658 5635350 325
32304789 5635147 325
32304789 5635219 375
32304703 5635350 375
32304789 5635287 425
32304747 5635350 425
32304783 5635350 475
32304789 5635350 472
32304789 5635351 -875
32304789 5635351 -825
32304789 5635351 -775
32304789 5635650 -725
32304786 5635650 -725
32304787 5635650 -675
32304787 5635650 -625
32304787 5635650 -575
32304783 5635650 -525
32304789 5635368 -475
32304774 5635650 -225
32304789 5635650 -258
32304789 5635590 -225
32304789 5635513 -175
32304754 5635650 -175
32304789 5635442 -125
32304735 5635650 -125
32304789 5635367 -75
32304719 5635650 -75
32304702 5635650 -25
32304684 5635650 25
32304663 5635650 75
32304789 5635650 112
32304789 5635565 125
32304789 5635618 175
32304747 5635650 225
32304789 5635650 203
32304789 5635629 225
32304789 5635650 227
32304523 5635650 375
32304568 5635650 425
32304789 5635353 475
32304612 5635650 475
32304789 5635652 -725
32304789 5635651 -675
32304789 5635651 -625
32304789 5635950 -575
32304786 5635950 -575
32304787 5635950 -525
32304787 5635950 -475
32304787 5635950 -425
32304787 5635950 -375
32304789 5635699 -225
32304789 5635778 -175
32304789 5635869 -125
32304773 5635950 -75
32304789 5635950 -87
32304711 5635950 -25
32304647 5635950 25
32304578 5635950 75
32304789 5635819 125
32304527 5635950 125
32304789 5635719 175
32304710 5635950 175
32304672 5635950 225
32304789 5635872 275
32304631 5635950 275
32304789 5635853 325
32304589 5635950 325
32304789 5635950 345
32304549 5635950 475
32304789 5635952 -575
32304789 5635952 -525
32304789 5635951 -475
32304789 5636250 -425
32304786 5636250 -425
32304786 5636250 -375
32304786 5636250 -325
32304787 5636250 -275
32304789 5635959 -75
32304789 5635995 -25
32304789 5636033 25
32304789 5636072 75
32304789 5636031 125
32304789 5636102 175
32304789 5636183 225
32304789 5636250 262
32304789 5636170 375
32304789 5636134 425
32304789 5636098 475
32304789 5636252 -425
32304789 5636252 -375
32304789 5636252 -325
32304789 5636550 -275
32304785 5636550 -275
32304785 5636550 -225
32304786 5636550 -175
32304789 5636266 275
32304789 5636331 325
32304789 5636397 375
32304789 5636463 425
32304789 5636529 475
32304789 5636553 -275
32304789 5636553 -225
32304789 5636553 -175
32304789 5636552 -125
32304785 5636850 -75
32304789 5636850 -75
32304785 5636850 -25
32304785 5636850 25
32304789 5636853 -75
32304789 5636853 -25
32304789 5636853 25
32304789 5636852 75
32304789 5636852 125
32304789 5636928 175
32304785 5637150 225
32304789 5637150 208
32304785 5637150 275
32304785 5637150 325
32304789 5637153 225
32304789 5637153 275
32304789 5637153 325
32304789 5637152 375
32304789 5637152 425
32304789 5637221 475
32305090 5623650 -2727
32305090 5623950 -2727
32305090 5624250 -2727
32305090 5624550 -2727
32305090 5624850 -2727
32304806 5624850 325
32304839 5624850 375
32304877 5624850 425
32304918 5624850 475
32305090 5625150 -2727
32304821 5625150 -175
32304905 5625150 -125
32304967 5625150 -75
32305012 5625150 -25
32305046 5625150 25
32305072 5625150 75
32305090 5625150 121
32305090 5625148 125
32305090 5625126 175
32305090 5625079 225
32305090 5625060 275
32305090 5625040 325
32305090 5625017 375
32305090 5624994 425
32305090 5624970 475
32305090 5625450 -2727
32305090 5625450 -209
32305090 5625388 -175
32305090 5625318 -125
32305090 5625264 -75
32305090 5625224 -25
32305090 5625193 25
32305090 5625168 75
32305090 5625750 -2727
32305024 5625750 -175
32305090 5625750 -207
32304898 5625750 -125
32304790 5625750 -75
32305090 5626050 -2727
32305090 5625818 -175
32305090 5625920 -125
32305090 5626018 -75
32305044 5626050 -25
32305090 5626050 -57
32304975 5626050 25
32304904 5626050 75
32304830 5626050 125
32305090 5626350 -2727
32305090 5626097 -25
32305090 5626168 25
32305090 5626241 75
32305090 5626314 125
32305049 5626350 175
32305090 5626350 149
32304970 5626350 225
32304889 5626350 275
32304805 5626350 325
32305090 5626650 -2727
32305090 5626385 175
32305090 5626453 225
32305090 5626520 275
32305090 5626588 325
32305065 5626650 375
32305090 5626650 369
32304856 5626650 425
32305090 5626950 -2727
32305090 5626665 375
32304905 5626950 425
32305090 5626801 425
32305090 5626941 475
32305078 5626950 475
32305090 5627250 -2727
32304833 5627250 225
32304898 5627250 275
32304963 5627250 325
32305030 5627250 375
32305090 5627250 415
32305090 5627210 425
32305090 5626966 475
32305090 5627550 -2727
32304807 5627550 25
32304889 5627550 75
32304968 5627550 125
32305044 5627550 175
32305090 5627550 205
32305090 5627520 225
32305090 5627447 275
32305090 5627377 325
32305090 5627308 375
32305090 5627850 -2727
32304795 5627850 -125
32304911 5627850 -75
32305016 5627850 -25
32305090 5627850 14
32305090 5627831 25
32305090 5627750 75
32305090 5627670 125
32305090 5627593 175
32305090 5628150 -2727
32304884 5628150 -225
32305010 5628150 -175
32305090 5628150 -142
32305090 5628113 -125
32305090 5628015 -75
32305090 5627921 -25
32305090 5628450 -2727
32304870 5628450 -375
32304994 5628450 -325
32305090 5628450 -284
32305090 5628430 -275
32305090 5628326 -225
32305090 5628219 -175
32305090 5628750 -2726
32304886 5628750 -525
32305012 5628750 -475
32305090 5628750 -442
32305090 5628715 -425
32305090 5628618 -375
32305090 5628524 -325
32305090 5629050 -2726
32304878 5629050 -675
32305017 5629050 -625
32305090 5629050 -597
32305090 5629003 -575
32305090 5628904 -525
32305090 5628809 -475
32305090 5629350 -2726
32304945 5629350 -775
32305090 5629350 -732
32305090 5629333 -725
32305090 5629218 -675
32305090 5629108 -625
32305090 5629650 -2726
32304911 5629650 -875
32305090 5629650 -837
32305090 5629612 -825
32305090 5629469 -775
32305090 5629950 -2726
32304994 5629950 -925
32305090 5629950 -914
32305090 5629794 -875
32305090 5630250 -2726
32305090 5630250 -960
32305090 5630019 -925
32305084 5630550 -2725
32305090 5630550 -2726
32305073 5630550 -975
32305090 5630550 -976
32305090 5630525 -975
32305090 5630555 -2725
32305090 5630850 -2676
32305090 5630575 -975
32304880 5630850 -925
32305090 5630850 -960
32305090 5630856 -2675
32305090 5631150 -2625
32305090 5631073 -925
32304938 5631150 -875
32305090 5631150 -911
32305090 5631166 -2625
32305090 5631450 -2577
32305090 5631299 -875
32305061 5631450 -825
32305090 5631450 -833
32304898 5631450 -775
32305090 5631455 -2575
32305090 5631750 -2525
32305090 5631477 -825
32305090 5631633 -775
32305062 5631750 -725
32305090 5631750 -733
32304900 5631750 -675
32305090 5631754 -2525
32305085 5632050 -2475
32305090 5632050 -2475
32304794 5632050 -1425
32305090 5631778 -725
32305090 5631939 -675
32305033 5632050 -625
32305090 5632050 -638
32304813 5632050 -575
32305090 5632054 -2475
32305086 5632350 -2425
32305090 5632350 -2425
32304870 5632350 -2375
32305090 5632332 -1425
32304926 5632350 -1425
32305090 5632350 -1468
32305090 5632350 -1422
32304794 5632350 -1375
32304815 5632350 -1325
32304836 5632350 -1275
32305090 5632118 -625
32305062 5632350 -575
32305090 5632350 -580
32305090 5632354 -2425
32305090 5632353 -2375
32305086 5632650 -2325
32305090 5632650 -2325
32305090 5632629 -1425
32305090 5632650 -1421
32305090 5632631 -1375
32304932 5632650 -1375
32305090 5632612 -1325
32305090 5632592 -1275
32304833 5632650 -1225
32305090 5632650 -1265
32304854 5632650 -1175
32304874 5632650 -1125
32305090 5632389 -575
32305005 5632650 -525
32305090 5632650 -543
32305090 5632653 -2325
32305090 5632653 -2275
32305087 5632950 -2225
32305090 5632950 -2225
32305087 5632950 -2175
32304993 5632950 -1725
32305090 5632950 -1754
32305090 5632922 -1725
32305090 5632875 -1675
32304833 5632950 -1675
32304826 5632950 -1625
32305090 5632950 -1662
32304878 5632950 -1575
32305090 5632895 -1375
32304971 5632950 -1325
32305090 5632950 -1364
32304821 5632950 -1275
32305090 5632895 -1225
32305090 5632876 -1175
32305090 5632857 -1125
32305090 5632838 -1075
32304886 5632950 -1025
32305090 5632950 -1056
32304906 5632950 -975
32304925 5632950 -925
32305090 5632738 -525
32305067 5632950 -475
32305090 5632950 -481
32304900 5632950 -425
32305090 5632953 -2225
32305090 5632952 -2175
32305087 5633250 -2125
32305090 5633250 -2125
32305087 5633250 -2075
32305090 5633081 -1725
32305056 5633250 -1675
32305090 5633250 -1686
32305090 5633190 -1625
32304912 5633250 -1625
32305090 5633143 -1575
32305090 5633096 -1525
32304904 5633250 -1475
32305090 5633250 -1500
32304953 5633250 -1425
32305005 5633250 -1375
32305090 5633112 -1325
32305048 5633250 -1275
32305090 5633250 -1290
32304917 5633250 -1225
32305090 5633147 -1025
32305090 5633128 -975
32305090 5633110 -925
32305090 5633092 -875
32304927 5633250 -825
32305090 5633250 -849
32304945 5633250 -775
32305090 5632968 -475
32305090 5633097 -425
32305090 5633216 -375
32304998 5633250 -325
32305090 5633250 -359
32304865 5633250 -275
32305090 5633253 -2125
32305090 5633252 -2075
32305090 5633252 -2025
32305087 5633550 -1975
32305090 5633550 -1975
32305088 5633550 -1925
32305090 5633290 -1675
32305090 5633462 -1625
32305026 5633550 -1575
32305090 5633550 -1599
32304897 5633550 -1525
32305090 5633422 -1475
32305090 5633377 -1425
32305090 5633329 -1375
32305090 5633281 -1325
32305028 5633311 -1291
32305090 5633303 -1275
32305090 5633550 -1285
32305011 5633550 -1275
32305060 5633550 -1225
32305090 5633458 -1225
32305018 5633353 -1252
32305090 5633550 -1195
32304825 5633550 -1075
32305090 5633411 -825
32305090 5633393 -775
32305090 5633376 -725
32305090 5633359 -675
32304948 5633550 -625
32305090 5633550 -646
32304964 5633550 -575
32304974 5633550 -525
32305090 5633311 -325
32305090 5633395 -275
32305090 5633476 -225
32305080 5633550 -175
32305090 5633550 -179
32304957 5633550 -125
32304830 5633550 -75
32305090 5633552 -1975
32305090 5633552 -1925
32305090 5633553 -1875
32305088 5633850 -1825
32305090 5633850 -1825
32305088 5633850 -1775
32305090 5633616 -1575
32305090 5633752 -1525
32305057 5633850 -1475
32305090 5633850 -1488
32304942 5633850 -1425
32304830 5633850 -1375
32305090 5633625 -1275
32305090 5633579 -1225
32305090 5633692 -625
32305090 5633676 -575
32305090 5633661 -525
32305090 5633645 -475
32304946 5633850 -425
32305090 5633850 -445
32304960 5633850 -375
32304974 5633850 -325
32305090 5633555 -175
32305090 5633618 -125
32305090 5633677 -75
32305090 5633732 -25
32305090 5633785 25
32305090 5633836 75
32304999 5633850 125
32305090 5633850 88
32304867 5633850 175
32305090 5633852 -1825
32305090 5633851 -1775
32305088 5634150 -1725
32305090 5634150 -1725
32305088 5634150 -1675
32305088 5634150 -1625
32305090 5633880 -1475
32305090 5633987 -1425
32305090 5634094 -1375
32305040 5634150 -1325
32305090 5634150 -1348
32304938 5634150 -1275
32304841 5634150 -1225
32305090 5633993 -425
32305090 5633980 -375
32305090 5633968 -325
32305090 5633955 -275
32305090 5633943 -225
32304932 5634150 -175
32305090 5634150 -196
32304944 5634150 -125
32305090 5633885 125
32305090 5633933 175
32305090 5633982 225
32305090 5634033 275
32305090 5634087 325
32305090 5634144 375
32304952 5634150 425
32305090 5634150 379
32304811 5634150 475
32305090 5634152 -1725
32305090 5634152 -1675
32305090 5634151 -1625
32305090 5634157 -1575
32305088 5634450 -1525
32305090 5634450 -1526
32305088 5634450 -1475
32305090 5634190 -1325
32305090 5634275 -1275
32305090 5634358 -1225
32305090 5634439 -1175
32305008 5634450 -1125
32305090 5634450 -1168
32304918 5634450 -1075
32304835 5634450 -1025
32305090 5634307 -175
32305090 5634296 -125
32305090 5634286 -75
32305090 5634275 -25
32305090 5634264 25
32304922 5634450 75
32305090 5634450 51
32304938 5634450 125
32304954 5634450 175
32305090 5634232 425
32305090 5634317 475
32305090 5634452 -1525
32305090 5634451 -1475
32305090 5634451 -1425
32305089 5634750 -1375
32305090 5634750 -1375
32305089 5634750 -1325
32305089 5634750 -1275
32305089 5634750 -1175
32305090 5634750 -1176
32305090 5634700 -1175
32305049 5634750 -1125
32305010 5634750 -1075
32304995 5634750 -1025
32305090 5634702 -975
32305090 5634750 -987
32305070 5634750 -925
32305090 5634750 -936
32304983 5634750 -875
32304903 5634750 -825
32304828 5634750 -775
32305080 5634750 -375
32305090 5634739 -375
32305090 5634750 -376
32305090 5634750 -362
32305090 5634631 75
32305090 5634616 125
32305090 5634599 175
32305090 5634581 225
32305090 5634562 275
32305090 5634543 325
32304943 5634750 375
32305090 5634750 352
32304960 5634750 425
32304978 5634750 475
32305090 5634751 -1375
32305090 5634750 -1325
32305090 5634750 -1275
32305088 5635050 -1225
32305090 5635050 -1225
32305090 5634751 -1175
32305088 5635050 -1175
32305089 5635050 -1125
32305090 5634812 -1125
32305088 5634753 -1173
32305090 5634872 -1075
32305090 5634906 -1025
32305090 5634958 -925
32305055 5635050 -875
32305090 5635050 -920
32305017 5635050 -825
32304981 5635050 -775
32304947 5635050 -725
32304914 5635050 -675
32304884 5635050 -625
32304856 5635050 -575
32304830 5635050 -525
32304833 5635050 -475
32305090 5634761 -375
32304922 5635050 -225
32305090 5634862 -225
32305090 5635050 -242
32304957 5635050 -175
32305090 5634902 -175
32304993 5635050 -125
32305090 5634943 -125
32305030 5635050 -75
32305090 5634984 -75
32305068 5635050 -25
32305090 5635026 -25
32305090 5635050 2
32304970 5635050 125
32304910 5635050 175
32304842 5635050 225
32305090 5634921 375
32305090 5634923 425
32305090 5634899 475
32305090 5635051 -1225
32305090 5635051 -1175
32305090 5635051 -1125
32305088 5635350 -1075
32305090 5635350 -1075
32305088 5635350 -1025
32305088 5635350 -975
32305088 5635350 -925
32305090 5635099 -875
32305090 5635153 -825
32305090 5635207 -775
32305090 5635262 -725
32305090 5635319 -675
32305033 5635350 -625
32305090 5635350 -648
32304927 5635350 -575
32304838 5635350 -525
32304935 5635350 -425
32304909 5635350 -375
32304886 5635350 -325
32304864 5635350 -275
32305090 5635135 -225
32304845 5635350 -225
32305090 5635116 -175
32304827 5635350 -175
32305090 5635350 -128
32305090 5635175 -25
32305090 5635350 -71
32304900 5635350 75
32305090 5635117 75
32305090 5635350 36
32305090 5635163 125
32304942 5635350 125
32304983 5635350 175
32305090 5635211 175
32304949 5635176 150
32305090 5635251 225
32305090 5635237 275
32305090 5635277 325
32305090 5635318 375
32305025 5635350 425
32305090 5635350 411
32305090 5635352 -1075
32305090 5635351 -1025
32305090 5635351 -975
32305090 5635650 -925
32305087 5635650 -925
32305087 5635650 -875
32305088 5635650 -825
32305088 5635650 -775
32305090 5635382 -625
32305090 5635452 -575
32305090 5635525 -525
32305090 5635603 -475
32305044 5635650 -425
32305090 5635650 -446
32304949 5635650 -375
32304870 5635650 -325
32304806 5635650 -275
32305090 5635383 -125
32304878 5635650 -75
32305090 5635650 -99
32305090 5635382 -25
32304899 5635650 -25
32304920 5635650 25
32305090 5635416 25
32304941 5635650 75
32304841 5635650 225
32305067 5635650 375
32305090 5635650 342
32305090 5635521 375
32305027 5635650 425
32304984 5635650 475
32305090 5635652 -925
32305090 5635652 -875
32305090 5635652 -825
32305090 5635950 -775
32305087 5635950 -775
32305087 5635950 -725
32305087 5635950 -675
32305088 5635950 -625
32305090 5635672 -425
32305090 5635722 -375
32305090 5635772 -325
32305090 5635821 -275
32305090 5635870 -225
32305090 5635921 -175
32304956 5635950 -125
32305090 5635950 -147
32305090 5635881 -75
32305090 5635846 -25
32305090 5635950 -12
32304846 5635950 25
32304869 5635950 75
32304830 5635950 125
32304861 5635950 175
32304892 5635950 225
32304925 5635950 275
32304955 5635950 325
32305090 5635709 375
32305090 5635802 425
32305090 5635891 475
32305090 5635952 -775
32305090 5635952 -725
32305090 5635952 -675
32305090 5636250 -625
32305086 5636250 -625
32305086 5636250 -575
32305087 5636250 -525
32305087 5636250 -475
32305090 5635976 -125
32305090 5636032 -75
32305090 5636083 -25
32305090 5636250 128
32305090 5636206 175
32304982 5636250 175
32305090 5636250 179
32304798 5636250 275
32304832 5636250 325
32304866 5636250 375
32304900 5636250 425
32304935 5636250 475
32305090 5636253 -625
32305090 5636253 -575
32305090 5636253 -525
32305090 5636253 -475
32305086 5636550 -425
32305090 5636550 -425
32305086 5636550 -375
32305087 5636550 -325
32305090 5636314 175
32305090 5636550 349
32305090 5636527 375
32305035 5636550 375
32305090 5636484 425
32304927 5636550 425
32304877 5636506 460
32305090 5636488 475
32304851 5636550 475
32305090 5636553 -425
32305090 5636553 -375
32305090 5636553 -325
32305090 5636553 -275
32305086 5636850 -225
32305090 5636850 -225
32305086 5636850 -175
32305087 5636850 -125
32305090 5636581 375
32305090 5636643 425
32305090 5636647 475
32305090 5636853 -225
32305090 5636853 -175
32305090 5636853 -125
32305090 5636853 -75
32305090 5636852 -25
32305086 5637150 25
32305090 5637150 24
32305086 5637150 75
32305086 5637150 125
32304998 5637150 175
32305090 5637153 25
32305090 5637153 75
32305090 5637153 125
32305090 5637153 175
32305090 5637152 225
32305090 5637152 275
32305086 5637450 325
32305090 5637450 324
32305086 5637450 375
32305086 5637450 425
32305004 5637450 475
32305090 5637453 325
32305090 5637453 375
32305090 5637453 425
32305090 5637453 475
32305391 5623650 -2727
32305391 5623950 -2727
32305391 5624250 -2727
32305391 5624550 -2727
32305391 5624850 -2727
32305391 5625150 -2727
32305092 5625150 125
32305117 5625150 175
32305176 5625150 225
32305200 5625150 275
32305223 5625150 325
32305244 5625150 375
32305265 5625150 425
32305286 5625150 475
32305391 5625450 -2727
32305155 5625450 -175
32305227 5625450 -125
32305278 5625450 -75
32305314 5625450 -25
32305340 5625450 25
32305359 5625450 75
32305373 5625450 125
32305384 5625450 175
32305391 5625450 208
32305391 5625443 225
32305391 5625417 275
32305391 5625384 325
32305391 5625350 375
32305391 5625316 425
32305391 5625284 475
32305391 5625750 -2727
32305391 5625750 -202
32305391 5625695 -175
32305391 5625620 -125
32305391 5625567 -75
32305391 5625529 -25
32305391 5625502 25
32305391 5625483 75
32305391 5625468 125
32305391 5625457 175
32305391 5626050 -2727
32305359 5626050 -175
32305391 5626050 -187
32305240 5626050 -125
32305127 5626050 -75
32305391 5626350 -2727
32305391 5626071 -175
32305391 5626153 -125
32305391 5626230 -75
32305391 5626305 -25
32305351 5626350 25
32305391 5626350 5
32305248 5626350 75
32305142 5626350 125
32305391 5626650 -2727
32305391 5626375 25
32305391 5626442 75
32305391 5626512 125
32305391 5626585 175
32305381 5626650 225
32305391 5626650 220
32305278 5626650 275
32305177 5626650 325
32305391 5626950 -2727
32305391 5626657 225
32305391 5626736 275
32305391 5626814 325
32305391 5626892 375
32305331 5626950 425
32305391 5626950 411
32305104 5626950 475
32305391 5627250 -2727
32305117 5627250 425
32305391 5626991 425
32305282 5627250 475
32305391 5627153 475
32305156 5627039 456
32305391 5627550 -2727
32305120 5627550 225
32305194 5627550 275
32305267 5627550 325
32305343 5627550 375
32305391 5627550 404
32305391 5627491 425
32305391 5627355 475
32305391 5627850 -2727
32305117 5627850 25
32305247 5627850 75
32305382 5627850 125
32305391 5627850 128
32305391 5627791 175
32305391 5627736 225
32305391 5627686 275
32305391 5627637 325
32305391 5627583 375
32305391 5628150 -2727
32305151 5628150 -125
32305326 5628150 -75
32305391 5628150 -57
32305391 5628094 -25
32305391 5628011 25
32305391 5627931 75
32305391 5627854 125
32305391 5628450 -2727
32305117 5628450 -275
32305257 5628450 -225
32305391 5628450 -178
32305391 5628441 -175
32305391 5628323 -125
32305391 5628196 -75
32305391 5628750 -2727
32305133 5628750 -425
32305250 5628750 -375
32305364 5628750 -325
32305391 5628750 -312
32305391 5628667 -275
32305391 5628556 -225
32305391 5629050 -2726
32305146 5629050 -575
32305264 5629050 -525
32305377 5629050 -475
32305391 5629050 -468
32305391 5628964 -425
32305391 5628867 -375
32305391 5628772 -325
32305391 5629350 -2726
32305110 5629350 -725
32305246 5629350 -675
32305376 5629350 -625
32305391 5629350 -618
32305391 5629259 -575
32305391 5629159 -525
32305391 5629062 -475
32305391 5629650 -2726
32305136 5629650 -825
32305308 5629650 -775
32305391 5629650 -749
32305391 5629590 -725
32305391 5629475 -675
32305391 5629363 -625
32305391 5629950 -2726
32305292 5629950 -875
32305391 5629950 -855
32305391 5629861 -825
32305391 5629719 -775
32305391 5630250 -2726
32305391 5630250 -931
32305391 5630225 -925
32305391 5630026 -875
32305391 5630550 -2726
32305391 5630550 -975
32305391 5630546 -975
32305391 5630556 -2725
32305391 5630850 -2676
32305250 5630850 -975
32305391 5630850 -987
32305385 5631150 -2675
32305391 5631150 -2675
32305391 5631034 -975
32305159 5631150 -925
32305391 5631150 -966
32305391 5631155 -2675
32305375 5631450 -2625
32305391 5631450 -2625
32305391 5631387 -925
32305243 5631450 -875
32305391 5631450 -912
32305391 5631455 -2625
32305386 5631750 -2575
32305391 5631750 -2575
32305391 5631596 -875
32305374 5631750 -825
32305391 5631750 -830
32305216 5631750 -775
32305391 5631754 -2575
32305387 5632050 -2525
32305391 5632050 -2525
32305391 5631767 -825
32305391 5631929 -775
32305366 5632050 -725
32305391 5632050 -732
32305206 5632050 -675
32305391 5632054 -2525
32305387 5632350 -2475
32305391 5632350 -2475
32305301 5632350 -1525
32305391 5632350 -1548
32305391 5632340 -1525
32305391 5632350 -1523
32305108 5632350 -1425
32305391 5632082 -725
32305391 5632274 -675
32305278 5632350 -625
32305391 5632350 -654
32305391 5632354 -2475
32305391 5632353 -2425
32305388 5632650 -2375
32305391 5632650 -2375
32305391 5632537 -1525
32305391 5632635 -1475
32305270 5632650 -1475
32305391 5632650 -1510
32305391 5632616 -1425
32305101 5632650 -1425
32305108 5632628 -1420
32305391 5632596 -1375
32305130 5632650 -1325
32305391 5632650 -1365
32305151 5632650 -1275
32305391 5632549 -625
32305240 5632650 -575
32305391 5632650 -610
32305391 5632653 -2375
32305391 5632653 -2325
32305388 5632950 -2275
32305391 5632950 -2275
32305330 5632950 -1825
32305391 5632950 -1842
32305391 5632933 -1825
32305391 5632950 -1822
32305121 5632950 -1725
32305174 5632950 -1675
32305391 5632873 -1475
32305274 5632950 -1425
32305391 5632950 -1462
32305121 5632950 -1375
32305391 5632895 -1325
32305391 5632876 -1275
32305391 5632857 -1225
32305169 5632950 -1175
32305391 5632950 -1209
32305188 5632950 -1125
32305208 5632950 -1075
32305391 5632898 -575
32305246 5632950 -525
32305391 5632950 -567
32305391 5632953 -2275
32305391 5632952 -2225
32305388 5633250 -2175
32305391 5633250 -2175
32305391 5633036 -1825
32305391 5633242 -1775
32305368 5633250 -1775
32305391 5633250 -1782
32305391 5633194 -1725
32305209 5633250 -1725
32305391 5633146 -1675
32305377 5633250 -1625
32305391 5633250 -1626
32305209 5633250 -1575
32305262 5633250 -1525
32305391 5633131 -1425
32305320 5633250 -1375
32305391 5633250 -1400
32305182 5633250 -1325
32305391 5633160 -1175
32305391 5633142 -1125
32305391 5633123 -1075
32305391 5633105 -1025
32305217 5633250 -975
32305391 5633250 -1001
32305236 5633250 -925
32305255 5633250 -875
32305391 5633104 -525
32305375 5633250 -475
32305391 5633250 -481
32305254 5633250 -425
32305129 5633250 -375
32305391 5633252 -2175
32305391 5633252 -2125
32305388 5633550 -2075
32305391 5633550 -2075
32305389 5633550 -2025
32305391 5633277 -1775
32305391 5633468 -1725
32305306 5633550 -1675
32305391 5633550 -1703
32305391 5633261 -1625
32305162 5633550 -1625
32305391 5633419 -1575
32305391 5633369 -1525
32305391 5633320 -1475
32305279 5633550 -1425
32305391 5633550 -1440
32305391 5633345 -1375
32305333 5633550 -1375
32305386 5633550 -1325
32305391 5633532 -1325
32305391 5633550 -1320
32305275 5633550 -1275
32305159 5633550 -1225
32305391 5633415 -975
32305391 5633397 -925
32305391 5633379 -875
32305391 5633362 -825
32305254 5633550 -775
32305391 5633550 -795
32305271 5633550 -725
32305288 5633550 -675
32305391 5633266 -475
32305391 5633381 -425
32305391 5633482 -375
32305371 5633550 -325
32305391 5633550 -337
32305284 5633550 -275
32305189 5633550 -225
32305391 5633552 -2075
32305391 5633552 -2025
32305391 5633563 -1975
32305389 5633850 -1925
32305391 5633850 -1927
32305388 5633850 -1875
32305391 5633635 -1675
32305391 5633785 -1625
32305314 5633850 -1575
32305391 5633850 -1603
32305182 5633850 -1525
32305391 5633657 -1425
32305391 5633605 -1375
32305391 5633554 -1325
32305384 5633850 -1225
32305391 5633831 -1225
32305391 5633850 -1225
32305391 5633850 -1218
32305391 5633677 -775
32305391 5633661 -725
32305391 5633645 -675
32305391 5633629 -625
32305391 5633614 -575
32305296 5633850 -525
32305391 5633850 -537
32305312 5633850 -475
32305391 5633579 -325
32305391 5633689 -275
32305391 5633784 -225
32305384 5633850 -175
32305391 5633850 -183
32305342 5633850 -125
32305296 5633850 -75
32305243 5633850 -25
32305181 5633850 25
32305111 5633850 75
32305391 5633852 -1925
32305391 5633851 -1875
32305390 5634150 -1825
32305391 5634150 -1825
32305390 5634150 -1775
32305347 5634150 -1625
32305391 5634150 -1669
32305391 5633948 -1625
32305391 5633916 -1575
32305391 5634150 -1609
32305391 5634033 -1525
32305391 5634149 -1475
32305267 5634150 -1425
32305391 5634150 -1474
32305150 5634150 -1375
32305391 5633856 -1225
32305391 5633931 -525
32305391 5633916 -475
32305391 5633903 -425
32305391 5633890 -375
32305391 5633878 -325
32305336 5634150 -275
32305391 5634150 -281
32305353 5634150 -225
32305391 5633879 -175
32305391 5634043 -125
32305387 5634150 -75
32305391 5634150 -85
32305370 5634150 -25
32305354 5634150 25
32305336 5634150 75
32305315 5634150 125
32305288 5634150 175
32305253 5634150 225
32305209 5634150 275
32305156 5634150 325
32305096 5634150 375
32305391 5634151 -1825
32305391 5634150 -1775
32305391 5634150 -1725
32305390 5634450 -1675
32305391 5634450 -1675
32305391 5634234 -1625
32305390 5634450 -1625
32305389 5634450 -1575
32305358 5634450 -1475
32305391 5634450 -1509
32305391 5634150 -1475
32305311 5634450 -1425
32305266 5634450 -1375
32305221 5634450 -1325
32305178 5634450 -1275
32305136 5634450 -1225
32305095 5634450 -1175
32305391 5634193 -275
32305391 5634179 -225
32305391 5634167 -175
32305391 5634156 -125
32305336 5634450 -25
32305391 5634450 -30
32305391 5634208 -25
32305391 5634260 25
32305352 5634450 25
32305391 5634321 75
32305391 5634272 125
32305391 5634310 175
32305391 5634352 225
32305391 5634396 275
32305391 5634439 325
32305356 5634450 375
32305391 5634450 336
32305300 5634450 425
32305233 5634450 475
32305391 5634451 -1675
32305391 5634450 -1625
32305391 5634450 -1575
32305390 5634750 -1525
32305391 5634750 -1525
32305391 5634503 -1475
32305390 5634750 -1475
32305390 5634750 -1425
32305391 5634578 -1425
32305391 5634651 -1375
32305391 5634722 -1325
32305319 5634750 -1275
32305391 5634750 -1304
32305200 5634750 -1225
32305118 5634750 -975
32305101 5634750 -375
32305391 5634509 -25
32305391 5634491 25
32305391 5634475 75
32305391 5634504 125
32305391 5634491 175
32305391 5634478 225
32305267 5634750 275
32305391 5634750 257
32305284 5634750 325
32305391 5634477 375
32305391 5634517 425
32305391 5634560 475
32305391 5634751 -1525
32305391 5634751 -1475
32305391 5634750 -1425
32305389 5635050 -1375
32305391 5635050 -1375
32305389 5635050 -1325
32305391 5634787 -1275
32305390 5635050 -1275
32305391 5634848 -1225
32305391 5634906 -1175
32305391 5634963 -1125
32305391 5635018 -1075
32305340 5635050 -1025
32305391 5635050 -1045
32305219 5635050 -975
32305101 5635050 -925
32305223 5635050 -225
32305191 5635050 -175
32305160 5635050 -125
32305131 5635050 -75
32305104 5635050 -25
32305391 5634891 275
32305391 5634873 325
32305391 5634855 375
32305391 5634837 425
32305391 5634819 475
32305391 5635051 -1375
32305391 5635051 -1325
32305391 5635051 -1275
32305389 5635350 -1225
32305391 5635350 -1225
32305389 5635350 -1175
32305389 5635350 -1125
32305391 5635073 -1025
32305391 5635127 -975
32305391 5635182 -925
32305391 5635236 -875
32305391 5635291 -825
32305391 5635346 -775
32305275 5635350 -725
32305391 5635350 -771
32305153 5635350 -675
32305241 5635350 -425
32305391 5635154 -425
32305391 5635350 -450
32305275 5635350 -375
32305391 5635198 -375
32305311 5635350 -325
32305391 5635244 -325
32305348 5635350 -275
32305391 5635265 -275
32305391 5635342 -225
32305387 5635350 -225
32305391 5635350 -220
32305164 5635350 -125
32305094 5635350 -75
32305209 5635350 75
32305187 5635350 125
32305164 5635350 175
32305146 5635350 225
32305163 5635350 275
32305138 5635350 325
32305111 5635350 375
32305391 5635352 -1225
32305391 5635352 -1175
32305391 5635351 -1125
32305388 5635650 -1075
32305391 5635650 -1075
32305388 5635650 -1025
32305389 5635650 -975
32305391 5635393 -725
32305391 5635441 -675
32305391 5635489 -625
32305391 5635539 -575
32305391 5635564 -525
32305391 5635638 -475
32305391 5635597 -425
32305391 5635650 -467
32305391 5635536 -375
32305391 5635650 -363
32305174 5635650 -325
32305207 5635650 -275
32305239 5635650 -225
32305391 5635411 -175
32305269 5635650 -175
32305391 5635476 -125
32305287 5635650 -125
32305391 5635536 -75
32305391 5635593 -25
32305391 5635649 25
32305332 5635650 75
32305391 5635650 25
32305283 5635650 125
32305240 5635650 175
32305199 5635650 225
32305156 5635650 275
32305108 5635650 325
32305391 5635652 -1075
32305391 5635652 -1025
32305391 5635652 -975
32305387 5635950 -925
32305391 5635950 -925
32305388 5635950 -875
32305388 5635950 -825
32305391 5635707 -425
32305391 5635773 -375
32305391 5635950 -227
32305391 5635946 -225
32305382 5635950 -225
32305391 5635950 -224
32305107 5635950 -125
32305142 5635950 -75
32305174 5635950 -25
32305391 5635700 75
32305391 5635751 125
32305391 5635803 175
32305391 5635857 225
32305391 5635913 275
32305362 5635950 325
32305391 5635950 306
32305287 5635950 375
32305214 5635950 425
32305141 5635950 475
32305391 5635953 -925
32305391 5635953 -875
32305391 5635953 -825
32305391 5635952 -775
32305387 5636250 -725
32305391 5636250 -725
32305388 5636250 -675
32305391 5635953 -225
32305124 5636250 175
32305391 5635972 325
32305391 5636033 375
32305391 5636095 425
32305391 5636160 475
32305391 5636253 -725
32305391 5636253 -675
32305391 5636253 -625
32305387 5636550 -575
32305391 5636550 -575
32305387 5636550 -525
32305388 5636550 -475
32305391 5636548 225
32305388 5636550 225
32305391 5636550 223
32305391 5636500 275
32305264 5636550 275
32305391 5636550 280
32305108 5636550 375
32305143 5636550 425
32305138 5636550 475
32305391 5636554 -575
32305391 5636553 -525
32305391 5636553 -475
32305391 5636553 -425
32305391 5636556 -375
32305387 5636850 -325
32305391 5636850 -326
32305388 5636850 -275
32305391 5636551 225
32305391 5636620 275
32305391 5636850 449
32305391 5636826 475
32305337 5636850 475
32305391 5636853 -325
32305391 5636853 -275
32305391 5636853 -225
32305391 5636852 -175
32305391 5636852 -125
32305387 5637150 -75
32305391 5637150 -75
32305388 5637150 -25
32305391 5636879 475
32305391 5637153 -75
32305391 5637153 -25
32305391 5637153 25
32305391 5637152 75
32305391 5637152 125
32305387 5637450 175
32305391 5637450 174
32305387 5637450 225
32305388 5637450 275
32305391 5637453 175
32305391 5637453 225
32305391 5637453 275
32305391 5637453 325
32305391 5637452 375
32305391 5637452 425
32305391 5637453 475
32305692 5623650 -2727
32305692 5623950 -2727
32305692 5624250 -2727
32305692 5624550 -2727
32305692 5624850 -2727
32305692 5625150 -2727
32305692 5625450 -2727
32305397 5625450 225
32305417 5625450 275
32305443 5625450 325
32305474 5625450 375
32305507 5625450 425
32305540 5625450 475
32305692 5625750 -2727
32305447 5625750 -175
32305525 5625750 -125
32305579 5625750 -75
32305617 5625750 -25
32305644 5625750 25
32305665 5625750 75
32305682 5625750 125
32305692 5625750 156
32305692 5625742 175
32305692 5625721 225
32305692 5625701 275
32305692 5625679 325
32305692 5625656 375
32305692 5625629 425
32305692 5625599 475
32305692 5626050 -2727
32305692 5626050 -188
32305692 5626018 -175
32305692 5625926 -125
32305692 5625865 -75
32305692 5625825 -25
32305692 5625797 25
32305692 5625776 75
32305692 5625760 125
32305692 5626350 -2727
32305692 5626089 -175
32305692 5626243 -125
32305643 5626350 -75
32305692 5626350 -91
32305490 5626350 -25
32305692 5626650 -2727
32305692 5626373 -75
32305692 5626446 -25
32305692 5626523 25
32305692 5626610 75
32305616 5626650 125
32305692 5626650 95
32305494 5626650 175
32305692 5626950 -2727
32305692 5626727 125
32305692 5626857 175
32305672 5626950 225
32305692 5626950 212
32305597 5626950 275
32305523 5626950 325
32305448 5626950 375
32305692 5627250 -2727
32305692 5626969 225
32305692 5627042 275
32305692 5627114 325
32305692 5627189 375
32305654 5627250 425
32305692 5627250 413
32305488 5627250 475
32305692 5627550 -2727
32305489 5627550 425
32305692 5627316 425
32305692 5627550 464
32305692 5627850 -2727
32305497 5627850 175
32305594 5627850 225
32305684 5627850 275
32305692 5627850 279
32305692 5627784 325
32305692 5627707 375
32305692 5627623 425
32305692 5628150 -2727
32305498 5628150 -25
32305656 5628150 25
32305692 5628150 37
32305692 5628095 75
32305692 5628028 125
32305692 5627967 175
32305692 5627910 225
32305692 5627855 275
32305692 5628450 -2727
32305403 5628450 -175
32305586 5628450 -125
32305692 5628450 -98
32305692 5628393 -75
32305692 5628280 -25
32305692 5628173 25
32305692 5628750 -2727
32305485 5628750 -275
32305609 5628750 -225
32305692 5628750 -191
32305692 5628703 -175
32305692 5628544 -125
32305692 5629050 -2727
32305491 5629050 -425
32305603 5629050 -375
32305692 5629050 -334
32305692 5629030 -325
32305692 5628924 -275
32305692 5628819 -225
32305692 5629350 -2726
32305498 5629350 -575
32305616 5629350 -525
32305692 5629350 -491
32305692 5629316 -475
32305692 5629219 -425
32305692 5629125 -375
32305692 5629650 -2726
32305463 5629650 -725
32305603 5629650 -675
32305692 5629650 -642
32305692 5629614 -625
32305692 5629512 -575
32305692 5629413 -525
32305692 5629950 -2726
32305505 5629950 -825
32305688 5629950 -775
32305692 5629950 -773
32305692 5629835 -725
32305692 5629722 -675
32305692 5630250 -2726
32305426 5630250 -925
32305692 5630250 -877
32305692 5630241 -875
32305692 5630095 -825
32305692 5629953 -775
32305692 5630550 -2726
32305397 5630550 -975
32305692 5630550 -951
32305692 5630442 -925
32305692 5630850 -2725
32305692 5630850 -2725
32305692 5630850 -991
32305692 5630727 -975
32305692 5630850 -2725
32305692 5631150 -2675
32305466 5631150 -975
32305692 5631150 -999
32305692 5631156 -2675
32305692 5631450 -2625
32305692 5631449 -975
32305447 5631450 -925
32305692 5631450 -974
32305687 5631750 -2625
32305692 5631750 -2625
32305692 5631729 -925
32305536 5631750 -875
32305692 5631750 -920
32305692 5631754 -2625
32305688 5632050 -2575
32305692 5632050 -2575
32305692 5631945 -875
32305632 5632050 -825
32305692 5632050 -846
32305499 5632050 -775
32305692 5632054 -2575
32305692 5632318 -2525
32305692 5632350 -2519
32305401 5632350 -1525
32305692 5632148 -825
32305692 5632350 -775
32305692 5632350 -775
32305567 5632350 -725
32305442 5632350 -675
32305692 5632353 -2475
32305689 5632650 -2425
32305692 5632650 -2425
32305610 5632650 -1575
32305692 5632650 -1598
32305692 5632640 -1575
32305692 5632619 -1525
32305439 5632650 -1525
32305692 5632603 -1475
32305428 5632650 -1425
32305692 5632650 -1467
32305449 5632650 -1375
32305692 5632350 -775
32305691 5632650 -725
32305692 5632650 -725
32305563 5632650 -675
32305430 5632650 -625
32305692 5632653 -2425
32305689 5632950 -2375
32305692 5632950 -2375
32305689 5632950 -2325
32305410 5632950 -1825
32305692 5632821 -1575
32305587 5632950 -1525
32305692 5632950 -1557
32305429 5632950 -1475
32305692 5632895 -1425
32305692 5632875 -1375
32305692 5632855 -1325
32305471 5632950 -1275
32305692 5632950 -1309
32305491 5632950 -1225
32305692 5632654 -725
32305660 5632950 -675
32305692 5632950 -688
32305538 5632950 -625
32305410 5632950 -575
32305692 5632952 -2375
32305692 5632952 -2325
32305689 5633250 -2275
32305692 5633250 -2275
32305690 5633250 -2225
32305692 5633206 -1825
32305539 5633250 -1825
32305692 5633250 -1868
32305692 5633157 -1775
32305453 5633250 -1725
32305692 5633250 -1759
32305507 5633250 -1675
32305692 5633124 -1525
32305611 5633250 -1475
32305692 5633250 -1501
32305462 5633250 -1425
32305692 5633156 -1275
32305692 5633137 -1225
32305692 5633117 -1175
32305692 5633098 -1125
32305527 5633250 -1075
32305692 5633250 -1100
32305547 5633250 -1025
32305692 5633019 -675
32305680 5633250 -625
32305692 5633250 -630
32305579 5633250 -575
32305479 5633250 -525
32305692 5633252 -2275
32305692 5633252 -2225
32305691 5633550 -2175
32305692 5633550 -2175
32305691 5633550 -2125
32305692 5633427 -1825
32305625 5633550 -1775
32305692 5633550 -1794
32305692 5633476 -1725
32305460 5633550 -1725
32305692 5633424 -1675
32305692 5633373 -1625
32305532 5633550 -1575
32305692 5633550 -1597
32305587 5633550 -1525
32305692 5633358 -1475
32305641 5633550 -1475
32305644 5633476 -1433
32305692 5633550 -1428
32305683 5633550 -1425
32305540 5633550 -1375
32305404 5633550 -1325
32305692 5633404 -1075
32305692 5633384 -1025
32305692 5633366 -975
32305692 5633348 -925
32305576 5633550 -875
32305692 5633550 -892
32305595 5633550 -825
32305692 5633273 -625
32305692 5633467 -575
32305651 5633550 -525
32305692 5633550 -552
32305578 5633550 -475
32305509 5633550 -425
32305441 5633550 -375
32305692 5633551 -2175
32305692 5633551 -2125
32305692 5633552 -2075
32305691 5633850 -2025
32305692 5633850 -2025
32305687 5633850 -1975
32305682 5633850 -1875
32305692 5633850 -1884
32305692 5633817 -1875
32305692 5633649 -1825
32305627 5633850 -1825
32305572 5633850 -1775
32305518 5633850 -1725
32305465 5633850 -1675
32305457 5633850 -1625
32305692 5633708 -1575
32305692 5633653 -1525
32305692 5633599 -1475
32305591 5633850 -1425
32305692 5633850 -1438
32305692 5633560 -1425
32305647 5633850 -1375
32305692 5633720 -1375
32305662 5633584 -1416
32305692 5633850 -1335
32305406 5633850 -1225
32305692 5633655 -875
32305692 5633637 -825
32305692 5633619 -775
32305692 5633602 -725
32305692 5633776 -675
32305648 5633850 -625
32305692 5633850 -662
32305669 5633850 -575
32305692 5633784 -525
32305638 5633850 -475
32305692 5633850 -518
32305583 5633850 -425
32305533 5633850 -375
32305490 5633850 -325
32305451 5633850 -275
32305417 5633850 -225
32305692 5633851 -2025
32305692 5633850 -1975
32305691 5634150 -1925
32305692 5634150 -1925
32305692 5633874 -1875
32305691 5634150 -1875
32305692 5634000 -1825
32305692 5634125 -1775
32305564 5634150 -1725
32305692 5634150 -1765
32305409 5634150 -1675
32305492 5634150 -1575
32305441 5634150 -1525
32305391 5634150 -1475
32305692 5633910 -1425
32305692 5633876 -1375
32305692 5633887 -625
32305692 5633869 -575
32305692 5633852 -525
32305477 5634150 -275
32305446 5634150 -225
32305422 5634150 -175
32305405 5634150 -125
32305692 5634151 -1925
32305692 5634150 -1875
32305692 5634150 -1825
32305691 5634450 -1775
32305692 5634450 -1775
32305692 5634231 -1725
32305691 5634450 -1725
32305692 5634330 -1675
32305692 5634428 -1625
32305578 5634450 -1575
32305692 5634450 -1613
32305434 5634450 -1525
32305478 5634450 -25
32305451 5634450 25
32305428 5634450 75
32305466 5634450 125
32305450 5634450 175
32305434 5634450 225
32305416 5634450 275
32305396 5634450 325
32305692 5634451 -1775
32305692 5634450 -1725
32305692 5634506 -1675
32305691 5634750 -1625
32305692 5634750 -1646
32305692 5634512 -1575
32305691 5634750 -1575
32305692 5634591 -1525
32305692 5634668 -1475
32305692 5634742 -1425
32305572 5634750 -1375
32305692 5634750 -1420
32305442 5634750 -1325
32305638 5634750 125
32305692 5634675 125
32305692 5634750 118
32305657 5634750 175
32305692 5634699 175
32305675 5634750 225
32305692 5634724 225
32305675 5634732 272
32305692 5634750 273
32305691 5634750 275
32305657 5634750 325
32305622 5634750 375
32305587 5634750 425
32305550 5634750 475
32305692 5634751 -1625
32305692 5634751 -1575
32305690 5635050 -1525
32305692 5635050 -1525
32305690 5635050 -1475
32305691 5635050 -1425
32305692 5634809 -1375
32305692 5634873 -1325
32305692 5634934 -1275
32305692 5634993 -1225
32305692 5635050 -1175
32305692 5635050 -1175
32305573 5635050 -1125
32305457 5635050 -1075
32305580 5635050 -775
32305692 5634939 -775
32305692 5635050 -793
32305613 5635050 -725
32305692 5634962 -725
32305646 5635050 -675
32305692 5634994 -675
32305678 5635050 -625
32305692 5635033 -625
32305692 5635050 -602
32305692 5634794 125
32305692 5634778 175
32305692 5634763 225
32305608 5635050 475
32305692 5634872 475
32305692 5635050 425
32305692 5635052 -1525
32305692 5635051 -1475
32305692 5635051 -1425
32305690 5635350 -1375
32305692 5635350 -1375
32305690 5635350 -1325
32305690 5635350 -1275
32305692 5635050 -1175
32305692 5635092 -1125
32305692 5635134 -1075
32305692 5635175 -1025
32305692 5635171 -975
32305692 5635224 -925
32305692 5635277 -875
32305692 5635330 -825
32305692 5635301 -775
32305418 5635350 -775
32305692 5635350 -806
32305692 5635225 -725
32305692 5635151 -675
32305692 5635350 -659
32305493 5635350 -625
32305692 5635077 -575
32305527 5635350 -575
32305525 5635350 -525
32305692 5635127 -525
32305567 5635350 -475
32305692 5635178 -475
32305692 5635232 -425
32305692 5635288 -375
32305692 5635347 -325
32305555 5635350 -275
32305692 5635350 -323
32305406 5635350 -225
32305692 5635114 475
32305692 5635352 -1375
32305692 5635352 -1325
32305692 5635352 -1275
32305692 5635650 -1225
32305692 5635650 -1225
32305689 5635650 -1175
32305689 5635650 -1125
32305692 5635390 -775
32305692 5635456 -725
32305692 5635525 -675
32305692 5635650 -590
32305692 5635630 -575
32305653 5635650 -575
32305692 5635568 -525
32305530 5635650 -525
32305692 5635650 -516
32305432 5635650 -425
32305480 5635650 -375
32305692 5635435 -275
32305692 5635531 -225
32305692 5635633 -175
32305618 5635650 -125
32305692 5635650 -166
32305538 5635650 -75
32305463 5635650 -25
32305391 5635650 25
32305692 5635650 -1225
32305692 5635653 -1175
32305692 5635653 -1125
32305692 5635652 -1075
32305689 5635950 -1025
32305692 5635950 -1025
32305689 5635950 -975
32305692 5635673 -575
32305692 5635747 -525
32305692 5635950 -382
32305692 5635939 -375
32305676 5635950 -375
32305692 5635950 -374
32305393 5635950 -225
32305692 5635700 -125
32305692 5635756 -75
32305692 5635809 -25
32305692 5635860 25
32305692 5635912 75
32305669 5635950 125
32305692 5635950 110
32305590 5635950 175
32305513 5635950 225
32305437 5635950 275
32305692 5635953 -1025
32305692 5635953 -975
32305692 5635953 -925
32305688 5636250 -875
32305692 5636250 -875
32305689 5636250 -825
32305689 5636250 -775
32305692 5635959 -375
32305692 5635964 125
32305692 5636017 175
32305692 5636071 225
32305692 5636127 275
32305692 5636185 325
32305692 5636245 375
32305604 5636250 425
32305692 5636250 378
32305511 5636250 475
32305692 5636253 -875
32305692 5636253 -825
32305692 5636253 -775
32305692 5636253 -725
32305688 5636550 -675
32305692 5636550 -675
32305689 5636550 -625
32305616 5636550 125
32305692 5636550 92
32305692 5636515 125
32305692 5636550 128
32305392 5636550 225
32305431 5636550 275
32305692 5636310 425
32305692 5636375 475
32305692 5636553 -675
32305692 5636553 -625
32305692 5636553 -575
32305692 5636553 -525
32305688 5636850 -475
32305692 5636850 -475
32305689 5636850 -425
32305685 5636850 -375
32305692 5636598 125
32305692 5636827 325
32305644 5636850 325
32305692 5636850 302
32305692 5636779 375
32305540 5636850 375
32305692 5636730 425
32305439 5636850 425
32305410 5636850 475
32305692 5636850 437
32305692 5636853 -475
32305692 5636853 -425
32305692 5636853 -375
32305692 5636853 -325
32305692 5636852 -275
32305688 5637150 -225
32305692 5637150 -225
32305689 5637150 -175
32305689 5637150 -125
32305692 5636878 325
32305692 5636940 375
32305692 5637002 425
32305692 5637153 -225
32305692 5637153 -175
32305692 5637153 -125
32305692 5637153 -75
32305692 5637152 -25
32305692 5637152 25
32305689 5637450 75
32305692 5637450 74
32305689 5637450 125
32305692 5637453 75
32305692 5637453 125
32305692 5637453 175
32305692 5637452 225
32305692 5637452 275
32305692 5637452 325
32305689 5637750 375
32305692 5637750 374
32305689 5637750 425
32305688 5637750 475
32305692 5637753 375
32305692 5637753 425
32305692 5637752 475
32305993 5623650 -2728
32305993 5623950 -2727
32305993 5624250 -2727
32305993 5624550 -2727
32305993 5624850 -2727
32305993 5625150 -2727
32305993 5625450 -2727
32305993 5625750 -2727
32305700 5625750 175
32305723 5625750 225
32305746 5625750 275
32305774 5625750 325
32305809 5625750 375
32305852 5625750 425
32305902 5625750 475
32305993 5626050 -2727
32305740 5626050 -175
32305885 5626050 -125
32305986 5626050 -75
32305993 5626050 -70
32305993 5626016 -25
32305993 5625987 25
32305993 5625966 75
32305993 5625948 125
32305993 5625932 175
32305993 5625920 225
32305993 5625910 275
32305993 5625893 325
32305993 5625869 375
32305993 5625840 425
32305993 5625807 475
32305993 5626350 -2727
32305812 5626350 -125
32305993 5626350 -169
32305993 5626170 -125
32305993 5626057 -75
32305993 5626650 -2727
32305993 5626455 -125
32305993 5626565 -75
32305976 5626650 -25
32305993 5626650 -33
32305869 5626650 25
32305748 5626650 75
32305993 5626950 -2727
32305993 5626665 -25
32305993 5626761 25
32305993 5626872 75
32305937 5626950 125
32305993 5626950 105
32305794 5626950 175
32305993 5627250 -2727
32305993 5626998 125
32305993 5627121 175
32305993 5627244 225
32305916 5627250 275
32305993 5627250 227
32305838 5627250 325
32305758 5627250 375
32305993 5627550 -2728
32305993 5627332 275
32305993 5627416 325
32305993 5627502 375
32305879 5627550 425
32305993 5627550 400
32305993 5627850 -2727
32305783 5627850 325
32305894 5627850 375
32305993 5627850 414
32305993 5628150 -2727
32305770 5628150 75
32305867 5628150 125
32305958 5628150 175
32305993 5628150 195
32305993 5628109 225
32305993 5628045 275
32305993 5627980 325
32305993 5627911 375
32305993 5628450 -2727
32305758 5628450 -75
32305891 5628450 -25
32305993 5628450 16
32305993 5628433 25
32305993 5628343 75
32305993 5628259 125
32305993 5628180 175
32305993 5628750 -2727
32305739 5628750 -175
32305887 5628750 -125
32305993 5628750 -90
32305993 5628708 -75
32305993 5628569 -25
32305993 5629050 -2727
32305715 5629050 -325
32305841 5629050 -275
32305966 5629050 -225
32305993 5629050 -213
32305993 5628957 -175
32305993 5628836 -125
32305993 5629350 -2727
32305732 5629350 -475
32305851 5629350 -425
32305967 5629350 -375
32305993 5629350 -363
32305993 5629272 -325
32305993 5629171 -275
32305993 5629071 -225
32305993 5629650 -2726
32305736 5629650 -625
32305862 5629650 -575
32305984 5629650 -525
32305993 5629650 -521
32305993 5629560 -475
32305993 5629464 -425
32305993 5629371 -375
32305993 5629950 -2726
32305839 5629950 -725
32305984 5629950 -675
32305993 5629950 -671
32305993 5629853 -625
32305993 5629754 -575
32305993 5629657 -525
32305993 5630250 -2726
32305704 5630250 -875
32305904 5630250 -825
32305993 5630250 -802
32305993 5630185 -775
32305993 5630069 -725
32305993 5629957 -675
32305993 5630550 -2726
32305860 5630550 -925
32305993 5630550 -903
32305993 5630463 -875
32305993 5630316 -825
32305993 5630850 -2726
32305974 5630850 -975
32305993 5630850 -973
32305993 5630640 -925
32305993 5630856 -2725
32305993 5631150 -2675
32305993 5631150 -1011
32305993 5630859 -975
32305988 5631450 -2675
32305993 5631450 -2675
32305693 5631450 -975
32305993 5631450 -1018
32305993 5631455 -2675
32305993 5631750 -2625
32305897 5631750 -975
32305993 5631750 -999
32305707 5631750 -925
32305993 5631754 -2625
32305993 5632050 -2575
32305993 5631949 -975
32305892 5632050 -925
32305993 5632050 -961
32305761 5632050 -875
32305993 5632054 -2575
32305726 5632350 -2525
32305993 5632350 -2525
32305993 5632309 -925
32305896 5632350 -875
32305993 5632350 -918
32305790 5632350 -825
32305993 5632353 -2525
32305990 5632650 -2475
32305993 5632650 -2475
32305973 5632650 -1675
32305993 5632650 -1680
32305993 5632647 -1675
32305993 5632626 -1625
32305787 5632650 -1625
32305703 5632650 -1575
32305993 5632650 -1620
32305725 5632650 -1525
32305743 5632650 -1475
32305980 5632650 -875
32305993 5632650 -881
32305879 5632650 -825
32305782 5632650 -775
32305993 5632653 -2475
32305990 5632950 -2425
32305993 5632950 -2425
32305993 5632694 -1675
32305923 5632950 -1625
32305993 5632950 -1644
32305993 5632919 -1575
32305751 5632950 -1575
32305993 5632898 -1525
32305993 5632876 -1475
32305993 5632859 -1425
32305773 5632950 -1375
32305993 5632950 -1409
32305795 5632950 -1325
32305993 5632698 -875
32305955 5632950 -825
32305993 5632950 -843
32305855 5632950 -775
32305760 5632950 -725
32305993 5632953 -2425
32305993 5632952 -2375
32305992 5633250 -2325
32305993 5633250 -2325
32305915 5633250 -1925
32305993 5633250 -1944
32305993 5633229 -1925
32305993 5633250 -1921
32305740 5633250 -1825
32305794 5633250 -1775
32305993 5633061 -1625
32305937 5633250 -1575
32305993 5633250 -1591
32305769 5633250 -1525
32305993 5633155 -1375
32305993 5633134 -1325
32305993 5633114 -1275
32305814 5633250 -1225
32305993 5633250 -1252
32305836 5633250 -1175
32305857 5633250 -1125
32305993 5633045 -825
32305969 5633250 -775
32305993 5633250 -786
32305868 5633250 -725
32305772 5633250 -675
32305993 5633251 -2325
32305993 5633251 -2275
32305992 5633550 -2225
32305993 5633550 -2225
32305960 5633550 -2025
32305993 5633550 -2053
32305993 5633472 -2025
32305993 5633333 -1975
32305900 5633550 -1975
32305842 5633550 -1925
32305993 5633431 -1875
32305784 5633550 -1875
32305993 5633399 -1825
32305726 5633550 -1825
32305993 5633366 -1775
32305930 5633550 -1725
32305993 5633550 -1728
32305993 5633550 -1706
32305993 5633466 -1675
32305878 5633550 -1625
32305993 5633550 -1663
32305993 5633317 -1575
32305993 5633523 -1525
32305846 5633550 -1475
32305993 5633550 -1518
32305993 5633420 -1225
32305993 5633399 -1175
32305993 5633378 -1125
32305993 5633358 -1075
32305869 5633550 -1025
32305993 5633550 -1044
32305890 5633550 -975
32305910 5633550 -925
32305993 5633297 -775
32305993 5633504 -725
32305914 5633550 -675
32305993 5633550 -713
32305818 5633550 -625
32305730 5633550 -575
32305993 5633551 -2225
32305993 5633550 -2175
32305992 5633850 -2125
32305993 5633850 -2125
32305993 5633850 -2075
32305993 5633643 -2025
32305993 5633808 -1975
32305848 5633850 -1925
32305993 5633850 -1962
32305993 5633571 -1725
32305993 5633619 -1625
32305993 5633727 -1575
32305993 5633569 -1525
32305787 5633850 -1425
32305734 5633850 -1375
32305993 5633669 -1025
32305993 5633648 -975
32305993 5633628 -925
32305993 5633608 -875
32305993 5633589 -825
32305944 5633850 -775
32305993 5633850 -782
32305966 5633850 -725
32305993 5633761 -675
32305898 5633850 -675
32305993 5633850 -660
32305912 5633850 -625
32305805 5633850 -575
32305705 5633850 -525
32305993 5633851 -2125
32305993 5633850 -2075
32305992 5634150 -2025
32305993 5634150 -2025
32305993 5634150 -1975
32305993 5633948 -1925
32305993 5634078 -1875
32305911 5634150 -1825
32305993 5634150 -1847
32305728 5634150 -1775
32305993 5633886 -775
32305993 5633871 -725
32305993 5633854 -675
32305993 5634151 -2025
32305993 5634150 -1975
32305993 5634154 -1925
32305992 5634450 -1875
32305993 5634450 -1876
32305993 5634197 -1825
32305993 5634450 -1825
32305993 5634302 -1775
32305993 5634406 -1725
32305896 5634450 -1675
32305993 5634450 -1703
32305729 5634450 -1625
32305993 5634451 -1875
32305993 5634450 -1825
32305992 5634750 -1775
32305993 5634750 -1775
32305992 5634750 -1725
32305993 5634500 -1675
32305887 5634750 -1675
32305993 5634585 -1625
32305993 5634668 -1575
32305993 5634749 -1525
32305848 5634750 -1475
32305993 5634750 -1524
32305706 5634750 -1425
32305943 5634750 -1125
32305993 5634691 -1125
32305993 5634750 -1133
32305983 5634750 -1075
32305993 5634738 -1075
32305993 5634750 -1063
32305764 5634750 125
32305738 5634750 175
32305714 5634750 225
32305993 5634751 -1775
32305993 5634751 -1725
32305993 5634751 -1675
32305991 5635050 -1625
32305993 5635050 -1625
32305991 5635050 -1575
32305993 5634802 -1475
32305993 5634853 -1425
32305993 5634903 -1375
32305993 5634917 -1325
32305993 5634981 -1275
32305993 5635043 -1225
32305993 5635050 -1219
32305993 5634869 -1125
32305993 5634774 -1075
32305883 5635050 -975
32305993 5634935 -975
32305993 5635050 -986
32305849 5635050 -925
32305993 5634907 -925
32305898 5635050 -875
32305993 5634958 -875
32305947 5635050 -825
32305993 5635006 -825
32305990 5635050 -775
32305993 5635050 -776
32305899 5635050 -725
32305812 5635050 -675
32305729 5635050 -625
32305822 5635050 475
32305993 5635052 -1625
32305993 5635052 -1575
32305993 5635051 -1525
32305991 5635350 -1475
32305993 5635350 -1475
32305991 5635350 -1425
32305993 5635104 -1175
32305993 5635164 -1125
32305993 5635222 -1075
32305993 5635278 -1025
32305993 5635350 -959
32305993 5635293 -925
32305924 5635350 -925
32305881 5635259 -902
32305993 5635211 -875
32305826 5635350 -875
32305993 5635130 -825
32305729 5635350 -825
32305993 5635052 -775
32305993 5635350 -809
32305948 5635095 -781
32305721 5635350 -775
32305993 5635102 -725
32305767 5635350 -725
32305812 5635350 -675
32305993 5635151 -675
32305833 5635156 -702
32305993 5635198 -625
32305993 5635244 -575
32305993 5635290 -525
32305993 5635334 -475
32305928 5635350 -425
32305993 5635350 -456
32305818 5635350 -375
32305697 5635350 -325
32305993 5635352 -1475
32305993 5635352 -1425
32305993 5635352 -1375
32305990 5635650 -1325
32305993 5635650 -1325
32305990 5635650 -1275
32305993 5635393 -925
32305993 5635457 -875
32305993 5635520 -825
32305993 5635650 -728
32305993 5635645 -725
32305985 5635650 -725
32305993 5635583 -675
32305879 5635650 -675
32305993 5635650 -668
32305708 5635650 -575
32305758 5635650 -525
32305993 5635394 -425
32305993 5635468 -375
32305993 5635550 -325
32305993 5635641 -275
32305866 5635650 -225
32305993 5635650 -270
32305716 5635650 -175
32305993 5635653 -1325
32305993 5635653 -1275
32305993 5635652 -1225
32305990 5635950 -1175
32305993 5635950 -1175
32305990 5635950 -1125
32305990 5635950 -1075
32305993 5635655 -725
32305993 5635730 -675
32305993 5635950 -531
32305993 5635941 -525
32305980 5635950 -525
32305879 5635950 -475
32305993 5635883 -475
32305993 5635950 -467
32305700 5635950 -375
32305993 5635716 -225
32305993 5635786 -175
32305993 5635853 -125
32305993 5635920 -75
32305940 5635950 -25
32305993 5635950 -52
32305844 5635950 25
32305754 5635950 75
32305993 5635953 -1175
32305993 5635953 -1125
32305993 5635953 -1075
32305993 5635952 -1025
32305990 5636250 -975
32305993 5636250 -975
32305990 5636250 -925
32305993 5635959 -525
32305993 5636031 -475
32305922 5636250 -275
32305993 5636250 -318
32305993 5636197 -275
32305993 5636139 -225
32305847 5636250 -225
32305993 5636250 -213
32305993 5635986 -25
32305993 5636052 25
32305993 5636115 75
32305993 5636176 125
32305993 5636236 175
32305935 5636250 225
32305993 5636250 186
32305858 5636250 275
32305779 5636250 325
32305698 5636250 375
32305993 5636253 -975
32305993 5636253 -925
32305993 5636253 -875
32305993 5636252 -825
32305990 5636550 -775
32305993 5636550 -775
32305990 5636550 -725
32305993 5636308 -275
32305993 5636375 -225
32305972 5636550 -75
32305993 5636550 -87
32305993 5636535 -75
32305993 5636479 -25
32305891 5636550 -25
32305993 5636424 25
32305808 5636550 25
32305993 5636550 36
32305722 5636550 125
32305993 5636295 225
32305993 5636354 275
32305993 5636414 325
32305993 5636474 375
32305993 5636535 425
32305927 5636550 475
32305993 5636550 437
32305993 5636553 -775
32305993 5636553 -725
32305993 5636553 -675
32305993 5636552 -625
32305990 5636850 -575
32305993 5636850 -575
32305990 5636850 -525
32305993 5636567 -75
32305993 5636632 -25
32305993 5636697 25
32305993 5636814 175
32305928 5636850 175
32305993 5636850 140
32305993 5636763 225
32305834 5636850 225
32305993 5636713 275
32305742 5636850 275
32305993 5636665 325
32305752 5636850 375
32305993 5636850 344
32305793 5636850 425
32305993 5636599 475
32305993 5636853 -575
32305993 5636853 -525
32305993 5636853 -475
32305993 5636852 -425
32305993 5636852 -375
32305990 5637150 -325
32305993 5637150 -325
32305990 5637150 -275
32305993 5636899 175
32305993 5636969 225
32305993 5637038 275
32305993 5637103 325
32305969 5637150 375
32305993 5637150 359
32305993 5637135 375
32305993 5637088 425
32305889 5637150 425
32305808 5637150 475
32305993 5637041 475
32305993 5637153 -325
32305993 5637153 -275
32305993 5637152 -225
32305993 5637152 -175
32305993 5637152 -125
32305993 5637152 -75
32305991 5637450 -25
32305993 5637450 -25
32305991 5637450 25
32305993 5637168 375
32305993 5637227 425
32305993 5637284 475
32305993 5637452 -25
32305993 5637452 25
32305993 5637452 75
32305993 5637452 125
32305993 5637451 175
32305993 5637451 225
32305991 5637750 275
32305993 5637750 274
32305991 5637750 325
32305993 5637752 275
32305993 5637752 325
32305993 5637752 375
32305993 5637752 425
32305993 5637751 475
32306295 5623650 -2728
32306295 5623950 -2727
32306295 5624250 -2727
32306295 5624550 -2727
32306295 5624850 -2727
32306295 5625150 -2727
32306295 5625450 -2727
32306295 5625750 -2727
32306295 5626050 -2727
32306039 5626050 -25
32306077 5626050 25
32306105 5626050 75
32306127 5626050 125
32306147 5626050 175
32306165 5626050 225
32306183 5626050 275
32306207 5626050 325
32306239 5626050 375
32306278 5626050 425
32306295 5626050 444
32306295 5625989 475
32306295 5626350 -2727
32306295 5626350 -130
32306295 5626341 -125
32306295 5626277 -75
32306295 5626232 -25
32306295 5626201 25
32306295 5626179 75
32306295 5626164 125
32306295 5626151 175
32306295 5626137 225
32306295 5626121 275
32306295 5626104 325
32306295 5626083 375
32306295 5626060 425
32306295 5626650 -2727
32306268 5626650 -125
32306295 5626650 -132
32306114 5626650 -75
32306295 5626950 -2727
32306295 5626667 -125
32306295 5626771 -75
32306295 5626867 -25
32306285 5626950 25
32306295 5626950 21
32306121 5626950 75
32306295 5627250 -2727
32306295 5626959 25
32306295 5627102 75
32306276 5627250 125
32306295 5627250 117
32306143 5627250 175
32306000 5627250 225
32306295 5627550 -2728
32306295 5627273 125
32306295 5627444 175
32306260 5627550 225
32306295 5627550 203
32306184 5627550 275
32306111 5627550 325
32306035 5627550 375
32306295 5627850 -2728
32306295 5627589 225
32306295 5627675 275
32306295 5627759 325
32306295 5627846 375
32306295 5627850 376
32306295 5628150 -2727
32306043 5628150 225
32306124 5628150 275
32306205 5628150 325
32306292 5628150 375
32306295 5628150 376
32306295 5628450 -2727
32306013 5628450 25
32306118 5628450 75
32306217 5628450 125
32306295 5628450 165
32306295 5628435 175
32306295 5628361 225
32306295 5628292 275
32306295 5628224 325
32306295 5628151 375
32306295 5628750 -2727
32306047 5628750 -75
32306232 5628750 -25
32306295 5628750 -9
32306295 5628686 25
32306295 5628598 75
32306295 5628515 125
32306295 5629050 -2727
32306133 5629050 -175
32306295 5629050 -135
32306295 5629025 -125
32306295 5628905 -75
32306295 5628786 -25
32306295 5629350 -2727
32306092 5629350 -325
32306221 5629350 -275
32306295 5629350 -245
32306295 5629298 -225
32306295 5629166 -175
32306295 5629650 -2726
32306105 5629650 -475
32306222 5629650 -425
32306295 5629650 -393
32306295 5629611 -375
32306295 5629509 -325
32306295 5629408 -275
32306295 5629950 -2726
32306115 5629950 -625
32306240 5629950 -575
32306295 5629950 -552
32306295 5629896 -525
32306295 5629800 -475
32306295 5629707 -425
32306295 5630250 -2726
32306079 5630250 -775
32306233 5630250 -725
32306295 5630250 -704
32306295 5630189 -675
32306295 5630089 -625
32306295 5629992 -575
32306295 5630550 -2726
32306121 5630550 -875
32306295 5630550 -834
32306295 5630528 -825
32306295 5630410 -775
32306295 5630296 -725
32306295 5630850 -2726
32306295 5630850 -934
32306295 5630822 -925
32306295 5630671 -875
32306288 5631150 -2725
32306295 5631150 -2726
32306295 5631150 -1002
32306295 5631028 -975
32306295 5631156 -2725
32306295 5631450 -2675
32306070 5631450 -1025
32306295 5631450 -1043
32306295 5631316 -1025
32306290 5631750 -2675
32306295 5631750 -2675
32306119 5631750 -1025
32306295 5631750 -1059
32306295 5631754 -2675
32306290 5632050 -2625
32306295 5632050 -2625
32306185 5632050 -1025
32306295 5632050 -1058
32306032 5632050 -975
32306295 5632054 -2625
32306291 5632350 -2575
32306295 5632350 -2575
32306240 5632350 -1025
32306295 5632350 -1045
32306118 5632350 -975
32306007 5632350 -925
32306295 5632353 -2575
32306291 5632650 -2525
32306295 5632650 -2525
32306181 5632650 -1725
32306295 5632650 -1751
32306295 5632638 -1725
32305996 5632650 -1675
32306295 5632650 -1722
32306019 5632650 -1625
32306295 5632634 -1025
32306183 5632650 -975
32306295 5632650 -1023
32306078 5632650 -925
32306295 5632653 -2525
32306293 5632950 -2475
32306295 5632950 -2475
32306289 5632950 -2225
32306295 5632950 -2229
32306295 5632947 -2225
32306295 5632915 -2175
32306223 5632950 -2175
32306295 5632950 -2168
32306295 5632908 -1725
32306295 5632950 -1720
32306295 5632929 -1675
32306110 5632950 -1675
32306295 5632906 -1625
32306295 5632884 -1575
32306049 5632950 -1525
32306295 5632950 -1563
32306073 5632950 -1475
32306091 5632950 -1425
32306274 5632950 -975
32306295 5632950 -983
32306160 5632950 -925
32306056 5632950 -875
32306295 5632951 -2475
32306293 5633250 -2425
32306295 5633250 -2425
32306293 5633250 -2375
32306295 5632980 -2225
32306247 5633250 -2175
32306295 5633250 -2184
32306295 5633210 -2125
32306218 5633250 -2125
32306295 5633178 -2075
32306155 5633250 -2075
32306295 5633145 -2025
32306092 5633250 -2025
32306295 5633250 -1996
32306055 5633250 -1925
32306265 5633250 -1825
32306295 5633250 -1849
32306295 5633193 -1825
32306295 5633076 -1775
32306205 5633250 -1775
32306295 5632960 -1725
32306146 5633250 -1725
32306295 5633211 -1675
32306295 5633250 -1677
32306123 5633250 -1625
32306295 5633250 -1668
32306295 5633184 -1525
32306295 5633161 -1475
32306295 5633138 -1425
32306295 5633116 -1375
32306115 5633250 -1325
32306295 5633250 -1353
32306138 5633250 -1275
32306295 5632988 -975
32306295 5633206 -925
32306196 5633250 -875
32306295 5633250 -914
32306078 5633250 -825
32306295 5633251 -2425
32306295 5633251 -2375
32306293 5633550 -2325
32306295 5633550 -2325
32306293 5633550 -2275
32306295 5633294 -2175
32306295 5633521 -2125
32306093 5633550 -2075
32306295 5633550 -2118
32306295 5633389 -1975
32306295 5633334 -1925
32306189 5633550 -1875
32306295 5633550 -1891
32306295 5633352 -1825
32306243 5633550 -1825
32306295 5633550 -1777
32306071 5633550 -1725
32306295 5633268 -1675
32306115 5633550 -1625
32306058 5633550 -1575
32306001 5633550 -1525
32306295 5633386 -1325
32306295 5633368 -1275
32306295 5633351 -1225
32306295 5633360 -1175
32306169 5633550 -1125
32306295 5633550 -1144
32306191 5633550 -1075
32306295 5633378 -875
32306295 5633535 -825
32306163 5633550 -775
32306295 5633550 -820
32306023 5633550 -725
32306295 5633551 -2325
32306295 5633551 -2275
32306293 5633850 -2225
32306295 5633850 -2225
32306294 5633850 -2175
32306295 5633698 -2075
32306271 5633850 -2025
32306295 5633850 -2030
32306049 5633850 -1975
32306295 5633665 -1875
32306295 5633606 -1825
32306295 5633850 -1731
32306250 5633850 -1725
32306295 5633718 -1725
32306295 5633850 -1683
32306295 5633647 -1125
32306295 5633630 -1075
32306295 5633620 -1025
32306295 5633602 -975
32306263 5633850 -925
32306295 5633850 -929
32306288 5633850 -875
32306295 5633850 -861
32306295 5633583 -825
32306165 5633850 -775
32306090 5633850 -725
32306295 5633732 -675
32306295 5633850 -684
32306295 5633850 -641
32306295 5633851 -2225
32306295 5633851 -2175
32306293 5634150 -2125
32306295 5634150 -2125
32306294 5634150 -2075
32306295 5633864 -2025
32306295 5633999 -1975
32306295 5634133 -1925
32306110 5634150 -1875
32306295 5634150 -1918
32306295 5633902 -1725
32306286 5634150 -1575
32306295 5634128 -1575
32306295 5634150 -1576
32306295 5634150 -1566
32306295 5633877 -925
32306295 5633855 -875
32306295 5633921 -675
32306295 5634151 -2125
32306295 5634151 -2075
32306295 5634160 -2025
32306293 5634450 -1975
32306295 5634450 -1978
32306287 5634450 -1925
32306295 5634248 -1875
32306295 5634358 -1825
32306264 5634450 -1775
32306295 5634450 -1782
32306074 5634450 -1725
32306295 5634167 -1575
32306231 5634450 -1425
32306295 5634347 -1425
32306295 5634450 -1436
32306274 5634450 -1375
32306295 5634400 -1375
32306295 5634450 -1350
32306295 5634451 -1975
32306295 5634451 -1925
32306292 5634750 -1875
32306295 5634750 -1875
32306293 5634750 -1825
32306295 5634460 -1775
32306295 5634524 -1725
32306295 5634515 -1675
32306295 5634606 -1625
32306295 5634695 -1575
32305997 5634750 -1525
32306295 5634750 -1543
32306295 5634567 -1425
32306295 5634488 -1375
32306180 5634750 -1275
32306295 5634579 -1275
32306295 5634750 -1291
32306235 5634750 -1225
32306295 5634662 -1225
32306290 5634750 -1175
32306295 5634743 -1175
32306158 5634750 -1125
32306295 5634750 -1171
32306025 5634750 -1075
32306295 5634752 -1875
32306295 5634751 -1825
32306295 5634751 -1775
32306292 5635050 -1725
32306295 5635050 -1725
32306293 5635050 -1675
32306295 5634780 -1525
32306295 5634858 -1475
32306295 5634934 -1425
32306295 5635008 -1375
32306243 5635050 -1325
32306295 5635050 -1345
32306295 5634932 -1275
32306122 5635050 -1275
32306295 5634846 -1225
32306006 5635050 -1225
32306295 5634757 -1175
32306295 5634815 -1125
32306295 5635050 -1150
32306094 5635050 -1125
32306148 5635050 -1075
32306295 5634883 -1075
32306074 5634809 -1091
32306295 5634948 -1025
32306203 5635050 -1025
32306295 5635011 -975
32306258 5635050 -925
32306295 5635050 -943
32306163 5635050 -875
32306073 5635050 -825
32306295 5635052 -1725
32306295 5635052 -1675
32306295 5635051 -1625
32306292 5635350 -1575
32306295 5635350 -1575
32306292 5635350 -1525
32306295 5635079 -1325
32306295 5635148 -1275
32306295 5635216 -1225
32306295 5635281 -1175
32306295 5635350 -1121
32306295 5635274 -1075
32306204 5635350 -1075
32306166 5635245 -1050
32306295 5635191 -1025
32306110 5635350 -1025
32306295 5635105 -975
32306020 5635350 -975
32306295 5635072 -925
32306295 5635350 -955
32306029 5635350 -925
32306295 5635132 -875
32306082 5635350 -875
32306133 5635350 -825
32306295 5635189 -825
32306110 5635162 -849
32306295 5635244 -775
32306009 5635064 -778
32306295 5635297 -725
32306295 5635348 -675
32306222 5635350 -625
32306295 5635350 -673
32306151 5635350 -575
32306082 5635350 -525
32306017 5635350 -475
32306295 5635352 -1575
32306295 5635352 -1525
32306295 5635352 -1475
32306292 5635650 -1425
32306295 5635650 -1425
32306292 5635650 -1375
32306295 5635412 -1075
32306295 5635479 -1025
32306295 5635545 -975
32306295 5635650 -895
32306295 5635620 -875
32306256 5635650 -875
32306295 5635551 -825
32306165 5635650 -825
32306295 5635650 -816
32305998 5635650 -725
32306050 5635650 -675
32306295 5635409 -625
32306295 5635471 -575
32306295 5635533 -525
32306295 5635596 -475
32306281 5635650 -425
32306295 5635650 -432
32306193 5635650 -375
32306100 5635650 -325
32306002 5635650 -275
32306295 5635653 -1425
32306295 5635652 -1375
32306295 5635652 -1325
32306291 5635950 -1275
32306295 5635950 -1275
32306292 5635950 -1225
32306295 5635680 -875
32306295 5635752 -825
32306295 5635950 -693
32306295 5635926 -675
32306260 5635950 -675
32306166 5635950 -625
32306295 5635865 -625
32306295 5635812 -575
32306078 5635950 -575
32306001 5635950 -525
32306295 5635950 -560
32306055 5635950 -475
32306295 5635661 -425
32306295 5635739 -375
32306295 5635820 -325
32306295 5635906 -275
32306252 5635950 -225
32306295 5635950 -250
32306174 5635950 -175
32306099 5635950 -125
32306026 5635950 -75
32306295 5635953 -1275
32306295 5635953 -1225
32306295 5635952 -1175
32306295 5635952 -1125
32306291 5636250 -1075
32306295 5636250 -1075
32306292 5636250 -1025
32306295 5635976 -675
32306295 5636049 -625
32306295 5636115 -575
32306295 5636250 -485
32306295 5636235 -475
32306274 5636250 -475
32306182 5636250 -425
32306295 5636170 -425
32306295 5636106 -375
32306092 5636250 -375
32306295 5636250 -360
32306040 5636250 -275
32306295 5635986 -225
32306092 5636250 -225
32306295 5636055 -175
32306295 5636122 -125
32306295 5636187 -75
32306295 5636248 -25
32306226 5636250 25
32306295 5636250 -23
32306155 5636250 75
32306083 5636250 125
32306010 5636250 175
32306295 5636253 -1075
32306295 5636253 -1025
32306295 5636252 -975
32306295 5636252 -925
32306291 5636550 -875
32306295 5636550 -875
32306292 5636550 -825
32306295 5636263 -475
32306295 5636325 -425
32306295 5636383 -375
32306295 5636499 -175
32306216 5636550 -175
32306295 5636550 -207
32306295 5636415 -125
32306088 5636550 -125
32306295 5636331 -75
32306042 5636550 -25
32306295 5636550 -60
32306295 5636293 25
32306081 5636550 25
32306295 5636340 75
32306295 5636390 125
32306295 5636444 175
32306295 5636499 225
32306282 5636550 275
32306295 5636550 268
32306188 5636550 325
32306100 5636550 375
32306014 5636550 425
32306295 5636553 -875
32306295 5636553 -825
32306295 5636552 -775
32306295 5636552 -725
32306291 5636850 -675
32306295 5636850 -675
32306292 5636850 -625
32306295 5636598 -175
32306295 5636677 -125
32306295 5636757 -75
32306295 5636850 -17
32306295 5636807 25
32306211 5636850 25
32306115 5636850 75
32306295 5636756 75
32306295 5636704 125
32306021 5636850 125
32306295 5636651 175
32306066 5636850 225
32306295 5636850 196
32306295 5636559 275
32306109 5636850 275
32306295 5636629 325
32306149 5636850 325
32306295 5636697 375
32306295 5636762 425
32306295 5636825 475
32306295 5636853 -675
32306295 5636853 -625
32306295 5636852 -575
32306295 5636852 -525
32306295 5636852 -475
32306292 5637150 -425
32306295 5637150 -425
32306292 5637150 -375
32306295 5636926 25
32306295 5637010 75
32306295 5637090 125
32306280 5637150 175
32306295 5637150 165
32306295 5637098 225
32306204 5637150 225
32306295 5637054 275
32306127 5637150 275
32306092 5637064 304
32306295 5637009 325
32306048 5637150 325
32306053 5637097 356
32306295 5636963 375
32306295 5636916 425
32306295 5636868 475
32306295 5637153 -425
32306295 5637152 -375
32306295 5637152 -325
32306295 5637152 -275
32306295 5637151 -225
32306295 5637151 -175
32306292 5637450 -125
32306295 5637450 -125
32306292 5637450 -75
32306295 5637162 175
32306295 5637223 225
32306295 5637282 275
32306295 5637340 325
32306295 5637397 375
32306291 5637450 425
32306295 5637450 422
32306218 5637450 475
32306295 5637452 -125
32306295 5637452 -75
32306295 5637451 -25
32306295 5637451 25
32306295 5637451 75
32306292 5637750 125
32306295 5637750 124
32306292 5637750 175
32306292 5637750 225
32306295 5637452 425
32306295 5637500 475
32306295 5637753 125
32306295 5637752 175
32306295 5637752 225
32306295 5637751 275
32306295 5637751 325
32306295 5637751 375
32306292 5638050 425
32306295 5638050 424
32306292 5638050 475
32306295 5638053 425
32306295 5638052 475
32306596 5623650 -2728
32306596 5623950 -2728
32306596 5624250 -2727
32306596 5624550 -2727
32306596 5624850 -2727
32306596 5625150 -2727
32306596 5625450 -2727
32306596 5625750 -2727
32306596 5626050 -2727
32306339 5626050 475
32306596 5626350 -2727
32306307 5626350 -125
32306401 5626350 -75
32306466 5626350 -25
32306510 5626350 25
32306541 5626350 75
32306560 5626350 125
32306563 5626350 175
32306578 5626350 225
32306594 5626350 275
32306596 5626350 279
32306596 5626326 325
32306596 5626293 375
32306596 5626257 425
32306596 5626219 475
32306596 5626650 -2727
32306596 5626650 -147
32306596 5626601 -125
32306596 5626518 -75
32306596 5626462 -25
32306596 5626424 25
32306596 5626398 75
32306596 5626382 125
32306596 5626379 175
32306596 5626365 225
32306596 5626351 275
32306596 5626950 -2727
32306578 5626950 -125
32306596 5626950 -132
32306467 5626950 -75
32306372 5626950 -25
32306596 5627250 -2727
32306596 5626970 -125
32306596 5627109 -75
32306596 5627241 -25
32306498 5627250 25
32306596 5627250 -21
32306392 5627250 75
32306596 5627550 -2728
32306596 5627418 25
32306543 5627550 75
32306596 5627550 51
32306439 5627550 125
32306345 5627550 175
32306596 5627850 -2728
32306596 5627596 75
32306596 5627691 125
32306596 5627777 175
32306586 5627850 225
32306596 5627850 220
32306488 5627850 275
32306394 5627850 325
32306298 5627850 375
32306596 5628150 -2728
32306596 5627859 225
32306596 5627954 275
32306596 5628044 325
32306596 5628135 375
32306596 5628150 382
32306596 5628450 -2727
32306311 5628450 175
32306393 5628450 225
32306468 5628450 275
32306544 5628450 325
32306596 5628450 357
32306596 5628243 375
32306596 5628750 -2727
32306377 5628750 25
32306492 5628750 75
32306596 5628750 121
32306596 5628744 125
32306596 5628673 175
32306596 5628608 225
32306596 5628549 275
32306596 5628489 325
32306596 5629050 -2727
32306335 5629050 -125
32306550 5629050 -75
32306596 5629050 -65
32306596 5628975 -25
32306596 5628891 25
32306596 5628814 75
32306596 5629350 -2727
32306366 5629350 -225
32306548 5629350 -175
32306596 5629350 -162
32306596 5629241 -125
32306596 5629083 -75
32306596 5629650 -2727
32306342 5629650 -375
32306466 5629650 -325
32306589 5629650 -275
32306596 5629650 -272
32306596 5629526 -225
32306596 5629385 -175
32306596 5629950 -2726
32306360 5629950 -525
32306476 5629950 -475
32306589 5629950 -425
32306596 5629950 -421
32306596 5629854 -375
32306596 5629754 -325
32306596 5629655 -275
32306596 5630250 -2726
32306373 5630250 -675
32306501 5630250 -625
32306596 5630250 -586
32306596 5630227 -575
32306596 5630134 -525
32306596 5630044 -475
32306596 5629955 -425
32306596 5630550 -2726
32306326 5630550 -825
32306492 5630550 -775
32306596 5630550 -742
32306596 5630515 -725
32306596 5630416 -675
32306596 5630320 -625
32306596 5630850 -2726
32306340 5630850 -925
32306584 5630850 -875
32306596 5630850 -872
32306596 5630738 -825
32306596 5630623 -775
32306596 5631150 -2726
32306577 5631150 -975
32306596 5631150 -973
32306596 5631006 -925
32306596 5630857 -875
32306596 5631185 -2725
32306596 5631450 -2680
32306596 5631450 -1046
32306596 5631364 -1025
32306596 5631158 -975
32306596 5631750 -2675
32306420 5631750 -1075
32306596 5631750 -1095
32306596 5631625 -1075
32306591 5632050 -2675
32306596 5632050 -2675
32306589 5632050 -1125
32306596 5632050 -1126
32306596 5632036 -1125
32306365 5632050 -1075
32306596 5632054 -2675
32306593 5632350 -2625
32306596 5632350 -2625
32306547 5632350 -1125
32306596 5632350 -1138
32306383 5632350 -1075
32306596 5632352 -2625
32306594 5632650 -2575
32306596 5632650 -2575
32306307 5632650 -1725
32306582 5632650 -1125
32306596 5632650 -1129
32306433 5632650 -1075
32306298 5632650 -1025
32306596 5632652 -2575
32306594 5632950 -2525
32306596 5632950 -2525
32306569 5632950 -2275
32306596 5632950 -2279
32306596 5632945 -2275
32306300 5632950 -2225
32306596 5632950 -2274
32306354 5632950 -2175
32306555 5632950 -1925
32306596 5632950 -1955
32306596 5632888 -1925
32306596 5632786 -1875
32306490 5632950 -1875
32306596 5632684 -1825
32306426 5632950 -1825
32306596 5632882 -1775
32306362 5632950 -1775
32306596 5632864 -1725
32306300 5632950 -1725
32306311 5632908 -1719
32306596 5632899 -1675
32306341 5632950 -1625
32306596 5632950 -1666
32306365 5632950 -1575
32306596 5632685 -1125
32306550 5632950 -1075
32306596 5632950 -1090
32306405 5632950 -1025
32306596 5632951 -2525
32306594 5633250 -2475
32306596 5633250 -2475
32306596 5632983 -2275
32306596 5633250 -2239
32306596 5633235 -2225
32306517 5633250 -2225
32306596 5633182 -2175
32306361 5633250 -2125
32306596 5633250 -2163
32306415 5633250 -2075
32306469 5633250 -2025
32306596 5633149 -1925
32306423 5633250 -1875
32306596 5633250 -1909
32306303 5633250 -1675
32306596 5633143 -1625
32306596 5633125 -1575
32306596 5633106 -1525
32306423 5633250 -1475
32306596 5633250 -1494
32306456 5633250 -1425
32306489 5633250 -1375
32306596 5633010 -1075
32306596 5633203 -1025
32306596 5633173 -975
32306459 5633250 -925
32306596 5633250 -933
32306596 5633251 -2475
32306596 5633251 -2425
32306594 5633550 -2375
32306596 5633550 -2375
32306596 5633318 -2225
32306589 5633550 -2175
32306596 5633550 -2176
32306596 5633492 -2125
32306328 5633550 -2125
32306596 5633436 -2075
32306596 5633380 -2025
32306450 5633550 -1975
32306596 5633550 -1998
32306503 5633550 -1925
32306596 5633396 -1875
32306530 5633550 -1825
32306596 5633550 -1838
32306596 5633374 -1475
32306596 5633350 -1425
32306596 5633327 -1375
32306596 5633310 -1325
32306502 5633550 -1275
32306596 5633550 -1291
32306521 5633550 -1225
32306521 5633550 -1175
32306591 5633550 -1025
32306596 5633550 -1028
32306596 5633488 -1025
32306596 5633385 -975
32306516 5633550 -975
32306443 5633550 -925
32306372 5633550 -875
32306301 5633550 -825
32306596 5633551 -2375
32306595 5633850 -2325
32306596 5633850 -2325
32306595 5633850 -2275
32306596 5633554 -2175
32306596 5633731 -2125
32306517 5633850 -2075
32306596 5633850 -2090
32306596 5633712 -1975
32306596 5633653 -1925
32306477 5633850 -1875
32306596 5633850 -1893
32306596 5633592 -1825
32306512 5633850 -1825
32306596 5633752 -1775
32306564 5633850 -1775
32306503 5633850 -1725
32306596 5633850 -1743
32306596 5633845 -1675
32306596 5633850 -1680
32306529 5633850 -1675
32306596 5633850 -1672
32306596 5633661 -1275
32306596 5633638 -1225
32306596 5633615 -1175
32306596 5633592 -1125
32306536 5633850 -1075
32306596 5633850 -1086
32306596 5633558 -1025
32306549 5633850 -1025
32306569 5633850 -975
32306596 5633681 -975
32306583 5633572 -1019
32306596 5633801 -925
32306392 5633850 -875
32306596 5633850 -904
32306334 5633850 -675
32306596 5633851 -2325
32306596 5633851 -2275
32306594 5634150 -2225
32306596 5634150 -2225
32306594 5634150 -2175
32306596 5633895 -2075
32306596 5634035 -2025
32306596 5634046 -1975
32306596 5634128 -1925
32306596 5634070 -1875
32306596 5634150 -1912
32306596 5633994 -1825
32306596 5633905 -1775
32306509 5633904 -1743
32306457 5634150 -1725
32306596 5634150 -1752
32306596 5633880 -1725
32306524 5633861 -1681
32306498 5634150 -1675
32306596 5633969 -1625
32306539 5634150 -1625
32306596 5634096 -1575
32306596 5634150 -1553
32306596 5633923 -1075
32306596 5633901 -1025
32306596 5633879 -975
32306596 5633858 -925
32306596 5633922 -875
32306596 5634150 -880
32306562 5634150 -875
32306596 5634049 -825
32306582 5634150 -825
32306596 5634150 -787
32306596 5634151 -2225
32306596 5634151 -2175
32306596 5634151 -2125
32306594 5634450 -2075
32306596 5634450 -2075
32306573 5634450 -2025
32306596 5634236 -1875
32306596 5634351 -1825
32306596 5634450 -1781
32306596 5634375 -1725
32306596 5634309 -1675
32306596 5634243 -1625
32306435 5634450 -1575
32306596 5634450 -1599
32306596 5634213 -1525
32306487 5634450 -1525
32306538 5634450 -1475
32306596 5634324 -1475
32306596 5634434 -1425
32306405 5634450 -1375
32306596 5634450 -1417
32306596 5634188 -875
32306596 5634166 -825
32306596 5634452 -2075
32306596 5634451 -2025
32306593 5634750 -1975
32306596 5634750 -1975
32306594 5634750 -1925
32306596 5634463 -1775
32306596 5634564 -1725
32306596 5634663 -1675
32306576 5634750 -1625
32306596 5634750 -1630
32306596 5634672 -1575
32306402 5634750 -1575
32306596 5634601 -1525
32306596 5634530 -1475
32306421 5634750 -1425
32306596 5634750 -1450
32306596 5634531 -1375
32306474 5634750 -1375
32306596 5634627 -1325
32306527 5634750 -1325
32306596 5634722 -1275
32306475 5634750 -1225
32306596 5634750 -1260
32306308 5634750 -1175
32306596 5634752 -1975
32306596 5634752 -1925
32306596 5634751 -1875
32306593 5635050 -1825
32306596 5635050 -1825
32306593 5635050 -1775
32306596 5634757 -1625
32306596 5634848 -1575
32306596 5634935 -1525
32306596 5635021 -1475
32306505 5634978 -1455
32306596 5635000 -1425
32306505 5635050 -1425
32306596 5635050 -1457
32306438 5634978 -1399
32306596 5634925 -1375
32306371 5635050 -1375
32306596 5634849 -1325
32306596 5634832 -1275
32306596 5634809 -1225
32306596 5635050 -1264
32306427 5635050 -1225
32306483 5635050 -1175
32306596 5634891 -1175
32306343 5634777 -1183
32306596 5634973 -1125
32306592 5635050 -1075
32306596 5635050 -1076
32306474 5635050 -1025
32306362 5635050 -975
32306596 5635052 -1825
32306596 5635052 -1775
32306596 5635060 -1725
32306593 5635350 -1675
32306596 5635350 -1677
32306593 5635350 -1625
32306596 5635089 -1425
32306596 5635148 -1375
32306596 5635206 -1325
32306596 5635154 -1275
32306507 5635350 -1225
32306596 5635350 -1242
32306596 5635287 -1225
32306457 5635255 -1200
32306596 5635209 -1175
32306402 5635350 -1175
32306596 5635129 -1125
32306302 5635350 -1125
32306596 5635052 -1075
32306596 5635350 -1104
32306346 5635350 -1075
32306596 5635126 -1025
32306403 5635350 -1025
32306461 5635350 -975
32306596 5635197 -975
32306417 5635145 -997
32306596 5635267 -925
32306382 5635129 -945
32306596 5635334 -875
32306528 5635350 -825
32306596 5635350 -863
32306446 5635350 -775
32306369 5635350 -725
32306297 5635350 -675
32306596 5635353 -1675
32306596 5635352 -1625
32306596 5635352 -1575
32306593 5635650 -1525
32306596 5635650 -1525
32306593 5635650 -1475
32306596 5635395 -1225
32306596 5635451 -1175
32306596 5635505 -1125
32306596 5635650 -990
32306596 5635615 -975
32306545 5635650 -975
32306384 5635650 -925
32306596 5635497 -925
32306318 5635650 -875
32306596 5635650 -914
32306596 5635402 -825
32306375 5635650 -825
32306596 5635470 -775
32306596 5635536 -725
32306596 5635600 -675
32306578 5635650 -625
32306596 5635650 -636
32306499 5635650 -575
32306424 5635650 -525
32306352 5635650 -475
32306596 5635653 -1525
32306596 5635653 -1475
32306596 5635652 -1425
32306592 5635950 -1375
32306596 5635950 -1375
32306593 5635950 -1325
32306596 5635671 -975
32306596 5635744 -925
32306596 5635936 -775
32306574 5635950 -775
32306596 5635950 -781
32306596 5635832 -725
32306402 5635950 -725
32306311 5635950 -675
32306596 5635950 -717
32306596 5635665 -625
32306369 5635950 -625
32306596 5635735 -575
32306420 5635950 -575
32306596 5635804 -525
32306596 5635873 -475
32306596 5635942 -425
32306515 5635950 -375
32306596 5635950 -419
32306426 5635950 -325
32306337 5635950 -275
32306596 5635953 -1375
32306596 5635953 -1325
32306596 5635952 -1275
32306596 5635952 -1225
32306592 5636250 -1175
32306596 5636250 -1175
32306593 5636250 -1125
32306596 5635958 -775
32306596 5636030 -725
32306596 5636163 -525
32306439 5636250 -525
32306596 5636250 -567
32306596 5636062 -475
32306345 5636250 -425
32306596 5636250 -463
32306596 5636009 -375
32306410 5636250 -375
32306596 5636074 -325
32306596 5636138 -275
32306596 5636200 -225
32306577 5636250 -175
32306596 5636250 -184
32306479 5636250 -125
32306385 5636250 -75
32306298 5636250 -25
32306596 5636253 -1175
32306596 5636253 -1125
32306596 5636252 -1075
32306596 5636252 -1025
32306592 5636550 -975
32306596 5636550 -975
32306593 5636550 -925
32306596 5636306 -525
32306596 5636371 -475
32306596 5636544 -325
32306588 5636550 -325
32306596 5636550 -327
32306596 5636440 -275
32306458 5636550 -275
32306596 5636335 -225
32306337 5636550 -225
32306326 5636550 -175
32306596 5636550 -210
32306596 5636261 -175
32306596 5636320 -125
32306379 5636550 -125
32306434 5636550 -75
32306596 5636378 -75
32306420 5636359 -99
32306596 5636435 -25
32306596 5636493 25
32306593 5636550 75
32306596 5636550 72
32306519 5636550 125
32306443 5636550 175
32306365 5636550 225
32306596 5636553 -975
32306596 5636553 -925
32306596 5636552 -875
32306596 5636552 -825
32306592 5636850 -775
32306596 5636850 -775
32306593 5636850 -725
32306596 5636553 -325
32306596 5636623 -275
32306596 5636694 -225
32306596 5636850 -116
32306596 5636785 -75
32306470 5636850 -75
32306317 5636850 -25
32306596 5636707 -25
32306596 5636628 25
32306427 5636850 125
32306596 5636850 104
32306596 5636616 125
32306472 5636850 175
32306596 5636677 175
32306473 5636655 148
32306596 5636738 225
32306596 5636797 275
32306587 5636850 325
32306596 5636850 319
32306501 5636850 375
32306414 5636850 425
32306328 5636850 475
32306596 5636853 -775
32306596 5636853 -725
32306596 5636853 -675
32306596 5636852 -625
32306596 5636852 -575
32306593 5637150 -525
32306596 5637150 -525
32306593 5637150 -475
32306596 5636906 -75
32306596 5636972 -25
32306596 5637037 25
32306596 5637115 75
32306520 5637150 125
32306596 5637150 112
32306596 5637131 125
32306596 5637059 175
32306596 5636987 225
32306596 5636905 275
32306450 5637150 375
32306596 5637150 355
32306596 5636918 375
32306488 5637150 425
32306596 5636980 425
32306463 5636940 399
32306525 5637150 475
32306596 5637040 475
32306596 5637153 -525
32306596 5637152 -475
32306596 5637152 -425
32306596 5637152 -375
32306596 5637152 -325
32306593 5637450 -275
32306596 5637450 -275
32306593 5637450 -225
32306593 5637450 -175
32306596 5637166 125
32306596 5637230 175
32306596 5637292 225
32306596 5637366 275
32306596 5637423 325
32306508 5637450 375
32306596 5637450 356
32306596 5637424 375
32306596 5637354 425
32306596 5637284 475
32306596 5637452 -275
32306596 5637452 -225
32306596 5637452 -175
32306596 5637452 -125
32306596 5637451 -75
32306596 5637451 -25
32306593 5637750 25
32306596 5637750 24
32306593 5637750 75
32306596 5637469 375
32306596 5637520 425
32306596 5637571 475
32306596 5637752 25
32306596 5637752 75
32306596 5637752 125
32306596 5637752 175
32306596 5637751 225
32306593 5638050 275
32306596 5638050 274
32306593 5638050 325
32306593 5638050 375
32306596 5638052 275
32306596 5638052 325
32306596 5638052 375
32306596 5638052 425
32306596 5638052 475
32306897 5623650 -2728
32306897 5623950 -2728
32306897 5624250 -2728
32306897 5624550 -2727
32306897 5624850 -2727
32306897 5625150 -2727
32306897 5625450 -2727
32306897 5625750 -2727
32306897 5626050 -2727
32306897 5626350 -2727
32306632 5626350 325
32306678 5626350 375
32306729 5626350 425
32306781 5626350 475
32306897 5626650 -2727
32306686 5626650 -125
32306843 5626650 -75
32306897 5626650 -51
32306897 5626622 -25
32306897 5626581 25
32306897 5626550 75
32306897 5626528 125
32306897 5626511 175
32306897 5626497 225
32306897 5626482 275
32306897 5626466 325
32306897 5626448 375
32306897 5626427 425
32306897 5626406 475
32306897 5626950 -2727
32306897 5626950 -172
32306897 5626790 -125
32306897 5626684 -75
32306897 5627250 -2727
32306897 5627243 -125
32306745 5627250 -75
32306897 5627250 -123
32306604 5627250 -25
32306897 5627550 -2728
32306897 5627372 -75
32306897 5627502 -25
32306744 5627550 25
32306897 5627550 -6
32306897 5627850 -2728
32306897 5627616 25
32306897 5627732 75
32306870 5627850 125
32306897 5627850 117
32306715 5627850 175
32306897 5628150 -2728
32306897 5627877 125
32306897 5628056 175
32306844 5628150 225
32306897 5628150 200
32306756 5628150 275
32306681 5628150 325
32306608 5628150 375
32306897 5628450 -2728
32306897 5628211 225
32306897 5628311 275
32306897 5628398 325
32306897 5628450 355
32306897 5628750 -2727
32306602 5628750 125
32306685 5628750 175
32306760 5628750 225
32306831 5628750 275
32306897 5628750 319
32306897 5628703 325
32306897 5629050 -2727
32306706 5629050 -25
32306829 5629050 25
32306897 5629050 56
32306897 5629024 75
32306897 5628962 125
32306897 5628906 175
32306897 5628853 225
32306897 5628799 275
32306897 5629350 -2727
32306774 5629350 -125
32306897 5629350 -101
32306897 5629293 -75
32306897 5629193 -25
32306897 5629102 25
32306897 5629650 -2727
32306741 5629650 -225
32306897 5629650 -177
32306897 5629641 -175
32306897 5629450 -125
32306897 5629950 -2726
32306704 5629950 -375
32306815 5629950 -325
32306897 5629950 -287
32306897 5629919 -275
32306897 5629787 -225
32306897 5630250 -2726
32306624 5630250 -575
32306740 5630250 -525
32306852 5630250 -475
32306897 5630250 -454
32306897 5630196 -425
32306897 5630105 -375
32306897 5630016 -325
32306897 5630550 -2726
32306645 5630550 -725
32306780 5630550 -675
32306897 5630550 -630
32306897 5630541 -625
32306897 5630453 -575
32306897 5630367 -525
32306897 5630283 -475
32306897 5630850 -2726
32306769 5630850 -825
32306897 5630850 -788
32306897 5630824 -775
32306897 5630727 -725
32306897 5630632 -675
32306897 5631150 -2726
32306866 5631150 -925
32306897 5631150 -919
32306897 5631047 -875
32306897 5630932 -825
32306864 5631450 -2725
32306897 5631450 -2725
32306883 5631450 -1025
32306897 5631450 -1023
32306897 5631309 -975
32306897 5631166 -925
32306892 5631750 -2725
32306897 5631750 -2725
32306897 5631750 -1104
32306897 5631640 -1075
32306897 5631453 -1025
32306897 5631755 -2725
32306897 5632050 -2675
32306897 5632050 -1162
32306897 5631856 -1125
32306894 5632350 -2675
32306897 5632350 -2675
32306784 5632350 -1175
32306897 5632350 -1195
32306897 5632164 -1175
32306897 5632352 -2675
32306895 5632650 -2625
32306897 5632650 -2625
32306836 5632650 -1975
32306897 5632650 -2016
32306897 5632634 -1975
32306897 5632616 -1925
32306763 5632650 -1925
32306897 5632650 -1917
32306791 5632650 -1175
32306897 5632650 -1198
32306897 5632652 -2625
32306895 5632950 -2575
32306897 5632950 -2575
32306601 5632950 -2275
32306723 5632950 -1975
32306897 5632950 -2001
32306897 5632889 -1875
32306897 5632865 -1825
32306754 5632950 -1775
32306897 5632950 -1798
32306710 5632950 -1725
32306670 5632950 -1675
32306875 5632950 -1325
32306897 5632950 -1342
32306897 5632914 -1325
32306897 5632950 -1277
32306835 5632950 -1225
32306897 5632950 -1273
32306897 5632785 -1225
32306897 5632718 -1175
32306897 5632950 -1210
32306897 5632861 -1125
32306897 5632950 -1093
32306897 5632952 -2575
32306895 5633250 -2525
32306897 5633250 -2525
32306897 5633237 -2275
32306823 5633250 -2275
32306897 5633250 -2286
32306897 5633250 -2272
32306611 5633250 -2225
32306665 5633250 -2175
32306897 5633140 -1975
32306689 5633250 -1925
32306897 5633250 -1959
32306897 5633091 -1775
32306897 5633135 -1725
32306897 5633111 -1675
32306897 5633104 -1625
32306741 5633250 -1575
32306897 5633250 -1603
32306762 5633250 -1525
32306897 5632988 -1325
32306897 5633132 -1225
32306897 5633177 -1175
32306852 5633250 -1175
32306897 5633250 -1202
32306897 5633040 -1125
32306771 5633250 -1125
32306692 5633250 -1075
32306615 5633250 -1025
32306641 5633250 -975
32306897 5633251 -2525
32306895 5633550 -2475
32306897 5633550 -2475
32306896 5633550 -2425
32306897 5633310 -2275
32306897 5633550 -2228
32306897 5633546 -2225
32306878 5633550 -2225
32306897 5633490 -2175
32306897 5633435 -2125
32306704 5633550 -2075
32306897 5633550 -2106
32306757 5633550 -2025
32306897 5633327 -1925
32306897 5633436 -1875
32306836 5633550 -1825
32306897 5633542 -1825
32306897 5633550 -1821
32306897 5633430 -1575
32306897 5633406 -1525
32306897 5633381 -1475
32306768 5633550 -1425
32306897 5633550 -1448
32306787 5633550 -1375
32306797 5633550 -1325
32306897 5633326 -1175
32306897 5633458 -1125
32306830 5633550 -1075
32306897 5633550 -1088
32306897 5633551 -2475
32306897 5633551 -2425
32306895 5633850 -2375
32306897 5633850 -2375
32306897 5633556 -2225
32306897 5633658 -2175
32306897 5633757 -2125
32306897 5633846 -2075
32306897 5633850 -2077
32306897 5633766 -2025
32306694 5633850 -1975
32306897 5633850 -2016
32306735 5633850 -1925
32306897 5633698 -1775
32306897 5633850 -1726
32306610 5633850 -1675
32306897 5633705 -1425
32306897 5633682 -1375
32306897 5633658 -1325
32306897 5633635 -1275
32306789 5633850 -1225
32306897 5633850 -1242
32306809 5633850 -1175
32306829 5633850 -1125
32306897 5633579 -1075
32306897 5633685 -1025
32306897 5633785 -975
32306770 5633850 -925
32306897 5633850 -940
32306897 5633851 -2375
32306897 5633851 -2325
32306894 5634150 -2275
32306897 5634150 -2275
32306897 5633857 -2075
32306897 5634002 -2025
32306660 5634150 -1925
32306897 5634150 -1972
32306897 5634091 -1925
32306897 5634031 -1875
32306685 5634150 -1825
32306897 5634150 -1859
32306735 5634150 -1775
32306897 5633852 -1725
32306897 5633983 -1675
32306897 5634111 -1625
32306711 5634150 -1575
32306897 5634150 -1609
32306897 5633970 -1225
32306897 5633948 -1175
32306897 5633926 -1125
32306897 5633905 -1075
32306816 5634150 -1025
32306897 5634150 -1038
32306835 5634150 -975
32306897 5633883 -925
32306853 5634150 -925
32306897 5633986 -875
32306897 5634088 -825
32306897 5634150 -794
32306897 5634152 -2275
32306897 5634152 -2225
32306894 5634450 -2175
32306897 5634450 -2175
32306895 5634450 -2125
32306897 5634229 -1925
32306897 5634310 -1875
32306897 5634427 -1775
32306897 5634450 -1788
32306897 5634297 -1725
32306705 5634450 -1675
32306897 5634450 -1705
32306755 5634450 -1625
32306897 5634230 -1575
32306897 5634344 -1525
32306878 5634450 -1475
32306897 5634450 -1479
32306632 5634450 -1425
32306897 5634241 -1025
32306897 5634221 -975
32306897 5634200 -925
32306897 5634180 -875
32306897 5634161 -825
32306897 5634199 -775
32306897 5634450 -780
32306864 5634450 -775
32306882 5634450 -725
32306897 5634332 -725
32306897 5634450 -684
32306897 5634452 -2175
32306897 5634452 -2125
32306894 5634750 -2075
32306897 5634750 -2075
32306894 5634750 -2025
32306897 5634478 -1775
32306897 5634632 -1725
32306897 5634708 -1625
32306897 5634750 -1648
32306897 5634619 -1575
32306686 5634750 -1525
32306897 5634750 -1563
32306897 5634455 -1475
32306729 5634750 -1475
32306897 5634528 -1425
32306897 5634601 -1375
32306897 5634674 -1325
32306653 5634750 -1275
32306897 5634750 -1302
32306897 5634487 -775
32306897 5634466 -725
32306897 5634752 -2075
32306897 5634752 -2025
32306897 5634752 -1975
32306894 5635050 -1925
32306897 5635050 -1925
32306895 5635050 -1875
32306897 5634795 -1625
32306897 5634893 -1575
32306897 5635050 -1494
32306897 5635023 -1475
32306736 5635050 -1475
32306726 5635010 -1458
32306897 5634955 -1425
32306669 5635050 -1375
32306897 5635050 -1414
32306713 5635050 -1325
32306897 5634835 -1275
32306655 5635050 -1275
32306897 5634904 -1225
32306668 5634836 -1259
32306897 5634973 -1175
32306897 5635042 -1125
32306897 5635050 -1119
32306897 5635052 -1925
32306897 5635052 -1875
32306897 5635052 -1825
32306894 5635350 -1775
32306897 5635350 -1775
32306885 5635350 -1725
32306897 5635084 -1475
32306897 5635174 -1425
32306897 5635350 -1324
32306897 5635278 -1275
32306775 5635350 -1275
32306897 5635350 -1265
32306643 5635350 -1225
32306678 5635350 -1175
32306724 5635350 -1125
32306897 5635126 -1075
32306897 5635211 -1025
32306897 5635295 -975
32306828 5635350 -925
32306897 5635350 -942
32306638 5635350 -875
32306897 5635352 -1775
32306897 5635352 -1725
32306897 5635352 -1675
32306894 5635650 -1625
32306897 5635650 -1625
32306894 5635650 -1575
32306897 5635431 -1275
32306897 5635650 -1137
32306897 5635631 -1125
32306871 5635650 -1125
32306767 5635650 -1075
32306897 5635556 -1075
32306897 5635650 -1066
32306613 5635650 -975
32306897 5635375 -925
32306671 5635650 -925
32306897 5635450 -875
32306897 5635522 -825
32306897 5635592 -775
32306874 5635650 -725
32306897 5635650 -732
32306715 5635650 -675
32306897 5635653 -1625
32306897 5635652 -1575
32306897 5635652 -1525
32306894 5635950 -1475
32306897 5635950 -1475
32306894 5635950 -1425
32306897 5635668 -1125
32306897 5635743 -1075
32306897 5635950 -931
32306897 5635940 -925
32306884 5635950 -925
32306784 5635950 -875
32306897 5635866 -875
32306897 5635792 -825
32306683 5635950 -825
32306603 5635950 -775
32306897 5635950 -810
32306897 5635659 -725
32306657 5635950 -725
32306897 5635726 -675
32306897 5635790 -625
32306897 5635853 -575
32306897 5635913 -525
32306821 5635950 -475
32306897 5635950 -494
32306618 5635950 -425
32306897 5635953 -1475
32306897 5635953 -1425
32306897 5635952 -1375
32306897 5635957 -1325
32306894 5636250 -1275
32306897 5636250 -1276
32306894 5636250 -1225
32306897 5635959 -925
32306897 5636031 -875
32306897 5636101 -825
32306897 5636190 -675
32306810 5636250 -675
32306897 5636250 -718
32306897 5636122 -625
32306709 5636250 -625
32306897 5636058 -575
32306610 5636250 -575
32306897 5636250 -556
32306640 5636250 -525
32306897 5635975 -475
32306692 5636250 -475
32306897 5636043 -425
32306897 5636112 -375
32306897 5636182 -325
32306887 5636250 -275
32306897 5636250 -277
32306723 5636250 -225
32306897 5636253 -1275
32306897 5636252 -1225
32306897 5636252 -1175
32306897 5636257 -1125
32306894 5636550 -1075
32306897 5636550 -1076
32306894 5636550 -1025
32306897 5636311 -675
32306897 5636382 -625
32306897 5636449 -575
32306897 5636550 -505
32306897 5636509 -475
32306842 5636550 -475
32306754 5636550 -425
32306897 5636443 -425
32306897 5636377 -375
32306671 5636550 -375
32306897 5636311 -325
32306897 5636253 -275
32306897 5636550 -301
32306652 5636550 -275
32306897 5636322 -225
32306706 5636550 -225
32306897 5636389 -175
32306897 5636454 -125
32306897 5636517 -75
32306841 5636550 -25
32306897 5636550 -48
32306719 5636550 25
32306897 5636553 -1075
32306897 5636552 -1025
32306897 5636552 -975
32306897 5636552 -925
32306894 5636850 -875
32306897 5636850 -875
32306894 5636850 -825
32306897 5636589 -475
32306897 5636653 -425
32306897 5636713 -375
32306897 5636770 -325
32306897 5636850 -250
32306897 5636813 -225
32306842 5636850 -225
32306730 5636850 -175
32306897 5636739 -175
32306897 5636663 -125
32306615 5636850 -125
32306897 5636588 -75
32306897 5636573 -25
32306897 5636850 -55
32306670 5636850 -25
32306897 5636621 25
32306710 5636850 25
32306897 5636669 75
32306778 5636850 75
32306897 5636717 125
32306897 5636767 175
32306897 5636819 225
32306796 5636850 275
32306897 5636850 253
32306897 5636853 -875
32306897 5636853 -825
32306897 5636852 -775
32306897 5636852 -725
32306897 5636852 -675
32306894 5637150 -625
32306897 5637150 -625
32306894 5637150 -575
32306897 5636880 -225
32306897 5636939 -175
32306897 5636998 -125
32306897 5637057 -75
32306897 5637150 2
32306897 5637122 25
32306832 5637150 25
32306766 5637096 46
32306897 5637061 75
32306693 5637150 75
32306664 5637106 108
32306897 5637000 125
32306897 5636941 175
32306897 5636883 225
32306897 5636876 275
32306897 5637150 249
32306733 5637150 275
32306897 5636936 325
32306782 5637150 325
32306897 5636995 375
32306897 5637055 425
32306897 5637114 475
32306897 5637153 -625
32306897 5637152 -575
32306897 5637152 -525
32306897 5637152 -475
32306897 5637152 -425
32306894 5637450 -375
32306897 5637450 -375
32306894 5637450 -325
32306897 5637183 25
32306897 5637255 75
32306897 5637325 125
32306897 5637393 175
32306882 5637450 225
32306897 5637450 218
32306897 5637392 275
32306769 5637450 275
32306716 5637391 303
32306897 5637340 325
32306661 5637450 325
32306663 5637399 354
32306897 5637288 375
32306897 5637235 425
32306897 5637182 475
32306897 5637452 -375
32306897 5637452 -325
32306897 5637452 -275
32306897 5637452 -225
32306897 5637451 -175
32306894 5637750 -125
32306897 5637750 -125
32306894 5637750 -75
32306895 5637750 -25
32306897 5637457 225
32306897 5637515 275
32306897 5637572 325
32306897 5637628 375
32306897 5637683 425
32306897 5637737 475
32306897 5637752 -125
32306897 5637752 -75
32306897 5637752 -25
32306897 5637752 25
32306897 5637751 75
32306897 5637751 125
32306894 5638050 175
32306897 5638050 174
32306895 5638050 225
32306897 5638052 175
32306897 5638052 225
32306897 5638052 275
32306897 5638052 325
32306897 5638051 375
32306894 5638350 425
32306897 5638350 424
32306894 5638350 475
32306897 5638353 425
32306897 5638352 475
32307198 5623650 -2728
32307198 5623950 -2728
32307198 5624250 -2728
32307198 5624550 -2728
32307198 5624850 -2727
32307198 5625150 -2727
32307198 5625450 -2727
32307198 5625750 -2727
32307198 5626050 -2727
32307198 5626350 -2727
32307198 5626650 -2727
32306935 5626650 -25
32306993 5626650 25
32307039 5626650 75
32307077 5626650 125
32307110 5626650 175
32307141 5626650 225
32307167 5626650 275
32307187 5626650 325
32307198 5626650 362
32307198 5626644 375
32307198 5626624 425
32307198 5626605 475
32307198 5626950 -2727
32307095 5626950 -125
32307198 5626950 -90
32307198 5626924 -75
32307198 5626858 -25
32307198 5626809 25
32307198 5626772 75
32307198 5626742 125
32307198 5626717 175
32307198 5626694 225
32307198 5626674 275
32307198 5626658 325
32307198 5627250 -2727
32307198 5627250 -163
32306904 5627250 -125
32307198 5627061 -125
32307198 5627550 -2728
32307198 5627513 -125
32307064 5627550 -75
32307198 5627550 -120
32306937 5627550 -25
32307198 5627850 -2728
32307198 5627655 -75
32307198 5627768 -25
32307159 5627850 25
32307198 5627850 11
32307014 5627850 75
32307198 5628150 -2728
32307198 5627894 25
32307198 5628062 75
32307123 5628150 125
32307198 5628150 100
32306971 5628150 175
32307198 5628450 -2728
32307198 5628294 125
32307164 5628450 175
32307198 5628450 156
32307083 5628450 225
32307011 5628450 275
32306941 5628450 325
32307198 5628750 -2728
32307198 5628517 175
32307198 5628677 225
32307080 5628750 275
32307198 5628750 248
32307198 5629050 -2727
32306949 5629050 75
32307070 5629050 125
32307168 5629050 175
32307198 5629050 191
32307198 5628889 225
32307198 5629350 -2727
32306999 5629350 -75
32307180 5629350 -25
32307198 5629350 -19
32307198 5629267 25
32307198 5629190 75
32307198 5629124 125
32307198 5629068 175
32307198 5629650 -2727
32306906 5629650 -175
32307101 5629650 -125
32307198 5629650 -102
32307198 5629547 -75
32307198 5629368 -25
32307198 5629950 -2726
32306928 5629950 -275
32307058 5629950 -225
32307190 5629950 -175
32307198 5629950 -171
32307198 5629758 -125
32307198 5630250 -2726
32306966 5630250 -425
32307080 5630250 -375
32307192 5630250 -325
32307198 5630250 -322
32307198 5630157 -275
32307198 5630057 -225
32307198 5629956 -175
32307198 5630550 -2726
32306910 5630550 -625
32307032 5630550 -575
32307149 5630550 -525
32307198 5630550 -502
32307198 5630502 -475
32307198 5630418 -425
32307198 5630336 -375
32307198 5630254 -325
32307198 5630850 -2726
32306936 5630850 -775
32307078 5630850 -725
32307198 5630850 -680
32307198 5630840 -675
32307198 5630753 -625
32307198 5630668 -575
32307198 5630585 -525
32307198 5631150 -2726
32307065 5631150 -875
32307198 5631150 -838
32307198 5631124 -825
32307198 5631027 -775
32307198 5630932 -725
32307198 5631450 -2725
32307183 5631450 -975
32307198 5631450 -972
32307198 5631342 -925
32307198 5631231 -875
32307198 5631750 -2725
32307198 5631750 -1082
32307198 5631730 -1075
32307198 5631592 -1025
32307198 5631457 -975
32307195 5632050 -2725
32307198 5632050 -2725
32307198 5632050 -1165
32307198 5631903 -1125
32307195 5632350 -2725
32307198 5632350 -2725
32307035 5632350 -1175
32307198 5632350 -1151
32307198 5632353 -2725
32307196 5632650 -2675
32307198 5632650 -2675
32306994 5632650 -2025
32307198 5632650 -2043
32307198 5632641 -2025
32306918 5632650 -1975
32307198 5632650 -2023
32306942 5632650 -1925
32307166 5632650 -1325
32307198 5632650 -1339
32307198 5632613 -1325
32307198 5632546 -1275
32307058 5632650 -1275
32307198 5632467 -1225
32306953 5632650 -1225
32307198 5632650 -1177
32307128 5632650 -1175
32307198 5632650 -1168
32307198 5632652 -2675
32307196 5632950 -2625
32307198 5632950 -2625
32307100 5632950 -2025
32307198 5632950 -2036
32307198 5632920 -1975
32307198 5632925 -1925
32306953 5632950 -1875
32307198 5632950 -1921
32306976 5632950 -1825
32307114 5632950 -1325
32307198 5632858 -1325
32306950 5632928 -1284
32306903 5632950 -1275
32307198 5632950 -1318
32307198 5632664 -1175
32307004 5632950 -1175
32306939 5632950 -1125
32307198 5632952 -2625
32307196 5633250 -2575
32307198 5633250 -2575
32307183 5633250 -2325
32307198 5633250 -2327
32307198 5633247 -2325
32306909 5633250 -2275
32307198 5633250 -2324
32307198 5632984 -2025
32307198 5633133 -1975
32307198 5633250 -1934
32307198 5633221 -1875
32307198 5633196 -1825
32307198 5633172 -1775
32306999 5633250 -1725
32307198 5633250 -1761
32307021 5633250 -1675
32307025 5633250 -1625
32307198 5633156 -1275
32307028 5633250 -1225
32307198 5633250 -1254
32307198 5633251 -2575
32307195 5633550 -2525
32307198 5633550 -2525
32307198 5633253 -2325
32306949 5633550 -2225
32306943 5633550 -2175
32306985 5633550 -2125
32307198 5633297 -1925
32307198 5633529 -1875
32306918 5633550 -1825
32307198 5633550 -1870
32307198 5633479 -1725
32307198 5633455 -1675
32307198 5633431 -1625
32307198 5633435 -1575
32307034 5633550 -1525
32307198 5633550 -1557
32307056 5633550 -1475
32307198 5633334 -1225
32307198 5633471 -1175
32307095 5633550 -1125
32307198 5633550 -1144
32307198 5633552 -2525
32307198 5633552 -2475
32307196 5633850 -2425
32307198 5633850 -2425
32306899 5633850 -2075
32306942 5633850 -2025
32307198 5633703 -1825
32307172 5633850 -1775
32307198 5633850 -1779
32307198 5633728 -1525
32307198 5633704 -1475
32307198 5633681 -1425
32307050 5633850 -1375
32307198 5633850 -1399
32307071 5633850 -1325
32307091 5633850 -1275
32307198 5633591 -1125
32307198 5633695 -1075
32307198 5633791 -1025
32307094 5633850 -975
32307198 5633850 -993
32307198 5633852 -2425
32307195 5634150 -2375
32307198 5634150 -2375
32307196 5634150 -2325
32306938 5634150 -1925
32306979 5634150 -1875
32307198 5633858 -1775
32307198 5633945 -1725
32307198 5634031 -1675
32307198 5634114 -1625
32307198 5634150 -1603
32307198 5634014 -1375
32307198 5633992 -1325
32307198 5633969 -1275
32307198 5633947 -1225
32307077 5634150 -1175
32307198 5634150 -1195
32307095 5634150 -1125
32307114 5634150 -1075
32307198 5633884 -975
32307198 5633978 -925
32307198 5634068 -875
32307170 5634150 -825
32307198 5634150 -828
32307198 5634152 -2375
32307198 5634152 -2325
32307195 5634450 -2275
32307198 5634450 -2275
32307196 5634450 -2225
32306910 5634450 -1775
32306997 5634450 -1725
32307198 5634218 -1575
32307198 5634374 -1525
32307198 5634450 -1476
32307198 5634300 -1175
32307198 5634277 -1125
32307198 5634244 -1075
32307198 5634224 -1025
32307103 5634450 -975
32307198 5634450 -991
32307121 5634450 -925
32307139 5634450 -875
32307198 5634157 -825
32307156 5634450 -825
32307136 5634171 -814
32307198 5634270 -775
32307198 5634388 -725
32307198 5634450 -700
32307198 5634452 -2275
32307198 5634452 -2225
32307198 5634452 -2175
32307196 5634750 -2125
32307198 5634750 -2125
32307198 5634750 -1725
32307198 5634749 -1725
32307196 5634750 -1725
32307198 5634750 -1724
32306921 5634750 -1625
32306972 5634750 -1575
32307198 5634453 -1475
32307198 5634566 -1425
32307198 5634681 -1375
32307114 5634750 -1325
32307198 5634750 -1345
32307198 5634566 -975
32307198 5634544 -925
32307198 5634522 -875
32307198 5634500 -825
32307198 5634480 -775
32307135 5634750 -725
32307198 5634750 -736
32307198 5634493 -675
32307153 5634750 -675
32307195 5634750 -625
32307198 5634714 -625
32307198 5634750 -616
32307198 5634752 -2125
32307198 5634752 -2075
32307195 5635050 -2025
32307198 5635050 -2025
32307196 5635050 -1975
32307198 5634751 -1725
32307198 5635050 -1586
32307198 5635035 -1575
32307161 5635050 -1575
32307198 5635050 -1566
32306918 5635050 -1475
32306971 5635050 -1425
32307198 5634794 -1325
32307198 5634903 -1275
32307198 5635016 -1225
32307082 5635050 -1175
32307198 5635050 -1210
32306916 5635050 -1125
32307198 5634825 -725
32307198 5634803 -675
32307198 5634754 -625
32307195 5635050 -475
32307198 5635030 -475
32307198 5635050 -475
32307198 5635050 -465
32307198 5635052 -2025
32307198 5635052 -1975
32307198 5635052 -1925
32307195 5635350 -1875
32307198 5635350 -1875
32307195 5635350 -1825
32307198 5635072 -1575
32307198 5635350 -1435
32307198 5635335 -1425
32307169 5635350 -1425
32307032 5635350 -1375
32307198 5635268 -1375
32307198 5635350 -1365
32306953 5635350 -1275
32307198 5635119 -1175
32307198 5635219 -1125
32307198 5635319 -1075
32307108 5635350 -1025
32307198 5635350 -1059
32306980 5635350 -975
32307198 5635054 -475
32307198 5635352 -1875
32307198 5635352 -1825
32307198 5635352 -1775
32307195 5635650 -1725
32307198 5635650 -1725
32307196 5635650 -1675
32307198 5635369 -1425
32307198 5635460 -1375
32307198 5635590 -1225
32307099 5635650 -1225
32307198 5635650 -1267
32307198 5635518 -1175
32306983 5635650 -1175
32306911 5635650 -1125
32307198 5635650 -1161
32306968 5635650 -1075
32307198 5635409 -1025
32307198 5635492 -975
32307198 5635572 -925
32307197 5635650 -875
32307198 5635650 -875
32307090 5635650 -825
32306985 5635650 -775
32307198 5635653 -1725
32307198 5635652 -1675
32307198 5635652 -1625
32307195 5635950 -1575
32307198 5635950 -1575
32307195 5635950 -1525
32307198 5635718 -1225
32307198 5635797 -1175
32307198 5635879 -1025
32307095 5635950 -1025
32307198 5635950 -1073
32307198 5635805 -975
32306989 5635950 -975
32306904 5635950 -925
32307198 5635950 -961
32307198 5635650 -875
32306957 5635950 -875
32307198 5635719 -825
32307010 5635950 -825
32307198 5635785 -775
32307198 5635848 -725
32307198 5635908 -675
32307172 5635950 -625
32307198 5635950 -637
32307069 5635950 -575
32306963 5635950 -525
32307198 5635953 -1575
32307198 5635952 -1525
32307198 5635952 -1475
32307198 5635964 -1425
32307195 5636250 -1375
32307198 5636250 -1378
32307190 5636250 -1325
32307198 5636020 -1025
32307198 5636091 -975
32307198 5636250 -858
32307198 5636204 -825
32307129 5636250 -825
32307022 5636250 -775
32307198 5636137 -775
32307198 5636069 -725
32306912 5636250 -725
32307198 5636250 -708
32306940 5636250 -675
32307198 5635965 -625
32306987 5636250 -625
32307198 5636026 -575
32307031 5636250 -575
32307198 5636085 -525
32307198 5636142 -475
32307198 5636199 -425
32307187 5636250 -375
32307198 5636250 -379
32307046 5636250 -325
32307198 5636253 -1375
32307198 5636252 -1325
32307198 5636252 -1275
32307195 5636550 -1225
32307198 5636550 -1225
32307195 5636550 -1175
32307190 5636550 -1125
32307198 5636297 -825
32307198 5636367 -775
32307198 5636437 -725
32307198 5636550 -644
32307198 5636526 -625
32307158 5636550 -625
32307198 5636468 -575
32307053 5636550 -575
32306942 5636550 -525
32307198 5636411 -525
32307198 5636354 -475
32306973 5636550 -425
32307198 5636550 -455
32307198 5636255 -375
32307019 5636550 -375
32307064 5636550 -325
32307198 5636323 -325
32307158 5636272 -366
32307198 5636393 -275
32306930 5636268 -281
32307198 5636464 -225
32307198 5636537 -175
32307091 5636550 -125
32307198 5636550 -166
32306964 5636550 -75
32307198 5636553 -1225
32307198 5636553 -1175
32307198 5636552 -1125
32307198 5636552 -1075
32307198 5636552 -1025
32307195 5636850 -975
32307198 5636850 -975
32307196 5636850 -925
32307198 5636577 -625
32307198 5636646 -575
32307198 5636714 -525
32307198 5636780 -475
32307198 5636850 -420
32307198 5636800 -375
32307121 5636850 -375
32307070 5636764 -352
32307198 5636744 -325
32307033 5636850 -325
32307198 5636686 -275
32306943 5636850 -275
32307198 5636625 -225
32306962 5636850 -175
32307198 5636850 -205
32307198 5636597 -125
32307004 5636850 -125
32307046 5636850 -75
32307198 5636652 -75
32307019 5636614 -97
32307198 5636707 -25
32306975 5636605 -49
32307198 5636764 25
32307198 5636824 75
32307141 5636850 125
32307198 5636850 96
32307044 5636850 175
32306950 5636850 225
32307198 5636852 -975
32307198 5636852 -925
32307198 5636852 -875
32307198 5636852 -825
32307195 5637150 -775
32307198 5637150 -775
32307196 5637150 -725
32307196 5637150 -675
32307198 5636907 -375
32307198 5636970 -325
32307198 5637034 -275
32307198 5637098 -225
32307181 5637150 -175
32307198 5637150 -186
32307198 5637138 -175
32307198 5637088 -125
32307104 5637150 -125
32307052 5637049 -101
32307198 5637037 -75
32307025 5637150 -75
32307198 5636984 -25
32306943 5637150 -25
32307198 5636929 25
32307198 5636873 75
32307113 5636923 96
32307198 5636889 125
32307198 5637150 102
32307013 5637150 125
32307059 5637150 175
32307198 5636954 175
32307085 5636932 145
32307102 5637150 225
32307198 5637017 225
32307198 5637079 275
32306990 5636933 253
32307198 5637140 325
32307126 5637150 375
32307198 5637150 333
32307039 5637150 425
32306951 5637150 475
32307198 5637153 -775
32307198 5637152 -725
32307198 5637152 -675
32307198 5637152 -625
32307198 5637151 -575
32307195 5637450 -525
32307198 5637450 -525
32307196 5637450 -475
32307196 5637450 -425
32307198 5637163 -175
32307198 5637226 -125
32307198 5637288 -75
32307198 5637351 -25
32307198 5637413 25
32307162 5637450 75
32307198 5637450 54
32307198 5637375 125
32307070 5637450 125
32307024 5637360 151
32307198 5637321 175
32306978 5637450 175
32307198 5637267 225
32307198 5637213 275
32307198 5637158 325
32307151 5637189 336
32307198 5637198 375
32307198 5637450 352
32307023 5637450 375
32307062 5637450 425
32307198 5637255 425
32307076 5637235 397
32307102 5637450 475
32307198 5637312 475
32307198 5637452 -525
32307198 5637452 -475
32307198 5637452 -425
32307198 5637452 -375
32307198 5637451 -325
32307198 5637451 -275
32307196 5637750 -225
32307198 5637750 -225
32307196 5637750 -175
32307198 5637471 75
32307198 5637526 125
32307198 5637581 175
32307198 5637635 225
32307198 5637690 275
32307198 5637744 325
32307161 5637721 333
32307198 5637699 375
32307110 5637750 375
32307198 5637750 330
32307059 5637669 398
32307198 5637643 425
32307014 5637750 425
32307198 5637587 475
32306919 5637750 475
32307198 5637752 -225
32307198 5637752 -175
32307198 5637752 -125
32307198 5637751 -75
32307198 5637751 -25
32307195 5638050 25
32307198 5638050 24
32307196 5638050 75
32307196 5638050 125
32307198 5637796 375
32307198 5637848 425
32307198 5637900 475
32307198 5638052 25
32307198 5638052 75
32307198 5638052 125
32307198 5638052 175
32307198 5638051 225
32307195 5638350 275
32307198 5638350 274
32307196 5638350 325
32307196 5638350 375
32307198 5638352 275
32307198 5638352 325
32307198 5638352 375
32307198 5638352 425
32307198 5638352 475
32307500 5623650 -2728
32307500 5623950 -2728
32307500 5624250 -2728
32307500 5624550 -2728
32307500 5624850 -2728
32307500 5625150 -2727
32307500 5625450 -2727
32307500 5625750 -2727
32307500 5626050 -2727
32307500 5626350 -2727
32307500 5626650 -2727
32307203 5626650 375
32307221 5626650 425
32307240 5626650 475
32307500 5626950 -2727
32307222 5626950 -75
32307286 5626950 -25
32307333 5626950 25
32307369 5626950 75
32307396 5626950 125
32307417 5626950 175
32307434 5626950 225
32307450 5626950 275
32307465 5626950 325
32307481 5626950 375
32307498 5626950 425
32307500 5626950 431
32307500 5626924 475
32307500 5627250 -2728
32307417 5627250 -125
32307500 5627250 -106
32307500 5627198 -75
32307500 5627135 -25
32307500 5627090 25
32307500 5627058 75
32307500 5627034 125
32307500 5627016 175
32307500 5627001 225
32307500 5626988 275
32307500 5626975 325
32307500 5626963 375
32307500 5626951 425
32307500 5627550 -2728
32307463 5627550 -175
32307500 5627550 -182
32307500 5627508 -175
32307500 5627301 -125
32307220 5627550 -125
32307500 5627850 -2728
32307500 5627609 -175
32307455 5627850 -125
32307500 5627850 -146
32307356 5627850 -75
32307264 5627850 -25
32307500 5628150 -2728
32307500 5627946 -125
32307498 5628150 -75
32307500 5628150 -75
32307416 5628150 -25
32307334 5628150 25
32307246 5628150 75
32307500 5628450 -2728
32307500 5628154 -75
32307499 5628450 -25
32307500 5628450 -25
32307412 5628450 25
32307329 5628450 75
32307248 5628450 125
32307500 5628750 -2728
32307500 5628452 -25
32307500 5628669 25
32307445 5628750 75
32307500 5628750 44
32307366 5628750 125
32307295 5628750 175
32307229 5628750 225
32307500 5629050 -2727
32307500 5628919 75
32307403 5629050 125
32307500 5629050 102
32307242 5629050 175
32307500 5629350 -2727
32307354 5629350 25
32307500 5629350 70
32307500 5629307 75
32307500 5629650 -2727
32307283 5629650 -75
32307436 5629650 -25
32307500 5629650 -4
32307500 5629517 25
32307500 5629950 -2726
32307373 5629950 -125
32307500 5629950 -95
32307500 5629884 -75
32307500 5629719 -25
32307500 5630250 -2726
32307340 5630250 -275
32307499 5630250 -225
32307500 5630250 -224
32307500 5630140 -175
32307500 5630023 -125
32307500 5630550 -2726
32307267 5630550 -475
32307387 5630550 -425
32307500 5630550 -376
32307500 5630546 -375
32307500 5630452 -325
32307500 5630353 -275
32307500 5630250 -225
32307500 5630850 -2726
32307212 5630850 -675
32307331 5630850 -625
32307445 5630850 -575
32307500 5630850 -549
32307500 5630807 -525
32307500 5630720 -475
32307500 5630633 -425
32307500 5631150 -2726
32307236 5631150 -825
32307371 5631150 -775
32307498 5631150 -725
32307500 5631150 -724
32307500 5631063 -675
32307500 5630977 -625
32307500 5630929 -575
32307500 5631450 -2726
32307369 5631450 -925
32307384 5631450 -875
32307474 5631450 -825
32307500 5631450 -810
32307500 5631324 -775
32307500 5631151 -725
32307495 5631750 -2775
32307500 5631745 -2775
32307500 5631750 -2775
32307216 5631750 -1075
32307336 5631750 -1025
32307451 5631750 -975
32307500 5631750 -953
32307500 5631620 -925
32307500 5631582 -875
32307500 5631479 -825
32307496 5632050 -2775
32307500 5632050 -2775
32307323 5632050 -1125
32307474 5632050 -1075
32307500 5632050 -1066
32307500 5631937 -1025
32307500 5631805 -975
32307500 5632053 -2775
32307500 5632350 -2725
32307425 5632350 -1275
32307500 5632350 -1315
32307500 5632299 -1275
32307500 5632238 -1225
32307334 5632350 -1225
32307500 5632178 -1175
32307242 5632350 -1175
32307500 5632280 -1125
32307500 5632083 -1075
32307497 5632650 -2725
32307500 5632650 -2725
32307206 5632650 -2025
32307500 5632650 -1349
32307500 5632430 -1325
32307210 5632650 -1175
32307500 5632652 -2725
32307497 5632950 -2675
32307500 5632950 -2675
32307287 5632950 -2025
32307226 5632950 -1975
32307221 5632950 -1925
32307278 5632950 -1325
32307500 5632950 -1343
32307500 5632952 -2675
32307497 5633250 -2625
32307500 5633250 -2625
32307200 5633250 -2325
32307500 5633228 -1925
32307500 5633250 -1971
32307500 5633204 -1875
32307251 5633250 -1825
32307500 5633250 -1867
32307275 5633250 -1775
32307500 5633064 -1325
32307357 5633250 -1275
32307500 5633250 -1293
32307500 5633252 -2625
32307497 5633550 -2575
32307500 5633550 -2575
32307500 5633374 -1925
32307500 5633506 -1875
32307500 5633532 -1825
32307500 5633550 -1857
32307500 5633482 -1775
32307500 5633458 -1725
32307289 5633550 -1675
32307500 5633550 -1710
32307312 5633550 -1625
32307306 5633550 -1575
32307500 5633313 -1275
32307500 5633473 -1225
32307365 5633550 -1175
32307500 5633550 -1199
32307500 5633552 -2575
32307497 5633850 -2525
32307500 5633850 -2525
32307497 5633850 -2475
32307500 5633669 -1825
32307413 5633850 -1775
32307500 5633846 -1775
32307500 5633850 -1773
32307500 5633798 -1675
32307500 5633772 -1625
32307500 5633746 -1575
32307305 5633850 -1525
32307500 5633850 -1560
32307321 5633850 -1475
32307353 5633850 -1425
32307500 5633608 -1175
32307500 5633721 -1125
32307500 5633827 -1075
32307331 5633850 -1025
32307500 5633850 -1063
32307500 5633852 -2525
32307500 5633852 -2475
32307497 5634150 -2425
32307500 5634150 -2425
32307500 5633987 -1725
32307500 5634124 -1675
32307302 5634150 -1625
32307500 5634150 -1665
32307500 5634082 -1525
32307500 5634062 -1475
32307500 5634027 -1425
32307500 5634002 -1375
32307330 5634150 -1325
32307500 5634150 -1355
32307348 5634150 -1275
32307366 5634150 -1225
32307500 5633902 -1025
32307500 5634021 -975
32307500 5634111 -925
32307385 5634150 -875
32307500 5634150 -902
32307500 5634152 -2425
32307500 5634152 -2375
32307497 5634450 -2325
32307500 5634450 -2325
32307500 5634252 -1625
32307500 5634375 -1575
32307414 5634450 -1525
32307500 5634450 -1544
32307500 5634352 -1325
32307500 5634330 -1275
32307500 5634309 -1225
32307500 5634288 -1175
32307340 5634450 -1125
32307500 5634450 -1150
32307371 5634450 -1075
32307388 5634450 -1025
32307500 5634186 -875
32307500 5634251 -825
32307500 5634316 -775
32307500 5634379 -725
32307442 5634450 -675
32307500 5634442 -675
32307500 5634450 -668
32307500 5634452 -2325
32307500 5634452 -2275
32307497 5634750 -2225
32307500 5634750 -2225
32307497 5634750 -2175
32307199 5634750 -1725
32307500 5634496 -1525
32307500 5634616 -1475
32307500 5634736 -1425
32307320 5634750 -1375
32307500 5634750 -1419
32307500 5634621 -1125
32307500 5634600 -1075
32307500 5634580 -1025
32307500 5634560 -975
32307500 5634541 -925
32307391 5634750 -875
32307500 5634750 -892
32307410 5634750 -825
32307429 5634750 -775
32307500 5634584 -625
32307500 5634750 -576
32307500 5634752 -2225
32307500 5634752 -2175
32307497 5635050 -2125
32307500 5635050 -2125
32307497 5635050 -2075
32307210 5635050 -1575
32307500 5634855 -1375
32307500 5634976 -1325
32307428 5635050 -1275
32307500 5635050 -1295
32307251 5635050 -1225
32307500 5634864 -875
32307500 5634843 -825
32307500 5634824 -775
32307500 5634804 -725
32307500 5634785 -675
32307456 5635050 -625
32307500 5635050 -632
32307500 5634756 -575
32307477 5635050 -575
32307498 5635050 -525
32307500 5635020 -525
32307249 5635050 -475
32307500 5635050 -520
32307500 5635052 -2125
32307500 5635052 -2075
32307500 5635052 -2025
32307496 5635350 -1975
32307500 5635350 -1975
32307497 5635350 -1925
32307500 5635334 -1525
32307462 5635350 -1525
32307500 5635350 -1537
32307500 5635271 -1475
32307314 5635350 -1475
32307210 5635350 -1425
32307500 5635350 -1465
32307265 5635350 -1375
32307500 5635095 -1275
32307500 5635209 -1225
32307500 5635324 -1175
32307386 5635350 -1125
32307500 5635350 -1164
32307242 5635350 -1075
32307500 5635096 -625
32307500 5635074 -575
32307500 5635052 -525
32307500 5635352 -1975
32307500 5635352 -1925
32307500 5635352 -1875
32307497 5635650 -1825
32307500 5635650 -1825
32307497 5635650 -1775
32307500 5635374 -1525
32307500 5635474 -1475
32307500 5635650 -1385
32307500 5635635 -1375
32307471 5635650 -1375
32307343 5635650 -1325
32307500 5635568 -1325
32307500 5635500 -1275
32307218 5635650 -1275
32307500 5635650 -1258
32307246 5635650 -1225
32307303 5635650 -1175
32307500 5635425 -1125
32307500 5635520 -1075
32307500 5635614 -1025
32307427 5635650 -975
32307500 5635650 -1005
32307311 5635650 -925
32307500 5635652 -1825
32307500 5635652 -1775
32307500 5635652 -1725
32307496 5635950 -1675
32307500 5635950 -1675
32307497 5635950 -1625
32307500 5635669 -1375
32307500 5635757 -1325
32307500 5635842 -1275
32307500 5635950 -1210
32307500 5635900 -1175
32307420 5635950 -1175
32307310 5635950 -1125
32307500 5635828 -1125
32307500 5635755 -1075
32307202 5635950 -1075
32307500 5635950 -1055
32307251 5635950 -1025
32307500 5635697 -975
32307306 5635950 -975
32307500 5635772 -925
32307500 5635844 -875
32307500 5635911 -825
32307461 5635950 -775
32307500 5635950 -794
32307364 5635950 -725
32307269 5635950 -675
32307500 5635953 -1675
32307500 5635952 -1625
32307500 5635952 -1575
32307500 5635952 -1525
32307497 5636250 -1475
32307500 5636250 -1475
32307483 5636250 -1425
32307500 5636005 -1175
32307500 5636082 -1125
32307500 5636156 -1075
32307500 5636250 -1008
32307500 5636203 -975
32307431 5636250 -975
32307331 5636250 -925
32307500 5636134 -925
32307500 5636064 -875
32307231 5636250 -875
32307500 5636250 -857
32307232 5636250 -825
32307500 5635975 -775
32307280 5636250 -775
32307500 5636037 -725
32307328 5636250 -725
32307500 5636095 -675
32307500 5636150 -625
32307500 5636202 -575
32307498 5636250 -525
32307500 5636250 -525
32307404 5636250 -475
32307302 5636250 -425
32307500 5636252 -1475
32307500 5636252 -1425
32307500 5636252 -1375
32307496 5636550 -1325
32307500 5636550 -1325
32307497 5636550 -1275
32307500 5636300 -975
32307500 5636373 -925
32307500 5636445 -875
32307500 5636550 -802
32307500 5636516 -775
32307446 5636550 -775
32307500 5636458 -725
32307351 5636550 -725
32307256 5636550 -675
32307500 5636401 -675
32307500 5636348 -625
32307265 5636550 -575
32307500 5636550 -603
32307500 5636250 -525
32307312 5636550 -525
32307500 5636316 -475
32307358 5636550 -475
32307500 5636383 -425
32307500 5636453 -375
32307500 5636527 -325
32307433 5636550 -275
32307500 5636550 -309
32307331 5636550 -225
32307218 5636550 -175
32307500 5636553 -1325
32307500 5636552 -1275
32307500 5636552 -1225
32307500 5636552 -1175
32307498 5636850 -1125
32307500 5636850 -1125
32307497 5636850 -1075
32307497 5636850 -1025
32307500 5636592 -775
32307500 5636669 -725
32307500 5636749 -675
32307500 5636832 -625
32307383 5636737 -612
32307500 5636804 -575
32307431 5636850 -575
32307500 5636850 -614
32307500 5636750 -525
32307349 5636850 -525
32307317 5636742 -498
32307500 5636698 -475
32307274 5636850 -475
32307500 5636649 -425
32307205 5636850 -425
32307500 5636603 -375
32307305 5636850 -325
32307500 5636850 -343
32307500 5636617 -275
32307364 5636850 -275
32307429 5636850 -225
32307500 5636725 -225
32307395 5636660 -250
32307500 5636844 -175
32307448 5636850 -125
32307500 5636850 -172
32307397 5636850 -75
32307345 5636850 -25
32307288 5636850 25
32307226 5636850 75
32307500 5636851 -1125
32307500 5636852 -1075
32307500 5636852 -1025
32307500 5636852 -975
32307500 5636851 -925
32307497 5637150 -875
32307500 5637150 -875
32307497 5637150 -825
32307500 5636906 -575
32307500 5636977 -525
32307500 5637047 -475
32307500 5637115 -425
32307461 5637150 -375
32307500 5637150 -399
32307500 5637050 -325
32307385 5637150 -325
32307343 5637010 -300
32307500 5636984 -275
32307315 5637150 -275
32307500 5636917 -225
32307248 5637150 -225
32307438 5636911 -179
32307500 5636852 -175
32307370 5637150 -25
32307500 5637009 -25
32307500 5637150 -37
32307421 5637150 25
32307500 5637062 25
32307470 5637150 75
32307500 5637115 75
32307478 5637150 125
32307500 5637150 107
32307416 5637150 175
32307351 5637150 225
32307282 5637150 275
32307210 5637150 325
32307500 5637152 -875
32307500 5637152 -825
32307500 5637152 -775
32307500 5637151 -725
32307500 5637151 -675
32307497 5637450 -625
32307500 5637450 -625
32307497 5637450 -575
32307500 5637178 -375
32307500 5637234 -325
32307500 5637288 -275
32307500 5637340 -225
32307500 5637392 -175
32307500 5637442 -125
32307424 5637450 -75
32307500 5637450 -117
32307500 5637320 -25
32307337 5637450 -25
32307500 5637253 25
32307250 5637450 25
32307500 5637189 75
32307341 5637450 225
32307500 5637450 205
32307500 5637258 225
32307382 5637450 275
32307500 5637305 275
32307330 5637255 252
32307423 5637450 325
32307500 5637354 325
32307500 5637404 375
32307491 5637450 425
32307500 5637450 420
32307408 5637450 475
32307500 5637452 -625
32307500 5637452 -575
32307500 5637452 -525
32307500 5637451 -475
32307500 5637451 -425
32307497 5637750 -375
32307500 5637750 -375
32307497 5637750 -325
32307497 5637750 -275
32307500 5637493 -75
32307500 5637543 -25
32307500 5637593 25
32307500 5637644 75
32307500 5637696 125
32307500 5637748 175
32307487 5637740 177
32307500 5637687 225
32307402 5637750 225
32307500 5637750 176
32307356 5637664 249
32307500 5637624 275
32307304 5637750 275
32307500 5637562 325
32307208 5637750 325
32307500 5637502 375
32307500 5637752 -375
32307500 5637752 -325
32307500 5637752 -275
32307500 5637752 -225
32307500 5637751 -175
32307497 5638050 -125
32307500 5638050 -125
32307497 5638050 -75
32307497 5638050 -25
32307500 5637802 225
32307500 5637856 275
32307500 5637910 325
32307500 5637963 375
32307500 5638017 425
32307464 5638050 475
32307500 5638050 456
32307500 5638052 -125
32307500 5638052 -75
32307500 5638052 -25
32307500 5638052 25
32307500 5638051 75
32307497 5638350 125
32307500 5638350 124
32307497 5638350 175
32307497 5638350 225
32307500 5638069 475
32307500 5638352 125
32307500 5638352 175
32307500 5638352 225
32307500 5638352 275
32307500 5638351 325
32307500 5638352 375
32307497 5638650 425
32307500 5638650 424
32307497 5638650 475
32307500 5638652 425
32307500 5638652 475
32307801 5623650 -2728
32307801 5623950 -2728
32307801 5624250 -2728
32307801 5624550 -2728
32307801 5624850 -2728
32307801 5625150 -2728
32307801 5625450 -2728
32307801 5625750 -2727
32307801 5626050 -2727
32307801 5626350 -2727
32307801 5626650 -2727
32307801 5626950 -2727
32307519 5626950 475
32307801 5627250 -2728
32307557 5627250 -75
32307630 5627250 -25
32307686 5627250 25
32307731 5627250 75
32307770 5627250 125
32307801 5627250 169
32307801 5627246 175
32307801 5627220 225
32307801 5627201 275
32307801 5627190 325
32307801 5627182 375
32307801 5627174 425
32307801 5627165 475
32307801 5627550 -2728
32307554 5627550 -175
32307801 5627550 -131
32307801 5627537 -125
32307801 5627454 -75
32307801 5627392 -25
32307801 5627344 25
32307801 5627306 75
32307801 5627275 125
32307801 5627850 -2728
32307801 5627705 -175
32307647 5627850 -175
32307801 5627850 -205
32307801 5628150 -2728
32307706 5628150 -175
32307801 5628150 -214
32307597 5628150 -125
32307801 5628450 -2728
32307791 5628450 -175
32307801 5628450 -179
32307683 5628450 -125
32307586 5628450 -75
32307801 5628750 -2728
32307801 5628465 -175
32307801 5628635 -125
32307766 5628750 -75
32307801 5628750 -88
32307647 5628750 -25
32307538 5628750 25
32307801 5629050 -2728
32307801 5628790 -75
32307801 5628927 -25
32307795 5629050 25
32307801 5629050 23
32307593 5629050 75
32307801 5629350 -2727
32307801 5629057 25
32307643 5629350 75
32307801 5629327 75
32307801 5629350 79
32307801 5629650 -2727
32307589 5629650 25
32307726 5629650 75
32307801 5629650 104
32307801 5629950 -2726
32307575 5629950 -75
32307751 5629950 -25
32307801 5629950 -10
32307801 5629856 25
32307801 5629725 75
32307801 5630250 -2726
32307724 5630250 -175
32307801 5630250 -158
32307801 5630179 -125
32307801 5630079 -75
32307801 5629979 -25
32307801 5630550 -2726
32307504 5630550 -375
32307581 5630550 -325
32307660 5630550 -275
32307738 5630550 -225
32307801 5630550 -185
32307801 5630441 -175
32307801 5630850 -2726
32307533 5630850 -525
32307600 5630850 -475
32307665 5630850 -425
32307727 5630850 -375
32307786 5630850 -325
32307801 5630850 -311
32307801 5630768 -275
32307801 5630650 -225
32307794 5631150 -2775
32307801 5631143 -2775
32307801 5631150 -2776
32307568 5631150 -675
32307634 5631150 -625
32307639 5631150 -575
32307732 5631150 -525
32307801 5631150 -484
32307801 5631132 -475
32307801 5631046 -425
32307801 5630959 -375
32307801 5630872 -325
32307796 5631450 -2775
32307801 5631450 -2775
32307586 5631450 -775
32307700 5631450 -725
32307801 5631450 -677
32307801 5631446 -675
32307801 5631366 -625
32307801 5631287 -575
32307801 5631210 -525
32307801 5631750 -2775
32307592 5631750 -925
32307745 5631750 -875
32307801 5631750 -855
32307801 5631696 -825
32307801 5631610 -775
32307801 5631527 -725
32307801 5632050 -2775
32307766 5632050 -1175
32307801 5632050 -1189
32307801 5632035 -1175
32307801 5631988 -1125
32307646 5632050 -1125
32307801 5631942 -1075
32307522 5632050 -1075
32307801 5632050 -1033
32307694 5632050 -1025
32307801 5632050 -1000
32307801 5631993 -975
32307801 5631889 -925
32307801 5631788 -875
32307797 5632350 -2775
32307801 5632350 -2775
32307801 5632350 -1285
32307801 5632317 -1275
32307801 5632158 -1225
32307801 5632074 -1025
32307797 5632650 -2775
32307801 5632650 -2775
32307801 5632650 -1339
32307801 5632567 -1325
32307801 5632653 -2775
32307797 5632950 -2725
32307801 5632950 -2725
32307801 5632950 -1353
32307801 5632953 -2725
32307798 5633250 -2675
32307801 5633250 -2675
32307520 5633250 -1925
32307542 5633250 -1875
32307801 5633236 -1325
32307801 5633250 -1323
32307801 5633253 -2675
32307798 5633550 -2625
32307801 5633550 -2625
32307801 5633550 -1900
32307801 5633537 -1875
32307620 5633550 -1875
32307801 5633514 -1825
32307560 5633550 -1775
32307801 5633550 -1819
32307581 5633550 -1725
32307801 5633456 -1275
32307645 5633550 -1225
32307801 5633550 -1251
32307801 5633552 -2625
32307798 5633850 -2575
32307801 5633850 -2575
32307801 5633658 -1875
32307785 5633850 -1825
32307801 5633850 -1827
32307801 5633825 -1775
32307510 5633850 -1775
32307801 5633801 -1725
32307801 5633778 -1675
32307566 5633850 -1625
32307801 5633850 -1663
32307588 5633850 -1575
32307801 5633597 -1225
32307801 5633683 -1175
32307801 5633765 -1125
32307801 5633844 -1075
32307801 5633850 -1071
32307801 5633852 -2575
32307801 5633852 -2525
32307798 5634150 -2475
32307801 5634150 -2475
32307801 5633859 -1825
32307801 5634016 -1775
32307772 5634150 -1725
32307801 5634150 -1731
32307542 5634150 -1675
32307801 5634100 -1625
32307801 5634077 -1575
32307801 5634054 -1525
32307609 5634150 -1475
32307801 5634150 -1505
32307602 5634150 -1425
32307623 5634150 -1375
32307801 5633947 -1025
32307801 5634046 -975
32307801 5634144 -925
32307801 5634150 -920
32307801 5634152 -2475
32307801 5634152 -2425
32307798 5634450 -2375
32307801 5634450 -2375
32307801 5634166 -1725
32307801 5634300 -1675
32307801 5634431 -1625
32307624 5634450 -1575
32307801 5634450 -1617
32307801 5634360 -1475
32307801 5634363 -1425
32307801 5634341 -1375
32307801 5634319 -1325
32307611 5634450 -1275
32307801 5634450 -1305
32307630 5634450 -1225
32307650 5634450 -1175
32307801 5634237 -875
32307801 5634331 -825
32307801 5634420 -775
32307689 5634450 -725
32307801 5634450 -757
32307521 5634450 -675
32307801 5634452 -2375
32307801 5634452 -2325
32307798 5634750 -2275
32307801 5634750 -2275
32307801 5634557 -1575
32307801 5634683 -1525
32307712 5634750 -1475
32307801 5634750 -1498
32307520 5634750 -1425
32307801 5634650 -1275
32307801 5634630 -1225
32307801 5634609 -1175
32307801 5634589 -1125
32307801 5634568 -1075
32307661 5634750 -1025
32307801 5634750 -1047
32307680 5634750 -975
32307699 5634750 -925
32307801 5634529 -725
32307801 5634651 -675
32307750 5634750 -625
32307801 5634750 -635
32307801 5634752 -2275
32307801 5634752 -2225
32307798 5635050 -2175
32307801 5635050 -2175
32307801 5634808 -1475
32307801 5634934 -1425
32307782 5635050 -1375
32307801 5635050 -1380
32307605 5635050 -1325
32307801 5634894 -1025
32307801 5634874 -975
32307801 5634854 -925
32307801 5634835 -875
32307801 5634816 -825
32307722 5635050 -775
32307801 5635050 -787
32307743 5635050 -725
32307762 5635050 -675
32307801 5634797 -625
32307792 5635050 -575
32307801 5635050 -576
32307526 5635050 -525
32307801 5635052 -2175
32307801 5635052 -2125
32307801 5635312 -2075
32307798 5635350 -2025
32307801 5635350 -2069
32307778 5635350 -1625
32307801 5635350 -1632
32307801 5635341 -1625
32307801 5635283 -1575
32307623 5635350 -1575
32307513 5635350 -1525
32307801 5635350 -1566
32307567 5635350 -1475
32307801 5635062 -1375
32307801 5635185 -1325
32307801 5635312 -1275
32307690 5635350 -1225
32307801 5635350 -1260
32307534 5635350 -1175
32307801 5635129 -775
32307801 5635108 -725
32307801 5635088 -675
32307801 5635068 -625
32307801 5635352 -2025
32307801 5635352 -1975
32307798 5635650 -1925
32307801 5635650 -1925
32307798 5635650 -1875
32307801 5635365 -1625
32307801 5635469 -1575
32307801 5635650 -1493
32307801 5635625 -1475
32307748 5635650 -1475
32307607 5635650 -1425
32307801 5635561 -1425
32307512 5635650 -1375
32307801 5635650 -1414
32307568 5635650 -1325
32307625 5635650 -1275
32307801 5635427 -1225
32307801 5635536 -1175
32307801 5635646 -1125
32307674 5635650 -1075
32307801 5635650 -1123
32307548 5635650 -1025
32307801 5635652 -1925
32307801 5635652 -1875
32307801 5635652 -1825
32307798 5635950 -1775
32307801 5635950 -1775
32307798 5635950 -1725
32307801 5635686 -1475
32307801 5635782 -1425
32307801 5635950 -1335
32307801 5635935 -1325
32307774 5635950 -1325
32307801 5635866 -1275
32307652 5635950 -1275
32307533 5635950 -1225
32307801 5635795 -1225
32307801 5635950 -1208
32307540 5635950 -1175
32307596 5635950 -1125
32307801 5635736 -1075
32307653 5635950 -1075
32307801 5635823 -1025
32307801 5635907 -975
32307751 5635950 -925
32307801 5635950 -948
32307650 5635950 -875
32307554 5635950 -825
32307801 5635952 -1775
32307801 5635952 -1725
32307801 5635952 -1675
32307801 5635951 -1625
32307798 5636250 -1575
32307801 5636250 -1575
32307798 5636250 -1525
32307801 5635968 -1325
32307801 5636052 -1275
32307801 5636135 -1225
32307801 5636250 -1152
32307801 5636210 -1125
32307740 5636250 -1125
32307675 5636159 -1104
32307801 5636138 -1075
32307634 5636250 -1075
32307801 5636065 -1025
32307532 5636250 -1025
32307801 5635990 -975
32307801 5635985 -925
32307801 5636250 -950
32307589 5636250 -925
32307801 5636056 -875
32307642 5636250 -875
32307801 5636125 -825
32307801 5636190 -775
32307797 5636250 -725
32307801 5636250 -727
32307714 5636250 -675
32307636 5636250 -625
32307564 5636250 -575
32307801 5636252 -1575
32307801 5636252 -1525
32307801 5636252 -1475
32307798 5636550 -1425
32307801 5636550 -1425
32307798 5636550 -1375
32307801 5636293 -1125
32307801 5636370 -1075
32307801 5636446 -1025
32307801 5636520 -975
32307687 5636444 -955
32307801 5636509 -925
32307739 5636550 -925
32307801 5636550 -955
32307672 5636454 -904
32307801 5636443 -875
32307639 5636550 -875
32307801 5636376 -825
32307542 5636550 -825
32307801 5636311 -775
32307629 5636550 -675
32307801 5636550 -695
32307801 5636321 -675
32307679 5636550 -625
32307801 5636388 -625
32307670 5636359 -651
32307801 5636455 -575
32307801 5636521 -525
32307753 5636550 -475
32307801 5636550 -503
32307672 5636550 -425
32307594 5636550 -375
32307521 5636550 -325
32307801 5636552 -1425
32307801 5636552 -1375
32307801 5636552 -1325
32307801 5636551 -1275
32307798 5636850 -1225
32307801 5636850 -1225
32307798 5636850 -1175
32307801 5636596 -925
32307801 5636672 -875
32307801 5636749 -825
32307801 5636827 -775
32307726 5636850 -725
32307801 5636850 -760
32307801 5636744 -675
32307623 5636850 -675
32307801 5636685 -625
32307521 5636850 -625
32307801 5636628 -575
32307801 5636573 -525
32307693 5636850 -425
32307801 5636670 -425
32307801 5636850 -438
32307742 5636850 -375
32307801 5636748 -375
32307801 5636827 -325
32307724 5636850 -275
32307801 5636850 -310
32307614 5636850 -225
32307504 5636850 -175
32307801 5636852 -1225
32307801 5636852 -1175
32307801 5636852 -1125
32307801 5636851 -1075
32307801 5636854 -1025
32307798 5637150 -975
32307801 5637150 -976
32307799 5637150 -925
32307801 5636901 -725
32307801 5636973 -675
32307801 5637045 -625
32307801 5637116 -575
32307749 5637150 -525
32307801 5637150 -550
32307649 5637150 -475
32307801 5636989 -425
32307550 5637150 -425
32307801 5636927 -375
32307801 5636866 -325
32307713 5637150 -175
32307801 5637026 -175
32307801 5637150 -185
32307801 5637088 -125
32307756 5637150 -125
32307799 5637150 -75
32307801 5637147 -75
32307717 5637150 -25
32307801 5637150 -72
32307632 5637150 25
32307550 5637150 75
32307801 5637152 -975
32307801 5637152 -925
32307801 5637151 -875
32307801 5637151 -825
32307798 5637450 -775
32307801 5637450 -775
32307798 5637450 -725
32307799 5637450 -675
32307801 5637180 -525
32307801 5637235 -475
32307801 5637288 -425
32307801 5637337 -375
32307801 5637383 -325
32307801 5637426 -275
32307752 5637450 -225
32307801 5637450 -247
32307801 5637326 -175
32307636 5637450 -175
32307801 5637238 -125
32307516 5637450 -125
32307801 5637153 -75
32307655 5637450 75
32307801 5637282 75
32307801 5637450 55
32307801 5637330 125
32307697 5637450 125
32307740 5637450 175
32307801 5637378 175
32307801 5637428 225
32307750 5637450 275
32307801 5637450 247
32307662 5637450 325
32307576 5637450 375
32307801 5637452 -775
32307801 5637452 -725
32307801 5637452 -675
32307801 5637451 -625
32307801 5637451 -575
32307798 5637750 -525
32307801 5637750 -525
32307798 5637750 -475
32307799 5637750 -425
32307801 5637474 -225
32307801 5637531 -175
32307801 5637590 -125
32307801 5637649 -75
32307801 5637708 -25
32307777 5637750 25
32307801 5637750 11
32307801 5637670 75
32307685 5637750 75
32307649 5637659 101
32307801 5637606 125
32307593 5637750 125
32307801 5637542 175
32307502 5637750 175
32307801 5637477 225
32307666 5637750 375
32307801 5637581 375
32307801 5637750 358
32307801 5637632 425
32307707 5637750 425
32307747 5637750 475
32307801 5637682 475
32307801 5637752 -525
32307801 5637752 -475
32307801 5637752 -425
32307801 5637751 -375
32307801 5637751 -325
32307798 5638050 -275
32307801 5638050 -275
32307798 5638050 -225
32307798 5638050 -175
32307801 5637764 25
32307801 5637819 75
32307801 5637874 125
32307801 5637929 175
32307801 5637982 225
32307801 5638036 275
32307734 5638050 325
32307801 5638050 287
32307801 5637945 375
32307645 5638050 375
32307801 5637886 425
32307555 5638050 425
32307801 5637827 475
32307801 5638052 -275
32307801 5638052 -225
32307801 5638052 -175
32307801 5638052 -125
32307801 5638051 -75
32307798 5638350 -25
32307801 5638350 -25
32307798 5638350 25
32307798 5638350 75
32307801 5638089 325
32307801 5638142 375
32307801 5638195 425
32307801 5638247 475
32307801 5638352 -25
32307801 5638352 25
32307801 5638352 75
32307801 5638352 125
32307801 5638351 175
32307798 5638650 225
32307801 5638650 224
32307798 5638650 275
32307798 5638650 325
32307797 5638650 375
32307801 5638652 225
32307801 5638652 275
32307801 5638652 325
32307801 5638652 375
32307801 5638652 425
32307801 5638651 475
32308102 5623650 -2729
32308102 5623950 -2728
32308102 5624250 -2728
32308102 5624550 -2728
32308102 5624850 -2728
32308102 5625150 -2728
32308102 5625450 -2728
32308102 5625750 -2728
32308102 5626050 -2728
32308102 5626350 -2727
32308102 5626650 -2727
32308102 5626950 -2727
32308102 5627250 -2728
32307805 5627250 175
32307832 5627250 225
32307853 5627250 275
32307865 5627250 325
32307873 5627250 375
32307881 5627250 425
32307889 5627250 475
32308102 5627550 -2728
32307813 5627550 -125
32307896 5627550 -75
32307961 5627550 -25
32308011 5627550 25
32308049 5627550 75
32308080 5627550 125
32308102 5627550 167
32308102 5627545 175
32308102 5627522 225
32308102 5627505 275
32308102 5627493 325
32308102 5627484 375
32308102 5627476 425
32308102 5627467 475
32308102 5627850 -2728
32307932 5627850 -175
32308100 5627850 -125
32308102 5627850 -124
32308102 5627760 -75
32308102 5627693 -25
32308102 5627642 25
32308102 5627603 75
32308102 5627572 125
32308102 5628150 -2728
32308102 5628150 -211
32308102 5628000 -175
32308102 5627851 -125
32308102 5628450 -2728
32308102 5628450 -219
32308102 5628750 -2728
32308102 5628672 -175
32307954 5628750 -125
32308102 5628750 -158
32308102 5629050 -2727
32308102 5628858 -125
32308102 5629006 -75
32307975 5629050 -25
32308102 5629050 -58
32308102 5629350 -2727
32308102 5629164 -25
32308102 5629311 25
32307836 5629350 75
32308102 5629350 39
32308102 5629650 -2727
32308102 5629513 75
32308102 5629650 110
32308102 5629950 -2727
32307954 5629950 25
32308102 5629950 66
32308102 5629895 75
32308102 5630250 -2727
32307863 5630250 -125
32307950 5630250 -75
32308029 5630250 -25
32308100 5630250 25
32308102 5630250 26
32308096 5630550 -2775
32308102 5630543 -2775
32308102 5630550 -2776
32307839 5630550 -175
32308032 5630550 -125
32308102 5630550 -107
32308102 5630472 -75
32308102 5630358 -25
32308102 5630253 25
32308093 5630850 -2775
32308102 5630850 -2776
32307891 5630850 -275
32308017 5630850 -225
32308102 5630850 -192
32308102 5630792 -175
32308102 5630616 -125
32308102 5631150 -2776
32307819 5631150 -475
32307909 5631150 -425
32307994 5631150 -375
32308075 5631150 -325
32308102 5631150 -308
32308102 5631071 -275
32308102 5630941 -225
32308102 5631450 -2776
32307805 5631450 -675
32307900 5631450 -625
32307989 5631450 -575
32308070 5631450 -525
32308102 5631450 -504
32308102 5631404 -475
32308102 5631328 -425
32308102 5631252 -375
32308102 5631175 -325
32308097 5631750 -2825
32308102 5631744 -2825
32308102 5631750 -2825
32307875 5631750 -825
32307990 5631750 -775
32308095 5631750 -725
32308102 5631750 -721
32308102 5631681 -675
32308102 5631610 -625
32308102 5631542 -575
32308102 5631476 -525
32308098 5632050 -2825
32308102 5632050 -2825
32307861 5632050 -1175
32308051 5632050 -1125
32308102 5632050 -1110
32308102 5631980 -1075
32308102 5631887 -1025
32307870 5632050 -1025
32308102 5631797 -975
32308102 5631899 -925
32308102 5631861 -875
32308102 5631824 -825
32308102 5631787 -775
32308102 5631752 -725
32308098 5632350 -2825
32308102 5632350 -2825
32307863 5632350 -1275
32308102 5632350 -1233
32308102 5632328 -1225
32308102 5632203 -1175
32308102 5632083 -1125
32308102 5632354 -2825
32308102 5632650 -2775
32307973 5632650 -1325
32308102 5632650 -1313
32308102 5632503 -1275
32308098 5632950 -2775
32308102 5632950 -2775
32308102 5632950 -1350
32308102 5632744 -1325
32308102 5632953 -2775
32308099 5633250 -2725
32308102 5633250 -2725
32308102 5633067 -1325
32308102 5633250 -1285
32308102 5633253 -2725
32308099 5633550 -2675
32308102 5633550 -2675
32308059 5633550 -1925
32308102 5633550 -1930
32308102 5633548 -1925
32307813 5633550 -1875
32308102 5633550 -1924
32307836 5633550 -1825
32308102 5633314 -1275
32308102 5633550 -1236
32308102 5633552 -2675
32308099 5633850 -2625
32308102 5633850 -2625
32308102 5633575 -1925
32308102 5633850 -1881
32308102 5633847 -1875
32308066 5633850 -1875
32308102 5633823 -1825
32308102 5633801 -1775
32307848 5633850 -1725
32308102 5633850 -1767
32307870 5633850 -1675
32308102 5633588 -1225
32308102 5633755 -1175
32308016 5633850 -1125
32308102 5633850 -1145
32307815 5633850 -1075
32308102 5633852 -2625
32308102 5633852 -2575
32308099 5634150 -2525
32308102 5634150 -2525
32308102 5633873 -1875
32308102 5634052 -1825
32308001 5634150 -1775
32308102 5634150 -1796
32308102 5634116 -1725
32308102 5634093 -1675
32308102 5634070 -1625
32307869 5634150 -1575
32308102 5634150 -1612
32307891 5634150 -1525
32308102 5633900 -1125
32308102 5634019 -1075
32308102 5634132 -1025
32307967 5634150 -975
32308102 5634150 -1017
32307815 5634150 -925
32308102 5634152 -2525
32308102 5634159 -2475
32308099 5634450 -2425
32308102 5634450 -2426
32308102 5634214 -1775
32308102 5634359 -1725
32308029 5634450 -1675
32308102 5634450 -1692
32307829 5634450 -1625
32308102 5634396 -1575
32308102 5634373 -1525
32308102 5634350 -1475
32308102 5634328 -1425
32307903 5634450 -1375
32308102 5634450 -1406
32307924 5634450 -1325
32308102 5634237 -975
32308102 5634336 -925
32308102 5634431 -875
32307987 5634450 -825
32308102 5634450 -864
32307847 5634450 -775
32308102 5634452 -2425
32308099 5634750 -2375
32308102 5634750 -2375
32308099 5634750 -2325
32308102 5634497 -1675
32308102 5634628 -1625
32308089 5634750 -1575
32308102 5634750 -1578
32307901 5634750 -1525
32308102 5634659 -1375
32308102 5634637 -1325
32308102 5634616 -1275
32308102 5634594 -1225
32307935 5634750 -1175
32308102 5634750 -1201
32307954 5634750 -1125
32307974 5634750 -1075
32308102 5634536 -825
32308102 5634643 -775
32308102 5634748 -725
32307935 5634750 -675
32308102 5634750 -724
32308102 5634752 -2375
32308102 5634752 -2325
32308102 5634752 -2275
32308099 5635050 -2225
32308102 5635050 -2225
32308102 5634758 -1575
32308102 5634887 -1525
32308102 5635017 -1475
32307965 5635050 -1425
32308102 5635050 -1462
32308102 5634923 -1175
32308102 5634902 -1125
32308102 5634881 -1075
32308102 5634861 -1025
32307976 5635050 -975
32308102 5635050 -995
32307993 5635050 -925
32308013 5635050 -875
32308033 5635050 -825
32308102 5634924 -675
32308025 5635050 -625
32308102 5635050 -642
32308102 5635052 -2225
32308102 5635052 -2175
32308099 5635350 -2125
32308102 5635350 -2125
32307835 5635350 -2075
32307808 5635350 -1625
32307859 5635350 -1575
32308102 5635146 -1425
32308102 5635277 -1375
32308023 5635350 -1325
32308102 5635350 -1348
32307851 5635350 -1275
32308102 5635177 -975
32308102 5635160 -925
32308102 5635139 -875
32308102 5635119 -825
32308102 5635099 -775
32308102 5635080 -725
32308068 5635350 -675
32308102 5635350 -680
32308102 5635157 -625
32308090 5635350 -625
32308102 5635350 -598
32308102 5635352 -2125
32308102 5635352 -2075
32308102 5635352 -2025
32308099 5635650 -1975
32308102 5635650 -1975
32308102 5635650 -1589
32308102 5635632 -1575
32308057 5635650 -1575
32307899 5635650 -1525
32308102 5635569 -1525
32307821 5635650 -1475
32308102 5635650 -1514
32307877 5635650 -1425
32308102 5635404 -1325
32308102 5635524 -1275
32308102 5635646 -1225
32307954 5635650 -1175
32308102 5635650 -1223
32307805 5635650 -1125
32308102 5635384 -675
32308102 5635362 -625
32308102 5635652 -1975
32308102 5635652 -1925
32308102 5635651 -1875
32308099 5635950 -1825
32308102 5635950 -1825
32308102 5635679 -1575
32308102 5635782 -1525
32308102 5635950 -1442
32308102 5635925 -1425
32308051 5635950 -1425
32307910 5635950 -1375
32308102 5635857 -1375
32308102 5635789 -1325
32307869 5635950 -1275
32308102 5635950 -1306
32307925 5635950 -1225
32308102 5635747 -1175
32308102 5635846 -1125
32308102 5635943 -1075
32307984 5635950 -1025
32308102 5635950 -1071
32307862 5635950 -975
32308102 5635952 -1825
32308102 5635952 -1775
32308102 5635951 -1725
32308099 5636250 -1675
32308102 5636250 -1675
32308100 5636250 -1625
32308102 5635982 -1425
32308102 5636073 -1375
32308102 5636161 -1325
32308102 5636250 -1274
32308102 5636179 -1225
32307977 5636250 -1225
32307854 5636250 -1175
32308102 5636106 -1175
32308102 5636031 -1125
32307885 5636250 -1075
32308102 5636250 -1103
32308102 5636026 -1025
32307940 5636250 -1025
32307995 5636250 -975
32308102 5636106 -975
32307928 5636034 -996
32308102 5636182 -925
32307906 5636044 -947
32308094 5636250 -875
32308102 5636250 -878
32307989 5636250 -825
32307890 5636250 -775
32308102 5636252 -1675
32308102 5636252 -1625
32308102 5636251 -1575
32308099 5636550 -1525
32308102 5636550 -1525
32308099 5636550 -1475
32308102 5636329 -1225
32308102 5636409 -1175
32308102 5636487 -1125
32308081 5636550 -1075
32308102 5636550 -1083
32308102 5636537 -1075
32308102 5636465 -1025
32307962 5636550 -1025
32307906 5636476 -993
32308102 5636392 -975
32307846 5636550 -975
32308102 5636319 -925
32307932 5636550 -825
32308102 5636550 -846
32308102 5636326 -825
32307983 5636550 -775
32308102 5636395 -775
32307944 5636346 -799
32308102 5636461 -725
32308032 5636550 -725
32308102 5636524 -675
32308042 5636550 -625
32308102 5636550 -654
32307942 5636550 -575
32307843 5636550 -525
32308102 5636552 -1525
32308102 5636552 -1475
32308102 5636552 -1425
32308102 5636551 -1375
32308099 5636850 -1325
32308102 5636850 -1325
32308100 5636850 -1275
32308102 5636563 -1075
32308102 5636639 -1025
32308102 5636714 -975
32308102 5636789 -925
32308081 5636850 -875
32308102 5636850 -883
32308102 5636771 -825
32307958 5636850 -825
32307888 5636789 -791
32308102 5636705 -775
32307836 5636850 -775
32308102 5636639 -725
32308102 5636575 -675
32307978 5636850 -575
32308102 5636660 -575
32308102 5636850 -591
32308024 5636850 -525
32308102 5636729 -525
32308102 5636798 -475
32308069 5636850 -475
32308073 5636850 -425
32308102 5636850 -437
32307954 5636850 -375
32307834 5636850 -325
32308102 5636852 -1325
32308102 5636852 -1275
32308102 5636852 -1225
32308102 5636851 -1175
32308099 5637150 -1125
32308102 5637150 -1125
32308100 5637150 -1075
32308096 5637150 -1025
32308102 5636862 -875
32308102 5636936 -825
32308102 5637010 -775
32308102 5637084 -725
32308087 5637150 -675
32308102 5637150 -681
32307969 5637150 -625
32308102 5637013 -575
32307855 5637150 -575
32308102 5636951 -525
32308102 5636892 -475
32308027 5637150 -325
32308102 5637026 -325
32308102 5637150 -334
32308102 5637112 -275
32308080 5637150 -275
32308102 5637150 -253
32307963 5637150 -175
32307883 5637150 -125
32307804 5637150 -75
32308102 5637152 -1125
32308102 5637152 -1075
32308102 5637152 -1025
32308102 5637151 -975
32308102 5637152 -925
32308100 5637450 -875
32308102 5637450 -875
32308100 5637450 -825
32308102 5637158 -675
32308102 5637226 -625
32308102 5637291 -575
32308102 5637354 -525
32308102 5637413 -475
32308072 5637450 -425
32308102 5637450 -442
32307991 5637450 -375
32308102 5637273 -325
32307915 5637450 -325
32308102 5637188 -275
32307841 5637450 -275
32307967 5637450 -75
32308102 5637318 -75
32308102 5637450 -90
32308102 5637364 -25
32308017 5637450 -25
32308065 5637450 25
32308102 5637410 25
32308088 5637450 75
32308102 5637450 66
32308007 5637450 125
32307924 5637450 175
32307839 5637450 225
32308102 5637452 -875
32308102 5637452 -825
32308102 5637451 -775
32308102 5637451 -725
32308099 5637750 -675
32308102 5637750 -675
32308100 5637750 -625
32308100 5637750 -575
32308102 5637472 -425
32308102 5637534 -375
32308102 5637598 -325
32308102 5637663 -275
32308102 5637728 -225
32308058 5637750 -175
32308102 5637750 -208
32307993 5637750 -125
32308102 5637610 -75
32307926 5637750 -75
32308102 5637554 -25
32307855 5637750 -25
32308102 5637497 25
32307992 5637750 225
32308102 5637615 225
32308102 5637750 212
32308102 5637665 275
32308034 5637750 275
32308074 5637750 325
32308102 5637715 325
32308078 5637750 375
32308102 5637750 360
32307998 5637750 425
32307915 5637750 475
32308102 5637752 -675
32308102 5637752 -625
32308102 5637751 -575
32308102 5637751 -525
32308102 5637751 -475
32308099 5638050 -425
32308102 5638050 -425
32308100 5638050 -375
32308100 5638050 -325
32308102 5637781 -175
32308102 5637826 -125
32308102 5637873 -75
32308102 5637920 -25
32308102 5637968 25
32308102 5638017 75
32308073 5638050 125
32308102 5638050 107
32307991 5638050 175
32308102 5637906 225
32307907 5638050 225
32308102 5637847 275
32307823 5638050 275
32308102 5637789 325
32307955 5638050 475
32308102 5637862 475
32308102 5638050 456
32308102 5638052 -425
32308102 5638052 -375
32308102 5638052 -325
32308102 5638051 -275
32308102 5638051 -225
32308099 5638350 -175
32308102 5638350 -175
32308099 5638350 -125
32308100 5638350 -75
32308102 5638067 125
32308102 5638116 175
32308102 5638166 225
32308102 5638217 275
32308102 5638268 325
32308102 5638320 375
32308063 5638350 425
32308102 5638350 403
32308102 5638264 475
32307974 5638350 475
32308102 5638352 -175
32308102 5638352 -125
32308102 5638352 -75
32308102 5638352 -25
32308102 5638351 25
32308099 5638650 75
32308102 5638650 74
32308099 5638650 125
32308099 5638650 175
32308102 5638372 425
32308102 5638426 475
32308102 5638652 75
32308102 5638652 125
32308102 5638652 175
32308102 5638652 225
32308102 5638651 275
32308102 5638651 325
32308099 5638950 375
32308102 5638950 374
32308099 5638950 425
32308100 5638950 475
32308102 5638952 375
32308102 5638952 425
32308102 5638952 475
32308403 5623650 -2729
32308403 5623950 -2729
32308403 5624250 -2728
32308403 5624550 -2728
32308403 5624850 -2728
32308403 5625150 -2728
32308403 5625450 -2728
32308403 5625750 -2728
32308403 5626050 -2728
32308403 5626350 -2728
32308403 5626650 -2728
32308403 5626950 -2728
32308403 5627250 -2728
32308403 5627550 -2728
32308107 5627550 175
32308133 5627550 225
32308152 5627550 275
32308163 5627550 325
32308172 5627550 375
32308179 5627550 425
32308187 5627550 475
32308403 5627850 -2728
32308163 5627850 -75
32308216 5627850 -25
32308261 5627850 25
32308300 5627850 75
32308333 5627850 125
32308360 5627850 175
32308380 5627850 225
32308395 5627850 275
32308403 5627850 311
32308403 5627845 325
32308403 5627829 375
32308403 5627814 425
32308403 5627798 475
32308403 5628150 -2728
32308170 5628150 -175
32308251 5628150 -125
32308321 5628150 -75
32308380 5628150 -25
32308403 5628150 -3
32308403 5628094 25
32308403 5628016 75
32308403 5627957 125
32308403 5627913 175
32308403 5627881 225
32308403 5627860 275
32308403 5628450 -2727
32308250 5628450 -175
32308393 5628450 -125
32308403 5628450 -120
32308403 5628311 -75
32308403 5628192 -25
32308403 5628750 -2727
32308403 5628486 -125
32308403 5628750 -152
32308403 5629050 -2727
32308383 5629050 -125
32308403 5629050 -129
32308168 5629050 -75
32308403 5629350 -2727
32308403 5629070 -125
32308403 5629272 -75
32308310 5629350 -25
32308403 5629350 -52
32308147 5629350 25
32308403 5629650 -2727
32308403 5629448 -25
32308403 5629600 25
32308260 5629650 75
32308403 5629650 43
32308403 5629950 -2727
32308121 5629950 75
32308403 5629714 75
32308403 5629810 125
32308233 5629950 125
32308340 5629950 175
32308403 5629898 175
32308403 5629950 205
32308403 5630250 -2727
32308202 5630250 75
32308295 5630250 125
32308384 5630250 175
32308403 5630250 185
32308403 5630543 -2775
32308403 5630550 -2776
32308190 5630550 -75
32308315 5630550 -25
32308403 5630550 13
32308403 5630527 25
32308403 5630434 75
32308403 5630349 125
32308403 5630267 175
32308403 5630850 -2776
32308157 5630850 -175
32308320 5630850 -125
32308403 5630850 -100
32308403 5630780 -75
32308403 5630647 -25
32308403 5631150 -2776
32308171 5631150 -275
32308275 5631150 -225
32308378 5631150 -175
32308403 5631150 -162
32308403 5630981 -125
32308395 5631450 -2825
32308403 5631442 -2825
32308403 5631450 -2826
32308155 5631450 -475
32308242 5631450 -425
32308323 5631450 -375
32308400 5631450 -325
32308403 5631450 -322
32308403 5631365 -275
32308403 5631273 -225
32308403 5631175 -175
32308403 5631750 -2826
32308273 5631750 -775
32308403 5631750 -818
32308403 5631720 -775
32308403 5631688 -725
32308114 5631750 -725
32308403 5631655 -675
32308403 5631624 -625
32308403 5631593 -575
32308403 5631563 -525
32308403 5631534 -475
32308403 5631505 -425
32308403 5631508 -375
32308403 5631452 -325
32308398 5632050 -2875
32308403 5632044 -2875
32308403 5632050 -2875
32308217 5632050 -1075
32308364 5632050 -1025
32308403 5632050 -1010
32308403 5631990 -975
32308403 5631910 -925
32308403 5631833 -875
32308403 5631759 -825
32308403 5632054 -2875
32308403 5632350 -2825
32308142 5632350 -1225
32308360 5632350 -1175
32308403 5632350 -1164
32308403 5632269 -1125
32308403 5632170 -1075
32308403 5632076 -1025
32308399 5632650 -2825
32308403 5632650 -2825
32308393 5632650 -1275
32308403 5632650 -1273
32308403 5632512 -1225
32308403 5632377 -1175
32308403 5632653 -2825
32308403 5632950 -2775
32308208 5632950 -1325
32308403 5632950 -1276
32308403 5632777 -1275
32308400 5633250 -2775
32308403 5633250 -2775
32308403 5633250 -1298
32308403 5633253 -2775
32308400 5633550 -2725
32308403 5633550 -2725
32308104 5633550 -1925
32308396 5633550 -1275
32308403 5633550 -1275
32308403 5633553 -2725
32308403 5633568 -2675
32308403 5633850 -2627
32308403 5633846 -1925
32308359 5633850 -1925
32308403 5633850 -1932
32308403 5633850 -1924
32308105 5633850 -1875
32308128 5633850 -1825
32308150 5633850 -1775
32308403 5633554 -1275
32308403 5633786 -1225
32308236 5633850 -1175
32308403 5633850 -1210
32308403 5633852 -2625
32308400 5634150 -2575
32308403 5634150 -2575
32308403 5633881 -1925
32308403 5634150 -1860
32308403 5634133 -1825
32308235 5634150 -1825
32308403 5634110 -1775
32308403 5634087 -1725
32308157 5634150 -1675
32308403 5634150 -1715
32308179 5634150 -1625
32308403 5633955 -1175
32308403 5634096 -1125
32308296 5634150 -1075
32308403 5634150 -1105
32308128 5634150 -1025
32308403 5634152 -2575
32308403 5634246 -2525
32308393 5634450 -2475
32308403 5634450 -2491
32308403 5634263 -1825
32308403 5634421 -1775
32308234 5634450 -1725
32308403 5634450 -1765
32308403 5634407 -1675
32308403 5634384 -1625
32308403 5634362 -1575
32308175 5634450 -1525
32308403 5634450 -1561
32308196 5634450 -1475
32308217 5634450 -1425
32308403 5634219 -1075
32308403 5634330 -1025
32308403 5634434 -975
32308275 5634450 -925
32308403 5634450 -967
32308131 5634450 -875
32308403 5634452 -2475
32308400 5634750 -2425
32308403 5634750 -2425
32308403 5634563 -1725
32308403 5634699 -1675
32308281 5634750 -1625
32308403 5634750 -1656
32308403 5634690 -1525
32308403 5634667 -1475
32308403 5634645 -1425
32308403 5634623 -1375
32308209 5634750 -1325
32308403 5634750 -1355
32308229 5634750 -1275
32308249 5634750 -1225
32308403 5634539 -925
32308403 5634641 -875
32308403 5634739 -825
32308261 5634750 -775
32308403 5634750 -819
32308104 5634750 -725
32308403 5634752 -2425
32308403 5634752 -2375
32308400 5635050 -2325
32308403 5635050 -2325
32308401 5635050 -2275
32308403 5634831 -1625
32308403 5634961 -1575
32308341 5635050 -1525
32308403 5635050 -1541
32308149 5635050 -1475
32308403 5634953 -1325
32308403 5634931 -1275
32308403 5634910 -1225
32308403 5634889 -1175
32308244 5635050 -1125
32308403 5635050 -1150
32308265 5635050 -1075
32308284 5635050 -1025
32308403 5634866 -775
32308403 5635001 -725
32308257 5635050 -675
32308403 5635050 -707
32308403 5635052 -2325
32308403 5635052 -2275
32308403 5635052 -2225
32308400 5635350 -2175
32308403 5635350 -2175
32308403 5635091 -1525
32308403 5635220 -1475
32308399 5635350 -1425
32308403 5635350 -1426
32308207 5635350 -1375
32308403 5635214 -1125
32308403 5635192 -1075
32308403 5635171 -1025
32308403 5635151 -975
32308403 5635131 -925
32308310 5635350 -875
32308403 5635350 -890
32308331 5635350 -825
32308352 5635350 -775
32308373 5635350 -725
32308403 5635211 -675
32308258 5635350 -625
32308403 5635350 -651
32308403 5635352 -2175
32308403 5635352 -2125
32308400 5635650 -2075
32308403 5635650 -2075
32308401 5635650 -2025
32308231 5635650 -1625
32308403 5635650 -1672
32308403 5635590 -1625
32308117 5635650 -1575
32308403 5635650 -1617
32308170 5635650 -1525
32308403 5635352 -1425
32308403 5635475 -1375
32308403 5635600 -1325
32308290 5635650 -1275
32308403 5635650 -1305
32308107 5635650 -1225
32308403 5635446 -875
32308403 5635424 -825
32308403 5635402 -775
32308403 5635380 -725
32308403 5635359 -675
32308403 5635456 -625
32308403 5635650 -628
32308383 5635650 -625
32308403 5635650 -582
32308403 5635652 -2075
32308403 5635652 -2025
32308403 5635652 -1975
32308400 5635950 -1925
32308403 5635950 -1925
32308401 5635950 -1875
32308403 5635752 -1625
32308403 5635950 -1532
32308403 5635939 -1525
32308377 5635950 -1525
32308209 5635950 -1475
32308403 5635873 -1475
32308403 5635807 -1425
32308175 5635950 -1375
32308403 5635950 -1408
32308229 5635950 -1325
32308403 5635715 -1275
32308403 5635822 -1225
32308403 5635929 -1175
32308273 5635950 -1125
32308403 5635950 -1165
32308113 5635950 -1075
32308403 5635672 -625
32308403 5635952 -1925
32308403 5635952 -1875
32308403 5635952 -1825
32308400 5636250 -1775
32308403 5636250 -1775
32308401 5636250 -1725
32308403 5635965 -1525
32308403 5636060 -1475
32308403 5636153 -1425
32308403 5636250 -1372
32308403 5636182 -1325
32308257 5636250 -1325
32308105 5636250 -1275
32308403 5636111 -1275
32308403 5636038 -1225
32308206 5636250 -1175
32308403 5636250 -1202
32308403 5636021 -1125
32308259 5636250 -1125
32308403 5636107 -1075
32308403 5636191 -1025
32308364 5636250 -975
32308403 5636250 -988
32308226 5636250 -925
32308403 5636252 -1775
32308403 5636252 -1725
32308403 5636252 -1675
32308400 5636550 -1625
32308403 5636550 -1625
32308401 5636550 -1575
32308403 5636329 -1325
32308403 5636412 -1275
32308403 5636492 -1225
32308365 5636550 -1175
32308403 5636550 -1187
32308403 5636531 -1175
32308304 5636495 -1157
32308403 5636457 -1125
32308220 5636550 -1125
32308168 5636504 -1088
32308403 5636382 -1075
32308403 5636306 -1025
32308403 5636270 -975
32308403 5636550 -1002
32308209 5636550 -975
32308257 5636550 -925
32308403 5636343 -925
32308304 5636307 -957
32308403 5636414 -875
32308306 5636550 -875
32308403 5636482 -825
32308403 5636547 -775
32308279 5636550 -725
32308403 5636550 -772
32308153 5636550 -675
32308403 5636552 -1625
32308403 5636552 -1575
32308403 5636552 -1525
32308403 5636551 -1475
32308400 5636850 -1425
32308403 5636850 -1425
32308401 5636850 -1375
32308403 5636569 -1175
32308403 5636645 -1125
32308403 5636720 -1075
32308403 5636792 -1025
32308375 5636850 -975
32308403 5636850 -984
32308403 5636836 -975
32308321 5636806 -960
32308403 5636766 -925
32308226 5636850 -925
32308403 5636695 -875
32308403 5636624 -825
32308403 5636552 -775
32308382 5636564 -770
32308403 5636613 -725
32308403 5636850 -748
32308244 5636850 -725
32308287 5636850 -675
32308403 5636678 -675
32308213 5636610 -694
32308403 5636741 -625
32308330 5636850 -625
32308403 5636802 -575
32308373 5636850 -525
32308403 5636850 -534
32308220 5636850 -475
32308403 5636852 -1425
32308403 5636852 -1375
32308403 5636852 -1325
32308403 5636851 -1275
32308400 5637150 -1225
32308403 5637150 -1225
32308401 5637150 -1175
32308403 5636863 -975
32308403 5636936 -925
32308403 5637008 -875
32308403 5637079 -825
32308403 5637149 -775
32308396 5637146 -773
32308403 5637086 -725
32308247 5637150 -725
32308403 5637150 -774
32308403 5637023 -675
32308403 5636960 -625
32308403 5636898 -575
32308276 5637150 -475
32308403 5636927 -475
32308403 5637150 -494
32308403 5636992 -425
32308314 5637150 -425
32308351 5637150 -375
32308403 5637055 -375
32308403 5637118 -325
32308250 5637150 -275
32308403 5637150 -299
32308403 5637152 -1225
32308403 5637152 -1175
32308403 5637152 -1125
32308403 5637151 -1075
32308400 5637450 -1025
32308403 5637450 -1025
32308401 5637450 -975
32308400 5637450 -925
32308403 5637221 -725
32308403 5637293 -675
32308403 5637365 -625
32308403 5637437 -575
32308299 5637450 -525
32308403 5637450 -566
32308403 5637343 -475
32308178 5637450 -475
32308403 5637286 -425
32308403 5637231 -375
32308403 5637177 -325
32308403 5637450 -241
32308279 5637450 -225
32308403 5637250 -225
32308320 5637450 -175
32308403 5637315 -175
32308360 5637450 -125
32308403 5637379 -125
32308403 5637442 -75
32308308 5637450 -25
32308403 5637450 -68
32308196 5637450 25
32308403 5637452 -1025
32308403 5637452 -975
32308403 5637452 -925
32308403 5637451 -875
32308403 5637453 -825
32308401 5637750 -775
32308403 5637750 -775
32308401 5637750 -725
32308403 5637509 -525
32308403 5637580 -475
32308403 5637652 -425
32308403 5637725 -375
32308334 5637750 -325
32308403 5637750 -358
32308232 5637750 -275
32308403 5637606 -225
32308134 5637750 -225
32308403 5637555 -175
32308403 5637505 -125
32308403 5637456 -75
32308283 5637750 25
32308403 5637565 25
32308403 5637750 9
32308403 5637623 75
32308320 5637750 75
32308357 5637750 125
32308403 5637680 125
32308393 5637750 175
32308403 5637735 175
32308341 5637750 225
32308403 5637750 188
32308254 5637750 275
32308165 5637750 325
32308403 5637752 -775
32308403 5637752 -725
32308403 5637751 -675
32308403 5637751 -625
32308400 5638050 -575
32308403 5638050 -575
32308401 5638050 -525
32308401 5638050 -475
32308403 5637785 -325
32308403 5637836 -275
32308403 5637887 -225
32308403 5637936 -175
32308403 5637985 -125
32308403 5638035 -75
32308339 5638050 -25
32308403 5638050 -60
32308403 5637938 25
32308248 5638050 25
32308403 5637878 75
32308159 5638050 75
32308403 5637820 125
32308403 5637764 175
32308276 5638050 325
32308403 5637882 325
32308403 5638050 309
32308403 5637932 375
32308315 5638050 375
32308354 5638050 425
32308403 5637983 425
32308403 5638034 475
32308403 5638052 -575
32308403 5638052 -525
32308403 5638052 -475
32308403 5638051 -425
32308403 5638051 -375
32308400 5638350 -325
32308403 5638350 -325
32308400 5638350 -275
32308401 5638350 -225
32308403 5638083 -25
32308403 5638132 25
32308403 5638182 75
32308403 5638233 125
32308403 5638285 175
32308403 5638337 225
32308333 5638350 275
32308403 5638350 236
32308403 5638238 325
32308242 5638350 325
32308403 5638179 375
32308153 5638350 375
32308403 5638122 425
32308403 5638066 475
32308403 5638352 -325
32308403 5638352 -275
32308403 5638352 -225
32308403 5638352 -175
32308403 5638351 -125
32308400 5638650 -75
32308403 5638650 -75
32308400 5638650 -25
32308401 5638650 25
32308403 5638393 275
32308403 5638449 325
32308403 5638504 375
32308403 5638558 425
32308403 5638612 475
32308403 5638652 -75
32308403 5638652 -25
32308403 5638652 25
32308403 5638652 75
32308403 5638651 125
32308403 5638651 175
32308401 5638950 225
32308403 5638950 224
32308401 5638950 275
32308401 5638950 325
32308403 5638952 225
32308403 5638951 275
32308403 5638951 325
32308403 5638951 375
32308403 5638951 425
32308401 5639250 475
32308403 5639250 474
32308403 5639252 475
32308704 5623650 -2729
32308704 5623950 -2729
32308704 5624250 -2729
32308704 5624550 -2728
32308704 5624850 -2728
32308704 5625150 -2728
32308704 5625450 -2728
32308704 5625750 -2728
32308704 5626050 -2728
32308704 5626350 -2728
32308704 5626650 -2728
32308704 5626950 -2728
32308704 5627250 -2728
32308704 5627550 -2728
32308704 5627850 -2727
32308407 5627850 325
32308419 5627850 375
32308434 5627850 425
32308450 5627850 475
32308704 5628150 -2727
32308423 5628150 25
32308454 5628150 75
32308482 5628150 125
32308508 5628150 175
32308534 5628150 225
32308560 5628150 275
32308589 5628150 325
32308622 5628150 375
32308659 5628150 425
32308698 5628150 475
32308704 5628450 -2727
32308464 5628450 -75
32308519 5628450 -25
32308567 5628450 25
32308610 5628450 75
32308653 5628450 125
32308697 5628450 175
32308704 5628450 183
32308704 5628399 225
32308704 5628343 275
32308704 5628292 325
32308704 5628243 375
32308704 5628197 425
32308704 5628155 475
32308704 5628750 -2727
32308537 5628750 -125
32308704 5628750 -79
32308704 5628743 -75
32308704 5628684 -25
32308704 5628630 25
32308704 5628577 75
32308704 5628521 125
32308704 5628461 175
32308704 5629050 -2727
32308704 5629050 -164
32308704 5628900 -125
32308704 5629350 -2727
32308663 5629350 -125
32308704 5629350 -137
32308487 5629350 -75
32308704 5629650 -2727
32308704 5629374 -125
32308704 5629468 -75
32308704 5629556 -25
32308704 5629638 25
32308704 5629650 32
32308704 5629950 -2727
32308704 5629800 75
32308683 5629950 125
32308704 5629950 119
32308506 5629950 175
32308702 5630250 -2775
32308704 5630247 -2775
32308704 5630250 -2775
32308704 5629966 125
32308704 5630107 175
32308704 5630243 225
32308687 5630250 225
32308704 5630250 227
32308704 5630550 -2777
32308425 5630550 25
32308516 5630550 75
32308600 5630550 125
32308681 5630550 175
32308704 5630550 189
32308704 5630268 225
32308704 5630850 -2776
32308481 5630850 -75
32308629 5630850 -25
32308704 5630850 1
32308704 5630805 25
32308704 5630720 75
32308704 5630644 125
32308704 5630570 175
32308696 5631150 -2825
32308704 5631141 -2825
32308704 5631150 -2826
32308550 5631150 -125
32308704 5631150 -88
32308704 5631107 -75
32308704 5630940 -25
32308704 5631450 -2848
32308699 5631450 -475
32308704 5631450 -477
32308704 5631448 -475
32308704 5631413 -425
32308600 5631450 -425
32308704 5631377 -375
32308502 5631450 -375
32308704 5631340 -325
32308407 5631450 -325
32308704 5631303 -275
32308704 5631264 -225
32308704 5631417 -175
32308704 5631272 -125
32308699 5631750 -2875
32308704 5631637 -2875
32308704 5631750 -2875
32308504 5631750 -775
32308611 5631750 -725
32308704 5631750 -678
32308704 5631744 -675
32308704 5631668 -625
32308704 5631594 -575
32308704 5631519 -525
32308704 5632050 -2875
32308502 5632050 -975
32308630 5632050 -925
32308704 5632050 -893
32308704 5632022 -875
32308704 5631950 -825
32308704 5631879 -775
32308704 5631811 -725
32308700 5632350 -2875
32308704 5632350 -2875
32308554 5632350 -1125
32308704 5632350 -1081
32308704 5632338 -1075
32308704 5632254 -1025
32308704 5632173 -975
32308704 5632096 -925
32308704 5632354 -2875
32308704 5632650 -2825
32308534 5632650 -1225
32308660 5632650 -1175
32308704 5632650 -1156
32308704 5632517 -1125
32308701 5632950 -2825
32308704 5632950 -2825
32308430 5632950 -1275
32308704 5632950 -1255
32308704 5632853 -1225
32308704 5632702 -1175
32308704 5632953 -2825
32308704 5633250 -2775
32308704 5633250 -1305
32308704 5633064 -1275
32308704 5633253 -2775
32308704 5633550 -2725
32308704 5633550 -1308
32308704 5633552 -2725
32308687 5633850 -2675
32308704 5633850 -2675
32308407 5633850 -1925
32308704 5633796 -1275
32308477 5633850 -1225
32308704 5633850 -1267
32308704 5633852 -2675
32308702 5634150 -2625
32308704 5634150 -2625
32308704 5634129 -1875
32308477 5634150 -1875
32308704 5634150 -1919
32308424 5634150 -1825
32308704 5634150 -1870
32308442 5634150 -1775
32308464 5634150 -1725
32308704 5634004 -1225
32308671 5634150 -1175
32308704 5634150 -1183
32308477 5634150 -1125
32308704 5634152 -2625
32308704 5634152 -2575
32308604 5634450 -2525
32308704 5634450 -2525
32308704 5634309 -1875
32308704 5634450 -1834
32308704 5634444 -1825
32308662 5634450 -1825
32308704 5634422 -1775
32308443 5634450 -1775
32308704 5634398 -1725
32308704 5634375 -1675
32308466 5634450 -1625
32308704 5634450 -1663
32308487 5634450 -1575
32308704 5634171 -1175
32308704 5634296 -1125
32308704 5634415 -1075
32308588 5634450 -1025
32308704 5634450 -1059
32308427 5634450 -975
32308704 5634452 -2525
32308702 5634750 -2475
32308704 5634750 -2475
32308704 5634478 -1825
32308704 5634623 -1775
32308682 5634750 -1725
32308704 5634750 -1730
32308478 5634750 -1675
32308704 5634701 -1625
32308704 5634678 -1575
32308704 5634655 -1525
32308484 5634750 -1475
32308704 5634750 -1510
32308502 5634750 -1425
32308523 5634750 -1375
32308704 5634523 -1025
32308704 5634625 -975
32308704 5634721 -925
32308588 5634750 -875
32308704 5634750 -909
32308422 5634750 -825
32308704 5634752 -2475
32308704 5634752 -2425
32308702 5635050 -2375
32308704 5635050 -2375
32308704 5634764 -1725
32308704 5634894 -1675
32308704 5635024 -1625
32308541 5635050 -1575
32308704 5635050 -1615
32308704 5634984 -1475
32308704 5634964 -1425
32308704 5634941 -1375
32308704 5634920 -1325
32308532 5635050 -1275
32308704 5635050 -1302
32308535 5635050 -1225
32308555 5635050 -1175
32308704 5634826 -875
32308704 5634933 -825
32308704 5635039 -775
32308492 5635050 -725
32308704 5635050 -769
32308704 5635052 -2375
32308704 5635052 -2325
32308702 5635350 -2275
32308704 5635350 -2275
32308702 5635350 -2225
32308704 5635150 -1575
32308704 5635277 -1525
32308613 5635350 -1475
32308704 5635350 -1496
32308704 5635233 -1275
32308704 5635228 -1225
32308704 5635206 -1175
32308704 5635185 -1125
32308704 5635164 -1075
32308574 5635350 -1025
32308704 5635350 -1046
32308594 5635350 -975
32308614 5635350 -925
32308704 5635207 -725
32308598 5635350 -675
32308704 5635350 -688
32308704 5635352 -2275
32308704 5635352 -2225
32308704 5635352 -2175
32308702 5635650 -2125
32308704 5635650 -2125
32308615 5635650 -1725
32308704 5635650 -1747
32308704 5635622 -1725
32308704 5635650 -1721
32308452 5635650 -1625
32308704 5635402 -1475
32308704 5635524 -1425
32308704 5635649 -1375
32308488 5635650 -1325
32308704 5635650 -1374
32308704 5635488 -1025
32308704 5635466 -975
32308704 5635445 -925
32308704 5635423 -875
32308704 5635403 -825
32308640 5635650 -775
32308704 5635650 -785
32308662 5635650 -725
32308704 5635409 -675
32308683 5635650 -675
32308698 5635650 -625
32308704 5635650 -625
32308704 5635652 -2125
32308704 5635652 -2075
32308704 5635908 -2025
32308702 5635950 -1975
32308704 5635950 -2019
32308704 5635698 -1725
32308704 5635905 -1575
32308569 5635950 -1575
32308704 5635950 -1609
32308704 5635841 -1525
32308463 5635950 -1475
32308704 5635950 -1511
32308514 5635950 -1425
32308704 5635759 -1325
32308704 5635869 -1275
32308649 5635950 -1225
32308704 5635950 -1238
32308444 5635950 -1175
32308704 5635722 -775
32308704 5635697 -725
32308704 5635673 -675
32308693 5635950 -525
32308704 5635890 -525
32308704 5635950 -526
32308704 5635950 -500
32308704 5635952 -1975
32308704 5635952 -1925
32308701 5636250 -1875
32308704 5636250 -1875
32308702 5636250 -1825
32308704 5636018 -1575
32308704 5636114 -1525
32308704 5636250 -1454
32308704 5636210 -1425
32308597 5636250 -1425
32308413 5636250 -1375
32308704 5636141 -1375
32308704 5636074 -1325
32308501 5636250 -1275
32308704 5636250 -1305
32308704 5635975 -1225
32308551 5636250 -1225
32308704 5636066 -1175
32308704 5636156 -1125
32308704 5636243 -1075
32308535 5636250 -1025
32308704 5636250 -1071
32308704 5635963 -525
32308704 5636252 -1875
32308704 5636252 -1825
32308704 5636252 -1775
32308704 5636251 -1725
32308702 5636550 -1675
32308704 5636550 -1675
32308704 5636300 -1425
32308704 5636385 -1375
32308704 5636466 -1325
32308533 5636550 -1225
32308704 5636550 -1274
32308704 5636479 -1225
32308489 5636499 -1193
32308704 5636406 -1175
32308704 5636332 -1125
32308510 5636550 -1075
32308704 5636550 -1103
32308704 5636320 -1025
32308556 5636550 -1025
32308704 5636394 -975
32308494 5636302 -994
32308704 5636465 -925
32308704 5636534 -875
32308576 5636550 -825
32308704 5636550 -863
32308410 5636550 -775
32308704 5636552 -1675
32308704 5636552 -1625
32308704 5636551 -1575
32308702 5636850 -1525
32308704 5636850 -1525
32308702 5636850 -1475
32308704 5636625 -1225
32308704 5636700 -1175
32308704 5636773 -1125
32308546 5636850 -1025
32308704 5636850 -1070
32308704 5636785 -1025
32308480 5636809 -990
32308704 5636714 -975
32308704 5636641 -925
32308498 5636850 -875
32308704 5636850 -906
32308704 5636600 -825
32308540 5636850 -825
32308581 5636850 -775
32308704 5636664 -775
32308430 5636562 -780
32308704 5636726 -725
32308704 5636786 -675
32308704 5636844 -625
32308545 5636850 -575
32308704 5636850 -620
32308704 5636852 -1525
32308704 5636852 -1475
32308704 5636851 -1425
32308704 5636851 -1375
32308702 5637150 -1325
32308704 5637150 -1325
32308702 5637150 -1275
32308704 5636915 -1025
32308704 5636985 -975
32308704 5637054 -925
32308704 5637150 -853
32308704 5637113 -825
32308599 5637150 -825
32308413 5637146 -776
32308704 5637049 -775
32308405 5637150 -775
32308704 5636985 -725
32308704 5636921 -675
32308520 5637150 -625
32308704 5637150 -653
32308704 5636905 -575
32308556 5637150 -575
32308704 5636965 -525
32308592 5637150 -525
32308704 5637023 -475
32308704 5637080 -425
32308704 5637135 -375
32308528 5637150 -325
32308704 5637150 -361
32308704 5637152 -1325
32308704 5637152 -1275
32308704 5637151 -1225
32308704 5637151 -1175
32308702 5637450 -1125
32308704 5637450 -1125
32308702 5637450 -1075
32308704 5637206 -825
32308704 5637306 -775
32308704 5637333 -725
32308704 5637405 -675
32308633 5637450 -625
32308704 5637450 -643
32308704 5637428 -625
32308509 5637422 -593
32308704 5637373 -575
32308437 5637450 -575
32308704 5637319 -525
32308704 5637266 -475
32308704 5637214 -425
32308545 5637450 -375
32308704 5637450 -400
32308704 5637199 -325
32308580 5637450 -325
32308704 5637267 -275
32308614 5637450 -275
32308704 5637335 -225
32308704 5637402 -175
32308642 5637450 -125
32308704 5637450 -139
32308429 5637450 -75
32308704 5637452 -1125
32308704 5637452 -1075
32308704 5637451 -1025
32308704 5637451 -975
32308702 5637750 -925
32308704 5637750 -925
32308702 5637750 -875
32308700 5637750 -825
32308704 5637489 -625
32308704 5637598 -575
32308704 5637710 -525
32308640 5637750 -475
32308704 5637750 -507
32308626 5637750 -425
32308704 5637673 -375
32308459 5637750 -375
32308704 5637624 -325
32308704 5637576 -275
32308704 5637529 -225
32308704 5637482 -175
32308704 5637471 -125
32308704 5637750 -144
32308574 5637750 -125
32308608 5637750 -75
32308704 5637546 -75
32308505 5637471 -91
32308704 5637619 -25
32308641 5637750 -25
32308704 5637690 25
32308687 5637750 75
32308704 5637750 68
32308558 5637750 125
32308436 5637750 175
32308704 5637752 -925
32308704 5637752 -875
32308704 5637751 -825
32308704 5637751 -775
32308704 5637751 -725
32308702 5638050 -675
32308704 5638050 -675
32308702 5638050 -625
32308704 5637792 -475
32308704 5637791 -425
32308704 5637876 -375
32308704 5637959 -325
32308704 5638042 -275
32308637 5638050 -225
32308704 5638050 -270
32308634 5638050 -175
32308704 5637953 -125
32308532 5638050 -125
32308704 5637898 -75
32308432 5638050 -75
32308704 5637844 -25
32308704 5637793 25
32308591 5638050 175
32308704 5637874 175
32308704 5638050 160
32308704 5637932 225
32308629 5638050 225
32308666 5638050 275
32308704 5637990 275
32308704 5638048 325
32308616 5638050 375
32308704 5638050 326
32308524 5638050 425
32308432 5638050 475
32308704 5638052 -675
32308704 5638051 -625
32308704 5638051 -575
32308704 5638051 -525
32308704 5638113 -475
32308702 5638350 -425
32308704 5638350 -442
32308702 5638350 -375
32308704 5638101 -225
32308704 5638100 -175
32308704 5638173 -125
32308704 5638247 -75
32308704 5638320 -25
32308667 5638350 25
32308704 5638350 -5
32308606 5638350 75
32308594 5638350 125
32308704 5638213 175
32308510 5638350 175
32308704 5638157 225
32308424 5638350 225
32308704 5638103 275
32308704 5638051 325
32308601 5638350 475
32308704 5638205 475
32308704 5638350 462
32308704 5638352 -425
32308704 5638351 -375
32308704 5638351 -325
32308704 5638351 -275
32308704 5638351 -225
32308702 5638650 -175
32308704 5638650 -175
32308702 5638650 -125
32308704 5638386 25
32308704 5638444 75
32308704 5638452 125
32308704 5638527 175
32308704 5638602 225
32308684 5638650 275
32308704 5638650 257
32308624 5638650 325
32308557 5638650 375
32308500 5638650 425
32308704 5638457 475
32308443 5638650 475
32308704 5638652 -175
32308704 5638651 -125
32308704 5638651 -75
32308704 5638651 -25
32308704 5638651 25
32308703 5638950 75
32308704 5638950 74
32308703 5638950 125
32308703 5638950 175
32308704 5638678 275
32308704 5638756 325
32308704 5638842 375
32308704 5638914 425
32308676 5638950 475
32308704 5638950 450
32308704 5638951 75
32308704 5638951 125
32308704 5638951 175
32308704 5638951 225
32308704 5638950 275
32308702 5639250 325
32308704 5639250 324
32308703 5639250 375
32308703 5639250 425
32308704 5638976 475
32308704 5639251 325
32308704 5639251 375
32308704 5639251 425
32308704 5639251 475
32309006 5623650 -2729
32309006 5623950 -2729
32309006 5624250 -2729
32309006 5624550 -2729
32309006 5624850 -2728
32309006 5625150 -2728
32309006 5625450 -2728
32309006 5625750 -2728
32309006 5626050 -2728
32309006 5626350 -2728
32309006 5626650 -2728
32309006 5626950 -2728
32309006 5627250 -2728
32309006 5627550 -2728
32309006 5627850 -2727
32309006 5628150 -2727
32309006 5628450 -2727
32308974 5628450 125
32309006 5628450 117
32309006 5628443 125
32309006 5628397 175
32308745 5628450 175
32309006 5628355 225
32309006 5628316 275
32309006 5628281 325
32309006 5628249 375
32309006 5628222 425
32309006 5628200 475
32309006 5628750 -2727
32308866 5628750 -125
32309006 5628750 -157
32309006 5628705 -125
32309006 5628644 -75
32309006 5628589 -25
32309006 5628539 25
32309006 5628491 75
32309006 5629050 -2727
32308921 5629050 -225
32309006 5629050 -247
32309006 5628974 -225
32309006 5628806 -175
32308739 5629050 -175
32309006 5629350 -2727
32309006 5629149 -225
32308986 5629350 -175
32309006 5629350 -177
32309006 5629650 -2727
32309006 5629361 -175
32309006 5629581 -125
32308927 5629650 -75
32309006 5629650 -108
32308817 5629650 -25
32308718 5629650 25
32309006 5629950 -2726
32309006 5629729 -75
32309006 5629842 -25
32309006 5629946 25
32308842 5629950 75
32309006 5629950 26
32309006 5630238 -2775
32309006 5630250 -2776
32309006 5630030 75
32309006 5630106 125
32309006 5630178 175
32309006 5630248 225
32309006 5630250 226
32309006 5630550 -2777
32308792 5630550 225
32309006 5630430 275
32308922 5630550 275
32309006 5630550 304
32308997 5630850 -2825
32309006 5630841 -2825
32309006 5630850 -2826
32308769 5630850 25
32308893 5630850 75
32309006 5630850 124
32309006 5630848 125
32309006 5630769 175
32309006 5630688 225
32309006 5630604 275
32308997 5631150 -2875
32309006 5631141 -2875
32309006 5631150 -2876
32308983 5631150 -275
32309006 5631150 -289
32309006 5631138 -275
32309006 5631097 -225
32308904 5631150 -225
32309006 5631058 -175
32308828 5631150 -175
32309006 5631020 -125
32308756 5631150 -125
32309006 5630983 -75
32309006 5630947 -25
32309006 5630913 25
32309006 5630881 75
32308862 5631450 -2875
32309006 5631450 -2876
32308713 5631450 -475
32308866 5631450 -425
32309006 5631450 -379
32309006 5631436 -375
32309006 5631279 -325
32309006 5631750 -2876
32308713 5631750 -675
32308824 5631750 -625
32308927 5631750 -575
32309006 5631750 -533
32309006 5631734 -525
32309006 5631643 -475
32309006 5631545 -425
32309006 5632050 -2875
32308753 5632050 -875
32308874 5632050 -825
32308985 5632050 -775
32309006 5632050 -764
32309006 5631996 -725
32309006 5631930 -675
32309006 5631865 -625
32309006 5631801 -575
32309006 5632350 -2875
32308717 5632350 -1075
32308810 5632350 -1025
32308897 5632350 -975
32308979 5632350 -925
32309006 5632350 -918
32309006 5632187 -875
32309006 5632123 -825
32309006 5632062 -775
32309006 5632400 -2875
32309006 5632650 -2832
32308874 5632650 -1125
32309006 5632650 -1098
32309006 5632609 -1075
32309006 5632526 -1025
32309006 5632447 -975
32309006 5632373 -925
32309006 5632950 -2825
32309006 5632950 -1230
32309006 5632935 -1225
32309006 5632817 -1175
32309006 5632705 -1125
32309004 5633250 -2825
32309006 5633250 -2825
32309006 5633250 -1308
32309006 5633116 -1275
32309006 5633251 -2825
32309003 5633550 -2775
32309006 5633550 -2775
32308884 5633550 -1325
32309006 5633550 -1335
32309006 5633427 -1325
32309006 5633552 -2775
32309003 5633850 -2725
32309006 5633850 -2725
32309006 5633717 -1325
32308750 5633850 -1275
32309006 5633850 -1316
32309006 5633852 -2725
32309003 5634150 -2675
32309006 5634150 -2675
32309005 5634150 -1975
32309006 5634150 -1975
32309006 5634149 -1975
32309006 5634126 -1925
32308732 5634150 -1925
32308725 5634150 -1875
32309006 5634150 -1921
32309006 5634043 -1275
32308887 5634150 -1225
32309006 5634150 -1251
32309006 5634152 -2675
32309006 5634152 -2625
32309003 5634450 -2575
32309006 5634450 -2575
32309006 5634150 -1975
32309006 5634347 -1925
32309006 5634450 -1898
32309006 5634438 -1875
32308893 5634450 -1875
32309006 5634415 -1825
32309006 5634392 -1775
32308754 5634450 -1725
32309006 5634450 -1765
32308776 5634450 -1675
32309006 5634226 -1225
32309006 5634366 -1175
32308937 5634450 -1125
32309006 5634450 -1143
32308757 5634450 -1075
32309006 5634452 -2575
32309003 5634750 -2525
32309006 5634750 -2525
32309006 5634523 -1875
32309006 5634674 -1825
32308897 5634750 -1775
32309006 5634750 -1799
32309006 5634715 -1725
32309006 5634691 -1675
32309006 5634668 -1625
32308772 5634750 -1575
32309006 5634750 -1612
32308793 5634750 -1525
32309006 5634490 -1125
32309006 5634597 -1075
32309006 5634698 -1025
32308925 5634750 -975
32309006 5634750 -998
32308755 5634750 -925
32309006 5634752 -2525
32309006 5634752 -2475
32309003 5635050 -2425
32309006 5635050 -2425
32309006 5634815 -1775
32309006 5634946 -1725
32308962 5635050 -1675
32309006 5635050 -1685
32308747 5635050 -1625
32309006 5634999 -1575
32309006 5634976 -1525
32309006 5634954 -1475
32309006 5634931 -1425
32308805 5635050 -1375
32309006 5635050 -1407
32308826 5635050 -1325
32309006 5634796 -975
32309006 5634894 -925
32309006 5634988 -875
32308938 5635050 -825
32309006 5635050 -841
32308726 5635050 -775
32309006 5635052 -2425
32309006 5635052 -2375
32309003 5635350 -2325
32309006 5635350 -2325
32309006 5635074 -1675
32309006 5635197 -1625
32309006 5635319 -1575
32308835 5635350 -1525
32309006 5635350 -1562
32309006 5635265 -1375
32309006 5635243 -1325
32309006 5635221 -1275
32309006 5635200 -1225
32308838 5635350 -1175
32309006 5635350 -1202
32308858 5635350 -1125
32308878 5635350 -1075
32309006 5635090 -825
32309006 5635219 -775
32308988 5635350 -725
32309006 5635350 -727
32309006 5635352 -2325
32309006 5635352 -2275
32309006 5635365 -2225
32309003 5635650 -2175
32309006 5635650 -2177
32308726 5635650 -1725
32309006 5635438 -1525
32309006 5635557 -1475
32308951 5635650 -1425
32309006 5635650 -1436
32308705 5635650 -1375
32309006 5635530 -1175
32309006 5635509 -1125
32309006 5635487 -1075
32309006 5635466 -1025
32309006 5635445 -975
32308896 5635650 -925
32309006 5635650 -943
32308917 5635650 -875
32308937 5635650 -825
32309006 5635358 -725
32309006 5635557 -675
32309006 5635650 -655
32309006 5635652 -2175
32309006 5635651 -2125
32309003 5635950 -2075
32309006 5635950 -2075
32308744 5635950 -2025
32309006 5635945 -1675
32308991 5635950 -1675
32309006 5635950 -1678
32309006 5635883 -1625
32308773 5635950 -1625
32308739 5635950 -1575
32309006 5635950 -1616
32308788 5635950 -1525
32309006 5635674 -1425
32309006 5635784 -1375
32309006 5635894 -1325
32308885 5635950 -1275
32309006 5635950 -1299
32309006 5635772 -925
32309006 5635749 -875
32309006 5635726 -825
32309006 5635703 -775
32309006 5635681 -725
32308950 5635950 -675
32309006 5635950 -684
32309006 5635728 -625
32308971 5635950 -625
32308993 5635950 -575
32309006 5635864 -575
32308873 5635950 -525
32309006 5635950 -544
32309006 5635952 -2075
32309006 5635952 -2025
32309006 5635951 -1975
32309003 5636250 -1925
32309006 5636250 -1925
32309006 5635959 -1675
32309006 5636102 -1625
32309006 5636250 -1573
32309006 5636197 -1525
32308884 5636250 -1525
32308758 5636250 -1475
32309006 5636142 -1475
32308738 5636250 -1425
32309006 5636250 -1460
32308781 5636250 -1375
32308827 5636250 -1325
32309006 5635997 -1275
32309006 5636090 -1225
32309006 5636183 -1175
32308946 5636250 -1125
32309006 5636250 -1138
32308721 5636250 -1075
32309006 5636018 -675
32309006 5635992 -625
32309006 5635966 -575
32308991 5636250 -375
32309006 5636200 -375
32309006 5636250 -377
32309006 5636250 -338
32309006 5636252 -1925
32309006 5636252 -1875
32309006 5636251 -1825
32309003 5636550 -1775
32309006 5636550 -1775
32309003 5636550 -1725
32309006 5636336 -1525
32309006 5636423 -1475
32309006 5636550 -1400
32309006 5636521 -1375
32308945 5636550 -1375
32308872 5636471 -1354
32309006 5636465 -1325
32308826 5636550 -1325
32309006 5636408 -1275
32308707 5636550 -1275
32309006 5636550 -1257
32308758 5636550 -1225
32308812 5636550 -1175
32309006 5636278 -1125
32308865 5636550 -1125
32309006 5636383 -1075
32309006 5636425 -1025
32309006 5636498 -975
32308952 5636550 -925
32309006 5636550 -938
32308751 5636550 -875
32309006 5636269 -375
32309006 5636552 -1775
32309006 5636552 -1725
32309006 5636551 -1675
32309003 5636850 -1625
32309006 5636850 -1625
32309003 5636850 -1575
32309006 5636591 -1375
32309006 5636669 -1325
32309006 5636745 -1275
32309006 5636850 -1203
32309006 5636810 -1175
32308941 5636850 -1175
32308879 5636767 -1153
32309006 5636741 -1125
32308828 5636850 -1125
32309006 5636671 -1075
32308714 5636850 -1075
32309006 5636650 -1025
32308799 5636850 -975
32309006 5636850 -1001
32309006 5636574 -925
32308848 5636850 -925
32309006 5636661 -875
32309006 5636744 -825
32309006 5636823 -775
32309006 5636832 -725
32308912 5636850 -675
32309006 5636850 -706
32308723 5636850 -625
32309006 5636852 -1625
32309006 5636852 -1575
32309006 5636851 -1525
32309006 5636851 -1475
32309003 5637150 -1425
32309006 5637150 -1425
32309003 5637150 -1375
32309006 5636892 -1175
32309006 5636964 -1125
32309006 5637034 -1075
32309006 5637102 -1025
32308975 5637150 -975
32309006 5637150 -989
32309006 5637132 -975
32309006 5637068 -925
32308865 5637150 -925
32308753 5637150 -875
32309006 5637003 -875
32309006 5636938 -825
32308775 5637150 -775
32309006 5637150 -805
32308818 5637150 -725
32309006 5636889 -675
32308861 5637150 -675
32309006 5636967 -625
32309006 5637042 -575
32309006 5637114 -525
32308951 5637150 -475
32309006 5637150 -499
32308842 5637150 -425
32308759 5637150 -375
32309006 5637152 -1425
32309006 5637152 -1375
32309006 5637151 -1325
32309006 5637151 -1275
32309003 5637450 -1225
32309006 5637450 -1225
32309003 5637450 -1175
32309006 5637170 -975
32309006 5637241 -925
32309006 5637311 -875
32309006 5637380 -825
32309006 5637450 -774
32309006 5637395 -725
32308895 5637450 -725
32308832 5637377 -697
32309006 5637340 -675
32308779 5637450 -675
32308780 5637392 -646
32309006 5637285 -625
32309006 5637231 -575
32308803 5637450 -525
32309006 5637450 -553
32309006 5637181 -475
32308842 5637450 -475
32308881 5637450 -425
32309006 5637245 -425
32308900 5637213 -454
32309006 5637254 -375
32309006 5637338 -325
32309006 5637421 -275
32308923 5637450 -225
32309006 5637450 -257
32308795 5637450 -175
32309006 5637452 -1225
32309006 5637452 -1175
32309006 5637451 -1125
32309006 5637451 -1075
32309003 5637750 -1025
32309006 5637750 -1025
32309003 5637750 -975
32309006 5637525 -725
32309006 5637604 -675
32309006 5637684 -625
32308966 5637750 -575
32309006 5637750 -585
32309006 5637690 -525
32308774 5637750 -525
32309006 5637642 -475
32309006 5637596 -425
32309006 5637551 -375
32309006 5637507 -325
32309006 5637464 -275
32308938 5637496 -253
32309006 5637506 -225
32309006 5637750 -239
32308894 5637750 -225
32308934 5637750 -175
32309006 5637593 -175
32308874 5637521 -199
32309006 5637681 -125
32308809 5637533 -141
32308984 5637750 -75
32309006 5637750 -85
32308884 5637750 -25
32308787 5637750 25
32309006 5637752 -1025
32309006 5637752 -975
32309006 5637751 -925
32309006 5637751 -875
32309003 5638050 -825
32309006 5638050 -825
32309003 5638050 -775
32309004 5638050 -725
32309006 5637766 -575
32309006 5637848 -525
32309006 5637932 -475
32309006 5638019 -425
32308930 5638050 -375
32309006 5638050 -407
32308819 5638050 -325
32308713 5638050 -275
32309006 5637871 -225
32309006 5637827 -175
32309006 5637783 -125
32309006 5638050 72
32308983 5638050 75
32309006 5638010 75
32309006 5638050 101
32308910 5638050 175
32308843 5638050 225
32308775 5638050 275
32308707 5638050 325
32309006 5638052 -825
32309006 5638052 -775
32309006 5638051 -725
32309006 5638051 -675
32309006 5638051 -625
32309003 5638350 -575
32309006 5638350 -575
32309004 5638350 -525
32308920 5638350 -475
32309006 5638094 -375
32309006 5638161 -325
32309006 5638225 -275
32309006 5638287 -225
32309006 5638348 -175
32308919 5638350 -125
32309006 5638350 -173
32308830 5638350 -75
32308740 5638350 -25
32309006 5638075 75
32308968 5638350 325
32309006 5638302 325
32309006 5638350 321
32309006 5638350 366
32308873 5638350 475
32309006 5638352 -575
32309006 5638351 -525
32309006 5638351 -475
32309006 5638351 -425
32309006 5638351 -375
32309004 5638650 -325
32309006 5638650 -325
32309004 5638650 -275
32309004 5638650 -225
32309006 5638410 -125
32309006 5638513 -75
32309006 5638611 -25
32308974 5638650 25
32309006 5638650 -1
32308916 5638650 75
32308858 5638650 125
32308800 5638650 175
32308742 5638650 225
32309006 5638381 325
32309006 5638651 -325
32309006 5638651 -275
32309006 5638651 -225
32309006 5638651 -175
32309006 5638650 -125
32309004 5638950 -75
32309006 5638950 -75
32309004 5638950 -25
32309006 5638680 25
32309004 5638950 25
32309006 5638737 75
32309006 5638794 125
32309006 5638850 175
32309006 5638906 225
32308988 5638950 275
32309006 5638950 264
32308907 5638950 325
32308826 5638950 375
32308745 5638950 425
32309006 5638951 -75
32309006 5638951 -25
32309006 5638951 25
32309006 5638950 75
32309006 5638950 125
32309004 5639250 175
32309006 5639250 174
32309004 5639250 225
32309006 5638961 275
32309004 5639250 275
32309006 5639015 325
32309006 5639069 375
32309006 5639122 425
32309006 5639176 475
32309006 5639251 175
32309006 5639251 225
32309006 5639251 275
32309006 5639250 325
32309006 5639252 375
32309004 5639550 425
32309006 5639550 423
32309004 5639550 475
32309006 5639551 425
32309006 5639551 475
32309307 5623650 -2729
32309307 5623950 -2729
32309307 5624250 -2729
32309307 5624550 -2729
32309307 5624850 -2728
32309307 5625150 -2728
32309307 5625450 -2728
32309307 5625750 -2728
32309307 5626050 -2728
32309307 5626350 -2728
32309307 5626650 -2728
32309307 5626950 -2728
32309307 5627250 -2728
32309307 5627550 -2727
32309307 5627850 -2727
32309307 5628150 -2727
32309307 5628450 -2727
32309284 5628450 -25
32309307 5628450 -35
32309307 5628437 -25
32309307 5628384 25
32309183 5628450 25
32309307 5628340 75
32309090 5628450 75
32309307 5628306 125
32309307 5628280 175
32309307 5628264 225
32309307 5628255 275
32309307 5628251 325
32309307 5628250 375
32309307 5628252 425
32309307 5628256 475
32309307 5628750 -2727
32309139 5628750 -175
32309307 5628750 -195
32309307 5628709 -175
32309307 5628613 -125
32309307 5628520 -75
32309307 5629050 -2727
32309214 5629050 -225
32309307 5629050 -214
32309307 5629350 -2727
32309307 5629164 -225
32309228 5629350 -225
32309307 5629350 -241
32309307 5629650 -2727
32309307 5629469 -225
32309228 5629650 -175
32309307 5629650 -197
32309060 5629650 -125
32309307 5629950 -2727
32309307 5629704 -175
32309307 5629812 -125
32309307 5629906 -75
32309215 5629950 -25
32309307 5629950 -49
32309013 5629950 25
32309307 5630236 -2775
32309307 5630250 -2777
32309307 5629983 -25
32309307 5630049 25
32309307 5630113 75
32309307 5630177 125
32309307 5630241 175
32309014 5630250 225
32309307 5630250 181
32309293 5630550 -2825
32309307 5630536 -2825
32309307 5630550 -2827
32309307 5630325 225
32309307 5630414 275
32309152 5630550 325
32309307 5630509 325
32309307 5630550 344
32309307 5630850 -2827
32309248 5630850 -25
32309307 5630850 -63
32309307 5630822 -25
32309307 5630787 25
32309169 5630850 25
32309307 5630753 75
32309087 5630850 75
32309307 5630719 125
32309307 5630684 175
32309307 5630647 225
32309307 5630608 275
32309307 5630606 325
32309307 5631141 -2875
32309307 5631150 -2876
32309098 5631150 -275
32309307 5631150 -243
32309307 5631112 -225
32309307 5631017 -175
32309307 5630935 -125
32309307 5630864 -75
32309307 5631450 -2876
32309026 5631450 -375
32309256 5631450 -325
32309307 5631450 -314
32309307 5631291 -275
32309307 5631750 -2876
32309028 5631750 -525
32309151 5631750 -475
32309270 5631750 -425
32309307 5631750 -409
32309307 5631656 -375
32309307 5631490 -325
32309307 5632050 -2876
32309063 5632050 -725
32309131 5632050 -675
32309307 5632050 -629
32309307 5632029 -625
32309307 5631964 -575
32309307 5631899 -525
32309307 5631834 -475
32309307 5631770 -425
32309307 5632350 -2875
32309207 5632350 -875
32309286 5632350 -825
32309307 5632350 -811
32309307 5632306 -775
32309307 5632248 -725
32309307 5632193 -675
32309262 5632650 -2875
32309307 5632650 -2875
32309133 5632650 -1075
32309307 5632650 -1040
32309307 5632626 -1025
32309307 5632555 -975
32309307 5632488 -925
32309307 5632425 -875
32309307 5632365 -825
32309307 5632653 -2875
32309307 5632950 -2825
32309077 5632950 -1225
32309307 5632950 -1205
32309307 5632889 -1175
32309307 5632795 -1125
32309307 5632707 -1075
32309307 5633250 -2825
32309307 5633250 -1308
32309307 5633146 -1275
32309307 5633003 -1225
32309307 5633252 -2825
32309307 5633550 -2775
32309307 5633550 -1358
32309307 5633345 -1325
32309307 5633552 -2775
32309307 5633850 -2725
32309068 5633850 -1325
32309307 5633850 -1357
32309307 5633852 -2725
32309307 5634150 -2675
32309303 5634150 -2025
32309307 5634150 -2025
32309307 5634149 -2025
32309006 5634150 -1975
32309307 5634150 -2024
32309029 5634150 -1925
32309307 5634059 -1325
32309124 5634150 -1275
32309307 5634150 -1310
32309307 5634152 -2675
32309304 5634450 -2625
32309307 5634450 -2625
32309307 5634152 -2025
32309307 5634450 -1957
32309307 5634434 -1925
32309140 5634450 -1925
32309307 5634411 -1875
32309039 5634450 -1825
32309307 5634450 -1868
32309062 5634450 -1775
32309307 5634269 -1275
32309307 5634429 -1225
32309130 5634450 -1175
32309307 5634450 -1218
32309307 5634452 -2625
32309307 5634453 -2575
32309307 5634750 -2525
32309307 5634555 -1925
32309307 5634715 -1875
32309123 5634750 -1825
32309307 5634750 -1864
32309307 5634731 -1825
32309307 5634708 -1775
32309307 5634684 -1725
32309060 5634750 -1675
32309307 5634750 -1714
32309082 5634750 -1625
32309307 5634551 -1175
32309307 5634663 -1125
32309273 5634750 -1075
32309307 5634750 -1084
32309097 5634750 -1025
32309307 5634751 -2525
32309305 5635050 -2475
32309307 5635050 -2475
32309307 5634855 -1825
32309307 5634988 -1775
32309187 5635050 -1725
32309307 5635050 -1751
32309307 5635014 -1675
32309307 5634991 -1625
32309307 5634968 -1575
32309307 5634945 -1525
32309094 5635050 -1475
32309307 5635050 -1509
32309115 5635050 -1425
32309307 5634768 -1075
32309307 5634865 -1025
32309307 5634957 -975
32309307 5635045 -925
32309129 5635050 -875
32309307 5635050 -922
32309307 5635052 -2475
32309307 5635051 -2425
32309304 5635350 -2375
32309307 5635350 -2375
32309307 5635113 -1725
32309307 5635233 -1675
32309302 5635350 -1625
32309307 5635350 -1626
32309065 5635350 -1575
32309307 5635281 -1475
32309307 5635259 -1425
32309307 5635236 -1375
32309307 5635215 -1325
32309124 5635350 -1275
32309307 5635350 -1304
32309143 5635350 -1225
32309307 5635146 -875
32309307 5635248 -825
32309304 5635350 -775
32309307 5635350 -775
32309307 5635352 -2375
32309307 5635351 -2325
32309304 5635650 -2275
32309307 5635650 -2275
32309291 5635650 -2225
32309302 5635650 -1925
32309307 5635650 -1926
32309307 5635647 -1925
32309307 5635650 -1924
32309307 5635354 -1625
32309307 5635536 -1575
32309254 5635650 -1525
32309307 5635650 -1544
32309205 5635650 -1475
32309307 5635550 -1275
32309307 5635529 -1225
32309307 5635507 -1175
32309307 5635486 -1125
32309307 5635465 -1075
32309175 5635650 -1025
32309307 5635650 -1047
32309194 5635650 -975
32309307 5635351 -775
32309307 5635495 -725
32309269 5635650 -675
32309307 5635650 -678
32309307 5635652 -2275
32309307 5635652 -2225
32309307 5635651 -2175
32309304 5635950 -2125
32309307 5635950 -2125
32309307 5635654 -1925
32309235 5635950 -1775
32309307 5635950 -1790
32309307 5635930 -1775
32309307 5635868 -1725
32309131 5635950 -1725
32309009 5635950 -1675
32309307 5635950 -1715
32309065 5635950 -1625
32309307 5635691 -1525
32309307 5635717 -1475
32309307 5635885 -1425
32309220 5635950 -1375
32309307 5635950 -1405
32309078 5635950 -1325
32309307 5635798 -1025
32309307 5635776 -975
32309307 5635754 -925
32309307 5635732 -875
32309307 5635711 -825
32309225 5635950 -775
32309307 5635950 -788
32309245 5635950 -725
32309307 5635658 -675
32309307 5635794 -625
32309307 5635942 -575
32309307 5635950 -572
32309307 5635952 -2125
32309307 5635951 -2075
32309304 5636250 -2025
32309307 5636250 -2025
32309305 5636250 -1975
32309307 5635982 -1775
32309307 5636083 -1725
32309307 5636250 -1641
32309307 5636228 -1625
32309233 5636250 -1625
32309012 5636250 -1575
32309307 5636164 -1575
32309307 5636250 -1565
32309052 5636250 -1525
32309099 5636250 -1475
32309307 5636010 -1375
32309307 5636106 -1325
32309307 5636202 -1275
32309240 5636250 -1225
32309307 5636250 -1249
32309106 5636250 -1175
32309307 5636048 -775
32309307 5636024 -725
32309307 5635999 -675
32309307 5635975 -625
32309307 5635951 -575
32309293 5636250 -425
32309307 5636194 -425
32309307 5636250 -427
32309224 5636250 -375
32309307 5636250 -388
32309307 5636252 -2025
32309307 5636252 -1975
32309307 5636251 -1925
32309304 5636550 -1875
32309307 5636550 -1875
32309304 5636550 -1825
32309307 5636281 -1625
32309307 5636372 -1575
32309307 5636484 -1425
32309105 5636550 -1425
32309307 5636550 -1474
32309307 5636418 -1375
32309075 5636550 -1325
32309307 5636550 -1360
32309120 5636550 -1275
32309307 5636291 -1225
32309307 5636374 -1175
32309307 5636454 -1125
32309307 5636532 -1075
32309214 5636550 -1025
32309307 5636550 -1063
32309094 5636550 -975
32309307 5636266 -425
32309307 5636552 -1875
32309307 5636552 -1825
32309307 5636551 -1775
32309304 5636850 -1725
32309307 5636850 -1725
32309304 5636850 -1675
32309307 5636631 -1425
32309307 5636711 -1375
32309307 5636850 -1284
32309307 5636837 -1275
32309270 5636850 -1275
32309084 5636850 -1225
32309307 5636770 -1225
32309307 5636703 -1175
32309073 5636850 -1125
32309307 5636850 -1160
32309115 5636850 -1075
32309307 5636604 -1025
32309157 5636850 -1025
32309307 5636674 -975
32309307 5636740 -925
32309307 5636805 -875
32309253 5636850 -825
32309307 5636850 -839
32309068 5636850 -775
32309039 5636850 -725
32309307 5636852 -1725
32309307 5636852 -1675
32309307 5636852 -1625
32309307 5636851 -1575
32309304 5637150 -1525
32309307 5637150 -1525
32309304 5637150 -1475
32309307 5636864 -1275
32309307 5636938 -1225
32309307 5637010 -1175
32309133 5637150 -1025
32309307 5637150 -1074
32309307 5637088 -1025
32309091 5637105 -994
32309307 5637025 -975
32309307 5636961 -925
32309094 5637150 -875
32309307 5637150 -907
32309307 5636868 -825
32309132 5637150 -825
32309307 5636930 -775
32309307 5636991 -725
32309307 5637049 -675
32309307 5637105 -625
32309272 5637150 -575
32309307 5637150 -584
32309094 5637150 -525
32309307 5637152 -1525
32309307 5637152 -1475
32309307 5637151 -1425
32309304 5637450 -1375
32309307 5637450 -1375
32309304 5637450 -1325
32309304 5637450 -1275
32309307 5637220 -1025
32309307 5637290 -975
32309307 5637358 -925
32309307 5637450 -856
32309307 5637415 -825
32309193 5637450 -825
32309008 5637450 -775
32309307 5637360 -775
32309307 5637305 -725
32309307 5637250 -675
32309111 5637450 -625
32309307 5637450 -655
32309307 5637162 -575
32309145 5637450 -575
32309307 5637222 -525
32309307 5637281 -475
32309307 5637339 -425
32309307 5637394 -375
32309307 5637448 -325
32309087 5637450 -275
32309307 5637450 -323
32309307 5637452 -1375
32309307 5637452 -1325
32309307 5637452 -1275
32309307 5637451 -1225
32309304 5637750 -1175
32309307 5637750 -1175
32309304 5637750 -1125
32309305 5637750 -1075
32309307 5637498 -825
32309307 5637574 -775
32309307 5637652 -725
32309307 5637731 -675
32309218 5637705 -657
32309307 5637713 -625
32309162 5637750 -625
32309307 5637750 -663
32309307 5637666 -575
32309307 5637621 -525
32309307 5637577 -475
32309307 5637534 -425
32309156 5637750 -375
32309307 5637750 -399
32309190 5637750 -325
32309307 5637529 -275
32309223 5637750 -275
32309307 5637614 -225
32309307 5637700 -175
32309202 5637750 -125
32309307 5637750 -146
32309307 5637752 -1175
32309307 5637752 -1125
32309307 5637752 -1075
32309307 5637751 -1025
32309307 5637751 -975
32309304 5638050 -925
32309307 5638050 -925
32309305 5638050 -875
32309307 5637818 -625
32309307 5637912 -575
32309307 5638010 -525
32309213 5638050 -475
32309307 5638050 -505
32309059 5638050 -425
32309307 5637932 -375
32309307 5637890 -325
32309307 5637849 -275
32309307 5637810 -225
32309307 5637772 -175
32309307 5638050 -81
32309263 5638050 -75
32309307 5637911 -75
32309297 5638050 -25
32309307 5638019 -25
32309307 5638050 -9
32309076 5638050 75
32309307 5638052 -925
32309307 5638052 -875
32309307 5638051 -825
32309307 5638051 -775
32309305 5638350 -725
32309307 5638350 -725
32309305 5638350 -675
32309305 5638350 -625
32309307 5638100 -475
32309307 5638179 -425
32309307 5638255 -375
32309307 5638328 -325
32309230 5638350 -275
32309307 5638350 -309
32309120 5638350 -225
32309009 5638350 -175
32309307 5638110 -75
32309307 5638063 -25
32309058 5638350 325
32309307 5638352 -725
32309307 5638351 -675
32309307 5638351 -625
32309307 5638351 -575
32309307 5638351 -525
32309305 5638650 -475
32309307 5638650 -475
32309305 5638650 -425
32309306 5638650 -375
32309307 5638422 -275
32309307 5638524 -225
32309307 5638624 -175
32309260 5638650 -125
32309307 5638650 -162
32309155 5638650 -75
32309049 5638650 -25
32309307 5638651 -475
32309307 5638651 -425
32309307 5638651 -375
32309307 5638650 -325
32309307 5638650 -275
32309305 5638950 -225
32309307 5638950 -225
32309305 5638950 -175
32309307 5638693 -125
32309306 5638950 -125
32309307 5638753 -75
32309307 5638812 -25
32309307 5638872 25
32309307 5638932 75
32309245 5638950 125
32309307 5638950 90
32309158 5638950 175
32309073 5638950 225
32309307 5638951 -225
32309307 5638951 -175
32309307 5638951 -125
32309307 5638950 -75
32309305 5639250 -25
32309307 5639250 -25
32309305 5639250 25
32309305 5639250 75
32309307 5638990 125
32309306 5639250 125
32309307 5639048 175
32309307 5639106 225
32309307 5639164 275
32309307 5639221 325
32309267 5639250 375
32309307 5639250 349
32309189 5639250 425
32309112 5639250 475
32309307 5639251 -25
32309307 5639251 25
32309307 5639251 75
32309307 5639251 125
32309307 5639250 175
32309305 5639550 225
32309307 5639550 224
32309305 5639550 275
32309305 5639550 325
32309307 5639278 375
32309303 5639550 375
32309307 5639334 425
32309307 5639389 475
32309307 5639551 225
32309307 5639551 275
32309307 5639551 325
32309307 5639551 375
32309307 5639550 425
32309305 5639850 475
32309307 5639850 474
32309608 5623650 -2730
32309608 5623950 -2729
32309608 5624250 -2729
32309608 5624550 -2729
32309608 5624850 -2729
32309608 5625150 -2728
32309608 5625450 -2728
32309608 5625750 -2728
32309608 5626050 -2728
32309608 5626350 -2728
32309608 5626650 -2728
32309608 5626950 -2728
32309608 5627250 -2728
32309608 5627550 -2727
32309608 5627850 -2727
32309608 5628150 -2727
32309608 5628450 -2727
32309321 5628450 -25
32309379 5628450 25
32309395 5628450 75
32309417 5628450 125
32309433 5628450 175
32309445 5628450 225
32309454 5628450 275
32309462 5628450 325
32309467 5628450 375
32309470 5628450 425
32309470 5628450 475
32309608 5628750 -2727
32309341 5628750 -175
32309411 5628750 -125
32309469 5628750 -75
32309516 5628750 -25
32309533 5628750 25
32309576 5628750 75
32309608 5628750 120
32309608 5628746 125
32309608 5628719 175
32309608 5628696 225
32309608 5628677 275
32309608 5628661 325
32309608 5628648 375
32309608 5628638 425
32309608 5628631 475
32309608 5629050 -2727
32309436 5629050 -175
32309565 5629050 -125
32309608 5629050 -104
32309608 5628998 -75
32309608 5628920 -25
32309608 5628852 25
32309608 5628794 75
32309608 5629350 -2727
32309463 5629350 -225
32309608 5629350 -206
32309608 5629249 -175
32309608 5629104 -125
32309608 5629650 -2727
32309608 5629519 -225
32309511 5629650 -225
32309608 5629650 -238
32309595 5629950 -2775
32309608 5629936 -2775
32309608 5629950 -2777
32309608 5629705 -225
32309608 5629904 -175
32309499 5629950 -125
32309608 5629950 -163
32309368 5629950 -75
32309597 5630250 -2825
32309608 5630238 -2825
32309608 5630250 -2826
32309583 5630250 -175
32309608 5630250 -207
32309608 5630045 -175
32309545 5630250 -125
32309507 5630250 -75
32309608 5630167 -25
32309608 5630250 -41
32309608 5630202 25
32309592 5630250 75
32309608 5630250 68
32309459 5630250 125
32309325 5630250 175
32309608 5630550 -2827
32309608 5630301 -175
32309608 5630370 -125
32309608 5630431 -75
32309579 5630550 75
32309608 5630550 38
32309536 5630550 125
32309488 5630550 175
32309437 5630550 225
32309383 5630550 275
32309329 5630550 325
32309608 5630850 -2855
32309501 5630850 -25
32309608 5630850 -1
32309608 5630646 25
32309608 5631005 -2875
32309608 5631150 -2876
32309385 5631150 -225
32309572 5631150 -175
32309608 5631150 -164
32309608 5631066 -125
32309608 5630971 -75
32309608 5630887 -25
32309608 5631450 -2876
32309472 5631450 -275
32309608 5631450 -240
32309608 5631388 -225
32309608 5631192 -175
32309608 5631750 -2876
32309357 5631750 -375
32309430 5631750 -325
32309503 5631750 -275
32309608 5631592 -225
32309577 5631750 -225
32309608 5631750 -204
32309608 5632050 -2876
32309330 5632050 -625
32309402 5632050 -575
32309472 5632050 -525
32309540 5632050 -475
32309608 5632050 -425
32309608 5632050 -424
32309608 5631983 -375
32309608 5631915 -325
32309608 5631847 -275
32309608 5631778 -225
32309608 5632350 -2875
32309439 5632350 -775
32309608 5632350 -725
32309608 5632349 -725
32309608 5632295 -675
32309608 5632242 -625
32309608 5632191 -575
32309608 5632143 -525
32309608 5632095 -475
32309608 5632050 -425
32309608 5632650 -2875
32309400 5632650 -1025
32309608 5632650 -987
32309608 5632633 -975
32309608 5632570 -925
32309608 5632511 -875
32309608 5632454 -825
32309608 5632400 -775
32309608 5632774 -2875
32309608 5632950 -2843
32309608 5632950 -1179
32309608 5632941 -1175
32309608 5632856 -1125
32309608 5632777 -1075
32309608 5632702 -1025
32309608 5633250 -2825
32309608 5633250 -1306
32309608 5633170 -1275
32309608 5633050 -1225
32309608 5633269 -2825
32309608 5633550 -2777
32309608 5633550 -1374
32309608 5633328 -1325
32309606 5633850 -2775
32309608 5633850 -2775
32309460 5633850 -1375
32309608 5633850 -1391
32309608 5633555 -1375
32309608 5633852 -2775
32309606 5634150 -2725
32309608 5634150 -2725
32309307 5634150 -2025
32309608 5634010 -1375
32309392 5634150 -1325
32309608 5634150 -1360
32309608 5634151 -2725
32309606 5634450 -2675
32309608 5634450 -2675
32309608 5634433 -1975
32309408 5634450 -1975
32309608 5634450 -2009
32309323 5634450 -1925
32309608 5634450 -1972
32309344 5634450 -1875
32309608 5634290 -1325
32309569 5634450 -1275
32309608 5634450 -1283
32309336 5634450 -1225
32309608 5634451 -2675
32309608 5634451 -2625
32309605 5634750 -2575
32309608 5634750 -2575
32309608 5634703 -1975
32309608 5634750 -1968
32309608 5634729 -1925
32309482 5634750 -1925
32309366 5634677 -1893
32309608 5634708 -1875
32309338 5634750 -1875
32309354 5634717 -1862
32309608 5634703 -1825
32309608 5634680 -1775
32309368 5634750 -1725
32309608 5634750 -1764
32309608 5634471 -1275
32309608 5634598 -1225
32309608 5634718 -1175
32309463 5634750 -1125
32309608 5634750 -1161
32309608 5634751 -2575
32309606 5635050 -2525
32309608 5635050 -2525
32309608 5634873 -1925
32309608 5635011 -1875
32309509 5635050 -1825
32309608 5635050 -1860
32309372 5635050 -1775
32309608 5634990 -1725
32309608 5634969 -1675
32309608 5634947 -1625
32309391 5635050 -1575
32309608 5635050 -1607
32309403 5635050 -1525
32309608 5634823 -1125
32309608 5634919 -1075
32309608 5635010 -1025
32309503 5635050 -975
32309608 5635050 -1002
32309317 5635050 -925
32309608 5635052 -2525
32309608 5635051 -2475
32309606 5635350 -2425
32309608 5635350 -2425
32309608 5635137 -1825
32309608 5635259 -1775
32309576 5635350 -1725
32309608 5635350 -1736
32309440 5635350 -1675
32309608 5635272 -1575
32309608 5635259 -1525
32309608 5635238 -1475
32309608 5635218 -1425
32309608 5635197 -1375
32309438 5635350 -1325
32309608 5635350 -1350
32309608 5635100 -975
32309608 5635191 -925
32309608 5635278 -875
32309565 5635350 -825
32309608 5635350 -833
32309608 5635352 -2425
32309608 5635351 -2375
32309606 5635650 -2325
32309608 5635650 -2325
32309538 5635650 -1975
32309608 5635650 -1989
32309608 5635632 -1975
32309309 5635650 -1925
32309608 5635650 -1972
32309608 5635377 -1725
32309608 5635490 -1675
32309608 5635602 -1625
32309463 5635650 -1575
32309608 5635650 -1604
32309608 5635525 -1325
32309608 5635513 -1275
32309608 5635494 -1225
32309608 5635474 -1175
32309466 5635650 -1125
32309608 5635650 -1146
32309486 5635650 -1075
32309608 5635368 -825
32309608 5635482 -775
32309608 5635603 -725
32309608 5635650 -706
32309608 5635652 -2325
32309608 5635651 -2275
32309605 5635950 -2225
32309608 5635950 -2225
32309606 5635950 -2175
32309608 5635682 -1975
32309467 5635950 -1825
32309608 5635950 -1855
32309608 5635913 -1825
32309322 5635950 -1775
32309608 5635950 -1820
32309369 5635950 -1725
32309608 5635712 -1575
32309608 5635820 -1525
32309608 5635928 -1475
32309405 5635950 -1425
32309608 5635950 -1465
32309608 5635798 -1125
32309608 5635776 -1075
32309608 5635755 -1025
32309608 5635734 -975
32309608 5635730 -925
32309608 5635711 -875
32309537 5635950 -825
32309608 5635950 -836
32309608 5635823 -675
32309502 5635950 -625
32309608 5635950 -654
32309316 5635950 -575
32309608 5635952 -2225
32309608 5635952 -2175
32309608 5635951 -2125
32309606 5636250 -2075
32309608 5636250 -2075
32309608 5636012 -1825
32309608 5636206 -1675
32309453 5636250 -1675
32309608 5636250 -1710
32309323 5636250 -1625
32309608 5636250 -1669
32309370 5636250 -1575
32309608 5636030 -1425
32309608 5636129 -1375
32309608 5636229 -1325
32309424 5636250 -1275
32309608 5636250 -1314
32309608 5636027 -825
32309608 5636004 -775
32309608 5635981 -725
32309608 5635959 -675
32309406 5636250 -425
32309608 5636252 -2075
32309608 5636252 -2025
32309608 5636252 -1975
32309606 5636550 -1925
32309608 5636550 -1925
32309608 5636316 -1675
32309608 5636518 -1525
32309508 5636550 -1525
32309608 5636550 -1550
32309608 5636454 -1475
32309308 5636550 -1475
32309608 5636550 -1464
32309352 5636550 -1425
32309398 5636550 -1375
32309608 5636319 -1275
32309608 5636406 -1225
32309608 5636491 -1175
32309549 5636550 -1125
32309608 5636550 -1140
32309352 5636550 -1075
32309608 5636552 -1925
32309608 5636552 -1875
32309608 5636556 -1825
32309605 5636850 -1775
32309608 5636850 -1776
32309608 5636593 -1525
32309608 5636678 -1475
32309608 5636791 -1325
32309447 5636850 -1325
32309608 5636850 -1370
32309608 5636727 -1275
32309359 5636850 -1225
32309608 5636850 -1262
32309402 5636850 -1175
32309608 5636573 -1125
32309608 5636648 -1075
32309608 5636721 -1025
32309608 5636791 -975
32309583 5636850 -925
32309608 5636850 -932
32309421 5636850 -875
32309608 5636852 -1775
32309608 5636852 -1725
32309608 5636851 -1675
32309605 5637150 -1625
32309608 5637150 -1625
32309606 5637150 -1575
32309608 5636921 -1325
32309608 5636997 -1275
32309608 5637093 -1125
32309464 5637150 -1125
32309608 5637150 -1171
32309608 5637030 -1075
32309309 5637150 -1075
32309608 5637150 -1063
32309347 5637150 -1025
32309387 5637150 -975
32309608 5636860 -925
32309427 5637150 -925
32309608 5636926 -875
32309608 5636990 -825
32309608 5637052 -775
32309608 5637112 -725
32309558 5637150 -675
32309608 5637150 -692
32309418 5637150 -625
32309608 5637152 -1625
32309608 5637152 -1575
32309608 5637152 -1525
32309605 5637450 -1475
32309608 5637450 -1475
32309605 5637450 -1425
32309608 5637217 -1125
32309608 5637289 -1075
32309608 5637450 -959
32309608 5637411 -925
32309507 5637450 -925
32309360 5637450 -875
32309608 5637355 -875
32309608 5637299 -825
32309368 5637450 -775
32309608 5637450 -810
32309405 5637450 -725
32309608 5637172 -675
32309441 5637450 -675
32309608 5637233 -625
32309608 5637293 -575
32309608 5637351 -525
32309608 5637407 -475
32309579 5637450 -425
32309608 5637450 -436
32309445 5637450 -375
32309311 5637450 -325
32309608 5637452 -1475
32309608 5637452 -1425
32309608 5637452 -1375
32309608 5637451 -1325
32309605 5637750 -1275
32309608 5637750 -1275
32309605 5637750 -1225
32309608 5637501 -925
32309608 5637576 -875
32309608 5637650 -825
32309608 5637750 -757
32309608 5637717 -725
32309505 5637750 -725
32309399 5637711 -692
32309608 5637669 -675
32309344 5637750 -675
32309608 5637622 -625
32309608 5637575 -575
32309408 5637750 -525
32309608 5637750 -555
32309441 5637750 -475
32309608 5637465 -425
32309476 5637750 -425
32309608 5637535 -375
32309608 5637607 -325
32309608 5637680 -275
32309596 5637750 -225
32309608 5637750 -228
32309413 5637750 -175
32309608 5637752 -1275
32309608 5637752 -1225
32309608 5637752 -1175
32309608 5637751 -1125
32309605 5638050 -1075
32309608 5638050 -1075
32309606 5638050 -1025
32309606 5638050 -975
32309608 5637806 -725
32309608 5637895 -675
32309608 5637986 -625
32309554 5638050 -575
32309608 5638050 -590
32309608 5637990 -525
32309378 5638050 -525
32309608 5637948 -475
32309608 5637906 -425
32309608 5637865 -375
32309608 5637826 -325
32309608 5637786 -275
32309608 5637756 -225
32309608 5638050 -240
32309513 5638050 -225
32309547 5638050 -175
32309608 5637858 -175
32309568 5637767 -216
32309608 5637962 -125
32309580 5638050 -125
32309577 5638050 -75
32309608 5638050 -82
32309367 5638050 -25
32309608 5638052 -1075
32309608 5638052 -1025
32309608 5638052 -975
32309608 5638051 -925
32309606 5638350 -875
32309608 5638350 -875
32309606 5638350 -825
32309606 5638350 -775
32309608 5638081 -575
32309608 5638181 -525
32309608 5638285 -475
32309562 5638350 -425
32309608 5638350 -444
32309449 5638350 -375
32309339 5638350 -325
32309608 5638144 -225
32309608 5638111 -175
32309608 5638078 -125
32309608 5638352 -875
32309608 5638352 -825
32309608 5638351 -775
32309608 5638351 -725
32309608 5638351 -675
32309606 5638650 -625
32309608 5638650 -625
32309607 5638650 -575
32309607 5638650 -525
32309608 5638404 -425
32309608 5638539 -375
32309592 5638650 -325
32309608 5638650 -333
32309503 5638650 -275
32309415 5638650 -225
32309329 5638650 -175
32309608 5638651 -625
32309608 5638651 -575
32309608 5638651 -525
32309608 5638650 -475
32309606 5638950 -425
32309608 5638950 -425
32309606 5638950 -375
32309608 5638660 -325
32309607 5638950 -325
32309607 5638950 -275
32309608 5638720 -275
32309608 5638780 -225
32309608 5638840 -175
32309608 5638901 -125
32309589 5638950 -75
32309608 5638950 -85
32309501 5638950 -25
32309416 5638950 25
32309332 5638950 75
32309608 5638951 -425
32309608 5638951 -375
32309608 5638951 -325
32309608 5638950 -275
32309606 5639250 -225
32309608 5639250 -225
32309606 5639250 -175
32309607 5639250 -125
32309608 5638964 -75
32309607 5639250 -75
32309608 5639031 -25
32309608 5639096 25
32309608 5639160 75
32309608 5639223 125
32309566 5639250 175
32309608 5639250 146
32309492 5639250 225
32309418 5639250 275
32309344 5639250 325
32309608 5639251 -225
32309608 5639251 -175
32309608 5639251 -125
32309608 5639251 -75
32309608 5639250 -25
32309606 5639550 25
32309608 5639550 24
32309606 5639550 75
32309607 5639550 125
32309608 5639284 175
32309607 5639550 175
32309608 5639344 225
32309608 5639402 275
32309608 5639460 325
32309608 5639517 375
32309579 5639550 425
32309608 5639550 403
32309511 5639550 475
32309608 5639551 25
32309608 5639551 75
32309608 5639551 125
32309608 5639551 175
32309608 5639550 225
32309606 5639850 275
32309608 5639850 274
32309606 5639850 325
32309607 5639850 375
32309608 5639573 425
32309607 5639850 425
32309608 5639626 475
32309909 5623650 -2735
32309909 5623950 -2729
32309909 5624250 -2729
32309909 5624550 -2729
32309909 5624850 -2729
32309909 5625150 -2729
32309909 5625450 -2728
32309909 5625750 -2728
32309909 5626050 -2728
32309909 5626350 -2728
32309909 5626650 -2728
32309909 5626950 -2728
32309909 5627250 -2728
32309909 5627550 -2727
32309909 5627850 -2727
32309909 5628150 -2727
32309909 5628450 -2727
32309909 5628750 -2727
32309612 5628750 125
32309645 5628750 175
32309673 5628750 225
32309695 5628750 275
32309712 5628750 325
32309725 5628750 375
32309735 5628750 425
32309742 5628750 475
32309909 5629050 -2727
32309643 5629050 -75
32309693 5629050 -25
32309736 5629050 25
32309773 5629050 75
32309805 5629050 125
32309834 5629050 175
32309859 5629050 225
32309882 5629050 275
32309903 5629050 325
32309909 5629050 339
32309909 5629025 375
32309909 5628998 425
32309909 5628976 475
32309909 5629350 -2727
32309676 5629350 -175
32309766 5629350 -125
32309838 5629350 -75
32309898 5629350 -25
32309909 5629350 -14
32309909 5629305 25
32309909 5629254 75
32309909 5629206 125
32309909 5629163 175
32309909 5629124 225
32309909 5629089 275
32309909 5629058 325
32309896 5629650 -2775
32309909 5629636 -2775
32309909 5629650 -2777
32309909 5629650 -228
32309909 5629643 -225
32309909 5629553 -175
32309909 5629478 -125
32309909 5629414 -75
32309909 5629360 -25
32309909 5629950 -2777
32309875 5629950 -425
32309909 5629950 -460
32309909 5629904 -425
32309909 5629840 -375
32309825 5629950 -375
32309909 5629775 -325
32309775 5629950 -325
32309909 5629710 -275
32309724 5629950 -275
32309673 5629950 -225
32309620 5629950 -175
32309909 5630237 -2825
32309909 5630250 -2827
32309909 5630066 -425
32309909 5630206 -375
32309843 5630250 -325
32309909 5630250 -357
32309742 5630250 -275
32309642 5630250 -225
32309658 5630250 -25
32309639 5630250 25
32309909 5630550 -2827
32309909 5630318 -325
32309909 5630413 -275
32309909 5630497 -225
32309886 5630550 -175
32309909 5630550 -191
32309815 5630550 -125
32309749 5630550 -75
32309685 5630550 -25
32309625 5630550 25
32309909 5630850 -2827
32309909 5630604 -175
32309909 5630770 -125
32309834 5630850 -75
32309909 5630850 -100
32309681 5630850 -25
32309909 5631142 -2875
32309909 5631150 -2876
32309850 5631150 -125
32309909 5631150 -113
32309909 5631450 -2876
32309638 5631450 -225
32309728 5631450 -175
32309812 5631450 -125
32309909 5631373 -75
32309892 5631450 -75
32309909 5631450 -63
32309909 5631750 -2876
32309710 5631750 -175
32309896 5631750 -125
32309909 5631750 -116
32309909 5631520 -75
32309909 5632050 -2875
32309780 5632050 -375
32309909 5632050 -335
32309909 5632036 -325
32309909 5631969 -275
32309909 5631901 -225
32309909 5631832 -175
32309909 5631762 -125
32309909 5632350 -2875
32309609 5632350 -725
32309820 5632350 -675
32309909 5632350 -652
32309909 5632321 -625
32309909 5632270 -575
32309909 5632221 -525
32309909 5632174 -475
32309909 5632128 -425
32309909 5632084 -375
32309909 5632650 -2875
32309688 5632650 -975
32309909 5632650 -938
32309909 5632633 -925
32309909 5632575 -875
32309909 5632520 -825
32309909 5632467 -775
32309909 5632418 -725
32309909 5632370 -675
32309796 5632950 -2875
32309909 5632950 -2875
32309669 5632950 -1175
32309909 5632950 -1154
32309909 5632903 -1125
32309909 5632829 -1075
32309909 5632760 -1025
32309909 5632694 -975
32309909 5632952 -2875
32309909 5633250 -2825
32309909 5633250 -1300
32309909 5633193 -1275
32309909 5633086 -1225
32309909 5632988 -1175
32309893 5633550 -2825
32309909 5633550 -2825
32309617 5633550 -1375
32309909 5633550 -1385
32309909 5633511 -1375
32309909 5633333 -1325
32309909 5633551 -2825
32309909 5633850 -2775
32309909 5633850 -1416
32309909 5633851 -2775
32309909 5634150 -2725
32309718 5634150 -1375
32309909 5634150 -1399
32309909 5634151 -2725
32309909 5634450 -2675
32309824 5634450 -2075
32309909 5634450 -2100
32309909 5634438 -2075
32309909 5634415 -2025
32309658 5634450 -2025
32309625 5634450 -1975
32309909 5634450 -2019
32309909 5634269 -1375
32309844 5634450 -1325
32309909 5634450 -1336
32309909 5634451 -2675
32309907 5634750 -2625
32309909 5634750 -2625
32309909 5634546 -2075
32309909 5634734 -2025
32309909 5634728 -1975
32309646 5634750 -1975
32309909 5634750 -2020
32309909 5634704 -1925
32309909 5634681 -1875
32309655 5634750 -1825
32309909 5634750 -1864
32309678 5634750 -1775
32309909 5634482 -1325
32309909 5634622 -1275
32309900 5634750 -1225
32309909 5634750 -1226
32309669 5634750 -1175
32309909 5634751 -2625
32309909 5634752 -2575
32309909 5635050 -2525
32309909 5634885 -1975
32309909 5635029 -1925
32309683 5635050 -1875
32309909 5635050 -1917
32309909 5635006 -1825
32309909 5634982 -1775
32309909 5634959 -1725
32309909 5634936 -1675
32309709 5635050 -1625
32309909 5635050 -1657
32309909 5634756 -1225
32309909 5634914 -1175
32309900 5635050 -1125
32309909 5635050 -1128
32309909 5635050 -1075
32309701 5635050 -1025
32309909 5635051 -2525
32309907 5635350 -2475
32309909 5635350 -2475
32309909 5635157 -1875
32309909 5635281 -1825
32309800 5635350 -1775
32309909 5635350 -1796
32309909 5635270 -1625
32309909 5635248 -1575
32309909 5635225 -1525
32309909 5635202 -1475
32309736 5635350 -1425
32309909 5635350 -1453
32309755 5635350 -1375
32309909 5635057 -1125
32309909 5635050 -1075
32309909 5635182 -1025
32309909 5635308 -975
32309830 5635350 -925
32309909 5635350 -957
32309708 5635350 -875
32309909 5635352 -2475
32309909 5635351 -2425
32309907 5635650 -2375
32309909 5635650 -2375
32309622 5635650 -1975
32309909 5635399 -1775
32309909 5635513 -1725
32309909 5635626 -1675
32309713 5635650 -1625
32309909 5635650 -1664
32309909 5635542 -1425
32309909 5635521 -1375
32309909 5635499 -1325
32309909 5635478 -1275
32309909 5635457 -1225
32309778 5635650 -1175
32309909 5635650 -1196
32309909 5635414 -925
32309909 5635513 -875
32309909 5635614 -825
32309814 5635650 -775
32309909 5635650 -807
32309665 5635650 -725
32309909 5635652 -2375
32309909 5635651 -2325
32309907 5635950 -2275
32309909 5635950 -2275
32309636 5635950 -1825
32309909 5635735 -1625
32309909 5635845 -1575
32309900 5635950 -1525
32309909 5635950 -1526
32309656 5635950 -1475
32309909 5635795 -1175
32309909 5635774 -1125
32309909 5635754 -1075
32309909 5635733 -1025
32309909 5635714 -975
32309833 5635950 -925
32309909 5635950 -937
32309842 5635950 -875
32309909 5635732 -775
32309909 5635867 -725
32309756 5635950 -675
32309909 5635950 -697
32309909 5635952 -2275
32309909 5635952 -2225
32309907 5636250 -2175
32309909 5636250 -2175
32309907 5636250 -2125
32309909 5636245 -1775
32309893 5636250 -1775
32309909 5636250 -1778
32309909 5636250 -1774
32309641 5636250 -1675
32309909 5635954 -1525
32309909 5636057 -1475
32309909 5636161 -1425
32309875 5636250 -1375
32309909 5636250 -1382
32309654 5636250 -1325
32309909 5636036 -925
32309909 5636025 -875
32309909 5636004 -825
32309909 5635983 -775
32309909 5635961 -725
32309905 5636250 -575
32309909 5636227 -575
32309909 5636250 -575
32309909 5636250 -565
32309909 5636252 -2175
32309909 5636252 -2125
32309909 5636251 -2075
32309907 5636550 -2025
32309909 5636550 -2025
32309907 5636550 -1975
32309909 5636257 -1775
32309909 5636547 -1625
32309901 5636550 -1625
32309909 5636550 -1627
32309909 5636485 -1575
32309705 5636550 -1575
32309631 5636550 -1525
32309909 5636550 -1567
32309678 5636550 -1475
32309909 5636264 -1375
32309909 5636358 -1325
32309909 5636452 -1275
32309909 5636544 -1225
32309736 5636550 -1175
32309909 5636550 -1221
32309909 5636254 -575
32309909 5636552 -2025
32309909 5636552 -1975
32309909 5636551 -1925
32309907 5636850 -1875
32309909 5636850 -1875
32309901 5636850 -1825
32309909 5636553 -1625
32309909 5636645 -1575
32309909 5636806 -1425
32309791 5636850 -1425
32309909 5636850 -1459
32309909 5636744 -1375
32309623 5636850 -1375
32309909 5636850 -1363
32309649 5636850 -1325
32309694 5636850 -1275
32309909 5636627 -1175
32309909 5636708 -1125
32309909 5636787 -1075
32309879 5636850 -1025
32309909 5636850 -1034
32309731 5636850 -975
32309909 5636852 -1875
32309909 5636852 -1825
32309909 5636851 -1775
32309906 5637150 -1725
32309909 5637150 -1725
32309907 5637150 -1675
32309909 5636907 -1425
32309909 5636990 -1375
32309909 5637089 -1225
32309763 5637150 -1225
32309909 5637150 -1274
32309909 5637026 -1175
32309619 5637150 -1175
32309909 5637150 -1162
32309648 5637150 -1125
32309691 5637150 -1075
32309909 5636864 -1025
32309909 5636937 -975
32309909 5637008 -925
32309909 5637076 -875
32309909 5637143 -825
32309799 5637150 -775
32309909 5637150 -820
32309681 5637150 -725
32309909 5637152 -1725
32309909 5637152 -1675
32309909 5637152 -1625
32309906 5637450 -1575
32309909 5637450 -1575
32309907 5637450 -1525
32309909 5637226 -1225
32309909 5637302 -1175
32309909 5637450 -1075
32309909 5637449 -1075
32309909 5637450 -1075
32309776 5637450 -1025
32309909 5637391 -1025
32309909 5637332 -975
32309647 5637450 -975
32309636 5637450 -925
32309909 5637450 -963
32309677 5637450 -875
32309717 5637450 -825
32309909 5637211 -775
32309909 5637278 -725
32309909 5637343 -675
32309909 5637407 -625
32309874 5637450 -575
32309909 5637450 -591
32309773 5637450 -525
32309678 5637450 -475
32309909 5637452 -1575
32309909 5637452 -1525
32309909 5637452 -1475
32309909 5637452 -1425
32309906 5637750 -1375
32309909 5637750 -1375
32309907 5637750 -1325
32309909 5637450 -1075
32309909 5637526 -1025
32309909 5637601 -975
32309909 5637750 -872
32309909 5637699 -825
32309783 5637750 -825
32309652 5637750 -775
32309909 5637646 -775
32309909 5637593 -725
32309671 5637750 -675
32309909 5637750 -708
32309709 5637750 -625
32309909 5637472 -575
32309747 5637750 -575
32309909 5637538 -525
32309909 5637603 -475
32309909 5637666 -425
32309909 5637728 -375
32309834 5637750 -325
32309909 5637750 -357
32309717 5637750 -275
32309909 5637752 -1375
32309909 5637752 -1325
32309909 5637752 -1275
32309906 5638050 -1225
32309909 5638050 -1225
32309907 5638050 -1175
32309907 5638050 -1125
32309909 5637825 -825
32309909 5637905 -775
32309909 5637983 -725
32309886 5638050 -675
32309909 5638050 -682
32309909 5638043 -675
32309909 5637996 -625
32309724 5638050 -625
32309909 5637950 -575
32309909 5637904 -525
32309909 5637858 -475
32309727 5638050 -425
32309909 5638050 -453
32309761 5638050 -375
32309909 5637796 -325
32309795 5638050 -325
32309828 5638050 -275
32309909 5637869 -275
32309788 5637813 -301
32309909 5637942 -225
32309640 5637774 -230
32309909 5638016 -175
32309693 5638050 -125
32309909 5638050 -166
32309909 5638052 -1225
32309909 5638052 -1175
32309909 5638052 -1125
32309909 5638052 -1075
32309906 5638350 -1025
32309909 5638350 -1025
32309907 5638350 -975
32309907 5638350 -925
32309909 5638077 -675
32309909 5638276 -625
32309850 5638350 -575
32309909 5638350 -607
32309758 5638350 -525
32309665 5638350 -475
32309909 5638223 -425
32309909 5638190 -375
32309909 5638158 -325
32309909 5638127 -275
32309909 5638095 -225
32309859 5638350 -175
32309909 5638350 -182
32309909 5638295 -125
32309892 5638350 -125
32309909 5638350 -99
32309909 5638352 -1025
32309909 5638352 -975
32309909 5638352 -925
32309909 5638351 -875
32309907 5638650 -825
32309909 5638650 -825
32309907 5638650 -775
32309908 5638650 -725
32309908 5638650 -675
32309909 5638419 -575
32309909 5638529 -525
32309909 5638641 -475
32309805 5638650 -425
32309909 5638650 -471
32309696 5638650 -375
32309909 5638406 -175
32309909 5638368 -125
32309909 5638651 -825
32309909 5638651 -775
32309909 5638651 -725
32309909 5638651 -675
32309909 5638650 -625
32309908 5638950 -575
32309909 5638950 -575
32309908 5638950 -525
32309908 5638950 -475
32309909 5638733 -425
32309909 5638820 -375
32309909 5638905 -325
32309877 5638950 -275
32309909 5638950 -297
32309808 5638950 -225
32309738 5638950 -175
32309666 5638950 -125
32309909 5638951 -575
32309909 5638951 -525
32309909 5638950 -475
32309909 5638950 -425
32309908 5639250 -375
32309909 5639250 -375
32309908 5639250 -325
32309909 5638983 -275
32309908 5639250 -275
32309909 5639055 -225
32309909 5639124 -175
32309909 5639191 -125
32309902 5639250 -75
32309909 5639250 -80
32309838 5639250 -25
32309774 5639250 25
32309707 5639250 75
32309638 5639250 125
32309909 5639251 -375
32309909 5639251 -325
32309909 5639250 -275
32309909 5639250 -225
32309909 5639250 -175
32309908 5639550 -125
32309909 5639550 -125
32309909 5639257 -75
32309908 5639550 -75
32309908 5639550 -25
32309909 5639315 -25
32309909 5639373 25
32309909 5639431 75
32309909 5639490 125
32309909 5639549 175
32309845 5639550 225
32309909 5639550 175
32309779 5639550 275
32309713 5639550 325
32309646 5639550 375
32309909 5639551 -125
32309909 5639551 -75
32309909 5639550 -25
32309909 5639550 25
32309907 5639850 75
32309909 5639850 74
32309908 5639850 125
32309908 5639850 175
32309909 5639605 225
32309908 5639850 225
32309909 5639660 275
32309909 5639715 325
32309909 5639770 375
32309909 5639825 425
32309876 5639850 475
32309909 5639850 448
32310210 5623650 -2766
32310210 5623950 -2730
32310210 5624250 -2729
32310210 5624550 -2729
32310210 5624850 -2729
32310210 5625150 -2729
32310210 5625450 -2729
32310210 5625750 -2728
32310210 5626050 -2728
32310210 5626350 -2728
32310210 5626650 -2728
32310210 5626950 -2728
32310210 5627250 -2728
32310210 5627550 -2728
32310210 5627850 -2727
32310210 5628150 -2727
32310210 5628450 -2727
32310210 5628750 -2727
32310210 5629050 -2727
32309924 5629050 375
32309945 5629050 425
32309964 5629050 475
32310199 5629350 -2775
32310210 5629338 -2775
32310210 5629350 -2776
32309942 5629350 25
32309978 5629350 75
32310010 5629350 125
32310040 5629350 175
32310070 5629350 225
32310100 5629350 275
32310132 5629350 325
32310164 5629350 375
32310197 5629350 425
32310210 5629350 444
32310210 5629328 475
32310210 5629650 -2777
32310202 5629650 -425
32310210 5629650 -431
32310210 5629640 -425
32310210 5629576 -375
32310136 5629650 -375
32310210 5629587 -325
32310064 5629650 -325
32310210 5629561 -275
32309987 5629650 -275
32310210 5629537 -225
32310210 5629516 -175
32310210 5629497 -125
32310210 5629480 -75
32310210 5629466 -25
32310210 5629453 25
32310210 5629441 75
32310210 5629474 125
32310210 5629457 175
32310210 5629440 225
32310210 5629421 275
32310210 5629402 325
32310210 5629381 375
32310210 5629359 425
32310198 5629950 -2825
32310210 5629937 -2825
32310210 5629950 -2827
32310210 5629950 -432
32310210 5630250 -2826
32310210 5630033 -425
32310026 5630250 -375
32310210 5630250 -404
32310210 5630550 -2826
32310210 5630374 -375
32310192 5630550 -325
32310210 5630550 -332
32310079 5630550 -275
32309975 5630550 -225
32310203 5630850 -2875
32310210 5630843 -2875
32310210 5630850 -2876
32310210 5630576 -325
32310210 5630750 -275
32310160 5630850 -225
32310210 5630850 -246
32310051 5630850 -175
32309954 5630850 -125
32310210 5631150 -2876
32310210 5630909 -225
32310210 5631037 -175
32310190 5631150 -125
32310210 5631150 -125
32310210 5631450 -2876
32310210 5631153 -125
32310210 5631339 -75
32310210 5631450 -44
32310210 5631750 -2875
32310208 5631750 -75
32310210 5631750 -74
32310210 5632050 -2875
32309963 5632050 -325
32310210 5632050 -276
32310210 5632048 -275
32310210 5631973 -225
32310210 5631899 -175
32310210 5631825 -125
32310210 5631750 -75
32310210 5632350 -2875
32310052 5632350 -625
32310210 5632350 -592
32310210 5632331 -575
32310210 5632279 -525
32310210 5632229 -475
32310210 5632182 -425
32310210 5632136 -375
32310210 5632091 -325
32310210 5632650 -2875
32310003 5632650 -925
32310210 5632650 -892
32310210 5632629 -875
32310210 5632574 -825
32310210 5632521 -775
32310210 5632471 -725
32310210 5632424 -675
32310210 5632378 -625
32310210 5632950 -2875
32310210 5632950 -1126
32310210 5632947 -1125
32310210 5632875 -1075
32310210 5632808 -1025
32310210 5632745 -975
32310210 5632686 -925
32310210 5632953 -2875
32310210 5633250 -2825
32310210 5633250 -1288
32310210 5633221 -1275
32310210 5633123 -1225
32310210 5633031 -1175
32310210 5633550 -2825
32310210 5633550 -1387
32310210 5633508 -1375
32310210 5633353 -1325
32310210 5633551 -2825
32310210 5633850 -2775
32310064 5633850 -1425
32310210 5633850 -1432
32310210 5633795 -1425
32310209 5634150 -2775
32310210 5634150 -2775
32310011 5634150 -1425
32310210 5634150 -1473
32310210 5634151 -2775
32310209 5634450 -2725
32310210 5634450 -2725
32310098 5634450 -2125
32310210 5634450 -2139
32310210 5634443 -2125
32310210 5634420 -2075
32309943 5634450 -2025
32310210 5634450 -2070
32310210 5634439 -1425
32310043 5634450 -1375
32310210 5634450 -1423
32310210 5634451 -2725
32310209 5634750 -2675
32310210 5634750 -2675
32310210 5634510 -2125
32310210 5634715 -2075
32310012 5634705 -2045
32310210 5634730 -2025
32310210 5634750 -2066
32309937 5634750 -2025
32310210 5634707 -1975
32310210 5634683 -1925
32309974 5634750 -1875
32310210 5634750 -1914
32310210 5634605 -1375
32310200 5634750 -1325
32310210 5634750 -1328
32310051 5634750 -1275
32310210 5634751 -2675
32310210 5634751 -2625
32310207 5635050 -2575
32310210 5635050 -2575
32310210 5634880 -2025
32310210 5635033 -1975
32309951 5635050 -1925
32310210 5635050 -1969
32310210 5635005 -1875
32310210 5634982 -1825
32310210 5634958 -1775
32310210 5634957 -1725
32310013 5635050 -1675
32310210 5635050 -1711
32310210 5634757 -1325
32310210 5634871 -1275
32310210 5634980 -1225
32310131 5635050 -1175
32310210 5635050 -1191
32310210 5635051 -2575
32310208 5635350 -2525
32310210 5635350 -2525
32310210 5635167 -1925
32310210 5635295 -1875
32310060 5635350 -1825
32310210 5635350 -1853
32310210 5635267 -1675
32310210 5635244 -1625
32310210 5635222 -1575
32310210 5635199 -1525
32310041 5635350 -1475
32310210 5635350 -1502
32310210 5635081 -1175
32310210 5635174 -1125
32310210 5635263 -1075
32310210 5635347 -1025
32309988 5635350 -975
32310210 5635350 -1023
32310210 5635352 -2525
32310210 5635351 -2475
32310208 5635650 -2425
32310210 5635650 -2425
32310210 5635416 -1825
32310210 5635533 -1775
32310210 5635648 -1725
32309963 5635650 -1675
32310210 5635650 -1724
32310210 5635538 -1475
32310210 5635516 -1425
32310210 5635495 -1375
32310210 5635473 -1325
32310063 5635650 -1275
32310210 5635650 -1299
32310082 5635650 -1225
32310210 5635441 -975
32310210 5635535 -925
32310210 5635628 -875
32310004 5635650 -825
32310210 5635650 -863
32310210 5635652 -2425
32310210 5635651 -2375
32310208 5635950 -2325
32310210 5635950 -2325
32310210 5635760 -1675
32310210 5635871 -1625
32310139 5635950 -1575
32310210 5635950 -1589
32310210 5635812 -1275
32310210 5635791 -1225
32310210 5635771 -1175
32310210 5635750 -1125
32310210 5635730 -1075
32310210 5635711 -1025
32310125 5635950 -975
32310210 5635950 -988
32310210 5635741 -825
32310210 5635869 -775
32310085 5635950 -725
32310210 5635950 -745
32310210 5635952 -2325
32310210 5635951 -2275
32310208 5636250 -2225
32310210 5636250 -2225
32310201 5636250 -1825
32310210 5636250 -1827
32310210 5636248 -1825
32309913 5636250 -1775
32310210 5636250 -1824
32310210 5635982 -1575
32310210 5636090 -1525
32310210 5636199 -1475
32310093 5636250 -1425
32310210 5636250 -1452
32310210 5636043 -975
32310210 5636022 -925
32310210 5636002 -875
32310210 5635981 -825
32310210 5635961 -775
32310210 5636250 -677
32310193 5636250 -675
32310210 5636130 -675
32310210 5636250 -630
32309955 5636250 -575
32310210 5636252 -2225
32310210 5636252 -2175
32310208 5636550 -2125
32310210 5636550 -2125
32310208 5636550 -2075
32310210 5636253 -1825
32310098 5636550 -1675
32310210 5636550 -1703
32310210 5636515 -1675
32309911 5636550 -1625
32310210 5636550 -1670
32309958 5636550 -1575
32310210 5636305 -1425
32310210 5636406 -1375
32310210 5636507 -1325
32310103 5636550 -1275
32310210 5636550 -1303
32309920 5636550 -1225
32310210 5636269 -675
32310210 5636552 -2125
32310210 5636552 -2075
32310210 5636552 -2025
32310208 5636850 -1975
32310210 5636850 -1975
32310208 5636850 -1925
32310210 5636604 -1675
32310210 5636823 -1525
32310134 5636850 -1525
32310210 5636850 -1546
32310210 5636850 -1521
32309941 5636850 -1425
32309988 5636850 -1375
32310210 5636602 -1275
32310210 5636692 -1225
32310210 5636780 -1175
32310178 5636850 -1125
32310210 5636850 -1135
32310027 5636850 -1075
32310210 5636852 -1975
32310210 5636852 -1925
32310210 5636852 -1875
32310208 5637150 -1825
32310210 5637150 -1825
32310208 5637150 -1775
32310210 5636888 -1525
32310210 5637088 -1325
32310060 5637150 -1325
32310210 5637150 -1374
32310210 5637150 -1318
32309954 5637150 -1225
32309999 5637150 -1175
32310210 5636866 -1125
32310210 5636946 -1075
32310210 5637024 -1025
32310210 5637100 -975
32310166 5637150 -925
32310210 5637150 -942
32310040 5637150 -875
32309920 5637150 -825
32310210 5637152 -1825
32310210 5637152 -1775
32310210 5637152 -1725
32310207 5637450 -1675
32310210 5637450 -1675
32310208 5637450 -1625
32310210 5637231 -1325
32310210 5637450 -1187
32310210 5637435 -1175
32310176 5637450 -1175
32310040 5637450 -1125
32310210 5637374 -1125
32309910 5637450 -1075
32310210 5637450 -1101
32309952 5637450 -1025
32309996 5637450 -975
32310210 5637175 -925
32310210 5637248 -875
32310210 5637320 -825
32310210 5637390 -775
32310194 5637450 -725
32310210 5637450 -732
32310083 5637450 -675
32309977 5637450 -625
32310210 5637452 -1675
32310210 5637452 -1625
32310210 5637452 -1575
32310207 5637750 -1525
32310210 5637750 -1525
32310208 5637750 -1475
32310208 5637750 -1425
32310210 5637469 -1175
32310210 5637548 -1125
32310210 5637750 -991
32310210 5637731 -975
32310167 5637750 -975
32310039 5637750 -925
32310210 5637674 -925
32310210 5637617 -875
32309915 5637750 -875
32310210 5637750 -861
32309948 5637750 -825
32309989 5637750 -775
32310210 5637459 -725
32310029 5637750 -725
32310210 5637529 -675
32310210 5637598 -625
32310210 5637665 -575
32310210 5637730 -525
32310136 5637750 -475
32310210 5637750 -510
32310036 5637750 -425
32309941 5637750 -375
32310210 5637752 -1525
32310210 5637752 -1475
32310210 5637752 -1425
32310210 5637752 -1375
32310208 5638050 -1325
32310210 5638050 -1325
32310208 5638050 -1275
32310210 5637776 -975
32310210 5637854 -925
32310210 5637929 -875
32310210 5638050 -792
32310210 5638032 -775
32310163 5638050 -775
32310093 5637993 -756
32310210 5637981 -725
32310026 5638050 -725
32309959 5638020 -687
32310210 5637929 -675
32310210 5637876 -625
32310007 5638050 -575
32310210 5638050 -603
32310051 5638050 -525
32310210 5637818 -475
32310095 5638050 -475
32310210 5637911 -425
32310210 5637997 -375
32310183 5638050 -325
32310210 5638050 -342
32310104 5638050 -275
32310025 5638050 -225
32309945 5638050 -175
32310210 5638052 -1325
32310210 5638052 -1275
32310210 5638052 -1225
32310208 5638350 -1175
32310210 5638350 -1175
32310208 5638350 -1125
32310208 5638350 -1075
32310210 5638100 -775
32310210 5638243 -725
32310168 5638350 -675
32310210 5638350 -686
32309980 5638350 -625
32310210 5638251 -575
32310210 5638207 -525
32310210 5638164 -475
32310210 5638121 -425
32310210 5638078 -375
32310210 5638077 -325
32310210 5638350 -342
32310102 5638350 -325
32310134 5638350 -275
32310210 5638156 -275
32310154 5638106 -309
32310166 5638350 -225
32310210 5638237 -225
32310210 5638318 -175
32310040 5638350 -125
32310210 5638350 -155
32310210 5638352 -1175
32310210 5638352 -1125
32310210 5638351 -1075
32310210 5638351 -1025
32310208 5638650 -975
32310210 5638650 -975
32310208 5638650 -925
32310209 5638650 -875
32310210 5638374 -675
32310210 5638479 -625
32310210 5638587 -575
32310129 5638650 -525
32310210 5638650 -546
32309925 5638650 -475
32310210 5638480 -325
32310210 5638442 -275
32310210 5638404 -225
32310210 5638365 -175
32310210 5638650 -81
32310172 5638650 -75
32310210 5638525 -75
32310204 5638650 -25
32310210 5638629 -25
32310210 5638650 -15
32310210 5638652 -975
32310210 5638651 -925
32310210 5638651 -875
32310210 5638651 -825
32310209 5638950 -775
32310210 5638950 -775
32310209 5638950 -725
32310209 5638950 -675
32310209 5638950 -625
32310210 5638713 -525
32310210 5638875 -475
32310150 5638950 -425
32310210 5638950 -454
32310051 5638950 -375
32309958 5638950 -325
32310210 5638690 -75
32310210 5638656 -25
32310210 5638951 -775
32310210 5638951 -725
32310210 5638951 -675
32310210 5638950 -625
32310209 5639250 -575
32310210 5639250 -575
32310209 5639250 -525
32310209 5639250 -475
32310210 5638999 -425
32310210 5639250 -425
32310210 5639077 -375
32310210 5639149 -325
32310210 5639218 -275
32310157 5639250 -225
32310210 5639250 -253
32310066 5639250 -175
32309980 5639250 -125
32310210 5639251 -575
32310210 5639251 -525
32310210 5639251 -475
32310210 5639250 -425
32310209 5639550 -375
32310210 5639550 -375
32310209 5639550 -325
32310209 5639550 -275
32310210 5639290 -225
32310209 5639550 -225
32310210 5639550 -175
32310210 5639363 -175
32310210 5639433 -125
32310210 5639501 -75
32310191 5639550 -25
32310210 5639550 -38
32310119 5639550 25
32310048 5639550 75
32309979 5639550 125
32309910 5639550 175
32310210 5639551 -375
32310210 5639551 -325
32310210 5639551 -275
32310210 5639550 -225
32310210 5639850 -175
32310209 5639850 -175
32310209 5639850 -125
32310209 5639850 -75
32310210 5639567 -25
32310209 5639850 -25
32310210 5639850 25
32310210 5639630 25
32310210 5639691 75
32310210 5639752 125
32310210 5639812 175
32310187 5639850 225
32310210 5639850 206
32310125 5639850 275
32310063 5639850 325
32310000 5639850 375
32309938 5639850 425
32310276 5623650 -2775
32310512 5623650 -2779
32310512 5623674 -2775
32310512 5623950 -2730
32310512 5624250 -2729
32310512 5624550 -2729
32310512 5624850 -2729
32310512 5625150 -2729
32310512 5625450 -2729
32310512 5625750 -2728
32310512 5626050 -2728
32310512 5626350 -2728
32310512 5626650 -2728
32310512 5626950 -2728
32310512 5627250 -2728
32310512 5627550 -2728
32310512 5627850 -2727
32310512 5628150 -2727
32310512 5628450 -2727
32310512 5628750 -2760
32310498 5629050 -2775
32310512 5628837 -2775
32310512 5629050 -2777
32310507 5629350 -2825
32310512 5629345 -2825
32310512 5629350 -2825
32310255 5629350 475
32310501 5629650 -2825
32310512 5629650 -2826
32310225 5629650 -425
32310330 5629650 -375
32310420 5629650 -325
32310497 5629650 -275
32310512 5629650 -271
32310512 5629525 -225
32310512 5629492 -175
32310512 5629463 -125
32310512 5629438 -75
32310512 5629415 -25
32310512 5629394 25
32310512 5629373 75
32310512 5629350 125
32310512 5629464 175
32310512 5629454 225
32310512 5629445 275
32310512 5629435 325
32310512 5629425 375
32310512 5629415 425
32310512 5629405 475
32310512 5629950 -2826
32310512 5629950 -437
32310512 5629928 -425
32310512 5629844 -375
32310512 5629758 -325
32310512 5629669 -275
32310512 5630250 -2828
32310414 5630250 -475
32310512 5630250 -515
32310512 5630091 -475
32310276 5630250 -425
32310503 5630550 -2875
32310512 5630536 -2875
32310512 5630550 -2876
32310502 5630550 -525
32310512 5630550 -531
32310512 5630421 -525
32310427 5630550 -475
32310352 5630550 -425
32310276 5630550 -375
32310512 5630850 -2876
32310512 5630587 -525
32310504 5630850 -475
32310512 5630850 -480
32310438 5630850 -425
32310373 5630850 -375
32310309 5630850 -325
32310246 5630850 -275
32310512 5631150 -2876
32310512 5630865 -475
32310512 5630996 -425
32310512 5631118 -375
32310462 5631150 -325
32310512 5631150 -361
32310396 5631150 -275
32310331 5631150 -225
32310269 5631150 -175
32310512 5631450 -2875
32310512 5631229 -325
32310512 5631330 -275
32310512 5631424 -225
32310446 5631450 -175
32310512 5631450 -210
32310355 5631450 -125
32310265 5631450 -75
32310512 5631750 -2875
32310512 5631611 -175
32310433 5631750 -125
32310512 5631750 -143
32310212 5631750 -75
32310512 5632050 -2875
32310232 5632050 -275
32310512 5632050 -258
32310512 5631964 -225
32310512 5631834 -175
32310512 5632350 -2875
32310319 5632350 -575
32310512 5632350 -541
32310512 5632331 -525
32310512 5632274 -475
32310512 5632219 -425
32310512 5632166 -375
32310512 5632115 -325
32310512 5632066 -275
32310512 5632650 -2875
32310329 5632650 -875
32310512 5632650 -845
32310512 5632626 -825
32310512 5632571 -775
32310512 5632519 -725
32310512 5632470 -675
32310512 5632424 -625
32310512 5632379 -575
32310512 5632950 -2875
32310226 5632950 -1125
32310512 5632950 -1093
32310512 5632923 -1075
32310512 5632856 -1025
32310512 5632793 -975
32310512 5632735 -925
32310512 5632680 -875
32310508 5633250 -2875
32310512 5633250 -2875
32310426 5633250 -1275
32310512 5633250 -1269
32310512 5633165 -1225
32310512 5633078 -1175
32310512 5632997 -1125
32310512 5633251 -2875
32310512 5633550 -2825
32310466 5633550 -1425
32310512 5633550 -1431
32310512 5633536 -1425
32310512 5633437 -1375
32310512 5633345 -1325
32310512 5633259 -1275
32310510 5633850 -2825
32310512 5633850 -2825
32310454 5633850 -1475
32310512 5633850 -1485
32310512 5633789 -1475
32310512 5633851 -2825
32310512 5634150 -2775
32310230 5634150 -1475
32310512 5634150 -1491
32310512 5634151 -2775
32310512 5634450 -2725
32310512 5634450 -2171
32310512 5634428 -2125
32310239 5634450 -2075
32310512 5634450 -2121
32310512 5634276 -1475
32310228 5634450 -1425
32310512 5634450 -1452
32310512 5634451 -2725
32310512 5634750 -2675
32310512 5634662 -2125
32310276 5634750 -2075
32310512 5634750 -2105
32310512 5634735 -2075
32310512 5634712 -2025
32310512 5634689 -1975
32310273 5634750 -1925
32310512 5634750 -1965
32310512 5634552 -1425
32310512 5634732 -1375
32310512 5634750 -1370
32310512 5634751 -2675
32310510 5635050 -2625
32310512 5635050 -2625
32310512 5634853 -2075
32310512 5635019 -2025
32310245 5635050 -1975
32310512 5635050 -2015
32310512 5635007 -1925
32310512 5634984 -1875
32310512 5634961 -1825
32310294 5635050 -1775
32310512 5635050 -1811
32310294 5635050 -1725
32310512 5634862 -1325
32310512 5634982 -1275
32310397 5635050 -1225
32310512 5635050 -1245
32310512 5635051 -2625
32310510 5635350 -2575
32310512 5635350 -2575
32310512 5635163 -1975
32310512 5635299 -1925
32310335 5635350 -1875
32310512 5635350 -1905
32310512 5635289 -1775
32310512 5635266 -1725
32310512 5635243 -1675
32310512 5635220 -1625
32310325 5635350 -1575
32310512 5635350 -1605
32310345 5635350 -1525
32310512 5635091 -1225
32310512 5635188 -1175
32310512 5635281 -1125
32310456 5635350 -1075
32310512 5635350 -1086
32310217 5635350 -1025
32310512 5635351 -2575
32310512 5635351 -2525
32310509 5635650 -2475
32310512 5635650 -2475
32310512 5635426 -1875
32310512 5635547 -1825
32310474 5635650 -1775
32310512 5635650 -1782
32310214 5635650 -1725
32310512 5635556 -1575
32310512 5635534 -1525
32310512 5635513 -1475
32310512 5635491 -1425
32310512 5635476 -1375
32310368 5635650 -1325
32310512 5635650 -1349
32310512 5635371 -1075
32310512 5635465 -1025
32310512 5635556 -975
32310512 5635645 -925
32310271 5635650 -875
32310512 5635650 -922
32310512 5635652 -2475
32310512 5635651 -2425
32310509 5635950 -2375
32310512 5635950 -2375
32310512 5635666 -1775
32310512 5635782 -1725
32310512 5635898 -1675
32310379 5635950 -1625
32310512 5635950 -1652
32310512 5635807 -1325
32310512 5635787 -1275
32310512 5635766 -1225
32310512 5635746 -1175
32310512 5635726 -1125
32310411 5635950 -1075
32310512 5635950 -1091
32310429 5635950 -1025
32310512 5635757 -875
32310512 5635875 -825
32310394 5635950 -775
32310512 5635950 -794
32310512 5635952 -2375
32310512 5635951 -2325
32310509 5636250 -2275
32310512 5636250 -2275
32310212 5636250 -1825
32310512 5636011 -1625
32310512 5636125 -1575
32310512 5636239 -1525
32310311 5636250 -1475
32310512 5636250 -1520
32310512 5636059 -1075
32310512 5636039 -1025
32310512 5636019 -975
32310512 5635999 -925
32310512 5635980 -875
32310460 5636250 -825
32310512 5636250 -833
32310512 5636003 -775
32310479 5636250 -775
32310512 5636144 -725
32310498 5636250 -725
32310437 5636250 -675
32310512 5636250 -689
32310512 5636252 -2275
32310512 5636252 -2225
32310509 5636550 -2175
32310512 5636550 -2175
32310512 5636548 -1775
32310507 5636550 -1775
32310512 5636550 -1775
32310512 5636550 -1774
32310237 5636550 -1675
32310512 5636347 -1475
32310512 5636455 -1425
32310486 5636550 -1375
32310512 5636550 -1381
32310292 5636550 -1325
32310512 5636306 -825
32310512 5636285 -775
32310512 5636264 -725
32310512 5636552 -2175
32310512 5636552 -2125
32310509 5636850 -2075
32310512 5636850 -2075
32310509 5636850 -2025
32310512 5636552 -1775
32310512 5636845 -1625
32310498 5636850 -1625
32310512 5636850 -1628
32310512 5636850 -1624
32310231 5636850 -1525
32310512 5636562 -1375
32310512 5636660 -1325
32310512 5636756 -1275
32310508 5636850 -1225
32310512 5636850 -1225
32310341 5636850 -1175
32310512 5636852 -2075
32310512 5636852 -2025
32310512 5636852 -1975
32310509 5637150 -1925
32310512 5637150 -1925
32310509 5637150 -1875
32310512 5636856 -1625
32310375 5637150 -1425
32310512 5637150 -1466
32310512 5637099 -1425
32310512 5637150 -1419
32310256 5637150 -1325
32310512 5636851 -1225
32310512 5636937 -1175
32310512 5637020 -1125
32310512 5637102 -1075
32310451 5637150 -1025
32310512 5637150 -1045
32310305 5637150 -975
32310512 5637152 -1925
32310512 5637152 -1875
32310512 5637152 -1825
32310509 5637450 -1775
32310512 5637450 -1775
32310509 5637450 -1725
32310512 5637221 -1425
32310512 5637433 -1275
32310470 5637450 -1275
32310512 5637450 -1288
32310512 5637372 -1225
32310321 5637450 -1225
32310221 5637450 -1175
32310512 5637450 -1216
32310265 5637450 -1125
32310512 5637181 -1025
32310512 5637257 -975
32310512 5637331 -925
32310512 5637403 -875
32310465 5637450 -825
32310512 5637450 -841
32310328 5637450 -775
32310512 5637452 -1775
32310512 5637452 -1725
32310512 5637452 -1675
32310509 5637750 -1625
32310512 5637750 -1625
32310509 5637750 -1575
32310512 5637472 -1275
32310512 5637555 -1225
32310512 5637718 -1075
32310436 5637750 -1075
32310512 5637750 -1102
32310512 5637661 -1025
32310300 5637750 -1025
32310224 5637750 -975
32310512 5637750 -1015
32310266 5637750 -925
32310308 5637750 -875
32310512 5637474 -825
32310512 5637548 -775
32310512 5637620 -725
32310512 5637692 -675
32310488 5637750 -625
32310512 5637750 -634
32310365 5637750 -575
32310245 5637750 -525
32310512 5637753 -1625
32310512 5637752 -1575
32310512 5637752 -1525
32310508 5638050 -1475
32310512 5638050 -1475
32310509 5638050 -1425
32310509 5638050 -1375
32310512 5637801 -1075
32310512 5637953 -1025
32310512 5638050 -986
32310512 5638039 -975
32310492 5638050 -975
32310512 5637998 -925
32310413 5638050 -925
32310512 5637956 -875
32310335 5638050 -875
32310259 5638050 -825
32310512 5637914 -825
32310512 5637871 -775
32310277 5638050 -725
32310512 5638050 -750
32310327 5638050 -675
32310512 5637771 -625
32310377 5638050 -625
32310512 5637882 -575
32310512 5637988 -525
32310468 5638050 -475
32310512 5638050 -495
32310366 5638050 -425
32310270 5638050 -375
32310512 5638053 -1475
32310512 5638052 -1425
32310512 5638052 -1375
32310509 5638350 -1325
32310512 5638350 -1325
32310509 5638350 -1275
32310509 5638350 -1225
32310512 5638070 -975
32310512 5638154 -925
32310512 5638235 -875
32310512 5638313 -825
32310445 5638350 -775
32310512 5638350 -800
32310512 5638279 -725
32310313 5638350 -725
32310512 5638232 -675
32310512 5638183 -625
32310512 5638133 -575
32310512 5638081 -525
32310512 5638078 -475
32310512 5638350 -497
32310360 5638350 -475
32310395 5638350 -425
32310512 5638144 -425
32310423 5638109 -456
32310429 5638350 -375
32310512 5638208 -375
32310512 5638271 -325
32310293 5638123 -343
32310512 5638334 -275
32310405 5638350 -225
32310512 5638350 -262
32310265 5638350 -175
32310512 5638352 -1325
32310512 5638352 -1275
32310512 5638352 -1225
32310512 5638351 -1175
32310509 5638650 -1125
32310512 5638650 -1125
32310509 5638650 -1075
32310510 5638650 -1025
32310512 5638396 -775
32310512 5638484 -725
32310512 5638568 -675
32310512 5638646 -625
32310335 5638650 -575
32310512 5638650 -622
32310512 5638539 -475
32310512 5638499 -425
32310512 5638457 -375
32310512 5638411 -325
32310512 5638362 -275
32310449 5638383 -257
32310512 5638401 -225
32310512 5638650 -244
32310401 5638650 -225
32310432 5638650 -175
32310512 5638471 -175
32310336 5638396 -195
32310512 5638544 -125
32310464 5638650 -125
32310512 5638622 -75
32310271 5638650 -25
32310512 5638650 -58
32310512 5638652 -1125
32310512 5638652 -1075
32310512 5638651 -1025
32310509 5638950 -975
32310512 5638950 -975
32310510 5638950 -925
32310510 5638950 -875
32310510 5638950 -825
32310512 5638804 -575
32310469 5638950 -525
32310512 5638950 -538
32310292 5638950 -475
32310512 5638763 -225
32310512 5638732 -175
32310512 5638699 -125
32310512 5638662 -75
32310512 5638952 -975
32310512 5638951 -925
32310512 5638951 -875
32310512 5638951 -825
32310510 5639250 -775
32310512 5639250 -775
32310510 5639250 -725
32310510 5639250 -675
32310511 5639250 -625
32310512 5638989 -525
32310512 5639149 -475
32310475 5639250 -425
32310512 5639250 -446
32310394 5639250 -375
32310318 5639250 -325
32310244 5639250 -275
32310512 5639251 -775
32310512 5639251 -725
32310512 5639251 -675
32310512 5639250 -625
32310510 5639550 -575
32310512 5639550 -575
32310510 5639550 -525
32310511 5639550 -475
32310512 5639288 -425
32310511 5639550 -425
32310512 5639376 -375
32310512 5639458 -325
32310512 5639535 -275
32310459 5639550 -225
32310512 5639550 -265
32310394 5639550 -175
32310328 5639550 -125
32310261 5639550 -75
32310512 5639551 -575
32310512 5639551 -525
32310512 5639551 -475
32310512 5639550 -425
32310510 5639850 -375
32310512 5639850 -375
32310510 5639850 -325
32310510 5639850 -275
32310512 5639603 -225
32310511 5639850 -225
32310512 5639668 -175
32310512 5639733 -125
32310512 5639799 -75
32310497 5639850 -25
32310512 5639850 -36
32310435 5639850 25
32310373 5639850 75
32310311 5639850 125
32310249 5639850 175
32310813 5623650 -2779
32310813 5623678 -2775
32310813 5623950 -2730
32310813 5624250 -2730
32310813 5624550 -2729
32310813 5624850 -2729
32310813 5625150 -2729
32310813 5625450 -2729
32310813 5625750 -2729
32310813 5626050 -2728
32310813 5626350 -2728
32310813 5626650 -2728
32310813 5626950 -2728
32310813 5627250 -2728
32310813 5627550 -2727
32310813 5627850 -2727
32310813 5628150 -2727
32310801 5628450 -2775
32310813 5628438 -2775
32310813 5628450 -2776
32310597 5628750 -2775
32310813 5628750 -2777
32310801 5629050 -2825
32310813 5629038 -2825
32310813 5629050 -2826
32310813 5629350 -2826
32310799 5629350 225
32310813 5629350 194
32310813 5629341 225
32310813 5629326 275
32310774 5629350 275
32310813 5629313 325
32310747 5629350 325
32310813 5629302 375
32310722 5629350 375
32310813 5629294 425
32310698 5629350 425
32310813 5629288 475
32310675 5629350 475
32310813 5629650 -2827
32310718 5629650 -225
32310770 5629650 -175
32310813 5629650 -128
32310813 5629647 -125
32310813 5629581 -75
32310813 5629521 -25
32310813 5629468 25
32310813 5629425 75
32310813 5629391 125
32310813 5629362 175
32310804 5629950 -2875
32310813 5629937 -2875
32310813 5629950 -2876
32310734 5629950 -425
32310813 5629950 -417
32310813 5629910 -375
32310813 5629863 -325
32310813 5629815 -275
32310813 5629764 -225
32310813 5629709 -175
32310800 5630250 -2875
32310813 5630250 -2876
32310693 5630250 -575
32310813 5630250 -622
32310813 5630169 -575
32310813 5630091 -525
32310543 5630250 -525
32310813 5630020 -475
32310813 5629958 -425
32310813 5630550 -2876
32310778 5630550 -675
32310813 5630550 -695
32310813 5630456 -675
32310813 5630259 -625
32310690 5630550 -625
32310597 5630550 -575
32310813 5630850 -2876
32310813 5630808 -675
32310741 5630850 -625
32310813 5630850 -671
32310663 5630850 -575
32310584 5630850 -525
32310813 5631150 -2876
32310813 5630989 -625
32310813 5631131 -575
32310749 5631150 -525
32310813 5631150 -568
32310676 5631150 -475
32310604 5631150 -425
32310531 5631150 -375
32310813 5631450 -2875
32310813 5631238 -525
32310813 5631332 -475
32310813 5631421 -425
32310761 5631450 -375
32310813 5631450 -408
32310684 5631450 -325
32310608 5631450 -275
32310533 5631450 -225
32310813 5631750 -2875
32310813 5631526 -375
32310813 5631633 -325
32310813 5631733 -275
32310713 5631750 -225
32310813 5631750 -266
32310591 5631750 -175
32310813 5632050 -2875
32310813 5632050 -270
32310813 5632350 -2875
32310618 5632350 -525
32310813 5632350 -492
32310813 5632324 -475
32310813 5632254 -425
32310813 5632186 -375
32310813 5632120 -325
32310813 5632055 -275
32310813 5632650 -2875
32310638 5632650 -825
32310813 5632650 -793
32310813 5632627 -775
32310813 5632571 -725
32310813 5632518 -675
32310813 5632469 -625
32310813 5632422 -575
32310813 5632377 -525
32310813 5632950 -2875
32310649 5632950 -1075
32310813 5632950 -1051
32310813 5632913 -1025
32310813 5632848 -975
32310813 5632788 -925
32310813 5632732 -875
32310813 5632680 -825
32310813 5633250 -2875
32310573 5633250 -1275
32310813 5633250 -1297
32310813 5633205 -1275
32310813 5633114 -1225
32310813 5633030 -1175
32310813 5632954 -1125
32310813 5632974 -1075
32310813 5633254 -2875
32310813 5633550 -2825
32310633 5633550 -1425
32310813 5633550 -1414
32310813 5633440 -1375
32310813 5633313 -1325
32310813 5633850 -2825
32310813 5633850 -1479
32310813 5633829 -1475
32310813 5633596 -1425
32310813 5633851 -2825
32310813 5634150 -2775
32310813 5634150 -1496
32310811 5634450 -2775
32310813 5634450 -2775
32310750 5634450 -2175
32310813 5634450 -2176
32310813 5634449 -2175
32310532 5634450 -2125
32310813 5634450 -2174
32310813 5634404 -1475
32310813 5634450 -1471
32310813 5634451 -2775
32310811 5634750 -2725
32310813 5634750 -2725
32310813 5634456 -2175
32310813 5634750 -2137
32310813 5634744 -2125
32310695 5634750 -2125
32310813 5634721 -2075
32310547 5634750 -2025
32310813 5634750 -2070
32310569 5634750 -1975
32310813 5634652 -1425
32310557 5634750 -1375
32310813 5634750 -1402
32310813 5634751 -2725
32310811 5635050 -2675
32310813 5635050 -2675
32310813 5634796 -2125
32310813 5634981 -2075
32310581 5635050 -2025
32310813 5635050 -2055
32310813 5635035 -2025
32310813 5635012 -1975
32310813 5634989 -1925
32310813 5634966 -1875
32310594 5635050 -1825
32310813 5635050 -1861
32310813 5634827 -1375
32310813 5634963 -1325
32310702 5635050 -1275
32310813 5635050 -1291
32310813 5635051 -2675
32310813 5635051 -2625
32310813 5635350 -2575
32310813 5635142 -2025
32310813 5635289 -1975
32310630 5635350 -1925
32310813 5635350 -1954
32310813 5635290 -1825
32310813 5635267 -1775
32310813 5635244 -1725
32310615 5635350 -1675
32310813 5635350 -1707
32310628 5635350 -1625
32310813 5635087 -1275
32310813 5635192 -1225
32310813 5635292 -1175
32310708 5635350 -1125
32310813 5635350 -1145
32310813 5635351 -2575
32310811 5635650 -2525
32310813 5635650 -2525
32310813 5635426 -1925
32310813 5635555 -1875
32310744 5635650 -1825
32310813 5635650 -1837
32310813 5635570 -1675
32310813 5635554 -1625
32310813 5635532 -1575
32310813 5635510 -1525
32310813 5635488 -1475
32310654 5635650 -1425
32310813 5635650 -1451
32310666 5635650 -1375
32310813 5635389 -1125
32310813 5635484 -1075
32310813 5635575 -1025
32310775 5635650 -975
32310813 5635650 -982
32310524 5635650 -925
32310813 5635652 -2525
32310813 5635651 -2475
32310810 5635950 -2425
32310813 5635950 -2425
32310813 5635680 -1825
32310813 5635801 -1775
32310813 5635921 -1725
32310624 5635950 -1675
32310813 5635950 -1712
32310813 5635824 -1425
32310813 5635803 -1375
32310813 5635782 -1325
32310813 5635762 -1275
32310713 5635950 -1225
32310813 5635950 -1241
32310697 5635950 -1175
32310715 5635950 -1125
32310813 5635666 -975
32310813 5635774 -925
32310813 5635883 -875
32310697 5635950 -825
32310813 5635950 -844
32310813 5635952 -2425
32310813 5635952 -2375
32310810 5636250 -2325
32310813 5636250 -2325
32310813 5636039 -1675
32310813 5636157 -1625
32310763 5636250 -1575
32310813 5636250 -1585
32310533 5636250 -1525
32310813 5636060 -1225
32310813 5636074 -1175
32310813 5636054 -1125
32310813 5636035 -1075
32310813 5636016 -1025
32310813 5635997 -975
32310746 5636250 -925
32310813 5636250 -935
32310765 5636250 -875
32310813 5636004 -825
32310813 5636151 -775
32310710 5636250 -725
32310813 5636250 -743
32310813 5636252 -2325
32310813 5636252 -2275
32310810 5636550 -2225
32310813 5636550 -2225
32310512 5636550 -1775
32310813 5636274 -1575
32310813 5636387 -1525
32310813 5636501 -1475
32310692 5636550 -1425
32310813 5636550 -1453
32310813 5636322 -925
32310813 5636302 -875
32310813 5636281 -825
32310813 5636262 -775
32310813 5636550 -677
32310795 5636550 -675
32310813 5636428 -675
32310813 5636550 -629
32310813 5636552 -2225
32310813 5636552 -2175
32310810 5636850 -2125
32310813 5636850 -2125
32310515 5636850 -1625
32310813 5636609 -1425
32310813 5636712 -1375
32310813 5636813 -1325
32310693 5636850 -1275
32310813 5636850 -1307
32310813 5636569 -675
32310813 5636852 -2125
32310813 5636852 -2075
32310810 5637150 -2025
32310813 5637150 -2025
32310810 5637150 -1975
32310722 5637150 -1525
32310813 5637150 -1549
32310813 5637119 -1525
32310813 5637150 -1521
32310550 5637150 -1425
32310813 5636908 -1275
32310813 5636996 -1225
32310813 5637082 -1175
32310780 5637150 -1125
32310813 5637150 -1134
32310612 5637150 -1075
32310813 5637153 -2025
32310813 5637152 -1975
32310813 5637152 -1925
32310810 5637450 -1875
32310813 5637450 -1875
32310810 5637450 -1825
32310813 5637195 -1525
32310813 5637443 -1375
32310795 5637450 -1375
32310813 5637450 -1380
32310813 5637450 -1374
32310524 5637450 -1275
32310567 5637450 -1225
32310813 5637165 -1125
32310813 5637244 -1075
32310813 5637320 -1025
32310813 5637393 -975
32310780 5637450 -925
32310813 5637450 -935
32310620 5637450 -875
32310813 5637453 -1875
32310813 5637452 -1825
32310813 5637496 -1775
32310810 5637750 -1725
32310813 5637750 -1734
32310810 5637750 -1675
32310813 5637459 -1375
32310813 5637718 -1175
32310728 5637750 -1175
32310813 5637750 -1203
32310813 5637750 -1171
32310535 5637750 -1075
32310576 5637750 -1025
32310813 5637474 -925
32310813 5637592 -875
32310813 5637707 -825
32310758 5637750 -775
32310813 5637750 -806
32310672 5637750 -725
32310584 5637750 -675
32310813 5637753 -1725
32310813 5637752 -1675
32310809 5638050 -1625
32310813 5638050 -1625
32310810 5638050 -1575
32310810 5638050 -1525
32310813 5637834 -1175
32310813 5638027 -1075
32310762 5638050 -1075
32310813 5638050 -1102
32310813 5637986 -1025
32310609 5638050 -1025
32310813 5637919 -975
32310813 5637868 -925
32310605 5638050 -875
32310813 5638050 -903
32310646 5638050 -825
32310813 5637802 -775
32310688 5638050 -775
32310813 5637886 -725
32310813 5637971 -675
32310803 5638050 -625
32310813 5638050 -628
32310689 5638050 -575
32310576 5638050 -525
32310813 5638053 -1625
32310813 5638052 -1575
32310813 5638052 -1525
32310813 5638068 -1475
32310810 5638350 -1425
32310813 5638350 -1428
32310810 5638350 -1375
32310813 5638102 -1075
32310813 5638197 -1025
32310813 5638289 -975
32310775 5638350 -925
32310813 5638350 -941
32310813 5638287 -875
32310665 5638350 -875
32310604 5638282 -844
32310813 5638240 -825
32310561 5638350 -825
32310813 5638192 -775
32310813 5638144 -725
32310613 5638350 -675
32310813 5638350 -700
32310813 5638056 -625
32310654 5638350 -625
32310697 5638350 -575
32310813 5638140 -575
32310782 5638073 -617
32310741 5638350 -525
32310813 5638222 -525
32310813 5638303 -475
32310634 5638159 -494
32310776 5638350 -425
32310813 5638350 -446
32310692 5638350 -375
32310612 5638350 -325
32310532 5638350 -275
32310813 5638352 -1425
32310813 5638352 -1375
32310813 5638352 -1325
32310810 5638650 -1275
32310813 5638650 -1275
32310810 5638650 -1225
32310811 5638650 -1175
32310813 5638383 -925
32310813 5638482 -875
32310813 5638576 -825
32310796 5638650 -775
32310813 5638650 -783
32310698 5638650 -725
32310813 5638560 -675
32310605 5638650 -675
32310813 5638518 -625
32310516 5638650 -625
32310813 5638473 -575
32310813 5638427 -525
32310813 5638379 -475
32310744 5638412 -447
32310813 5638381 -425
32310813 5638650 -445
32310649 5638650 -425
32310813 5638451 -375
32310686 5638650 -375
32310726 5638650 -325
32310813 5638519 -325
32310671 5638458 -348
32310768 5638650 -275
32310813 5638584 -275
32310813 5638648 -225
32310730 5638650 -175
32310813 5638650 -224
32310641 5638650 -125
32310545 5638650 -75
32310813 5638652 -1275
32310813 5638652 -1225
32310813 5638651 -1175
32310810 5638950 -1125
32310813 5638950 -1125
32310811 5638950 -1075
32310811 5638950 -1025
32310813 5638671 -775
32310813 5638796 -725
32310813 5638921 -675
32310726 5638950 -625
32310813 5638950 -663
32310606 5638950 -575
32310813 5638789 -425
32310813 5638754 -375
32310813 5638720 -325
32310813 5638686 -275
32310813 5638650 -225
32310813 5638789 -175
32310813 5638950 -181
32310770 5638950 -175
32310806 5638950 -125
32310813 5638924 -125
32310813 5638950 -115
32310813 5638952 -1125
32310813 5638952 -1075
32310813 5638951 -1025
32310813 5638951 -975
32310811 5639250 -925
32310813 5639250 -925
32310811 5639250 -875
32310812 5639250 -825
32310813 5639078 -625
32310813 5639243 -575
32310716 5639250 -525
32310813 5639250 -572
32310596 5639250 -475
32310813 5638991 -175
32310813 5638956 -125
32310813 5639251 -925
32310813 5639251 -875
32310813 5639251 -825
32310811 5639550 -775
32310813 5639550 -775
32310811 5639550 -725
32310812 5639550 -675
32310812 5639550 -625
32310813 5639395 -525
32310799 5639550 -475
32310813 5639550 -484
32310727 5639550 -425
32310657 5639550 -375
32310589 5639550 -325
32310524 5639550 -275
32310813 5639551 -775
32310813 5639551 -725
32310813 5639551 -675
32310813 5639550 -625
32310811 5639850 -575
32310813 5639850 -575
32310812 5639850 -525
32310813 5639564 -475
32310812 5639850 -475
32310812 5639850 -425
32310813 5639641 -425
32310813 5639715 -375
32310813 5639788 -325
32310802 5639850 -275
32310813 5639850 -283
32310740 5639850 -225
32310678 5639850 -175
32310618 5639850 -125
32310557 5639850 -75
32311114 5623650 -2779
32311114 5623678 -2775
32311114 5623950 -2730
32311114 5624250 -2730
32311114 5624550 -2730
32311114 5624850 -2729
32311114 5625150 -2729
32311114 5625450 -2729
32311114 5625750 -2729
32311114 5626050 -2729
32311114 5626350 -2728
32311114 5626650 -2728
32311114 5626950 -2728
32311114 5627250 -2728
32311114 5627550 -2727
32311114 5627850 -2727
32311097 5628150 -2775
32311114 5628133 -2775
32311114 5628150 -2777
32311114 5628450 -2793
32311102 5628750 -2825
32311114 5628652 -2825
32311114 5628750 -2827
32311114 5629050 -2827
32311104 5629350 -2875
32311114 5629339 -2875
32311114 5629350 -2876
32310831 5629350 225
32310863 5629350 275
32310892 5629350 325
32310915 5629350 375
32310933 5629350 425
32310947 5629350 475
32311101 5629650 -2875
32311114 5629650 -2876
32310820 5629650 -125
32310909 5629650 -75
32310983 5629650 -25
32311043 5629650 25
32311091 5629650 75
32311114 5629650 105
32311114 5629640 125
32311114 5629618 175
32311114 5629598 225
32311114 5629580 275
32311114 5629562 325
32311114 5629546 375
32311114 5629532 425
32311114 5629518 475
32311114 5629950 -2876
32311028 5629950 -375
32311114 5629950 -349
32311114 5629936 -325
32311114 5629907 -275
32311114 5629878 -225
32311114 5629847 -175
32311114 5629815 -125
32311114 5629781 -75
32311114 5629745 -25
32311114 5629708 25
32311114 5629671 75
32311114 5630250 -2876
32311055 5630250 -675
32311114 5630250 -690
32311114 5630231 -675
32311114 5630175 -625
32310827 5630250 -625
32311114 5630124 -575
32311114 5630078 -525
32311114 5630036 -475
32311114 5629999 -425
32311114 5629965 -375
32311114 5630550 -2876
32311030 5630550 -775
32311114 5630550 -809
32311114 5630449 -775
32311114 5630323 -725
32310899 5630550 -725
32311114 5630850 -2876
32311042 5630850 -775
32311114 5630850 -810
32310936 5630850 -725
32310820 5630850 -675
32311114 5631150 -2876
32311114 5630969 -775
32311114 5631134 -725
32311029 5631150 -675
32311114 5631150 -720
32310931 5631150 -625
32310827 5631150 -575
32311114 5631450 -2876
32311114 5631239 -675
32311114 5631332 -625
32311114 5631420 -575
32311052 5631450 -525
32311114 5631450 -557
32310953 5631450 -475
32310849 5631450 -425
32311114 5631750 -2875
32311114 5631508 -525
32311114 5631593 -475
32311114 5631674 -425
32311113 5631750 -375
32311114 5631750 -375
32310980 5631750 -325
32310838 5631750 -275
32311114 5632050 -2875
32311114 5631751 -375
32311114 5631956 -325
32310858 5632050 -275
32311114 5632050 -300
32311114 5632350 -2875
32310938 5632350 -475
32311114 5632350 -448
32311114 5632300 -425
32311114 5632197 -375
32311114 5632097 -325
32311114 5632650 -2875
32310906 5632650 -775
32311114 5632650 -729
32311114 5632644 -725
32311114 5632583 -675
32311114 5632525 -625
32311114 5632472 -575
32311114 5632421 -525
32311114 5632374 -475
32311114 5632950 -2875
32311114 5632950 -1066
32311114 5632889 -1025
32311114 5632823 -975
32311114 5632761 -925
32311114 5632705 -875
32311114 5632654 -825
32311114 5632684 -775
32311114 5633250 -2875
32310970 5633250 -1275
32311114 5633250 -1252
32311114 5633198 -1225
32311114 5633112 -1175
32311114 5633033 -1125
32311114 5632961 -1075
32311110 5633550 -2875
32311114 5633550 -2875
32311114 5633550 -1380
32311114 5633534 -1375
32311114 5633409 -1325
32311114 5633297 -1275
32311114 5633551 -2875
32311114 5633850 -2825
32310874 5633850 -1475
32311114 5633850 -1458
32311114 5633713 -1425
32311112 5634150 -2825
32311114 5634150 -2825
32311114 5634150 -1490
32311114 5634000 -1475
32311114 5634151 -2825
32311114 5634450 -2775
32310813 5634450 -2175
32310954 5634450 -1475
32311114 5634450 -1479
32311114 5634451 -2775
32311114 5634750 -2725
32311114 5634732 -2125
32311114 5634750 -2162
32310840 5634750 -2075
32311114 5634750 -2122
32311114 5634475 -1475
32311093 5634750 -1425
32311114 5634750 -1426
32311114 5634751 -2725
32311114 5635050 -2675
32311114 5634907 -2125
32310978 5635050 -2075
32311114 5635050 -2090
32311114 5635042 -2075
32311114 5635019 -2025
32311114 5634996 -1975
32310869 5635050 -1925
32311114 5635050 -1966
32310891 5635050 -1875
32311114 5634755 -1425
32311114 5634918 -1375
32311055 5635050 -1325
32311114 5635050 -1333
32311114 5635051 -2675
32311112 5635350 -2625
32311114 5635350 -2625
32311114 5635100 -2075
32311114 5635263 -2025
32310955 5635350 -1975
32311114 5635350 -1997
32311114 5635316 -1925
32311114 5635293 -1875
32311114 5635270 -1825
32311114 5635247 -1775
32310909 5635350 -1725
32311114 5635350 -1759
32311114 5635069 -1325
32311114 5635187 -1275
32311114 5635299 -1225
32310970 5635350 -1175
32311114 5635350 -1201
32311114 5635351 -2625
32311112 5635650 -2575
32311114 5635650 -2575
32311114 5635414 -1975
32311114 5635553 -1925
32311029 5635650 -1875
32311114 5635650 -1889
32311114 5635575 -1725
32311114 5635553 -1675
32311114 5635530 -1625
32311114 5635508 -1575
32310939 5635650 -1525
32311114 5635650 -1553
32310958 5635650 -1475
32311114 5635404 -1175
32311114 5635503 -1125
32311114 5635597 -1075
32311014 5635650 -1025
32311114 5635650 -1045
32311114 5635652 -2575
32311114 5635651 -2525
32311112 5635950 -2475
32311114 5635950 -2475
32311114 5635687 -1875
32311114 5635814 -1825
32311114 5635940 -1775
32310874 5635950 -1725
32311114 5635950 -1771
32311114 5635841 -1525
32311114 5635820 -1475
32311114 5635799 -1425
32311114 5635778 -1375
32310965 5635950 -1325
32311114 5635950 -1349
32310984 5635950 -1275
32311114 5635694 -1025
32311114 5635798 -975
32311114 5635901 -925
32310977 5635950 -875
32311114 5635950 -901
32311114 5635952 -2475
32311111 5636250 -2425
32311114 5636250 -2425
32311111 5636250 -2375
32311114 5636063 -1725
32311114 5636185 -1675
32310999 5636250 -1625
32311114 5636250 -1648
32311114 5636110 -1325
32311114 5636089 -1275
32311114 5636069 -1225
32311114 5636050 -1175
32311114 5636030 -1125
32311014 5636250 -1075
32311114 5636250 -1091
32311032 5636250 -1025
32311051 5636250 -975
32311114 5636021 -875
32311114 5636167 -825
32310987 5636250 -775
32311114 5636250 -798
32311114 5636252 -2425
32311114 5636252 -2375
32311111 5636550 -2325
32311114 5636550 -2325
32311111 5636550 -2275
32311114 5636305 -1625
32311114 5636424 -1575
32311114 5636543 -1525
32310905 5636550 -1475
32311114 5636550 -1522
32311114 5636357 -1075
32311114 5636337 -1025
32311114 5636317 -975
32311114 5636297 -925
32311114 5636278 -875
32311066 5636550 -825
32311114 5636550 -832
32311114 5636317 -775
32311085 5636550 -775
32311114 5636469 -725
32311104 5636550 -725
32311008 5636550 -675
32311114 5636550 -699
32311114 5636552 -2325
32311114 5636552 -2275
32311111 5636850 -2225
32311114 5636850 -2225
32311111 5636850 -2175
32311114 5636651 -1475
32311114 5636759 -1425
32311083 5636850 -1375
32311114 5636850 -1382
32310883 5636850 -1325
32311114 5636603 -825
32311114 5636582 -775
32311114 5636560 -725
32311114 5636853 -2225
32311114 5636852 -2175
32311111 5637150 -2125
32311114 5637150 -2125
32311111 5637150 -2075
32310836 5637150 -1525
32311114 5636864 -1375
32311114 5636958 -1325
32311114 5637050 -1275
32311114 5637139 -1225
32310956 5637150 -1175
32311114 5637150 -1218
32311114 5637153 -2125
32311114 5637152 -2075
32311114 5637152 -2025
32311111 5637450 -1975
32311114 5637450 -1975
32311111 5637450 -1925
32310818 5637450 -1375
32311114 5637222 -1175
32311114 5637301 -1125
32311114 5637378 -1075
32311110 5637450 -1025
32311114 5637450 -1026
32310944 5637450 -975
32311114 5637453 -1975
32311114 5637452 -1925
32311110 5637750 -1875
32311114 5637750 -1875
32311111 5637750 -1825
32311060 5637750 -1775
32311114 5637716 -1325
32311043 5637750 -1325
32311114 5637750 -1362
32311114 5637671 -1275
32310948 5637750 -1275
32311114 5637750 -1263
32310842 5637750 -1175
32311114 5637452 -1025
32311114 5637573 -975
32311114 5637711 -925
32311039 5637750 -875
32311114 5637750 -898
32310875 5637750 -825
32311114 5637753 -1875
32311114 5637753 -1825
32311114 5637752 -1775
32311111 5638050 -1725
32311114 5638050 -1725
32311111 5638050 -1675
32311114 5637821 -1325
32311114 5637917 -1275
32311114 5638019 -1175
32311025 5638050 -1175
32311114 5638050 -1205
32310879 5638050 -1125
32311114 5637968 -1125
32311114 5637919 -1075
32310877 5638050 -1025
32311114 5638050 -1059
32310919 5638050 -975
32310960 5638050 -925
32311114 5637791 -875
32311114 5637882 -825
32311114 5637975 -775
32311083 5638050 -725
32311114 5638050 -736
32310942 5638050 -675
32311114 5638053 -1725
32311114 5638052 -1675
32311114 5638052 -1625
32311111 5638350 -1575
32311114 5638350 -1575
32311111 5638350 -1525
32311094 5638350 -1475
32311114 5638117 -1175
32311114 5638227 -1125
32311114 5638338 -1075
32311041 5638286 -1066
32311114 5638308 -1025
32311005 5638350 -1025
32311114 5638350 -1069
32310928 5638268 -999
32311114 5638262 -975
32310888 5638350 -975
32311114 5638217 -925
32311114 5638172 -875
32310914 5638350 -825
32311114 5638350 -851
32310958 5638350 -775
32311114 5638074 -725
32311003 5638350 -725
32311114 5638188 -675
32311114 5638306 -625
32311049 5638350 -575
32311114 5638350 -607
32310954 5638350 -525
32310863 5638350 -475
32311114 5638352 -1575
32311114 5638352 -1525
32311114 5638352 -1475
32311111 5638650 -1425
32311114 5638650 -1425
32311112 5638650 -1375
32311112 5638650 -1325
32311114 5638462 -1025
32311114 5638587 -975
32311066 5638650 -925
32311114 5638650 -949
32310971 5638650 -875
32311114 5638544 -825
32310882 5638650 -825
32311114 5638501 -775
32311114 5638458 -725
32311114 5638413 -675
32311114 5638367 -625
32311047 5638409 -603
32311114 5638413 -575
32311114 5638650 -589
32310989 5638650 -575
32311031 5638650 -525
32311114 5638503 -525
32311012 5638448 -552
32311074 5638650 -475
32311114 5638583 -475
32311109 5638650 -425
32311114 5638650 -428
32311038 5638650 -375
32310965 5638650 -325
32310890 5638650 -275
32310814 5638650 -225
32311114 5638652 -1425
32311114 5638652 -1375
32311114 5638652 -1325
32311112 5638950 -1275
32311114 5638950 -1275
32311112 5638950 -1225
32311112 5638950 -1175
32311114 5638722 -925
32311114 5638875 -875
32311068 5638950 -825
32311114 5638950 -850
32310983 5638950 -775
32310903 5638950 -725
32310829 5638950 -675
32311114 5638747 -575
32311114 5638713 -525
32311114 5638680 -475
32311090 5638950 -375
32311114 5638852 -375
32311114 5638950 -377
32311114 5638950 -337
32310896 5638950 -175
32310826 5638950 -125
32311114 5638952 -1275
32311114 5638952 -1225
32311114 5638951 -1175
32311112 5639250 -1125
32311114 5639250 -1125
32311112 5639250 -1075
32311112 5639250 -1025
32311113 5639250 -975
32311114 5639043 -825
32311114 5639240 -775
32311031 5639250 -725
32311114 5639250 -772
32310950 5639250 -675
32310878 5639250 -625
32310815 5639250 -575
32311114 5638964 -375
32311114 5639252 -1125
32311114 5639251 -1075
32311114 5639251 -1025
32311114 5639251 -975
32311112 5639550 -925
32311114 5639550 -925
32311113 5639550 -875
32311113 5639550 -825
32311114 5639376 -725
32311114 5639505 -675
32311058 5639550 -625
32311114 5639550 -657
32310971 5639550 -575
32310885 5639550 -525
32311114 5639551 -925
32311114 5639551 -875
32311114 5639550 -825
32311114 5639550 -775
32311113 5639850 -725
32311114 5639850 -725
32311113 5639850 -675
32311114 5639617 -625
32311113 5639850 -625
32311114 5639728 -575
32311114 5639847 -525
32311046 5639850 -475
32311114 5639850 -524
32310983 5639850 -425
32310923 5639850 -375
32310864 5639850 -325
32311415 5623650 -2780
32311415 5623682 -2775
32311415 5623950 -2730
32311415 5624250 -2730
32311415 5624550 -2730
32311415 5624850 -2729
32311415 5625150 -2729
32311415 5625450 -2729
32311415 5625750 -2729
32311415 5626050 -2729
32311415 5626350 -2728
32311415 5626650 -2728
32311415 5626950 -2728
32311403 5627250 -2775
32311415 5627237 -2775
32311415 5627250 -2777
32311404 5627550 -2775
32311415 5627550 -2776
32311398 5627850 -2775
32311415 5627850 -2781
32311401 5628150 -2825
32311415 5628119 -2825
32311415 5628150 -2827
32311299 5628450 -2825
32311415 5628450 -2827
32311405 5628750 -2875
32311415 5628740 -2875
32311415 5628750 -2876
32311404 5629050 -2875
32311415 5629050 -2876
32311415 5629350 -2876
32311415 5629650 -2876
32311135 5629650 125
32311189 5629650 175
32311242 5629650 225
32311293 5629650 275
32311340 5629650 325
32311380 5629650 375
32311413 5629650 425
32311415 5629650 429
32311415 5629643 475
32311415 5629950 -2876
32311148 5629950 -325
32311210 5629950 -275
32311269 5629950 -225
32311326 5629950 -175
32311385 5629950 -125
32311415 5629950 -101
32311415 5629934 -75
32311415 5629903 -25
32311415 5629869 25
32311415 5629833 75
32311415 5629796 125
32311415 5629761 175
32311415 5629729 225
32311415 5629702 275
32311415 5629680 325
32311415 5629663 375
32311415 5629651 425
32311415 5630250 -2876
32311227 5630250 -675
32311415 5630250 -639
32311415 5630239 -625
32311415 5630204 -575
32311415 5630173 -525
32311415 5630143 -475
32311415 5630116 -425
32311415 5630090 -375
32311415 5630064 -325
32311415 5630039 -275
32311415 5630014 -225
32311415 5629989 -175
32311415 5629962 -125
32311415 5630550 -2876
32311248 5630550 -825
32311415 5630550 -846
32311415 5630509 -825
32311415 5630425 -775
32311415 5630352 -725
32311415 5630289 -675
32311415 5630850 -2876
32311372 5630850 -875
32311415 5630850 -887
32311415 5630752 -875
32311178 5630850 -825
32311415 5631150 -2876
32311415 5630903 -875
32311415 5631122 -825
32311290 5631150 -775
32311415 5631150 -818
32311130 5631150 -725
32311415 5631450 -2876
32311415 5631237 -775
32311415 5631331 -725
32311415 5631422 -675
32311321 5631450 -625
32311415 5631450 -659
32311171 5631450 -575
32311415 5631750 -2875
32311415 5631503 -625
32311415 5631578 -575
32311415 5631649 -525
32311415 5631718 -475
32311317 5631750 -425
32311415 5631750 -451
32311415 5632050 -2875
32311415 5631811 -425
32311415 5631924 -375
32311415 5632036 -325
32311415 5632050 -318
32311415 5632350 -2875
32311239 5632350 -425
32311415 5632350 -390
32311415 5632284 -375
32311415 5632075 -325
32311415 5632650 -2875
32311415 5632650 -732
32311415 5632637 -725
32311415 5632563 -675
32311415 5632545 -625
32311415 5632500 -575
32311415 5632458 -525
32311415 5632416 -475
32311415 5632377 -425
32311415 5632950 -2875
32311267 5632950 -1025
32311415 5632950 -980
32311415 5632941 -975
32311415 5632871 -925
32311415 5632806 -875
32311415 5632747 -825
32311415 5632692 -775
32311415 5633250 -2875
32311237 5633250 -1225
32311415 5633250 -1181
32311415 5633238 -1175
32311415 5633153 -1125
32311415 5633077 -1075
32311415 5633007 -1025
32311415 5633550 -2875
32311149 5633550 -1375
32311415 5633550 -1327
32311415 5633544 -1325
32311415 5633432 -1275
32311415 5633330 -1225
32311413 5633850 -2875
32311415 5633850 -2875
32311395 5633850 -1425
32311415 5633850 -1422
32311415 5633692 -1375
32311415 5633851 -2875
32311415 5634150 -2825
32311366 5634150 -1475
32311415 5634150 -1471
32311415 5633864 -1425
32311414 5634450 -2825
32311415 5634450 -2825
32311415 5634450 -1478
32311415 5634283 -1475
32311415 5634451 -2825
32311413 5634750 -2775
32311415 5634750 -2775
32311318 5634750 -2175
32311415 5634750 -2180
32311415 5634747 -2175
32311130 5634750 -2125
32311415 5634750 -2174
32311415 5634483 -1475
32311415 5634750 -1444
32311415 5634751 -2775
32311413 5635050 -2725
32311415 5635050 -2725
32311415 5634778 -2175
32311415 5635029 -2075
32311415 5635050 -2118
32311415 5635007 -2025
32311164 5635050 -1975
32311415 5635050 -2017
32311415 5634831 -1425
32311415 5635032 -1375
32311415 5635050 -1370
32311415 5635051 -2725
32311413 5635350 -2675
32311415 5635350 -2675
32311415 5635211 -2075
32311322 5635350 -2025
32311415 5635350 -2036
32311415 5635321 -1975
32311415 5635298 -1925
32311415 5635275 -1875
32311187 5635350 -1825
32311415 5635350 -1863
32311208 5635350 -1775
32311415 5635176 -1325
32311415 5635308 -1275
32311236 5635350 -1225
32311415 5635350 -1258
32311415 5635352 -2675
32311413 5635650 -2625
32311415 5635650 -2625
32311415 5635386 -2025
32311415 5635538 -1975
32311334 5635650 -1925
32311415 5635650 -1937
32311415 5635598 -1825
32311415 5635575 -1775
32311415 5635552 -1725
32311415 5635530 -1675
32311223 5635650 -1625
32311415 5635650 -1656
32311243 5635650 -1575
32311415 5635425 -1225
32311415 5635532 -1175
32311415 5635633 -1125
32311236 5635650 -1075
32311415 5635650 -1116
32311415 5635652 -2625
32311415 5635651 -2575
32311413 5635950 -2525
32311415 5635950 -2525
32311415 5635684 -1925
32311415 5635820 -1875
32311407 5635950 -1825
32311415 5635950 -1826
32311134 5635950 -1775
32311415 5635859 -1625
32311415 5635837 -1575
32311415 5635815 -1525
32311415 5635794 -1475
32311253 5635950 -1425
32311415 5635950 -1451
32311272 5635950 -1375
32311415 5635738 -1075
32311415 5635841 -1025
32311415 5635942 -975
32311217 5635950 -925
32311415 5635950 -971
32311415 5635952 -2525
32311412 5636250 -2475
32311415 5636250 -2475
32311415 5635953 -1825
32311415 5636081 -1775
32311415 5636208 -1725
32311244 5636250 -1675
32311415 5636250 -1708
32311415 5636125 -1425
32311415 5636104 -1375
32311415 5636083 -1325
32311415 5636063 -1275
32311283 5636250 -1225
32311415 5636250 -1246
32311302 5636250 -1175
32311320 5636250 -1125
32311415 5636068 -925
32311415 5636205 -875
32311247 5636250 -825
32311415 5636250 -859
32311415 5636252 -2475
32311415 5636252 -2425
32311412 5636550 -2375
32311415 5636550 -2375
32311415 5636332 -1675
32311415 5636454 -1625
32311362 5636550 -1575
32311415 5636550 -1586
32311127 5636550 -1525
32311415 5636391 -1225
32311415 5636371 -1175
32311415 5636350 -1125
32311415 5636331 -1075
32311415 5636311 -1025
32311335 5636550 -975
32311415 5636550 -987
32311355 5636550 -925
32311374 5636550 -875
32311415 5636356 -825
32311415 5636528 -775
32311223 5636550 -725
32311415 5636550 -769
32311415 5636552 -2375
32311415 5636552 -2325
32311412 5636850 -2275
32311415 5636850 -2275
32311415 5636575 -1575
32311415 5636688 -1525
32311415 5636801 -1475
32311293 5636850 -1425
32311415 5636850 -1453
32311415 5636637 -975
32311415 5636616 -925
32311415 5636594 -875
32311415 5636573 -825
32311415 5636552 -775
32311415 5636647 -725
32311415 5636850 -730
32311379 5636850 -725
32311415 5636758 -675
32311399 5636850 -675
32311415 5636850 -632
32311415 5636853 -2275
32311415 5636852 -2225
32311412 5637150 -2175
32311415 5637150 -2175
32311415 5636906 -1425
32311415 5637004 -1375
32311415 5637101 -1325
32311323 5637150 -1275
32311415 5637150 -1299
32311136 5637150 -1225
32311415 5636887 -725
32311415 5636867 -675
32311415 5637153 -2175
32311415 5637152 -2125
32311412 5637450 -2075
32311415 5637450 -2075
32311412 5637450 -2025
32311415 5637215 -1275
32311415 5637346 -1225
32311398 5637450 -1175
32311415 5637450 -1183
32311301 5637450 -1125
32311206 5637450 -1075
32311415 5637453 -2075
32311415 5637453 -2025
32311412 5637750 -1975
32311415 5637750 -1975
32311412 5637750 -1925
32311338 5637750 -1425
32311415 5637750 -1446
32311415 5637725 -1425
32311415 5637750 -1422
32311145 5637750 -1325
32311188 5637750 -1275
32311415 5637464 -1175
32311415 5637545 -1125
32311415 5637623 -1075
32311415 5637697 -1025
32311370 5637750 -975
32311415 5637750 -988
32311204 5637750 -925
32311415 5637753 -1975
32311415 5637753 -1925
32311415 5637752 -1875
32311412 5638050 -1825
32311415 5638050 -1825
32311412 5638050 -1775
32311415 5637793 -1425
32311415 5638050 -1296
32311415 5638028 -1275
32311344 5638050 -1275
32311179 5638050 -1225
32311415 5637977 -1225
32311139 5638050 -1175
32311415 5638050 -1216
32311180 5638050 -1125
32311220 5638050 -1075
32311415 5637774 -975
32311415 5637861 -925
32311415 5637948 -875
32311415 5638033 -825
32311268 5638050 -775
32311415 5638050 -815
32311415 5638053 -1825
32311415 5638052 -1775
32311415 5638062 -1725
32311412 5638350 -1675
32311415 5638350 -1677
32311412 5638350 -1625
32311415 5638101 -1275
32311415 5638223 -1225
32311415 5638350 -1174
32311415 5638305 -1125
32311272 5638350 -1125
32311157 5638318 -1085
32311415 5638260 -1075
32311129 5638350 -1075
32311415 5638217 -1025
32311195 5638350 -975
32311415 5638350 -1006
32311237 5638350 -925
32311279 5638350 -875
32311415 5638159 -775
32311415 5638305 -725
32311314 5638350 -675
32311415 5638350 -710
32311167 5638350 -625
32311415 5638353 -1675
32311415 5638352 -1625
32311412 5638650 -1575
32311415 5638650 -1575
32311412 5638650 -1525
32311413 5638650 -1475
32311415 5638503 -1125
32311404 5638650 -1075
32311415 5638650 -1079
32311283 5638650 -1025
32311415 5638560 -975
32311170 5638650 -975
32311415 5638518 -925
32311415 5638478 -875
32311415 5638438 -825
32311273 5638650 -775
32311415 5638650 -792
32311319 5638650 -725
32311415 5638473 -675
32311366 5638650 -675
32311414 5638650 -625
32311415 5638645 -625
32311415 5638650 -623
32311333 5638650 -575
32311254 5638650 -525
32311180 5638650 -475
32311415 5638653 -1575
32311415 5638652 -1525
32311415 5638652 -1475
32311412 5638950 -1425
32311415 5638950 -1425
32311413 5638950 -1375
32311413 5638950 -1325
32311415 5638665 -1075
32311415 5638843 -1025
32311369 5638950 -975
32311415 5638950 -995
32311261 5638950 -925
32311160 5638950 -875
32311415 5638766 -775
32311415 5638727 -725
32311415 5638688 -675
32311415 5638650 -625
32311376 5638950 -575
32311415 5638813 -575
32311415 5638950 -579
32311415 5638950 -532
32311155 5638950 -375
32311415 5638952 -1425
32311415 5638952 -1375
32311415 5638952 -1325
32311414 5639250 -1275
32311415 5639250 -1275
32311413 5639250 -1225
32311413 5639250 -1175
32311415 5639018 -975
32311415 5639185 -925
32311343 5639250 -875
32311415 5639250 -906
32311230 5639250 -825
32311119 5639250 -775
32311415 5638979 -575
32311415 5639251 -1275
32311415 5639251 -1225
32311415 5639251 -1175
32311415 5639251 -1125
32311413 5639550 -1075
32311415 5639550 -1075
32311414 5639550 -1025
32311414 5639550 -975
32311415 5639329 -875
32311415 5639453 -825
32311392 5639550 -775
32311415 5639550 -784
32311273 5639550 -725
32311155 5639550 -675
32311415 5639551 -1075
32311415 5639551 -1025
32311415 5639551 -975
32311415 5639556 -925
32311414 5639850 -875
32311415 5639850 -876
32311414 5639850 -825
32311415 5639568 -775
32311414 5639850 -775
32311415 5639661 -725
32311415 5639751 -675
32311415 5639840 -625
32311283 5639850 -575
32311415 5639850 -619
32311117 5639850 -525
32311716 5623650 -2780
32311716 5623683 -2775
32311716 5623950 -2730
32311716 5624250 -2730
32311716 5624550 -2730
32311716 5624850 -2729
32311716 5625150 -2729
32311716 5625450 -2729
32311716 5625750 -2729
32311716 5626050 -2729
32311716 5626350 -2728
32311702 5626650 -2775
32311716 5626635 -2775
32311716 5626650 -2777
32311703 5626950 -2775
32311716 5626950 -2777
32311703 5627250 -2825
32311716 5627236 -2825
32311716 5627250 -2827
32311702 5627550 -2825
32311716 5627550 -2827
32311678 5627850 -2825
32311716 5627850 -2828
32311707 5628150 -2875
32311716 5628140 -2875
32311716 5628150 -2876
32311704 5628450 -2875
32311716 5628450 -2876
32311716 5628750 -2877
32311716 5629050 -2876
32311716 5629350 -2876
32311716 5629650 -2876
32311425 5629650 475
32311716 5629950 -2876
32311432 5629950 -75
32311466 5629950 -25
32311504 5629950 25
32311547 5629950 75
32311597 5629950 125
32311652 5629950 175
32311713 5629950 225
32311716 5629950 228
32311716 5629921 275
32311716 5629896 325
32311716 5629875 375
32311716 5629857 425
32311716 5629843 475
32311716 5630250 -2876
32311432 5630250 -625
32311483 5630250 -575
32311527 5630250 -525
32311565 5630250 -475
32311599 5630250 -425
32311630 5630250 -375
32311660 5630250 -325
32311689 5630250 -275
32311716 5630250 -231
32311716 5630247 -225
32311716 5630223 -175
32311716 5630196 -125
32311716 5630165 -75
32311716 5630131 -25
32311716 5630095 25
32311716 5630056 75
32311716 5630018 125
32311716 5629983 175
32311716 5629951 225
32311716 5630550 -2876
32311502 5630550 -825
32311665 5630550 -775
32311716 5630550 -755
32311716 5630521 -725
32311716 5630480 -675
32311716 5630444 -625
32311716 5630412 -575
32311716 5630383 -525
32311716 5630357 -475
32311716 5630334 -425
32311716 5630312 -375
32311716 5630291 -325
32311716 5630269 -275
32311716 5630850 -2876
32311716 5630850 -883
32311716 5630827 -875
32311716 5630698 -825
32311716 5630587 -775
32311716 5631150 -2876
32311716 5630943 -875
32311470 5631150 -825
32311716 5631150 -856
32311716 5631450 -2876
32311716 5631221 -825
32311716 5631329 -775
32311716 5631431 -725
32311507 5631450 -675
32311716 5631450 -715
32311716 5631750 -2875
32311716 5631508 -675
32311716 5631577 -625
32311716 5631644 -575
32311716 5631708 -525
32311597 5631750 -475
32311716 5631750 -492
32311716 5632050 -2910
32311716 5631777 -475
32311716 5631856 -425
32311716 5631934 -375
32311716 5632012 -325
32311716 5632050 -301
32311715 5632350 -2925
32311716 5632124 -2925
32311716 5632350 -2925
32311716 5632350 -407
32311716 5632258 -375
32311716 5632117 -325
32311715 5632650 -2925
32311716 5632650 -2925
32311434 5632650 -725
32311547 5632650 -675
32311647 5632650 -625
32311716 5632650 -586
32311716 5632627 -575
32311716 5632537 -525
32311716 5632454 -475
32311716 5632376 -425
32311716 5632668 -2925
32311716 5632950 -2877
32311430 5632950 -975
32311553 5632950 -925
32311664 5632950 -875
32311716 5632950 -849
32311716 5632916 -825
32311716 5632851 -775
32311716 5632791 -725
32311716 5632736 -675
32311716 5632686 -625
32311716 5633250 -2875
32311436 5633250 -1175
32311589 5633250 -1125
32311716 5633250 -1078
32311716 5633244 -1075
32311716 5633168 -1025
32311716 5633098 -975
32311716 5633035 -925
32311716 5632977 -875
32311716 5633550 -2875
32311425 5633550 -1325
32311626 5633550 -1275
32311716 5633550 -1250
32311716 5633498 -1225
32311716 5633405 -1175
32311716 5633321 -1125
32311716 5633850 -2875
32311689 5633850 -1375
32311716 5633850 -1369
32311716 5633727 -1325
32311716 5633604 -1275
32311716 5633859 -2875
32311716 5634150 -2826
32311716 5634150 -1441
32311716 5634075 -1425
32311716 5633869 -1375
32311716 5634450 -2825
32311545 5634450 -1475
32311716 5634450 -1469
32311716 5634451 -2825
32311716 5634750 -2775
32311418 5634750 -2175
32311716 5634750 -1457
32311716 5634812 -2775
32311716 5635050 -2735
32311716 5635042 -2125
32311499 5635050 -2125
32311716 5635050 -2140
32311434 5635050 -2075
32311716 5635050 -2123
32311456 5635050 -2025
32311716 5634938 -1425
32311452 5635050 -1375
32311716 5635050 -1405
32311714 5635350 -2725
32311716 5635350 -2725
32311716 5635116 -2125
32311716 5635329 -2025
32311716 5635350 -2069
32311716 5635305 -1975
32311469 5635350 -1925
32311716 5635350 -1967
32311485 5635350 -1875
32311716 5635154 -1375
32311716 5635320 -1325
32311499 5635350 -1275
32311716 5635350 -1315
32311716 5635352 -2725
32311716 5635356 -2675
32311716 5635650 -2626
32311716 5635502 -2025
32311673 5635650 -1975
32311716 5635650 -1981
32311716 5635620 -1925
32311716 5635600 -1875
32311716 5635577 -1825
32311716 5635554 -1775
32311505 5635650 -1725
32311716 5635650 -1760
32311526 5635650 -1675
32311716 5635454 -1275
32311716 5635576 -1225
32311641 5635650 -1175
32311716 5635650 -1193
32311446 5635650 -1125
32311716 5635652 -2625
32311714 5635950 -2575
32311716 5635950 -2575
32311716 5635667 -1975
32311716 5635813 -1925
32311701 5635950 -1875
32311716 5635950 -1877
32311716 5635879 -1725
32311716 5635856 -1675
32311716 5635834 -1625
32311716 5635811 -1575
32311539 5635950 -1525
32311716 5635950 -1554
32311559 5635950 -1475
32311716 5635691 -1175
32311716 5635800 -1125
32311716 5635904 -1075
32311612 5635950 -1025
32311716 5635950 -1052
32311429 5635950 -975
32311716 5635952 -2575
32311714 5636250 -2525
32311716 5636250 -2525
32311716 5635956 -1875
32311716 5636090 -1825
32311716 5636222 -1775
32311501 5636250 -1725
32311716 5636250 -1764
32311716 5636141 -1525
32311716 5636119 -1475
32311716 5636098 -1425
32311716 5636077 -1375
32311570 5636250 -1325
32311716 5636250 -1348
32311590 5636250 -1275
32311716 5636014 -1025
32311716 5636132 -975
32311713 5636250 -925
32311716 5636250 -925
32311487 5636250 -875
32311716 5636252 -2525
32311716 5636252 -2475
32311713 5636550 -2425
32311716 5636550 -2425
32311716 5636349 -1725
32311716 5636475 -1675
32311610 5636550 -1625
32311716 5636550 -1645
32311716 5636406 -1325
32311716 5636385 -1275
32311716 5636364 -1225
32311716 5636344 -1175
32311603 5636550 -1125
32311716 5636550 -1143
32311623 5636550 -1075
32311642 5636550 -1025
32311716 5636252 -925
32311716 5636399 -875
32311696 5636550 -825
32311716 5636550 -829
32311445 5636550 -775
32311716 5636552 -2425
32311713 5636850 -2375
32311716 5636850 -2375
32311713 5636850 -2325
32311716 5636598 -1625
32311716 5636715 -1575
32311716 5636833 -1525
32311515 5636850 -1475
32311716 5636850 -1518
32311716 5636673 -1125
32311716 5636651 -1075
32311716 5636630 -1025
32311716 5636609 -975
32311716 5636585 -925
32311672 5636850 -875
32311716 5636850 -881
32311716 5636571 -825
32311694 5636850 -825
32311715 5636850 -775
32311716 5636836 -775
32311650 5636693 -791
32311716 5636850 -772
32311613 5636850 -725
32311505 5636850 -675
32311716 5636853 -2375
32311716 5636853 -2325
32311713 5637150 -2275
32311716 5637150 -2275
32311713 5637150 -2225
32311716 5636949 -1475
32311697 5637150 -1425
32311716 5637150 -1429
32311583 5637150 -1375
32311472 5637150 -1325
32311716 5636896 -875
32311716 5636873 -825
32311716 5636851 -775
32311689 5637150 -675
32311716 5637028 -675
32311716 5637150 -679
32311716 5637082 -625
32311700 5637150 -625
32311716 5637150 -577
32311716 5637153 -2275
32311716 5637153 -2225
32311713 5637450 -2175
32311716 5637450 -2175
32311713 5637450 -2125
32311716 5637165 -1425
32311716 5637260 -1375
32311716 5637351 -1325
32311716 5637439 -1275
32311559 5637450 -1225
32311716 5637450 -1268
32311716 5637182 -675
32311716 5637169 -625
32311686 5637450 -425
32311716 5637340 -425
32311716 5637450 -429
32311703 5637450 -375
32311716 5637402 -375
32311716 5637450 -336
32311716 5637453 -2175
32311716 5637453 -2125
32311716 5637507 -2075
32311713 5637750 -2025
32311716 5637750 -2035
32311434 5637750 -1425
32311716 5637526 -1225
32311716 5637609 -1175
32311716 5637689 -1125
32311684 5637750 -1075
32311716 5637750 -1084
32311527 5637750 -1025
32311716 5637486 -425
32311716 5637465 -375
32311682 5637750 -175
32311716 5637635 -175
32311716 5637750 -180
32311700 5637750 -125
32311716 5637694 -125
32311716 5637750 -78
32311716 5637753 -2025
32311716 5637752 -1975
32311713 5638050 -1925
32311716 5638050 -1925
32311713 5638050 -1875
32311716 5638045 -1375
32311702 5638050 -1375
32311716 5638050 -1378
32311716 5638050 -1374
32311433 5638050 -1275
32311474 5638050 -1225
32311716 5637767 -1075
32311716 5637855 -1025
32311716 5637938 -975
32311716 5638018 -925
32311620 5638050 -875
32311716 5638050 -904
32311449 5638050 -825
32311716 5637790 -175
32311716 5637769 -125
32311715 5638050 125
32311716 5638042 125
32311716 5638050 124
32311716 5638050 129
32311716 5638053 -1925
32311716 5638053 -1875
32311713 5638350 -1825
32311716 5638350 -1825
32311713 5638350 -1775
32311703 5638350 -1725
32311716 5638059 -1375
32311716 5638350 -1260
32311716 5638316 -1225
32311591 5638350 -1225
32311418 5638350 -1175
32311716 5638270 -1175
32311716 5638350 -1163
32311457 5638350 -1125
32311498 5638350 -1075
32311539 5638350 -1025
32311716 5638125 -875
32311716 5638257 -825
32311658 5638350 -775
32311716 5638350 -791
32311473 5638350 -725
32311716 5638051 125
32311716 5638353 -1825
32311716 5638353 -1775
32311716 5638352 -1725
32311713 5638650 -1675
32311716 5638650 -1675
32311713 5638650 -1625
32311716 5638470 -1225
32311716 5638647 -1175
32311578 5638513 -1173
32311716 5638650 -1174
32311557 5638650 -1125
32311716 5638605 -1125
32311716 5638562 -1075
32311716 5638521 -1025
32311716 5638481 -975
32311555 5638650 -925
32311716 5638650 -948
32311600 5638650 -875
32311645 5638650 -825
32311716 5638454 -775
32311656 5638650 -725
32311716 5638650 -748
32311532 5638650 -675
32311418 5638650 -625
32311716 5638653 -1675
32311716 5638652 -1625
32311716 5638652 -1575
32311714 5638950 -1525
32311716 5638950 -1525
32311714 5638950 -1475
32311716 5638844 -1125
32311644 5638950 -1075
32311716 5638950 -1099
32311498 5638950 -1025
32311716 5638796 -925
32311716 5638754 -875
32311716 5638713 -825
32311626 5638950 -775
32311716 5638950 -787
32311716 5638750 -725
32311672 5638950 -725
32311716 5638950 -678
32311495 5638950 -575
32311716 5638952 -1525
32311716 5638952 -1475
32311716 5638952 -1425
32311714 5639250 -1375
32311716 5639250 -1375
32311714 5639250 -1325
32311716 5639033 -1075
32311716 5639206 -1025
32311610 5639250 -975
32311716 5639250 -1012
32311468 5639250 -925
32311716 5639034 -775
32311716 5638991 -725
32311716 5639250 -576
32311704 5639250 -575
32311716 5639212 -575
32311716 5639250 -558
32311716 5639252 -1375
32311716 5639252 -1325
32311716 5639251 -1275
32311714 5639550 -1225
32311716 5639550 -1225
32311715 5639550 -1175
32311715 5639550 -1125
32311716 5639352 -975
32311716 5639488 -925
32311647 5639550 -875
32311716 5639550 -901
32311519 5639550 -825
32311716 5639263 -575
32311716 5639552 -1225
32311716 5639551 -1175
32311716 5639551 -1125
32311716 5639551 -1075
32311715 5639850 -1025
32311716 5639850 -1025
32311715 5639850 -975
32311708 5639850 -925
32311716 5639605 -875
32311716 5639707 -825
32311716 5639807 -775
32311650 5639850 -725
32311716 5639850 -753
32311538 5639850 -675
32311427 5639850 -625
32312018 5623650 -2780
32312018 5623720 -2775
32312018 5623950 -2736
32312018 5624250 -2730
32312018 5624550 -2730
32312018 5624850 -2729
32312018 5625150 -2729
32312018 5625450 -2729
32312018 5625750 -2729
32312018 5626050 -2729
32312000 5626350 -2775
32312018 5626332 -2775
32312018 5626350 -2777
32312018 5626650 -2778
32312003 5626950 -2825
32312018 5626935 -2825
32312018 5626950 -2827
32312018 5627250 -2827
32312003 5627550 -2875
32312018 5627534 -2875
32312018 5627550 -2877
32311999 5627850 -2875
32312018 5627850 -2878
32312018 5628150 -2877
32312018 5628450 -2877
32312018 5628750 -2877
32312018 5629050 -2876
32312018 5629350 -2876
32312018 5629650 -2876
32312018 5629950 -2876
32311736 5629950 275
32311755 5629950 325
32311772 5629950 375
32311788 5629950 425
32311803 5629950 475
32312018 5630250 -2876
32311719 5630250 -225
32311739 5630250 -175
32311760 5630250 -125
32311783 5630250 -75
32311808 5630250 -25
32311835 5630250 25
32311862 5630250 75
32311891 5630250 125
32311919 5630250 175
32311946 5630250 225
32311971 5630250 275
32311993 5630250 325
32312015 5630250 375
32312018 5630250 381
32312018 5630227 425
32312018 5630203 475
32312018 5630550 -2876
32311751 5630550 -725
32311801 5630550 -675
32311844 5630550 -625
32311881 5630550 -575
32311911 5630550 -525
32311937 5630550 -475
32311959 5630550 -425
32311978 5630550 -375
32311995 5630550 -325
32312011 5630550 -275
32312018 5630550 -253
32312018 5630543 -225
32312018 5630529 -175
32312018 5630515 -125
32312018 5630499 -75
32312018 5630480 -25
32312018 5630459 25
32312018 5630436 75
32312018 5630410 125
32312018 5630381 175
32312018 5630351 225
32312018 5630318 275
32312018 5630286 325
32312018 5630254 375
32312018 5630850 -2876
32311740 5630850 -875
32311874 5630850 -825
32311989 5630850 -775
32312018 5630850 -760
32312018 5630811 -725
32312018 5630763 -675
32312018 5630721 -625
32312018 5630685 -575
32312018 5630655 -525
32312018 5630630 -475
32312018 5630608 -425
32312018 5630589 -375
32312018 5630573 -325
32312018 5630556 -275
32312018 5631150 -2876
32312001 5631150 -825
32312018 5631150 -822
32312018 5630911 -775
32312018 5631450 -2876
32312018 5631302 -775
32311961 5631450 -725
32312018 5631450 -727
32312016 5631750 -2925
32312018 5631748 -2925
32312018 5631750 -2925
32312018 5631460 -725
32312018 5631528 -675
32312018 5631596 -625
32312018 5631665 -575
32312018 5631731 -525
32312018 5631750 -511
32311789 5632050 -2925
32312018 5632050 -2925
32312018 5631866 -475
32312018 5632020 -425
32311921 5632050 -375
32312018 5632050 -415
32311787 5632050 -325
32312018 5632350 -2925
32311806 5632350 -375
32312018 5632144 -375
32311932 5632350 -325
32312018 5632262 -325
32311856 5632191 -348
32312018 5632350 -288
32312018 5632650 -2925
32311738 5632650 -575
32311823 5632650 -525
32311900 5632650 -475
32311971 5632650 -425
32312018 5632650 -389
32312018 5632605 -375
32312018 5632456 -325
32311995 5632950 -2925
32312018 5632950 -2925
32311763 5632950 -825
32311854 5632950 -775
32311936 5632950 -725
32312012 5632950 -675
32312018 5632950 -671
32312018 5632890 -625
32312018 5632831 -575
32312018 5632777 -525
32312018 5632727 -475
32312018 5632680 -425
32312016 5633250 -2925
32312018 5633250 -2925
32311725 5633250 -1075
32311844 5633250 -1025
32311953 5633250 -975
32312018 5633250 -943
32312018 5633224 -925
32312018 5633160 -875
32312018 5633101 -825
32312018 5633047 -775
32312018 5632998 -725
32312018 5632953 -675
32312018 5633252 -2925
32312018 5633550 -2875
32311801 5633550 -1225
32311953 5633550 -1175
32312018 5633550 -1152
32312018 5633503 -1125
32312018 5633424 -1075
32312018 5633353 -1025
32312018 5633288 -975
32312018 5633850 -2875
32311921 5633850 -1325
32312018 5633850 -1302
32312018 5633787 -1275
32312018 5633683 -1225
32312018 5633589 -1175
32312007 5634150 -2875
32312018 5634150 -2875
32311841 5634150 -1425
32312018 5634150 -1400
32312018 5634064 -1375
32312018 5633912 -1325
32312018 5634151 -2875
32312018 5634450 -2825
32312018 5634450 -1453
32312018 5634283 -1425
32312015 5634750 -2825
32312018 5634750 -2825
32312018 5634750 -1463
32312018 5634752 -2825
32311945 5635050 -2775
32312018 5635050 -2775
32311723 5635050 -2125
32311911 5635050 -1425
32312018 5635050 -1435
32312018 5635052 -2775
32312018 5635350 -2725
32312018 5635340 -2075
32311774 5635350 -2075
32312018 5635350 -2095
32312018 5635316 -2025
32311758 5635350 -1975
32312018 5635350 -2019
32312018 5635097 -1425
32312018 5635323 -1375
32311766 5635350 -1325
32312018 5635350 -1369
32312018 5635352 -2725
32312010 5635650 -2675
32312018 5635650 -2675
32312018 5635429 -2075
32312018 5635621 -2025
32312018 5635629 -1975
32312018 5635650 -2017
32312018 5635605 -1925
32312018 5635582 -1875
32311784 5635650 -1825
32312018 5635650 -1864
32311806 5635650 -1775
32312018 5635483 -1325
32312018 5635628 -1275
32311840 5635650 -1225
32312018 5635650 -1267
32312018 5635652 -2675
32312015 5635950 -2625
32312018 5635950 -2625
32312018 5635784 -1975
32312018 5635941 -1925
32312018 5635950 -1922
32312018 5635903 -1825
32312018 5635879 -1775
32312018 5635856 -1725
32311803 5635950 -1675
32312018 5635950 -1710
32311824 5635950 -1625
32311844 5635950 -1575
32312018 5635751 -1225
32312018 5635866 -1175
32311974 5635950 -1125
32312018 5635950 -1136
32311793 5635950 -1075
32312018 5635952 -2625
32312015 5636250 -2575
32312018 5636250 -2575
32312018 5636082 -1875
32312018 5636221 -1825
32311777 5636250 -1775
32312018 5636250 -1814
32312018 5636183 -1675
32312018 5636160 -1625
32312018 5636137 -1575
32312018 5636115 -1525
32311837 5636250 -1475
32312018 5636250 -1504
32311857 5636250 -1425
32311877 5636250 -1375
32312018 5635976 -1125
32312018 5636085 -1075
32312018 5636192 -1025
32311924 5636250 -975
32312018 5636250 -997
32312018 5636252 -2575
32312018 5636252 -2525
32312015 5636550 -2475
32312018 5636550 -2475
32312018 5636353 -1775
32312018 5636482 -1725
32311881 5636550 -1675
32312018 5636550 -1698
32312018 5636445 -1475
32312018 5636423 -1425
32312018 5636401 -1375
32312018 5636380 -1325
32311870 5636550 -1275
32312018 5636550 -1299
32311889 5636550 -1225
32311909 5636550 -1175
32312018 5636390 -975
32311955 5636550 -925
32312018 5636550 -951
32311832 5636550 -875
32312018 5636553 -2475
32312014 5636850 -2425
32312018 5636850 -2425
32312018 5636608 -1675
32312018 5636729 -1625
32312013 5636850 -1575
32312018 5636850 -1575
32311752 5636850 -1525
32312018 5636697 -1275
32312018 5636677 -1225
32312018 5636658 -1175
32312018 5636638 -1125
32312015 5636850 -1075
32312018 5636850 -1075
32311938 5636850 -1025
32311960 5636850 -975
32312018 5636616 -925
32311984 5636850 -925
32312018 5636748 -875
32311958 5636850 -825
32312018 5636850 -838
32311728 5636850 -775
32312018 5636853 -2425
32312018 5636853 -2375
32312014 5637150 -2325
32312018 5637150 -2325
32312018 5636853 -1575
32312018 5637045 -1525
32311954 5637150 -1475
32312018 5637150 -1497
32312018 5636852 -1075
32312018 5636931 -1025
32312018 5636909 -975
32312018 5636887 -925
32312018 5636865 -875
32312018 5636875 -825
32312018 5637150 -833
32311961 5637150 -825
32311980 5637150 -775
32312018 5636968 -775
32312018 5637058 -725
32311998 5637150 -725
32312018 5637144 -675
32311868 5637150 -625
32312018 5637150 -671
32312018 5637153 -2325
32312018 5637153 -2275
32312014 5637450 -2225
32312018 5637450 -2225
32312018 5637196 -1475
32312018 5637297 -1425
32312018 5637395 -1375
32311930 5637450 -1325
32312018 5637450 -1346
32311739 5637450 -1275
32312018 5637214 -825
32312018 5637193 -775
32312018 5637172 -725
32312018 5637151 -675
32312018 5637450 -581
32311977 5637450 -575
32312018 5637287 -575
32311995 5637450 -525
32312018 5637358 -525
32312013 5637450 -475
32312018 5637430 -475
32311926 5637450 -425
32312018 5637450 -461
32311806 5637450 -375
32312018 5637453 -2225
32312018 5637453 -2175
32312014 5637750 -2125
32312018 5637750 -2125
32311956 5637750 -2075
32312018 5637491 -1325
32312018 5637583 -1275
32312018 5637673 -1225
32311999 5637750 -1175
32312018 5637750 -1180
32311837 5637750 -1125
32312018 5637497 -575
32312018 5637476 -525
32312018 5637455 -475
32312018 5637750 -331
32311976 5637750 -325
32312018 5637614 -325
32311994 5637750 -275
32312018 5637672 -275
32312012 5637750 -225
32312018 5637732 -225
32311934 5637750 -175
32312018 5637750 -210
32311819 5637750 -125
32312018 5637753 -2125
32312018 5637753 -2075
32312014 5638050 -2025
32312018 5638050 -2025
32312014 5638050 -1975
32311720 5638050 -1375
32312018 5637760 -1175
32312018 5637854 -1125
32312018 5637945 -1075
32312018 5638033 -1025
32311901 5638050 -975
32312018 5638050 -1015
32311767 5638050 -925
32312018 5637795 -325
32312018 5637775 -275
32312018 5637755 -225
32312018 5638050 -78
32311990 5638050 -75
32312018 5637949 -75
32312011 5638050 -25
32312018 5638026 -25
32312018 5638050 -10
32311727 5638050 125
32312018 5638053 -2025
32312018 5638053 -1975
32312014 5638350 -1925
32312018 5638350 -1925
32312014 5638350 -1875
32312018 5638342 -1325
32311987 5638350 -1325
32312018 5638350 -1331
32312018 5638350 -1324
32311746 5638350 -1225
32311788 5638350 -1175
32312018 5638144 -975
32312018 5638262 -925
32311977 5638350 -875
32312018 5638350 -887
32311818 5638350 -825
32312018 5638075 -75
32312018 5638056 -25
32312018 5638353 -1925
32312018 5638353 -1875
32312018 5638353 -1825
32312014 5638650 -1775
32312018 5638650 -1775
32312014 5638650 -1725
32312018 5638372 -1325
32312018 5638632 -1225
32311937 5638650 -1225
32312018 5638650 -1243
32311728 5638642 -1177
32312018 5638586 -1175
32311719 5638650 -1175
32312018 5638557 -1125
32311803 5638650 -1075
32312018 5638650 -1111
32311846 5638650 -1025
32311888 5638650 -975
32312018 5638398 -875
32312018 5638604 -825
32311842 5638650 -775
32312018 5638650 -814
32312018 5638653 -1775
32312018 5638653 -1725
32312018 5638684 -1675
32312014 5638950 -1625
32312018 5638950 -1631
32312015 5638950 -1575
32312018 5638725 -1225
32312018 5638942 -1175
32311820 5638950 -1125
32312018 5638950 -1173
32312018 5638861 -1075
32312018 5638817 -1025
32312018 5638776 -975
32311874 5638950 -925
32312018 5638950 -946
32311919 5638950 -875
32311962 5638950 -825
32312018 5638861 -775
32311890 5638950 -725
32312018 5638950 -759
32312018 5638953 -1625
32312018 5638952 -1575
32312015 5639250 -1525
32312018 5639250 -1525
32312015 5639250 -1475
32312015 5639250 -1425
32312018 5639159 -1125
32311917 5639250 -1075
32312018 5639250 -1104
32311755 5639250 -1025
32312018 5639087 -925
32312018 5639044 -875
32312018 5639003 -825
32312018 5638962 -775
32312018 5639104 -725
32312018 5639250 -729
32311988 5639250 -725
32312018 5639250 -692
32311750 5639250 -575
32312018 5639252 -1525
32312018 5639252 -1475
32312018 5639252 -1425
32312018 5639323 -1375
32312015 5639550 -1325
32312018 5639550 -1338
32312016 5639550 -1275
32312018 5639354 -1075
32312018 5639531 -1025
32311896 5639550 -975
32312018 5639550 -1019
32311771 5639550 -925
32312018 5639277 -725
32312018 5639552 -1325
32312018 5639551 -1275
32312018 5639551 -1225
32312016 5639850 -1175
32312018 5639850 -1175
32312016 5639850 -1125
32312016 5639850 -1075
32312018 5639661 -975
32312018 5639784 -925
32311964 5639850 -875
32312018 5639850 -898
32311856 5639850 -825
32311756 5639850 -775
32312250 5623950 -2775
32312319 5623950 -2780
32312319 5623650 -2780
32312319 5623982 -2775
32312319 5624250 -2730
32312319 5624550 -2730
32312319 5624850 -2729
32312319 5625150 -2729
32312319 5625450 -2729
32312319 5625750 -2729
32312319 5626050 -2729
32312319 5626325 -2775
32312319 5626350 -2778
32312300 5626650 -2825
32312319 5626631 -2825
32312319 5626650 -2828
32312308 5626950 -2875
32312319 5626939 -2875
32312319 5626950 -2876
32312302 5627250 -2875
32312319 5627250 -2877
32312319 5627550 -2878
32312319 5627850 -2878
32312319 5628150 -2877
32312319 5628450 -2877
32312319 5628750 -2877
32312319 5629050 -2876
32312319 5629350 -2876
32312319 5629650 -2876
32312319 5629950 -2876
32312319 5630250 -2876
32312034 5630250 425
32312052 5630250 475
32312319 5630550 -2876
32312025 5630550 -225
32312037 5630550 -175
32312051 5630550 -125
32312066 5630550 -75
32312081 5630550 -25
32312098 5630550 25
32312116 5630550 75
32312134 5630550 125
32312153 5630550 175
32312172 5630550 225
32312192 5630550 275
32312213 5630550 325
32312233 5630550 375
32312254 5630550 425
32312275 5630550 475
32312319 5630850 -2876
32312057 5630850 -725
32312107 5630850 -675
32312151 5630850 -625
32312190 5630850 -575
32312225 5630850 -525
32312255 5630850 -475
32312282 5630850 -425
32312306 5630850 -375
32312319 5630850 -344
32312319 5630844 -325
32312319 5630832 -275
32312319 5630821 -225
32312319 5630810 -175
32312319 5630800 -125
32312319 5630789 -75
32312319 5630777 -25
32312319 5630765 25
32312319 5630753 75
32312319 5630739 125
32312319 5630724 175
32312319 5630707 225
32312319 5630689 275
32312319 5630670 325
32312319 5630648 375
32312319 5630625 425
32312319 5630601 475
32312319 5631150 -2876
32312144 5631150 -775
32312265 5631150 -725
32312319 5631150 -700
32312319 5631115 -675
32312319 5631055 -625
32312319 5631004 -575
32312319 5630960 -525
32312319 5630922 -475
32312319 5630891 -425
32312319 5630864 -375
32312319 5631450 -2880
32312310 5631450 -825
32312319 5631450 -827
32312319 5631442 -825
32312319 5631316 -775
32312159 5631450 -775
32312319 5631201 -725
32312319 5631740 -2925
32312319 5631750 -2925
32312319 5631456 -825
32312319 5631556 -775
32312319 5631651 -725
32312319 5631699 -675
32312231 5631750 -625
32312319 5631750 -670
32312137 5631750 -575
32312044 5631750 -525
32312319 5632050 -2925
32312319 5631808 -625
32312319 5631870 -575
32312319 5631930 -525
32312319 5631989 -475
32312319 5632047 -425
32312319 5632050 -422
32312319 5632350 -2925
32312319 5632124 -375
32312319 5632204 -325
32312096 5632350 -275
32312319 5632286 -275
32312319 5632350 -237
32312319 5632650 -2925
32312050 5632650 -375
32312162 5632650 -325
32312280 5632650 -275
32312319 5632650 -259
32312319 5632950 -2925
32312100 5632950 -625
32312187 5632950 -575
32312271 5632950 -525
32312319 5632950 -496
32312319 5632918 -475
32312319 5632848 -425
32312319 5632784 -375
32312319 5632723 -325
32312319 5632667 -275
32312319 5633250 -2925
32312056 5633250 -925
32312158 5633250 -875
32312256 5633250 -825
32312319 5633250 -791
32312319 5633229 -775
32312319 5633169 -725
32312319 5633114 -675
32312319 5633064 -625
32312319 5633017 -575
32312319 5632973 -525
32312316 5633550 -2925
32312319 5633550 -2925
32312094 5633550 -1125
32312225 5633550 -1075
32312319 5633550 -1037
32312319 5633530 -1025
32312319 5633460 -975
32312319 5633396 -925
32312319 5633338 -875
32312319 5633284 -825
32312319 5633555 -2925
32312319 5633850 -2875
32312123 5633850 -1275
32312307 5633850 -1225
32312319 5633850 -1221
32312319 5633763 -1175
32312319 5633679 -1125
32312319 5633602 -1075
32312319 5634150 -2875
32312169 5634150 -1375
32312319 5634150 -1348
32312319 5634087 -1325
32312319 5633966 -1275
32312319 5633857 -1225
32312316 5634450 -2875
32312319 5634450 -2875
32312319 5634450 -1427
32312319 5634441 -1425
32312319 5634244 -1375
32312319 5634452 -2875
32312319 5634750 -2825
32312319 5634750 -1461
32312316 5635050 -2825
32312319 5635050 -2825
32312319 5635050 -1455
32312319 5635052 -2825
32312316 5635350 -2775
32312319 5635350 -2775
32312027 5635350 -2075
32312049 5635350 -2025
32312319 5635258 -1425
32312058 5635350 -1375
32312319 5635350 -1411
32312319 5635352 -2775
32312316 5635650 -2725
32312319 5635650 -2725
32312319 5635650 -2044
32312319 5635640 -2025
32312101 5635650 -2025
32312319 5635616 -1975
32312059 5635650 -1925
32312319 5635650 -1969
32312081 5635650 -1875
32312319 5635487 -1375
32312292 5635650 -1325
32312319 5635650 -1330
32312052 5635650 -1275
32312319 5635652 -2725
32312316 5635950 -2675
32312319 5635950 -2675
32312319 5635718 -2025
32312319 5635892 -1975
32312075 5635922 -1935
32312319 5635933 -1925
32312319 5635950 -1958
32312039 5635950 -1925
32312319 5635908 -1875
32312319 5635884 -1825
32312082 5635950 -1775
32312319 5635950 -1814
32312104 5635950 -1725
32312319 5635664 -1325
32312319 5635797 -1275
32312319 5635924 -1225
32312162 5635950 -1175
32312319 5635950 -1214
32312319 5635952 -2675
32312316 5636250 -2625
32312319 5636250 -2625
32312319 5636049 -1925
32312319 5636197 -1875
32312089 5636250 -1825
32312319 5636250 -1856
32312319 5636209 -1775
32312319 5636185 -1725
32312319 5636161 -1675
32312319 5636137 -1625
32312121 5636250 -1575
32312319 5636250 -1607
32312142 5636250 -1525
32312319 5636038 -1175
32312319 5636147 -1125
32312293 5636250 -1075
32312319 5636250 -1081
32312073 5636250 -1025
32312319 5636253 -2625
32312319 5636268 -2575
32312315 5636550 -2525
32312319 5636550 -2528
32312319 5636335 -1825
32312319 5636469 -1775
32312187 5636550 -1725
32312319 5636550 -1744
32312319 5636467 -1575
32312319 5636428 -1525
32312319 5636406 -1475
32312171 5636550 -1425
32312319 5636550 -1447
32312166 5636550 -1375
32312189 5636550 -1325
32312319 5636281 -1075
32312319 5636524 -1025
32312133 5636550 -975
32312319 5636550 -1013
32312319 5636553 -2525
32312315 5636850 -2475
32312319 5636850 -2475
32312319 5636639 -1725
32312306 5636850 -1675
32312319 5636850 -1679
32312158 5636850 -1625
32312319 5636699 -1425
32312319 5636703 -1375
32312319 5636680 -1325
32312319 5636658 -1275
32312290 5636850 -1225
32312319 5636850 -1229
32312211 5636850 -1175
32312231 5636850 -1125
32312319 5636651 -975
32312319 5636788 -925
32312187 5636850 -875
32312319 5636850 -903
32312319 5636853 -2475
32312319 5636853 -2425
32312315 5637150 -2375
32312319 5637150 -2375
32312319 5636860 -1675
32312319 5636977 -1625
32312319 5637094 -1575
32312168 5637150 -1525
32312319 5637150 -1551
32312319 5636884 -1225
32312319 5636968 -1175
32312319 5636946 -1125
32312319 5636923 -1075
32312319 5636901 -1025
32312237 5637150 -975
32312319 5637150 -988
32312257 5637150 -925
32312319 5636913 -875
32312277 5637150 -875
32312319 5637023 -825
32312319 5637132 -775
32312184 5637150 -725
32312319 5637150 -766
32312029 5637150 -675
32312319 5637153 -2375
32312315 5637450 -2325
32312319 5637450 -2325
32312315 5637450 -2275
32312319 5637206 -1525
32312319 5637313 -1475
32312319 5637419 -1425
32312147 5637450 -1375
32312319 5637450 -1410
32312319 5637241 -975
32312319 5637219 -925
32312319 5637196 -875
32312319 5637174 -825
32312246 5637450 -775
32312319 5637450 -786
32312319 5637219 -725
32312265 5637450 -725
32312284 5637450 -675
32312319 5637299 -675
32312319 5637376 -625
32312302 5637450 -625
32312317 5637450 -575
32312319 5637450 -575
32312189 5637450 -525
32312055 5637450 -475
32312319 5637453 -2325
32312319 5637453 -2275
32312315 5637750 -2225
32312319 5637750 -2225
32312315 5637750 -2175
32312319 5637521 -1375
32312319 5637621 -1325
32312319 5637718 -1275
32312184 5637750 -1225
32312319 5637750 -1258
32312319 5637530 -775
32312319 5637509 -725
32312319 5637488 -675
32312319 5637468 -625
32312264 5637750 -525
32312319 5637524 -525
32312319 5637750 -533
32312282 5637750 -475
32312319 5637597 -475
32312319 5637671 -425
32312300 5637750 -425
32312318 5637750 -375
32312319 5637744 -375
32312234 5637750 -325
32312319 5637750 -371
32312141 5637750 -275
32312046 5637750 -225
32312319 5637754 -2225
32312319 5637753 -2175
32312314 5638050 -2125
32312319 5638050 -2125
32312315 5638050 -2075
32312319 5637817 -1225
32312319 5637916 -1175
32312319 5638012 -1125
32312210 5638050 -1075
32312319 5638050 -1105
32312047 5638050 -1025
32312319 5637806 -525
32312319 5637787 -475
32312319 5637769 -425
32312319 5637751 -375
32312309 5638050 -225
32312319 5638004 -225
32312319 5638050 -226
32312319 5638050 -198
32312130 5638050 -75
32312044 5638050 -25
32312319 5638054 -2125
32312319 5638053 -2075
32312316 5638350 -2025
32312319 5638350 -2025
32312315 5638350 -1975
32312023 5638350 -1325
32312319 5638119 -1075
32312319 5638231 -1025
32312319 5638342 -975
32312145 5638350 -925
32312319 5638350 -971
32312319 5638059 -225
32312319 5638352 -2025
32312319 5638354 -1975
32312319 5638353 -1925
32312315 5638650 -1875
32312319 5638650 -1875
32312315 5638650 -1825
32312319 5638633 -1275
32312215 5638650 -1275
32312319 5638650 -1291
32312033 5638650 -1225
32312319 5638650 -1272
32312075 5638650 -1175
32312103 5638650 -1125
32312319 5638498 -925
32312306 5638650 -875
32312319 5638650 -877
32312066 5638650 -825
32312319 5638654 -1875
32312319 5638653 -1825
32312315 5638950 -1775
32312319 5638950 -1775
32312315 5638950 -1725
32312280 5638950 -1675
32312319 5638720 -1275
32312027 5638950 -1175
32312319 5638950 -1223
32312319 5638903 -1175
32312319 5638857 -1125
32312105 5638950 -1075
32312319 5638950 -1110
32312148 5638950 -1025
32312191 5638950 -975
32312319 5638663 -875
32312319 5638920 -825
32312099 5638950 -775
32312319 5638950 -819
32312319 5638953 -1775
32312319 5638953 -1725
32312319 5638953 -1675
32312315 5639250 -1625
32312319 5639250 -1625
32312316 5639250 -1575
32312319 5639212 -1175
32312109 5639250 -1125
32312319 5639250 -1168
32312319 5639160 -1075
32312319 5639115 -1025
32312319 5639071 -975
32312319 5639030 -925
32312240 5639250 -875
32312319 5639250 -886
32312288 5639250 -825
32312319 5639250 -793
32312108 5639250 -725
32312319 5639253 -1625
32312319 5639252 -1575
32312319 5639252 -1525
32312316 5639550 -1475
32312319 5639550 -1475
32312316 5639550 -1425
32312239 5639550 -1375
32312319 5639439 -1125
32312217 5639550 -1075
32312319 5639550 -1100
32312035 5639550 -1025
32312319 5639322 -875
32312319 5639277 -825
32312319 5639552 -1475
32312319 5639552 -1425
32312319 5639552 -1375
32312316 5639850 -1325
32312319 5639850 -1325
32312317 5639850 -1275
32312317 5639850 -1225
32312319 5639623 -1075
32312319 5639765 -1025
32312252 5639850 -975
32312319 5639850 -994
32312095 5639850 -925
32312620 5623650 -2780
32312620 5623950 -2780
32312620 5624057 -2775
32312620 5624250 -2742
32312620 5624550 -2730
32312620 5624850 -2729
32312620 5625150 -2729
32312620 5625450 -2729
32312620 5625750 -2731
32312594 5626050 -2775
32312620 5626013 -2775
32312620 5626050 -2779
32312596 5626350 -2825
32312620 5626325 -2825
32312620 5626350 -2829
32312620 5626650 -2828
32312620 5626927 -2875
32312620 5626950 -2878
32312620 5627250 -2878
32312620 5627550 -2878
32312620 5627850 -2878
32312620 5628150 -2878
32312620 5628450 -2877
32312620 5628750 -2877
32312620 5629050 -2877
32312620 5629350 -2876
32312620 5629650 -2876
32312620 5629950 -2876
32312620 5630250 -2876
32312620 5630550 -2876
32312620 5630850 -2876
32312326 5630850 -325
32312345 5630850 -275
32312364 5630850 -225
32312384 5630850 -175
32312403 5630850 -125
32312424 5630850 -75
32312445 5630850 -25
32312467 5630850 25
32312490 5630850 75
32312514 5630850 125
32312538 5630850 175
32312563 5630850 225
32312588 5630850 275
32312612 5630850 325
32312620 5630850 341
32312620 5630841 375
32312620 5630829 425
32312620 5630816 475
32312620 5631150 -2876
32312474 5631150 -675
32312430 5631150 -625
32312501 5631150 -575
32312570 5631150 -525
32312620 5631150 -487
32312620 5631142 -475
32312620 5631115 -425
32312620 5631090 -375
32312620 5631068 -325
32312620 5631048 -275
32312620 5631029 -225
32312620 5631011 -175
32312620 5630994 -125
32312620 5630978 -75
32312620 5630963 -25
32312620 5630948 25
32312620 5630933 75
32312620 5630918 125
32312620 5630903 175
32312620 5630887 225
32312620 5630871 275
32312620 5630855 325
32312609 5631450 -2925
32312620 5631448 -2925
32312620 5631450 -2925
32312330 5631450 -825
32312521 5631450 -775
32312620 5631450 -750
32312620 5631364 -725
32312620 5631214 -675
32312620 5631288 -625
32312620 5631233 -575
32312620 5631184 -525
32312620 5631750 -2925
32312620 5631534 -725
32312620 5631697 -675
32312620 5631750 -658
32312620 5632050 -2925
32312620 5631801 -625
32312620 5631874 -575
32312620 5631945 -525
32312620 5632015 -475
32312341 5632050 -425
32312620 5632050 -449
32312620 5632350 -2925
32312620 5632085 -425
32312620 5632157 -375
32312620 5632230 -325
32312620 5632305 -275
32312620 5632350 -246
32312620 5632650 -2925
32312620 5632499 -225
32312506 5632650 -225
32312620 5632650 -206
32312620 5632950 -2925
32312367 5632950 -475
32312481 5632950 -425
32312598 5632950 -375
32312620 5632950 -365
32312620 5632866 -325
32312620 5632771 -275
32312620 5632682 -225
32312620 5633250 -2925
32312352 5633250 -775
32312454 5633250 -725
32312554 5633250 -675
32312620 5633250 -641
32312620 5633228 -625
32312620 5633166 -575
32312620 5633109 -525
32312620 5633056 -475
32312620 5633005 -425
32312620 5632958 -375
32312620 5633550 -2925
32312350 5633550 -1025
32312471 5633550 -975
32312588 5633550 -925
32312620 5633550 -911
32312620 5633502 -875
32312620 5633440 -825
32312620 5633383 -775
32312620 5633330 -725
32312620 5633281 -675
32312613 5633850 -2925
32312620 5633850 -2925
32312470 5633850 -1175
32312620 5633850 -1126
32312620 5633846 -1125
32312620 5633767 -1075
32312620 5633694 -1025
32312620 5633627 -975
32312620 5633566 -925
32312620 5634032 -2925
32312620 5634150 -2904
32312431 5634150 -1325
32312620 5634150 -1283
32312620 5634130 -1275
32312620 5634026 -1225
32312620 5633932 -1175
32312620 5634450 -2875
32312334 5634450 -1425
32312620 5634450 -1387
32312620 5634408 -1375
32312620 5634260 -1325
32312617 5634750 -2875
32312620 5634750 -2875
32312620 5634750 -1445
32312620 5634637 -1425
32312620 5634752 -2875
32312620 5635050 -2825
32312620 5635050 -1461
32312620 5635061 -2825
32312620 5635350 -2776
32312470 5635350 -1425
32312620 5635350 -1437
32312617 5635650 -2775
32312620 5635650 -2775
32312328 5635650 -2025
32312350 5635650 -1975
32312620 5635413 -1425
32312609 5635650 -1375
32312620 5635650 -1376
32312620 5635653 -2775
32312617 5635950 -2725
32312620 5635950 -2725
32312620 5635950 -1983
32312620 5635945 -1975
32312518 5635950 -1975
32312620 5635920 -1925
32312356 5635950 -1875
32312620 5635950 -1920
32312379 5635950 -1825
32312620 5635655 -1375
32312620 5635812 -1325
32312600 5635950 -1275
32312620 5635950 -1279
32312366 5635950 -1225
32312620 5635953 -2725
32312616 5636250 -2675
32312620 5636250 -2675
32312620 5635976 -1975
32312620 5636135 -1925
32312487 5636250 -1875
32312620 5636250 -1888
32312620 5636242 -1875
32312620 5636217 -1825
32312620 5636192 -1775
32312377 5636250 -1725
32312620 5636250 -1766
32312399 5636250 -1675
32312421 5636250 -1625
32312620 5635969 -1275
32312620 5636197 -1225
32312532 5636250 -1175
32312620 5636250 -1212
32312423 5636250 -1125
32312620 5636253 -2675
32312620 5636259 -2625
32312598 5636550 -2575
32312620 5636550 -2576
32312620 5636324 -1875
32312593 5636550 -1825
32312620 5636550 -1832
32312420 5636550 -1775
32312620 5636499 -1725
32312620 5636476 -1675
32312620 5636453 -1625
32312620 5636423 -1575
32312439 5636550 -1525
32312620 5636550 -1555
32312460 5636550 -1475
32312620 5636338 -1175
32312620 5636452 -1125
32312591 5636550 -1075
32312620 5636550 -1081
32312367 5636550 -1025
32312620 5636553 -2575
32312616 5636850 -2525
32312620 5636850 -2525
32312620 5636570 -1825
32312620 5636698 -1775
32312620 5636825 -1725
32312620 5636850 -1715
32312620 5636753 -1525
32312620 5636728 -1475
32312620 5636704 -1425
32312620 5636680 -1375
32312473 5636850 -1325
32312620 5636850 -1349
32312494 5636850 -1275
32312620 5636565 -1075
32312620 5636693 -1025
32312620 5636829 -975
32312416 5636850 -925
32312620 5636850 -967
32312620 5636853 -2525
32312616 5637150 -2475
32312620 5637150 -2475
32312616 5637150 -2425
32312620 5636947 -1675
32312620 5637066 -1625
32312501 5637150 -1575
32312620 5637150 -1590
32312620 5637015 -1325
32312620 5636991 -1275
32312620 5636967 -1225
32312620 5636943 -1175
32312504 5637150 -1125
32312620 5637150 -1144
32312525 5637150 -1075
32312546 5637150 -1025
32312620 5636957 -925
32312620 5637087 -875
32312518 5637150 -825
32312620 5637150 -851
32312345 5637150 -775
32312620 5637154 -2475
32312620 5637153 -2425
32312616 5637450 -2375
32312620 5637450 -2375
32312620 5637183 -1575
32312620 5637295 -1525
32312620 5637405 -1475
32312414 5637450 -1425
32312620 5637450 -1454
32312620 5637282 -1125
32312620 5637257 -1075
32312620 5637233 -1025
32312620 5637208 -975
32312524 5637450 -925
32312620 5637450 -940
32312545 5637450 -875
32312620 5637202 -825
32312566 5637450 -825
32312620 5637299 -775
32312620 5637392 -725
32312567 5637450 -675
32312620 5637450 -693
32312435 5637450 -625
32312620 5637454 -2375
32312620 5637453 -2325
32312616 5637750 -2275
32312620 5637750 -2275
32312620 5637512 -1425
32312620 5637616 -1375
32312620 5637718 -1325
32312413 5637750 -1275
32312620 5637750 -1309
32312620 5637558 -925
32312620 5637534 -875
32312620 5637510 -825
32312620 5637487 -775
32312620 5637464 -725
32312561 5637479 -693
32312620 5637480 -675
32312620 5637750 -685
32312555 5637750 -675
32312575 5637750 -625
32312620 5637564 -625
32312526 5637495 -655
32312620 5637647 -575
32312595 5637750 -575
32312620 5637731 -525
32312529 5637750 -475
32312620 5637750 -513
32312422 5637750 -425
32312325 5637750 -375
32312620 5637754 -2275
32312620 5637753 -2225
32312615 5638050 -2175
32312620 5638050 -2175
32312620 5637821 -1275
32312620 5637922 -1225
32312620 5638021 -1175
32312423 5638050 -1125
32312620 5638050 -1160
32312620 5637822 -675
32312620 5637799 -625
32312620 5637777 -575
32312620 5637754 -525
32312580 5638050 -425
32312620 5637888 -425
32312620 5638050 -431
32312598 5638050 -375
32312620 5637963 -375
32312620 5638035 -325
32312616 5638050 -325
32312620 5638050 -314
32312389 5638050 -225
32312620 5638054 -2175
32312620 5638054 -2125
32312615 5638350 -2075
32312620 5638350 -2075
32312620 5638128 -1125
32312620 5638236 -1075
32312620 5638341 -1025
32312340 5638350 -975
32312620 5638350 -1020
32312620 5638097 -425
32312620 5638075 -375
32312620 5638054 -325
32312620 5638350 -181
32312579 5638350 -175
32312620 5638201 -175
32312595 5638350 -125
32312620 5638257 -125
32312611 5638350 -75
32312620 5638315 -75
32312620 5638350 -45
32312620 5638354 -2075
32312620 5638354 -2025
32312615 5638650 -1975
32312620 5638650 -1975
32312616 5638650 -1925
32312332 5638650 -1275
32312620 5638488 -975
32312620 5638641 -925
32312620 5638650 -922
32312620 5638391 -175
32312620 5638375 -125
32312620 5638359 -75
32312620 5638654 -1975
32312620 5638654 -1925
32312620 5638724 -1875
32312616 5638950 -1825
32312620 5638950 -1838
32312620 5638927 -1225
32312331 5638950 -1225
32312620 5638950 -1247
32312620 5638950 -1221
32312361 5638950 -1175
32312403 5638950 -1125
32312620 5638928 -875
32312348 5638950 -825
32312620 5638950 -871
32312620 5638954 -1825
32312620 5638953 -1775
32312616 5639250 -1725
32312620 5639250 -1725
32312616 5639250 -1675
32312620 5639067 -1225
32312620 5639250 -1192
32312620 5639231 -1175
32312398 5639250 -1175
32312620 5639181 -1125
32312620 5639133 -1075
32312450 5639250 -1025
32312620 5639250 -1055
32312495 5639250 -975
32312541 5639250 -925
32312523 5639250 -825
32312620 5639250 -838
32312620 5639253 -1725
32312620 5639253 -1675
32312620 5639253 -1625
32312617 5639550 -1575
32312620 5639550 -1575
32312617 5639550 -1525
32312620 5639330 -1175
32312582 5639550 -1125
32312620 5639550 -1128
32312620 5639437 -1025
32312620 5639385 -975
32312620 5639334 -925
32312620 5639284 -875
32312620 5639326 -825
32312620 5639550 -831
32312583 5639550 -825
32312620 5639550 -785
32312620 5639553 -1575
32312620 5639553 -1525
32312620 5639552 -1475
32312617 5639850 -1425
32312620 5639850 -1425
32312617 5639850 -1375
32312620 5639560 -1125
32312620 5639711 -1075
32312586 5639850 -1025
32312620 5639850 -1028
32312620 5639597 -825
32312921 5623650 -2780
32312921 5623950 -2780
32312816 5624250 -2775
32312921 5624250 -2780
32312891 5624550 -2775
32312921 5624550 -2780
32312921 5624580 -2775
32312921 5624850 -2730
32312921 5625150 -2730
32312893 5625450 -2775
32312921 5625420 -2775
32312921 5625450 -2779
32312883 5625750 -2775
32312921 5625750 -2779
32312896 5626050 -2825
32312921 5626024 -2825
32312921 5626050 -2829
32312921 5626350 -2829
32312898 5626650 -2875
32312921 5626626 -2875
32312921 5626650 -2878
32312921 5626950 -2878
32312921 5627250 -2878
32312921 5627550 -2878
32312921 5627850 -2878
32312921 5628150 -2878
32312921 5628450 -2877
32312921 5628750 -2877
32312921 5629050 -2877
32312921 5629350 -2876
32312921 5629650 -2876
32312921 5629950 -2876
32312921 5630250 -2876
32312921 5630550 -2876
32312921 5630850 -2876
32312642 5630850 375
32312921 5631150 -2876
32312651 5631150 -475
32312783 5631150 -425
32312921 5631150 -378
32312921 5631148 -375
32312921 5631130 -325
32312921 5631112 -275
32312912 5631150 -225
32312921 5631150 -227
32312921 5631150 -217
32312921 5631132 -175
32312921 5631113 -125
32312921 5631095 -75
32312921 5631078 -25
32312921 5631063 25
32312921 5631048 75
32312921 5631034 125
32312921 5631020 175
32312921 5631008 225
32312921 5630997 275
32312921 5630986 325
32312921 5630975 375
32312673 5630850 425
32312921 5630965 425
32312702 5630850 475
32312921 5630956 475
32312921 5631447 -2925
32312921 5631450 -2925
32312673 5631450 -725
32312783 5631450 -675
32312902 5631450 -625
32312921 5631450 -617
32312921 5631385 -575
32312921 5631316 -525
32312921 5631253 -475
32312921 5631197 -425
32312921 5631154 -225
32312921 5631750 -2925
32312786 5631750 -625
32312921 5631750 -600
32312921 5632050 -2925
32312921 5631803 -575
32312921 5631902 -525
32312921 5631997 -475
32312921 5632050 -446
32312921 5632350 -2925
32312921 5632084 -425
32312921 5632162 -375
32312921 5632238 -325
32312921 5632315 -275
32312921 5632350 -252
32312921 5632650 -2925
32312921 5632445 -225
32312882 5632650 -175
32312921 5632632 -175
32312921 5632650 -170
32312921 5632950 -2925
32312732 5632950 -325
32312874 5632950 -275
32312921 5632950 -258
32312921 5632828 -225
32312921 5632663 -175
32312921 5633250 -2925
32312654 5633250 -625
32312755 5633250 -575
32312855 5633250 -525
32312921 5633250 -491
32312921 5633226 -475
32312921 5633157 -425
32312921 5633091 -375
32312921 5633028 -325
32312921 5632969 -275
32312921 5633550 -2925
32312700 5633550 -875
32312807 5633550 -825
32312912 5633550 -775
32312921 5633550 -770
32312921 5633493 -725
32312921 5633435 -675
32312921 5633380 -625
32312921 5633329 -575
32312921 5633281 -525
32312921 5633850 -2925
32312625 5633850 -1125
32312762 5633850 -1075
32312895 5633850 -1025
32312921 5633850 -1014
32312921 5633793 -975
32312921 5633726 -925
32312921 5633665 -875
32312921 5633608 -825
32312921 5633554 -775
32312727 5634150 -2925
32312921 5634150 -2925
32312653 5634150 -1275
32312838 5634150 -1225
32312921 5634150 -1201
32312921 5634100 -1175
32312921 5634014 -1125
32312921 5633936 -1075
32312921 5633863 -1025
32312918 5634450 -2925
32312921 5634450 -2925
32312690 5634450 -1375
32312921 5634450 -1331
32312921 5634432 -1325
32312921 5634309 -1275
32312921 5634197 -1225
32312921 5634452 -2925
32312921 5634750 -2875
32312802 5634750 -1425
32312921 5634750 -1411
32312921 5634605 -1375
32312918 5635050 -2875
32312921 5635050 -2875
32312921 5635050 -1447
32312921 5634857 -1425
32312921 5635053 -2875
32312907 5635350 -2825
32312921 5635350 -2825
32312921 5635350 -1443
32312921 5635353 -2825
32312921 5635650 -2775
32312921 5635485 -1425
32312921 5635650 -1402
32312921 5635662 -2775
32312921 5635950 -2727
32312624 5635950 -1975
32312647 5635950 -1925
32312914 5635950 -1375
32312921 5635950 -1377
32312756 5635950 -1325
32312921 5636037 -2725
32312921 5636250 -2690
32312921 5636250 -1958
32312921 5636233 -1925
32312775 5636250 -1925
32312921 5636209 -1875
32312651 5636250 -1825
32312921 5636250 -1868
32312676 5636250 -1775
32312921 5635956 -1375
32312921 5636098 -1325
32312921 5636234 -1275
32312681 5636250 -1225
32312921 5636250 -1269
32312921 5636253 -2675
32312909 5636550 -2625
32312921 5636550 -2625
32312921 5636347 -1925
32312921 5636494 -1875
32312921 5636533 -1825
32312921 5636550 -1855
32312921 5636507 -1775
32312921 5636480 -1725
32312691 5636550 -1675
32312921 5636550 -1714
32312713 5636550 -1625
32312735 5636550 -1575
32312921 5636355 -1225
32312921 5636470 -1175
32312842 5636550 -1125
32312921 5636550 -1139
32312921 5636553 -2625
32312917 5636850 -2575
32312921 5636850 -2575
32312921 5636630 -1825
32312921 5636760 -1775
32312733 5636850 -1725
32312921 5636850 -1740
32312921 5636815 -1675
32312921 5636789 -1625
32312921 5636763 -1575
32312921 5636737 -1525
32312727 5636850 -1475
32312921 5636850 -1508
32312748 5636850 -1425
32312770 5636850 -1375
32312921 5636583 -1125
32312921 5636700 -1075
32312921 5636819 -1025
32312668 5636850 -975
32312921 5636850 -1012
32312921 5636853 -2575
32312917 5637150 -2525
32312921 5637150 -2525
32312921 5636886 -1725
32312921 5637006 -1675
32312921 5637126 -1625
32312921 5637150 -1615
32312921 5637076 -1475
32312921 5637050 -1425
32312921 5637024 -1375
32312921 5636999 -1325
32312758 5637150 -1275
32312921 5637150 -1302
32312780 5637150 -1225
32312802 5637150 -1175
32312921 5636938 -975
32312921 5637062 -925
32312794 5637150 -875
32312921 5637150 -891
32312921 5637154 -2525
32312921 5637153 -2475
32312917 5637450 -2425
32312921 5637450 -2425
32312921 5637240 -1575
32312921 5637351 -1525
32312852 5637450 -1475
32312921 5637450 -1480
32312921 5637342 -1275
32312921 5637316 -1225
32312921 5637290 -1175
32312921 5637265 -1125
32312784 5637450 -1075
32312921 5637450 -1098
32312805 5637450 -1025
32312826 5637450 -975
32312921 5637183 -875
32312921 5637284 -825
32312921 5637384 -775
32312818 5637450 -725
32312921 5637450 -740
32312921 5637454 -2425
32312916 5637750 -2375
32312921 5637750 -2375
32312917 5637750 -2325
32312921 5637462 -1475
32312921 5637569 -1425
32312921 5637673 -1375
32312780 5637750 -1325
32312921 5637750 -1338
32312921 5637614 -1075
32312921 5637589 -1025
32312921 5637564 -975
32312921 5637539 -925
32312921 5637516 -875
32312820 5637750 -825
32312921 5637750 -842
32312839 5637750 -775
32312921 5637477 -725
32312858 5637750 -725
32312921 5637560 -675
32312921 5637639 -625
32312921 5637714 -575
32312716 5637750 -525
32312921 5637750 -550
32312921 5637754 -2375
32312921 5637754 -2325
32312916 5638050 -2275
32312921 5638050 -2275
32312916 5638050 -2225
32312921 5637777 -1325
32312921 5637881 -1275
32312921 5637982 -1225
32312761 5638050 -1175
32312921 5638050 -1190
32312921 5637870 -825
32312921 5637847 -775
32312921 5637824 -725
32312921 5637802 -675
32312921 5637929 -625
32312850 5638050 -575
32312921 5638050 -615
32312921 5637792 -525
32312869 5638050 -525
32312921 5637879 -475
32312887 5638050 -475
32312921 5637967 -425
32312904 5638050 -375
32312921 5638050 -378
32312669 5638050 -325
32312921 5638055 -2275
32312921 5638054 -2225
32312916 5638350 -2175
32312921 5638350 -2175
32312916 5638350 -2125
32312921 5638084 -1175
32312921 5638190 -1125
32312921 5638293 -1075
32312667 5638350 -1025
32312921 5638350 -1046
32312921 5638136 -575
32312921 5638113 -525
32312921 5638091 -475
32312921 5638069 -425
32312858 5638350 -325
32312921 5638116 -325
32312921 5638350 -335
32312921 5638176 -275
32312874 5638350 -275
32312890 5638350 -225
32312921 5638235 -225
32312921 5638291 -175
32312921 5638346 -125
32312744 5638350 -75
32312921 5638350 -121
32312921 5638355 -2175
32312921 5638354 -2125
32312916 5638650 -2075
32312921 5638650 -2075
32312916 5638650 -2025
32312921 5638404 -1025
32312921 5638530 -975
32312814 5638650 -925
32312921 5638650 -926
32312921 5638419 -325
32312921 5638401 -275
32312921 5638384 -225
32312921 5638367 -175
32312921 5638351 -125
32312921 5638428 -75
32312921 5638650 -81
32312886 5638650 -75
32312921 5638512 -25
32312899 5638650 -25
32312912 5638650 25
32312921 5638594 25
32312921 5638650 59
32312921 5638655 -2075
32312921 5638654 -2025
32312921 5638654 -1975
32312916 5638950 -1925
32312921 5638950 -1925
32312838 5638950 -1875
32312638 5638950 -1225
32312921 5638656 -925
32312921 5638875 -875
32312921 5638950 -859
32312921 5638687 -75
32312921 5638673 -25
32312921 5638659 25
32312921 5638954 -1925
32312921 5638954 -1875
32312916 5639250 -1825
32312921 5639250 -1825
32312917 5639250 -1775
32312921 5639249 -1175
32312921 5639250 -1175
32312676 5639250 -1125
32312921 5639250 -1174
32312717 5639250 -1075
32312921 5639170 -825
32312784 5639250 -825
32312921 5639250 -813
32312921 5639254 -1825
32312921 5639254 -1775
32312921 5639254 -1725
32312917 5639550 -1675
32312921 5639550 -1675
32312917 5639550 -1625
32312921 5639252 -1175
32312667 5639550 -1125
32312921 5639550 -1106
32312921 5639516 -1075
32312921 5639463 -1025
32312921 5639411 -975
32312787 5639550 -925
32312921 5639550 -953
32312826 5639550 -875
32312708 5639550 -775
32312921 5639422 -775
32312921 5639550 -746
32312921 5639554 -1675
32312921 5639553 -1625
32312921 5639553 -1575
32312917 5639850 -1525
32312921 5639850 -1525
32312918 5639850 -1475
32312921 5639644 -1075
32312672 5639850 -1025
32312921 5639795 -1025
32312921 5639850 -1006
32312921 5639753 -925
32312921 5639695 -875
32312921 5639638 -825
32312921 5639581 -775
32312921 5639850 -738
32312855 5639850 -725
32312921 5639607 -725
32312890 5639850 -675
32312921 5639735 -675
32312921 5639850 -627
32313193 5623650 -2825
32313222 5623650 -2829
32313222 5623679 -2825
32313222 5623950 -2780
32313222 5624250 -2780
32313222 5624550 -2779
32313193 5624850 -2775
32313222 5624850 -2779
32313192 5625150 -2775
32313222 5625150 -2779
32313222 5625450 -2780
32313196 5625750 -2825
32313222 5625721 -2825
32313222 5625750 -2829
32313222 5626050 -2829
32313198 5626350 -2875
32313222 5626325 -2875
32313222 5626350 -2879
32313222 5626650 -2878
32313222 5626950 -2878
32313222 5627250 -2878
32313222 5627550 -2878
32313222 5627850 -2878
32313222 5628150 -2878
32313222 5628450 -2877
32313222 5628750 -2877
32313222 5629050 -2877
32313222 5629350 -2877
32313222 5629650 -2876
32313222 5629950 -2876
32313222 5630250 -2876
32313222 5630550 -2876
32313222 5630850 -2876
32313222 5631150 -2911
32312924 5631150 -375
32312961 5631150 -325
32312999 5631150 -275
32312977 5631150 -175
32313045 5631150 -125
32313118 5631150 -75
32313195 5631150 -25
32313222 5631150 -7
32313222 5631140 25
32313222 5631126 75
32313222 5631113 125
32313222 5631102 175
32313222 5631093 225
32313222 5631132 275
32313222 5631124 325
32313222 5631118 375
32313222 5631113 425
32313222 5631108 475
32313222 5631233 -2925
32313222 5631450 -2926
32312976 5631450 -575
32313044 5631450 -525
32313117 5631450 -475
32313194 5631450 -425
32313222 5631450 -407
32313222 5631417 -375
32313222 5631372 -325
32313222 5631330 -275
32313222 5631291 -225
32313222 5631254 -175
32313222 5631220 -125
32313222 5631189 -75
32313222 5631159 -25
32313222 5631750 -2926
32312976 5631750 -575
32313090 5631750 -525
32313219 5631750 -475
32313222 5631750 -473
32313222 5631524 -425
32313222 5632050 -2925
32313003 5632050 -425
32313222 5631900 -425
32313208 5632050 -375
32313222 5632041 -375
32313222 5632050 -371
32313222 5632350 -2925
32313222 5632139 -325
32313222 5632231 -275
32313113 5632350 -225
32313222 5632322 -225
32313222 5632350 -210
32313222 5632650 -2925
32313222 5632469 -175
32313222 5632650 -126
32313222 5632950 -2925
32313035 5632950 -225
32313209 5632950 -175
32313222 5632950 -171
32313222 5633250 -2925
32312955 5633250 -475
32313058 5633250 -425
32313160 5633250 -375
32313222 5633250 -344
32313222 5633215 -325
32313222 5633126 -275
32313222 5633039 -225
32313222 5632956 -175
32313222 5633550 -2925
32313011 5633550 -725
32313106 5633550 -675
32313198 5633550 -625
32313222 5633550 -611
32313222 5633504 -575
32313222 5633445 -525
32313222 5633388 -475
32313222 5633333 -425
32313222 5633281 -375
32313222 5633850 -2925
32313015 5633850 -975
32313129 5633850 -925
32313222 5633850 -882
32313222 5633840 -875
32313222 5633777 -825
32313222 5633718 -775
32313222 5633663 -725
32313222 5633611 -675
32313222 5633562 -625
32313222 5634150 -2925
32313002 5634150 -1175
32313150 5634150 -1125
32313222 5634150 -1099
32313222 5634110 -1075
32313222 5634034 -1025
32313222 5633964 -975
32313222 5633900 -925
32313222 5634450 -2925
32312948 5634450 -1325
32313142 5634450 -1275
32313222 5634450 -1254
32313222 5634386 -1225
32313222 5634285 -1175
32313222 5634193 -1125
32313219 5634750 -2925
32313222 5634750 -2925
32313116 5634750 -1375
32313222 5634750 -1354
32313222 5634654 -1325
32313222 5634507 -1275
32313222 5634753 -2925
32313222 5635050 -2875
32313101 5635050 -1425
32313222 5635050 -1409
32313222 5634855 -1375
32313219 5635350 -2875
32313222 5635350 -2875
32313222 5635350 -1425
32313222 5635350 -1424
32313222 5635353 -2875
32313219 5635650 -2825
32313222 5635650 -2825
32313222 5635650 -1452
32313055 5635650 -1425
32313222 5635350 -1425
32313222 5635653 -2825
32313208 5635950 -2775
32313222 5635950 -2775
32313222 5635794 -1425
32313222 5635950 -1395
32313222 5635953 -2775
32313122 5636250 -2725
32313222 5636250 -2725
32312937 5636250 -1925
32312960 5636250 -1875
32313222 5636017 -1375
32313222 5636182 -1325
32312970 5636250 -1275
32313222 5636250 -1303
32313222 5636253 -2725
32313219 5636550 -2675
32313222 5636550 -2675
32313222 5636526 -1825
32313222 5636550 -1867
32312958 5636550 -1775
32313222 5636550 -1821
32312981 5636550 -1725
32313222 5636323 -1275
32313222 5636447 -1225
32313172 5636550 -1175
32313222 5636550 -1181
32313222 5636553 -2675
32313218 5636850 -2625
32313222 5636850 -2625
32313222 5636665 -1825
32313222 5636833 -1725
32313222 5636850 -1755
32313222 5636806 -1675
32312973 5636850 -1625
32313222 5636850 -1668
32312996 5636850 -1575
32313018 5636850 -1525
32313222 5636564 -1175
32313222 5636673 -1125
32313222 5636780 -1075
32313054 5636850 -1025
32313222 5636850 -1041
32313222 5636854 -2625
32313218 5637150 -2575
32313222 5637150 -2575
32313222 5636924 -1725
32313222 5637045 -1675
32313109 5637150 -1625
32313222 5637150 -1630
32313222 5637146 -1625
32313222 5637119 -1575
32313222 5637093 -1525
32313222 5637066 -1475
32313005 5637150 -1425
32313222 5637150 -1462
32313027 5637150 -1375
32313049 5637150 -1325
32313222 5636884 -1025
32313222 5636991 -975
32313222 5637099 -925
32313222 5637150 -901
32313222 5637154 -2575
32313222 5637154 -2525
32313218 5637450 -2475
32313222 5637450 -2475
32313222 5637163 -1625
32313222 5637276 -1575
32313222 5637388 -1525
32313222 5637450 -1497
32313222 5637411 -1425
32313222 5637385 -1375
32313222 5637358 -1325
32313222 5637333 -1275
32313032 5637450 -1225
32313222 5637450 -1258
32313054 5637450 -1175
32313075 5637450 -1125
32313222 5637204 -875
32313222 5637306 -825
32313222 5637407 -775
32313222 5637450 -753
32313222 5637454 -2475
32313217 5637750 -2425
32313222 5637750 -2425
32313222 5637497 -1475
32313222 5637605 -1425
32313222 5637711 -1375
32313222 5637750 -1356
32313222 5637681 -1225
32313222 5637655 -1175
32313222 5637629 -1125
32313222 5637604 -1075
32313053 5637750 -1025
32313222 5637750 -1054
32313074 5637750 -975
32313094 5637750 -925
32313111 5637750 -875
32313222 5637502 -725
32313222 5637591 -675
32313222 5637678 -625
32313161 5637750 -575
32313222 5637750 -581
32313222 5637755 -2425
32313222 5637754 -2375
32313217 5638050 -2325
32313222 5638050 -2325
32313222 5637817 -1325
32313222 5637922 -1275
32313222 5638025 -1225
32313222 5638050 -1213
32313222 5637954 -1025
32313222 5637929 -975
32313222 5637904 -925
32313222 5637880 -875
32313222 5637856 -825
32313091 5638050 -775
32313222 5638050 -797
32313111 5638050 -725
32313131 5638050 -675
32312981 5638050 -625
32313222 5637762 -575
32313222 5637864 -525
32313222 5637976 -475
32313126 5638050 -425
32313222 5638050 -444
32313222 5638055 -2325
32313222 5638055 -2275
32313217 5638350 -2225
32313222 5638350 -2225
32313222 5638131 -1175
32313222 5638235 -1125
32313222 5638337 -1075
32313222 5638350 -1068
32313222 5638207 -775
32313222 5638183 -725
32313222 5638158 -675
32313222 5638134 -625
32313222 5638110 -575
32313119 5638350 -525
32313222 5638350 -541
32313138 5638350 -475
32313222 5638081 -425
32313157 5638350 -425
32313222 5638156 -375
32313175 5638350 -375
32313222 5638226 -325
32313222 5638290 -275
32313220 5638350 -225
32313222 5638350 -225
32313082 5638350 -175
32312932 5638350 -125
32313222 5638355 -2225
32313222 5638355 -2175
32313217 5638650 -2125
32313222 5638650 -2125
32313222 5638445 -1025
32313222 5638549 -975
32313127 5638650 -925
32313222 5638648 -925
32313222 5638650 -924
32313222 5638474 -525
32313222 5638451 -475
32313222 5638429 -425
32313222 5638407 -375
32313222 5638387 -325
32313131 5638650 -275
32313222 5638650 -290
32313222 5638350 -225
32313146 5638650 -225
32313161 5638650 -175
32313222 5638401 -175
32313216 5638352 -223
32313175 5638650 -125
32313222 5638452 -125
32313222 5638505 -75
32313222 5638558 -25
32313222 5638613 25
32313222 5638650 57
32313222 5638655 -2125
32313222 5638655 -2075
32313217 5638950 -2025
32313222 5638950 -2025
32313217 5638950 -1975
32313222 5638775 -875
32313117 5638950 -825
32313222 5638899 -825
32313222 5638950 -803
32313222 5638755 -275
32313222 5638738 -225
32313222 5638721 -175
32313222 5638704 -125
32313222 5638688 -75
32313164 5638950 -25
32313222 5638950 -36
32313175 5638950 25
32313222 5638679 75
32313187 5638950 75
32313198 5638950 125
32313222 5638762 125
32312967 5638950 175
32313222 5638842 175
32313148 5638950 225
32313222 5638920 225
32313222 5638950 244
32313222 5638955 -2025
32313222 5638955 -1975
32313222 5638955 -1925
32313217 5639250 -1875
32313222 5639250 -1875
32312922 5639250 -1175
32313062 5639250 -775
32313222 5639057 -775
32313222 5639250 -725
32313222 5639019 -25
32313222 5639005 25
32313222 5638991 75
32313222 5638979 125
32313222 5638966 175
32313222 5639250 219
32313190 5639250 225
32313222 5639010 275
32313199 5639250 275
32313208 5639250 325
32313222 5639104 325
32313217 5639250 375
32313222 5639191 375
32313222 5639250 410
32313222 5639255 -1875
32313222 5639254 -1825
32313217 5639550 -1775
32313222 5639550 -1775
32313218 5639550 -1725
32313026 5639550 -1075
32312981 5639550 -1025
32313017 5639550 -975
32312992 5639550 -725
32313222 5639250 -725
32313142 5639550 -675
32313222 5639438 -675
32313222 5639550 -645
32313222 5639288 225
32313222 5639277 275
32313222 5639267 325
32313222 5639257 375
32313222 5639555 -1775
32313222 5639554 -1725
32313222 5639554 -1675
32313218 5639850 -1625
32313222 5639850 -1625
32313218 5639850 -1575
32313086 5639850 -975
32313222 5639827 -925
32313222 5639850 -946
32313014 5639850 -875
32313222 5639850 -921
32313047 5639850 -825
32313079 5639850 -775
32312930 5639850 -625
32313222 5639604 -625
32313086 5639850 -575
32313222 5639732 -575
32313222 5639850 -528
32313495 5623950 -2825
32313524 5623950 -2829
32313524 5623650 -2829
32313496 5624250 -2825
32313524 5624250 -2829
32313497 5624550 -2825
32313524 5624550 -2829
32313495 5624850 -2825
32313524 5624850 -2829
32313495 5625150 -2825
32313524 5625150 -2829
32313493 5625450 -2825
32313524 5625450 -2829
32313498 5625750 -2875
32313524 5625724 -2875
32313524 5625750 -2879
32313498 5626050 -2875
32313524 5626050 -2879
32313524 5626350 -2878
32313524 5626650 -2878
32313524 5626950 -2878
32313524 5627250 -2878
32313524 5627550 -2878
32313524 5627850 -2878
32313524 5628150 -2878
32313524 5628450 -2878
32313524 5628750 -2877
32313524 5629050 -2877
32313524 5629350 -2877
32313524 5629650 -2877
32313524 5629950 -2876
32313524 5630250 -2876
32313524 5630550 -2876
32313524 5630850 -2876
32313299 5631150 -2925
32313524 5631140 -2925
32313524 5631150 -2926
32313233 5631150 25
32313248 5631150 75
32313261 5631150 125
32313273 5631150 175
32313283 5631150 225
32313241 5631150 275
32313250 5631150 325
32313257 5631150 375
32313265 5631150 425
32313524 5631450 -2926
32313251 5631450 -375
32313296 5631450 -325
32313343 5631450 -275
32313393 5631450 -225
32313449 5631450 -175
32313514 5631450 -125
32313524 5631450 -118
32313524 5631422 -75
32313524 5631394 -25
32313524 5631370 25
32313524 5631350 75
32313524 5631334 125
32313524 5631321 175
32313524 5631314 225
32313524 5631311 275
32313524 5631310 325
32313524 5631310 375
32313524 5631310 425
32313273 5631150 475
32313524 5631309 475
32313524 5631750 -2926
32313282 5631750 -425
32313344 5631750 -375
32313406 5631750 -325
32313469 5631750 -275
32313524 5631750 -230
32313524 5631737 -225
32313524 5631618 -175
32313524 5631472 -125
32313524 5632050 -2926
32313296 5632050 -325
32313374 5632050 -275
32313524 5631785 -225
32313449 5632050 -225
32313522 5632050 -175
32313524 5632044 -175
32313524 5632050 -173
32313524 5632350 -2926
32313312 5632350 -175
32313524 5632224 -125
32313440 5632350 -125
32313524 5632350 -92
32313524 5632650 -2925
32313228 5632650 -125
32313524 5632499 -75
32313453 5632650 -75
32313524 5632650 -59
32313519 5632950 -2975
32313524 5632944 -2975
32313428 5632950 -125
32313524 5632950 -104
32313524 5632747 -75
32313519 5633250 -2975
32313273 5633250 -325
32313411 5633250 -275
32313524 5633250 -235
32313524 5633225 -225
32313524 5633108 -175
32313524 5632995 -125
32313519 5633550 -2975
32313295 5633550 -575
32313393 5633550 -525
32313488 5633550 -475
32313524 5633550 -455
32313524 5633507 -425
32313524 5633439 -375
32313524 5633371 -325
32313524 5633303 -275
32313519 5633850 -2975
32313239 5633850 -875
32313345 5633850 -825
32313449 5633850 -775
32313524 5633850 -738
32313524 5633833 -725
32313524 5633774 -675
32313524 5633718 -625
32313524 5633666 -575
32313524 5633616 -525
32313524 5633568 -475
32313524 5633855 -2975
32313524 5634150 -2925
32313284 5634150 -1075
32313407 5634150 -1025
32313524 5634150 -976
32313524 5634147 -975
32313524 5634074 -925
32313524 5634007 -875
32313524 5633946 -825
32313524 5633889 -775
32313524 5634450 -2925
32313308 5634450 -1225
32313453 5634450 -1175
32313524 5634450 -1150
32313524 5634400 -1125
32313524 5634309 -1075
32313524 5634224 -1025
32313524 5634750 -2925
32313328 5634750 -1325
32313502 5634750 -1275
32313524 5634750 -1268
32313524 5634632 -1225
32313524 5634507 -1175
32313519 5635050 -2925
32313524 5635050 -2925
32313378 5635050 -1375
32313524 5635050 -1342
32313524 5634976 -1325
32313524 5634773 -1275
32313524 5635054 -2925
32313524 5635350 -2875
32313231 5635350 -1425
32313524 5635350 -1426
32313524 5635344 -1425
32313524 5635163 -1375
32313524 5635478 -2875
32313524 5635650 -2846
32313507 5635650 -1425
32313524 5635493 -1425
32313524 5635650 -1423
32313519 5635950 -2825
32313524 5635950 -2825
32313524 5635950 -1386
32313524 5635954 -2825
32313520 5636250 -2775
32313524 5636250 -2775
32313524 5635999 -1375
32313524 5636210 -1325
32313524 5636250 -1315
32313524 5636254 -2775
32313519 5636550 -2725
32313524 5636550 -2725
32313242 5636550 -1825
32313524 5636367 -1275
32313524 5636507 -1225
32313524 5636550 -1209
32313524 5636554 -2725
32313519 5636850 -2675
32313524 5636850 -2675
32313236 5636850 -1725
32313259 5636850 -1675
32313524 5636629 -1175
32313524 5636739 -1125
32313524 5636845 -1075
32313524 5636850 -1072
32313524 5636854 -2675
32313519 5637150 -2625
32313524 5637150 -2625
32313524 5637139 -1625
32313524 5637150 -1644
32313248 5637150 -1575
32313524 5637150 -1623
32313270 5637150 -1525
32313292 5637150 -1475
32313524 5636949 -1025
32313524 5637051 -975
32313505 5637150 -925
32313524 5637150 -926
32313524 5637154 -2625
32313524 5637154 -2575
32313519 5637450 -2525
32313524 5637450 -2525
32313524 5637195 -1625
32313524 5637428 -1475
32313524 5637450 -1514
32313524 5637401 -1425
32313276 5637450 -1375
32313524 5637450 -1418
32313298 5637450 -1325
32313320 5637450 -1275
32313524 5637153 -925
32313524 5637258 -875
32313524 5637365 -825
32313422 5637450 -775
32313524 5637450 -785
32313524 5637455 -2525
32313518 5637750 -2475
32313524 5637750 -2475
32313524 5637538 -1475
32313524 5637649 -1425
32313462 5637750 -1375
32313524 5637750 -1379
32313524 5637747 -1375
32313524 5637720 -1325
32313524 5637694 -1275
32313524 5637668 -1225
32313301 5637750 -1175
32313524 5637750 -1213
32313323 5637750 -1125
32313344 5637750 -1075
32313524 5637472 -775
32313524 5637578 -725
32313524 5637686 -675
32313416 5637750 -625
32313524 5637750 -646
32313524 5637755 -2475
32313524 5637755 -2425
32313518 5638050 -2375
32313524 5638050 -2375
32313524 5637760 -1375
32313524 5637870 -1325
32313524 5637980 -1275
32313338 5638050 -1225
32313524 5638050 -1243
32313524 5638014 -1175
32313524 5637988 -1125
32313524 5637962 -1075
32313524 5637936 -1025
32313325 5638050 -975
32313524 5638050 -1008
32313346 5638050 -925
32313367 5638050 -875
32313388 5638050 -825
32313524 5637790 -625
32313524 5637881 -575
32313524 5637967 -525
32313524 5638045 -475
32313524 5638050 -472
32313524 5638055 -2375
32313524 5638055 -2325
32313518 5638350 -2275
32313524 5638350 -2276
32313524 5638090 -1225
32313524 5638201 -1175
32313524 5638309 -1125
32313272 5638350 -1075
32313524 5638350 -1106
32313524 5638283 -975
32313524 5638258 -925
32313524 5638233 -875
32313524 5638208 -825
32313524 5638184 -775
32313364 5638350 -725
32313524 5638350 -751
32313384 5638350 -675
32313403 5638350 -625
32313422 5638350 -575
32313524 5638120 -425
32313524 5638192 -375
32313524 5638263 -325
32313524 5638334 -275
32313524 5638350 -263
32313524 5638355 -2275
32313524 5638358 -2225
32313518 5638650 -2175
32313524 5638650 -2176
32313524 5638417 -1075
32313524 5638523 -1025
32313524 5638625 -975
32313227 5638650 -925
32313524 5638650 -962
32313524 5638537 -725
32313524 5638514 -675
32313524 5638491 -625
32313524 5638470 -575
32313524 5638449 -525
32313387 5638650 -475
32313524 5638650 -496
32313405 5638650 -425
32313421 5638650 -375
32313437 5638650 -325
32313524 5638401 -225
32313524 5638462 -175
32313524 5638517 -125
32313524 5638568 -75
32313524 5638616 -25
32313445 5638650 25
32313524 5638650 11
32313524 5638655 -2175
32313524 5638655 -2125
32313518 5638950 -2075
32313524 5638950 -2075
32313524 5638727 -925
32313524 5638825 -875
32313524 5638917 -825
32313524 5638950 -806
32313524 5638811 -475
32313524 5638791 -425
32313524 5638771 -375
32313524 5638752 -325
32313389 5638950 -275
32313524 5638950 -298
32313403 5638950 -225
32313417 5638950 -175
32313431 5638950 -125
32313444 5638950 -75
32313524 5638664 25
32313524 5638715 75
32313524 5638768 125
32313524 5638822 175
32313524 5638876 225
32313429 5638950 275
32313524 5638932 275
32313524 5638950 290
32313524 5638955 -2075
32313524 5638955 -2025
32313518 5639250 -1975
32313524 5639250 -1975
32313518 5639250 -1925
32313524 5639018 -775
32313223 5639250 -725
32313524 5639124 -725
32313475 5639250 -675
32313524 5639228 -675
32313524 5639250 -664
32313524 5639108 -275
32313524 5639091 -225
32313524 5639075 -175
32313524 5639059 -125
32313524 5639043 -75
32313524 5639028 -25
32313431 5639250 25
32313524 5639250 7
32313442 5639250 75
32313453 5639250 125
32313463 5639250 175
32313524 5638998 325
32313524 5639068 375
32313267 5639250 425
32313524 5639136 425
32313421 5639250 475
32313524 5639205 475
32313524 5639255 -1975
32313524 5639255 -1925
32313524 5639265 -1875
32313518 5639550 -1825
32313524 5639550 -1827
32313293 5639550 -625
32313524 5639354 -625
32313453 5639550 -575
32313524 5639487 -575
32313524 5639550 -551
32313524 5639362 25
32313524 5639348 75
32313524 5639335 125
32313524 5639322 175
32313524 5639310 225
32313449 5639550 275
32313524 5639550 261
32313458 5639550 325
32313467 5639550 375
32313476 5639550 425
32313484 5639550 475
32313524 5639555 -1825
32313524 5639555 -1775
32313518 5639850 -1725
32313524 5639850 -1725
32313518 5639850 -1675
32313237 5639850 -925
32313232 5639850 -525
32313524 5639614 -525
32313384 5639850 -475
32313524 5639735 -475
32313524 5639850 -426
32313524 5639642 275
32313524 5639630 325
32313524 5639619 375
32313524 5639609 425
32313524 5639598 475
32313798 5623650 -2875
32313825 5623650 -2879
32313825 5623676 -2875
32313825 5623950 -2829
32313825 5624250 -2829
32313825 5624550 -2829
32313825 5624850 -2829
32313800 5625150 -2875
32313825 5625124 -2875
32313825 5625150 -2879
32313801 5625450 -2875
32313825 5625450 -2878
32313825 5625750 -2879
32313825 5626050 -2879
32313825 5626350 -2878
32313825 5626650 -2878
32313825 5626950 -2878
32313825 5627250 -2878
32313825 5627550 -2878
32313825 5627850 -2878
32313825 5628150 -2878
32313825 5628450 -2878
32313825 5628750 -2877
32313825 5629050 -2877
32313825 5629350 -2877
32313825 5629650 -2877
32313825 5629950 -2877
32313825 5630250 -2876
32313825 5630550 -2876
32313825 5630850 -2877
32313825 5631137 -2925
32313825 5631150 -2926
32313825 5631450 -2926
32313552 5631450 -75
32313582 5631450 -25
32313611 5631450 25
32313636 5631450 75
32313657 5631450 125
32313672 5631450 175
32313680 5631450 225
32313682 5631450 275
32313680 5631450 325
32313676 5631450 375
32313672 5631450 425
32313669 5631450 475
32313825 5631750 -2926
32313528 5631750 -225
32313561 5631750 -175
32313592 5631750 -125
32313618 5631750 -75
32313642 5631750 -25
32313661 5631750 25
32313677 5631750 75
32313692 5631750 125
32313705 5631750 175
32313720 5631750 225
32313735 5631750 275
32313752 5631750 325
32313770 5631750 375
32313788 5631750 425
32313806 5631750 475
32313825 5632050 -2926
32313568 5632050 -125
32313611 5632050 -75
32313653 5632050 -25
32313694 5632050 25
32313734 5632050 75
32313772 5632050 125
32313809 5632050 175
32313825 5632050 197
32313825 5632023 225
32313825 5631977 275
32313825 5631931 325
32313825 5631884 375
32313825 5631838 425
32313825 5631794 475
32313825 5632350 -2926
32313552 5632350 -75
32313634 5632350 -25
32313717 5632350 25
32313798 5632350 75
32313825 5632350 92
32313825 5632239 125
32313825 5632102 175
32313819 5632650 -2975
32313825 5632644 -2975
32313626 5632650 -25
32313776 5632650 25
32313825 5632650 41
32313825 5632440 75
32313651 5632950 -75
32313825 5632950 -35
32313825 5632904 -25
32313825 5632708 25
32313567 5633250 -225
32313782 5633250 -175
32313825 5633250 -165
32313825 5633151 -125
32313825 5633036 -75
32313614 5633550 -425
32313772 5633550 -375
32313825 5633550 -359
32313825 5633494 -325
32313825 5633416 -275
32313825 5633339 -225
32313825 5633264 -175
32313551 5633850 -725
32313661 5633850 -675
32313777 5633850 -625
32313825 5633850 -605
32313825 5633808 -575
32313825 5633743 -525
32313825 5633681 -475
32313825 5633622 -425
32313825 5633566 -375
32313818 5634150 -2975
32313528 5634150 -975
32313631 5634150 -925
32313735 5634150 -875
32313825 5634150 -831
32313825 5634139 -825
32313825 5634066 -775
32313825 5633997 -725
32313825 5633933 -675
32313825 5633872 -625
32313820 5634450 -2975
32313580 5634450 -1125
32313689 5634450 -1075
32313797 5634450 -1025
32313825 5634450 -1011
32313825 5634382 -975
32313825 5634296 -925
32313825 5634215 -875
32313825 5634454 -2975
32313825 5634750 -2925
32313633 5634750 -1225
32313754 5634750 -1175
32313825 5634750 -1144
32313825 5634701 -1125
32313825 5634585 -1075
32313825 5634477 -1025
32313825 5635050 -2925
32313627 5635050 -1325
32313825 5635050 -1291
32313825 5635014 -1275
32313825 5634909 -1225
32313825 5634808 -1175
32313820 5635350 -2925
32313825 5635350 -2925
32313529 5635350 -1425
32313710 5635350 -1375
32313825 5635350 -1342
32313825 5635244 -1325
32313825 5635354 -2925
32313685 5635650 -2875
32313825 5635650 -2875
32313758 5635650 -1375
32313825 5635650 -1361
32313825 5635654 -2875
32313825 5635950 -2825
32313613 5635950 -1375
32313825 5635950 -1347
32313820 5636250 -2825
32313825 5636250 -2825
32313825 5636097 -1325
32313825 5636250 -1301
32313825 5636254 -2825
32313820 5636550 -2775
32313825 5636550 -2775
32313825 5636351 -1275
32313825 5636536 -1225
32313825 5636550 -1221
32313825 5636554 -2775
32313820 5636850 -2725
32313825 5636850 -2725
32313825 5636674 -1175
32313825 5636802 -1125
32313541 5636850 -1075
32313825 5636850 -1105
32313825 5636855 -2725
32313819 5637150 -2675
32313825 5637150 -2675
32313533 5637150 -1625
32313825 5636920 -1075
32313825 5637031 -1025
32313825 5637139 -975
32313825 5637150 -969
32313825 5637155 -2675
32313825 5637154 -2625
32313819 5637450 -2575
32313825 5637450 -2575
32313542 5637450 -1475
32313564 5637450 -1425
32313825 5637252 -925
32313825 5637368 -875
32313735 5637450 -825
32313825 5637450 -840
32313825 5637455 -2575
32313819 5637750 -2525
32313825 5637750 -2525
32313825 5637728 -1375
32313825 5637750 -1414
32313548 5637750 -1325
32313825 5637750 -1371
32313571 5637750 -1275
32313594 5637750 -1225
32313825 5637486 -825
32313825 5637605 -775
32313825 5637724 -725
32313648 5637750 -675
32313825 5637750 -714
32313825 5637755 -2525
32313825 5637755 -2475
32313819 5638050 -2425
32313825 5638050 -2425
32313825 5637844 -1375
32313825 5638050 -1288
32313825 5638042 -1275
32313732 5638050 -1275
32313825 5638015 -1225
32313825 5637988 -1175
32313578 5638050 -1125
32313825 5638050 -1166
32313601 5638050 -1075
32313624 5638050 -1025
32313825 5637842 -675
32313825 5637959 -625
32313794 5638050 -575
32313825 5638050 -585
32313656 5638050 -525
32313530 5638050 -475
32313825 5638055 -2425
32313819 5638350 -2375
32313825 5638350 -2376
32313819 5638350 -2325
32313825 5638082 -1275
32313825 5638203 -1225
32313825 5638324 -1175
32313617 5638350 -1125
32313825 5638350 -1164
32313825 5638328 -1125
32313825 5638301 -1075
32313825 5638274 -1025
32313825 5638247 -975
32313606 5638350 -925
32313825 5638350 -959
32313630 5638350 -875
32313653 5638350 -825
32313677 5638350 -775
32313825 5638074 -575
32313825 5638191 -525
32313825 5638308 -475
32313769 5638350 -425
32313825 5638350 -456
32313693 5638350 -375
32313620 5638350 -325
32313543 5638350 -275
32313825 5638356 -2375
32313825 5638355 -2325
32313819 5638650 -2275
32313825 5638650 -2276
32313815 5638650 -2225
32313825 5638442 -1125
32313825 5638558 -1075
32313783 5638650 -1025
32313825 5638650 -1034
32313572 5638650 -975
32313825 5638591 -925
32313825 5638565 -875
32313825 5638538 -825
32313825 5638511 -775
32313627 5638650 -725
32313825 5638650 -755
32313649 5638650 -675
32313671 5638650 -625
32313693 5638650 -575
32313713 5638650 -525
32313825 5638395 -425
32313825 5638457 -375
32313825 5638510 -325
32313825 5638556 -275
32313825 5638598 -225
32313825 5638636 -175
32313783 5638650 -125
32313825 5638650 -154
32313705 5638650 -75
32313610 5638650 -25
32313825 5638656 -2275
32313825 5638655 -2225
32313818 5638950 -2175
32313825 5638950 -2176
32313819 5638950 -2125
32313825 5638670 -1025
32313825 5638774 -975
32313825 5638873 -925
32313788 5638950 -875
32313825 5638950 -883
32313590 5638950 -825
32313825 5638871 -725
32313825 5638847 -675
32313825 5638822 -625
32313825 5638798 -575
32313825 5638775 -525
32313646 5638950 -475
32313825 5638950 -502
32313663 5638950 -425
32313681 5638950 -375
32313697 5638950 -325
32313825 5638670 -125
32313825 5638702 -75
32313825 5638735 -25
32313825 5638768 25
32313825 5638803 75
32313825 5638840 125
32313825 5638879 175
32313825 5638920 225
32313690 5638950 275
32313825 5638950 258
32313825 5638956 -2175
32313825 5638955 -2125
32313825 5638955 -2075
32313819 5639250 -2025
32313825 5639250 -2026
32313825 5638966 -875
32313825 5639059 -825
32313825 5639146 -775
32313825 5639228 -725
32313589 5639250 -675
32313825 5639250 -710
32313825 5639151 -475
32313825 5639131 -425
32313825 5639112 -375
32313825 5639094 -325
32313825 5639076 -275
32313709 5639250 -225
32313825 5639250 -244
32313679 5639250 -175
32313693 5639250 -125
32313706 5639250 -75
32313719 5639250 -25
32313825 5638965 275
32313825 5639015 325
32313825 5639068 375
32313825 5639123 425
32313825 5639181 475
32313825 5639255 -2025
32313825 5639255 -1975
32313819 5639550 -1925
32313825 5639550 -1925
32313808 5639550 -1875
32313825 5639317 -675
32313825 5639408 -625
32313825 5639496 -575
32313825 5639550 -544
32313825 5639390 -225
32313825 5639418 -175
32313825 5639402 -125
32313825 5639387 -75
32313825 5639372 -25
32313825 5639358 25
32313698 5639550 75
32313825 5639550 52
32313710 5639550 125
32313720 5639550 175
32313731 5639550 225
32313825 5639555 -1925
32313825 5639555 -1875
32313825 5639555 -1825
32313819 5639850 -1775
32313825 5639850 -1775
32313825 5639588 -525
32313825 5639686 -475
32313539 5639850 -425
32313825 5639782 -425
32313825 5639850 -389
32313825 5639701 75
32313825 5639687 125
32313825 5639674 175
32313825 5639662 225
32313825 5639650 275
32313708 5639850 325
32313825 5639850 304
32313718 5639850 375
32313727 5639850 425
32313736 5639850 475
32314100 5623950 -2875
32314126 5623950 -2879
32314126 5623650 -2879
32314100 5624250 -2875
32314126 5624250 -2879
32314101 5624550 -2875
32314126 5624550 -2879
32314101 5624850 -2875
32314126 5624850 -2879
32314126 5625150 -2879
32314126 5625450 -2879
32314126 5625750 -2879
32314126 5626050 -2878
32314126 5626350 -2878
32314126 5626650 -2878
32314126 5626950 -2878
32314126 5627250 -2878
32314126 5627550 -2878
32314126 5627850 -2878
32314126 5628150 -2878
32314126 5628450 -2878
32314126 5628750 -2878
32314126 5629050 -2877
32314126 5629350 -2877
32314126 5629650 -2877
32314126 5629950 -2877
32314126 5630250 -2877
32314126 5630550 -2877
32314113 5630850 -2925
32314126 5630838 -2925
32314126 5630850 -2926
32314126 5631150 -2926
32314126 5631450 -2926
32314126 5631750 -2926
32314126 5632050 -2926
32313844 5632050 225
32313878 5632050 275
32313910 5632050 325
32313940 5632050 375
32313969 5632050 425
32313995 5632050 475
32314118 5632350 -2975
32314126 5632342 -2975
32313863 5632350 125
32313920 5632350 175
32313975 5632350 225
32314029 5632350 275
32314080 5632350 325
32314126 5632350 372
32314126 5632347 375
32314126 5632293 425
32314126 5632246 475
32313888 5632650 75
32313979 5632650 125
32314069 5632650 175
32314126 5632650 208
32314126 5632612 225
32314126 5632511 275
32314126 5632423 325
32313855 5632950 -25
32313995 5632950 25
32314126 5632950 72
32314126 5632943 75
32314126 5632824 125
32314126 5632715 175
32313975 5633250 -125
32314126 5633250 -84
32314126 5633229 -75
32314126 5633128 -25
32314126 5633034 25
32313937 5633550 -325
32314118 5633550 -275
32314126 5633550 -272
32314126 5633467 -225
32314126 5633385 -175
32314126 5633308 -125
32313886 5633850 -575
32313989 5633850 -525
32314098 5633850 -475
32314126 5633850 -462
32314126 5633786 -425
32314126 5633704 -375
32314126 5633626 -325
32314126 5633553 -275
32313836 5634150 -825
32313919 5634150 -775
32314001 5634150 -725
32314080 5634150 -675
32314126 5634150 -645
32314126 5634115 -625
32314126 5634032 -575
32314126 5633950 -525
32314126 5633870 -475
32313887 5634450 -975
32313969 5634450 -925
32314048 5634450 -875
32314123 5634450 -825
32314126 5634450 -823
32314126 5634363 -775
32314126 5634278 -725
32314126 5634196 -675
32314121 5634750 -2975
32313881 5634750 -1125
32314019 5634750 -1075
32314126 5634750 -1033
32314126 5634736 -1025
32314126 5634660 -975
32314126 5634588 -925
32314126 5634518 -875
32314126 5634452 -825
32314126 5634755 -2975
32314126 5635050 -2925
32313859 5635050 -1275
32313961 5635050 -1225
32314059 5635050 -1175
32314126 5635050 -1139
32314126 5635008 -1125
32314126 5634862 -1075
32314126 5635350 -2925
32313868 5635350 -1325
32313987 5635350 -1275
32314100 5635350 -1225
32314126 5635350 -1213
32314126 5635190 -1175
32314124 5635650 -2925
32314126 5635650 -2925
32313933 5635650 -1325
32314077 5635650 -1275
32314126 5635650 -1257
32314126 5635426 -1225
32314126 5635652 -2925
32314121 5635950 -2875
32314126 5635950 -2875
32313917 5635950 -1325
32314115 5635950 -1275
32314126 5635950 -1272
32314126 5635954 -2875
32314126 5636250 -2825
32314005 5636250 -1275
32314126 5636250 -1256
32314126 5636254 -2825
32314126 5636550 -2775
32314126 5636448 -1225
32314126 5636550 -1208
32314126 5636555 -2775
32314126 5636850 -2725
32314126 5636672 -1175
32314126 5636848 -1125
32314126 5636850 -1124
32314126 5636855 -2725
32314126 5637150 -2675
32314126 5636987 -1075
32314126 5637119 -1025
32313858 5637150 -975
32314126 5637150 -1012
32314126 5637155 -2675
32314120 5637450 -2625
32314126 5637450 -2625
32314126 5637250 -975
32314126 5637382 -925
32313997 5637450 -875
32314126 5637450 -899
32314126 5637455 -2625
32314120 5637750 -2575
32314126 5637750 -2575
32313844 5637750 -1375
32314126 5637515 -875
32314126 5637649 -825
32314069 5637750 -775
32314126 5637750 -788
32313866 5637750 -725
32314126 5637755 -2575
32314126 5637755 -2525
32314120 5638050 -2475
32314126 5638050 -2475
32313831 5638050 -1275
32313856 5638050 -1225
32313880 5638050 -1175
32314126 5637785 -775
32314126 5637922 -725
32314108 5638050 -675
32314126 5638050 -680
32313942 5638050 -625
32314126 5638055 -2475
32314120 5638350 -2425
32314126 5638350 -2426
32314126 5638350 -1230
32314126 5638346 -1225
32314099 5638350 -1225
32314000 5638323 -1206
32314126 5638319 -1175
32313872 5638350 -1175
32313844 5638350 -1125
32314126 5638350 -1170
32313869 5638350 -1075
32313894 5638350 -1025
32313919 5638350 -975
32314126 5638063 -675
32314126 5638196 -625
32314126 5638325 -575
32314009 5638350 -525
32314126 5638350 -565
32313872 5638350 -475
32314126 5638356 -2425
32314126 5638355 -2375
32314120 5638650 -2325
32314126 5638650 -2326
32314126 5638364 -1225
32314126 5638490 -1175
32314126 5638650 -1110
32314126 5638630 -1075
32313983 5638650 -1075
32314126 5638603 -1025
32314126 5638575 -975
32314126 5638547 -925
32313902 5638650 -875
32314126 5638650 -910
32313927 5638650 -825
32313951 5638650 -775
32314126 5638422 -525
32314126 5638503 -475
32314126 5638573 -425
32314126 5638630 -375
32314079 5638650 -325
32314126 5638650 -354
32314006 5638650 -275
32313933 5638650 -225
32313857 5638650 -175
32314126 5638656 -2325
32314126 5638655 -2275
32314120 5638950 -2225
32314126 5638950 -2226
32314126 5638731 -1075
32314126 5638841 -1025
32314126 5638946 -975
32313959 5638950 -925
32314126 5638950 -973
32314126 5638898 -875
32314126 5638871 -825
32314126 5638845 -775
32314126 5638818 -725
32313916 5638950 -675
32314126 5638950 -707
32313937 5638950 -625
32313958 5638950 -575
32313978 5638950 -525
32314126 5638675 -325
32314126 5638712 -275
32314126 5638746 -225
32314126 5638777 -175
32314126 5638807 -125
32314126 5638838 -75
32314126 5638869 -25
32314126 5638902 25
32314126 5638938 75
32314079 5638950 125
32314126 5638950 90
32313999 5638950 175
32313903 5638950 225
32314126 5638956 -2225
32314126 5638955 -2175
32314120 5639250 -2125
32314126 5639250 -2126
32314120 5639250 -2075
32314126 5639047 -925
32314126 5639142 -875
32314126 5639232 -825
32314004 5639250 -775
32314126 5639250 -814
32313862 5639250 -725
32314126 5639183 -675
32314126 5639160 -625
32314126 5639137 -575
32314126 5639115 -525
32314126 5639094 -475
32314126 5639074 -425
32313948 5639250 -375
32314126 5639250 -401
32313965 5639250 -325
32313981 5639250 -275
32314126 5638972 125
32314126 5639007 175
32314126 5639045 225
32314126 5639085 275
32314126 5639130 325
32314126 5639177 375
32314126 5639228 425
32314036 5639250 475
32314126 5639250 445
32314126 5639256 -2125
32314126 5639255 -2075
32314126 5639255 -2025
32314120 5639550 -1975
32314126 5639550 -1975
32314126 5639320 -775
32314126 5639404 -725
32314126 5639483 -675
32314104 5639550 -625
32314126 5639550 -631
32313929 5639550 -575
32314126 5639447 -375
32314126 5639428 -325
32314126 5639411 -275
32314126 5639394 -225
32314126 5639378 -175
32313959 5639550 -125
32314126 5639550 -151
32313972 5639550 -75
32313985 5639550 -25
32313998 5639550 25
32314126 5639277 475
32314126 5639555 -1975
32314126 5639555 -1925
32314120 5639850 -1875
32314126 5639850 -1876
32314120 5639850 -1825
32314126 5639560 -625
32314126 5639641 -575
32314126 5639719 -525
32314126 5639796 -475
32314041 5639850 -425
32314126 5639850 -438
32314126 5639740 -125
32314126 5639724 -75
32314126 5639710 -25
32314126 5639695 25
32314126 5639682 75
32313968 5639850 125
32314126 5639850 98
32313979 5639850 175
32313990 5639850 225
32314001 5639850 275
32314427 5623650 -2879
32314427 5623950 -2879
32314427 5624250 -2878
32314427 5624550 -2878
32314427 5624850 -2879
32314427 5625150 -2879
32314427 5625450 -2879
32314427 5625750 -2878
32314427 5626050 -2878
32314427 5626350 -2878
32314427 5626650 -2878
32314427 5626950 -2878
32314427 5627250 -2878
32314427 5627550 -2878
32314427 5627850 -2878
32314427 5628150 -2878
32314427 5628450 -2878
32314427 5628750 -2878
32314427 5629050 -2878
32314427 5629350 -2877
32314427 5629650 -2877
32314427 5629950 -2877
32314427 5630250 -2877
32314427 5630550 -2877
32314427 5630837 -2925
32314427 5630850 -2927
32314427 5631150 -2927
32314427 5631450 -2926
32314427 5631750 -2926
32314422 5632050 -2975
32314427 5632044 -2975
32314127 5632350 375
32314161 5632350 425
32314145 5632650 225
32314201 5632650 275
32314254 5632650 325
32314307 5632650 375
32314357 5632650 425
32314194 5632350 475
32314406 5632650 475
32314130 5632950 75
32314211 5632950 125
32314290 5632950 175
32314366 5632950 225
32314427 5632950 266
32314427 5632937 275
32314427 5632864 325
32314427 5632796 375
32314427 5632733 425
32314427 5632674 475
32314146 5633250 -75
32314246 5633250 -25
32314344 5633250 25
32314427 5633250 68
32314427 5633238 75
32314427 5633157 125
32314427 5633080 175
32314427 5633007 225
32314219 5633550 -225
32314316 5633550 -175
32314411 5633550 -125
32314427 5633550 -116
32314427 5633477 -75
32314427 5633393 -25
32314427 5633315 25
32314187 5633850 -425
32314266 5633850 -375
32314344 5633850 -325
32314420 5633850 -275
32314427 5633850 -270
32314427 5633757 -225
32314427 5633659 -175
32314427 5633565 -125
32314154 5634150 -625
32314221 5634150 -575
32314285 5634150 -525
32314347 5634150 -475
32314407 5634150 -425
32314427 5634150 -407
32314427 5634079 -375
32314427 5633971 -325
32314427 5633860 -275
32314218 5634450 -775
32314307 5634450 -725
32314391 5634450 -675
32314427 5634450 -652
32314427 5634415 -625
32314427 5634352 -575
32314427 5634291 -525
32314427 5634230 -475
32314427 5634170 -425
32314139 5634750 -1025
32314209 5634750 -975
32314276 5634750 -925
32314339 5634750 -875
32314398 5634750 -825
32314427 5634750 -799
32314427 5634697 -775
32314427 5634593 -725
32314427 5634494 -675
32314421 5635050 -2975
32314148 5635050 -1125
32314224 5635050 -1075
32314295 5635050 -1025
32314362 5635050 -975
32314425 5635050 -925
32314427 5635050 -923
32314427 5634929 -875
32314427 5634809 -825
32314427 5635056 -2975
32314427 5635350 -2925
32314193 5635350 -1175
32314277 5635350 -1125
32314355 5635350 -1075
32314427 5635350 -1025
32314427 5635348 -1025
32314427 5635195 -975
32314427 5635054 -925
32314427 5635650 -2925
32314193 5635650 -1225
32314292 5635650 -1175
32314384 5635650 -1125
32314427 5635650 -1100
32314427 5635543 -1075
32314427 5635655 -2925
32314427 5635950 -2875
32314247 5635950 -1225
32314367 5635950 -1175
32314427 5635950 -1148
32314427 5635797 -1125
32314422 5636250 -2875
32314427 5636250 -2875
32314242 5636250 -1225
32314414 5636250 -1175
32314427 5636250 -1170
32314427 5636255 -2875
32314422 5636550 -2825
32314427 5636550 -2825
32314344 5636550 -1175
32314427 5636550 -1161
32314427 5636555 -2825
32314421 5636850 -2775
32314427 5636850 -2775
32314427 5636800 -1125
32314427 5636850 -1117
32314427 5636855 -2775
32314422 5637150 -2725
32314427 5637150 -2725
32314427 5637030 -1075
32314233 5637150 -1025
32314427 5637150 -1045
32314427 5637155 -2725
32314422 5637450 -2675
32314427 5637450 -2675
32314427 5637225 -1025
32314427 5637407 -975
32314242 5637450 -925
32314427 5637450 -963
32314427 5637455 -2675
32314421 5637750 -2625
32314427 5637750 -2625
32314427 5637567 -925
32314427 5637722 -875
32314266 5637750 -825
32314427 5637750 -865
32314427 5637755 -2625
32314427 5637755 -2575
32314421 5638050 -2525
32314427 5638050 -2525
32314427 5637857 -825
32314427 5637986 -775
32314322 5638050 -725
32314427 5638050 -749
32314427 5638055 -2525
32314421 5638350 -2475
32314427 5638350 -2476
32314129 5638350 -1225
32314155 5638350 -1175
32314427 5638111 -725
32314427 5638231 -675
32314427 5638346 -625
32314181 5638350 -575
32314427 5638350 -623
32314427 5638356 -2475
32314427 5638355 -2425
32314421 5638650 -2375
32314427 5638650 -2376
32314427 5638650 -1194
32314427 5638639 -1175
32314359 5638650 -1175
32314179 5638650 -1125
32314427 5638613 -1125
32314144 5638650 -1075
32314427 5638650 -1119
32314169 5638650 -1025
32314195 5638650 -975
32314220 5638650 -925
32314427 5638437 -575
32314427 5638522 -525
32314427 5638603 -475
32314344 5638650 -425
32314427 5638650 -445
32314176 5638650 -375
32314427 5638656 -2375
32314427 5638655 -2325
32314421 5638950 -2275
32314427 5638950 -2276
32314427 5638697 -1175
32314427 5638818 -1125
32314427 5638950 -1068
32314427 5638927 -1025
32314290 5638950 -1025
32314142 5638940 -978
32314427 5638902 -975
32314131 5638950 -975
32314427 5638877 -925
32314427 5638851 -875
32314196 5638950 -825
32314427 5638950 -860
32314219 5638950 -775
32314241 5638950 -725
32314427 5638678 -425
32314427 5638742 -375
32314427 5638799 -325
32314427 5638849 -275
32314427 5638896 -225
32314427 5638945 -175
32314363 5638950 -125
32314427 5638950 -170
32314300 5638950 -75
32314244 5638950 -25
32314192 5638950 25
32314141 5638950 75
32314427 5638956 -2275
32314427 5638955 -2225
32314421 5639250 -2175
32314427 5639250 -2176
32314427 5639046 -1025
32314427 5639153 -975
32314419 5639250 -925
32314427 5639250 -928
32314284 5639250 -875
32314427 5639200 -825
32314152 5639250 -825
32314427 5639176 -775
32314427 5639153 -725
32314427 5639130 -675
32314427 5639110 -625
32314227 5639250 -575
32314427 5639250 -605
32314247 5639250 -525
32314266 5639250 -475
32314284 5639250 -425
32314427 5638989 -125
32314427 5639030 -75
32314427 5639069 -25
32314427 5639108 25
32314427 5639147 75
32314427 5639187 125
32314427 5639229 175
32314399 5639250 225
32314427 5639250 199
32314342 5639250 275
32314283 5639250 325
32314221 5639250 375
32314155 5639250 425
32314427 5639256 -2175
32314427 5639255 -2125
32314421 5639550 -2075
32314427 5639550 -2076
32314421 5639550 -2025
32314427 5639256 -925
32314427 5639350 -875
32314427 5639440 -825
32314427 5639526 -775
32314341 5639550 -725
32314427 5639550 -760
32314225 5639550 -675
32314427 5639468 -575
32314427 5639447 -525
32314427 5639427 -475
32314427 5639407 -425
32314224 5639550 -375
32314427 5639550 -405
32314236 5639550 -325
32314252 5639550 -275
32314268 5639550 -225
32314282 5639550 -175
32314427 5639268 225
32314427 5639306 275
32314427 5639345 325
32314427 5639386 375
32314427 5639429 425
32314427 5639474 475
32314427 5639556 -2075
32314427 5639555 -2025
32314427 5639555 -1975
32314421 5639850 -1925
32314427 5639850 -1925
32314427 5639606 -725
32314427 5639682 -675
32314427 5639755 -625
32314427 5639824 -575
32314347 5639850 -525
32314427 5639850 -556
32314218 5639850 -475
32314427 5639776 -375
32314427 5639761 -325
32314427 5639743 -275
32314427 5639726 -225
32314427 5639710 -175
32314225 5639850 -125
32314427 5639850 -156
32314239 5639850 -75
32314253 5639850 -25
32314266 5639850 25
32314279 5639850 75
32314706 5623950 -2925
32314705 5623650 -2925
32314728 5623650 -2928
32314728 5623950 -2928
32314728 5623972 -2925
32314728 5624250 -2879
32314728 5624550 -2879
32314728 5624850 -2879
32314728 5625150 -2878
32314728 5625450 -2878
32314728 5625750 -2878
32314728 5626050 -2878
32314728 5626350 -2878
32314728 5626650 -2878
32314728 5626950 -2878
32314728 5627250 -2878
32314728 5627550 -2878
32314728 5627850 -2878
32314728 5628150 -2878
32314728 5628450 -2878
32314728 5628750 -2878
32314728 5629050 -2878
32314728 5629350 -2878
32314728 5629650 -2877
32314728 5629950 -2877
32314728 5630250 -2877
32314719 5630550 -2925
32314728 5630540 -2925
32314728 5630550 -2926
32314728 5630850 -2927
32314728 5631150 -2927
32314728 5631450 -2927
32314728 5631750 -2927
32314728 5632037 -2975
32314436 5632950 275
32314488 5632950 325
32314436 5633250 75
32314500 5633250 125
32314562 5633250 175
32314623 5633250 225
32314681 5633250 275
32314728 5633250 316
32314728 5633238 325
32314486 5633550 -75
32314555 5633550 -25
32314621 5633550 25
32314686 5633550 75
32314728 5633550 108
32314728 5633523 125
32314728 5633446 175
32314728 5633373 225
32314728 5633304 275
32314493 5633850 -225
32314565 5633850 -175
32314634 5633850 -125
32314702 5633850 -75
32314728 5633850 -54
32314728 5633791 -25
32314728 5633696 25
32314728 5633586 75
32314502 5634150 -375
32314617 5634150 -325
32314728 5634150 -276
32314728 5634147 -275
32314728 5634077 -225
32314728 5634009 -175
32314728 5633941 -125
32314728 5633876 -75
32314461 5634450 -625
32314524 5634450 -575
32314585 5634450 -525
32314647 5634450 -475
32314708 5634450 -425
32314728 5634450 -408
32314728 5634371 -375
32314728 5634257 -325
32314457 5634750 -775
32314515 5634750 -725
32314572 5634750 -675
32314627 5634750 -625
32314680 5634750 -575
32314728 5634750 -528
32314728 5634742 -525
32314728 5634616 -475
32314728 5634490 -425
32314486 5635050 -875
32314544 5635050 -825
32314598 5635050 -775
32314650 5635050 -725
32314698 5635050 -675
32314728 5635050 -642
32314728 5635005 -625
32314728 5634876 -575
32314722 5635350 -2975
32314428 5635350 -1025
32314495 5635350 -975
32314558 5635350 -925
32314616 5635350 -875
32314671 5635350 -825
32314722 5635350 -775
32314728 5635350 -768
32314728 5635241 -725
32314728 5635124 -675
32314728 5635356 -2975
32314728 5635650 -2925
32314467 5635650 -1075
32314540 5635650 -1025
32314608 5635650 -975
32314672 5635650 -925
32314728 5635650 -877
32314728 5635642 -875
32314728 5635499 -825
32314728 5635365 -775
32314723 5635950 -2925
32314728 5635950 -2925
32314471 5635950 -1125
32314558 5635950 -1075
32314638 5635950 -1025
32314712 5635950 -975
32314728 5635950 -963
32314728 5635810 -925
32314728 5635955 -2925
32314728 5636250 -2875
32314535 5636250 -1125
32314641 5636250 -1075
32314728 5636250 -1029
32314728 5636225 -1025
32314728 5635998 -975
32314723 5636550 -2875
32314728 5636550 -2875
32314555 5636550 -1125
32314713 5636550 -1075
32314728 5636550 -1069
32314728 5636555 -2875
32314723 5636850 -2825
32314728 5636850 -2825
32314728 5636753 -1075
32314728 5636850 -1077
32314728 5636855 -2825
32314723 5637150 -2775
32314728 5637150 -2775
32314728 5636889 -1075
32314728 5637150 -1059
32314728 5637155 -2775
32314723 5637450 -2725
32314728 5637450 -2725
32314728 5637414 -1025
32314487 5637450 -975
32314728 5637450 -1020
32314728 5637455 -2725
32314728 5637455 -2675
32314728 5637750 -2625
32314728 5637641 -975
32314638 5637750 -925
32314728 5637750 -949
32314459 5637750 -875
32314728 5637755 -2625
32314723 5638050 -2575
32314728 5638050 -2575
32314728 5637819 -925
32314728 5637959 -875
32314675 5638050 -825
32314728 5638050 -841
32314510 5638050 -775
32314728 5638055 -2575
32314727 5638350 -2525
32314728 5638350 -2525
32314728 5638090 -825
32314728 5638212 -775
32314728 5638332 -725
32314590 5638350 -675
32314728 5638350 -717
32314433 5638350 -625
32314728 5638351 -2525
32314728 5638355 -2475
32314723 5638650 -2425
32314728 5638650 -2425
32314662 5638650 -1275
32314728 5638650 -1298
32314728 5638638 -1275
32314728 5638650 -1273
32314437 5638650 -1175
32314463 5638650 -1125
32314728 5638441 -675
32314728 5638544 -625
32314728 5638642 -575
32314611 5638650 -525
32314728 5638650 -570
32314492 5638650 -475
32314728 5638655 -2425
32314728 5638655 -2375
32314723 5638950 -2325
32314728 5638950 -2325
32314728 5638713 -1275
32314728 5638944 -1175
32314701 5638950 -1175
32314728 5638950 -1185
32314728 5638919 -1125
32314572 5638950 -1125
32314444 5638950 -1075
32314728 5638894 -1075
32314728 5638950 -1066
32314449 5638950 -1025
32314473 5638950 -975
32314497 5638950 -925
32314521 5638950 -875
32314728 5638723 -525
32314728 5638796 -475
32314728 5638862 -425
32314728 5638924 -375
32314672 5638950 -325
32314728 5638950 -353
32314581 5638950 -275
32314501 5638950 -225
32314433 5638950 -175
32314728 5638955 -2325
32314728 5638955 -2275
32314723 5639250 -2225
32314728 5639250 -2225
32314728 5638976 -1175
32314728 5639096 -1125
32314728 5639212 -1075
32314728 5639250 -1058
32314728 5639234 -1025
32314651 5639250 -1025
32314728 5639210 -975
32314536 5639250 -975
32314728 5639186 -925
32314728 5639163 -875
32314475 5639250 -825
32314728 5639250 -862
32314498 5639250 -775
32314520 5639250 -725
32314541 5639250 -675
32314560 5639250 -625
32314728 5638989 -325
32314728 5639053 -275
32314728 5639111 -225
32314728 5639165 -175
32314728 5639216 -125
32314707 5639250 -75
32314728 5639250 -91
32314647 5639250 -25
32314592 5639250 25
32314541 5639250 75
32314494 5639250 125
32314448 5639250 175
32314728 5639255 -2225
32314728 5639255 -2175
32314723 5639550 -2125
32314728 5639550 -2125
32314728 5639318 -1025
32314728 5639416 -975
32314728 5639511 -925
32314666 5639550 -875
32314728 5639550 -904
32314728 5639513 -825
32314560 5639550 -825
32314484 5639505 -790
32314728 5639491 -775
32314456 5639550 -775
32314728 5639469 -725
32314728 5639447 -675
32314728 5639426 -625
32314503 5639550 -575
32314728 5639550 -607
32314522 5639550 -525
32314541 5639550 -475
32314559 5639550 -425
32314728 5639265 -75
32314728 5639309 -25
32314728 5639351 25
32314728 5639393 75
32314728 5639435 125
32314728 5639476 175
32314728 5639517 225
32314716 5639550 275
32314728 5639550 263
32314664 5639550 325
32314613 5639550 375
32314562 5639550 425
32314511 5639550 475
32314728 5639555 -2125
32314728 5639555 -2075
32314727 5639850 -2025
32314728 5639850 -2025
32314723 5639850 -1975
32314728 5639599 -875
32314728 5639679 -825
32314728 5639756 -775
32314728 5639830 -725
32314656 5639850 -675
32314728 5639850 -711
32314559 5639850 -625
32314728 5639793 -575
32314463 5639850 -575
32314728 5639773 -525
32314728 5639753 -475
32314728 5639734 -425
32314728 5639716 -375
32314508 5639850 -325
32314728 5639850 -357
32314524 5639850 -275
32314540 5639850 -225
32314555 5639850 -175
32314728 5639559 275
32314728 5639596 325
32314728 5639635 375
32314728 5639673 425
32314728 5639713 475
32315030 5623650 -2928
32315030 5623950 -2928
32315008 5624250 -2925
32315030 5624250 -2928
32315030 5624314 -2925
32315030 5624550 -2886
32315030 5624850 -2878
32315030 5625150 -2878
32315030 5625450 -2878
32315030 5625750 -2878
32315030 5626050 -2878
32315030 5626350 -2878
32315030 5626650 -2878
32315030 5626950 -2878
32315030 5627250 -2878
32315030 5627550 -2878
32315030 5627850 -2878
32315030 5628150 -2878
32315030 5628450 -2878
32315030 5628750 -2878
32315030 5629050 -2878
32315030 5629350 -2878
32315030 5629650 -2878
32315030 5629950 -2877
32315030 5630250 -2877
32315030 5630534 -2925
32315030 5630550 -2927
32315030 5630850 -2927
32315030 5631150 -2927
32315030 5631450 -2927
32315017 5631750 -2975
32315030 5631737 -2975
32314759 5633550 125
32314847 5633550 175
32314793 5633850 -25
32314897 5633850 25
32315009 5633850 75
32315030 5633850 93
32315030 5633796 125
32315030 5633715 175
32314731 5634150 -275
32314806 5634150 -225
32314878 5634150 -175
32314949 5634150 -125
32315017 5634150 -75
32315030 5634150 -65
32315030 5634069 -25
32315030 5633974 25
32315030 5633882 75
32314779 5634450 -375
32314853 5634450 -325
32314927 5634450 -275
32314999 5634450 -225
32315030 5634450 -203
32315030 5634386 -175
32315030 5634276 -125
32315030 5634169 -75
32314733 5634750 -525
32314803 5634750 -475
32314874 5634750 -425
32314945 5634750 -375
32315015 5634750 -325
32315030 5634750 -314
32315030 5634641 -275
32315030 5634506 -225
32314750 5635050 -625
32314812 5635050 -575
32314875 5635050 -525
32314938 5635050 -475
32315004 5635050 -425
32315030 5635050 -405
32315030 5634950 -375
32315030 5634784 -325
32314781 5635350 -725
32314840 5635350 -675
32314896 5635350 -625
32314952 5635350 -575
32315008 5635350 -525
32315030 5635350 -505
32315030 5635260 -475
32315030 5635109 -425
32315023 5635650 -2975
32314731 5635650 -875
32314795 5635650 -825
32314855 5635650 -775
32314913 5635650 -725
32314968 5635650 -675
32315021 5635650 -625
32315030 5635650 -616
32315030 5635534 -575
32315030 5635401 -525
32315030 5635656 -2975
32315030 5635950 -2926
32314783 5635950 -925
32314849 5635950 -875
32314910 5635950 -825
32314967 5635950 -775
32315021 5635950 -725
32315030 5635950 -716
32315030 5635824 -675
32315030 5635674 -625
32315023 5636250 -2925
32315030 5636250 -2926
32314737 5636250 -1025
32314821 5636250 -975
32314896 5636250 -925
32314963 5636250 -875
32315023 5636250 -825
32315030 5636250 -818
32315030 5636120 -775
32315030 5635975 -725
32315030 5636256 -2925
32315030 5636550 -2875
32314835 5636550 -1025
32314939 5636550 -975
32315029 5636550 -925
32315030 5636550 -924
32315030 5636401 -875
32315030 5636265 -825
32315030 5636555 -2875
32315030 5636850 -2825
32314740 5636850 -1075
32314959 5636850 -1025
32315030 5636850 -1006
32315030 5636726 -975
32315030 5636551 -925
32315030 5636855 -2825
32315030 5637150 -2775
32315030 5636955 -1025
32315030 5637150 -1055
32315030 5637155 -2775
32315030 5637450 -2725
32314759 5637450 -1025
32315030 5637450 -1066
32315030 5637455 -2725
32315024 5637750 -2675
32315030 5637750 -2675
32315022 5637750 -1025
32315030 5637750 -1026
32314828 5637750 -975
32315030 5637755 -2675
32315024 5638050 -2625
32315030 5638050 -2625
32315030 5637756 -1025
32315030 5637922 -975
32315001 5638050 -925
32315030 5638050 -934
32314840 5638050 -875
32315030 5638055 -2625
32315030 5638054 -2575
32315030 5638350 -2525
32315030 5638073 -925
32315030 5638195 -875
32315030 5638310 -825
32314928 5638350 -775
32315030 5638350 -806
32314756 5638350 -725
32315030 5638355 -2525
32315024 5638650 -2475
32315030 5638650 -2475
32314741 5638650 -1275
32315030 5638429 -775
32315030 5638553 -725
32315002 5638650 -675
32315030 5638650 -685
32314871 5638650 -625
32314739 5638650 -575
32315030 5638655 -2475
32315030 5638654 -2425
32315024 5638950 -2375
32315030 5638950 -2375
32315030 5638927 -1275
32314927 5638950 -1275
32315030 5638950 -1321
32315030 5638950 -1271
32314734 5638950 -1175
32314760 5638950 -1125
32314785 5638950 -1075
32315030 5638675 -675
32315030 5638790 -625
32315030 5638898 -575
32314990 5638950 -525
32315030 5638950 -548
32314912 5638950 -475
32314835 5638950 -425
32314760 5638950 -375
32315030 5638955 -2375
32315030 5638954 -2325
32315025 5639250 -2275
32315030 5639250 -2275
32315030 5639074 -1275
32315030 5639234 -1175
32314963 5639250 -1175
32315030 5639250 -1207
32315030 5639210 -1125
32314862 5639250 -1125
32314785 5639181 -1093
32315030 5639186 -1075
32314762 5639250 -1075
32314745 5639250 -1025
32315030 5639250 -1065
32314769 5639250 -975
32314793 5639250 -925
32314817 5639250 -875
32315030 5638987 -525
32315030 5639059 -475
32315030 5639129 -425
32315030 5639194 -375
32315023 5639250 -325
32315030 5639250 -329
32314954 5639250 -275
32314887 5639250 -225
32314825 5639250 -175
32314766 5639250 -125
32315030 5639255 -2275
32315030 5639254 -2225
32315025 5639550 -2175
32315030 5639550 -2175
32315030 5639322 -1175
32315030 5639428 -1125
32315030 5639529 -1075
32315030 5639550 -1064
32315030 5639531 -1025
32314956 5639550 -1025
32315030 5639509 -975
32314862 5639550 -975
32314793 5639485 -943
32315030 5639486 -925
32314767 5639550 -925
32315030 5639463 -875
32315030 5639441 -825
32314786 5639550 -775
32315030 5639550 -809
32314807 5639550 -725
32314828 5639550 -675
32314848 5639550 -625
32315030 5639255 -325
32315030 5639312 -275
32315030 5639366 -225
32315030 5639418 -175
32315030 5639468 -125
32315030 5639517 -75
32315011 5639550 -25
32315030 5639550 -40
32314957 5639550 25
32314905 5639550 75
32314855 5639550 125
32314808 5639550 175
32314762 5639550 225
32315030 5639555 -2175
32315030 5639554 -2125
32315024 5639850 -2075
32315030 5639850 -2075
32315030 5639618 -1025
32315030 5639702 -975
32315030 5639782 -925
32315019 5639850 -875
32315030 5639850 -880
32314931 5639850 -825
32315030 5639805 -775
32314842 5639850 -775
32314776 5639811 -738
32315030 5639784 -725
32314753 5639850 -725
32315030 5639763 -675
32315030 5639743 -625
32314781 5639850 -575
32315030 5639850 -610
32314800 5639850 -525
32314818 5639850 -475
32314835 5639850 -425
32314852 5639850 -375
32315030 5639563 -25
32315030 5639606 25
32315030 5639647 75
32315030 5639688 125
32315030 5639729 175
32315030 5639769 225
32315030 5639810 275
32315029 5639850 325
32315030 5639850 324
32314980 5639850 375
32314931 5639850 425
32314883 5639850 475
32315331 5623650 -2928
32315331 5623950 -2928
32315331 5624250 -2928
32315270 5624550 -2925
32315331 5624550 -2928
32315331 5624573 -2925
32315331 5624850 -2879
32315331 5625150 -2878
32315331 5625450 -2878
32315331 5625750 -2878
32315331 5626050 -2878
32315331 5626350 -2878
32315331 5626650 -2878
32315331 5626950 -2878
32315331 5627250 -2878
32315331 5627550 -2878
32315331 5627850 -2878
32315331 5628150 -2878
32315331 5628450 -2878
32315331 5628750 -2878
32315331 5629050 -2878
32315331 5629350 -2878
32315331 5629650 -2878
32315331 5629950 -2878
32315327 5630250 -2925
32315331 5630246 -2925
32315331 5630250 -2925
32315331 5630550 -2928
32315331 5630850 -2927
32315331 5631150 -2927
32315331 5631450 -2927
32315331 5631734 -2975
32315084 5634150 -25
32315148 5634150 25
32315209 5634150 75
32315072 5634450 -175
32315145 5634450 -125
32315215 5634450 -75
32315282 5634450 -25
32315331 5634450 12
32315331 5634426 25
32315331 5634335 75
32315268 5634150 125
32315331 5634245 125
32315094 5634750 -275
32315174 5634750 -225
32315250 5634750 -175
32315324 5634750 -125
32315331 5634750 -119
32315331 5634645 -75
32315331 5634532 -25
32315081 5635050 -375
32315166 5635050 -325
32315248 5635050 -275
32315329 5635050 -225
32315331 5635050 -223
32315331 5634907 -175
32315331 5634764 -125
32315078 5635350 -475
32315157 5635350 -425
32315237 5635350 -375
32315317 5635350 -325
32315331 5635350 -316
32315331 5635215 -275
32315331 5635053 -225
32315092 5635650 -575
32315164 5635650 -525
32315236 5635650 -475
32315306 5635650 -425
32315331 5635650 -407
32315331 5635542 -375
32315331 5635378 -325
32315324 5635950 -2975
32315089 5635950 -675
32315158 5635950 -625
32315224 5635950 -575
32315289 5635950 -525
32315331 5635950 -491
32315331 5635891 -475
32315331 5635713 -425
32315331 5635956 -2975
32315331 5636250 -2926
32315097 5636250 -775
32315169 5636250 -725
32315236 5636250 -675
32315298 5636250 -625
32315331 5636250 -598
32315331 5636187 -575
32315331 5636048 -525
32315331 5636261 -2925
32315331 5636550 -2876
32315138 5636550 -875
32315233 5636550 -825
32315318 5636550 -775
32315331 5636550 -766
32315331 5636472 -725
32315331 5636383 -675
32315331 5636296 -625
32315325 5636850 -2875
32315331 5636850 -2875
32315178 5636850 -975
32315331 5636850 -937
32315331 5636824 -925
32315331 5636728 -875
32315331 5636641 -825
32315331 5636562 -775
32315331 5636855 -2875
32315325 5637150 -2825
32315331 5637150 -2825
32315331 5637150 -1055
32315331 5637061 -1025
32315331 5636934 -975
32315331 5637155 -2825
32315326 5637450 -2775
32315331 5637450 -2775
32315091 5637450 -1075
32315331 5637450 -1111
32315331 5637245 -1075
32315331 5637455 -2775
32315326 5637750 -2725
32315331 5637750 -2725
32315218 5637750 -1075
32315331 5637750 -1104
32315331 5637755 -2725
32315331 5637755 -2675
32315331 5638050 -2625
32315331 5637886 -1075
32315295 5638050 -1025
32315331 5638050 -1037
32315150 5638050 -975
32315331 5638054 -2625
32315326 5638350 -2575
32315331 5638350 -2575
32315331 5638085 -1025
32315331 5638219 -975
32315331 5638341 -925
32315213 5638350 -875
32315331 5638350 -921
32315080 5638350 -825
32315331 5638354 -2575
32315331 5638364 -2525
32315331 5638650 -2477
32315331 5638469 -875
32315331 5638594 -825
32315265 5638650 -775
32315331 5638650 -801
32315137 5638650 -725
32315331 5638654 -2475
32315326 5638950 -2425
32315331 5638950 -2425
32315247 5638950 -1425
32315331 5638950 -1465
32315331 5638930 -1425
32315331 5638950 -1421
32315054 5638950 -1275
32315331 5638731 -775
32315331 5638885 -725
32315271 5638950 -675
32315331 5638950 -704
32315173 5638950 -625
32315078 5638950 -575
32315331 5638954 -2425
32315331 5638954 -2375
32315326 5639250 -2325
32315331 5639250 -2325
32315331 5639073 -1425
32315253 5639250 -1325
32315331 5639250 -1365
32315331 5639230 -1325
32315331 5639206 -1275
32315157 5639250 -1275
32315062 5639250 -1225
32315331 5639183 -1225
32315047 5639250 -1175
32315331 5639250 -1214
32315072 5639250 -1125
32315097 5639250 -1075
32315331 5639011 -675
32315331 5639106 -625
32315331 5639190 -575
32315312 5639250 -525
32315331 5639250 -537
32315234 5639250 -475
32315159 5639250 -425
32315089 5639250 -375
32315331 5639254 -2325
32315331 5639254 -2275
32315326 5639550 -2225
32315331 5639550 -2225
32315331 5639351 -1325
32315331 5639471 -1275
32315302 5639550 -1225
32315331 5639550 -1241
32315331 5639519 -1175
32315217 5639550 -1175
32315331 5639496 -1125
32315132 5639550 -1125
32315067 5639505 -1087
32315331 5639473 -1075
32315047 5639550 -1075
32315061 5639522 -1063
32315331 5639450 -1025
32315072 5639550 -975
32315331 5639550 -1010
32315095 5639550 -925
32315117 5639550 -875
32315139 5639550 -825
32315331 5639267 -525
32315331 5639339 -475
32315331 5639408 -425
32315331 5639471 -375
32315331 5639530 -325
32315290 5639550 -275
32315331 5639550 -308
32315231 5639550 -225
32315173 5639550 -175
32315118 5639550 -125
32315065 5639550 -75
32315331 5639554 -2225
32315331 5639554 -2175
32315326 5639850 -2125
32315331 5639850 -2125
32315331 5639582 -1225
32315331 5639677 -1175
32315331 5639767 -1125
32315327 5639850 -1075
32315331 5639850 -1077
32315250 5639850 -1025
32315331 5639805 -975
32315174 5639850 -975
32315331 5639784 -925
32315097 5639850 -925
32315331 5639763 -875
32315331 5639742 -825
32315074 5639850 -775
32315331 5639850 -810
32315094 5639850 -725
32315114 5639850 -675
32315133 5639850 -625
32315331 5639584 -275
32315331 5639634 -225
32315331 5639682 -175
32315331 5639729 -125
32315331 5639776 -75
32315331 5639821 -25
32315312 5639850 25
32315331 5639850 6
32315261 5639850 75
32315213 5639850 125
32315165 5639850 175
32315118 5639850 225
32315073 5639850 275
32315632 5623668 -2975
32315613 5623650 -2975
32315632 5623950 -2928
32315632 5624250 -2928
32315632 5624550 -2928
32315607 5624850 -2925
32315632 5624850 -2928
32315632 5624870 -2925
32315632 5625150 -2878
32315632 5625450 -2878
32315632 5625750 -2878
32315632 5626050 -2878
32315632 5626350 -2878
32315632 5626650 -2878
32315632 5626950 -2878
32315632 5627250 -2878
32315632 5627550 -2878
32315632 5627850 -2878
32315632 5628150 -2878
32315632 5628450 -2878
32315632 5628750 -2878
32315632 5629050 -2878
32315632 5629350 -2878
32315632 5629650 -2878
32315632 5629950 -2878
32315632 5630230 -2925
32315632 5630250 -2928
32315632 5630550 -2928
32315632 5630850 -2928
32315632 5631150 -2928
32315619 5631450 -2975
32315632 5631437 -2975
32315403 5634750 -75
32315479 5634750 -25
32315347 5634450 25
32315552 5634750 25
32315423 5635050 -175
32315514 5635050 -125
32315600 5635050 -75
32315632 5635050 -55
32315632 5634980 -25
32315632 5634871 25
32315621 5634750 75
32315632 5634766 75
32315419 5635350 -275
32315521 5635350 -225
32315620 5635350 -175
32315632 5635350 -168
32315632 5635231 -125
32315632 5635099 -75
32315404 5635650 -375
32315514 5635650 -325
32315619 5635650 -275
32315632 5635650 -268
32315632 5635517 -225
32315632 5635368 -175
32315374 5635950 -475
32315498 5635950 -425
32315618 5635950 -375
32315632 5635950 -369
32315632 5635818 -325
32315632 5635669 -275
32315632 5635965 -2975
32315632 5636250 -2927
32315405 5636250 -575
32315564 5636250 -525
32315632 5636250 -503
32315632 5636187 -475
32315632 5636076 -425
32315632 5635963 -375
32315621 5636550 -2925
32315632 5636550 -2926
32315536 5636550 -725
32315632 5636550 -704
32315632 5636504 -675
32315632 5636429 -625
32315632 5636354 -575
32315632 5636281 -525
32315632 5636556 -2925
32315632 5636850 -2875
32315589 5636850 -925
32315632 5636850 -922
32315632 5636776 -875
32315632 5636704 -825
32315632 5636637 -775
32315632 5636574 -725
32315632 5636855 -2875
32315632 5637150 -2825
32315549 5637150 -1075
32315632 5637150 -1082
32315632 5637133 -1075
32315632 5637030 -1025
32315632 5636937 -975
32315632 5636853 -925
32315632 5637155 -2825
32315632 5637450 -2775
32315402 5637450 -1125
32315632 5637450 -1170
32315632 5637286 -1125
32315632 5637454 -2775
32315632 5637750 -2725
32315573 5637750 -1175
32315632 5637750 -1192
32315632 5637510 -1175
32315402 5637750 -1125
32315632 5637754 -2725
32315627 5638050 -2675
32315632 5638050 -2675
32315632 5637889 -1175
32315557 5638050 -1125
32315632 5638050 -1154
32315428 5638050 -1075
32315632 5638054 -2675
32315628 5638350 -2625
32315632 5638350 -2625
32315632 5638154 -1125
32315632 5638319 -1075
32315548 5638350 -1025
32315632 5638350 -1065
32315443 5638350 -975
32315339 5638350 -925
32315632 5638354 -2625
32315632 5638353 -2575
32315619 5638650 -2525
32315632 5638650 -2525
32315632 5638460 -1025
32315632 5638590 -975
32315580 5638650 -925
32315632 5638650 -950
32315480 5638650 -875
32315378 5638650 -825
32315632 5638653 -2525
32315629 5638950 -2475
32315632 5638950 -2475
32315551 5638950 -1575
32315632 5638950 -1615
32315632 5638930 -1575
32315632 5638950 -1571
32315353 5638950 -1425
32315632 5638720 -925
32315632 5638854 -875
32315603 5638950 -825
32315632 5638950 -838
32315495 5638950 -775
32315380 5638950 -725
32315632 5638952 -2475
32315632 5638953 -2425
32315628 5639250 -2375
32315632 5639250 -2375
32315630 5639250 -1875
32315632 5639250 -1875
32315632 5639248 -1875
32315632 5639190 -1825
32315531 5639250 -1825
32315632 5639250 -1816
32315632 5639083 -1575
32315539 5639250 -1475
32315632 5639250 -1523
32315632 5639226 -1475
32315632 5639203 -1425
32315444 5639250 -1425
32315632 5639250 -1417
32315352 5639250 -1325
32315378 5639250 -1275
32315404 5639250 -1225
32315632 5638987 -825
32315632 5639124 -775
32315621 5639250 -725
32315632 5639250 -731
32315535 5639250 -675
32315456 5639250 -625
32315385 5639250 -575
32315632 5639253 -2375
32315632 5639253 -2325
32315628 5639550 -2275
32315632 5639550 -2275
32315632 5639252 -1875
32315632 5639404 -1825
32315632 5639548 -1775
32315629 5639550 -1775
32315632 5639550 -1776
32315632 5639488 -1725
32315534 5639550 -1725
32315632 5639550 -1716
32315632 5639389 -1475
32315632 5639530 -1425
32315632 5639550 -1417
32315557 5639550 -1375
32315632 5639529 -1375
32315632 5639506 -1325
32315471 5639550 -1325
32315632 5639482 -1275
32315387 5639550 -1275
32315632 5639460 -1225
32315364 5639550 -1175
32315632 5639550 -1211
32315389 5639550 -1125
32315413 5639550 -1075
32315437 5639550 -1025
32315632 5639262 -725
32315632 5639354 -675
32315632 5639435 -625
32315632 5639511 -575
32315597 5639550 -525
32315632 5639550 -550
32315531 5639550 -475
32315468 5639550 -425
32315408 5639550 -375
32315350 5639550 -325
32315632 5639553 -2275
32315632 5639553 -2225
32315628 5639850 -2175
32315632 5639850 -2175
32315632 5639553 -1775
32315632 5639678 -1725
32315578 5639850 -1625
32315632 5639850 -1654
32315632 5639811 -1625
32315632 5639748 -1575
32315489 5639850 -1575
32315632 5639850 -1562
32315632 5639647 -1375
32315632 5639757 -1325
32315621 5639850 -1275
32315632 5639850 -1282
32315544 5639850 -1225
32315632 5639800 -1175
32315469 5639850 -1175
32315632 5639777 -1125
32315397 5639850 -1125
32315632 5639755 -1075
32315632 5639733 -1025
32315378 5639850 -975
32315632 5639850 -1008
32315400 5639850 -925
32315421 5639850 -875
32315442 5639850 -825
32315632 5639585 -525
32315632 5639651 -475
32315632 5639711 -425
32315632 5639768 -375
32315632 5639822 -325
32315608 5639850 -275
32315632 5639850 -298
32315558 5639850 -225
32315508 5639850 -175
32315458 5639850 -125
32315409 5639850 -75
32315361 5639850 -25
32315916 5623950 -2975
32315933 5623967 -2975
32315933 5624250 -2928
32315933 5624550 -2928
32315933 5624850 -2928
32315930 5625150 -2925
32315933 5625150 -2925
32315933 5625152 -2925
32315933 5625450 -2878
32315933 5625750 -2878
32315933 5626050 -2878
32315933 5626350 -2878
32315933 5626650 -2878
32315933 5626950 -2878
32315933 5627250 -2878
32315933 5627550 -2878
32315933 5627850 -2878
32315933 5628150 -2878
32315933 5628450 -2878
32315933 5628750 -2878
32315933 5629050 -2878
32315933 5629350 -2878
32315933 5629650 -2878
32315927 5629950 -2925
32315933 5629944 -2925
32315933 5629950 -2925
32315933 5630250 -2928
32315933 5630550 -2928
32315933 5630850 -2928
32315933 5631150 -2928
32315933 5631432 -2975
32315752 5635350 -125
32315880 5635350 -75
32315933 5635350 -53
32315933 5635294 -25
32315695 5635050 -25
32315790 5635050 25
32315933 5635199 25
32315807 5635650 -225
32315933 5635650 -191
32315933 5635613 -175
32315933 5635503 -125
32315933 5635395 -75
32315933 5635950 -332
32315933 5635933 -325
32315933 5635826 -275
32315933 5635720 -225
32315918 5636250 -2975
32315933 5636250 -509
32315933 5636191 -475
32315933 5636106 -425
32315933 5636021 -375
32315933 5636256 -2975
32315933 5636550 -2925
32315825 5636550 -725
32315933 5636550 -735
32315933 5636534 -725
32315933 5636466 -675
32315933 5636399 -625
32315933 5636334 -575
32315933 5636269 -525
32315930 5636850 -2925
32315933 5636850 -2925
32315648 5636850 -925
32315933 5636850 -964
32315933 5636792 -925
32315933 5636723 -875
32315933 5636658 -825
32315933 5636596 -775
32315933 5636853 -2925
32315928 5637150 -2875
32315933 5637150 -2875
32315863 5637150 -1125
32315933 5637150 -1137
32315933 5637124 -1125
32315933 5637031 -1075
32315933 5636945 -1025
32315933 5636866 -975
32315933 5637155 -2875
32315929 5637450 -2825
32315933 5637450 -2825
32315855 5637450 -1225
32315933 5637450 -1244
32315933 5637390 -1225
32315933 5637247 -1175
32315651 5637450 -1175
32315933 5637454 -2825
32315929 5637750 -2775
32315933 5637750 -2775
32315890 5637750 -1275
32315933 5637750 -1289
32315933 5637652 -1275
32315735 5637750 -1225
32315933 5637754 -2775
32315929 5638050 -2725
32315933 5638050 -2725
32315925 5638050 -1275
32315933 5638050 -1278
32315803 5638050 -1225
32315682 5638050 -1175
32315933 5638053 -2725
32315933 5638053 -2675
32315933 5638350 -2625
32315933 5638067 -1275
32315933 5638317 -1225
32315846 5638350 -1175
32315933 5638350 -1218
32315747 5638350 -1125
32315651 5638350 -1075
32315933 5638353 -2625
32315930 5638650 -2575
32315933 5638650 -2575
32315832 5638650 -2125
32315933 5638650 -2169
32315933 5638600 -2125
32315933 5638650 -2116
32315933 5638484 -1175
32315933 5638629 -1125
32315855 5638650 -1075
32315933 5638650 -1117
32315764 5638650 -1025
32315675 5638650 -975
32315933 5638653 -2575
32315933 5638652 -2525
32315933 5638950 -2475
32315933 5638856 -2125
32315933 5638916 -2075
32315871 5638950 -2075
32315933 5638950 -2104
32315933 5638859 -2025
32315765 5638950 -2025
32315933 5638950 -2010
32315858 5638950 -1725
32315933 5638950 -1764
32315933 5638932 -1725
32315933 5638950 -1722
32315654 5638950 -1575
32315933 5638758 -1075
32315933 5638879 -1025
32315896 5638950 -975
32315933 5638950 -994
32315800 5638950 -925
32315703 5638950 -875
32315933 5638952 -2475
32315933 5638955 -2425
32315933 5639250 -2375
32315933 5639061 -2075
32315933 5639248 -2025
32315933 5639250 -2024
32315832 5639250 -1975
32315933 5639192 -1975
32315933 5639133 -1925
32315731 5639250 -1925
32315933 5639075 -1875
32315711 5639250 -1825
32315933 5639250 -1849
32315933 5639082 -1725
32315933 5639248 -1675
32315927 5639250 -1675
32315933 5639250 -1678
32315933 5639224 -1625
32315829 5639250 -1625
32315933 5639200 -1575
32315732 5639250 -1575
32315933 5639250 -1567
32315658 5639250 -1475
32315684 5639250 -1425
32315933 5638999 -975
32315933 5639121 -925
32315933 5639233 -875
32315850 5639250 -825
32315933 5639250 -867
32315741 5639250 -775
32315933 5639252 -2375
32315930 5639550 -2325
32315933 5639550 -2325
32315933 5639406 -1975
32315925 5639550 -1925
32315933 5639550 -1928
32315826 5639550 -1875
32315933 5639424 -1825
32315727 5639550 -1825
32315933 5639364 -1775
32315711 5639550 -1725
32315933 5639550 -1749
32315933 5639260 -1675
32315933 5639409 -1625
32315928 5639550 -1575
32315933 5639550 -1577
32315933 5639524 -1525
32315833 5639550 -1525
32315933 5639500 -1475
32315739 5639550 -1475
32315661 5639501 -1436
32315933 5639476 -1425
32315645 5639550 -1425
32315933 5639453 -1375
32315680 5639550 -1325
32315933 5639550 -1360
32315706 5639550 -1275
32315731 5639550 -1225
32315933 5639397 -825
32315918 5639550 -775
32315933 5639550 -785
32315850 5639550 -725
32315785 5639550 -675
32315725 5639550 -625
32315665 5639550 -575
32315933 5639552 -2325
32315933 5639552 -2275
32315932 5639850 -2225
32315933 5639850 -2225
32315933 5639560 -1925
32315933 5639690 -1875
32315933 5639818 -1825
32315861 5639850 -1775
32315933 5639850 -1812
32315933 5639737 -1725
32315765 5639850 -1725
32315670 5639850 -1675
32315933 5639673 -1675
32315933 5639609 -1625
32315933 5639557 -1575
32315933 5639850 -1594
32315752 5639850 -1575
32315933 5639678 -1525
32315933 5639799 -1475
32315881 5639850 -1425
32315933 5639850 -1453
32315791 5639850 -1375
32315933 5639786 -1325
32315704 5639850 -1325
32315933 5639762 -1275
32315933 5639738 -1225
32315687 5639850 -1175
32315933 5639850 -1208
32315711 5639850 -1125
32315735 5639850 -1075
32315760 5639850 -1025
32315933 5639572 -775
32315933 5639671 -725
32315933 5639754 -675
32315933 5639827 -625
32315899 5639850 -575
32315933 5639850 -609
32315851 5639850 -525
32315804 5639850 -475
32315756 5639850 -425
32315708 5639850 -375
32315659 5639850 -325
32316219 5624250 -2975
32316234 5624266 -2975
32316234 5624550 -2927
32316234 5624850 -2927
32316234 5625150 -2928
32316234 5625169 -2925
32316234 5625450 -2878
32316234 5625750 -2878
32316234 5626050 -2878
32316234 5626350 -2878
32316234 5626650 -2878
32316234 5626950 -2878
32316234 5627250 -2878
32316234 5627550 -2878
32316234 5627850 -2878
32316234 5628150 -2878
32316234 5628450 -2878
32316234 5628750 -2878
32316234 5629050 -2878
32316234 5629350 -2878
32316234 5629650 -2878
32316234 5629929 -2925
32316234 5629950 -2928
32316234 5630250 -2928
32316234 5630550 -2928
32316234 5630850 -2928
32316223 5631150 -2975
32316234 5631138 -2975
32316078 5635650 -175
32316234 5635650 -155
32316234 5635600 -125
32316234 5635522 -75
32316030 5635350 -25
32316234 5635446 -25
32316187 5635350 25
32316234 5635373 25
32316234 5635950 -348
32316234 5635912 -325
32316234 5635833 -275
32316234 5635755 -225
32316234 5635678 -175
32316017 5636250 -525
32316234 5636250 -564
32316234 5636194 -525
32316234 5636124 -475
32316234 5636054 -425
32316234 5635986 -375
32316230 5636550 -2975
32316102 5636550 -775
32316234 5636550 -804
32316234 5636510 -775
32316234 5636446 -725
32316234 5636383 -675
32316234 5636322 -625
32316234 5636262 -575
32316234 5636553 -2975
32316234 5636850 -2925
32316207 5636850 -1025
32316234 5636850 -1030
32316234 5636841 -1025
32316234 5636769 -975
32315981 5636850 -975
32316234 5636701 -925
32316234 5636636 -875
32316234 5636574 -825
32316234 5636855 -2925
32316234 5637150 -2875
32316094 5637150 -1175
32316234 5637150 -1207
32316234 5637089 -1175
32316234 5637001 -1125
32316234 5636918 -1075
32316234 5637154 -2875
32316234 5637450 -2825
32316049 5637450 -1275
32316234 5637450 -1324
32316234 5637316 -1275
32316234 5637191 -1225
32316234 5637454 -2825
32316234 5637750 -2775
32316200 5637750 -1375
32316234 5637750 -1385
32316234 5637693 -1375
32316234 5637452 -1325
32316045 5637750 -1325
32316234 5637753 -2775
32316234 5638050 -2725
32316179 5638050 -1375
32316234 5638050 -1396
32316051 5638050 -1325
32316234 5638053 -2725
32316232 5638350 -2675
32316234 5638350 -2675
32316208 5638350 -2325
32316234 5638350 -2335
32316234 5638339 -2325
32316234 5638330 -2275
32316077 5638350 -2275
32316234 5638350 -2263
32316234 5638234 -1375
32316157 5638350 -1325
32316234 5638350 -1360
32316052 5638350 -1275
32315947 5638350 -1225
32316234 5638352 -2675
32316234 5638352 -2625
32316234 5638650 -2575
32316234 5638431 -2325
32316181 5638650 -2275
32316234 5638650 -2297
32316234 5638571 -2225
32316062 5638650 -2225
32316234 5638516 -2175
32315946 5638650 -2175
32316234 5638650 -2152
32316003 5638650 -2125
32316234 5638490 -1325
32316223 5638650 -1275
32316234 5638650 -1281
32316129 5638650 -1225
32316037 5638650 -1175
32315946 5638650 -1125
32316234 5638652 -2575
32316232 5638950 -2525
32316234 5638950 -2525
32316234 5638770 -2275
32316199 5638950 -2225
32316234 5638950 -2241
32316087 5638950 -2175
32316234 5638818 -2125
32315978 5638950 -2125
32316000 5638857 -2105
32316234 5638761 -2075
32316058 5638950 -2025
32316234 5638950 -2044
32316158 5638950 -1875
32316234 5638950 -1911
32316234 5638931 -1875
32316234 5638950 -1872
32315953 5638950 -1725
32316234 5638667 -1275
32316234 5638801 -1225
32316234 5638924 -1175
32316166 5638950 -1125
32316234 5638950 -1163
32316078 5638950 -1075
32315988 5638950 -1025
32316234 5638952 -2525
32316234 5638951 -2475
32316230 5639250 -2425
32316234 5639250 -2425
32316234 5639015 -2225
32316234 5639217 -2175
32316145 5639250 -2125
32316234 5639250 -2166
32316039 5639250 -2075
32316234 5639082 -2025
32315934 5639250 -2025
32316234 5639024 -1975
32316234 5638965 -1925
32316234 5639083 -1875
32316234 5639250 -1882
32316163 5639250 -1875
32316234 5639250 -1827
32316234 5639248 -1825
32316229 5639250 -1825
32316234 5639224 -1775
32316128 5639250 -1775
32316234 5639199 -1725
32316027 5639250 -1725
32316234 5639250 -1717
32315935 5639250 -1675
32315962 5639250 -1625
32315988 5639250 -1575
32316234 5639044 -1125
32316234 5639161 -1075
32316217 5639250 -1025
32316234 5639250 -1034
32316128 5639250 -975
32316038 5639250 -925
32315947 5639250 -875
32316234 5639252 -2425
32316234 5639251 -2375
32316234 5639550 -2325
32316234 5639386 -2125
32316234 5639547 -2075
32316132 5639550 -2025
32316234 5639550 -2074
32316028 5639550 -1975
32316234 5639306 -1875
32316163 5639550 -1775
32316234 5639406 -1775
32316234 5639550 -1783
32316226 5639538 -1726
32316234 5639550 -1725
32316233 5639550 -1725
32316234 5639525 -1675
32316132 5639550 -1675
32316234 5639501 -1625
32316030 5639550 -1625
32316234 5639477 -1575
32315961 5639550 -1525
32316234 5639550 -1563
32315987 5639550 -1475
32316012 5639550 -1425
32316037 5639550 -1375
32316234 5639275 -1025
32316234 5639410 -975
32316233 5639550 -925
32316234 5639550 -925
32316128 5639550 -875
32316021 5639550 -825
32316234 5639551 -2325
32316234 5639551 -2275
32316234 5639850 -2225
32316234 5639680 -2025
32316234 5639810 -1975
32316164 5639850 -1925
32316234 5639850 -1959
32316061 5639850 -1875
32315959 5639850 -1825
32316234 5639612 -1775
32316199 5639850 -1625
32316234 5639789 -1625
32316234 5639850 -1629
32316234 5639850 -1598
32316186 5639850 -1575
32316234 5639814 -1525
32316083 5639850 -1525
32316002 5639766 -1495
32316234 5639790 -1475
32315978 5639850 -1475
32316234 5639766 -1425
32316234 5639743 -1375
32315998 5639850 -1325
32316234 5639850 -1359
32316022 5639850 -1275
32316046 5639850 -1225
32316234 5639551 -925
32316234 5639645 -875
32316234 5639737 -825
32316234 5639823 -775
32316162 5639850 -725
32316234 5639850 -758
32316059 5639850 -675
32315962 5639850 -625
32316536 5624267 -2975
32316536 5624550 -2927
32316536 5624850 -2927
32316536 5625150 -2927
32316517 5625450 -2925
32316536 5625450 -2927
32316536 5625467 -2925
32316536 5625750 -2878
32316536 5626050 -2878
32316536 5626350 -2878
32316536 5626650 -2878
32316536 5626950 -2878
32316536 5627250 -2878
32316536 5627550 -2878
32316536 5627850 -2878
32316536 5628150 -2878
32316536 5628450 -2878
32316536 5628750 -2878
32316536 5629050 -2878
32316536 5629350 -2878
32316515 5629650 -2925
32316536 5629629 -2925
32316536 5629650 -2928
32316536 5629950 -2928
32316536 5630250 -2928
32316536 5630550 -2928
32316536 5630850 -2928
32316536 5631129 -2975
32316536 5635650 -135
32316536 5635637 -125
32316500 5635950 -375
32316536 5635950 -378
32316536 5635945 -375
32316536 5635880 -325
32316536 5635817 -275
32316536 5635756 -225
32316536 5635696 -175
32316288 5636250 -575
32316536 5636250 -624
32316536 5636187 -575
32316536 5636124 -525
32316536 5636063 -475
32316536 5636004 -425
32316324 5636550 -825
32316536 5636550 -872
32316536 5636489 -825
32316536 5636426 -775
32316536 5636366 -725
32316536 5636307 -675
32316536 5636250 -625
32316536 5636555 -2975
32316536 5636850 -2925
32316437 5636850 -1075
32316536 5636850 -1095
32316536 5636819 -1075
32316536 5636748 -1025
32316536 5636680 -975
32316536 5636615 -925
32316536 5636553 -875
32316536 5636855 -2925
32316536 5637150 -2875
32316315 5637150 -1225
32316536 5637150 -1273
32316536 5637061 -1225
32316536 5636975 -1175
32316536 5636894 -1125
32316532 5637450 -2875
32316536 5637450 -2875
32316439 5637450 -1375
32316536 5637450 -1398
32316536 5637388 -1375
32316536 5637267 -1325
32316236 5637450 -1325
32316536 5637152 -1275
32316536 5637453 -2875
32316532 5637750 -2825
32316536 5637750 -2825
32316368 5637750 -1425
32316536 5637750 -1474
32316536 5637550 -1425
32316536 5637753 -2825
32316536 5637755 -2775
32316536 5638050 -2725
32316465 5638050 -2425
32316536 5638050 -2446
32316536 5638042 -2425
32316536 5638050 -2423
32316457 5638050 -1475
32316536 5638050 -1502
32316536 5637759 -1475
32316315 5638050 -1425
32316536 5638052 -2725
32316536 5638350 -2675
32316489 5638350 -2425
32316536 5638350 -2441
32316536 5638316 -2375
32316347 5638350 -2375
32316536 5638311 -2325
32316270 5638350 -2275
32316536 5638350 -2314
32316504 5638350 -1475
32316536 5638350 -1487
32316385 5638350 -1425
32316268 5638350 -1375
32316536 5638351 -2675
32316534 5638650 -2625
32316536 5638650 -2625
32316536 5638531 -2425
32316433 5638650 -2375
32316536 5638650 -2414
32316304 5638650 -2325
32316536 5638578 -2275
32316536 5638586 -2225
32316536 5638572 -2175
32316536 5638650 -2161
32316536 5638423 -1475
32316520 5638650 -1425
32316536 5638650 -1432
32316419 5638650 -1375
32316320 5638650 -1325
32316536 5638651 -2625
32316536 5638651 -2575
32316536 5638950 -2525
32316536 5638902 -2375
32316433 5638950 -2325
32316536 5638950 -2367
32316314 5638950 -2275
32316536 5638868 -2125
32316536 5638852 -2075
32316536 5638938 -2025
32316484 5638950 -2025
32316536 5638950 -2023
32316255 5638950 -1875
32316536 5638675 -1425
32316536 5638841 -1375
32316509 5638950 -1325
32316536 5638950 -1339
32316421 5638950 -1275
32316336 5638950 -1225
32316252 5638950 -1175
32316536 5638951 -2525
32316534 5639250 -2475
32316536 5639250 -2475
32316536 5639141 -2325
32316477 5639250 -2275
32316536 5639250 -2300
32316364 5639250 -2225
32316252 5639250 -2175
32316536 5639142 -1975
32316536 5639226 -1925
32316301 5639056 -1906
32316536 5639202 -1875
32316333 5639250 -1875
32316536 5639250 -1867
32316236 5639250 -1825
32316263 5639250 -1775
32316290 5639250 -1725
32316536 5638988 -1325
32316536 5639115 -1275
32316536 5639235 -1225
32316461 5639250 -1175
32316536 5639250 -1218
32316378 5639250 -1125
32316297 5639250 -1075
32316536 5639251 -2475
32316536 5639250 -2425
32316534 5639550 -2375
32316536 5639550 -2375
32316536 5639338 -2275
32316536 5639509 -2225
32316453 5639550 -2175
32316536 5639550 -2212
32316344 5639550 -2125
32316236 5639550 -2075
32316536 5639527 -1825
32316536 5639502 -1775
32316336 5639550 -1775
32316536 5639478 -1725
32316261 5639550 -1675
32316536 5639550 -1714
32316287 5639550 -1625
32316312 5639550 -1575
32316536 5639342 -1175
32316536 5639444 -1125
32316536 5639543 -1075
32316441 5639550 -1025
32316536 5639550 -1071
32316337 5639550 -975
32316536 5639551 -2375
32316536 5639550 -2325
32316534 5639850 -2275
32316536 5639850 -2275
32316536 5639654 -2175
32316536 5639790 -2125
32316478 5639850 -2075
32316536 5639850 -2102
32316372 5639850 -2025
32316267 5639850 -1975
32316536 5639815 -1675
32316536 5639791 -1625
32316289 5639850 -1625
32316536 5639767 -1575
32316536 5639744 -1525
32316295 5639850 -1475
32316536 5639850 -1509
32316319 5639850 -1425
32316342 5639850 -1375
32316536 5639623 -1025
32316536 5639697 -975
32316536 5639766 -925
32316536 5639830 -875
32316437 5639850 -825
32316536 5639850 -858
32316284 5639850 -775
32316820 5624550 -2975
32316837 5624564 -2975
32316837 5624850 -2927
32316837 5625150 -2927
32316837 5625450 -2927
32316820 5625750 -2925
32316837 5625750 -2927
32316837 5625767 -2925
32316837 5626050 -2877
32316837 5626350 -2878
32316837 5626650 -2878
32316837 5626950 -2878
32316837 5627250 -2878
32316837 5627550 -2878
32316837 5627850 -2878
32316837 5628150 -2878
32316837 5628450 -2878
32316837 5628750 -2878
32316837 5629050 -2878
32316837 5629350 -2904
32316837 5629472 -2925
32316837 5629650 -2928
32316837 5629950 -2928
32316837 5630250 -2928
32316837 5630550 -2928
32316820 5630850 -2975
32316837 5630833 -2975
32316837 5635950 -389
32316837 5635933 -375
32316837 5635879 -325
32316837 5635826 -275
32316837 5635775 -225
32316837 5635726 -175
32316615 5635650 -125
32316837 5635678 -125
32316837 5635650 -93
32316539 5636250 -625
32316837 5636250 -661
32316837 5636207 -625
32316837 5636150 -575
32316837 5636094 -525
32316837 5636039 -475
32316837 5635986 -425
32316553 5636550 -875
32316837 5636550 -917
32316837 5636497 -875
32316837 5636436 -825
32316837 5636377 -775
32316837 5636320 -725
32316837 5636264 -675
32316837 5636555 -2975
32316837 5636850 -2925
32316721 5636850 -1125
32316837 5636850 -1142
32316837 5636823 -1125
32316837 5636753 -1075
32316837 5636686 -1025
32316837 5636621 -975
32316837 5636559 -925
32316833 5637150 -2925
32316837 5637150 -2925
32316544 5637150 -1275
32316837 5637150 -1324
32316837 5637062 -1275
32316837 5636978 -1225
32316837 5636899 -1175
32316837 5637154 -2925
32316837 5637450 -2875
32316667 5637450 -1425
32316837 5637450 -1458
32316837 5637370 -1425
32316837 5637257 -1375
32316837 5637150 -1325
32316837 5637453 -2875
32316837 5637750 -2825
32316748 5637750 -1525
32316837 5637750 -1546
32316837 5637673 -1525
32316837 5637503 -1475
32316539 5637750 -1475
32316837 5637752 -2825
32316833 5638050 -2775
32316837 5638050 -2775
32316824 5638050 -2525
32316837 5638050 -2528
32316837 5638048 -2525
32316837 5638050 -2524
32316548 5638050 -2425
32316781 5638050 -1575
32316837 5638050 -1591
32316837 5637937 -1575
32316612 5638050 -1525
32316837 5638052 -2775
32316835 5638350 -2725
32316837 5638350 -2725
32316808 5638350 -2525
32316837 5638350 -2533
32316837 5638320 -2475
32316645 5638350 -2475
32316837 5638295 -2425
32316575 5638350 -2375
32316837 5638350 -2415
32316604 5638350 -2325
32316777 5638350 -1575
32316837 5638350 -1596
32316638 5638350 -1525
32316837 5638351 -2725
32316837 5638351 -2675
32316837 5638650 -2625
32316837 5638515 -2525
32316711 5638650 -2475
32316837 5638650 -2517
32316566 5638650 -2425
32316837 5638576 -2375
32316837 5638551 -2325
32316837 5638568 -2275
32316648 5638650 -2225
32316837 5638650 -2253
32316621 5638650 -2175
32316837 5638548 -1575
32316746 5638650 -1525
32316837 5638650 -1563
32316632 5638650 -1475
32316837 5638650 -2625
32316836 5638950 -2575
32316837 5638950 -2575
32316822 5638950 -2475
32316837 5638950 -2480
32316688 5638950 -2425
32316555 5638950 -2375
32316837 5638816 -2225
32316837 5638846 -2175
32316681 5638950 -2125
32316837 5638950 -2147
32316641 5638950 -2075
32316549 5638950 -2025
32316837 5638824 -1525
32316795 5638950 -1475
32316837 5638950 -1495
32316696 5638950 -1425
32316601 5638950 -1375
32316837 5638950 -2575
32316837 5638950 -2525
32316837 5638978 -2475
32316837 5639250 -2475
32316837 5639234 -2425
32316719 5639250 -2375
32316837 5639250 -2421
32316596 5639250 -2325
32316837 5639090 -2125
32316837 5639132 -2075
32316837 5639116 -2025
32316650 5639250 -1975
32316837 5639250 -2003
32316561 5639250 -1925
32316589 5639250 -1875
32316837 5639014 -1475
32316837 5639162 -1425
32316802 5639250 -1375
32316837 5639250 -1393
32316714 5639250 -1325
32316628 5639250 -1275
32316546 5639250 -1225
32316837 5639250 -2475
32316837 5639264 -2425
32316837 5639426 -2375
32316837 5639550 -2392
32316798 5639550 -2325
32316837 5639550 -2341
32316680 5639550 -2275
32316564 5639550 -2225
32316837 5639427 -1975
32316837 5639411 -1925
32316837 5639471 -1875
32316675 5639550 -1825
32316837 5639550 -1837
32316587 5639550 -1775
32316613 5639550 -1725
32316837 5639294 -1375
32316837 5639406 -1325
32316837 5639513 -1275
32316783 5639550 -1225
32316837 5639550 -1256
32316700 5639550 -1175
32316620 5639550 -1125
32316541 5639550 -1075
32316837 5639550 -2375
32316837 5639598 -2325
32316837 5639850 -2325
32316836 5639850 -2325
32316837 5639744 -2275
32316808 5639850 -2225
32316837 5639850 -2237
32316696 5639850 -2175
32316585 5639850 -2125
32316837 5639583 -1825
32316837 5639699 -1775
32316837 5639765 -1725
32316837 5639741 -1675
32316596 5639850 -1625
32316837 5639850 -1659
32316621 5639850 -1575
32316645 5639850 -1525
32316837 5639610 -1225
32316837 5639704 -1175
32316837 5639797 -1125
32316805 5639850 -1075
32316837 5639850 -1096
32316734 5639850 -1025
32316669 5639850 -975
32316608 5639850 -925
32316553 5639850 -875
32317124 5624850 -2975
32317138 5624863 -2975
32317138 5625150 -2927
32317138 5625450 -2927
32317138 5625750 -2927
32317121 5626050 -2925
32317138 5626050 -2927
32317138 5626080 -2925
32317138 5626350 -2880
32317138 5626650 -2877
32317138 5626950 -2878
32317138 5627250 -2878
32317138 5627550 -2878
32317138 5627850 -2878
32317138 5628150 -2878
32317138 5628450 -2878
32317138 5628750 -2878
32317138 5629050 -2898
32316961 5629350 -2925
32317138 5629209 -2925
32317138 5629350 -2928
32317138 5629650 -2928
32317138 5629950 -2928
32317138 5630250 -2928
32317138 5630550 -2928
32317138 5630828 -2975
32316954 5635950 -375
32317138 5635950 -351
32317138 5635925 -325
32317138 5635879 -275
32317138 5635835 -225
32317138 5636250 -655
32317138 5636217 -625
32317138 5636165 -575
32317138 5636114 -525
32317138 5636065 -475
32317138 5636017 -425
32317138 5635971 -375
32317067 5636550 -925
32317138 5636550 -927
32317138 5636547 -925
32317138 5636488 -875
32317138 5636431 -825
32317138 5636375 -775
32317138 5636322 -725
32317138 5636269 -675
32317133 5636850 -2975
32317138 5636850 -1162
32317138 5636798 -1125
32317138 5636732 -1075
32317138 5636668 -1025
32317138 5636606 -975
32317138 5636855 -2975
32317138 5637150 -2925
32316839 5637150 -1325
32317138 5637150 -1353
32317138 5637102 -1325
32317138 5637021 -1275
32317138 5636943 -1225
32317138 5636868 -1175
32317138 5637154 -2925
32317138 5637450 -2875
32316961 5637450 -1475
32317138 5637450 -1498
32317138 5637399 -1475
32317138 5637293 -1425
32317138 5637192 -1375
32317138 5637453 -2875
32317138 5637750 -2825
32316999 5637750 -1575
32317138 5637750 -1599
32317138 5637674 -1575
32317138 5637526 -1525
32317138 5637752 -2825
32317138 5638050 -2775
32316839 5638050 -2525
32316985 5638050 -1625
32317138 5638050 -1659
32317138 5637874 -1625
32317138 5638051 -2775
32317138 5638350 -2725
32316996 5638350 -2575
32317138 5638350 -2611
32317138 5638331 -2575
32317138 5638307 -2525
32316871 5638350 -2475
32317138 5638350 -2517
32316900 5638350 -2425
32317112 5638350 -1675
32317138 5638350 -1682
32317138 5638249 -1675
32316937 5638350 -1625
32317138 5638350 -2725
32317137 5638650 -2675
32317138 5638650 -2675
32317032 5638650 -2575
32317138 5638650 -2605
32316861 5638650 -2525
32317138 5638583 -2475
32317138 5638558 -2425
32316921 5638650 -2375
32317138 5638650 -2408
32316950 5638650 -2325
32316979 5638650 -2275
32317138 5638527 -1675
32317010 5638650 -1625
32317138 5638650 -1669
32316868 5638650 -1575
32317138 5638650 -2675
32317138 5638650 -2625
32317129 5638950 -2575
32316974 5638950 -2525
32317138 5638843 -2375
32317138 5638817 -2325
32317138 5638791 -2275
32316986 5638950 -2225
32317138 5638950 -2247
32317015 5638950 -2175
32317138 5638936 -1625
32317022 5638950 -1575
32317138 5638950 -1622
32316904 5638950 -1525
32316986 5639250 -2475
32316845 5639250 -2425
32317138 5639088 -2225
32317138 5639062 -2175
32317138 5639112 -2125
32317037 5639250 -2075
32317138 5639250 -2089
32316979 5639250 -2025
32317138 5639131 -1575
32317101 5639250 -1525
32317138 5639250 -1542
32316998 5639250 -1475
32316897 5639250 -1425
32316924 5639550 -2375
32317138 5639345 -2075
32317138 5639403 -2025
32317138 5639386 -1975
32317070 5639550 -1925
32317138 5639550 -1934
32316920 5639550 -1875
32317138 5639297 -1525
32317138 5639430 -1475
32317132 5639550 -1425
32317138 5639550 -1428
32317040 5639550 -1375
32316952 5639550 -1325
32316867 5639550 -1275
32317050 5639850 -2325
32316927 5639850 -2275
32317138 5639615 -1925
32317138 5639687 -1875
32317138 5639671 -1825
32316990 5639850 -1775
32317138 5639850 -1797
32316924 5639850 -1725
32316949 5639850 -1675
32317138 5639557 -1425
32317138 5639663 -1375
32317138 5639768 -1325
32317120 5639850 -1275
32317138 5639850 -1285
32317037 5639850 -1225
32316957 5639850 -1175
32316879 5639850 -1125
32317439 5625163 -2975
32317426 5625150 -2975
32317439 5625450 -2927
32317439 5625750 -2927
32317439 5626050 -2927
32317410 5626350 -2925
32317439 5626350 -2927
32317423 5626650 -2925
32317439 5626650 -2927
32317439 5626673 -2925
32317439 5626950 -2879
32317439 5627250 -2877
32317439 5627550 -2878
32317439 5627850 -2878
32317439 5628150 -2878
32317439 5628450 -2878
32317420 5628750 -2925
32317439 5628728 -2925
32317439 5628750 -2928
32317300 5629050 -2925
32317439 5629050 -2928
32317439 5629350 -2928
32317439 5629650 -2928
32317439 5629950 -2928
32317439 5630250 -2928
32317418 5630550 -2975
32317439 5630528 -2975
32317211 5635950 -325
32317291 5636250 -625
32317439 5636250 -594
32317439 5636231 -575
32317439 5636186 -525
32317439 5636141 -475
32317439 5636098 -425
32317439 5636057 -375
32317439 5636017 -325
32317342 5635950 -275
32317439 5635979 -275
32317439 5635950 -235
32317160 5636550 -925
32317439 5636550 -894
32317439 5636528 -875
32317439 5636475 -825
32317439 5636423 -775
32317439 5636373 -725
32317439 5636325 -675
32317439 5636278 -625
32317439 5636850 -1148
32317439 5636820 -1125
32317439 5636757 -1075
32317439 5636697 -1025
32317439 5636639 -975
32317439 5636583 -925
32317439 5636859 -2975
32317439 5637150 -2926
32317439 5637150 -1354
32317439 5637104 -1325
32317439 5637028 -1275
32317439 5636956 -1225
32317439 5636886 -1175
32317439 5637158 -2925
32317439 5637450 -2876
32317439 5637450 -1513
32317439 5637373 -1475
32317439 5637278 -1425
32317439 5637186 -1375
32317439 5637459 -2875
32317439 5637750 -2825
32317393 5637750 -1625
32317439 5637750 -1629
32317439 5637737 -1625
32317439 5637604 -1575
32317439 5637477 -1525
32317439 5637751 -2825
32317439 5638050 -2775
32317239 5638050 -1675
32317439 5638050 -1705
32317439 5637927 -1675
32317439 5638051 -2775
32317439 5638350 -2725
32317203 5638350 -2625
32317439 5638350 -2673
32317439 5638326 -2625
32317159 5638350 -2575
32317439 5638350 -2620
32317187 5638350 -2525
32317345 5638350 -1725
32317439 5638350 -1744
32317439 5638198 -1725
32317439 5638350 -2725
32317439 5638470 -2675
32317430 5638650 -2675
32317220 5638650 -2625
32317439 5638598 -2575
32317439 5638573 -2525
32317213 5638650 -2475
32317439 5638650 -2510
32317242 5638650 -2425
32317349 5638650 -1725
32317439 5638650 -1748
32317158 5638650 -1675
32317439 5638854 -2475
32317439 5638828 -2425
32317439 5638802 -2375
32317284 5638950 -2325
32317439 5638950 -2349
32317313 5638950 -2275
32317439 5638896 -1725
32317299 5638950 -1675
32317439 5638950 -1719
32317145 5638950 -1625
32317439 5639094 -2325
32317439 5639067 -2275
32317312 5639250 -2225
32317439 5639250 -2244
32317340 5639250 -2175
32317368 5639250 -2125
32317439 5639168 -1675
32317352 5639250 -1625
32317439 5639250 -1657
32317221 5639250 -1575
32317439 5639371 -2225
32317439 5639344 -2175
32317439 5639318 -2125
32317352 5639550 -2075
32317439 5639550 -2088
32317379 5639550 -2025
32317407 5639550 -1975
32317439 5639355 -1625
32317439 5639512 -1575
32317352 5639550 -1525
32317439 5639550 -1562
32317239 5639550 -1475
32317439 5639636 -2075
32317439 5639609 -2025
32317439 5639582 -1975
32317375 5639850 -1925
32317439 5639850 -1934
32317401 5639850 -1875
32317318 5639850 -1825
32317439 5639638 -1525
32317439 5639753 -1475
32317424 5639850 -1425
32317439 5639850 -1432
32317319 5639850 -1375
32317217 5639850 -1325
32317740 5625750 -2927
32317740 5626050 -2927
32317740 5626350 -2927
32317740 5626650 -2927
32317717 5626950 -2925
32317740 5626950 -2927
32317724 5627250 -2925
32317740 5627250 -2927
32317723 5627550 -2925
32317740 5627550 -2927
32317723 5627850 -2925
32317740 5627850 -2927
32317722 5628150 -2925
32317740 5628150 -2928
32317719 5628450 -2925
32317740 5628450 -2928
32317740 5628750 -2928
32317740 5629050 -2928
32317740 5629350 -2928
32317740 5629650 -2928
32317740 5629950 -2928
32317724 5630250 -2975
32317740 5630233 -2975
32317487 5636250 -575
32317606 5636250 -525
32317719 5636250 -475
32317740 5636250 -465
32317740 5636218 -425
32317740 5636181 -375
32317740 5636145 -325
32317517 5636550 -875
32317703 5636550 -825
32317740 5636550 -814
32317740 5636512 -775
32317740 5636466 -725
32317740 5636421 -675
32317740 5636378 -625
32317740 5636336 -575
32317740 5636296 -525
32317740 5636257 -475
32317582 5636850 -1125
32317740 5636850 -1097
32317740 5636823 -1075
32317740 5636767 -1025
32317740 5636713 -975
32317740 5636660 -925
32317740 5636609 -875
32317740 5636560 -825
32317740 5636859 -2975
32317740 5637150 -2926
32317740 5637150 -1325
32317740 5637149 -1325
32317740 5637079 -1275
32317740 5637011 -1225
32317740 5636946 -1175
32317740 5636883 -1125
32317733 5637450 -2925
32317740 5637450 -2926
32317740 5637450 -1503
32317740 5637399 -1475
32317740 5637313 -1425
32317740 5637229 -1375
32317740 5637457 -2925
32317732 5637750 -2875
32317740 5637750 -2876
32317740 5637750 -1635
32317740 5637724 -1625
32317740 5637608 -1575
32317740 5637497 -1525
32317740 5637756 -2875
32317739 5638050 -2825
32317740 5638050 -2825
32317710 5638050 -1725
32317740 5638050 -1727
32317740 5638042 -1725
32317740 5637876 -1675
32317740 5638051 -2825
32317740 5638350 -2775
32317740 5638350 -2775
32317466 5638350 -2625
32317688 5638350 -1775
32317740 5638350 -1781
32317740 5638313 -1775
32317740 5638350 -2775
32317740 5638350 -2725
32317740 5638621 -2675
32317740 5638596 -2625
32317497 5638650 -2575
32317740 5638650 -2615
32317524 5638650 -2525
32317591 5638650 -1775
32317740 5638650 -1801
32317740 5638874 -2575
32317740 5638848 -2525
32317740 5638826 -2475
32317571 5638950 -2425
32317740 5638950 -2452
32317599 5638950 -2375
32317686 5638950 -1775
32317740 5638950 -1787
32317463 5638950 -1725
32317740 5639110 -2425
32317740 5639084 -2375
32317604 5639250 -2325
32317740 5639250 -2346
32317631 5639250 -2275
32317740 5639029 -1775
32317684 5639250 -1725
32317740 5639250 -1740
32317501 5639250 -1675
32317740 5639383 -2325
32317740 5639356 -2275
32317740 5639329 -2225
32317649 5639550 -2175
32317740 5639550 -2189
32317676 5639550 -2125
32317740 5639308 -1725
32317740 5639493 -1675
32317632 5639550 -1625
32317740 5639550 -1659
32317477 5639550 -1575
32317740 5639642 -2175
32317740 5639615 -2125
32317740 5639588 -2075
32317677 5639850 -2025
32317740 5639850 -2034
32317702 5639850 -1975
32317662 5639850 -1875
32317740 5639850 -1900
32317740 5639818 -1875
32317740 5639850 -1870
32317740 5639639 -1625
32317740 5639765 -1575
32317696 5639850 -1525
32317740 5639850 -1540
32317557 5639850 -1475
32318042 5626350 -2927
32318042 5626650 -2927
32318042 5626950 -2927
32318042 5627250 -2927
32318042 5627550 -2927
32318042 5627850 -2927
32318042 5628150 -2927
32318042 5628450 -2927
32318042 5628750 -2927
32318042 5629050 -2928
32318042 5629350 -2928
32318042 5629650 -2928
32318032 5629950 -2975
32318042 5629940 -2975
32317835 5636550 -775
32317950 5636550 -725
32318042 5636550 -683
32318042 5636543 -675
32318042 5636503 -625
32318042 5636464 -575
32318042 5636427 -525
32318042 5636391 -475
32317804 5636250 -425
32318042 5636356 -425
32317880 5636250 -375
32318042 5636322 -375
32317821 5636850 -1075
32317991 5636850 -1025
32318042 5636850 -1009
32318042 5636815 -975
32318042 5636766 -925
32318042 5636718 -875
32318042 5636672 -825
32318042 5636628 -775
32318042 5636584 -725
32318042 5636863 -2975
32318042 5637150 -2926
32317744 5637150 -1325
32317999 5637150 -1275
32318042 5637150 -1266
32318042 5637098 -1225
32318042 5637037 -1175
32318042 5636978 -1125
32318042 5636921 -1075
32318042 5636866 -1025
32318042 5637450 -2926
32317972 5637450 -1475
32318042 5637450 -1466
32318042 5637384 -1425
32318042 5637308 -1375
32318042 5637233 -1325
32318042 5637162 -1275
32318042 5637457 -2925
32318042 5637750 -2876
32317916 5637750 -1625
32318042 5637750 -1616
32318042 5637663 -1575
32318042 5637563 -1525
32318042 5637466 -1475
32318042 5637756 -2875
32318042 5638050 -2826
32318042 5638050 -1725
32318042 5638049 -1725
32318042 5637908 -1675
32318042 5637771 -1625
32318042 5638055 -2825
32318042 5638350 -2775
32318042 5638350 -1794
32318042 5638264 -1775
32318042 5638355 -2775
32318042 5638627 -2725
32317772 5638650 -2675
32318042 5638650 -2720
32317799 5638650 -2625
32318009 5638650 -1825
32318042 5638650 -1827
32318042 5638623 -1825
32318042 5638654 -2675
32318042 5638877 -2625
32317827 5638950 -2575
32318042 5638950 -2610
32317849 5638950 -2525
32317872 5638950 -2475
32318023 5638950 -1825
32318042 5638950 -1827
32318042 5639156 -2575
32318042 5639135 -2525
32318042 5639110 -2475
32317885 5639250 -2425
32318042 5639250 -2450
32317912 5639250 -2375
32318031 5639250 -2125
32318042 5639250 -2126
32318042 5639248 -2125
32318042 5639250 -2124
32318042 5638971 -1825
32317938 5639250 -1775
32318042 5639250 -1793
32318042 5639405 -2425
32318042 5639378 -2375
32318042 5639354 -2325
32317934 5639550 -2275
32318042 5639550 -2292
32317960 5639550 -2225
32318042 5639259 -2125
32317845 5639550 -2025
32318042 5639550 -2066
32318042 5639503 -2025
32318042 5639550 -2017
32318042 5639330 -1775
32318042 5639546 -1725
32317813 5639550 -1675
32318042 5639550 -1724
32318042 5639660 -2275
32318042 5639633 -2225
32317941 5639850 -2175
32318042 5639850 -2191
32317967 5639850 -2125
32317992 5639850 -2075
32318042 5639689 -2025
32318042 5639849 -1975
32318040 5639850 -1975
32318042 5639850 -1975
32318042 5639789 -1925
32317838 5639850 -1925
32317769 5639850 -1875
32318042 5639850 -1916
32318042 5639691 -1675
32318042 5639829 -1625
32317875 5639850 -1575
32318042 5639850 -1617
32318343 5626950 -2927
32318343 5627250 -2927
32318343 5627550 -2927
32318343 5627850 -2927
32318343 5628150 -2927
32318343 5628450 -2927
32318343 5628750 -2927
32318343 5629050 -2927
32318343 5629350 -2927
32318325 5629650 -2975
32318343 5629631 -2975
32318057 5636550 -675
32318144 5636550 -625
32318228 5636550 -575
32318310 5636550 -525
32318128 5636850 -975
32318249 5636850 -925
32318343 5636850 -884
32318343 5636841 -875
32318343 5636798 -825
32318343 5636756 -775
32318343 5636715 -725
32318343 5636676 -675
32318343 5636637 -625
32318343 5636600 -575
32318343 5636564 -525
32318343 5636550 -503
32318330 5637150 -2975
32318185 5637150 -1225
32318343 5637150 -1177
32318343 5637147 -1175
32318343 5637092 -1125
32318343 5637038 -1075
32318343 5636987 -1025
32318343 5636936 -975
32318343 5636888 -925
32318343 5637159 -2975
32318343 5637450 -2926
32318242 5637450 -1425
32318343 5637450 -1403
32318343 5637409 -1375
32318343 5637340 -1325
32318343 5637274 -1275
32318343 5637209 -1225
32318343 5637457 -2925
32318343 5637750 -2876
32318342 5637750 -1575
32318343 5637750 -1574
32318343 5637659 -1525
32318343 5637571 -1475
32318343 5637485 -1425
32318343 5637756 -2875
32318343 5638050 -2825
32318042 5638050 -1725
32318343 5638050 -1699
32318343 5637987 -1675
32318343 5637867 -1625
32318343 5637750 -1575
32318343 5638055 -2825
32318343 5638350 -2775
32318343 5638350 -1784
32318343 5638316 -1775
32318343 5638137 -1725
32318343 5638355 -2775
32318066 5638650 -2725
32318343 5638650 -2725
32318343 5638650 -1831
32318343 5638609 -1825
32318343 5638654 -2725
32318343 5638906 -2675
32318119 5638950 -2625
32318343 5638950 -2666
32318343 5638950 -1842
32318343 5638953 -2625
32318343 5639143 -2575
32318159 5639250 -2525
32318343 5639250 -2556
32318185 5639250 -2475
32318044 5639250 -2125
32318343 5639188 -1825
32318343 5639250 -1820
32318343 5639434 -2525
32318343 5639409 -2475
32318185 5639550 -2425
32318343 5639550 -2451
32318211 5639550 -2375
32318235 5639550 -2325
32318343 5639513 -2075
32318100 5639550 -2075
32318343 5639550 -2109
32318085 5639550 -2025
32318343 5639550 -2069
32318343 5639486 -1775
32318048 5639550 -1725
32318343 5639550 -1762
32318343 5639713 -2425
32318343 5639687 -2375
32318343 5639661 -2325
32318223 5639850 -2275
32318343 5639850 -2294
32318248 5639850 -2225
32318343 5639678 -2075
32318343 5639850 -2028
32318343 5639846 -2025
32318324 5639850 -2025
32318343 5639789 -1975
32318093 5639850 -1925
32318343 5639850 -1966
32318343 5639672 -1725
32318343 5639829 -1675
32318086 5639850 -1625
32318343 5639850 -1668
32318644 5627850 -2927
32318644 5628150 -2927
32318644 5628450 -2927
32318644 5628750 -2930
32318628 5629050 -2975
32318644 5629012 -2975
32318627 5629350 -2975
32318362 5636850 -875
32318463 5636850 -825
32318561 5636850 -775
32318644 5636850 -730
32318644 5636845 -725
32318644 5636807 -675
32318644 5636770 -625
32318644 5636734 -575
32318349 5637150 -1175
32318485 5637150 -1125
32318614 5637150 -1075
32318644 5637150 -1062
32318644 5637112 -1025
32318644 5637064 -975
32318644 5637018 -925
32318644 5636972 -875
32318644 5636929 -825
32318644 5636886 -775
32318644 5637159 -2975
32318644 5637450 -2926
32318446 5637450 -1375
32318620 5637450 -1325
32318644 5637450 -1317
32318644 5637396 -1275
32318644 5637335 -1225
32318644 5637275 -1175
32318644 5637218 -1125
32318644 5637163 -1075
32318644 5637458 -2925
32318644 5637750 -2876
32318582 5637750 -1525
32318644 5637750 -1511
32318644 5637690 -1475
32318644 5637611 -1425
32318644 5637534 -1375
32318644 5637460 -1325
32318644 5637756 -2875
32318644 5638050 -2825
32318511 5638050 -1675
32318644 5638050 -1654
32318644 5637986 -1625
32318644 5637880 -1575
32318644 5637777 -1525
32318644 5638055 -2825
32318644 5638350 -2775
32318436 5638350 -1775
32318644 5638350 -1753
32318644 5638262 -1725
32318644 5638111 -1675
32318644 5638355 -2775
32318644 5638650 -2725
32318451 5638650 -1825
32318644 5638650 -1813
32318644 5638456 -1775
32318644 5638654 -2725
32318388 5638950 -2675
32318644 5638950 -2675
32318644 5638950 -1837
32318644 5638795 -1825
32318644 5638953 -2675
32318644 5638953 -2625
32318451 5639250 -2575
32318644 5639250 -2575
32318609 5639250 -1825
32318644 5639250 -1825
32318644 5639253 -2575
32318456 5639550 -2525
32318644 5639550 -2525
32318481 5639550 -2475
32318545 5639550 -2125
32318644 5639550 -2132
32318644 5639542 -2125
32318644 5639492 -2075
32318644 5639550 -2065
32318644 5639254 -1825
32318569 5639550 -1775
32318644 5639550 -1779
32318644 5639552 -2525
32318644 5639552 -2475
32318644 5639695 -2425
32318497 5639850 -2375
32318644 5639850 -2399
32318521 5639850 -2325
32318644 5639584 -2125
32318644 5639797 -2075
32318644 5639809 -2025
32318644 5639850 -2062
32318644 5639756 -1975
32318644 5639850 -1960
32318644 5639565 -1775
32318644 5639749 -1725
32318413 5639850 -1675
32318644 5639850 -1697
32318912 5628750 -2975
32318932 5628450 -2975
32318735 5637150 -1025
32318850 5637150 -975
32318945 5637150 -932
32318945 5637143 -925
32318945 5637099 -875
32318945 5637056 -825
32318945 5637014 -775
32318655 5636850 -725
32318945 5636973 -725
32318748 5636850 -675
32318945 5636933 -675
32318945 5637159 -2975
32318945 5637450 -2926
32318773 5637450 -1275
32318917 5637450 -1225
32318945 5637450 -1214
32318945 5637404 -1175
32318945 5637349 -1125
32318945 5637295 -1075
32318945 5637243 -1025
32318945 5637192 -975
32318945 5637458 -2925
32318945 5637750 -2876
32318783 5637750 -1475
32318945 5637750 -1430
32318945 5637741 -1425
32318945 5637668 -1375
32318945 5637598 -1325
32318945 5637529 -1275
32318945 5637463 -1225
32318945 5637757 -2875
32318945 5638050 -2826
32318787 5638050 -1625
32318945 5638050 -1590
32318945 5638018 -1575
32318945 5637922 -1525
32318945 5637830 -1475
32318945 5638056 -2825
32318945 5638350 -2775
32318824 5638350 -1725
32318945 5638350 -1704
32318945 5638268 -1675
32318945 5638137 -1625
32318945 5638355 -2775
32318945 5638650 -2725
32318945 5638650 -1777
32318945 5638638 -1775
32318945 5638431 -1725
32318945 5638654 -2725
32318945 5638950 -2675
32318798 5638950 -1825
32318945 5638950 -1812
32318945 5638953 -2675
32318943 5639250 -2625
32318945 5639250 -2625
32318659 5639250 -1825
32318945 5639250 -1812
32318945 5639252 -2625
32318945 5639253 -2575
32318945 5639550 -2525
32318945 5639550 -2140
32318945 5639535 -2125
32318696 5639550 -2075
32318945 5639550 -2122
32318945 5639550 -1777
32318945 5639552 -2525
32318945 5639566 -2475
32318789 5639850 -2425
32318945 5639850 -2427
32318945 5639628 -2125
32318859 5639850 -2075
32318945 5639850 -2080
32318945 5639844 -2075
32318945 5639794 -2025
32318722 5639850 -1975
32318945 5639850 -2016
32318945 5639559 -1775
32318945 5639775 -1725
32318945 5639850 -1707
32318962 5637150 -925
32319077 5637150 -875
32319246 5637159 -2975
32319246 5637450 -2926
32319057 5637450 -1175
32319191 5637450 -1125
32319246 5637450 -1103
32319246 5637419 -1075
32319246 5637367 -1025
32319246 5637317 -975
32319246 5637268 -925
32319246 5637220 -875
32319190 5637150 -825
32319246 5637173 -825
32319246 5637150 -798
32319246 5637458 -2925
32319246 5637750 -2876
32318964 5637750 -1425
32319130 5637750 -1375
32319246 5637750 -1338
32319246 5637731 -1325
32319246 5637664 -1275
32319246 5637599 -1225
32319246 5637536 -1175
32319246 5637475 -1125
32319246 5637757 -2875
32319246 5638050 -2826
32319011 5638050 -1575
32319209 5638050 -1525
32319246 5638050 -1515
32319246 5637978 -1475
32319246 5637892 -1425
32319246 5637809 -1375
32319246 5638056 -2825
32319246 5638350 -2775
32319094 5638350 -1675
32319246 5638350 -1642
32319246 5638306 -1625
32319246 5638187 -1575
32319246 5638072 -1525
32319246 5638355 -2775
32319246 5638650 -2725
32318963 5638650 -1775
32319246 5638650 -1728
32319246 5638638 -1725
32319246 5638460 -1675
32319246 5638654 -2725
32319246 5638950 -2675
32319242 5638950 -1775
32319246 5638950 -1774
32319246 5638953 -2675
32319246 5639250 -2625
32319246 5639250 -1784
32319246 5638966 -1775
32319246 5639253 -2625
32319246 5639253 -2575
32319246 5639550 -2525
32319246 5639550 -2135
32319246 5639541 -2125
32319246 5639550 -2123
32319246 5639371 -1775
32318987 5639550 -1775
32319246 5639550 -1760
32319246 5639552 -2525
32319228 5639850 -2475
32319246 5639850 -2475
32319246 5639610 -2125
32319246 5639840 -2075
32319246 5639850 -2084
32319246 5639793 -2025
32319246 5639850 -2015
32319246 5639734 -1725
32319246 5639850 -1702
32319548 5637159 -2975
32319548 5637450 -2926
32319328 5637450 -1075
32319467 5637450 -1025
32319548 5637450 -995
32319548 5637429 -975
32319548 5637379 -925
32319548 5637458 -2925
32319548 5637750 -2876
32319290 5637750 -1325
32319450 5637750 -1275
32319548 5637750 -1243
32319548 5637726 -1225
32319548 5637663 -1175
32319548 5637602 -1125
32319548 5637542 -1075
32319548 5637483 -1025
32319548 5637757 -2875
32319548 5638050 -2826
32319397 5638050 -1475
32319548 5638050 -1432
32319548 5638036 -1425
32319548 5637955 -1375
32319548 5637875 -1325
32319548 5637798 -1275
32319548 5638056 -2825
32319548 5638350 -2775
32319326 5638350 -1625
32319537 5638350 -1575
32319548 5638350 -1572
32319548 5638245 -1525
32319548 5638137 -1475
32319548 5638355 -2775
32319548 5638650 -2725
32319263 5638650 -1725
32319516 5638650 -1675
32319548 5638650 -1668
32319548 5638511 -1625
32319548 5638357 -1575
32319548 5638654 -2725
32319548 5638950 -2675
32319548 5638950 -1725
32319548 5638948 -1725
32319548 5638683 -1675
32319548 5638953 -2675
32319548 5639250 -2625
32319324 5639250 -1775
32319548 5639250 -1745
32319548 5639253 -2625
32319548 5639253 -2575
32319548 5639550 -2525
32319255 5639550 -2125
32319548 5639550 -1732
32319548 5639552 -2525
32319548 5639850 -2475
32319548 5639847 -2075
32319548 5639850 -2078
32319294 5639850 -2025
32319548 5639850 -2074
32319548 5639596 -1725
32319548 5639850 -1685
32319849 5637159 -2975
32319849 5637450 -2926
32319849 5637458 -2925
32319849 5637750 -2876
32319611 5637750 -1225
32319780 5637750 -1175
32319849 5637750 -1153
32319849 5637713 -1125
32319849 5637652 -1075
32319849 5637592 -1025
32319849 5637757 -2875
32319849 5638050 -2826
32319578 5638050 -1425
32319763 5638050 -1375
32319849 5638050 -1351
32319849 5638008 -1325
32319849 5637930 -1275
32319849 5637854 -1225
32319849 5637780 -1175
32319849 5638059 -2825
32319849 5638350 -2776
32319746 5638350 -1525
32319849 5638350 -1499
32319849 5638299 -1475
32319849 5638196 -1425
32319849 5638096 -1375
32319849 5638355 -2775
32319849 5638650 -2725
32319754 5638650 -1625
32319849 5638650 -1604
32319849 5638564 -1575
32319849 5638421 -1525
32319849 5638654 -2725
32319849 5638950 -2675
32319550 5638950 -1725
32319822 5638950 -1675
32319849 5638950 -1669
32319849 5638743 -1625
32319849 5638954 -2675
32319849 5639250 -2625
32319687 5639250 -1725
32319849 5639250 -1699
32319849 5639000 -1675
32319849 5639253 -2625
32319847 5639550 -2575
32319849 5639550 -2575
32319608 5639550 -1725
32319849 5639550 -1695
32319849 5639552 -2575
32319849 5639552 -2525
32319849 5639850 -2475
32319617 5639850 -2075
32319670 5639850 -1675
32319849 5639722 -1675
32319849 5639850 -1659
