1113.11063	10.4243206	723.823562
1095.82562	36.4573395	706.503821
1106.66131	77.4774195	717.50954
1105.64839	86.8879711	716.511469
1095.98809	128.410184	706.917295
1114.01438	163.673106	725.047766
1095.30724	201.345762	706.328836
1107.7707	241.802003	718.778618
1102.66259	262.175804	713.65899
1096.50398	293.376556	707.457154
1112.36803	327.520996	723.198981
1095.43826	366.214491	706.179649
1109.93428	406.048332	720.409919
1102.48203	427.072494	712.868714
1102.4712	470.22404	712.546233
1111.50781	491.537777	721.362269
1096.40557	531.088556	706.004428
1113.63139	570.199197	722.697104
1103.23955	591.995388	712.127217
1104.75978	635.122221	713.115056
1111.56071	655.702034	719.60456
1098.18293	695.982379	705.786627
1119.20776	734.193543	726.161604
1099.95201	768.669758	706.554237
1107.63302	800.023479	713.809024
1112.01936	819.984868	717.936951
1100.13977	860.884713	705.637712
1126.36144	897.901826	731.441507
1100.9088	933.558097	705.82624
1111.88112	974.952698	716.661137
1111.80575	984.335512	716.571394
1101.06753	1025.77609	705.829864
1126.1842	1061.30344	731.013145
1100.41552	1098.43497	705.546954
1112.52308	1139.29018	718.002882
1107.96387	1159.30766	713.666044
1100.42623	1190.67362	706.503262
1119.61262	1225.02647	726.031322
1098.62817	1263.32479	705.672716
1112.23838	1303.5659	719.741725
1105.16141	1324.19195	712.98821
1103.71983	1367.30446	712.110956
1114.04418	1389.02677	722.633913
1096.75014	1428.21535	705.923758
1112.15386	1467.72619	721.626809
1102.72169	1489.08007	712.452914
1102.79041	1532.23709	712.890918
1110.12686	1553.18857	720.339133
1095.59625	1593.09286	706.143054
1112.92036	1631.73253	723.587449
1096.53925	1665.91303	707.389889
1102.7941	1697.14604	713.715917
1107.75228	1717.44724	718.701796
1095.30568	1757.9675	706.326394
1114.48358	1795.56053	725.530017
1095.88363	1830.88438	706.876262
1105.6382	1872.38874	716.585126
1106.49737	1881.78273	717.434373
1095.71623	1922.8631	706.52411
1113.5605	1949.34207	724.402364
1100.66838	19.1033382	711.319831
1093.33614	36.3064541	703.996739
1100.79705	66.6633567	711.584397
1095.8243	108.909919	706.717055
1093.41738	128.595074	704.337258
1105.22916	163.930961	716.227332
1092.88609	201.226382	703.903156
1103.24537	241.44998	714.248524
1095.04854	273.837256	706.042228
1093.7579	293.50768	704.714683
1104.85324	327.917161	715.689882
1093.00104	366.145895	703.750748
1104.17898	405.605498	714.677032
1094.90943	438.791776	705.271326
1094.74788	458.397676	704.97147
1104.81884	491.995056	714.704326
1093.85961	531.062235	703.476289
1105.51804	569.662128	714.640702
1095.56363	603.741915	704.378894
1096.44616	623.234495	705.01706
1105.40469	656.168621	713.484543
1095.44201	695.97136	703.063853
1107.02899	733.655402	714.065779
1096.81536	768.664233	703.434393
1098.53585	788.00126	704.894284
1104.46178	831.174431	710.271028
1097.17072	860.869589	702.67616
1108.20884	897.632062	713.371835
1097.79561	933.55657	702.716733
1104.65611	963.518001	709.461901
1104.66805	995.774237	709.418591
1097.92408	1025.75548	702.688427
1108.32762	1061.61046	713.230934
1097.42707	1098.44212	702.563112
1104.75671	1128.07061	710.140978
1098.81818	1171.3188	704.672025
1097.2101	1190.6415	703.300587
1107.24707	1225.5932	713.744478
1095.83778	1263.33857	702.898643
1105.73021	1303.07107	713.269773
1096.73466	1336.09388	704.780438
1095.93265	1355.55404	704.237819
1105.6502	1389.59486	714.302146
1094.14808	1428.24619	703.340917
1104.96885	1467.23586	714.479241
1094.89031	1500.92704	704.792002
1095.10468	1520.49679	705.170921
1104.16226	1553.65715	714.404389
1093.10702	1593.16183	703.665156
1104.79042	1631.31116	715.472325
1093.73615	1665.8108	704.593887
1095.06348	1685.4452	705.979234
1103.09223	1717.81616	714.043091
1092.83536	1758.0812	703.854716
1104.98459	1795.2987	716.003947
1093.26891	1830.71906	704.255179
1095.69679	1850.36272	706.668811
1100.51613	1892.65652	711.406181
1093.17454	1923.00078	703.967509
1100.24706	1939.93902	711.032648
1089.96769	14.2987684	700.488627
1089.40782	36.175405	700.042549
1090.52582	56.2725855	701.229863
1090.18637	108.628023	701.047959
1089.32196	128.770272	700.228411
1096.26921	163.898733	707.232063
1089.05766	201.137399	700.06916
1090.51491	221.103829	701.527706
1089.86958	273.569118	700.863046
1089.42331	293.716822	700.387163
1096.39653	327.83053	707.245227
1089.19928	366.09572	699.963177
1092.97932	395.95565	703.578872
1090.10679	438.492113	700.493984
1090.1102	458.679366	700.359695
1093.59308	501.402504	703.469339
1090.01007	531.053488	699.654506
1094.05738	560.565858	703.362305
1091.04109	603.410972	699.893693
1091.501	623.704797	700.102212
1092.92157	675.591614	700.835997
1091.49027	696.018879	699.137682
1099.13597	733.815076	706.216824
1092.4895	768.342787	699.135773
1093.35751	788.847829	699.727056
1094.32074	840.260057	700.053145
1093.09967	861.00364	698.612901
1100.5171	897.704899	705.685824
1093.61089	933.308082	698.537035
1094.75563	954.068025	699.579537
1094.79918	1005.25089	699.533942
1093.73005	1026.00216	698.496263
1100.71494	1061.5111	705.616026
1093.35456	1098.30182	698.494522
1094.64847	1119.14635	699.96148
1093.6988	1170.42811	699.55829
1092.86615	1190.97875	698.979073
1099.52547	1225.39737	706.05728
1091.87118	1263.28884	698.9543
1093.33579	1283.87794	700.693144
1091.83619	1335.57218	699.909065
1091.38511	1355.91816	699.728275
1094.37732	1398.57835	703.220621
1090.27543	1428.25689	699.497446
1093.8463	1457.96002	703.341807
1090.2759	1500.60974	700.205976
1090.27459	1520.8404	700.371475
1091.0568	1573.1862	701.50624
1089.28064	1593.21635	699.857321
1096.39989	1631.41877	707.104608
1089.4112	1665.57995	700.280989
1089.85945	1685.76765	700.781995
1090.42457	1738.11882	701.423246
1088.98314	1758.17648	700.001873
1096.11422	1795.33977	707.110166
1089.17642	1830.53008	700.154322
1090.04244	1850.71795	700.990114
1090.31547	1902.97812	701.142555
1089.22287	1923.14131	699.994416
1089.75834	1945.05419	700.428238
1085.82177	9.01710156	696.290729
1085.22978	35.8928254	695.840954
1086.13757	57.9124303	696.825539
1085.7396	107.375268	696.580531
1085.08142	129.193552	695.978833
1086.24299	166.626459	697.174732
1084.92355	200.948129	695.933006
1080.66186	228.354438	691.654598
1085.41025	272.559234	696.410507
1085.10205	294.263461	696.076655
1083.65134	338.281925	694.509401
1085.06825	366.003732	695.851147
1081.86274	393.375939	692.523072
1085.65665	437.720607	696.075427
1085.69033	459.307425	695.965879
1082.82781	503.824328	692.763738
1085.8351	531.048759	695.512036
1083.68355	558.150449	693.095836
1086.59802	602.868467	695.492751
1086.96912	624.296542	695.598362
1082.86669	669.243442	690.936927
1087.23171	696.076406	694.90717
1087.40999	730.190503	694.610726
1088.04779	768.003266	694.721705
1081.92501	795.281237	688.258212
1083.40299	834.428467	689.231462
1088.74396	861.104159	694.263704
1088.77526	893.732147	693.983111
1089.18867	933.119007	694.116465
1083.42717	959.950111	688.222525
1083.433	999.336958	688.156648
1089.29888	1026.17246	694.063254
1088.86906	1065.53943	693.78573
1088.99159	1098.201	694.133344
1083.69284	1124.79382	689.073297
1082.1967	1164.0463	688.013551
1088.40201	1191.28607	694.536163
1087.56323	1229.16037	694.202184
1087.59587	1263.23965	694.702972
1083.19862	1289.93004	690.703724
1087.28268	1335.06002	695.381821
1086.91678	1356.42648	695.30143
1083.71442	1401.38489	692.677196
1086.08291	1428.26915	695.338647
1083.0117	1455.32804	692.567432
1085.84517	1500.02911	695.803757
1085.80401	1521.58378	695.937368
1081.79528	1566.05449	692.242946
1085.13582	1593.31374	695.736097
1083.62843	1620.8371	694.344853
1085.08604	1665.05658	695.971255
1085.38578	1686.7539	696.32198
1080.48177	1731.00984	691.466903
1084.83919	1758.37041	695.861297
1086.00224	1792.51252	696.979037
1084.93611	1830.11746	695.909954
1085.58516	1851.94125	696.51881
1085.90687	1901.44404	696.722154
1085.03718	1923.42808	695.790171
1085.32991	1949.85793	695.957383
1073.16249	14.294871	683.598103
1073.40693	28.9183599	683.901071
1073.19523	62.7269748	683.826481
1073.14076	101.847922	683.905941
1073.1776	136.08916	684.035811
1072.88702	177.993238	683.841425
1073.11401	193.982485	684.083849
1072.9358	227.194321	683.944252
1073.02664	266.521238	684.033402
1073.09155	301.022653	684.064787
1072.92065	341.909902	683.819924
1073.19435	359.094704	684.03044
1073.03087	391.482353	683.758569
1073.34145	431.308838	683.859677
1073.46824	465.864811	683.767956
1073.42193	506.049273	683.416512
1066.15792	531.104535	675.954878
1073.60333	555.574389	683.131034
1074.24239	596.182761	683.307702
1074.40736	630.604241	683.052632
1074.4912	670.364089	682.613335
1067.42464	696.266378	675.226127
1074.65406	719.542523	682.080976
1075.63506	761.109254	682.4677
1075.70077	795.276137	682.054054
1075.85148	834.792603	681.69708
1068.86793	861.402432	674.433279
1075.75811	883.458424	681.052937
1076.81396	926.08679	681.787203
1076.54245	959.923345	681.326523
1076.59287	999.343524	681.304829
1076.92751	1033.20421	681.705072
1075.92929	1075.7254	680.887126
1069.10966	1097.91023	674.276724
1076.08298	1124.48112	681.469946
1075.99697	1163.99937	681.82343
1075.954	1198.18654	682.225764
1074.92011	1239.65391	681.760509
1067.76992	1263.05031	674.989256
1074.74568	1288.90205	682.296552
1074.68863	1328.68687	682.792512
1074.50141	1363.1122	683.063759
1073.75962	1403.65507	682.834992
1066.38431	1428.2124	675.771005
1073.52529	1453.21004	683.142006
1073.59819	1493.42992	683.581357
1073.42987	1527.98862	683.684548
1073.02732	1567.75253	683.551096
1073.24093	1600.21897	683.917968
1072.84974	1617.35645	683.61508
1073.06757	1658.27084	683.958841
1072.95343	1692.78457	683.919393
1072.80112	1732.03451	683.812392
1073.02221	1765.32891	684.026527
1072.67674	1781.28422	683.682023
1073.03934	1823.20576	683.983389
1072.94371	1857.46888	683.821113
1072.96919	1896.49879	683.740023
1073.21694	1930.39539	683.870315
1072.85173	1944.98988	683.455719
1062.75666	3.18542038	673.10897
1062.954	34.8627699	673.383409
1062.78155	61.6194111	673.349204
1062.71689	104.085814	673.43543
1062.74564	130.567639	673.53111
1063.70532	165.447769	674.662518
1062.6501	200.30384	673.588019
1062.47598	227.496713	673.482791
1062.58245	269.727821	673.583394
1062.61979	296.046004	673.596068
1065.10508	334.542974	676.08015
1062.71012	365.740437	673.540829
1066.3189	396.828466	677.079165
1062.86646	435.317333	673.407489
1062.94509	461.542479	673.323043
1066.3532	500.068124	676.469242
1063.30952	531.170401	673.126287
1066.30807	562.318644	675.841391
1063.7304	600.871433	672.815556
1063.84547	627.040684	672.608002
1064.04987	669.320548	672.266866
1064.49399	696.586565	672.310526
1064.69684	734.250764	671.973751
1065.07771	766.402432	671.892259
1065.15507	792.502971	671.590252
1065.45695	835.456485	671.325695
1065.8247	861.988284	671.387554
1067.12417	897.87948	672.265182
1066.18654	931.89957	671.135064
1066.0889	958.008252	670.880344
1066.14267	1001.33081	670.85293
1066.28563	1027.41734	671.053556
1067.22281	1061.32669	672.059991
1066.05845	1097.33899	671.220895
1065.7189	1123.83769	671.116615
1065.46125	1166.866	671.354931
1065.39545	1192.9139	671.642436
1065.08234	1224.9671	671.75898
1064.82528	1262.74287	672.056949
1064.36767	1290.01547	672.005659
1064.13382	1332.30738	672.35689
1064.00168	1358.45685	672.579221
1066.59868	1396.98237	675.666386
1063.52469	1428.15709	672.932393
1066.4668	1459.31752	676.21731
1063.0829	1497.78629	673.160073
1062.98	1524.02724	673.262475
1066.42044	1562.44413	676.973586
1062.76254	1593.58776	673.438411
1065.03389	1624.93089	675.894861
1062.60895	1663.27539	673.522317
1062.55232	1689.63631	673.522604
1062.42262	1731.79176	673.4442
1062.57396	1759.02785	673.553975
1063.52298	1793.88918	674.555172
1062.62754	1828.75135	673.515485
1062.58746	1855.30597	673.429345
1062.63804	1897.66562	673.357328
1062.79202	1924.47512	673.388675
1062.58076	1956.27439	673.121843
1055.51285	11.5198157	665.784302
1060.23202	35.126519	670.631714
1054.11955	64.2147897	664.602527
1053.76758	100.593764	664.389823
1059.98117	130.14506	670.741611
1055.11489	175.356791	665.994948
1059.94569	200.472466	670.866548
1054.1435	228.935871	665.098646
1053.33584	265.539592	664.302499
1052.90891	301.549621	663.861143
1054.87836	339.46949	665.808413
1060.01023	365.813563	670.839295
1054.52466	393.557263	665.293867
1053.34035	430.534874	663.92972
1053.36096	466.60961	663.743062
1055.00468	503.801051	665.128224
1060.60374	531.157345	670.433605
1055.36073	558.09459	664.988001
1053.95531	595.573343	663.166575
1054.39885	631.652022	663.17246
1055.6197	668.264727	663.906127
1061.76748	696.515028	669.602224
1056.58317	722.672197	664.081341
1055.11694	760.646372	662.069426
1055.80359	796.695942	662.226835
1056.48604	832.836273	662.419427
1055.79633	868.374848	661.312696
1058.76794	894.275444	663.975596
1056.14669	925.758804	661.142283
1056.80912	961.690841	661.586753
1056.8402	997.60181	661.547993
1056.2626	1033.55736	661.048102
1058.8744	1064.90369	663.75812
1056.01562	1090.93767	661.136257
1056.70562	1126.47925	662.151181
1056.05754	1162.58066	661.930891
1055.43282	1198.66209	661.802025
1056.7975	1236.48996	663.690273
1062.09827	1262.79785	669.346454
1055.87019	1291.01795	663.576732
1054.64353	1327.63874	662.872514
1054.20864	1363.7159	662.921725
1055.48142	1401.17759	664.660621
1060.81785	1428.15597	670.240781
1055.12018	1455.40783	664.882404
1053.46201	1492.69813	663.547198
1053.42756	1528.73285	663.777548
1054.49736	1565.77603	665.081904
1060.05916	1593.49696	670.736906
1054.82327	1619.6625	665.644585
1052.86308	1657.76768	663.760088
1053.27258	1693.70473	664.225989
1053.99332	1730.42217	664.9731
1059.86382	1758.83135	670.829975
1054.91707	1783.70183	665.871479
1059.85933	1829.19273	670.725687
1053.59599	1858.62181	664.354087
1053.88836	1895.15211	664.529554
1060.06321	1924.16721	670.632598
1055.21089	1947.47019	665.669488
1041.08703	8.53229178	651.112822
1041.79158	35.6486242	651.98827
1047.60007	62.9633307	657.979797
1047.87453	101.720158	658.415123
1041.52304	129.377532	652.121773
1045.22606	176.694835	655.978255
1041.3565	200.810394	652.163964
1046.8358	227.5438	657.716648
1047.95791	266.534265	658.876855
1041.29329	294.481603	652.203132
1045.57165	340.894733	656.433809
1041.31497	365.96854	652.140023
1046.37413	392.140683	657.120936
1048.42803	431.34259	659.003499
1041.56051	459.622814	652.008622
1046.45283	505.136479	656.567109
1041.88581	531.139859	651.813594
1046.32829	556.896628	655.995687
1042.38299	602.557822	651.582626
1042.5028	624.868396	651.43336
1047.97391	669.379059	656.286542
1043.16977	696.340629	651.135022
1046.6399	722.008959	654.206941
1043.88121	767.582366	650.798107
1050.43291	795.895533	656.895463
1049.86843	833.721228	655.825003
1044.70254	861.551709	650.336456
1045.69419	894.295861	650.953014
1045.14644	932.629812	650.118702
1051.01711	960.920235	655.811984
1051.09132	998.362402	655.813032
1045.26493	1026.69695	650.047883
1045.80633	1064.85353	650.732775
1044.97231	1097.75152	650.180855
1050.09432	1125.64939	655.560332
1044.32672	1168.98087	650.337505
1044.24613	1191.7477	650.575181
1046.85013	1236.95096	653.806874
1043.53606	1262.94815	650.904803
1048.19096	1290.0244	655.928716
1042.81247	1334.37177	651.209608
1042.67005	1356.7585	651.36791
1046.46465	1402.18654	655.694809
1042.09834	1428.14839	651.635811
1046.48375	1454.24037	656.250296
1041.67559	1499.64817	651.853637
1041.56412	1521.77774	651.897558
1046.36545	1567.04187	656.943689
1041.33305	1593.32068	652.034034
1045.41372	1618.4457	656.181828
1041.23243	1664.81196	652.113015
1047.84663	1692.74158	658.759233
1046.7001	1731.6929	657.618908
1041.2279	1758.47633	652.105869
1043.33949	1791.28938	654.141494
1041.34296	1829.92723	652.071387
1047.63657	1857.54944	658.318113
1047.37599	1896.30168	657.923045
1041.56681	1923.63264	651.952512
1040.71055	1950.73359	650.938054
1027.21357	7.27347181	637.042965
1037.70863	35.9706825	647.845139
1024.21609	68.8008238	634.354678
1030.13491	101.554664	640.499543
1037.32817	129.000726	647.874686
1027.91596	163.522862	638.478229
1037.29528	201.007334	648.062377
1024.26193	233.288364	635.008706
1029.72129	266.331463	640.562615
1029.60684	301.292481	640.475398
1025.77412	335.073362	636.604813
1037.27052	366.043774	648.081398
1024.83011	397.759388	635.556991
1029.80931	431.159023	640.426496
1029.90698	466.077995	640.35499
1025.46932	499.684224	635.720069
1037.86911	531.082716	647.810754
1026.07494	562.030124	635.808257
1030.62439	596.059869	639.983439
1030.96608	630.770295	639.910952
1026.0189	664.350195	634.570372
1039.21012	696.123083	647.205023
1027.80771	725.758347	635.453543
1039.76705	768.14436	646.701778
1032.63946	795.347722	639.206307
1027.16643	828.91833	633.283056
1040.80742	861.14877	646.462446
1031.04591	897.80816	636.295354
1041.22209	933.152129	646.202338
1027.62587	965.938071	632.406619
1027.65722	993.31279	632.37984
1041.34486	1026.14158	646.135596
1031.21332	1061.39224	636.124161
1041.10304	1098.14221	646.327782
1027.51366	1130.28193	633.0935
1033.0029	1163.97547	638.991718
1040.1571	1191.13736	646.500943
1028.0621	1233.65773	635.089254
1039.60574	1263.16098	647.003443
1026.37548	1294.80899	634.346537
1031.28355	1328.54577	639.690402
1030.91165	1363.17041	639.784745
1026.20041	1397.35982	635.511411
1038.09588	1428.19869	647.652444
1025.61287	1459.46078	635.549454
1030.01569	1493.21759	640.200485
1029.87862	1528.08168	640.291519
1024.77012	1561.56862	635.356247
1037.2884	1593.23649	647.982085
1025.69189	1624.05618	636.469805
1029.52742	1657.98826	640.377896
1029.60898	1692.91756	640.472873
1024.04716	1726.00725	634.860076
1037.1577	1758.27067	648.001126
1027.66405	1795.67289	638.349561
1037.14834	1830.2966	647.830571
1029.8998	1857.69384	640.428309
1023.89644	1890.48279	634.225393
1037.47045	1923.30319	647.800182
1026.80516	1951.76894	636.854056
1015.94197	10.4720051	625.664551
1009.14595	28.8535606	618.903969
1016.24627	67.7824202	626.297868
1016.20927	96.3886278	626.404662
1008.83234	135.898743	619.14547
1015.50402	174.131724	626.025942
1008.55157	193.740623	619.099288
1015.69385	231.874674	626.397677
1015.91487	260.661386	626.679815
1016.0807	307.973224	626.901591
1015.38438	337.892417	626.206587
1000.10079	366.08151	610.878023
1015.53124	395.878577	626.280624
1016.0782	424.998798	626.741273
1016.22502	472.40837	626.680886
1015.79272	501.74547	626.07923
1000.54922	531.038071	610.689602
1015.93985	559.812976	625.768454
1016.97589	589.400645	626.504074
1017.11718	636.784744	626.093152
1016.95029	665.667041	625.559672
1010.18727	703.568148	618.299412
1016.99312	723.74339	624.753463
1010.96077	761.138716	618.194725
1018.61763	801.139813	625.172694
1018.65739	829.647157	624.809888
1011.90742	868.587044	617.561027
1016.42989	897.812163	621.72201
1012.36571	925.785634	617.429817
1019.65146	965.463828	624.440189
1019.71701	993.770949	624.445293
1012.52495	1033.48984	617.345978
1016.61351	1061.39474	621.55216
1012.20188	1090.64772	617.404786
1018.95836	1129.61841	624.564072
1019.00189	1158.08013	624.962336
1011.3641	1198.16689	617.966631
1017.29399	1235.40161	624.421113
1010.57875	1255.6678	618.070205
1017.23602	1293.59235	625.26487
1017.43452	1322.44768	625.865203
1017.24631	1369.85384	626.309356
1016.08019	1399.37244	625.495067
1000.75375	1428.24013	610.551872
1015.86188	1457.49463	625.843989
1016.31808	1486.83317	626.52003
1016.10866	1534.25141	626.600103
1015.47113	1563.32935	626.096271
1000.09066	1593.19789	610.812131
1015.24559	1621.33647	626.027584
1015.97981	1651.27163	626.796766
1015.75285	1698.58675	626.568522
1015.48177	1727.34179	626.266166
1008.38047	1765.52342	619.052924
1015.21646	1785.09237	625.869709
1008.60801	1823.37731	619.089342
1015.91525	1862.85872	626.294932
1015.93361	1891.43806	626.186173
1008.87952	1930.40309	618.86604
1015.55307	1948.7508	625.504391
1002.8408	0.788838969	612.302469
997.143076	35.7058401	606.795485
997.745118	58.5543249	607.536503
997.353858	106.804655	607.412626
996.829784	129.425087	607.002736
1003.71223	163.416102	614.083102
996.560761	200.823326	607.045354
997.463822	224.142921	608.031787
996.753542	272.065611	607.452984
996.498905	294.576852	607.241373
1003.37709	333.445662	614.186758
996.352585	365.945897	607.136584
1002.45553	394.283587	613.218591
996.675385	437.27033	607.331769
996.685199	459.721678	607.260495
1002.68069	502.503127	613.022041
996.767482	531.062645	606.936232
1002.94474	560.072369	612.854525
997.366572	602.459808	606.88817
997.681179	624.855742	606.947644
1000.56929	667.948494	609.275176
998.018679	696.161237	606.334047
1003.66857	731.771726	611.411368
998.863346	767.656552	606.073079
999.499963	789.993174	606.347619
1002.04561	833.275577	608.209105
999.729982	861.25564	605.522659
1005.24018	897.89515	610.553671
1000.27875	932.857215	605.304965
1001.09232	955.234925	605.964511
1001.15525	1004.05237	605.912418
1000.42416	1026.4036	605.230332
1005.40451	1061.30193	610.350529
1000.04657	1098.02144	605.350771
1002.4406	1125.96357	608.041863
999.90494	1169.3245	606.124866
999.279997	1191.60873	605.846573
1002.0749	1230.24488	609.229377
998.408561	1263.12663	606.1045
1000.98338	1291.32821	609.098204
997.996859	1334.44683	606.744526
997.658444	1356.82165	606.702331
1003.2295	1399.20957	612.737199
996.955995	1428.2254	606.786132
1002.83686	1456.86244	612.889303
996.770544	1499.5615	607.142981
996.739571	1522.02862	607.23302
1002.47351	1564.97772	613.136062
996.334002	1593.34251	607.068281
1003.27883	1625.9022	614.073752
996.40388	1664.69461	607.189312
996.643376	1687.24915	607.410719
997.292842	1735.13019	607.975854
996.402096	1758.46871	607.022392
1003.41614	1795.78354	613.943387
996.62256	1829.84182	606.98367
997.13299	1852.52396	607.393189
997.47769	1900.707	607.496523
996.897416	1923.59206	606.78802
1002.56859	1958.57885	612.277419
986.937365	12.8537892	596.326239
986.136402	28.7464471	595.606974
986.432748	63.6513755	596.132275
986.210765	101.042967	596.128256
985.819454	136.341356	595.918194
986.479193	176.355978	596.797873
992.902687	200.545681	603.371622
986.097611	228.388229	596.619612
985.740991	265.805134	596.373729
985.51945	301.407222	596.229217
986.197117	340.234633	596.979941
992.746489	365.820804	603.537978
986.054999	392.917791	596.828466
985.630443	430.714818	596.324464
985.647194	466.37879	596.228701
986.279826	504.549737	596.69159
993.123593	531.092752	603.320653
986.447822	557.053054	596.495167
986.142538	595.74438	595.814658
986.413651	631.191948	595.69776
986.976741	669.242939	595.775647
994.237141	696.330769	602.58362
987.391888	720.676991	595.43252
987.403587	760.843093	594.798794
987.791144	795.818394	594.613143
988.220756	834.094151	594.440947
988.315409	868.18023	594.047711
988.593745	884.072715	594.093668
988.721229	925.957909	593.807
988.897135	960.391679	593.724981
988.953895	998.854866	593.686909
988.87035	1033.30063	593.69346
988.792701	1075.18614	593.851667
988.596523	1091.09113	593.841844
988.496767	1125.08983	594.132134
988.119969	1163.47928	594.297578
987.767346	1198.40849	594.501966
987.637732	1238.66095	595.024408
994.600005	1262.96352	602.323258
987.217384	1289.9171	595.423094
986.65798	1328.10946	595.41575
986.36811	1363.5077	595.583091
986.527059	1402.25638	596.195693
993.295414	1428.20049	603.157321
986.318748	1454.64725	596.458559
985.698605	1492.90324	596.083097
985.651391	1528.55067	596.211738
985.970872	1566.33037	596.672918
992.725192	1593.47168	603.472706
986.057428	1619.01663	596.84495
985.420269	1657.86259	596.182983
985.611848	1693.47857	596.336364
985.902651	1730.82568	596.552908
992.75087	1758.75089	603.360832
986.212481	1782.9324	596.702014
985.625818	1822.92627	595.922243
985.981443	1858.25854	596.117418
986.16816	1895.55212	596.105715
985.908757	1930.53682	595.632126
986.583359	1946.4477	596.231568
979.599424	3.17008331	588.930465
975.894062	34.8339605	585.25963
981.24296	65.735592	590.912125
981.446148	99.4186178	591.312621
975.603258	130.509393	585.555882
978.952481	165.512577	589.234456
975.311186	200.285471	585.610515
980.485402	230.873464	591.001646
981.355607	264.657121	591.966255
975.249962	295.950767	585.890085
979.521826	335.387537	590.329654
975.027892	365.725098	585.75971
979.985397	396.10481	590.78407
975.321212	435.433262	586.006954
975.309917	461.430257	585.920474
979.938681	500.782767	590.426026
975.28624	531.164031	585.54546
979.851388	561.658589	589.936371
975.809797	600.90635	585.494059
976.018451	627.00796	585.41874
980.966438	665.900851	589.874437
976.329064	696.614902	584.800408
980.044072	727.925241	588.046909
977.075807	766.344249	584.45228
977.399848	792.719718	584.328449
982.599925	830.978441	588.890435
977.873755	862.070442	583.726024
979.799993	896.651608	585.116398
978.377774	931.778265	583.431113
978.573262	958.483828	583.408803
978.64183	1000.81919	583.370452
978.511892	1027.51599	583.321921
979.905206	1062.65021	584.803366
978.173551	1097.21731	583.506883
982.847535	1128.35211	588.532975
977.748269	1166.54535	584.014656
977.448575	1192.95584	584.154939
980.210563	1231.25952	587.531502
976.678334	1262.66581	584.521826
981.160232	1293.4704	589.480348
976.267284	1332.25028	585.153366
976.046447	1358.39267	585.2728
979.939631	1397.53402	589.637437
975.436224	1428.11684	585.385577
979.960572	1458.5538	590.192588
975.358357	1497.8451	585.79692
975.353479	1523.859	585.914966
979.956473	1563.15381	590.686972
974.993057	1593.55751	585.711319
979.426158	1623.85059	590.254311
975.15095	1663.33546	585.86571
981.230422	1694.61654	591.940164
980.362545	1728.40672	591.011776
975.161348	1758.9979	585.626159
978.798814	1793.60815	589.267074
975.416556	1828.77938	585.582116
981.239863	1859.85459	591.3308
981.055496	1893.54244	590.966595
975.679141	1924.45069	585.304912
979.480557	1955.05505	589.078887
968.823338	10.9745749	577.93294
973.001352	35.2668674	582.316705
967.12892	64.0210465	576.559554
966.693586	100.764713	576.3514
972.626815	129.885247	582.52812
969.467595	167.315329	579.567238
972.414094	200.558603	582.674118
966.867989	228.8744	577.213926
972.154019	271.344097	582.695129
972.15854	295.123834	582.763124
967.478563	338.807267	578.168844
972.123944	365.841275	582.83379
966.956072	393.703259	577.676634
972.082313	436.603614	582.745918
972.122744	460.374389	582.725198
967.274648	503.548162	577.735314
972.386036	531.125643	582.646696
967.654298	558.327493	577.774066
972.698401	601.844258	582.38035
972.81243	625.654264	582.23995
967.85154	668.451916	576.802031
973.462378	696.428825	581.953737
969.100538	722.375697	577.249127
974.124962	767.059612	581.507126
968.119114	796.378461	575.044669
969.080835	833.285246	575.399695
975.056368	861.745648	580.923624
972.270528	893.774698	577.679215
975.550039	932.268751	580.604689
969.624021	961.234689	574.443901
969.670748	998.028959	574.393903
975.68844	1027.01871	580.500038
972.482634	1065.44717	577.460874
975.371518	1097.5278	580.71508
969.431555	1125.95314	575.131059
968.482064	1162.88002	574.733599
974.518642	1192.22291	581.228868
969.424472	1237.01047	576.905381
973.828808	1262.83771	581.69281
968.176182	1290.72095	576.537275
973.090967	1333.62042	582.01113
972.948832	1357.41813	582.175083
967.784878	1401.05383	577.548927
972.539559	1428.1418	582.495561
967.359389	1455.58527	577.580718
972.177543	1498.91429	582.616431
972.108715	1522.63619	582.651945
966.873266	1565.63861	577.554292
972.079986	1593.42431	582.781271
967.353649	1620.29776	578.080799
972.050244	1664.17387	582.735323
972.022337	1687.87099	582.669447
966.646468	1730.45725	577.145565
972.247446	1758.70008	582.676239
969.215398	1791.84072	579.511348
972.424444	1829.41486	582.541934
966.442597	1858.42281	576.339734
966.831063	1895.31266	576.516139
972.764996	1923.98069	582.342416
968.4639	1948.03928	577.847836
954.376745	9.97335565	563.176817
961.747078	28.9151296	570.821943
960.515394	62.0496382	569.796401
960.563923	102.419758	570.107923
961.19125	135.851368	570.957929
953.79442	173.700767	563.665558
953.263309	200.932247	563.295287
959.699206	226.400918	569.920064
960.236176	267.095271	570.627458
960.561932	300.658771	571.07547
953.46471	337.515272	564.008818
952.833515	366.001769	563.437256
953.524224	396.220731	564.153115
960.245749	431.814884	570.87278
960.356929	465.419071	570.927006
953.602191	501.389626	564.050298
953.004085	531.083219	563.308969
953.696679	560.173153	563.827023
960.920523	596.575891	570.703185
960.865269	630.172176	570.311817
960.252211	670.998982	569.197624
954.123314	696.194414	562.759278
954.652928	724.177294	562.876488
962.483711	761.355144	570.039915
962.139843	794.989474	569.124447
962.008443	835.138934	568.340869
955.953573	861.30855	561.899494
954.372439	897.818401	559.79257
956.566821	932.994997	561.6345
963.137039	959.781681	567.982595
963.21926	999.463852	567.960029
956.733165	1026.30249	561.54536
954.603131	1061.38285	559.585411
956.321384	1097.95484	561.710472
962.314829	1124.18268	568.027771
962.538849	1164.1994	568.842038
962.89428	1197.91578	569.767906
954.969736	1234.9325	562.517719
954.518998	1263.04718	562.52712
960.49854	1288.29217	568.862808
961.134334	1329.04307	570.076294
961.139806	1362.67276	570.494935
953.785162	1398.9981	563.581676
953.134987	1428.16171	563.169294
953.61407	1457.84179	563.858414
960.384699	1493.82127	570.806095
960.217702	1527.42128	570.756358
953.396016	1562.98501	564.009738
952.741906	1593.24672	563.372712
953.265336	1621.69721	563.874452
960.418008	1658.59117	571.026305
960.039389	1692.13448	570.559478
959.464584	1732.83188	569.852111
953.039186	1758.31517	563.265935
953.460249	1785.5036	563.543505
960.94798	1823.40058	570.941252
960.261283	1856.80661	570.048958
960.206298	1897.19323	569.749843
953.703188	1923.38171	562.98605
953.954756	1949.22924	563.040007
942.499456	1.04493048	550.935142
941.839304	28.3232611	550.563679
941.804004	63.6259179	550.774095
941.544389	101.284268	550.778697
941.327922	136.468242	550.80493
939.943998	163.40527	549.489037
941.002101	193.200146	550.820713
941.003685	228.769741	550.99786
940.797795	266.173719	550.983272
940.676706	301.313412	551.010945
940.689194	330.129237	551.060085
948.383678	366.028266	558.946407
940.557226	394.169506	551.093821
940.49588	431.01255	551.067481
940.506471	466.154385	551.044926
940.648179	502.562223	551.068147
948.546715	531.056667	558.849545
940.867071	560.011686	551.006514
941.009856	595.826256	550.903254
941.225206	631.00495	550.779019
941.695536	668.155294	550.807994
949.686122	696.097129	558.351535
940.539784	734.398181	548.689776
942.639108	760.646275	550.360734
943.076081	795.853833	550.170335
943.730935	833.473899	550.187471
951.581126	861.129557	557.549271
943.153401	897.872841	548.594171
952.158469	933.159125	557.235912
944.837535	960.694057	549.682156
944.930207	998.555029	549.667473
952.336702	1026.10928	557.155556
943.377282	1061.32324	548.362844
951.980925	1098.12911	557.385584
944.214625	1125.73956	550.012891
943.585493	1163.40701	549.971532
943.139165	1198.59622	550.156832
940.989523	1224.80832	548.456076
950.109241	1263.14777	558.148936
942.11254	1291.0867	550.658583
941.537511	1328.23994	550.606763
941.267498	1363.41986	550.763995
941.079105	1399.30177	550.911584
948.68354	1428.18811	558.725269
940.746737	1456.72001	550.987333
940.515853	1493.08691	550.945106
940.464683	1528.23422	550.990511
940.476704	1565.1022	551.028012
948.286009	1593.21834	558.884711
940.540535	1629.10154	551.010494
940.489922	1657.92948	550.95258
940.583719	1693.07183	550.93122
940.757075	1730.49291	550.944504
940.74928	1766.04859	550.785493
939.712285	1795.78651	549.4949
941.03306	1822.77727	550.760002
941.226867	1857.95954	550.727099
941.466782	1895.63309	550.717776
941.506549	1930.92095	550.523692
942.164322	1957.97634	550.903105
929.100388	10.4018233	537.444722
921.344413	28.9577736	529.707557
928.624986	67.8908444	537.404564
928.388214	96.2584751	537.374202
920.922275	135.846794	530.076399
928.40121	173.947042	537.915837
928.414273	201.068851	538.124146
927.970873	232.049815	537.830053
920.962249	267.242168	530.936891
920.408103	300.626562	530.535352
927.857	337.63982	538.194873
927.908624	366.046208	538.354919
927.640648	396.104347	538.124614
920.426083	431.887161	530.924006
920.329233	465.337842	530.822523
927.708082	501.514542	538.153263
927.982829	531.01637	538.340024
927.857627	559.990752	538.05814
920.598569	596.612583	530.57536
921.027603	629.947355	530.710775
928.375124	665.573154	537.627205
929.045607	695.956583	537.887514
928.886386	723.663344	537.315691
921.857893	761.38588	529.716665
929.541438	801.129952	536.630004
930.00575	829.734892	536.600257
922.914604	868.114723	528.879301
930.477647	887.242202	536.082812
923.532109	926.198659	528.696149
931.065779	965.31659	535.853302
931.14435	993.90175	535.84721
923.749542	1033.02773	528.578895
930.766884	1071.95876	535.843725
923.305271	1091.11107	528.667785
930.407194	1129.46513	536.303033
929.999084	1158.10226	536.354153
922.315458	1197.84952	529.448712
929.201704	1235.57455	536.950979
929.451095	1263.30397	537.669135
928.658065	1293.6053	537.358
921.259509	1329.31074	530.48843
920.799123	1362.61722	530.408921
927.909744	1399.24904	537.826413
928.091163	1428.24222	538.2282
927.695699	1457.66794	537.990423
920.295999	1493.91345	530.725251
920.36402	1527.34252	530.856298
927.474109	1563.11921	537.995578
927.790036	1593.20802	538.31286
927.634791	1621.55002	538.085652
920.209722	1658.61902	530.501125
920.740664	1691.9889	530.908591
927.671321	1727.16455	537.740366
928.165567	1758.18462	538.105965
928.050618	1785.24422	537.811549
920.633816	1823.39847	530.062425
928.036833	1862.9663	537.305123
928.247817	1891.32019	537.319662
921.029739	1930.27751	529.704652
928.666187	1948.78829	537.319009
914.576031	10.0948159	522.673016
909.599766	35.5364737	517.80244
915.569496	63.647587	524.116484
915.603605	101.182877	524.43894
909.156958	129.607589	518.085868
912.563588	167.283492	521.842659
908.792657	200.705646	518.216447
914.551904	228.42708	524.252317
908.683344	271.856873	518.547926
908.506828	294.803856	518.488968
913.489935	339.359965	523.748055
908.23436	365.889088	518.516744
913.788484	393.147265	524.223032
908.258454	437.007001	518.711745
908.228407	459.978228	518.695652
913.624156	504.068355	524.0889
908.190805	531.075227	518.546613
913.589271	557.904564	523.873173
908.53038	602.174289	518.514157
908.699945	625.122237	518.49556
914.63951	668.704731	523.964112
909.087139	696.243868	518.057622
914.426085	723.116442	522.996036
909.881627	767.380132	517.722354
910.31827	790.282003	517.737558
916.692101	833.38176	523.29699
910.929334	861.395685	517.051565
915.249375	894.997214	520.788779
911.611977	932.626143	516.714605
912.133999	955.56442	517.008076
912.234048	1003.68184	516.94939
911.807309	1026.60171	516.600315
915.651394	1064.05999	520.662629
911.336727	1097.85094	516.812574
911.596501	1120.91692	517.422719
910.805575	1168.96268	517.465896
910.343987	1191.85839	517.441979
914.858809	1235.76829	522.733217
909.461682	1263.01168	517.815294
914.944222	1290.6275	523.717707
908.94499	1334.11777	518.313447
908.733899	1357.08436	518.356214
913.696295	1401.19283	523.724344
908.272795	1428.17846	518.449553
913.61869	1455.25997	523.956026
908.201697	1499.25113	518.639079
908.206001	1522.27081	518.670338
913.662076	1566.0166	524.166287
908.115442	1593.36627	518.511661
913.281298	1619.96724	523.677009
908.326397	1664.41881	518.497817
908.483484	1687.43951	518.556786
914.299115	1730.74978	524.23334
908.566373	1758.55591	518.24676
912.255176	1791.95943	521.806146
908.897266	1829.6145	518.117072
915.288445	1858.10432	524.418651
915.249085	1895.53147	524.104762
909.314575	1923.73418	517.83747
914.190272	1949.27526	522.609107
901.490187	9.88589185	509.370086
906.334276	34.9979949	514.48247
900.266976	64.9747781	508.552849
899.871994	99.9523191	508.428023
905.849705	130.360797	514.742265
901.590722	166.83945	510.734907
905.64206	200.356724	515.027454
899.939257	230.178269	509.459674
899.051462	264.900161	508.760376
905.147741	295.803153	515.111335
900.362662	337.058748	510.520151
905.143928	365.736482	515.40881
899.857079	395.343116	510.214684
904.732365	435.607183	515.180232
904.76814	461.237271	515.238919
899.955848	501.734929	510.431281
905.092908	531.119718	515.456487
900.145704	560.193888	510.462206
905.086943	601.04653	515.101662
905.035179	626.581528	514.850549
900.103502	666.945223	509.553969
905.890429	696.478	514.884992
900.940391	724.070666	509.614773
906.417729	766.534197	514.303532
900.305854	796.891094	507.673379
901.114704	832.428003	507.811411
907.544721	861.796039	513.668227
902.816152	894.064637	508.382519
908.105262	932.03609	513.21008
901.790988	961.564177	506.575087
901.861403	997.669468	506.519684
908.280339	1027.18025	513.064859
903.020312	1065.19604	508.027744
907.926592	1097.45593	513.395584
901.453222	1126.66906	507.391466
900.679641	1162.42606	507.265145
906.835093	1192.68322	513.973634
901.137186	1235.43231	509.120084
906.237597	1262.78337	514.614681
900.31231	1292.17178	509.224736
899.063693	1327.20224	508.421016
905.264516	1358.19252	514.926244
900.14965	1399.12271	510.232746
905.166444	1428.13591	515.356916
899.932751	1457.48171	510.315333
904.743133	1498.01834	515.18865
904.678092	1523.65424	515.146359
899.721277	1563.87035	510.172721
905.031086	1593.51814	515.415478
900.184737	1622.2587	510.508391
904.984954	1663.43617	515.142246
898.871809	1694.36014	508.809563
899.71819	1729.00748	509.491412
905.430973	1758.90149	515.077137
901.29789	1792.42781	510.730553
905.61446	1828.87378	514.801247
899.62769	1859.32756	508.495422
899.994659	1894.20819	508.602765
906.070029	1924.26711	514.541499
901.122403	1949.51344	509.338102
895.334532	9.83086132	503.094714
889.136261	34.9503933	496.925107
895.466241	64.6762029	503.651339
895.397456	100.185646	503.863664
888.777089	130.231911	497.340442
894.809191	174.222545	503.869419
888.296054	200.353998	497.379177
894.784447	229.342829	504.207134
894.895235	265.287489	504.53378
894.982765	301.614688	504.828571
894.380648	338.819309	504.449477
887.660396	365.739223	497.719454
894.326378	393.892023	504.607479
894.591609	430.370601	504.938839
894.597678	466.657466	504.997705
894.237326	503.421721	504.658937
887.4805	531.120715	497.78549
894.265913	558.448003	504.564537
894.810058	595.446145	504.865085
894.814875	631.720101	504.612648
894.70958	667.918617	504.158004
888.1991	696.532018	497.282274
894.859974	723.377556	503.579676
895.979206	760.510892	504.032122
895.902845	796.950964	503.291409
896.022818	832.299173	502.746978
889.950273	861.984245	496.122776
895.43345	894.826491	500.984617
890.679688	931.944667	495.767707
897.025093	962.275182	501.781229
897.10353	996.958564	501.738409
890.87329	1027.33546	495.615721
895.627707	1064.26818	500.592908
890.355102	1097.25531	495.832717
896.335115	1127.06591	502.293664
896.281836	1162.20323	502.876315
889.524256	1192.58153	496.750872
895.071163	1235.58332	503.094767
888.53098	1262.69266	497.011784
894.895436	1291.38892	503.817422
894.993558	1327.48493	504.37007
894.946364	1363.78999	504.686094
894.270909	1400.73628	504.354625
887.519632	1428.11311	497.692635
894.192304	1455.77358	504.528975
894.550497	1492.58355	504.939033
894.508381	1528.84438	504.905047
894.180174	1565.38572	504.565181
887.520336	1593.49692	497.730326
894.184898	1620.27388	504.421873
894.807882	1657.63605	504.857449
894.695196	1693.91016	504.56616
894.558442	1729.95756	504.236911
888.069255	1758.8791	497.43248
894.522637	1784.76666	503.866858
888.522129	1829.03013	497.394162
895.136963	1858.99572	503.916586
895.199375	1894.61913	503.706934
888.867075	1924.27801	496.990745
894.991777	1949.05904	503.085235
883.910187	4.47669805	491.293439
885.849474	35.4129487	493.553493
885.371809	58.9529553	493.265044
885.220802	106.290601	493.501356
885.334707	129.621948	493.804337
881.257381	165.829312	489.917352
885.0047	200.646804	494.009442
884.277675	224.4701	493.43876
884.48998	271.639389	493.972258
884.535208	294.796322	494.161578
879.229582	336.443864	489.001226
884.347787	365.864256	494.343029
883.275679	390.310051	493.357155
884.038609	436.934492	494.274921
884.037286	459.991214	494.319176
878.587705	502.317001	488.860741
884.142239	531.077975	494.41264
878.764306	560.11875	488.952312
884.224518	602.176445	494.217347
884.242159	625.259726	494.078805
883.906469	672.229727	493.301349
884.874732	696.319173	493.963832
881.292803	731.440774	489.923304
885.550567	767.367956	493.53531
885.670831	790.636623	493.221454
886.077335	837.91904	492.726574
886.726027	861.595808	492.912818
883.780624	894.982713	489.325732
887.439696	932.495497	492.51925
887.429484	955.969638	492.237347
887.547997	1003.2768	492.182406
887.655705	1026.76976	492.3886
884.212928	1064.36149	489.155806
887.170993	1097.6354	492.655322
886.600047	1121.29614	492.479423
886.182649	1168.5817	492.939488
886.024981	1191.87534	493.249998
881.842362	1227.90375	489.777533
885.232921	1262.89833	493.726257
884.248757	1286.97729	493.123846
884.45686	1333.96477	493.914899
884.386992	1357.04625	494.070565
878.847843	1399.19001	488.860771
884.177448	1428.14712	494.325219
878.562909	1456.88457	488.794425
883.969003	1499.2542	494.274326
883.939099	1522.27301	494.236827
883.135037	1568.98451	493.346825
884.188639	1593.36134	494.340195
879.011142	1622.75806	488.979275
884.323334	1664.45928	494.173346
884.254134	1687.55366	493.977223
884.017668	1734.82638	493.44879
884.751562	1758.57307	494.038648
880.945741	1793.34044	489.905817
885.056214	1829.63594	493.836538
884.915694	1852.88587	493.514164
885.058682	1900.35197	493.281088
885.549607	1923.79734	493.588994
883.60762	1954.53592	491.333456
867.768502	10.434864	474.817238
874.35005	28.9044793	481.724327
867.287881	67.8639938	474.831277
866.984397	96.2698416	474.762358
873.693638	135.787165	481.957252
866.962691	174.051091	475.380127
873.473359	193.785476	482.187281
866.510579	231.959768	475.369404
866.019602	260.548622	475.07604
872.808037	300.569072	482.263413
866.2423	337.778301	475.804829
880.803037	366.025522	490.729007
865.95901	395.973147	475.823877
872.252961	431.90987	482.331491
872.235543	465.289184	482.408471
865.800863	501.637179	475.96404
880.569752	531.023079	490.802544
865.855716	559.870412	475.98703
872.34848	596.661754	482.351488
865.444748	636.837435	475.21656
866.108201	665.631948	475.641437
873.164473	703.283192	482.220587
866.610438	723.617996	475.443362
873.624982	761.485906	481.791195
867.030568	801.157375	474.501497
867.688601	829.692477	474.608147
875.118416	868.201613	481.199738
868.351926	887.324625	474.057532
875.710689	926.260989	480.853719
868.976417	965.443357	473.597955
869.078447	993.761996	473.588676
875.980738	1032.99373	480.701454
868.731595	1071.84003	473.744364
875.596742	1091.02122	480.958015
868.179065	1129.52462	474.26297
867.550277	1158.03429	474.180027
874.100655	1197.72479	481.514565
866.909944	1235.58706	475.08214
873.539571	1255.93293	481.992365
866.338235	1293.55315	475.412071
865.620334	1322.37348	475.027023
872.466789	1362.53382	482.20917
865.822651	1399.34788	475.815754
880.601708	1428.19734	490.722092
865.699652	1457.54252	475.857156
872.131798	1493.93467	482.348382
872.107339	1527.28873	482.281528
865.719771	1563.24266	475.743044
880.631048	1593.19387	490.719407
865.956778	1621.40035	475.7365
872.559442	1658.65371	482.251744
865.712086	1698.64598	475.041061
866.16258	1727.25713	475.308017
873.178638	1765.43604	482.189341
866.574214	1785.12483	475.30189
873.375313	1823.4336	481.957252
866.598092	1862.92033	474.70914
866.879963	1891.35554	474.761713
874.005254	1930.31523	481.72178
867.31235	1948.73925	474.707713
853.536893	2.82515588	460.108597
853.814093	28.3321368	460.703594
853.55792	63.367168	460.737952
853.296439	101.426147	460.809565
853.167083	136.413183	460.990555
854.86476	163.490358	462.8824
844.93559	201.029014	453.125667
858.123995	233.328777	466.809743
852.310258	266.2975	461.15526
852.192616	301.23912	461.293524
855.984395	334.944401	465.319152
844.031086	366.031733	453.424163
856.794917	397.731564	466.520533
851.581146	431.105377	461.420004
851.513195	466.043935	461.480007
856.2199	499.624733	466.270558
843.576797	531.023868	453.605668
855.882232	562.183869	465.945793
851.496517	595.884794	461.482799
851.566504	630.856191	461.38673
857.188494	664.073661	466.741807
844.154899	696.004369	453.436072
855.872753	727.025837	464.702922
852.776832	760.681592	461.103334
853.104876	795.750863	460.769891
853.700855	833.67976	460.602078
854.267584	868.873933	460.398014
856.015434	897.876856	461.548773
855.13514	925.529299	460.258358
855.371702	960.722155	460.012454
855.518205	998.502769	459.994647
855.453566	1033.69051	460.098977
856.399684	1061.30363	461.256719
854.843355	1090.35188	460.188956
854.331316	1125.60859	460.374195
853.714147	1163.43351	460.52931
853.324368	1198.53101	460.891222
855.00322	1224.86514	463.049388
844.513898	1263.21925	453.263564
857.424422	1295.20319	466.548166
851.742625	1328.33691	461.251314
851.606596	1363.33677	461.392128
855.869679	1396.94774	465.819125
843.546757	1428.19864	453.564272
856.096896	1459.62707	466.171594
851.37089	1493.15867	461.430397
851.404056	1528.11782	461.386926
856.571151	1561.45217	466.473322
843.807337	1593.18958	453.431277
855.675273	1624.30493	465.245759
851.903376	1657.96692	461.271281
851.99823	1692.92663	461.130565
857.792779	1725.86381	466.775596
844.624286	1758.19317	453.138878
854.463973	1795.70069	462.80552
852.809588	1822.79519	460.968316
852.917011	1857.8018	460.772519
853.167915	1895.8323	460.697214
853.433853	1930.88798	460.67785
853.123736	1956.43583	460.048675
842.629776	9.49051539	449.057874
841.665475	35.919393	448.349716
835.504524	62.3982133	442.253882
834.900064	102.164847	442.003216
841.113341	129.12184	448.62166
841.744611	172.867673	449.60343
840.675683	200.942516	448.794285
835.108702	227.130942	443.289513
833.687259	266.764566	442.178096
840.218605	294.205562	449.07077
840.799532	336.488043	449.919856
839.837484	365.990764	449.185089
834.957781	391.836886	444.339163
832.684943	431.464464	442.279511
839.59727	459.273718	449.431568
840.007441	500.402721	449.938105
839.390027	531.045065	449.412171
840.129679	561.217156	450.121814
839.511389	602.790276	449.464003
832.691256	630.45472	442.498366
834.57974	670.024464	444.135209
839.888238	696.064905	449.204821
840.944017	724.946234	449.894818
840.626573	767.848779	448.911003
834.241656	794.989552	442.051304
835.562145	834.925974	442.521855
841.894308	861.033818	448.251927
844.788174	897.777767	450.343116
842.817669	933.002829	447.808714
836.520166	959.428679	441.103313
836.643088	999.765701	441.024858
843.103488	1026.15879	447.654803
845.169545	1061.40721	450.002951
842.451072	1098.18313	447.962935
836.058226	1124.17479	442.110791
834.738674	1164.2857	441.682459
841.134919	1191.34725	448.632666
841.212921	1234.3944	449.534107
840.221187	1263.17247	449.011197
834.754431	1289.09494	443.902254
832.801234	1328.79099	442.352903
839.602904	1356.42732	449.365865
840.055401	1398.03239	449.980594
839.350407	1428.18038	449.372423
839.870675	1458.77025	449.865385
839.448752	1499.94165	449.41521
832.506982	1527.74681	442.285511
834.695844	1567.38667	444.300763
839.614742	1593.23091	449.201381
840.491903	1622.69646	449.872762
839.944419	1664.99713	449.086539
833.398765	1692.45094	442.200711
834.767776	1732.07681	443.273361
840.368956	1758.28081	448.817318
841.341871	1786.30996	449.535724
840.780348	1830.07898	448.637097
834.548599	1857.04838	442.008228
835.121594	1896.8065	442.231856
841.313071	1923.30705	448.359344
842.162293	1949.67674	448.951782
827.799516	12.5304337	433.953076
822.64809	35.3644129	428.855287
828.622547	63.4936813	435.259482
828.619365	101.18041	435.601177
822.154087	129.785595	429.222729
827.0177	176.452933	434.654898
821.705018	200.582697	429.393619
827.518755	228.12267	435.606368
827.974636	265.967903	436.378514
828.21005	301.320875	436.892379
826.418136	340.54676	435.391598
820.879821	365.825737	429.882423
826.557666	392.607527	435.88876
827.471788	430.82235	437.021435
827.453769	466.283055	437.17663
826.119602	504.785645	435.999154
820.37044	531.082382	430.199229
825.952113	556.912	435.942528
827.400207	595.752095	437.332633
827.223201	631.157315	437.062474
826.497831	669.186359	436.127143
820.680744	696.327956	430.016577
826.204065	721.036553	435.339106
821.364209	767.106236	429.75795
828.188508	795.928579	436.03653
828.214449	833.728616	435.268318
822.49121	861.53933	428.893176
826.526573	893.601089	432.190956
823.423205	932.410503	428.379136
829.948286	960.751374	434.458172
830.065574	998.432921	434.385435
823.715444	1026.78263	428.180035
826.984398	1065.52605	431.832347
823.03918	1097.6766	428.539215
828.730316	1125.50255	434.849931
828.696048	1163.27892	435.653343
821.825014	1192.09492	429.439672
826.485449	1238.08535	435.008916
820.958264	1262.89114	429.809507
826.660707	1290.04971	435.904094
827.327418	1328.05089	436.921052
827.442995	1363.47043	437.241139
825.881822	1402.23473	435.853412
820.310314	1428.13347	430.188767
825.980255	1454.47399	435.950173
827.310899	1492.91136	437.183692
827.293855	1528.41249	437.039146
826.322258	1566.52719	435.894736
820.672395	1593.39335	429.944033
826.132822	1618.73542	435.388082
827.960013	1657.86884	436.944312
827.694648	1693.2831	436.417524
827.20781	1731.00618	435.631282
821.435267	1758.6444	429.470324
826.653844	1782.84805	434.640623
821.866027	1829.39547	429.29629
828.280446	1858.08926	435.624051
828.272763	1895.63447	435.277681
822.346241	1923.87401	428.92522
827.385506	1946.79041	433.910127
816.98897	5.05737627	422.873149
819.766103	34.7913263	425.90247
814.498938	66.0344709	420.818133
819.16432	103.951897	425.953815
819.244988	130.565602	426.259453
816.958862	165.184212	424.35355
818.905634	200.23147	426.532932
814.223254	231.539858	422.063613
818.40186	269.540557	426.637711
818.387437	296.077711	426.827993
815.410997	333.768711	424.192105
818.12826	365.675841	427.083237
814.164585	397.192176	423.347626
817.7636	435.118811	427.185003
817.712316	461.619637	427.276383
814.232765	499.434882	424.006703
817.62531	531.119643	427.428457
814.513714	563.006004	424.477935
817.541161	600.672732	427.402577
817.533093	627.194556	427.349692
813.598876	665.109077	423.286355
817.888052	696.559352	427.227154
816.222044	732.448312	425.343244
818.40615	766.205604	426.833993
818.514105	792.748876	426.463959
814.278041	830.80414	421.476535
819.583176	861.987832	425.981647
817.409219	895.974718	423.014552
820.429676	931.747402	425.389492
815.141351	962.816909	419.551532
815.249772	996.400895	419.473514
820.707598	1027.4443	425.159199
817.664719	1063.42657	422.397356
820.108505	1097.22596	425.594782
814.742079	1128.30106	420.965829
818.980595	1166.52326	426.044436
818.845021	1192.99272	426.498445
816.404512	1226.8266	424.869265
818.151031	1262.65402	427.010535
813.751105	1294.06072	423.103145
817.621585	1332.02944	427.23079
817.589681	1358.5346	427.331628
814.469794	1396.23832	424.430968
817.562897	1428.09199	427.422321
814.144997	1459.76446	424.050416
817.57571	1497.59491	427.315618
817.610289	1524.09283	427.241182
813.988029	1562.02007	423.429138
817.927136	1593.53537	427.155023
815.245509	1625.47606	424.333246
818.159362	1663.13189	426.915465
818.170772	1689.6788	426.734767
813.987649	1727.65751	422.174779
818.648811	1758.98103	426.624772
816.745656	1794.10652	424.510273
818.97679	1828.64083	426.354309
818.899979	1855.28079	426.057733
814.230627	1893.15587	420.924546
819.483313	1924.42456	425.992947
816.706554	1954.70547	422.977663
810.058054	12.5757468	415.731093
809.805394	28.64466	415.60405
809.694917	63.6432786	415.826384
809.450719	100.963966	415.923567
809.232468	136.279362	416.01846
809.326816	176.614638	416.505506
808.916205	193.830725	416.219955
808.96312	228.079338	416.583564
808.618341	265.876219	416.551642
808.401382	301.286345	416.621053
808.605316	340.805326	417.168368
808.09308	359.043703	416.762768
808.343009	392.35902	417.279732
807.877204	430.821874	417.043324
807.752079	466.213253	417.121309
808.024434	505.108339	417.60175
814.977708	531.071748	424.727814
807.988158	556.50508	417.727865
807.500876	595.810658	417.228685
807.586045	631.08294	417.276458
807.967963	669.490771	417.500733
807.693103	703.044554	416.945947
808.318512	720.618519	417.43796
808.162972	760.849539	416.677581
808.5604	796.010731	416.482396
809.152328	833.830523	416.274343
809.420538	868.280884	415.707681
809.830325	885.091049	415.696867
810.15743	925.859791	415.206536
810.404948	961.117036	414.820769
810.532411	998.09022	414.742328
810.492479	1033.3914	414.943719
810.234285	1073.87963	415.170507
809.963722	1090.90079	415.311346
809.613811	1125.46429	415.778996
809.003275	1163.11848	416.0379
808.567259	1198.34686	416.351515
808.52524	1238.51061	417.088241
807.9455	1256.15042	416.727829
808.08888	1289.69228	417.292747
807.637267	1328.11985	417.146143
807.501767	1363.3673	417.155198
807.883533	1402.72726	417.65326
814.908331	1428.13047	424.721229
807.867181	1454.02309	417.573867
807.581992	1493.00801	417.139953
807.682537	1528.34464	417.077538
808.096761	1566.90586	417.297503
807.866103	1600.15749	416.824305
808.321797	1618.28679	417.184047
808.144527	1657.93657	416.684391
808.343643	1693.2751	416.611221
808.658511	1731.1971	416.623239
808.638237	1765.36612	416.296419
808.974909	1782.43928	416.509594
808.940261	1822.9397	416.090514
809.134284	1858.16848	415.975753
809.365173	1895.63276	415.866932
809.502669	1930.54483	415.676207
809.65985	1946.44444	415.705597
793.219375	1.47684266	398.18861
798.839757	35.5607914	404.373534
798.040998	58.5114044	403.754415
797.939757	106.685173	404.107341
798.23074	129.360602	404.627083
793.870293	163.435743	400.375332
797.836027	200.734337	404.878986
796.66032	223.881808	403.854194
797.081122	272.056684	404.727496
797.191486	294.458063	405.039068
794.681067	333.944575	402.726091
796.90104	365.885465	405.325743
800.119122	393.757108	408.7827
796.32223	437.332138	405.2365
796.279875	459.554077	405.334742
794.70001	498.947512	403.883841
796.2123	531.022987	405.622272
794.210835	562.884842	403.637259
795.952907	602.538306	405.496037
795.815616	624.698958	405.34546
793.378359	668.506765	402.74048
796.285704	696.179102	405.512862
793.688366	727.765372	402.620588
796.743086	767.698086	405.145742
796.648076	790.05909	404.674587
796.837112	838.4836	403.869567
798.078223	861.426399	404.557149
794.0161	897.897024	399.575153
799.116236	932.767475	404.028238
798.896015	955.655738	403.372572
799.092397	1003.56508	403.288365
799.478277	1026.49331	403.842753
794.601421	1061.27711	399.216953
798.712691	1097.74599	404.229743
797.489958	1120.82426	403.563961
797.19922	1169.05745	404.385684
797.208976	1191.4963	404.880155
793.933999	1231.20643	402.345237
796.516562	1262.99654	405.344649
793.503603	1290.73851	402.603461
795.849152	1334.48296	405.259746
795.940045	1356.64362	405.428838
794.094101	1396.27297	403.581408
796.086474	1428.16706	405.60741
794.495398	1460.25299	403.848134
796.072282	1499.65388	405.343773
796.093394	1521.84181	405.247246
799.855749	1565.43963	408.791728
796.638779	1593.30469	405.359335
794.350358	1625.26565	402.706477
796.895539	1664.75639	405.073358
796.766878	1687.11087	404.750924
796.32294	1735.33583	403.866725
797.519913	1758.45099	404.919456
793.461861	1795.75119	400.32389
797.899274	1829.85466	404.662633
797.58389	1852.4776	404.120006
797.677726	1900.71735	403.76259
798.49739	1923.61723	404.405945
792.816666	1957.81259	398.153762
781.47038	10.1129246	386.222436
787.18145	28.7257431	392.296825
780.28973	67.9590914	385.562765
779.853623	96.1930608	385.379665
786.480626	135.996321	392.589937
780.547836	173.579929	386.808669
794.007265	201.030779	400.922776
779.526265	232.203083	386.302379
778.626214	260.461114	385.635161
785.433153	300.866366	393.004762
779.544469	337.21185	387.233843
793.04942	366.014232	401.35102
778.907904	396.417225	387.062767
777.493248	424.806239	385.837315
777.216651	472.523847	385.885396
778.571667	501.053615	387.43248
792.314468	530.999222	401.622261
778.573653	560.547942	387.712418
784.141532	596.170029	393.491079
776.956095	636.946093	386.215767
778.045263	665.133615	387.276517
792.333665	695.98444	401.517734
778.897097	724.38291	387.812979
784.709174	761.020502	393.231584
778.03146	801.248338	385.94463
779.019077	829.46124	386.392031
786.191215	868.499736	392.570293
782.721418	897.761322	388.413818
787.088839	926.043631	392.180426
780.658084	965.422829	384.908785
780.823496	993.77498	384.895784
787.529217	1033.13271	391.946266
783.230122	1061.41772	387.955713
794.811209	1098.19273	400.345575
779.613354	1129.66354	386.038765
778.554247	1157.96752	385.62477
785.129827	1198.11142	392.999404
779.059824	1234.90323	387.539024
792.56531	1263.20289	401.370608
778.10722	1294.01431	387.160555
776.943291	1322.25292	386.123772
784.079558	1363.00683	393.43666
778.399656	1398.66651	387.646657
792.177663	1428.19018	401.606697
778.340697	1458.11719	387.404074
776.964519	1486.66912	385.869564
777.21194	1534.37592	385.835011
778.588802	1562.78143	387.03909
792.774289	1593.17347	401.374954
779.192685	1621.95942	387.206998
785.112264	1658.30705	393.020152
778.261951	1698.7179	385.62102
779.13778	1726.99704	386.268642
793.677754	1758.15386	400.950348
780.126623	1785.58254	386.75067
786.121032	1823.17463	392.599288
779.439445	1862.9806	385.336691
779.861237	1891.24419	385.506339
786.808981	1930.48331	392.299471
780.997061	1949.0411	386.122154
770.503349	8.40463177	374.892869
758.679062	36.0012917	363.019302
772.265713	68.4491762	377.302347
772.343696	95.8382972	377.64214
758.147058	128.898767	363.353922
768.258283	163.554629	374.055823
757.522271	201.010459	363.392543
770.854653	232.648442	377.385393
771.576074	260.263847	378.382934
764.616219	300.957514	371.610349
769.243156	336.627972	376.643195
756.451781	366.017432	363.785259
769.548618	396.73147	377.468332
763.860387	431.543216	371.931722
763.700789	465.636566	372.018491
768.840891	500.840611	377.485648
755.594702	531.020489	364.149866
768.523103	560.688178	377.488136
763.234965	596.341892	372.258279
763.161266	630.297628	372.252147
768.898657	665.023531	378.036751
755.374308	696.006122	364.311037
768.217695	724.611515	377.117489
763.594904	761.059602	372.138141
763.809513	795.025657	371.897871
770.414048	829.12454	377.854999
756.972651	860.975718	363.729825
768.096499	897.825299	373.861408
758.272554	933.132349	363.268697
772.798039	965.943738	377.012961
772.960138	993.228482	377.001959
758.72286	1026.0398	363.060976
768.649236	1061.35919	373.383835
757.684524	1098.20411	363.407278
771.010009	1130.12867	377.519639
764.311282	1164.09945	371.623793
763.964751	1198.1781	371.934274
768.358078	1234.48702	376.866728
755.50462	1263.18771	364.232923
768.932972	1294.18571	377.933463
763.117891	1328.88446	372.204572
763.138696	1362.84946	372.242229
768.33257	1398.48138	377.43712
755.409781	1428.16765	364.178985
768.595737	1458.35399	377.4639
763.451347	1493.55694	372.037457
763.589038	1527.63596	371.955102
769.222777	1562.44264	377.450717
756.161012	1593.17042	363.829888
768.884869	1622.57149	376.619033
764.290417	1658.23989	371.634202
764.440273	1692.4543	371.48493
770.464888	1726.51993	377.355455
757.186722	1758.17998	363.427225
767.837388	1795.63018	374.003571
757.796795	1830.27488	363.379356
771.92983	1863.36347	377.601024
771.84015	1890.71449	377.251101
758.31721	1923.19305	363.035902
770.022832	1950.84847	374.785126
756.720373	7.74910673	360.700037
754.646592	35.6952656	358.883825
749.070668	63.2555875	353.374159
748.369345	101.451748	353.023128
754.075213	129.399338	359.188939
753.351392	167.255402	358.730979
753.608038	200.792643	359.384683
748.761988	228.312348	354.613621
753.383294	272.126625	359.809287
753.087913	294.60295	359.717296
750.456579	338.666293	357.350249
752.626116	365.921931	359.880377
748.695464	393.521509	356.025408
752.358069	437.171493	360.19475
752.212523	459.833351	360.225722
748.716611	503.321825	356.912125
751.813633	531.072517	360.31583
749.04633	558.909687	357.587272
751.64958	602.257082	360.502355
751.68069	625.058904	360.610173
747.362497	668.282378	356.246651
751.558092	696.207523	360.492194
751.409201	730.81685	360.141553
751.909085	767.381448	360.378864
752.288747	790.115034	360.487081
747.492543	833.479615	354.930912
752.987081	861.236915	359.781702
756.847215	897.820195	362.677123
754.149037	932.635656	359.182446
748.689525	960.324757	353.095326
748.875282	998.848946	352.985728
754.584049	1026.46241	358.934202
757.415729	1061.36806	362.182624
753.66034	1097.97326	359.407386
748.033758	1125.5658	354.536147
752.744318	1169.1746	360.232181
752.26859	1191.80069	360.174058
751.507555	1228.46202	359.899114
751.669064	1262.99459	360.410553
747.351191	1290.87202	356.175218
751.615511	1334.12637	360.597229
751.550722	1356.94509	360.507925
748.849578	1400.28496	357.584215
751.632477	1428.11332	360.358221
748.472587	1455.86905	356.929823
751.968083	1499.32555	360.274087
752.098798	1522.03981	360.242121
748.397424	1565.64308	356.059024
752.347186	1593.26431	359.941503
750.113975	1620.51594	357.356664
752.780265	1664.55293	359.769392
753.058179	1687.08892	359.847129
748.418673	1730.85189	354.640162
753.286098	1758.39862	359.435492
752.935172	1791.90704	358.68785
753.73724	1829.75957	359.22892
748.014038	1857.74669	353.046224
748.701729	1895.91159	353.384183
754.297229	1923.50178	358.914469
756.25389	1951.37632	360.611061
741.890128	12.6000623	345.555299
743.442544	28.6615125	347.28513
742.527846	63.763903	346.687946
742.469126	100.882918	346.981958
742.808103	136.370986	347.658137
741.159727	176.13568	346.371507
735.305061	200.451441	340.522652
741.536339	228.534779	347.241985
741.782143	265.644687	347.833257
741.868947	301.478009	348.243431
740.542704	339.902335	347.268657
734.394914	365.756648	341.112302
740.61654	393.254092	347.810596
741.10618	430.511827	348.605119
741.018221	466.548809	348.799028
740.066522	503.959097	348.152401
733.623165	531.084853	341.657205
739.846403	557.88922	348.300414
740.582958	595.481064	349.195866
740.421339	631.554446	349.176727
739.892891	668.351752	348.753053
740.624894	703.03573	349.40692
739.495113	722.196064	348.332092
740.735169	760.550878	349.218172
740.627525	796.374566	348.765517
740.730558	833.146438	348.260602
741.796249	868.166913	348.507635
740.48595	885.474139	346.807616
742.614025	925.730494	347.85268
742.383994	960.946225	346.769048
742.554841	998.213826	346.652289
743.04199	1033.40132	347.50329
741.01858	1073.89387	346.173501
742.393467	1091.01966	348.045838
741.162574	1125.95268	347.772631
740.951419	1162.86171	348.394044
740.990781	1198.62131	348.997925
739.544725	1237.02597	348.135896
740.705629	1256.15868	349.318904
739.869641	1290.85617	348.699059
740.344084	1327.61948	349.173892
740.471913	1363.70848	349.233685
739.666809	1401.19708	348.34332
733.449099	1428.0908	341.737962
739.856912	1455.32467	348.221419
740.802317	1492.60682	348.885238
740.876156	1528.69481	348.698078
740.352843	1565.81771	347.891278
734.151452	1593.4232	341.219581
740.247051	1619.43082	347.331677
741.59932	1657.67558	348.337325
741.500226	1693.58141	347.920893
741.228983	1730.54362	347.310916
735.032284	1758.73685	340.626339
740.804257	1783.22542	346.394485
742.510975	1822.78538	347.740776
742.149169	1858.36718	347.042694
742.192564	1895.32228	346.735501
743.135035	1930.52855	347.359444
741.488058	1946.77095	345.533503
733.599123	0.950420316	336.990595
733.564607	34.7270232	337.153124
733.501367	61.8222051	337.386261
733.23043	103.773536	337.4975
733.063095	130.541946	337.554875
732.884346	163.455108	337.814611
732.655505	200.197586	337.790877
732.668432	227.644762	338.125198
732.348678	269.53606	338.151995
732.189041	296.005517	338.217976
732.121593	331.75073	338.578022
731.77175	365.651263	338.408261
731.846328	393.472628	338.824624
731.501938	435.201835	338.75615
731.39007	461.468849	338.856996
734.707715	500.033009	342.6663
730.997441	531.088597	338.955591
734.183302	562.061887	342.573097
730.827163	600.78506	339.218471
730.815724	626.949409	339.344546
734.925508	665.656199	343.724102
730.61885	696.517252	339.224359
732.285676	731.925109	341.060907
730.834351	766.290743	339.169148
731.041747	792.582263	339.168148
731.491745	835.110905	339.023032
731.61079	861.987794	338.454226
731.775102	897.882647	337.870137
732.60922	931.732492	337.786964
733.05527	958.572147	337.499758
733.245792	1000.59488	337.385328
732.996001	1027.45447	337.464834
732.641744	1061.28632	337.480538
732.178943	1097.16262	338.008425
731.971024	1124.15561	338.618072
731.364171	1166.52988	338.857985
731.078691	1192.87672	338.963802
732.369933	1227.20429	340.890212
730.656381	1262.64923	339.158277
730.819892	1289.78156	339.536613
730.723854	1332.23125	339.36356
730.71015	1358.36697	339.263476
734.024472	1397.17477	342.638605
730.817645	1428.0804	339.033085
734.532611	1459.05399	342.778244
731.175477	1497.72058	338.955389
731.279684	1523.94029	338.860618
731.606446	1565.79195	338.929995
731.526346	1593.51524	338.513585
731.846211	1627.33684	338.663663
731.932613	1663.17957	338.327575
732.092364	1689.59894	338.266434
732.412263	1731.59554	338.244876
732.384441	1758.96642	337.895874
732.568718	1795.72041	337.877596
732.786852	1828.63775	337.658407
732.961467	1855.35505	337.610581
733.233862	1897.39386	337.50128
733.280259	1924.43529	337.250075
733.27816	1958.01066	337.050708
724.515493	13.6234059	327.607443
723.549978	28.6982677	326.739594
723.825942	63.0538682	327.358169
723.500044	101.430147	327.385785
722.982974	136.124806	327.174345
723.681064	177.396984	328.305125
729.886587	200.587821	334.917731
723.077498	227.523533	328.147066
722.507073	266.205418	327.913155
722.117211	301.089898	327.827557
722.791889	341.337253	328.912454
728.986971	365.819413	335.512409
722.372196	391.901087	328.926301
721.542813	431.046113	328.394299
721.331104	465.980842	328.463142
721.90492	505.467507	329.387003
728.172442	531.033061	336.015364
721.776834	556.179477	329.620156
720.732456	595.950667	328.759122
720.773807	630.802434	328.977367
721.240319	669.809666	329.598219
727.735735	696.232649	336.24408
721.564277	720.264305	329.972258
720.535125	760.946274	328.705628
721.022017	795.556741	328.958696
721.614354	834.38202	329.021611
728.686493	861.461858	335.526177
722.680583	883.92424	329.088457
722.110794	926.04275	327.495169
723.023968	960.277016	327.616418
723.193119	998.915731	327.503679
722.531744	1033.15551	327.193996
723.217801	1075.29365	328.557004
729.266442	1097.67944	335.118266
722.05208	1124.75087	328.658363
721.316122	1163.61935	328.694972
720.716864	1198.18786	328.531074
721.592723	1238.9694	329.853504
727.764497	1262.93153	336.183064
721.166223	1289.32331	329.551753
720.650801	1328.38393	328.981433
720.571302	1363.19501	328.785103
721.560515	1403.03406	329.645096
727.978705	1428.13214	336.079934
721.650377	1453.6619	329.419085
721.082032	1493.20834	328.526083
721.277313	1528.0943	328.457237
722.073798	1567.32409	328.968921
728.72685	1593.33993	335.601286
722.464885	1617.77342	328.939316
721.824559	1658.09858	327.896651
722.195755	1692.92229	327.968333
722.742625	1731.71289	328.180695
729.600735	1758.56271	335.005906
723.306937	1781.69067	328.302907
722.670422	1823.05976	327.237174
723.156217	1857.68061	327.417965
723.471656	1896.18721	327.378879
723.230663	1930.45614	326.797926
724.102696	1945.44353	327.569255
709.342623	6.95126651	311.751746
712.017365	35.7069884	314.861639
717.107864	63.1261656	320.354611
717.384217	101.554845	321.01196
711.395371	129.108701	315.098819
707.442004	163.519489	311.241871
710.992532	200.818118	315.358403
710.087029	233.190321	314.678461
710.175448	272.580982	315.166156
710.307945	294.130716	315.509801
708.30899	335.698668	313.746589
709.982588	365.906988	315.828247
708.720063	397.353049	314.735243
709.316526	437.755189	315.75116
709.256547	459.127533	315.868828
707.90712	500.165236	314.734076
709.05947	530.978036	316.238107
707.496877	561.386279	314.756465
708.582215	602.876116	316.208228
715.286039	630.45072	323.247578
707.67914	664.552343	315.497965
708.470462	696.045585	316.458663
706.719947	725.311123	314.611945
708.433158	767.972986	316.304393
706.797216	795.217554	314.577091
708.389237	828.799915	315.717971
709.157397	861.168237	315.995697
705.886699	897.823908	312.031376
710.068389	933.039193	315.465811
708.364091	960.222461	313.290935
708.537781	998.951097	313.185462
710.451239	1026.17471	315.260149
706.346123	1061.35361	311.608478
709.682623	1097.96049	315.694814
708.794534	1130.42925	315.50608
707.0324	1163.90669	314.392242
708.59738	1191.17346	316.164431
706.685141	1233.82333	314.497739
708.432104	1263.10656	316.414724
707.572427	1294.62262	315.478686
706.892785	1328.70816	314.834076
708.398333	1356.27009	316.221249
707.241253	1397.7917	314.748488
708.820885	1428.18076	316.274194
707.625476	1458.99835	314.745217
708.975568	1500.04659	315.904907
709.027147	1521.38828	315.787578
708.377219	1561.8242	314.727339
709.679129	1593.25031	315.872419
707.950796	1623.47635	313.73583
709.983207	1665.04468	315.544245
709.839782	1686.5608	315.191831
709.700083	1725.98367	314.652907
710.658434	1758.33526	315.392906
707.028709	1795.66152	311.190613
711.048593	1830.06613	315.123353
717.02995	1857.60494	321.029813
716.726138	1896.03661	320.344111
711.663152	1923.44127	314.880799
708.86186	1952.31725	311.633737
695.541789	9.03157997	297.507869
700.19268	28.3723431	302.541748
693.521886	68.3149186	295.991384
693.003974	95.9026757	295.71259
699.493305	136.327118	302.831781
696.266797	163.56426	299.685191
699.088605	193.235598	302.939587
692.871546	232.74802	296.831931
691.677488	260.216587	295.856591
698.357508	301.12922	303.176585
693.401483	336.01054	298.288556
698.01168	358.142453	303.326799
692.359307	397.23598	297.758755
697.440778	431.229901	303.365077
697.28597	465.923332	303.502603
692.055156	500.014284	298.283467
696.979596	538.903162	303.762871
692.061344	561.782792	298.741302
696.547882	595.970457	303.695355
696.41409	630.717627	303.764137
690.837737	664.267468	298.09838
696.304232	703.837599	303.944901
692.140916	726.230665	299.578286
696.231793	760.710097	303.865355
696.256079	795.4884	303.771273
690.4666	828.703916	297.615774
696.874719	868.763638	303.625917
694.659909	897.804918	300.832328
697.667749	925.414313	303.467524
691.431504	965.88336	296.485772
691.550867	993.289127	296.482945
698.054742	1033.72975	303.280126
695.063891	1061.37814	300.471906
697.373269	1090.37544	303.411475
690.757672	1130.41272	297.461855
696.463448	1163.69603	303.648266
696.346101	1198.47518	303.810968
692.081715	1232.99882	299.506091
696.240203	1255.31422	303.910714
690.680185	1294.89173	298.081719
696.226449	1328.44421	303.760267
696.334321	1363.19606	303.708385
691.811786	1397.38626	298.751644
688.841134	1428.13501	295.570353
691.752679	1459.15254	298.280286
696.980602	1493.23795	303.514114
697.123839	1527.93085	303.376542
692.02719	1561.93554	297.760966
697.683964	1601.0155	303.345734
693.029361	1623.14698	298.261953
698.003947	1658.0336	303.178437
691.305021	1698.94503	295.84047
692.491317	1726.43052	296.809686
698.724692	1765.92112	302.94043
695.848019	1795.61353	299.627354
699.112464	1822.83674	302.818164
692.59169	1863.25287	295.664967
693.107732	1890.86824	295.942235
699.80193	1930.78282	302.520143
695.068428	1950.09341	297.398839
684.612309	9.74807231	286.229999
671.812702	35.9712208	273.237033
685.512095	68.1099992	287.711422
685.492531	96.0532706	287.949467
678.898227	135.922643	281.502119
683.82393	173.526276	286.931638
670.719767	200.976389	273.61621
684.287333	232.227142	287.956573
678.13479	267.050179	281.906235
677.915271	300.713199	281.984206
683.108735	337.408808	287.679158
669.689707	365.991818	274.020647
683.152208	396.234178	288.245313
677.186445	431.740308	282.375993
677.003877	465.457163	282.465839
682.455383	501.363344	288.39625
668.772237	531.016198	274.435846
682.173397	560.122195	288.555762
676.338347	596.472523	282.785818
676.252127	630.137205	282.901547
681.962492	665.378056	288.990094
668.108822	696.039291	274.812445
681.515915	723.88628	288.754979
675.862893	761.253252	283.038396
675.969562	794.703188	283.100518
682.141425	829.45684	289.217093
668.246819	861.0155	274.92348
681.786969	887.538546	288.287578
676.648301	926.098505	282.75205
683.35866	965.507371	288.68178
683.467548	993.647795	288.668096
676.924227	1033.00517	282.616016
682.098419	1071.62098	287.970157
668.51029	1098.15658	274.826354
682.366697	1129.7136	289.076022
676.043981	1164.48498	283.017934
675.876494	1197.90625	283.021988
681.414574	1235.28867	288.699842
667.996324	1263.11588	274.850096
681.800726	1293.79852	288.991224
676.061796	1329.02255	282.933024
676.125955	1362.68922	282.829541
681.903673	1399.04369	288.560031
668.535986	1428.13566	274.496599
682.161318	1457.81801	288.40743
676.725235	1493.6948	282.507962
676.895136	1527.42583	282.415704
682.806061	1562.92304	288.236199
669.40281	1593.1627	274.075587
682.745616	1621.78081	287.662782
677.593508	1658.4375	282.014865
677.797988	1692.12172	281.925034
683.893723	1726.92198	287.920762
670.402007	1758.18257	273.656842
683.405801	1785.67747	286.87344
678.548594	1823.22905	281.515911
685.087824	1863.13308	287.908609
685.085451	1891.03253	287.648996
671.470924	1923.19328	273.259066
684.143419	1949.47563	286.123485
671.446806	4.70017165	272.539004
668.096521	35.4586887	269.407155
668.370772	58.8974546	269.899226
667.931402	106.293733	269.881472
667.554456	129.660418	269.71058
668.505779	165.849935	270.971001
667.129023	200.635748	269.916743
667.590328	224.59353	270.602813
666.846507	271.471085	270.261058
666.614083	294.946445	270.232775
668.172994	333.237012	272.157207
666.198898	365.843424	270.426615
662.455417	394.663045	266.769322
665.867379	436.646493	270.690263
665.728767	460.266964	270.746469
662.479715	501.967877	267.687689
665.346771	531.078491	270.915834
666.37006	563.809572	272.209614
665.04003	601.831955	271.121208
664.971149	625.620415	271.219223
665.288714	671.642555	271.827506
664.69507	696.329648	271.327575
666.358257	729.205858	273.189966
664.571511	767.030286	271.439326
664.602661	790.980948	271.531015
664.881207	837.252158	271.740848
664.72922	861.540446	271.417507
667.053807	896.750804	273.60608
665.158615	932.249432	271.261112
665.453434	956.252378	271.325389
665.558588	1002.86818	271.292225
665.345315	1026.84915	271.170445
667.547817	1062.40929	273.612904
664.955291	1097.63051	271.318094
665.028491	1121.89771	271.672121
664.637755	1168.16345	271.511799
664.567428	1192.13378	271.447067
666.266775	1229.92094	273.212269
664.583223	1262.81546	271.377525
665.115333	1287.52479	271.855272
664.786153	1333.49343	271.280854
664.845497	1357.33832	271.188527
666.127094	1395.32193	272.25323
665.123994	1428.06431	270.993266
662.188842	1457.19469	267.708507
665.474251	1498.84251	270.817112
665.60308	1522.53356	270.755813
662.185224	1564.44448	266.837499
665.929348	1593.30477	270.500098
664.515455	1622.88076	268.741848
666.324862	1664.16525	270.295986
666.540014	1687.717	270.308329
667.263517	1734.49323	270.634526
666.829949	1758.5201	269.97674
668.059789	1793.27913	270.882935
667.242014	1829.45617	269.760831
667.589672	1852.89656	269.902122
668.022884	1900.19394	269.915813
667.7735	1923.70564	269.448476
670.970881	1954.34215	272.425993
656.684729	10.9216886	257.430923
657.522234	28.554878	258.41254
657.141264	64.3966738	258.360241
657.005115	100.337049	258.543583
656.985337	136.484334	258.836488
656.103392	174.163784	258.329317
656.684094	193.771865	259.04449
656.38247	229.426646	259.081632
656.312855	265.191746	259.309798
656.186238	301.668485	259.488723
655.651158	337.985066	259.330815
663.002585	365.719561	267.133936
655.694299	394.530941	259.843665
655.599855	430.145292	259.997316
655.466103	466.83086	260.153872
655.252546	502.357963	260.304975
662.233869	531.103984	267.710717
655.088057	559.779806	260.608459
654.929766	595.183539	260.587863
654.88918	631.972576	260.79698
654.875359	667.071468	261.089694
661.612565	696.497263	268.166064
654.592561	725.221034	261.256664
654.477606	760.300718	260.995649
654.633261	797.067793	261.250281
654.73995	831.992514	261.425784
654.537064	868.353188	260.904694
654.848209	895.268278	261.711901
654.784209	925.510519	260.833322
655.10948	961.970908	260.903344
655.159047	997.167184	260.878122
654.937522	1033.59458	260.718368
654.94736	1063.96508	261.481622
654.704663	1090.81193	260.796245
654.808515	1127.14511	261.363303
654.64561	1162.08429	261.231052
654.446159	1198.84224	261.027277
654.503935	1233.77474	261.34738
661.509067	1262.64125	268.231927
654.760982	1292.12825	261.20032
654.74147	1327.15357	260.893691
654.76149	1363.96956	260.689002
654.920078	1399.22321	260.747248
662.031831	1428.03112	267.810472
655.069544	1456.91295	260.442295
655.254395	1492.29239	260.26251
655.379575	1529.01918	260.106623
655.473455	1564.50109	259.96736
662.759777	1593.41859	267.234739
655.413141	1621.39307	259.445194
655.938524	1657.45533	259.589453
656.060427	1693.9893	259.410048
656.12109	1729.6257	259.179407
656.421389	1765.36939	259.138944
655.802268	1785.31832	258.391495
656.713354	1822.64128	258.924384
656.724001	1858.86905	258.624108
656.848359	1894.66857	258.431641
657.239486	1930.59468	258.492653
656.326809	1948.59054	257.437665
647.490907	4.23226157	247.849457
647.631101	34.8002247	248.219204
647.773247	60.9810578	248.629148
647.490641	104.365552	248.720412
647.1759	130.337127	248.609839
648.646794	166.131972	250.509372
646.751227	200.244554	248.788741
651.511427	230.497688	254.032602
646.612817	270.057685	249.276788
646.377517	295.699602	249.246062
649.589086	336.554753	252.982431
645.907531	365.660639	249.348424
650.32164	395.268744	254.233438
645.768538	435.642436	249.799446
645.64099	461.029602	249.871972
649.58101	501.913402	254.340435
645.144944	531.051785	249.883933
649.166735	559.813414	254.343862
645.019537	601.146949	250.265136
645.022368	626.325273	250.448327
649.550667	667.144668	255.458161
644.566363	696.423019	250.347975
648.199894	724.079648	254.336895
644.534286	766.589563	250.590632
644.689809	791.618229	250.846061
649.785504	832.22397	256.16955
644.495326	861.789738	250.523497
646.703474	894.544577	252.770792
644.76239	931.967539	250.44224
645.073666	957.070626	250.656504
645.130127	1002.05564	250.627942
644.862367	1027.16329	250.363565
646.787164	1064.58279	252.581764
644.611781	1097.33688	250.445283
649.859856	1126.91527	256.119652
644.679009	1167.51585	250.841963
644.499183	1192.52563	250.613944
648.069228	1235.10907	254.343524
644.456212	1262.70708	250.410513
649.423848	1291.94407	255.540115
644.859965	1332.83417	250.526684
644.846184	1357.95466	250.347384
648.945625	1399.40454	254.400679
644.946491	1428.07679	249.974858
649.373296	1457.14872	254.436394
645.420663	1498.13037	249.964283
645.539267	1523.4463	249.888937
650.06416	1563.94718	254.303648
645.668527	1593.46363	249.441428
649.322228	1622.49938	253.052478
646.127099	1663.45581	249.33752
646.352633	1689.01652	249.361529
651.239191	1728.7091	254.109754
646.488457	1758.87419	248.876601
648.291237	1793.01475	250.501173
646.906572	1828.81242	248.695313
647.210095	1854.69138	248.796216
647.486519	1898.22405	248.699225
647.352417	1924.31232	248.298901
647.033094	1954.97004	247.740106
638.854597	13.4442891	238.926369
644.610296	35.4748811	245.077285
637.884364	62.9101052	238.357571
637.53382	101.566335	238.336609
644.056646	129.4298	245.343895
637.994529	176.989239	239.48495
643.729932	200.661126	245.634816
637.180821	227.552906	239.07813
636.521546	266.297374	238.724725
643.100952	294.533861	245.799005
637.05941	340.821124	239.918707
642.865374	365.839265	246.157116
636.527458	392.190682	239.787952
635.563356	431.097753	239.094148
635.332198	465.912705	239.126113
636.105895	504.975989	240.229983
642.062799	531.005826	246.628454
635.960357	556.818242	240.451941
641.569567	602.398736	246.61274
634.743032	630.765828	239.66391
635.261879	669.413667	240.422812
641.430431	696.160659	247.004328
635.56785	721.327946	240.984419
641.170517	767.536765	246.990812
634.483212	795.579418	240.055262
634.809921	834.069039	240.400067
641.302589	861.308875	247.10067
637.10916	893.68789	242.670308
641.496289	932.671831	246.944791
634.965437	960.311851	240.023409
635.001072	998.83828	240.003105
641.59937	1026.45571	246.882047
637.231835	1065.51092	242.582463
641.417528	1097.82057	247.03076
634.837292	1125.04745	240.341055
634.472383	1163.56908	240.042911
641.135081	1191.58379	247.004399
635.448773	1237.84897	240.996336
641.312561	1262.97038	247.050724
635.09168	1289.71397	240.441355
634.567152	1328.38316	239.709901
641.386307	1356.71243	246.67515
635.730682	1402.35131	240.485879
641.851031	1428.12339	246.698852
635.84277	1454.1471	240.25128
635.0868	1493.23906	239.179116
635.300328	1528.0214	239.138618
636.240186	1566.99285	239.815503
642.609987	1593.28491	246.228501
636.73864	1618.28734	239.921683
642.825752	1664.62539	245.860212
636.214024	1692.81092	238.752453
636.856883	1731.64312	239.092209
643.448723	1758.45522	245.700275
637.628538	1782.10011	239.460677
643.762215	1829.72803	245.400125
637.189226	1857.52738	238.339795
637.53548	1896.2929	238.357202
644.311098	1923.63092	245.133292
638.449943	1945.6282	238.870929
623.724885	8.98743293	223.12484
625.367366	35.8479294	225.113494
624.873689	68.3541679	224.861078
624.841814	95.8550338	225.068841
624.790075	128.881224	225.326133
623.034255	172.892248	223.831969
624.409509	200.897128	225.554531
623.707568	232.489641	225.058107
624.05422	260.275258	225.660421
623.79672	293.846848	225.694866
622.457872	336.938087	224.603206
623.486655	365.931277	225.967133
622.614057	396.521848	225.251706
630.115797	431.595985	233.370987
630.116323	465.483076	233.629665
621.954537	501.05192	225.334297
622.652696	530.953305	226.339515
621.665145	560.438793	225.438786
629.636844	596.358222	234.048439
622.303782	636.948959	226.609379
621.570767	665.198134	225.944552
622.020141	695.969325	226.637884
620.977844	724.24976	225.563912
629.383681	761.144219	234.557734
621.809207	801.282468	226.666889
621.527676	829.35958	226.329209
621.869083	860.997792	226.73696
619.140521	897.792586	223.579464
622.002385	933.150545	226.6451
621.964023	965.590829	226.339956
621.989928	993.558388	226.329379
622.072133	1025.9883	226.605638
619.217197	1061.38082	223.471533
621.940793	1098.12056	226.691751
621.556084	1129.80678	226.296043
621.7823	1157.86469	226.628139
620.883526	1197.98973	225.788178
620.843743	1234.90498	225.536825
621.893664	1263.15581	226.661822
621.407857	1293.96062	225.953924
622.107404	1322.20281	226.613421
621.040908	1362.7802	225.356578
621.412607	1398.72108	225.427675
622.42425	1428.17366	226.373818
621.689301	1458.10815	225.336605
621.4839	1493.64876	224.965324
621.533089	1527.54631	224.77654
622.289596	1562.63452	225.225719
623.203296	1593.19441	225.994895
622.122133	1622.23286	224.577161
622.462807	1658.3884	224.723511
623.716441	1698.86789	225.647616
623.334611	1726.66225	225.011184
624.090361	1758.226	225.569775
622.636436	1786.30079	223.7635
624.45442	1830.25582	225.330128
624.462493	1863.29279	225.028711
624.467334	1890.79509	224.794224
625.021429	1923.27207	225.112833
623.267583	1950.23732	223.005096
610.007995	6.96670517	208.843346
613.171587	28.3460774	212.382118
606.826871	68.7525554	206.122455
612.634534	101.498912	212.441805
612.519753	136.344792	212.63858
610.284869	163.495126	210.447301
604.395533	200.994026	204.740557
606.321503	233.346026	206.967034
611.606566	266.276297	212.761683
611.487449	301.183962	212.936228
607.505468	334.386763	208.954677
603.427416	365.998827	205.055273
606.006446	398.069406	207.913391
610.67295	431.067867	213.084175
610.53896	466.017337	213.209192
605.897992	498.963716	208.493226
602.595028	531.01116	205.362213
605.995086	562.998331	208.986129
609.900477	595.874229	213.386217
609.759954	630.85621	213.436782
604.560537	663.606588	208.057349
602.007266	696.028732	205.630504
607.590272	734.354885	211.33169
609.445556	760.696563	213.624967
609.347563	795.710735	213.568598
609.395702	833.502673	213.55929
601.902259	861.037779	205.796814
608.343941	897.867233	211.961448
602.090308	933.038805	205.873948
609.591766	960.59263	213.50352
609.622518	998.529168	213.498222
602.136895	1026.07536	205.859255
608.423199	1061.31218	211.89406
601.953936	1098.09437	205.790103
609.428782	1125.61231	213.544392
609.323728	1163.42297	213.555164
609.38692	1198.43732	213.631892
607.527309	1224.82023	211.338385
601.888557	1263.09682	205.649208
604.382572	1295.52492	208.037148
609.572015	1328.2736	213.443025
609.697722	1363.25798	213.399731
605.796556	1396.13744	209.008938
602.373517	1428.11325	205.385451
605.612311	1460.16137	208.459286
610.267035	1493.11151	213.211839
610.390938	1528.06432	213.086501
605.727031	1561.07356	207.919827
603.145984	1593.12643	205.070827
607.144572	1624.71944	208.892197
611.165451	1657.94473	212.927674
611.272251	1692.85325	212.74518
605.987108	1725.8045	206.950244
604.072893	1758.13226	204.741688
609.879216	1795.67706	210.364853
612.163972	1822.78373	212.615865
612.260225	1857.62308	212.402088
606.451483	1890.40317	206.080456
612.803253	1930.78405	212.353659
609.539378	1952.10003	208.709514
598.79049	10.2280296	197.306567
593.040454	28.8823092	191.510727
593.144843	61.916462	191.892812
592.872901	102.477743	191.953933
592.491245	135.861606	191.840736
598.029579	173.853673	197.899846
592.107039	193.806003	191.921566
592.384315	226.326775	192.464663
591.98231	267.046971	192.377923
591.676934	300.693168	192.327831
597.322707	337.575392	198.481112
591.229386	358.783429	192.311636
591.716603	390.625409	193.042721
591.141939	431.686955	192.750616
590.966682	465.47898	192.803935
591.285946	506.816732	193.402479
590.410933	538.212813	192.705053
596.486371	560.098997	199.178109
590.421032	596.399132	193.054415
590.426454	630.205516	193.235093
590.697545	670.983797	193.701568
589.907655	703.208933	193.025477
595.976612	723.90723	199.449712
589.949535	761.183012	193.251336
590.177505	794.842264	193.546423
590.375261	835.304409	193.793127
589.797717	868.151443	193.208467
595.830891	887.55957	199.480249
589.901314	926.04862	193.282076
590.324184	959.341194	193.642522
590.341321	999.795916	193.648055
589.927289	1033.06392	193.269751
595.847715	1071.62162	199.422756
589.82376	1090.98203	193.206233
590.355527	1123.83333	193.77276
590.136148	1164.29803	193.544927
589.885398	1197.94721	193.266181
595.843536	1235.25649	199.431232
589.801562	1255.91606	193.052164
590.547823	1288.17383	193.708998
590.266849	1328.91907	193.261857
590.24287	1362.73796	193.083218
590.961831	1404.34661	193.598933
590.213193	1420.91281	192.74355
591.04532	1452.35305	193.409725
590.733978	1493.64051	192.835204
590.891875	1527.4566	192.774856
591.43873	1568.50356	193.04967
590.970916	1600.33125	192.346738
596.98804	1621.60736	198.444865
591.396679	1658.42526	192.352377
591.679558	1692.1038	192.384967
592.059606	1732.79351	192.455345
591.808703	1765.31335	191.94391
597.634189	1785.33875	197.826128
592.177313	1823.25785	191.853342
592.525565	1856.68181	191.934907
592.785737	1897.1968	191.865147
592.709223	1930.24329	191.51409
598.340873	1948.97659	197.18988
585.024975	1.77733413	182.95431
581.861501	35.2364911	179.977282
581.889744	59.5010281	180.216278
581.572746	105.69208	180.270693
581.37855	129.882256	180.265568
584.381811	165.621003	183.682444
581.019792	200.487879	180.466002
581.094084	225.104766	180.753071
580.688698	270.975025	180.687916
580.562979	295.220501	180.742631
584.471964	336.378753	185.143197
580.238502	365.763954	180.932414
584.725242	394.810106	185.849181
579.921186	436.237489	181.114703
579.826549	460.579617	181.184279
584.016929	502.039087	185.861951
579.560878	531.06156	181.352076
583.593576	560.015634	185.787827
579.306211	601.503392	181.500067
579.227841	625.95527	181.557005
583.777987	667.259546	186.552962
579.067258	696.373732	181.685249
581.54677	731.129243	184.505455
578.935534	766.782241	181.783362
578.873312	791.341405	181.806996
583.865104	832.291477	187.13085
578.884845	861.68382	181.875384
581.230362	895.160247	184.449491
578.90008	932.078011	181.908537
578.846356	956.741199	181.896704
578.852734	1002.35201	181.900579
578.909098	1027.01874	181.912861
581.231763	1063.98238	184.437608
578.885384	1097.42161	181.889956
583.855638	1126.84273	187.148826
578.827588	1167.74227	181.828959
578.880852	1192.33473	181.814331
581.427013	1228.00563	184.507437
578.969471	1262.72746	181.728085
583.644578	1291.88683	186.587976
579.085817	1333.11775	181.604615
579.156945	1357.62419	181.5523
583.363024	1399.0456	185.785985
579.386123	1428.04112	181.412087
583.793909	1457.11068	185.891822
579.622573	1498.48967	181.242738
579.708632	1522.90418	181.171267
584.438856	1564.24218	185.847721
580.014534	1593.34459	180.995873
584.186493	1622.76755	185.155901
580.318492	1663.84981	180.800928
580.429984	1688.1817	180.735521
580.815311	1733.90786	180.789742
580.76113	1758.62926	180.523789
584.05204	1793.547	183.675386
581.105224	1829.19227	180.317148
581.275158	1853.47754	180.299495
581.585077	1899.51672	180.243395
581.57528	1923.89122	180.022992
584.803667	1957.70529	183.068241
572.255383	6.90041021	169.892165
571.839968	28.4269031	169.535703
572.188883	65.0616426	170.224474
571.927141	99.7854284	170.233612
571.412171	136.592218	169.982321
571.96129	170.345459	170.952285
578.051631	200.246836	177.393998
571.739258	230.282503	171.113511
571.185922	264.794453	170.780994
570.79099	301.817938	170.641573
571.683979	335.629005	171.939184
577.362716	365.657139	177.952479
571.413734	395.622683	172.052514
570.461809	429.862125	171.238094
570.284077	467.017261	171.299608
571.231485	501.046146	172.605559
576.740404	531.077263	178.426138
571.229339	561.183602	173.004133
569.822945	594.98367	171.59491
569.944143	632.192422	171.924945
570.704853	666.30156	172.961473
576.266152	696.501681	178.780416
571.19637	727.203962	173.905559
575.97384	766.287744	178.717686
569.838846	797.335563	172.464669
570.265489	831.483119	173.041489
576.054263	861.916397	178.96408
571.586836	896.681772	175.046155
576.00251	931.716097	178.946647
569.955822	962.427618	172.889116
569.960808	996.675468	172.905262
576.009816	1027.3642	178.959016
571.575196	1062.45495	175.115423
576.047551	1097.18265	178.983344
570.218452	1127.611	173.070902
569.795527	1161.77892	172.516061
575.927475	1192.80731	178.762953
571.151927	1231.86327	174.022661
576.174533	1262.59314	178.831666
570.600346	1292.79745	173.031638
569.829455	1326.91246	171.99916
569.683013	1364.12035	171.660443
571.123895	1397.88807	173.135398
576.579207	1428.01616	178.49935
571.089469	1458.06422	172.715971
570.112382	1492.08448	171.385197
570.271871	1529.24633	171.316174
571.252765	1563.45158	172.177078
577.157906	1593.437	178.034549
571.532107	1623.55731	172.087676
570.578916	1657.28194	170.727328
570.961734	1694.32094	170.861352
571.532105	1728.7941	171.220453
577.817861	1758.84949	177.476441
571.797438	1789.19113	171.11864
571.17095	1822.50633	170.06205
571.677002	1859.34315	170.30858
571.944339	1894.01625	170.309908
571.581026	1930.67656	169.606676
572.019035	1953.04972	169.998796
565.436812	9.99184267	162.740979
561.736845	34.9684985	159.094576
567.313639	64.51636	165.134684
567.393627	100.214362	165.511173
561.331345	130.028665	159.447366
563.849164	167.239854	162.367042
560.914753	200.343947	159.569672
566.298881	229.152896	165.400665
566.938594	265.313768	166.345174
560.632855	295.282876	160.005816
564.86943	338.960164	164.74347
560.160427	365.691486	160.023575
565.326311	393.61968	165.607488
566.486294	430.388856	167.07152
560.02234	460.492768	160.530989
564.735159	503.704606	165.721636
559.519079	531.014666	160.439286
564.457678	557.88985	165.747222
559.502273	601.576555	160.818908
565.787591	631.422743	167.527987
564.670524	668.475597	166.535013
559.052461	696.31549	160.790045
563.786299	721.950357	165.810192
559.039124	766.890491	161.044842
565.280833	796.259727	167.622094
564.736178	833.256395	167.137122
558.775385	861.581609	161.060632
561.98021	893.715672	164.345529
558.696009	932.17667	161.185422
564.899211	961.006343	167.564071
564.881343	998.10609	167.556566
558.648593	1026.89224	161.206522
561.924472	1065.45659	164.367052
558.697991	1097.52302	161.10212
564.693338	1125.84056	167.174743
565.205219	1162.87197	167.644577
558.946078	1192.19452	161.080807
563.655055	1237.21711	165.806402
558.943756	1262.78078	160.836152
564.555369	1290.6168	166.580201
565.645623	1327.70403	167.567772
559.34954	1357.49453	160.863372
564.251017	1401.28052	165.751245
559.349586	1428.07699	160.496023
564.543266	1455.37848	165.764667
559.827355	1498.62986	160.586029
566.294276	1528.69364	167.142251
565.069257	1565.55124	165.617595
559.944628	1593.39498	160.08411
564.606765	1620.12536	164.760995
560.40018	1663.83783	160.064067
566.707772	1693.75908	166.413992
566.012904	1730.01513	165.415909
560.666153	1758.73554	159.627721
563.50339	1791.90858	162.325629
561.072885	1829.08748	159.503998
567.132646	1858.8478	165.570724
567.012411	1894.6463	165.154509
561.464097	1924.10246	159.145839
565.017009	1949.16509	162.63882
551.160719	8.07242158	147.892937
558.39022	35.5677055	155.605459
551.750046	63.0980567	148.93787
551.4115	101.450543	148.893833
557.868779	129.279295	155.819118
549.619978	163.529144	147.513243
557.574064	200.712839	156.074984
551.098405	227.973596	149.549785
556.876989	272.230629	155.891008
556.990036	294.381571	156.174355
551.132929	339.375563	150.388741
556.805529	365.851109	156.49959
550.526995	392.948315	150.137077
556.214603	437.359718	156.365361
556.176044	459.484941	156.467094
550.201107	503.94228	150.498416
556.129236	530.980161	156.861389
550.085017	558.0407	150.679224
555.678248	602.495491	156.776861
555.48141	624.600796	156.672417
549.423351	668.774648	150.555138
555.60575	696.096722	157.136594
548.226164	726.869262	149.557043
555.317281	767.624977	157.09946
554.962182	789.730927	156.772663
548.813699	833.693024	150.595162
555.230165	861.18213	157.32214
544.721269	893.638252	146.586449
555.027144	932.746253	157.346158
554.503528	954.882377	156.805458
554.460892	1004.19749	156.806198
554.971294	1026.32334	157.374277
547.253031	1061.33721	149.274341
555.129938	1097.92658	157.359036
548.632168	1123.87681	150.616811
554.86379	1169.38343	156.798389
555.218963	1191.46452	157.13325
548.106102	1232.28369	149.587429
555.485568	1263.00354	157.169732
549.260892	1290.30909	150.560073
555.325848	1334.5119	156.697326
555.522675	1356.58473	156.813533
549.897364	1401.09372	150.696589
555.947453	1428.1153	156.901111
549.967291	1455.13147	150.490601
555.961469	1499.63102	156.496981
555.999393	1521.7107	156.402196
550.27728	1566.19424	150.146714
556.575096	1593.23977	156.54107
550.837173	1619.68206	150.364367
556.73448	1664.73675	156.205029
556.616572	1686.82672	155.921088
550.803037	1731.17987	149.547849
557.308912	1758.37144	156.112731
549.229994	1795.63849	147.421373
557.585431	1829.83878	155.846973
551.079294	1857.62046	148.871963
551.421148	1896.06319	148.922456
558.099256	1923.50749	155.635325
550.750055	1951.01892	147.798257
538.027023	10.0674849	134.224732
538.746726	35.9655345	135.211352
538.49173	67.9144916	135.182445
538.388175	96.1971941	135.295919
537.463479	135.851348	134.678169
537.343461	173.801661	134.798892
537.86427	200.96071	135.583145
537.553391	232.005892	135.468147
537.638268	260.5261	135.767996
537.572711	307.94544	136.054499
536.740335	337.643027	135.370033
537.041323	365.949027	135.921217
536.714778	396.001466	135.751688
536.924649	424.904199	136.164115
536.780078	472.380418	136.329675
536.212879	501.574317	135.882737
536.31948	530.929022	136.218221
536.013135	559.892233	136.019724
536.301484	589.337281	136.486368
536.118809	636.748021	136.565595
535.773536	665.589138	136.304355
535.423198	703.405801	136.237318
535.460314	723.66207	136.266755
535.781613	753.826755	136.753086
535.548477	801.032411	136.794018
535.335339	829.69578	136.677239
534.223387	866.74859	135.993409
530.123247	891.234958	131.915693
534.24122	925.964929	136.296573
534.782823	965.19258	137.157802
534.732887	993.938294	137.154465
534.071143	1033.12444	136.402035
534.693862	1071.95521	136.765856
534.174249	1096.49988	136.187967
529.715828	1134.01602	131.363896
535.36238	1158.11448	136.85012
535.615975	1205.29426	136.789536
535.286294	1235.50663	136.283727
535.249835	1255.68481	136.270833
535.595591	1293.55343	136.312757
535.927388	1322.38507	136.570497
536.107048	1369.78444	136.49506
535.782419	1399.26095	135.999029
536.111594	1428.16864	136.233584
535.96974	1457.57681	135.864859
536.532075	1486.74823	136.319089
536.667842	1534.22018	136.155285
536.419002	1563.14368	135.70944
536.78312	1593.14644	135.927729
536.428004	1621.51843	135.323135
537.27481	1651.18017	136.031849
537.3255	1698.60202	135.737674
537.204424	1727.13289	135.404836
537.564706	1758.133	135.577848
536.966994	1785.37453	134.714581
537.138771	1823.22688	134.655657
538.026428	1862.93657	135.238303
538.102235	1891.21918	135.09897
537.828784	1930.40848	134.540375
537.591169	1949.12779	134.096737
526.629388	1.60767544	122.227335
518.708813	35.8953861	114.400669
525.912413	63.5460509	122.076168
525.663271	101.207414	122.115856
518.274148	128.976485	114.667556
524.026694	163.401912	120.77175
517.764832	200.9244	114.682351
524.956497	228.69902	122.324465
524.767646	266.083078	122.425581
517.531748	294.059941	115.105354
524.415576	330.064901	122.408682
516.918175	365.955529	114.970541
524.06982	394.09576	122.528965
523.976177	430.922297	122.731475
523.872317	466.106852	122.854547
527.879366	498.438009	127.113322
516.195943	530.990285	115.258386
527.266726	563.550476	126.828949
516.268028	602.821908	115.731809
523.145585	630.96024	123.041464
522.853834	668.015715	122.845576
515.587329	696.027929	115.567814
524.595888	734.393826	124.811608
515.497723	767.901967	115.93244
522.433696	795.840159	123.247339
521.721548	832.744993	122.742692
513.938977	867.995497	115.342949
520.474945	897.288976	121.62943
514.465365	923.357919	116.388837
521.255575	960.775952	123.610111
521.196499	998.338932	123.658074
514.124901	1026.11793	116.5405
520.41225	1062.70925	121.997033
513.79694	1096.29019	115.602379
520.407065	1129.1058	121.759249
521.508314	1154.56074	122.785044
515.267051	1191.18895	116.020728
524.36339	1224.77311	124.774683
515.401399	1263.06232	115.62812
522.659868	1291.06436	122.860928
522.944744	1328.13309	123.053157
516.0699	1356.27072	115.755921
527.008936	1395.52498	126.772304
515.993128	1428.10001	115.28504
527.688884	1460.65576	127.148988
523.626769	1492.9865	122.848418
523.724757	1528.18558	122.727059
523.803692	1564.9621	122.512031
516.669851	1593.1361	114.983145
524.131226	1629.05122	122.388266
517.269809	1665.01969	115.117067
524.465834	1693.02268	122.402944
524.641675	1730.37797	122.292388
517.47487	1758.16907	114.681023
523.634096	1795.76673	120.666477
517.974556	1830.10518	114.665756
525.318815	1857.89229	122.072736
525.558391	1895.54292	122.026281
518.38329	1923.19963	114.382277
526.275924	1957.44616	122.183426
513.018691	10.1023107	108.299431
506.740678	28.8560191	101.939574
507.214575	62.0983658	102.683024
506.892065	102.276355	102.659182
506.281704	135.892898	102.284566
512.299036	173.623676	108.810064
505.885405	193.80905	102.307866
506.660467	226.599523	103.342243
506.031015	266.829197	102.984303
505.608308	300.781382	102.787123
506.620095	342.378729	104.112401
512.696595	365.915287	110.61297
506.207865	391.004611	104.011963
505.227199	431.482695	103.27155
505.034484	465.623263	103.288657
505.904156	506.354339	104.432123
512.019932	531.015416	110.961183
505.847591	555.281824	104.663625
504.493339	596.232692	103.535796
504.557369	630.40354	103.80176
505.161001	670.52895	104.668916
511.395079	696.129058	111.297256
505.491544	719.389354	105.306001
503.713237	761.081695	103.876254
504.015216	795.108316	104.457114
503.892949	834.523777	104.795692
503.707687	868.109413	105.15424
505.063864	895.359643	106.692844
504.413379	923.311637	106.671521
502.992955	959.826084	105.61122
502.899193	999.289467	105.694102
509.719255	1026.36044	112.303864
505.928041	1065.82632	108.052249
503.669862	1097.73868	105.591829
502.50609	1127.64161	103.926759
505.530873	1160.73071	106.567006
503.453727	1198.00612	104.007021
505.285793	1239.74593	105.401643
511.202813	1262.94925	111.372259
504.939544	1288.60437	104.716603
504.369967	1328.69372	103.865723
504.293772	1362.87004	103.582445
505.638237	1403.8441	104.691493
511.821802	1428.06619	110.99917
505.660312	1452.79308	104.429449
504.823825	1493.4668	103.326327
504.994172	1527.63125	103.291506
505.955531	1568.10783	104.017453
512.459019	1593.17049	110.638833
506.323233	1616.78131	104.080401
505.360642	1658.30554	102.813571
505.751131	1692.29474	102.982725
506.365551	1732.50218	103.331075
505.616962	1765.27609	102.328953
506.967447	1780.57587	103.606076
506.001203	1823.19396	102.300428
506.564845	1856.85729	102.630425
506.884558	1896.99482	102.655742
506.43785	1930.23712	101.943469
512.585268	1949.08342	108.170957
499.233809	8.50994261	94.0371989
495.822099	35.040802	90.6685769
500.925883	64.6647379	96.2171373
495.460356	105.288475	90.8458257
495.396546	130.061665	90.9551959
497.527541	166.756421	93.4970349
495.07239	200.356741	91.1380378
499.779422	229.645939	96.2759547
494.748753	270.597696	91.3234231
494.679305	295.43764	91.4192343
498.20757	337.711154	95.4289476
494.374642	365.690572	91.5809451
498.656935	394.544953	96.2769952
494.096983	435.907404	91.7745892
494.020736	460.822262	91.8574444
497.974806	502.517086	96.2815011
493.733294	531.037704	91.9985853
497.590004	559.276478	96.2544631
493.478124	601.227352	92.2008057
493.391567	626.208335	92.2874103
497.803735	667.357016	97.172687
493.07182	696.389612	92.4480967
496.551779	723.687985	96.350228
492.706723	766.554915	92.7206834
498.389512	796.882447	98.8795052
493.577223	837.383767	94.5775953
493.602539	869.633039	95.1697004
493.387023	889.012499	95.356876
493.682894	922.292369	96.0388193
496.724685	961.868564	99.7117287
496.608737	997.220735	99.7602476
491.010482	1027.14692	93.9233438
493.445464	1071.46692	96.1444373
493.498007	1098.41806	95.5928354
492.612191	1124.1322	94.2839855
493.804759	1158.6114	94.8967766
492.411382	1192.52008	92.8970623
496.281781	1235.41178	96.4515758
492.849982	1262.67277	92.5698438
497.616497	1291.77164	97.2834375
493.200298	1332.82733	92.3794412
493.29033	1357.85735	92.2844199
497.344993	1399.7612	96.2678463
493.549326	1428.02474	92.0715582
497.774665	1456.65088	96.3362187
493.828941	1498.20858	91.9242356
493.901639	1523.19294	91.8390673
498.384621	1564.46427	96.2696913
494.170732	1593.37642	91.6443634
497.953259	1621.50095	95.446944
494.462114	1663.59297	91.4795586
494.524271	1688.52434	91.3792265
499.478041	1729.35327	96.2612981
494.84149	1758.71846	91.1959515
497.221971	1792.44532	93.4859474
495.153537	1828.97208	91.0096281
495.204148	1853.86009	90.8891081
500.601025	1894.33416	96.1966694
495.566004	1924.04582	90.7182
498.855011	1950.89069	93.9638955
489.4122	3.5264811	83.9133181
493.026147	34.7557423	87.7713997
487.308158	65.4236815	82.1005423
486.89387	99.4533862	81.9241322
492.587929	130.399537	88.0485527
489.395519	165.593255	85.1150404
492.350791	200.186225	88.3166837
487.102406	230.629557	83.1334623
486.014629	264.573269	82.2255115
491.858772	295.84993	88.5002727
487.94585	335.595978	84.8014314
491.698801	365.615957	88.807866
487.029005	395.840124	84.23454
485.170371	429.714021	82.4888665
491.18691	461.310602	88.929608
486.994018	500.959673	84.916547
491.075728	531.041349	89.2519039
487.057347	560.985262	85.3898925
490.675126	600.796869	89.3093906
490.548706	626.781299	89.3701854
485.944911	666.17485	84.9829068
490.399597	696.453967	89.7144011
487.013313	725.830189	86.6281628
489.935509	766.257116	89.9042418
483.986948	797.352688	84.268086
487.791013	836.234332	88.8030755
487.075585	869.888224	88.6300843
487.377896	890.723775	89.4388086
486.038073	921.98335	88.5393509
482.763351	962.432194	85.9511778
482.671685	996.618303	86.0495501
488.210649	1027.29258	91.1823275
486.695139	1069.21432	89.5646107
486.539921	1098.48985	88.6708833
487.934112	1124.71369	89.6660227
487.497873	1158.19301	88.5448907
489.634634	1192.78664	90.0933758
486.806553	1233.38852	86.8390296
490.171257	1262.60637	89.8425599
485.705665	1292.85007	85.0839874
490.362891	1332.28761	89.4764912
490.493846	1358.24199	89.4060165
486.910881	1398.18647	85.5187141
490.894254	1428.01282	89.3311698
486.78122	1458.01855	84.9689823
491.00311	1497.7553	89.0064135
484.963123	1529.33905	82.5479026
486.86796	1563.30379	84.3440026
491.503144	1593.43496	88.8804084
487.719362	1623.28254	84.8481304
491.651837	1663.21349	88.5707742
485.785141	1694.47401	82.2774216
486.912459	1728.49513	83.2313445
492.133349	1758.86223	88.3881536
489.218156	1793.37714	85.2302133
492.357447	1828.66108	88.1149072
486.640764	1859.58632	81.9698495
487.088437	1893.68617	82.1845968
492.789281	1924.29067	87.8403161
489.186489	1954.60803	83.993005
480.796892	12.4895177	74.89302
475.734725	35.1821842	69.8217629
481.859235	63.468039	76.3894111
481.860773	101.044636	76.6775466
475.355086	129.680873	70.1417908
480.324075	176.548497	75.6367077
474.931156	200.466931	70.223282
480.980966	227.920062	76.6960055
481.362642	265.951042	77.3688747
481.554423	301.171504	77.8165268
479.950725	340.806506	76.4190326
474.178268	365.729157	70.6141279
480.154887	392.203477	76.9845467
480.850502	430.878557	77.9757685
480.795929	466.052462	78.1547133
479.611596	505.208461	77.1805133
473.456334	530.964623	71.005321
479.389203	556.282679	77.2961896
480.296841	595.839601	78.5284465
480.016897	630.824044	78.4956983
479.187165	669.740102	77.9444578
472.611956	696.153136	71.4686188
478.602648	720.071437	77.7971042
479.467866	760.849687	79.1643146
478.933336	795.40734	79.0498508
478.494924	834.146185	79.2185832
477.528635	868.168965	79.0208205
478.547647	886.537693	80.2667198
475.613043	923.155964	78.1338739
477.137626	959.768057	80.1619846
476.987823	999.317913	80.2297209
477.462702	1033.08774	80.454557
477.205774	1075.40709	79.6675267
476.807536	1098.09492	78.9682844
479.179347	1127.77402	80.6261864
476.475464	1160.4461	77.3804202
479.109461	1198.20295	79.3454982
478.331063	1239.16529	77.9664753
472.299862	1262.92505	71.5896944
478.942342	1289.31612	78.062934
479.777464	1328.29622	78.5765064
480.080171	1363.21891	78.6101391
479.147316	1402.89331	77.3327117
473.231168	1428.09767	71.0663827
479.386252	1453.86844	77.22352
480.574226	1493.04894	78.1989091
480.638548	1528.1796	78.0300746
479.887103	1566.94957	76.9809097
473.949218	1593.32463	70.6580364
479.680941	1618.28505	76.4174074
481.315545	1657.91982	77.8527546
481.123395	1693.10343	77.4084471
480.684747	1731.22211	76.6791381
474.679193	1758.57899	70.2575973
479.992324	1782.5632	75.5876946
475.095458	1829.40275	70.1746415
481.588132	1858.00536	76.6998883
481.54272	1895.66641	76.3686718
475.45816	1923.85481	69.845796
480.399491	1946.64995	74.7908774
469.62885	5.7881309	63.195552
472.01845	35.6354511	65.9465467
471.189837	58.0098107	65.2410789
471.104356	106.989076	65.5247892
471.506401	129.157701	66.1163184
463.701516	163.457273	58.2121101
471.234293	200.751042	66.361247
464.629615	228.523291	59.6877955
470.439196	272.221544	66.0372089
470.633399	294.254281	66.4006538
463.23319	333.739241	58.9564969
470.472036	365.855811	66.7376695
463.963862	393.862935	60.1387945
469.791652	437.415503	66.5132183
469.762495	459.363627	66.6341012
462.030779	498.555559	58.8678263
469.702556	530.946906	67.0831856
461.820528	563.382583	59.1119171
469.087924	602.573681	66.9711816
468.798703	624.498501	66.8376861
462.414649	667.980224	60.6147756
468.747184	696.014167	67.4596119
460.207704	734.389969	58.957351
467.990463	767.698677	67.5299251
467.316897	789.670447	67.1345388
464.903377	832.671882	65.3947003
467.757642	868.179529	69.0384022
460.63739	897.39346	62.2124127
472.017533	923.060152	74.4603361
463.069958	960.809003	66.0814356
462.903648	998.258593	66.1204496
465.56643	1026.18725	68.5998834
459.557324	1062.48946	62.0029757
473.074916	1096.36158	75.191541
465.321702	1129.14875	66.5835475
467.103443	1160.52641	67.7644994
467.531092	1191.35652	67.6853767
459.809772	1224.76992	59.0959106
468.400244	1263.05936	67.558383
462.060474	1291.08319	60.6746512
468.504893	1334.57478	66.8891672
468.823037	1356.47598	67.0344464
461.565277	1395.67576	59.1636807
469.458042	1428.11806	67.1282698
461.738026	1460.51882	58.8589554
469.511924	1499.7118	66.6566714
469.553525	1521.62481	66.5477035
463.704194	1565.19557	60.1489939
470.228341	1593.20363	66.7663747
462.912581	1625.29981	58.9069988
470.370724	1664.82339	66.4133759
470.181946	1686.80648	66.0576899
464.343584	1730.56161	59.680798
470.969217	1758.3026	66.3806624
463.301203	1795.7065	58.0912174
471.222764	1829.92057	66.1227696
470.820574	1852.02102	65.5331852
465.004243	1895.69012	59.1771233
471.729733	1923.41068	65.9563796
465.023449	1952.83537	58.7428154
453.1222	14.2326975	46.1540267
451.972783	26.1933362	45.0662949
446.816252	71.943993	40.0837206
451.955009	96.3580751	45.5692167
451.749399	143.343632	45.7116801
451.568267	174.144061	45.7322179
450.935385	193.503008	45.2412377
451.369507	231.80309	45.9514642
451.149681	260.627782	45.9303868
450.926639	307.857263	46.0447133
450.886859	337.879361	46.196318
458.593183	358.317822	54.3513831
450.661065	395.820894	46.3790272
450.333348	424.964682	46.2522926
450.131872	472.30341	46.3946759
450.161005	501.724315	46.6211171
449.659698	530.943734	46.3680406
449.967557	559.741882	46.8724277
449.423814	589.365864	46.5747984
449.251107	636.680549	46.8267806
449.224209	665.674765	47.0748887
456.660357	703.697677	55.1572309
449.080153	723.569102	47.5855262
448.06553	753.822352	47.0164559
447.877765	801.001796	47.5633004
447.569872	829.699583	47.7872862
455.368407	874.693668	56.6306932
452.101541	891.2807	53.6815935
446.506937	925.747285	48.6867604
445.826534	965.355692	48.6864355
445.685874	993.756986	48.7016871
446.098408	1033.35101	48.8551933
450.804988	1070.23394	53.1829497
454.654167	1088.67987	56.689472
452.528352	1133.87377	53.5695841
447.331963	1158.09934	47.7915021
447.552195	1205.28071	47.152283
448.702896	1235.5714	47.7728761
456.267979	1255.34221	55.267281
448.856723	1293.45693	47.1613245
448.916735	1322.43047	46.9015214
449.103735	1369.7371	46.615323
449.674014	1399.40476	46.910987
449.39313	1428.12205	46.4231312
449.858529	1457.4113	46.6217532
449.846024	1486.80299	46.4037912
450.042305	1534.14091	46.246405
450.356747	1563.31791	46.3545006
450.191876	1593.07825	46.0008474
450.56086	1621.26466	46.1467253
450.62715	1651.2442	46.0241856
450.831844	1698.48205	45.8918002
451.029978	1727.32752	45.8913984
450.651753	1765.60146	45.2414061
451.194953	1785.01073	45.6402516
451.423166	1815.75318	45.6721989
451.595867	1862.75728	45.4983789
451.768338	1891.42485	45.4682673
451.712361	1937.07423	45.0719673
451.883716	1947.71157	45.1592158
441.06116	5.18051114	33.4968423
431.612362	42.0163609	24.0811742
437.439908	66.3998309	30.2970722
438.26757	92.4293101	31.3455467
431.602243	129.025022	24.711128
439.694624	163.439153	33.2683373
431.125665	200.866276	24.7451374
443.285605	233.601924	37.5641437
437.907913	266.10933	32.2443418
430.869689	294.110584	25.1496975
440.826671	334.04512	35.6896019
430.278227	365.919862	25.0660839
441.82135	398.136888	37.2133423
430.351901	437.639008	25.6652292
430.151185	459.210236	25.6227608
440.8406	499.046682	36.9304971
429.405465	530.979444	25.446994
440.236435	562.629594	36.8224225
429.259248	602.752488	25.9484004
429.293266	624.320065	26.1914265
440.472829	663.812606	38.057069
428.254216	696.051278	26.0022377
438.436516	726.720247	36.7319997
427.677234	767.844984	26.5127999
434.356425	795.46349	33.7815611
433.598523	834.075093	33.7590928
426.273101	861.150553	26.9568962
437.997053	892.777738	39.4910754
425.350032	932.915042	27.4304983
432.055522	960.050341	34.6839182
431.899582	999.056557	34.734265
425.009788	1026.16695	27.5714906
434.23576	1061.36806	36.5858304
425.672827	1097.89269	27.2157631
432.999184	1123.2788	34.0608212
433.776557	1163.65309	34.0058082
427.129862	1191.20781	26.7199108
437.981283	1232.53761	36.8955937
427.831414	1262.99581	26.1652522
440.116964	1295.25712	38.1830335
428.953419	1334.72296	26.3040245
428.92144	1356.30686	26.0351179
439.863173	1396.47131	36.8010114
429.121607	1428.0735	25.5187164
440.584579	1460.03879	36.9915381
429.889072	1499.82842	25.6762365
430.070172	1521.42427	25.6918062
441.466145	1560.9314	37.1422754
430.015448	1593.13685	25.0972083
440.572209	1625.05608	35.718328
430.607599	1664.92882	25.1750998
437.622764	1692.96176	32.2439905
437.555075	1730.5048	31.8806771
430.845835	1758.1941	24.7526767
439.388899	1795.73049	33.2461671
431.319116	1830.0167	24.7178466
438.355683	1857.90775	31.803071
438.220489	1895.17323	31.3839173
431.40034	1922.32231	24.1268558
440.152429	1955.35224	32.8487805
431.736767	20.4586155	24.0559193
427.06264	43.4764096	19.4010782
425.856212	60.3455638	18.2767935
422.927205	98.3321229	15.532924
427.398782	129.366799	20.381741
426.046931	173.026695	19.2787329
427.117378	200.688552	20.6143401
426.907077	222.229465	20.5418416
426.598173	272.26524	20.5935516
426.589698	294.542196	20.7507487
425.205932	336.912081	19.6063574
426.365657	365.83777	21.0444218
426.273734	387.195234	21.0889425
425.855067	437.197128	21.051045
425.774551	459.730831	21.1453172
424.245237	500.981093	19.8856595
425.550661	531.02184	21.5080278
424.047858	560.782351	20.1858752
424.995804	602.205866	21.602644
424.821461	624.966018	21.6612997
424.637004	674.136955	22.0300309
424.434632	696.255206	22.1454922
423.240228	725.39237	21.2951526
423.644324	767.268929	22.4489954
423.327152	790.387416	22.5502219
422.792861	838.524646	22.9651638
422.524879	861.58698	23.2194175
422.117413	897.724811	23.5671714
421.5955	932.336791	23.6623312
421.292446	956.048665	23.7525413
421.130466	1003.00828	23.8304016
421.290394	1026.76892	23.8373617
421.737452	1061.4254	23.9593347
421.965286	1097.42151	23.5159263
422.215907	1120.7088	23.261125
422.788175	1168.52916	22.8384377
423.141012	1191.80172	22.7109284
422.836349	1233.59083	21.5659008
424.030823	1262.76383	22.3420419
424.23807	1285.03194	22.1812625
424.488142	1334.02476	21.7966033
424.68397	1356.86677	21.7268819
423.759537	1398.28075	20.2881429
425.279271	1428.01414	21.6013549
423.930966	1458.14781	19.9176638
425.509681	1499.28377	21.2041728
425.593806	1521.88294	21.1047477
425.992222	1571.84133	21.1080026
426.117375	1593.20713	21.0946848
424.882122	1622.21327	19.5760072
426.325668	1664.47835	20.7779112
426.322035	1686.82437	20.6069513
426.604653	1736.80667	20.5276566
426.854898	1758.36455	20.6417181
425.686616	1786.10105	19.2059081
427.116935	1829.65687	20.3915014
427.033522	1851.66418	20.1387542
427.046975	1901.53717	19.7842522
426.983773	1922.71167	19.5709785
429.424315	1942.89834	21.9477468
421.930752	18.7416531	13.94737
422.490499	45.006038	14.7037748
416.392795	68.6249496	8.59372738
417.805369	96.6883283	10.2548233
419.405131	127.583157	12.1282926
413.825575	163.700154	6.66457086
423.544079	200.305643	16.9355565
416.868502	233.196789	10.304259
421.3594	270.34163	15.1991963
422.473425	295.582273	16.5322728
414.844245	334.598215	8.98003307
422.917278	365.670444	17.5051716
415.650469	398.038472	10.2950976
421.189874	435.700054	16.2649989
421.375625	461.00191	16.6611211
414.815905	499.010579	10.265473
422.165935	531.050318	18.0560331
414.369732	562.823555	10.4075851
420.798179	601.073301	17.3267341
420.078928	626.438373	16.8785356
414.656726	663.656472	11.8296067
421.070181	696.45277	18.7550638
412.842288	727.739977	10.9486966
419.847708	766.467375	18.6249724
418.281343	791.908273	17.5399813
413.959754	828.456624	13.9527813
419.204035	861.889323	19.9067403
410.697512	893.537178	12.1997346
418.192195	931.849901	20.2464931
416.117932	957.406304	18.5849035
415.926519	1001.62729	18.6183058
417.936867	1027.20669	20.4687384
409.493256	1061.3475	11.8589472
418.684459	1097.12218	20.2377465
413.610828	1130.62693	14.4778555
417.801157	1167.08184	17.8960488
419.407317	1192.5527	18.9594331
412.43421	1231.12463	11.2601791
420.688875	1262.55719	18.9859599
414.406721	1295.45705	12.147446
419.748831	1332.55347	17.0345311
420.542621	1357.96015	17.5185934
414.059854	1396.15159	10.5193175
421.915986	1427.96753	18.1790597
414.614432	1460.1513	10.4293822
421.110481	1497.99068	16.7284813
420.993792	1523.35068	16.3917967
415.359225	1560.94914	10.3222724
422.698938	1593.35352	17.5900671
414.603949	1624.62901	9.04480101
422.217665	1663.41174	16.571816
421.161264	1688.73346	15.2963087
416.571268	1725.78788	10.3026678
423.322132	1758.72563	17.006588
414.701057	1788.79932	7.91279191
423.228888	1828.82107	16.3982537
418.057347	1862.62811	10.8155161
417.625327	1890.71687	10.1648964
422.773667	1923.96626	15.2265666
418.966914	1945.0432	11.1656371
417.392307	19.9021353	9.26134556
420.486408	45.9505563	12.6477554
414.455061	68.5687722	6.59971719
415.863727	96.4450047	8.25678296
417.694269	126.836968	10.3643772
411.379742	163.631209	4.14893994
421.629513	200.364272	14.9676398
414.573514	233.675982	7.94784622
416.146012	261.380993	9.76725582
420.477924	295.460558	14.4831496
410.065868	330.378245	4.03272174
421.03	365.699005	15.5703355
413.116407	398.668469	7.69699644
415.853874	426.561304	10.7202523
415.837231	470.228482	11.0585301
409.780278	494.833063	5.0668579
420.286109	531.026913	16.139444
409.131505	566.896954	5.09362471
418.763157	601.242569	15.2607808
414.516929	635.384319	11.328589
411.893737	663.271099	9.0074179
419.167694	696.353323	16.8344163
407.643541	734.091948	5.75585366
417.825529	766.703786	16.5975488
412.50673	800.456527	11.893603
410.923613	828.430005	10.8779905
417.229127	861.666188	17.9223959
401.763844	897.855613	3.12581436
416.156215	932.13171	18.2039128
410.128336	965.419194	12.5642859
410.002775	993.629816	12.5807841
415.896117	1026.89672	18.4132986
400.510207	1061.29562	2.60064474
416.698267	1097.36416	18.2374772
410.43962	1130.56218	11.2649336
411.953726	1158.61536	12.1846212
417.382952	1192.28136	16.9351891
406.88134	1225.0409	5.71657899
418.787577	1262.66762	17.0717192
411.606361	1295.73059	9.29266375
414.168974	1323.67074	11.4962008
418.530157	1357.73927	15.4815876
408.804806	1392.21068	5.20006738
420.053378	1427.99247	16.2840334
409.612427	1464.20873	5.27038343
415.597525	1488.82053	11.1650818
415.686757	1532.44561	10.8819604
412.888394	1560.45068	7.78894114
420.841466	1593.31599	15.6878864
409.953605	1628.66076	4.23154264
420.264307	1663.58446	14.5671375
416.007449	1697.61526	9.92902742
414.372537	1725.4431	8.04449671
421.450405	1758.64279	15.0838671
411.332908	1795.50621	4.40468285
421.309382	1828.96885	14.4235676
416.145143	1862.72442	8.8494937
415.609292	1890.5094	8.09236087
420.875658	1923.96037	13.2732369
415.419828	1943.64471	7.50678509
